id,group_id,language,condition,label,score,pred,parent_id,method,technique,perturbation_rate
D1_00003,G_00002,en,E1_clean,0,0.19516950845718384,0,,,,
D1_00007,G_00006,en,E1_clean,0,0.1519850343465805,0,,,,
D1_00011,G_00010,en,E1_clean,1,0.9734256267547607,1,,,,
D1_00031,G_00030,en,E1_clean,0,0.05876903608441353,0,,,,
D1_00032,G_00031,en,E1_clean,0,0.21102909743785858,0,,,,
D1_00040,G_00039,en,E1_clean,0,0.2236081063747406,1,,,,
D1_00042,G_00041,en,E1_clean,0,0.058417610824108124,0,,,,
D1_00045,G_00044,en,E1_clean,0,0.0457579679787159,0,,,,
D1_00050,G_00049,en,E1_clean,0,0.05142883211374283,0,,,,
D1_00055,G_00054,en,E1_clean,0,0.04178893566131592,0,,,,
D1_00056,G_00055,en,E1_clean,0,0.05997429043054581,0,,,,
D1_00057,G_00056,en,E1_clean,1,0.9791877865791321,1,,,,
D1_00064,G_00063,en,E1_clean,0,0.05072949454188347,0,,,,
D1_00066,G_00065,en,E1_clean,0,0.0630001574754715,0,,,,
D1_00070,G_00069,en,E1_clean,1,0.974809467792511,1,,,,
D1_00073,G_00072,en,E1_clean,0,0.05151158571243286,0,,,,
D1_00077,G_00076,en,E1_clean,0,0.049770697951316833,0,,,,
D1_00079,G_00078,en,E1_clean,1,0.9789095520973206,1,,,,
D1_00082,G_00081,en,E1_clean,0,0.05585799738764763,0,,,,
D1_00087,G_00086,en,E1_clean,1,0.978039562702179,1,,,,
D1_00091,G_00090,en,E1_clean,0,0.061815567314624786,0,,,,
D1_00102,G_00101,en,E1_clean,0,0.1197907030582428,0,,,,
D1_00105,G_00055,en,E1_clean,0,0.052136506885290146,0,,,,
D1_00111,G_00110,en,E1_clean,0,0.05197491869330406,0,,,,
D1_00112,G_00111,en,E1_clean,0,0.1384941190481186,0,,,,
D1_00133,G_00132,en,E1_clean,0,0.05667651444673538,0,,,,
D1_00150,G_00149,en,E1_clean,0,0.06004738435149193,0,,,,
D1_00160,G_00159,en,E1_clean,0,0.051890864968299866,0,,,,
D1_00165,G_00164,en,E1_clean,0,0.10300104320049286,0,,,,
D1_00167,G_00166,en,E1_clean,0,0.12044144421815872,0,,,,
D1_00176,G_00175,en,E1_clean,0,0.10948739945888519,0,,,,
D1_00178,G_00177,en,E1_clean,0,0.19709113240242004,0,,,,
D1_00179,G_00178,en,E1_clean,1,0.9731559157371521,1,,,,
D1_00183,G_00182,other,E1_clean,0,0.16084520518779755,0,,,,
D1_00206,G_00205,en,E1_clean,0,0.08835448324680328,0,,,,
D1_00211,G_00210,other,E1_clean,0,0.06073553115129471,0,,,,
D1_00212,G_00211,other,E1_clean,0,0.20493462681770325,0,,,,
D1_00220,G_00219,other,E1_clean,0,0.2307167947292328,1,,,,
D1_00222,G_00221,other,E1_clean,0,0.058071501553058624,0,,,,
D1_00233,G_00232,other,E1_clean,0,0.08916259557008743,0,,,,
D1_00249,G_00248,other,E1_clean,0,0.05719996988773346,0,,,,
D1_00251,G_00250,other,E1_clean,1,0.364320307970047,1,,,,
D1_00259,G_00258,other,E1_clean,1,0.9788782596588135,1,,,,
D1_00266,G_00265,other,E1_clean,0,0.07528770714998245,0,,,,
D1_00267,G_00266,other,E1_clean,1,0.8091531991958618,1,,,,
D1_00273,G_00272,other,E1_clean,0,0.06720703095197678,0,,,,
D1_00279,G_00278,other,E1_clean,0,0.0720241367816925,0,,,,
D1_00283,G_00282,other,E1_clean,0,0.06177039444446564,0,,,,
D1_00294,G_00293,other,E1_clean,0,0.06097159534692764,0,,,,
D1_00300,G_00299,other,E1_clean,0,0.06967169046401978,0,,,,
D1_00302,G_00301,other,E1_clean,0,0.20815704762935638,0,,,,
D1_00313,G_00312,en,E1_clean,0,0.06708341836929321,0,,,,
D1_00323,G_00322,other,E1_clean,0,0.05211840197443962,0,,,,
D1_00329,G_00328,other,E1_clean,0,0.11242727190256119,0,,,,
D1_00343,G_00342,other,E1_clean,0,0.06788846105337143,0,,,,
D1_00344,G_00343,other,E1_clean,0,0.06667468696832657,0,,,,
D1_00347,G_00346,other,E1_clean,0,0.14140315353870392,0,,,,
D1_00349,G_00348,other,E1_clean,1,0.14880850911140442,0,,,,
D1_00352,G_00351,other,E1_clean,1,0.32131776213645935,1,,,,
D1_00353,G_00352,other,E1_clean,0,0.08744249492883682,0,,,,
D1_00364,G_00363,en,E1_clean,1,0.9223270416259766,1,,,,
D1_00365,G_00364,other,E1_clean,0,0.05985591560602188,0,,,,
D1_00367,G_00366,en,E1_clean,1,0.9692444205284119,1,,,,
D1_00370,G_00369,other,E1_clean,1,0.07946744561195374,0,,,,
D1_00378,G_00377,en,E1_clean,1,0.971724808216095,1,,,,
D1_00406,G_00405,en,E1_clean,1,0.9796320796012878,1,,,,
D1_00408,G_00407,en,E1_clean,0,0.05439556762576103,0,,,,
D1_00423,G_00422,en,E1_clean,1,0.23451738059520721,1,,,,
D1_00432,G_00431,other,E1_clean,0,0.07466235011816025,0,,,,
D1_00433,G_00432,other,E1_clean,0,0.08064582198858261,0,,,,
D1_00440,G_00439,en,E1_clean,0,0.058973025530576706,0,,,,
D1_00449,G_00448,en,E1_clean,1,0.977581262588501,1,,,,
D1_00450,G_00449,en,E1_clean,0,0.1343933492898941,0,,,,
D1_00451,G_00450,en,E1_clean,1,0.9767539501190186,1,,,,
D1_00466,G_00465,en,E1_clean,1,0.9597764015197754,1,,,,
D1_00481,G_00480,en,E1_clean,0,0.08877504616975784,0,,,,
D1_00484,G_00483,en,E1_clean,1,0.9789556264877319,1,,,,
D1_00498,G_00497,other,E1_clean,1,0.3564622402191162,1,,,,
D1_00502,G_00501,other,E1_clean,1,0.97747802734375,1,,,,
D1_00505,G_00504,en,E1_clean,1,0.9680574536323547,1,,,,
D1_00512,G_00258,other,E1_clean,1,0.9784318804740906,1,,,,
D1_00514,G_00513,en,E1_clean,1,0.9795787334442139,1,,,,
D1_00530,G_00529,en,E1_clean,1,0.9724345207214355,1,,,,
D1_00544,G_00543,other,E1_clean,1,0.9758359789848328,1,,,,
D1_00560,G_00559,en,E1_clean,0,0.06082114204764366,0,,,,
D1_00569,G_00568,en,E1_clean,0,0.0451100654900074,0,,,,
D1_00582,G_00581,en,E1_clean,0,0.04489535838365555,0,,,,
D1_00605,G_00604,other,E1_clean,0,0.05956543982028961,0,,,,
D1_00606,G_00605,other,E1_clean,0,0.07400299608707428,0,,,,
D1_00611,G_00610,other,E1_clean,0,0.06979348510503769,0,,,,
D1_00615,G_00614,other,E1_clean,0,0.05827398598194122,0,,,,
D1_00619,G_00618,other,E1_clean,0,0.07054562121629715,0,,,,
D1_00620,G_00619,other,E1_clean,0,0.07905666530132294,0,,,,
D1_00629,G_00628,en,E1_clean,0,0.0628826916217804,0,,,,
D1_00630,G_00629,other,E1_clean,1,0.05788501724600792,0,,,,
D1_00633,G_00632,en,E1_clean,1,0.9594064950942993,1,,,,
D1_00636,G_00635,en,E1_clean,1,0.9428015351295471,1,,,,
D1_00649,G_00648,en,E1_clean,1,0.9724587202072144,1,,,,
D1_00658,G_00657,en,E1_clean,1,0.9744296073913574,1,,,,
D1_00659,G_00658,en,E1_clean,1,0.9792932271957397,1,,,,
D1_00011__P1_back_translation,G_00010,en,E2_paraphrase,1,0.9730656147003174,1,D1_00011,P1_back_translation,,
D1_00031__P1_back_translation,G_00030,en,E2_paraphrase,0,0.04879393056035042,0,D1_00031,P1_back_translation,,
D1_00040__P1_back_translation,G_00039,en,E2_paraphrase,0,0.2326376736164093,1,D1_00040,P1_back_translation,,
D1_00042__P1_back_translation,G_00041,en,E2_paraphrase,0,0.06466398388147354,0,D1_00042,P1_back_translation,,
D1_00070__P1_back_translation,G_00069,en,E2_paraphrase,1,0.9745439291000366,1,D1_00070,P1_back_translation,,
D1_00079__P1_back_translation,G_00078,en,E2_paraphrase,1,0.9794196486473083,1,D1_00079,P1_back_translation,,
D1_00091__P1_back_translation,G_00090,en,E2_paraphrase,0,0.06313659995794296,0,D1_00091,P1_back_translation,,
D1_00150__P1_back_translation,G_00149,en,E2_paraphrase,0,0.06563146412372589,0,D1_00150,P1_back_translation,,
D1_00206__P1_back_translation,G_00205,en,E2_paraphrase,0,0.10430822521448135,0,D1_00206,P1_back_translation,,
D1_00251__P1_back_translation,G_00250,other,E2_paraphrase,1,0.29828038811683655,1,D1_00251,P1_back_translation,,
D1_00267__P1_back_translation,G_00266,other,E2_paraphrase,1,0.6069564819335938,1,D1_00267,P1_back_translation,,
D1_00313__P1_back_translation,G_00312,en,E2_paraphrase,0,0.05462585762143135,0,D1_00313,P1_back_translation,,
D1_00344__P1_back_translation,G_00343,other,E2_paraphrase,0,0.0636947751045227,0,D1_00344,P1_back_translation,,
D1_00349__P1_back_translation,G_00348,other,E2_paraphrase,1,0.16262222826480865,0,D1_00349,P1_back_translation,,
D1_00352__P1_back_translation,G_00351,other,E2_paraphrase,1,0.34024515748023987,1,D1_00352,P1_back_translation,,
D1_00364__P1_back_translation,G_00363,en,E2_paraphrase,1,0.5236446261405945,1,D1_00364,P1_back_translation,,
D1_00370__P1_back_translation,G_00369,other,E2_paraphrase,1,0.07668596506118774,0,D1_00370,P1_back_translation,,
D1_00378__P1_back_translation,G_00377,en,E2_paraphrase,1,0.9728274941444397,1,D1_00378,P1_back_translation,,
D1_00406__P1_back_translation,G_00405,en,E2_paraphrase,1,0.9801895022392273,1,D1_00406,P1_back_translation,,
D1_00432__P1_back_translation,G_00431,other,E2_paraphrase,0,0.07031744718551636,0,D1_00432,P1_back_translation,,
D1_00440__P1_back_translation,G_00439,en,E2_paraphrase,0,0.0686265304684639,0,D1_00440,P1_back_translation,,
D1_00451__P1_back_translation,G_00450,en,E2_paraphrase,1,0.9705244898796082,1,D1_00451,P1_back_translation,,
D1_00466__P1_back_translation,G_00465,en,E2_paraphrase,1,0.793800950050354,1,D1_00466,P1_back_translation,,
D1_00498__P1_back_translation,G_00497,other,E2_paraphrase,1,0.17193754017353058,0,D1_00498,P1_back_translation,,
D1_00502__P1_back_translation,G_00501,other,E2_paraphrase,1,0.9561781287193298,1,D1_00502,P1_back_translation,,
D1_00505__P1_back_translation,G_00504,en,E2_paraphrase,1,0.9720369577407837,1,D1_00505,P1_back_translation,,
D1_00530__P1_back_translation,G_00529,en,E2_paraphrase,1,0.2672249674797058,1,D1_00530,P1_back_translation,,
D1_00544__P1_back_translation,G_00543,other,E2_paraphrase,1,0.504188597202301,1,D1_00544,P1_back_translation,,
D1_00615__P1_back_translation,G_00614,other,E2_paraphrase,0,0.05834704637527466,0,D1_00615,P1_back_translation,,
D1_00629__P1_back_translation,G_00628,en,E2_paraphrase,0,0.0718521699309349,0,D1_00629,P1_back_translation,,
D1_00630__P1_back_translation,G_00629,other,E2_paraphrase,1,0.05710286647081375,0,D1_00630,P1_back_translation,,
D1_00633__P1_back_translation,G_00632,en,E2_paraphrase,1,0.9542121887207031,1,D1_00633,P1_back_translation,,
D1_00636__P1_back_translation,G_00635,en,E2_paraphrase,1,0.9419386386871338,1,D1_00636,P1_back_translation,,
D1_00659__P1_back_translation,G_00658,en,E2_paraphrase,1,0.9717481136322021,1,D1_00659,P1_back_translation,,
D1_00003__P3_wordnet,G_00002,en,E2_paraphrase,0,0.22320640087127686,1,D1_00003,P3_wordnet,,
D1_00007__P3_wordnet,G_00006,en,E2_paraphrase,0,0.15751703083515167,0,D1_00007,P3_wordnet,,
D1_00011__P3_wordnet,G_00010,en,E2_paraphrase,1,0.973788321018219,1,D1_00011,P3_wordnet,,
D1_00031__P3_wordnet,G_00030,en,E2_paraphrase,0,0.0592644065618515,0,D1_00031,P3_wordnet,,
D1_00032__P3_wordnet,G_00031,en,E2_paraphrase,0,0.20833083987236023,0,D1_00032,P3_wordnet,,
D1_00040__P3_wordnet,G_00039,en,E2_paraphrase,0,0.21590885519981384,1,D1_00040,P3_wordnet,,
D1_00045__P3_wordnet,G_00044,en,E2_paraphrase,0,0.04599503055214882,0,D1_00045,P3_wordnet,,
D1_00050__P3_wordnet,G_00049,en,E2_paraphrase,0,0.05981887876987457,0,D1_00050,P3_wordnet,,
D1_00056__P3_wordnet,G_00055,en,E2_paraphrase,0,0.059532418847084045,0,D1_00056,P3_wordnet,,
D1_00057__P3_wordnet,G_00056,en,E2_paraphrase,1,0.9807389974594116,1,D1_00057,P3_wordnet,,
D1_00064__P3_wordnet,G_00063,en,E2_paraphrase,0,0.0526648610830307,0,D1_00064,P3_wordnet,,
D1_00066__P3_wordnet,G_00065,en,E2_paraphrase,0,0.0907665565609932,0,D1_00066,P3_wordnet,,
D1_00070__P3_wordnet,G_00069,en,E2_paraphrase,1,0.97642982006073,1,D1_00070,P3_wordnet,,
D1_00077__P3_wordnet,G_00076,en,E2_paraphrase,0,0.05400073900818825,0,D1_00077,P3_wordnet,,
D1_00079__P3_wordnet,G_00078,en,E2_paraphrase,1,0.9799026846885681,1,D1_00079,P3_wordnet,,
D1_00082__P3_wordnet,G_00081,en,E2_paraphrase,0,0.06368396431207657,0,D1_00082,P3_wordnet,,
D1_00087__P3_wordnet,G_00086,en,E2_paraphrase,1,0.9783400893211365,1,D1_00087,P3_wordnet,,
D1_00102__P3_wordnet,G_00101,en,E2_paraphrase,0,0.12422284483909607,0,D1_00102,P3_wordnet,,
D1_00105__P3_wordnet,G_00055,en,E2_paraphrase,0,0.05283542349934578,0,D1_00105,P3_wordnet,,
D1_00112__P3_wordnet,G_00111,en,E2_paraphrase,0,0.15230317413806915,0,D1_00112,P3_wordnet,,
D1_00150__P3_wordnet,G_00149,en,E2_paraphrase,0,0.06886075437068939,0,D1_00150,P3_wordnet,,
D1_00160__P3_wordnet,G_00159,en,E2_paraphrase,0,0.052260927855968475,0,D1_00160,P3_wordnet,,
D1_00165__P3_wordnet,G_00164,en,E2_paraphrase,0,0.1004733219742775,0,D1_00165,P3_wordnet,,
D1_00167__P3_wordnet,G_00166,en,E2_paraphrase,0,0.15578874945640564,0,D1_00167,P3_wordnet,,
D1_00176__P3_wordnet,G_00175,en,E2_paraphrase,0,0.11296002566814423,0,D1_00176,P3_wordnet,,
D1_00179__P3_wordnet,G_00178,en,E2_paraphrase,1,0.9769167304039001,1,D1_00179,P3_wordnet,,
D1_00313__P3_wordnet,G_00312,en,E2_paraphrase,0,0.07760434597730637,0,D1_00313,P3_wordnet,,
D1_00364__P3_wordnet,G_00363,en,E2_paraphrase,1,0.9519747495651245,1,D1_00364,P3_wordnet,,
D1_00367__P3_wordnet,G_00366,en,E2_paraphrase,1,0.9673978686332703,1,D1_00367,P3_wordnet,,
D1_00406__P3_wordnet,G_00405,en,E2_paraphrase,1,0.9799420833587646,1,D1_00406,P3_wordnet,,
D1_00408__P3_wordnet,G_00407,en,E2_paraphrase,0,0.058819547295570374,0,D1_00408,P3_wordnet,,
D1_00440__P3_wordnet,G_00439,en,E2_paraphrase,0,0.060403626412153244,0,D1_00440,P3_wordnet,,
D1_00449__P3_wordnet,G_00448,en,E2_paraphrase,1,0.9770728349685669,1,D1_00449,P3_wordnet,,
D1_00451__P3_wordnet,G_00450,en,E2_paraphrase,1,0.9773218035697937,1,D1_00451,P3_wordnet,,
D1_00466__P3_wordnet,G_00465,en,E2_paraphrase,1,0.9464002847671509,1,D1_00466,P3_wordnet,,
D1_00481__P3_wordnet,G_00480,en,E2_paraphrase,0,0.10970797389745712,0,D1_00481,P3_wordnet,,
D1_00484__P3_wordnet,G_00483,en,E2_paraphrase,1,0.9794889688491821,1,D1_00484,P3_wordnet,,
D1_00514__P3_wordnet,G_00513,en,E2_paraphrase,1,0.9801933169364929,1,D1_00514,P3_wordnet,,
D1_00530__P3_wordnet,G_00529,en,E2_paraphrase,1,0.975203275680542,1,D1_00530,P3_wordnet,,
D1_00560__P3_wordnet,G_00559,en,E2_paraphrase,0,0.0646582767367363,0,D1_00560,P3_wordnet,,
D1_00569__P3_wordnet,G_00568,en,E2_paraphrase,0,0.044569142162799835,0,D1_00569,P3_wordnet,,
D1_00582__P3_wordnet,G_00581,en,E2_paraphrase,0,0.04302709177136421,0,D1_00582,P3_wordnet,,
D1_00633__P3_wordnet,G_00632,en,E2_paraphrase,1,0.9575182795524597,1,D1_00633,P3_wordnet,,
D1_00649__P3_wordnet,G_00648,en,E2_paraphrase,1,0.9740127921104431,1,D1_00649,P3_wordnet,,
D1_00658__P3_wordnet,G_00657,en,E2_paraphrase,1,0.9737032055854797,1,D1_00658,P3_wordnet,,
D1_00659__P3_wordnet,G_00658,en,E2_paraphrase,1,0.9790292978286743,1,D1_00659,P3_wordnet,,
D1_00003__O1_leetspeak_10,G_00002,en,E3_obfuscated,0,0.1652355194091797,0,D1_00003,,O1_leetspeak,0.1
D1_00003__O1_leetspeak_20,G_00002,en,E3_obfuscated,0,0.5385671257972717,1,D1_00003,,O1_leetspeak,0.2
D1_00003__O1_leetspeak_30,G_00002,en,E3_obfuscated,0,0.773773729801178,1,D1_00003,,O1_leetspeak,0.3
D1_00003__O2_char_spacing_10,G_00002,en,E3_obfuscated,0,0.18324655294418335,0,D1_00003,,O2_char_spacing,0.1
D1_00003__O2_char_spacing_20,G_00002,en,E3_obfuscated,0,0.197621151804924,0,D1_00003,,O2_char_spacing,0.2
D1_00003__O2_char_spacing_30,G_00002,en,E3_obfuscated,0,0.2931293845176697,1,D1_00003,,O2_char_spacing,0.3
D1_00003__O3_zero_width_10,G_00002,en,E3_obfuscated,0,0.19516950845718384,0,D1_00003,,O3_zero_width,0.1
D1_00003__O3_zero_width_20,G_00002,en,E3_obfuscated,0,0.19516950845718384,0,D1_00003,,O3_zero_width,0.2
D1_00003__O3_zero_width_30,G_00002,en,E3_obfuscated,0,0.19516950845718384,0,D1_00003,,O3_zero_width,0.3
D1_00003__O4_homoglyph_10,G_00002,en,E3_obfuscated,0,0.20182304084300995,0,D1_00003,,O4_homoglyph,0.1
D1_00003__O4_homoglyph_20,G_00002,en,E3_obfuscated,0,0.34324535727500916,1,D1_00003,,O4_homoglyph,0.2
D1_00003__O4_homoglyph_30,G_00002,en,E3_obfuscated,0,0.8837354779243469,1,D1_00003,,O4_homoglyph,0.3
D1_00003__O6_random_case_10,G_00002,en,E3_obfuscated,0,0.19516950845718384,0,D1_00003,,O6_random_case,0.1
D1_00003__O6_random_case_20,G_00002,en,E3_obfuscated,0,0.19516950845718384,0,D1_00003,,O6_random_case,0.2
D1_00003__O6_random_case_30,G_00002,en,E3_obfuscated,0,0.19516950845718384,0,D1_00003,,O6_random_case,0.3
D1_00003__O7_typo_10,G_00002,en,E3_obfuscated,0,0.1839771866798401,0,D1_00003,,O7_typo,0.1
D1_00003__O7_typo_20,G_00002,en,E3_obfuscated,0,0.1969487965106964,0,D1_00003,,O7_typo,0.2
D1_00003__O7_typo_30,G_00002,en,E3_obfuscated,0,0.21166594326496124,0,D1_00003,,O7_typo,0.3
D1_00003__O5_base64_100,G_00002,en,E3_obfuscated,0,0.9722497463226318,1,D1_00003,,O5_base64,1.0
D1_00007__O1_leetspeak_10,G_00006,en,E3_obfuscated,0,0.15232740342617035,0,D1_00007,,O1_leetspeak,0.1
D1_00007__O1_leetspeak_20,G_00006,en,E3_obfuscated,0,0.1543113738298416,0,D1_00007,,O1_leetspeak,0.2
D1_00007__O1_leetspeak_30,G_00006,en,E3_obfuscated,0,0.8021992444992065,1,D1_00007,,O1_leetspeak,0.3
D1_00007__O2_char_spacing_10,G_00006,en,E3_obfuscated,0,0.1381528228521347,0,D1_00007,,O2_char_spacing,0.1
D1_00007__O2_char_spacing_20,G_00006,en,E3_obfuscated,0,0.12314147502183914,0,D1_00007,,O2_char_spacing,0.2
D1_00007__O2_char_spacing_30,G_00006,en,E3_obfuscated,0,0.20495103299617767,0,D1_00007,,O2_char_spacing,0.3
D1_00007__O3_zero_width_10,G_00006,en,E3_obfuscated,0,0.1519850343465805,0,D1_00007,,O3_zero_width,0.1
D1_00007__O3_zero_width_20,G_00006,en,E3_obfuscated,0,0.1519850343465805,0,D1_00007,,O3_zero_width,0.2
D1_00007__O3_zero_width_30,G_00006,en,E3_obfuscated,0,0.1519850343465805,0,D1_00007,,O3_zero_width,0.3
D1_00007__O4_homoglyph_10,G_00006,en,E3_obfuscated,0,0.17067672312259674,0,D1_00007,,O4_homoglyph,0.1
D1_00007__O4_homoglyph_20,G_00006,en,E3_obfuscated,0,0.31475940346717834,1,D1_00007,,O4_homoglyph,0.2
D1_00007__O4_homoglyph_30,G_00006,en,E3_obfuscated,0,0.2210462987422943,1,D1_00007,,O4_homoglyph,0.3
D1_00007__O6_random_case_10,G_00006,en,E3_obfuscated,0,0.1519850343465805,0,D1_00007,,O6_random_case,0.1
D1_00007__O6_random_case_20,G_00006,en,E3_obfuscated,0,0.1519850343465805,0,D1_00007,,O6_random_case,0.2
D1_00007__O6_random_case_30,G_00006,en,E3_obfuscated,0,0.1519850343465805,0,D1_00007,,O6_random_case,0.3
D1_00007__O7_typo_10,G_00006,en,E3_obfuscated,0,0.15059706568717957,0,D1_00007,,O7_typo,0.1
D1_00007__O7_typo_20,G_00006,en,E3_obfuscated,0,0.15329571068286896,0,D1_00007,,O7_typo,0.2
D1_00007__O7_typo_30,G_00006,en,E3_obfuscated,0,0.15616773068904877,0,D1_00007,,O7_typo,0.3
D1_00007__O5_base64_100,G_00006,en,E3_obfuscated,0,0.9728033542633057,1,D1_00007,,O5_base64,1.0
D1_00011__O1_leetspeak_10,G_00010,en,E3_obfuscated,1,0.9768065810203552,1,D1_00011,,O1_leetspeak,0.1
D1_00011__O1_leetspeak_20,G_00010,en,E3_obfuscated,1,0.9746311902999878,1,D1_00011,,O1_leetspeak,0.2
D1_00011__O1_leetspeak_30,G_00010,en,E3_obfuscated,1,0.9760081768035889,1,D1_00011,,O1_leetspeak,0.3
D1_00011__O2_char_spacing_10,G_00010,en,E3_obfuscated,1,0.97420334815979,1,D1_00011,,O2_char_spacing,0.1
D1_00011__O2_char_spacing_20,G_00010,en,E3_obfuscated,1,0.9722938537597656,1,D1_00011,,O2_char_spacing,0.2
D1_00011__O2_char_spacing_30,G_00010,en,E3_obfuscated,1,0.9753011465072632,1,D1_00011,,O2_char_spacing,0.3
D1_00011__O3_zero_width_10,G_00010,en,E3_obfuscated,1,0.9734256267547607,1,D1_00011,,O3_zero_width,0.1
D1_00011__O3_zero_width_20,G_00010,en,E3_obfuscated,1,0.9734256267547607,1,D1_00011,,O3_zero_width,0.2
D1_00011__O3_zero_width_30,G_00010,en,E3_obfuscated,1,0.9734256267547607,1,D1_00011,,O3_zero_width,0.3
D1_00011__O4_homoglyph_10,G_00010,en,E3_obfuscated,1,0.9769976139068604,1,D1_00011,,O4_homoglyph,0.1
D1_00011__O4_homoglyph_20,G_00010,en,E3_obfuscated,1,0.9758957028388977,1,D1_00011,,O4_homoglyph,0.2
D1_00011__O4_homoglyph_30,G_00010,en,E3_obfuscated,1,0.9665294885635376,1,D1_00011,,O4_homoglyph,0.3
D1_00011__O6_random_case_10,G_00010,en,E3_obfuscated,1,0.9734256267547607,1,D1_00011,,O6_random_case,0.1
D1_00011__O6_random_case_20,G_00010,en,E3_obfuscated,1,0.9734256267547607,1,D1_00011,,O6_random_case,0.2
D1_00011__O6_random_case_30,G_00010,en,E3_obfuscated,1,0.9734256267547607,1,D1_00011,,O6_random_case,0.3
D1_00011__O7_typo_10,G_00010,en,E3_obfuscated,1,0.9735314249992371,1,D1_00011,,O7_typo,0.1
D1_00011__O7_typo_20,G_00010,en,E3_obfuscated,1,0.9768675565719604,1,D1_00011,,O7_typo,0.2
D1_00011__O7_typo_30,G_00010,en,E3_obfuscated,1,0.9766747951507568,1,D1_00011,,O7_typo,0.3
D1_00011__O5_base64_100,G_00010,en,E3_obfuscated,1,0.9733414649963379,1,D1_00011,,O5_base64,1.0
D1_00031__O1_leetspeak_10,G_00030,en,E3_obfuscated,0,0.04886854812502861,0,D1_00031,,O1_leetspeak,0.1
D1_00031__O1_leetspeak_20,G_00030,en,E3_obfuscated,0,0.07462988793849945,0,D1_00031,,O1_leetspeak,0.2
D1_00031__O1_leetspeak_30,G_00030,en,E3_obfuscated,0,0.05587860941886902,0,D1_00031,,O1_leetspeak,0.3
D1_00031__O2_char_spacing_10,G_00030,en,E3_obfuscated,0,0.06026308611035347,0,D1_00031,,O2_char_spacing,0.1
D1_00031__O2_char_spacing_20,G_00030,en,E3_obfuscated,0,0.06341131776571274,0,D1_00031,,O2_char_spacing,0.2
D1_00031__O2_char_spacing_30,G_00030,en,E3_obfuscated,0,0.06026308611035347,0,D1_00031,,O2_char_spacing,0.3
D1_00031__O3_zero_width_10,G_00030,en,E3_obfuscated,0,0.05876903608441353,0,D1_00031,,O3_zero_width,0.1
D1_00031__O3_zero_width_20,G_00030,en,E3_obfuscated,0,0.05876903608441353,0,D1_00031,,O3_zero_width,0.2
D1_00031__O3_zero_width_30,G_00030,en,E3_obfuscated,0,0.05876903608441353,0,D1_00031,,O3_zero_width,0.3
D1_00031__O4_homoglyph_10,G_00030,en,E3_obfuscated,0,0.05835310369729996,0,D1_00031,,O4_homoglyph,0.1
D1_00031__O4_homoglyph_20,G_00030,en,E3_obfuscated,0,0.057292018085718155,0,D1_00031,,O4_homoglyph,0.2
D1_00031__O4_homoglyph_30,G_00030,en,E3_obfuscated,0,0.060243796557188034,0,D1_00031,,O4_homoglyph,0.3
D1_00031__O6_random_case_10,G_00030,en,E3_obfuscated,0,0.05876903608441353,0,D1_00031,,O6_random_case,0.1
D1_00031__O6_random_case_20,G_00030,en,E3_obfuscated,0,0.05876903608441353,0,D1_00031,,O6_random_case,0.2
D1_00031__O6_random_case_30,G_00030,en,E3_obfuscated,0,0.05876903608441353,0,D1_00031,,O6_random_case,0.3
D1_00031__O7_typo_10,G_00030,en,E3_obfuscated,0,0.056492678821086884,0,D1_00031,,O7_typo,0.1
D1_00031__O7_typo_20,G_00030,en,E3_obfuscated,0,0.05828182026743889,0,D1_00031,,O7_typo,0.2
D1_00031__O7_typo_30,G_00030,en,E3_obfuscated,0,0.05703387036919594,0,D1_00031,,O7_typo,0.3
D1_00031__O5_base64_100,G_00030,en,E3_obfuscated,0,0.9718517065048218,1,D1_00031,,O5_base64,1.0
D1_00032__O1_leetspeak_10,G_00031,en,E3_obfuscated,0,0.19644370675086975,0,D1_00032,,O1_leetspeak,0.1
D1_00032__O1_leetspeak_20,G_00031,en,E3_obfuscated,0,0.9642830491065979,1,D1_00032,,O1_leetspeak,0.2
D1_00032__O1_leetspeak_30,G_00031,en,E3_obfuscated,0,0.9765193462371826,1,D1_00032,,O1_leetspeak,0.3
D1_00032__O2_char_spacing_10,G_00031,en,E3_obfuscated,0,0.1919950395822525,0,D1_00032,,O2_char_spacing,0.1
D1_00032__O2_char_spacing_20,G_00031,en,E3_obfuscated,0,0.18896880745887756,0,D1_00032,,O2_char_spacing,0.2
D1_00032__O2_char_spacing_30,G_00031,en,E3_obfuscated,0,0.9520537257194519,1,D1_00032,,O2_char_spacing,0.3
D1_00032__O3_zero_width_10,G_00031,en,E3_obfuscated,0,0.21102909743785858,0,D1_00032,,O3_zero_width,0.1
D1_00032__O3_zero_width_20,G_00031,en,E3_obfuscated,0,0.21102909743785858,0,D1_00032,,O3_zero_width,0.2
D1_00032__O3_zero_width_30,G_00031,en,E3_obfuscated,0,0.21102909743785858,0,D1_00032,,O3_zero_width,0.3
D1_00032__O4_homoglyph_10,G_00031,en,E3_obfuscated,0,0.2318628579378128,1,D1_00032,,O4_homoglyph,0.1
D1_00032__O4_homoglyph_20,G_00031,en,E3_obfuscated,0,0.9423474073410034,1,D1_00032,,O4_homoglyph,0.2
D1_00032__O4_homoglyph_30,G_00031,en,E3_obfuscated,0,0.9741854667663574,1,D1_00032,,O4_homoglyph,0.3
D1_00032__O6_random_case_10,G_00031,en,E3_obfuscated,0,0.21102909743785858,0,D1_00032,,O6_random_case,0.1
D1_00032__O6_random_case_20,G_00031,en,E3_obfuscated,0,0.21102909743785858,0,D1_00032,,O6_random_case,0.2
D1_00032__O6_random_case_30,G_00031,en,E3_obfuscated,0,0.21102909743785858,0,D1_00032,,O6_random_case,0.3
D1_00032__O7_typo_10,G_00031,en,E3_obfuscated,0,0.2165076583623886,1,D1_00032,,O7_typo,0.1
D1_00032__O7_typo_20,G_00031,en,E3_obfuscated,0,0.20723587274551392,0,D1_00032,,O7_typo,0.2
D1_00032__O7_typo_30,G_00031,en,E3_obfuscated,0,0.205386683344841,0,D1_00032,,O7_typo,0.3
D1_00032__O5_base64_100,G_00031,en,E3_obfuscated,0,0.973118007183075,1,D1_00032,,O5_base64,1.0
D1_00040__O1_leetspeak_10,G_00039,en,E3_obfuscated,0,0.25349849462509155,1,D1_00040,,O1_leetspeak,0.1
D1_00040__O1_leetspeak_20,G_00039,en,E3_obfuscated,0,0.9448408484458923,1,D1_00040,,O1_leetspeak,0.2
D1_00040__O1_leetspeak_30,G_00039,en,E3_obfuscated,0,0.9712445139884949,1,D1_00040,,O1_leetspeak,0.3
D1_00040__O2_char_spacing_10,G_00039,en,E3_obfuscated,0,0.19633913040161133,0,D1_00040,,O2_char_spacing,0.1
D1_00040__O2_char_spacing_20,G_00039,en,E3_obfuscated,0,0.5869536399841309,1,D1_00040,,O2_char_spacing,0.2
D1_00040__O2_char_spacing_30,G_00039,en,E3_obfuscated,0,0.8744447827339172,1,D1_00040,,O2_char_spacing,0.3
D1_00040__O3_zero_width_10,G_00039,en,E3_obfuscated,0,0.2236081063747406,1,D1_00040,,O3_zero_width,0.1
D1_00040__O3_zero_width_20,G_00039,en,E3_obfuscated,0,0.2236081063747406,1,D1_00040,,O3_zero_width,0.2
D1_00040__O3_zero_width_30,G_00039,en,E3_obfuscated,0,0.2236081063747406,1,D1_00040,,O3_zero_width,0.3
D1_00040__O4_homoglyph_10,G_00039,en,E3_obfuscated,0,0.8858120441436768,1,D1_00040,,O4_homoglyph,0.1
D1_00040__O4_homoglyph_20,G_00039,en,E3_obfuscated,0,0.6092066764831543,1,D1_00040,,O4_homoglyph,0.2
D1_00040__O4_homoglyph_30,G_00039,en,E3_obfuscated,0,0.9663397669792175,1,D1_00040,,O4_homoglyph,0.3
D1_00040__O6_random_case_10,G_00039,en,E3_obfuscated,0,0.2236081063747406,1,D1_00040,,O6_random_case,0.1
D1_00040__O6_random_case_20,G_00039,en,E3_obfuscated,0,0.2236081063747406,1,D1_00040,,O6_random_case,0.2
D1_00040__O6_random_case_30,G_00039,en,E3_obfuscated,0,0.2236081063747406,1,D1_00040,,O6_random_case,0.3
D1_00040__O7_typo_10,G_00039,en,E3_obfuscated,0,0.21373656392097473,1,D1_00040,,O7_typo,0.1
D1_00040__O7_typo_20,G_00039,en,E3_obfuscated,0,0.2682216167449951,1,D1_00040,,O7_typo,0.2
D1_00040__O7_typo_30,G_00039,en,E3_obfuscated,0,0.24321205914020538,1,D1_00040,,O7_typo,0.3
D1_00040__O5_base64_100,G_00039,en,E3_obfuscated,0,0.9722497463226318,1,D1_00040,,O5_base64,1.0
D1_00042__O1_leetspeak_10,G_00041,en,E3_obfuscated,0,0.05504141375422478,0,D1_00042,,O1_leetspeak,0.1
D1_00042__O1_leetspeak_20,G_00041,en,E3_obfuscated,0,0.06738255172967911,0,D1_00042,,O1_leetspeak,0.2
D1_00042__O1_leetspeak_30,G_00041,en,E3_obfuscated,0,0.051940251141786575,0,D1_00042,,O1_leetspeak,0.3
D1_00042__O2_char_spacing_10,G_00041,en,E3_obfuscated,0,0.059490006417036057,0,D1_00042,,O2_char_spacing,0.1
D1_00042__O2_char_spacing_20,G_00041,en,E3_obfuscated,0,0.059490006417036057,0,D1_00042,,O2_char_spacing,0.2
D1_00042__O2_char_spacing_30,G_00041,en,E3_obfuscated,0,0.06016037240624428,0,D1_00042,,O2_char_spacing,0.3
D1_00042__O3_zero_width_10,G_00041,en,E3_obfuscated,0,0.058417610824108124,0,D1_00042,,O3_zero_width,0.1
D1_00042__O3_zero_width_20,G_00041,en,E3_obfuscated,0,0.058417610824108124,0,D1_00042,,O3_zero_width,0.2
D1_00042__O3_zero_width_30,G_00041,en,E3_obfuscated,0,0.058417610824108124,0,D1_00042,,O3_zero_width,0.3
D1_00042__O4_homoglyph_10,G_00041,en,E3_obfuscated,0,0.06602827459573746,0,D1_00042,,O4_homoglyph,0.1
D1_00042__O4_homoglyph_20,G_00041,en,E3_obfuscated,0,0.060255371034145355,0,D1_00042,,O4_homoglyph,0.2
D1_00042__O4_homoglyph_30,G_00041,en,E3_obfuscated,0,0.06897825002670288,0,D1_00042,,O4_homoglyph,0.3
D1_00042__O6_random_case_10,G_00041,en,E3_obfuscated,0,0.058417610824108124,0,D1_00042,,O6_random_case,0.1
D1_00042__O6_random_case_20,G_00041,en,E3_obfuscated,0,0.058417610824108124,0,D1_00042,,O6_random_case,0.2
D1_00042__O6_random_case_30,G_00041,en,E3_obfuscated,0,0.058417610824108124,0,D1_00042,,O6_random_case,0.3
D1_00042__O7_typo_10,G_00041,en,E3_obfuscated,0,0.0627322718501091,0,D1_00042,,O7_typo,0.1
D1_00042__O7_typo_20,G_00041,en,E3_obfuscated,0,0.06642736494541168,0,D1_00042,,O7_typo,0.2
D1_00042__O7_typo_30,G_00041,en,E3_obfuscated,0,0.058417610824108124,0,D1_00042,,O7_typo,0.3
D1_00042__O5_base64_100,G_00041,en,E3_obfuscated,0,0.9720301032066345,1,D1_00042,,O5_base64,1.0
D1_00045__O1_leetspeak_10,G_00044,en,E3_obfuscated,0,0.04842003434896469,0,D1_00045,,O1_leetspeak,0.1
D1_00045__O1_leetspeak_20,G_00044,en,E3_obfuscated,0,0.05417438969016075,0,D1_00045,,O1_leetspeak,0.2
D1_00045__O1_leetspeak_30,G_00044,en,E3_obfuscated,0,0.06007051840424538,0,D1_00045,,O1_leetspeak,0.3
D1_00045__O2_char_spacing_10,G_00044,en,E3_obfuscated,0,0.05074334517121315,0,D1_00045,,O2_char_spacing,0.1
D1_00045__O2_char_spacing_20,G_00044,en,E3_obfuscated,0,0.04440921172499657,0,D1_00045,,O2_char_spacing,0.2
D1_00045__O2_char_spacing_30,G_00044,en,E3_obfuscated,0,0.05257580429315567,0,D1_00045,,O2_char_spacing,0.3
D1_00045__O3_zero_width_10,G_00044,en,E3_obfuscated,0,0.0457579679787159,0,D1_00045,,O3_zero_width,0.1
D1_00045__O3_zero_width_20,G_00044,en,E3_obfuscated,0,0.0457579679787159,0,D1_00045,,O3_zero_width,0.2
D1_00045__O3_zero_width_30,G_00044,en,E3_obfuscated,0,0.0457579679787159,0,D1_00045,,O3_zero_width,0.3
D1_00045__O4_homoglyph_10,G_00044,en,E3_obfuscated,0,0.04893055558204651,0,D1_00045,,O4_homoglyph,0.1
D1_00045__O4_homoglyph_20,G_00044,en,E3_obfuscated,0,0.06464783102273941,0,D1_00045,,O4_homoglyph,0.2
D1_00045__O4_homoglyph_30,G_00044,en,E3_obfuscated,0,0.07157132774591446,0,D1_00045,,O4_homoglyph,0.3
D1_00045__O6_random_case_10,G_00044,en,E3_obfuscated,0,0.0457579679787159,0,D1_00045,,O6_random_case,0.1
D1_00045__O6_random_case_20,G_00044,en,E3_obfuscated,0,0.0457579679787159,0,D1_00045,,O6_random_case,0.2
D1_00045__O6_random_case_30,G_00044,en,E3_obfuscated,0,0.0457579679787159,0,D1_00045,,O6_random_case,0.3
D1_00045__O7_typo_10,G_00044,en,E3_obfuscated,0,0.048508334904909134,0,D1_00045,,O7_typo,0.1
D1_00045__O7_typo_20,G_00044,en,E3_obfuscated,0,0.04665452986955643,0,D1_00045,,O7_typo,0.2
D1_00045__O7_typo_30,G_00044,en,E3_obfuscated,0,0.04994693771004677,0,D1_00045,,O7_typo,0.3
D1_00045__O5_base64_100,G_00044,en,E3_obfuscated,0,0.9729198217391968,1,D1_00045,,O5_base64,1.0
D1_00050__O1_leetspeak_10,G_00049,en,E3_obfuscated,0,0.05385049805045128,0,D1_00050,,O1_leetspeak,0.1
D1_00050__O1_leetspeak_20,G_00049,en,E3_obfuscated,0,0.0690838173031807,0,D1_00050,,O1_leetspeak,0.2
D1_00050__O1_leetspeak_30,G_00049,en,E3_obfuscated,0,0.06223493069410324,0,D1_00050,,O1_leetspeak,0.3
D1_00050__O2_char_spacing_10,G_00049,en,E3_obfuscated,0,0.05014176294207573,0,D1_00050,,O2_char_spacing,0.1
D1_00050__O2_char_spacing_20,G_00049,en,E3_obfuscated,0,0.049915555864572525,0,D1_00050,,O2_char_spacing,0.2
D1_00050__O2_char_spacing_30,G_00049,en,E3_obfuscated,0,0.05324936658143997,0,D1_00050,,O2_char_spacing,0.3
D1_00050__O3_zero_width_10,G_00049,en,E3_obfuscated,0,0.05142883211374283,0,D1_00050,,O3_zero_width,0.1
D1_00050__O3_zero_width_20,G_00049,en,E3_obfuscated,0,0.05142883211374283,0,D1_00050,,O3_zero_width,0.2
D1_00050__O3_zero_width_30,G_00049,en,E3_obfuscated,0,0.05142883211374283,0,D1_00050,,O3_zero_width,0.3
D1_00050__O4_homoglyph_10,G_00049,en,E3_obfuscated,0,0.0759984627366066,0,D1_00050,,O4_homoglyph,0.1
D1_00050__O4_homoglyph_20,G_00049,en,E3_obfuscated,0,0.0647386908531189,0,D1_00050,,O4_homoglyph,0.2
D1_00050__O4_homoglyph_30,G_00049,en,E3_obfuscated,0,0.06337028741836548,0,D1_00050,,O4_homoglyph,0.3
D1_00050__O6_random_case_10,G_00049,en,E3_obfuscated,0,0.05142883211374283,0,D1_00050,,O6_random_case,0.1
D1_00050__O6_random_case_20,G_00049,en,E3_obfuscated,0,0.05142883211374283,0,D1_00050,,O6_random_case,0.2
D1_00050__O6_random_case_30,G_00049,en,E3_obfuscated,0,0.05142883211374283,0,D1_00050,,O6_random_case,0.3
D1_00050__O7_typo_10,G_00049,en,E3_obfuscated,0,0.049977853894233704,0,D1_00050,,O7_typo,0.1
D1_00050__O7_typo_20,G_00049,en,E3_obfuscated,0,0.049977853894233704,0,D1_00050,,O7_typo,0.2
D1_00050__O7_typo_30,G_00049,en,E3_obfuscated,0,0.049977853894233704,0,D1_00050,,O7_typo,0.3
D1_00050__O5_base64_100,G_00049,en,E3_obfuscated,0,0.9712263345718384,1,D1_00050,,O5_base64,1.0
D1_00055__O1_leetspeak_10,G_00054,en,E3_obfuscated,0,0.04722505435347557,0,D1_00055,,O1_leetspeak,0.1
D1_00055__O1_leetspeak_20,G_00054,en,E3_obfuscated,0,0.05338151752948761,0,D1_00055,,O1_leetspeak,0.2
D1_00055__O1_leetspeak_30,G_00054,en,E3_obfuscated,0,0.0818781778216362,0,D1_00055,,O1_leetspeak,0.3
D1_00055__O2_char_spacing_10,G_00054,en,E3_obfuscated,0,0.04372759535908699,0,D1_00055,,O2_char_spacing,0.1
D1_00055__O2_char_spacing_20,G_00054,en,E3_obfuscated,0,0.055896446108818054,0,D1_00055,,O2_char_spacing,0.2
D1_00055__O2_char_spacing_30,G_00054,en,E3_obfuscated,0,0.07987925410270691,0,D1_00055,,O2_char_spacing,0.3
D1_00055__O3_zero_width_10,G_00054,en,E3_obfuscated,0,0.04178893566131592,0,D1_00055,,O3_zero_width,0.1
D1_00055__O3_zero_width_20,G_00054,en,E3_obfuscated,0,0.04178893566131592,0,D1_00055,,O3_zero_width,0.2
D1_00055__O3_zero_width_30,G_00054,en,E3_obfuscated,0,0.04178893566131592,0,D1_00055,,O3_zero_width,0.3
D1_00055__O4_homoglyph_10,G_00054,en,E3_obfuscated,0,0.047887083142995834,0,D1_00055,,O4_homoglyph,0.1
D1_00055__O4_homoglyph_20,G_00054,en,E3_obfuscated,0,0.09888314455747604,0,D1_00055,,O4_homoglyph,0.2
D1_00055__O4_homoglyph_30,G_00054,en,E3_obfuscated,0,0.07846052944660187,0,D1_00055,,O4_homoglyph,0.3
D1_00055__O6_random_case_10,G_00054,en,E3_obfuscated,0,0.04178893566131592,0,D1_00055,,O6_random_case,0.1
D1_00055__O6_random_case_20,G_00054,en,E3_obfuscated,0,0.04178893566131592,0,D1_00055,,O6_random_case,0.2
D1_00055__O6_random_case_30,G_00054,en,E3_obfuscated,0,0.04178893566131592,0,D1_00055,,O6_random_case,0.3
D1_00055__O7_typo_10,G_00054,en,E3_obfuscated,0,0.04591427370905876,0,D1_00055,,O7_typo,0.1
D1_00055__O7_typo_20,G_00054,en,E3_obfuscated,0,0.0526389442384243,0,D1_00055,,O7_typo,0.2
D1_00055__O7_typo_30,G_00054,en,E3_obfuscated,0,0.04455725848674774,0,D1_00055,,O7_typo,0.3
D1_00055__O5_base64_100,G_00054,en,E3_obfuscated,0,0.971916139125824,1,D1_00055,,O5_base64,1.0
D1_00056__O1_leetspeak_10,G_00055,en,E3_obfuscated,0,0.05324941501021385,0,D1_00056,,O1_leetspeak,0.1
D1_00056__O1_leetspeak_20,G_00055,en,E3_obfuscated,0,0.057095013558864594,0,D1_00056,,O1_leetspeak,0.2
D1_00056__O1_leetspeak_30,G_00055,en,E3_obfuscated,0,0.06569890677928925,0,D1_00056,,O1_leetspeak,0.3
D1_00056__O2_char_spacing_10,G_00055,en,E3_obfuscated,0,0.05463973060250282,0,D1_00056,,O2_char_spacing,0.1
D1_00056__O2_char_spacing_20,G_00055,en,E3_obfuscated,0,0.05463973060250282,0,D1_00056,,O2_char_spacing,0.2
D1_00056__O2_char_spacing_30,G_00055,en,E3_obfuscated,0,0.06153138726949692,0,D1_00056,,O2_char_spacing,0.3
D1_00056__O3_zero_width_10,G_00055,en,E3_obfuscated,0,0.05997429043054581,0,D1_00056,,O3_zero_width,0.1
D1_00056__O3_zero_width_20,G_00055,en,E3_obfuscated,0,0.05997429043054581,0,D1_00056,,O3_zero_width,0.2
D1_00056__O3_zero_width_30,G_00055,en,E3_obfuscated,0,0.05997429043054581,0,D1_00056,,O3_zero_width,0.3
D1_00056__O4_homoglyph_10,G_00055,en,E3_obfuscated,0,0.06277590245008469,0,D1_00056,,O4_homoglyph,0.1
D1_00056__O4_homoglyph_20,G_00055,en,E3_obfuscated,0,0.07019037008285522,0,D1_00056,,O4_homoglyph,0.2
D1_00056__O4_homoglyph_30,G_00055,en,E3_obfuscated,0,0.0685836598277092,0,D1_00056,,O4_homoglyph,0.3
D1_00056__O6_random_case_10,G_00055,en,E3_obfuscated,0,0.05997429043054581,0,D1_00056,,O6_random_case,0.1
D1_00056__O6_random_case_20,G_00055,en,E3_obfuscated,0,0.05997429043054581,0,D1_00056,,O6_random_case,0.2
D1_00056__O6_random_case_30,G_00055,en,E3_obfuscated,0,0.05997429043054581,0,D1_00056,,O6_random_case,0.3
D1_00056__O7_typo_10,G_00055,en,E3_obfuscated,0,0.06167051941156387,0,D1_00056,,O7_typo,0.1
D1_00056__O7_typo_20,G_00055,en,E3_obfuscated,0,0.0574088953435421,0,D1_00056,,O7_typo,0.2
D1_00056__O7_typo_30,G_00055,en,E3_obfuscated,0,0.06065821647644043,0,D1_00056,,O7_typo,0.3
D1_00056__O5_base64_100,G_00055,en,E3_obfuscated,0,0.9706929326057434,1,D1_00056,,O5_base64,1.0
D1_00057__O1_leetspeak_10,G_00056,en,E3_obfuscated,1,0.9809086322784424,1,D1_00057,,O1_leetspeak,0.1
D1_00057__O1_leetspeak_20,G_00056,en,E3_obfuscated,1,0.9810394048690796,1,D1_00057,,O1_leetspeak,0.2
D1_00057__O1_leetspeak_30,G_00056,en,E3_obfuscated,1,0.9806087613105774,1,D1_00057,,O1_leetspeak,0.3
D1_00057__O2_char_spacing_10,G_00056,en,E3_obfuscated,1,0.980320930480957,1,D1_00057,,O2_char_spacing,0.1
D1_00057__O2_char_spacing_20,G_00056,en,E3_obfuscated,1,0.9806675910949707,1,D1_00057,,O2_char_spacing,0.2
D1_00057__O2_char_spacing_30,G_00056,en,E3_obfuscated,1,0.9798475503921509,1,D1_00057,,O2_char_spacing,0.3
D1_00057__O3_zero_width_10,G_00056,en,E3_obfuscated,1,0.9791877865791321,1,D1_00057,,O3_zero_width,0.1
D1_00057__O3_zero_width_20,G_00056,en,E3_obfuscated,1,0.9791877865791321,1,D1_00057,,O3_zero_width,0.2
D1_00057__O3_zero_width_30,G_00056,en,E3_obfuscated,1,0.9791877865791321,1,D1_00057,,O3_zero_width,0.3
D1_00057__O4_homoglyph_10,G_00056,en,E3_obfuscated,1,0.9810417890548706,1,D1_00057,,O4_homoglyph,0.1
D1_00057__O4_homoglyph_20,G_00056,en,E3_obfuscated,1,0.980911135673523,1,D1_00057,,O4_homoglyph,0.2
D1_00057__O4_homoglyph_30,G_00056,en,E3_obfuscated,1,0.9813781976699829,1,D1_00057,,O4_homoglyph,0.3
D1_00057__O6_random_case_10,G_00056,en,E3_obfuscated,1,0.9791877865791321,1,D1_00057,,O6_random_case,0.1
D1_00057__O6_random_case_20,G_00056,en,E3_obfuscated,1,0.9791877865791321,1,D1_00057,,O6_random_case,0.2
D1_00057__O6_random_case_30,G_00056,en,E3_obfuscated,1,0.9791877865791321,1,D1_00057,,O6_random_case,0.3
D1_00057__O7_typo_10,G_00056,en,E3_obfuscated,1,0.9795840382575989,1,D1_00057,,O7_typo,0.1
D1_00057__O7_typo_20,G_00056,en,E3_obfuscated,1,0.9803034067153931,1,D1_00057,,O7_typo,0.2
D1_00057__O7_typo_30,G_00056,en,E3_obfuscated,1,0.9806541800498962,1,D1_00057,,O7_typo,0.3
D1_00057__O5_base64_100,G_00056,en,E3_obfuscated,1,0.973118007183075,1,D1_00057,,O5_base64,1.0
D1_00064__O1_leetspeak_10,G_00063,en,E3_obfuscated,0,0.05922774598002434,0,D1_00064,,O1_leetspeak,0.1
D1_00064__O1_leetspeak_20,G_00063,en,E3_obfuscated,0,0.10159175097942352,0,D1_00064,,O1_leetspeak,0.2
D1_00064__O1_leetspeak_30,G_00063,en,E3_obfuscated,0,0.07554034143686295,0,D1_00064,,O1_leetspeak,0.3
D1_00064__O2_char_spacing_10,G_00063,en,E3_obfuscated,0,0.05473651364445686,0,D1_00064,,O2_char_spacing,0.1
D1_00064__O2_char_spacing_20,G_00063,en,E3_obfuscated,0,0.06159801036119461,0,D1_00064,,O2_char_spacing,0.2
D1_00064__O2_char_spacing_30,G_00063,en,E3_obfuscated,0,0.05473651364445686,0,D1_00064,,O2_char_spacing,0.3
D1_00064__O3_zero_width_10,G_00063,en,E3_obfuscated,0,0.05072949454188347,0,D1_00064,,O3_zero_width,0.1
D1_00064__O3_zero_width_20,G_00063,en,E3_obfuscated,0,0.05072949454188347,0,D1_00064,,O3_zero_width,0.2
D1_00064__O3_zero_width_30,G_00063,en,E3_obfuscated,0,0.05072949454188347,0,D1_00064,,O3_zero_width,0.3
D1_00064__O4_homoglyph_10,G_00063,en,E3_obfuscated,0,0.06087048724293709,0,D1_00064,,O4_homoglyph,0.1
D1_00064__O4_homoglyph_20,G_00063,en,E3_obfuscated,0,0.0749962255358696,0,D1_00064,,O4_homoglyph,0.2
D1_00064__O4_homoglyph_30,G_00063,en,E3_obfuscated,0,0.09073051065206528,0,D1_00064,,O4_homoglyph,0.3
D1_00064__O6_random_case_10,G_00063,en,E3_obfuscated,0,0.05072949454188347,0,D1_00064,,O6_random_case,0.1
D1_00064__O6_random_case_20,G_00063,en,E3_obfuscated,0,0.05072949454188347,0,D1_00064,,O6_random_case,0.2
D1_00064__O6_random_case_30,G_00063,en,E3_obfuscated,0,0.05072949454188347,0,D1_00064,,O6_random_case,0.3
D1_00064__O7_typo_10,G_00063,en,E3_obfuscated,0,0.0575728639960289,0,D1_00064,,O7_typo,0.1
D1_00064__O7_typo_20,G_00063,en,E3_obfuscated,0,0.05507957562804222,0,D1_00064,,O7_typo,0.2
D1_00064__O7_typo_30,G_00063,en,E3_obfuscated,0,0.05362485349178314,0,D1_00064,,O7_typo,0.3
D1_00064__O5_base64_100,G_00063,en,E3_obfuscated,0,0.9698860049247742,1,D1_00064,,O5_base64,1.0
D1_00066__O1_leetspeak_10,G_00065,en,E3_obfuscated,0,0.10181118547916412,0,D1_00066,,O1_leetspeak,0.1
D1_00066__O1_leetspeak_20,G_00065,en,E3_obfuscated,0,0.14109982550144196,0,D1_00066,,O1_leetspeak,0.2
D1_00066__O1_leetspeak_30,G_00065,en,E3_obfuscated,0,0.22672609984874725,1,D1_00066,,O1_leetspeak,0.3
D1_00066__O2_char_spacing_10,G_00065,en,E3_obfuscated,0,0.06304986774921417,0,D1_00066,,O2_char_spacing,0.1
D1_00066__O2_char_spacing_20,G_00065,en,E3_obfuscated,0,0.06304986774921417,0,D1_00066,,O2_char_spacing,0.2
D1_00066__O2_char_spacing_30,G_00065,en,E3_obfuscated,0,0.08498681336641312,0,D1_00066,,O2_char_spacing,0.3
D1_00066__O3_zero_width_10,G_00065,en,E3_obfuscated,0,0.0630001574754715,0,D1_00066,,O3_zero_width,0.1
D1_00066__O3_zero_width_20,G_00065,en,E3_obfuscated,0,0.0630001574754715,0,D1_00066,,O3_zero_width,0.2
D1_00066__O3_zero_width_30,G_00065,en,E3_obfuscated,0,0.0630001574754715,0,D1_00066,,O3_zero_width,0.3
D1_00066__O4_homoglyph_10,G_00065,en,E3_obfuscated,0,0.10823934525251389,0,D1_00066,,O4_homoglyph,0.1
D1_00066__O4_homoglyph_20,G_00065,en,E3_obfuscated,0,0.0916166752576828,0,D1_00066,,O4_homoglyph,0.2
D1_00066__O4_homoglyph_30,G_00065,en,E3_obfuscated,0,0.16304561495780945,0,D1_00066,,O4_homoglyph,0.3
D1_00066__O6_random_case_10,G_00065,en,E3_obfuscated,0,0.0630001574754715,0,D1_00066,,O6_random_case,0.1
D1_00066__O6_random_case_20,G_00065,en,E3_obfuscated,0,0.0630001574754715,0,D1_00066,,O6_random_case,0.2
D1_00066__O6_random_case_30,G_00065,en,E3_obfuscated,0,0.0630001574754715,0,D1_00066,,O6_random_case,0.3
D1_00066__O7_typo_10,G_00065,en,E3_obfuscated,0,0.06013376638293266,0,D1_00066,,O7_typo,0.1
D1_00066__O7_typo_20,G_00065,en,E3_obfuscated,0,0.06706798076629639,0,D1_00066,,O7_typo,0.2
D1_00066__O7_typo_30,G_00065,en,E3_obfuscated,0,0.09400559216737747,0,D1_00066,,O7_typo,0.3
D1_00066__O5_base64_100,G_00065,en,E3_obfuscated,0,0.9720960855484009,1,D1_00066,,O5_base64,1.0
D1_00070__O1_leetspeak_10,G_00069,en,E3_obfuscated,1,0.9769187569618225,1,D1_00070,,O1_leetspeak,0.1
D1_00070__O1_leetspeak_20,G_00069,en,E3_obfuscated,1,0.9777957797050476,1,D1_00070,,O1_leetspeak,0.2
D1_00070__O1_leetspeak_30,G_00069,en,E3_obfuscated,1,0.9792121648788452,1,D1_00070,,O1_leetspeak,0.3
D1_00070__O2_char_spacing_10,G_00069,en,E3_obfuscated,1,0.9758762717247009,1,D1_00070,,O2_char_spacing,0.1
D1_00070__O2_char_spacing_20,G_00069,en,E3_obfuscated,1,0.9781213998794556,1,D1_00070,,O2_char_spacing,0.2
D1_00070__O2_char_spacing_30,G_00069,en,E3_obfuscated,1,0.9765496253967285,1,D1_00070,,O2_char_spacing,0.3
D1_00070__O3_zero_width_10,G_00069,en,E3_obfuscated,1,0.974809467792511,1,D1_00070,,O3_zero_width,0.1
D1_00070__O3_zero_width_20,G_00069,en,E3_obfuscated,1,0.974809467792511,1,D1_00070,,O3_zero_width,0.2
D1_00070__O3_zero_width_30,G_00069,en,E3_obfuscated,1,0.974809467792511,1,D1_00070,,O3_zero_width,0.3
D1_00070__O4_homoglyph_10,G_00069,en,E3_obfuscated,1,0.9781175255775452,1,D1_00070,,O4_homoglyph,0.1
D1_00070__O4_homoglyph_20,G_00069,en,E3_obfuscated,1,0.976533830165863,1,D1_00070,,O4_homoglyph,0.2
D1_00070__O4_homoglyph_30,G_00069,en,E3_obfuscated,1,0.9783802628517151,1,D1_00070,,O4_homoglyph,0.3
D1_00070__O6_random_case_10,G_00069,en,E3_obfuscated,1,0.974809467792511,1,D1_00070,,O6_random_case,0.1
D1_00070__O6_random_case_20,G_00069,en,E3_obfuscated,1,0.974809467792511,1,D1_00070,,O6_random_case,0.2
D1_00070__O6_random_case_30,G_00069,en,E3_obfuscated,1,0.974809467792511,1,D1_00070,,O6_random_case,0.3
D1_00070__O7_typo_10,G_00069,en,E3_obfuscated,1,0.9766846895217896,1,D1_00070,,O7_typo,0.1
D1_00070__O7_typo_20,G_00069,en,E3_obfuscated,1,0.9766741991043091,1,D1_00070,,O7_typo,0.2
D1_00070__O7_typo_30,G_00069,en,E3_obfuscated,1,0.9780584573745728,1,D1_00070,,O7_typo,0.3
D1_00070__O5_base64_100,G_00069,en,E3_obfuscated,1,0.973118007183075,1,D1_00070,,O5_base64,1.0
D1_00073__O1_leetspeak_10,G_00072,en,E3_obfuscated,0,0.05452538654208183,0,D1_00073,,O1_leetspeak,0.1
D1_00073__O1_leetspeak_20,G_00072,en,E3_obfuscated,0,0.052150189876556396,0,D1_00073,,O1_leetspeak,0.2
D1_00073__O1_leetspeak_30,G_00072,en,E3_obfuscated,0,0.06405773758888245,0,D1_00073,,O1_leetspeak,0.3
D1_00073__O2_char_spacing_10,G_00072,en,E3_obfuscated,0,0.05084938928484917,0,D1_00073,,O2_char_spacing,0.1
D1_00073__O2_char_spacing_20,G_00072,en,E3_obfuscated,0,0.06407201290130615,0,D1_00073,,O2_char_spacing,0.2
D1_00073__O2_char_spacing_30,G_00072,en,E3_obfuscated,0,0.05084938928484917,0,D1_00073,,O2_char_spacing,0.3
D1_00073__O3_zero_width_10,G_00072,en,E3_obfuscated,0,0.05151158571243286,0,D1_00073,,O3_zero_width,0.1
D1_00073__O3_zero_width_20,G_00072,en,E3_obfuscated,0,0.05151158571243286,0,D1_00073,,O3_zero_width,0.2
D1_00073__O3_zero_width_30,G_00072,en,E3_obfuscated,0,0.05151158571243286,0,D1_00073,,O3_zero_width,0.3
D1_00073__O4_homoglyph_10,G_00072,en,E3_obfuscated,0,0.057957231998443604,0,D1_00073,,O4_homoglyph,0.1
D1_00073__O4_homoglyph_20,G_00072,en,E3_obfuscated,0,0.057957231998443604,0,D1_00073,,O4_homoglyph,0.2
D1_00073__O4_homoglyph_30,G_00072,en,E3_obfuscated,0,0.06868348270654678,0,D1_00073,,O4_homoglyph,0.3
D1_00073__O6_random_case_10,G_00072,en,E3_obfuscated,0,0.05151158571243286,0,D1_00073,,O6_random_case,0.1
D1_00073__O6_random_case_20,G_00072,en,E3_obfuscated,0,0.05151158571243286,0,D1_00073,,O6_random_case,0.2
D1_00073__O6_random_case_30,G_00072,en,E3_obfuscated,0,0.05151158571243286,0,D1_00073,,O6_random_case,0.3
D1_00073__O7_typo_10,G_00072,en,E3_obfuscated,0,0.06552794575691223,0,D1_00073,,O7_typo,0.1
D1_00073__O7_typo_20,G_00072,en,E3_obfuscated,0,0.06063912808895111,0,D1_00073,,O7_typo,0.2
D1_00073__O7_typo_30,G_00072,en,E3_obfuscated,0,0.05023178458213806,0,D1_00073,,O7_typo,0.3
D1_00073__O5_base64_100,G_00072,en,E3_obfuscated,0,0.9708781838417053,1,D1_00073,,O5_base64,1.0
D1_00077__O1_leetspeak_10,G_00076,en,E3_obfuscated,0,0.053447458893060684,0,D1_00077,,O1_leetspeak,0.1
D1_00077__O1_leetspeak_20,G_00076,en,E3_obfuscated,0,0.06264486908912659,0,D1_00077,,O1_leetspeak,0.2
D1_00077__O1_leetspeak_30,G_00076,en,E3_obfuscated,0,0.05802631750702858,0,D1_00077,,O1_leetspeak,0.3
D1_00077__O2_char_spacing_10,G_00076,en,E3_obfuscated,0,0.04769522324204445,0,D1_00077,,O2_char_spacing,0.1
D1_00077__O2_char_spacing_20,G_00076,en,E3_obfuscated,0,0.04769522324204445,0,D1_00077,,O2_char_spacing,0.2
D1_00077__O2_char_spacing_30,G_00076,en,E3_obfuscated,0,0.050183966755867004,0,D1_00077,,O2_char_spacing,0.3
D1_00077__O3_zero_width_10,G_00076,en,E3_obfuscated,0,0.049770697951316833,0,D1_00077,,O3_zero_width,0.1
D1_00077__O3_zero_width_20,G_00076,en,E3_obfuscated,0,0.049770697951316833,0,D1_00077,,O3_zero_width,0.2
D1_00077__O3_zero_width_30,G_00076,en,E3_obfuscated,0,0.049770697951316833,0,D1_00077,,O3_zero_width,0.3
D1_00077__O4_homoglyph_10,G_00076,en,E3_obfuscated,0,0.05990319326519966,0,D1_00077,,O4_homoglyph,0.1
D1_00077__O4_homoglyph_20,G_00076,en,E3_obfuscated,0,0.0699739083647728,0,D1_00077,,O4_homoglyph,0.2
D1_00077__O4_homoglyph_30,G_00076,en,E3_obfuscated,0,0.06332068890333176,0,D1_00077,,O4_homoglyph,0.3
D1_00077__O6_random_case_10,G_00076,en,E3_obfuscated,0,0.049770697951316833,0,D1_00077,,O6_random_case,0.1
D1_00077__O6_random_case_20,G_00076,en,E3_obfuscated,0,0.049770697951316833,0,D1_00077,,O6_random_case,0.2
D1_00077__O6_random_case_30,G_00076,en,E3_obfuscated,0,0.049770697951316833,0,D1_00077,,O6_random_case,0.3
D1_00077__O7_typo_10,G_00076,en,E3_obfuscated,0,0.053943004459142685,0,D1_00077,,O7_typo,0.1
D1_00077__O7_typo_20,G_00076,en,E3_obfuscated,0,0.051187705248594284,0,D1_00077,,O7_typo,0.2
D1_00077__O7_typo_30,G_00076,en,E3_obfuscated,0,0.052488818764686584,0,D1_00077,,O7_typo,0.3
D1_00077__O5_base64_100,G_00076,en,E3_obfuscated,0,0.9712783694267273,1,D1_00077,,O5_base64,1.0
D1_00079__O1_leetspeak_10,G_00078,en,E3_obfuscated,1,0.9796376824378967,1,D1_00079,,O1_leetspeak,0.1
D1_00079__O1_leetspeak_20,G_00078,en,E3_obfuscated,1,0.9802687764167786,1,D1_00079,,O1_leetspeak,0.2
D1_00079__O1_leetspeak_30,G_00078,en,E3_obfuscated,1,0.9800719022750854,1,D1_00079,,O1_leetspeak,0.3
D1_00079__O2_char_spacing_10,G_00078,en,E3_obfuscated,1,0.9796864986419678,1,D1_00079,,O2_char_spacing,0.1
D1_00079__O2_char_spacing_20,G_00078,en,E3_obfuscated,1,0.9794904589653015,1,D1_00079,,O2_char_spacing,0.2
D1_00079__O2_char_spacing_30,G_00078,en,E3_obfuscated,1,0.9799776673316956,1,D1_00079,,O2_char_spacing,0.3
D1_00079__O3_zero_width_10,G_00078,en,E3_obfuscated,1,0.9789095520973206,1,D1_00079,,O3_zero_width,0.1
D1_00079__O3_zero_width_20,G_00078,en,E3_obfuscated,1,0.9789095520973206,1,D1_00079,,O3_zero_width,0.2
D1_00079__O3_zero_width_30,G_00078,en,E3_obfuscated,1,0.9789095520973206,1,D1_00079,,O3_zero_width,0.3
D1_00079__O4_homoglyph_10,G_00078,en,E3_obfuscated,1,0.9803116321563721,1,D1_00079,,O4_homoglyph,0.1
D1_00079__O4_homoglyph_20,G_00078,en,E3_obfuscated,1,0.9799404740333557,1,D1_00079,,O4_homoglyph,0.2
D1_00079__O4_homoglyph_30,G_00078,en,E3_obfuscated,1,0.9804822206497192,1,D1_00079,,O4_homoglyph,0.3
D1_00079__O6_random_case_10,G_00078,en,E3_obfuscated,1,0.9789095520973206,1,D1_00079,,O6_random_case,0.1
D1_00079__O6_random_case_20,G_00078,en,E3_obfuscated,1,0.9789095520973206,1,D1_00079,,O6_random_case,0.2
D1_00079__O6_random_case_30,G_00078,en,E3_obfuscated,1,0.9789095520973206,1,D1_00079,,O6_random_case,0.3
D1_00079__O7_typo_10,G_00078,en,E3_obfuscated,1,0.979013979434967,1,D1_00079,,O7_typo,0.1
D1_00079__O7_typo_20,G_00078,en,E3_obfuscated,1,0.9798301458358765,1,D1_00079,,O7_typo,0.2
D1_00079__O7_typo_30,G_00078,en,E3_obfuscated,1,0.980118989944458,1,D1_00079,,O7_typo,0.3
D1_00079__O5_base64_100,G_00078,en,E3_obfuscated,1,0.9722497463226318,1,D1_00079,,O5_base64,1.0
D1_00082__O1_leetspeak_10,G_00081,en,E3_obfuscated,0,0.06202678009867668,0,D1_00082,,O1_leetspeak,0.1
D1_00082__O1_leetspeak_20,G_00081,en,E3_obfuscated,0,0.07328380644321442,0,D1_00082,,O1_leetspeak,0.2
D1_00082__O1_leetspeak_30,G_00081,en,E3_obfuscated,0,0.10027336329221725,0,D1_00082,,O1_leetspeak,0.3
D1_00082__O2_char_spacing_10,G_00081,en,E3_obfuscated,0,0.12968412041664124,0,D1_00082,,O2_char_spacing,0.1
D1_00082__O2_char_spacing_20,G_00081,en,E3_obfuscated,0,0.12968412041664124,0,D1_00082,,O2_char_spacing,0.2
D1_00082__O2_char_spacing_30,G_00081,en,E3_obfuscated,0,0.12968412041664124,0,D1_00082,,O2_char_spacing,0.3
D1_00082__O3_zero_width_10,G_00081,en,E3_obfuscated,0,0.05585799738764763,0,D1_00082,,O3_zero_width,0.1
D1_00082__O3_zero_width_20,G_00081,en,E3_obfuscated,0,0.05585799738764763,0,D1_00082,,O3_zero_width,0.2
D1_00082__O3_zero_width_30,G_00081,en,E3_obfuscated,0,0.05585799738764763,0,D1_00082,,O3_zero_width,0.3
D1_00082__O4_homoglyph_10,G_00081,en,E3_obfuscated,0,0.1083042249083519,0,D1_00082,,O4_homoglyph,0.1
D1_00082__O4_homoglyph_20,G_00081,en,E3_obfuscated,0,0.11129003763198853,0,D1_00082,,O4_homoglyph,0.2
D1_00082__O4_homoglyph_30,G_00081,en,E3_obfuscated,0,0.1337244063615799,0,D1_00082,,O4_homoglyph,0.3
D1_00082__O6_random_case_10,G_00081,en,E3_obfuscated,0,0.05585799738764763,0,D1_00082,,O6_random_case,0.1
D1_00082__O6_random_case_20,G_00081,en,E3_obfuscated,0,0.05585799738764763,0,D1_00082,,O6_random_case,0.2
D1_00082__O6_random_case_30,G_00081,en,E3_obfuscated,0,0.05585799738764763,0,D1_00082,,O6_random_case,0.3
D1_00082__O7_typo_10,G_00081,en,E3_obfuscated,0,0.05947880446910858,0,D1_00082,,O7_typo,0.1
D1_00082__O7_typo_20,G_00081,en,E3_obfuscated,0,0.05683044716715813,0,D1_00082,,O7_typo,0.2
D1_00082__O7_typo_30,G_00081,en,E3_obfuscated,0,0.058586519211530685,0,D1_00082,,O7_typo,0.3
D1_00082__O5_base64_100,G_00081,en,E3_obfuscated,0,0.971698522567749,1,D1_00082,,O5_base64,1.0
D1_00087__O1_leetspeak_10,G_00086,en,E3_obfuscated,1,0.9787572026252747,1,D1_00087,,O1_leetspeak,0.1
D1_00087__O1_leetspeak_20,G_00086,en,E3_obfuscated,1,0.9770709276199341,1,D1_00087,,O1_leetspeak,0.2
D1_00087__O1_leetspeak_30,G_00086,en,E3_obfuscated,1,0.9741421341896057,1,D1_00087,,O1_leetspeak,0.3
D1_00087__O2_char_spacing_10,G_00086,en,E3_obfuscated,1,0.9751210808753967,1,D1_00087,,O2_char_spacing,0.1
D1_00087__O2_char_spacing_20,G_00086,en,E3_obfuscated,1,0.9775943160057068,1,D1_00087,,O2_char_spacing,0.2
D1_00087__O2_char_spacing_30,G_00086,en,E3_obfuscated,1,0.9756138920783997,1,D1_00087,,O2_char_spacing,0.3
D1_00087__O3_zero_width_10,G_00086,en,E3_obfuscated,1,0.978039562702179,1,D1_00087,,O3_zero_width,0.1
D1_00087__O3_zero_width_20,G_00086,en,E3_obfuscated,1,0.978039562702179,1,D1_00087,,O3_zero_width,0.2
D1_00087__O3_zero_width_30,G_00086,en,E3_obfuscated,1,0.978039562702179,1,D1_00087,,O3_zero_width,0.3
D1_00087__O4_homoglyph_10,G_00086,en,E3_obfuscated,1,0.9794675707817078,1,D1_00087,,O4_homoglyph,0.1
D1_00087__O4_homoglyph_20,G_00086,en,E3_obfuscated,1,0.9777179956436157,1,D1_00087,,O4_homoglyph,0.2
D1_00087__O4_homoglyph_30,G_00086,en,E3_obfuscated,1,0.8795084953308105,1,D1_00087,,O4_homoglyph,0.3
D1_00087__O6_random_case_10,G_00086,en,E3_obfuscated,1,0.978039562702179,1,D1_00087,,O6_random_case,0.1
D1_00087__O6_random_case_20,G_00086,en,E3_obfuscated,1,0.978039562702179,1,D1_00087,,O6_random_case,0.2
D1_00087__O6_random_case_30,G_00086,en,E3_obfuscated,1,0.978039562702179,1,D1_00087,,O6_random_case,0.3
D1_00087__O7_typo_10,G_00086,en,E3_obfuscated,1,0.9785106182098389,1,D1_00087,,O7_typo,0.1
D1_00087__O7_typo_20,G_00086,en,E3_obfuscated,1,0.9776259064674377,1,D1_00087,,O7_typo,0.2
D1_00087__O7_typo_30,G_00086,en,E3_obfuscated,1,0.9796271324157715,1,D1_00087,,O7_typo,0.3
D1_00087__O5_base64_100,G_00086,en,E3_obfuscated,1,0.9724535346031189,1,D1_00087,,O5_base64,1.0
D1_00091__O1_leetspeak_10,G_00090,en,E3_obfuscated,0,0.06875382363796234,0,D1_00091,,O1_leetspeak,0.1
D1_00091__O1_leetspeak_20,G_00090,en,E3_obfuscated,0,0.10275402665138245,0,D1_00091,,O1_leetspeak,0.2
D1_00091__O1_leetspeak_30,G_00090,en,E3_obfuscated,0,0.12798334658145905,0,D1_00091,,O1_leetspeak,0.3
D1_00091__O2_char_spacing_10,G_00090,en,E3_obfuscated,0,0.0716857984662056,0,D1_00091,,O2_char_spacing,0.1
D1_00091__O2_char_spacing_20,G_00090,en,E3_obfuscated,0,0.05754623934626579,0,D1_00091,,O2_char_spacing,0.2
D1_00091__O2_char_spacing_30,G_00090,en,E3_obfuscated,0,0.0716857984662056,0,D1_00091,,O2_char_spacing,0.3
D1_00091__O3_zero_width_10,G_00090,en,E3_obfuscated,0,0.061815567314624786,0,D1_00091,,O3_zero_width,0.1
D1_00091__O3_zero_width_20,G_00090,en,E3_obfuscated,0,0.061815567314624786,0,D1_00091,,O3_zero_width,0.2
D1_00091__O3_zero_width_30,G_00090,en,E3_obfuscated,0,0.061815567314624786,0,D1_00091,,O3_zero_width,0.3
D1_00091__O4_homoglyph_10,G_00090,en,E3_obfuscated,0,0.08047676086425781,0,D1_00091,,O4_homoglyph,0.1
D1_00091__O4_homoglyph_20,G_00090,en,E3_obfuscated,0,0.10362972319126129,0,D1_00091,,O4_homoglyph,0.2
D1_00091__O4_homoglyph_30,G_00090,en,E3_obfuscated,0,0.10295961797237396,0,D1_00091,,O4_homoglyph,0.3
D1_00091__O6_random_case_10,G_00090,en,E3_obfuscated,0,0.061815567314624786,0,D1_00091,,O6_random_case,0.1
D1_00091__O6_random_case_20,G_00090,en,E3_obfuscated,0,0.061815567314624786,0,D1_00091,,O6_random_case,0.2
D1_00091__O6_random_case_30,G_00090,en,E3_obfuscated,0,0.061815567314624786,0,D1_00091,,O6_random_case,0.3
D1_00091__O7_typo_10,G_00090,en,E3_obfuscated,0,0.057650864124298096,0,D1_00091,,O7_typo,0.1
D1_00091__O7_typo_20,G_00090,en,E3_obfuscated,0,0.06258684396743774,0,D1_00091,,O7_typo,0.2
D1_00091__O7_typo_30,G_00090,en,E3_obfuscated,0,0.055779993534088135,0,D1_00091,,O7_typo,0.3
D1_00091__O5_base64_100,G_00090,en,E3_obfuscated,0,0.9689980149269104,1,D1_00091,,O5_base64,1.0
D1_00102__O1_leetspeak_10,G_00101,en,E3_obfuscated,0,0.34855130314826965,1,D1_00102,,O1_leetspeak,0.1
D1_00102__O1_leetspeak_20,G_00101,en,E3_obfuscated,0,0.9678425788879395,1,D1_00102,,O1_leetspeak,0.2
D1_00102__O1_leetspeak_30,G_00101,en,E3_obfuscated,0,0.9665443897247314,1,D1_00102,,O1_leetspeak,0.3
D1_00102__O2_char_spacing_10,G_00101,en,E3_obfuscated,0,0.2812545895576477,1,D1_00102,,O2_char_spacing,0.1
D1_00102__O2_char_spacing_20,G_00101,en,E3_obfuscated,0,0.2753109335899353,1,D1_00102,,O2_char_spacing,0.2
D1_00102__O2_char_spacing_30,G_00101,en,E3_obfuscated,0,0.9300001859664917,1,D1_00102,,O2_char_spacing,0.3
D1_00102__O3_zero_width_10,G_00101,en,E3_obfuscated,0,0.1197907030582428,0,D1_00102,,O3_zero_width,0.1
D1_00102__O3_zero_width_20,G_00101,en,E3_obfuscated,0,0.1197907030582428,0,D1_00102,,O3_zero_width,0.2
D1_00102__O3_zero_width_30,G_00101,en,E3_obfuscated,0,0.1197907030582428,0,D1_00102,,O3_zero_width,0.3
D1_00102__O4_homoglyph_10,G_00101,en,E3_obfuscated,0,0.15817919373512268,0,D1_00102,,O4_homoglyph,0.1
D1_00102__O4_homoglyph_20,G_00101,en,E3_obfuscated,0,0.9626495242118835,1,D1_00102,,O4_homoglyph,0.2
D1_00102__O4_homoglyph_30,G_00101,en,E3_obfuscated,0,0.970206618309021,1,D1_00102,,O4_homoglyph,0.3
D1_00102__O6_random_case_10,G_00101,en,E3_obfuscated,0,0.1197907030582428,0,D1_00102,,O6_random_case,0.1
D1_00102__O6_random_case_20,G_00101,en,E3_obfuscated,0,0.1197907030582428,0,D1_00102,,O6_random_case,0.2
D1_00102__O6_random_case_30,G_00101,en,E3_obfuscated,0,0.1197907030582428,0,D1_00102,,O6_random_case,0.3
D1_00102__O7_typo_10,G_00101,en,E3_obfuscated,0,0.11434679478406906,0,D1_00102,,O7_typo,0.1
D1_00102__O7_typo_20,G_00101,en,E3_obfuscated,0,0.17668412625789642,0,D1_00102,,O7_typo,0.2
D1_00102__O7_typo_30,G_00101,en,E3_obfuscated,0,0.860547661781311,1,D1_00102,,O7_typo,0.3
D1_00102__O5_base64_100,G_00101,en,E3_obfuscated,0,0.973118007183075,1,D1_00102,,O5_base64,1.0
D1_00105__O1_leetspeak_10,G_00055,en,E3_obfuscated,0,0.05916333571076393,0,D1_00105,,O1_leetspeak,0.1
D1_00105__O1_leetspeak_20,G_00055,en,E3_obfuscated,0,0.06506375968456268,0,D1_00105,,O1_leetspeak,0.2
D1_00105__O1_leetspeak_30,G_00055,en,E3_obfuscated,0,0.09159848839044571,0,D1_00105,,O1_leetspeak,0.3
D1_00105__O2_char_spacing_10,G_00055,en,E3_obfuscated,0,0.05683154985308647,0,D1_00105,,O2_char_spacing,0.1
D1_00105__O2_char_spacing_20,G_00055,en,E3_obfuscated,0,0.04642703756690025,0,D1_00105,,O2_char_spacing,0.2
D1_00105__O2_char_spacing_30,G_00055,en,E3_obfuscated,0,0.04902941361069679,0,D1_00105,,O2_char_spacing,0.3
D1_00105__O3_zero_width_10,G_00055,en,E3_obfuscated,0,0.052136506885290146,0,D1_00105,,O3_zero_width,0.1
D1_00105__O3_zero_width_20,G_00055,en,E3_obfuscated,0,0.052136506885290146,0,D1_00105,,O3_zero_width,0.2
D1_00105__O3_zero_width_30,G_00055,en,E3_obfuscated,0,0.052136506885290146,0,D1_00105,,O3_zero_width,0.3
D1_00105__O4_homoglyph_10,G_00055,en,E3_obfuscated,0,0.05340651422739029,0,D1_00105,,O4_homoglyph,0.1
D1_00105__O4_homoglyph_20,G_00055,en,E3_obfuscated,0,0.0633329302072525,0,D1_00105,,O4_homoglyph,0.2
D1_00105__O4_homoglyph_30,G_00055,en,E3_obfuscated,0,0.07340158522129059,0,D1_00105,,O4_homoglyph,0.3
D1_00105__O6_random_case_10,G_00055,en,E3_obfuscated,0,0.052136506885290146,0,D1_00105,,O6_random_case,0.1
D1_00105__O6_random_case_20,G_00055,en,E3_obfuscated,0,0.052136506885290146,0,D1_00105,,O6_random_case,0.2
D1_00105__O6_random_case_30,G_00055,en,E3_obfuscated,0,0.052136506885290146,0,D1_00105,,O6_random_case,0.3
D1_00105__O7_typo_10,G_00055,en,E3_obfuscated,0,0.05206144601106644,0,D1_00105,,O7_typo,0.1
D1_00105__O7_typo_20,G_00055,en,E3_obfuscated,0,0.05424472317099571,0,D1_00105,,O7_typo,0.2
D1_00105__O7_typo_30,G_00055,en,E3_obfuscated,0,0.05265902355313301,0,D1_00105,,O7_typo,0.3
D1_00105__O5_base64_100,G_00055,en,E3_obfuscated,0,0.9719610214233398,1,D1_00105,,O5_base64,1.0
D1_00111__O1_leetspeak_10,G_00110,en,E3_obfuscated,0,0.05273021385073662,0,D1_00111,,O1_leetspeak,0.1
D1_00111__O1_leetspeak_20,G_00110,en,E3_obfuscated,0,0.06582581996917725,0,D1_00111,,O1_leetspeak,0.2
D1_00111__O1_leetspeak_30,G_00110,en,E3_obfuscated,0,0.05500856414437294,0,D1_00111,,O1_leetspeak,0.3
D1_00111__O2_char_spacing_10,G_00110,en,E3_obfuscated,0,0.04743490368127823,0,D1_00111,,O2_char_spacing,0.1
D1_00111__O2_char_spacing_20,G_00110,en,E3_obfuscated,0,0.048243194818496704,0,D1_00111,,O2_char_spacing,0.2
D1_00111__O2_char_spacing_30,G_00110,en,E3_obfuscated,0,0.05077071487903595,0,D1_00111,,O2_char_spacing,0.3
D1_00111__O3_zero_width_10,G_00110,en,E3_obfuscated,0,0.05197491869330406,0,D1_00111,,O3_zero_width,0.1
D1_00111__O3_zero_width_20,G_00110,en,E3_obfuscated,0,0.05197491869330406,0,D1_00111,,O3_zero_width,0.2
D1_00111__O3_zero_width_30,G_00110,en,E3_obfuscated,0,0.05197491869330406,0,D1_00111,,O3_zero_width,0.3
D1_00111__O4_homoglyph_10,G_00110,en,E3_obfuscated,0,0.053828321397304535,0,D1_00111,,O4_homoglyph,0.1
D1_00111__O4_homoglyph_20,G_00110,en,E3_obfuscated,0,0.05421660467982292,0,D1_00111,,O4_homoglyph,0.2
D1_00111__O4_homoglyph_30,G_00110,en,E3_obfuscated,0,0.06627173721790314,0,D1_00111,,O4_homoglyph,0.3
D1_00111__O6_random_case_10,G_00110,en,E3_obfuscated,0,0.05197491869330406,0,D1_00111,,O6_random_case,0.1
D1_00111__O6_random_case_20,G_00110,en,E3_obfuscated,0,0.05197491869330406,0,D1_00111,,O6_random_case,0.2
D1_00111__O6_random_case_30,G_00110,en,E3_obfuscated,0,0.05197491869330406,0,D1_00111,,O6_random_case,0.3
D1_00111__O7_typo_10,G_00110,en,E3_obfuscated,0,0.05333749204874039,0,D1_00111,,O7_typo,0.1
D1_00111__O7_typo_20,G_00110,en,E3_obfuscated,0,0.05206528678536415,0,D1_00111,,O7_typo,0.2
D1_00111__O7_typo_30,G_00110,en,E3_obfuscated,0,0.05364976078271866,0,D1_00111,,O7_typo,0.3
D1_00111__O5_base64_100,G_00110,en,E3_obfuscated,0,0.9730174541473389,1,D1_00111,,O5_base64,1.0
D1_00112__O1_leetspeak_10,G_00111,en,E3_obfuscated,0,0.9606627225875854,1,D1_00112,,O1_leetspeak,0.1
D1_00112__O1_leetspeak_20,G_00111,en,E3_obfuscated,0,0.9702993035316467,1,D1_00112,,O1_leetspeak,0.2
D1_00112__O1_leetspeak_30,G_00111,en,E3_obfuscated,0,0.9771845936775208,1,D1_00112,,O1_leetspeak,0.3
D1_00112__O2_char_spacing_10,G_00111,en,E3_obfuscated,0,0.14347518980503082,0,D1_00112,,O2_char_spacing,0.1
D1_00112__O2_char_spacing_20,G_00111,en,E3_obfuscated,0,0.12138287723064423,0,D1_00112,,O2_char_spacing,0.2
D1_00112__O2_char_spacing_30,G_00111,en,E3_obfuscated,0,0.977497398853302,1,D1_00112,,O2_char_spacing,0.3
D1_00112__O3_zero_width_10,G_00111,en,E3_obfuscated,0,0.1384941190481186,0,D1_00112,,O3_zero_width,0.1
D1_00112__O3_zero_width_20,G_00111,en,E3_obfuscated,0,0.1384941190481186,0,D1_00112,,O3_zero_width,0.2
D1_00112__O3_zero_width_30,G_00111,en,E3_obfuscated,0,0.1384941190481186,0,D1_00112,,O3_zero_width,0.3
D1_00112__O4_homoglyph_10,G_00111,en,E3_obfuscated,0,0.9517109990119934,1,D1_00112,,O4_homoglyph,0.1
D1_00112__O4_homoglyph_20,G_00111,en,E3_obfuscated,0,0.978882372379303,1,D1_00112,,O4_homoglyph,0.2
D1_00112__O4_homoglyph_30,G_00111,en,E3_obfuscated,0,0.9771612882614136,1,D1_00112,,O4_homoglyph,0.3
D1_00112__O6_random_case_10,G_00111,en,E3_obfuscated,0,0.1384941190481186,0,D1_00112,,O6_random_case,0.1
D1_00112__O6_random_case_20,G_00111,en,E3_obfuscated,0,0.1384941190481186,0,D1_00112,,O6_random_case,0.2
D1_00112__O6_random_case_30,G_00111,en,E3_obfuscated,0,0.1384941190481186,0,D1_00112,,O6_random_case,0.3
D1_00112__O7_typo_10,G_00111,en,E3_obfuscated,0,0.1431642770767212,0,D1_00112,,O7_typo,0.1
D1_00112__O7_typo_20,G_00111,en,E3_obfuscated,0,0.14971953630447388,0,D1_00112,,O7_typo,0.2
D1_00112__O7_typo_30,G_00111,en,E3_obfuscated,0,0.16035068035125732,0,D1_00112,,O7_typo,0.3
D1_00112__O5_base64_100,G_00111,en,E3_obfuscated,0,0.973118007183075,1,D1_00112,,O5_base64,1.0
D1_00133__O1_leetspeak_10,G_00132,en,E3_obfuscated,0,0.05883914977312088,0,D1_00133,,O1_leetspeak,0.1
D1_00133__O1_leetspeak_20,G_00132,en,E3_obfuscated,0,0.07933192700147629,0,D1_00133,,O1_leetspeak,0.2
D1_00133__O1_leetspeak_30,G_00132,en,E3_obfuscated,0,0.07650350779294968,0,D1_00133,,O1_leetspeak,0.3
D1_00133__O2_char_spacing_10,G_00132,en,E3_obfuscated,0,0.054758187383413315,0,D1_00133,,O2_char_spacing,0.1
D1_00133__O2_char_spacing_20,G_00132,en,E3_obfuscated,0,0.06733712553977966,0,D1_00133,,O2_char_spacing,0.2
D1_00133__O2_char_spacing_30,G_00132,en,E3_obfuscated,0,0.07225168496370316,0,D1_00133,,O2_char_spacing,0.3
D1_00133__O3_zero_width_10,G_00132,en,E3_obfuscated,0,0.05667651444673538,0,D1_00133,,O3_zero_width,0.1
D1_00133__O3_zero_width_20,G_00132,en,E3_obfuscated,0,0.05667651444673538,0,D1_00133,,O3_zero_width,0.2
D1_00133__O3_zero_width_30,G_00132,en,E3_obfuscated,0,0.05667651444673538,0,D1_00133,,O3_zero_width,0.3
D1_00133__O4_homoglyph_10,G_00132,en,E3_obfuscated,0,0.08212149143218994,0,D1_00133,,O4_homoglyph,0.1
D1_00133__O4_homoglyph_20,G_00132,en,E3_obfuscated,0,0.061277955770492554,0,D1_00133,,O4_homoglyph,0.2
D1_00133__O4_homoglyph_30,G_00132,en,E3_obfuscated,0,0.07755722850561142,0,D1_00133,,O4_homoglyph,0.3
D1_00133__O6_random_case_10,G_00132,en,E3_obfuscated,0,0.05667651444673538,0,D1_00133,,O6_random_case,0.1
D1_00133__O6_random_case_20,G_00132,en,E3_obfuscated,0,0.05667651444673538,0,D1_00133,,O6_random_case,0.2
D1_00133__O6_random_case_30,G_00132,en,E3_obfuscated,0,0.05667651444673538,0,D1_00133,,O6_random_case,0.3
D1_00133__O7_typo_10,G_00132,en,E3_obfuscated,0,0.05272302404046059,0,D1_00133,,O7_typo,0.1
D1_00133__O7_typo_20,G_00132,en,E3_obfuscated,0,0.05954531580209732,0,D1_00133,,O7_typo,0.2
D1_00133__O7_typo_30,G_00132,en,E3_obfuscated,0,0.0590488538146019,0,D1_00133,,O7_typo,0.3
D1_00133__O5_base64_100,G_00132,en,E3_obfuscated,0,0.9707889556884766,1,D1_00133,,O5_base64,1.0
D1_00150__O1_leetspeak_10,G_00149,en,E3_obfuscated,0,0.08491750061511993,0,D1_00150,,O1_leetspeak,0.1
D1_00150__O1_leetspeak_20,G_00149,en,E3_obfuscated,0,0.0665648952126503,0,D1_00150,,O1_leetspeak,0.2
D1_00150__O1_leetspeak_30,G_00149,en,E3_obfuscated,0,0.09752368927001953,0,D1_00150,,O1_leetspeak,0.3
D1_00150__O2_char_spacing_10,G_00149,en,E3_obfuscated,0,0.07507399469614029,0,D1_00150,,O2_char_spacing,0.1
D1_00150__O2_char_spacing_20,G_00149,en,E3_obfuscated,0,0.0644083246588707,0,D1_00150,,O2_char_spacing,0.2
D1_00150__O2_char_spacing_30,G_00149,en,E3_obfuscated,0,0.10707352310419083,0,D1_00150,,O2_char_spacing,0.3
D1_00150__O3_zero_width_10,G_00149,en,E3_obfuscated,0,0.06004738435149193,0,D1_00150,,O3_zero_width,0.1
D1_00150__O3_zero_width_20,G_00149,en,E3_obfuscated,0,0.06004738435149193,0,D1_00150,,O3_zero_width,0.2
D1_00150__O3_zero_width_30,G_00149,en,E3_obfuscated,0,0.06004738435149193,0,D1_00150,,O3_zero_width,0.3
D1_00150__O4_homoglyph_10,G_00149,en,E3_obfuscated,0,0.06256123632192612,0,D1_00150,,O4_homoglyph,0.1
D1_00150__O4_homoglyph_20,G_00149,en,E3_obfuscated,0,0.09226281195878983,0,D1_00150,,O4_homoglyph,0.2
D1_00150__O4_homoglyph_30,G_00149,en,E3_obfuscated,0,0.09752889722585678,0,D1_00150,,O4_homoglyph,0.3
D1_00150__O6_random_case_10,G_00149,en,E3_obfuscated,0,0.06004738435149193,0,D1_00150,,O6_random_case,0.1
D1_00150__O6_random_case_20,G_00149,en,E3_obfuscated,0,0.06004738435149193,0,D1_00150,,O6_random_case,0.2
D1_00150__O6_random_case_30,G_00149,en,E3_obfuscated,0,0.06004738435149193,0,D1_00150,,O6_random_case,0.3
D1_00150__O7_typo_10,G_00149,en,E3_obfuscated,0,0.04926323518157005,0,D1_00150,,O7_typo,0.1
D1_00150__O7_typo_20,G_00149,en,E3_obfuscated,0,0.07111255079507828,0,D1_00150,,O7_typo,0.2
D1_00150__O7_typo_30,G_00149,en,E3_obfuscated,0,0.06919365376234055,0,D1_00150,,O7_typo,0.3
D1_00150__O5_base64_100,G_00149,en,E3_obfuscated,0,0.9728207588195801,1,D1_00150,,O5_base64,1.0
D1_00160__O1_leetspeak_10,G_00159,en,E3_obfuscated,0,0.05398997664451599,0,D1_00160,,O1_leetspeak,0.1
D1_00160__O1_leetspeak_20,G_00159,en,E3_obfuscated,0,0.05308640003204346,0,D1_00160,,O1_leetspeak,0.2
D1_00160__O1_leetspeak_30,G_00159,en,E3_obfuscated,0,0.07361721247434616,0,D1_00160,,O1_leetspeak,0.3
D1_00160__O2_char_spacing_10,G_00159,en,E3_obfuscated,0,0.04751643165946007,0,D1_00160,,O2_char_spacing,0.1
D1_00160__O2_char_spacing_20,G_00159,en,E3_obfuscated,0,0.05342917516827583,0,D1_00160,,O2_char_spacing,0.2
D1_00160__O2_char_spacing_30,G_00159,en,E3_obfuscated,0,0.052865710109472275,0,D1_00160,,O2_char_spacing,0.3
D1_00160__O3_zero_width_10,G_00159,en,E3_obfuscated,0,0.051890864968299866,0,D1_00160,,O3_zero_width,0.1
D1_00160__O3_zero_width_20,G_00159,en,E3_obfuscated,0,0.051890864968299866,0,D1_00160,,O3_zero_width,0.2
D1_00160__O3_zero_width_30,G_00159,en,E3_obfuscated,0,0.051890864968299866,0,D1_00160,,O3_zero_width,0.3
D1_00160__O4_homoglyph_10,G_00159,en,E3_obfuscated,0,0.06344833970069885,0,D1_00160,,O4_homoglyph,0.1
D1_00160__O4_homoglyph_20,G_00159,en,E3_obfuscated,0,0.08579108864068985,0,D1_00160,,O4_homoglyph,0.2
D1_00160__O4_homoglyph_30,G_00159,en,E3_obfuscated,0,0.07840721309185028,0,D1_00160,,O4_homoglyph,0.3
D1_00160__O6_random_case_10,G_00159,en,E3_obfuscated,0,0.051890864968299866,0,D1_00160,,O6_random_case,0.1
D1_00160__O6_random_case_20,G_00159,en,E3_obfuscated,0,0.051890864968299866,0,D1_00160,,O6_random_case,0.2
D1_00160__O6_random_case_30,G_00159,en,E3_obfuscated,0,0.051890864968299866,0,D1_00160,,O6_random_case,0.3
D1_00160__O7_typo_10,G_00159,en,E3_obfuscated,0,0.06665503233671188,0,D1_00160,,O7_typo,0.1
D1_00160__O7_typo_20,G_00159,en,E3_obfuscated,0,0.06665503233671188,0,D1_00160,,O7_typo,0.2
D1_00160__O7_typo_30,G_00159,en,E3_obfuscated,0,0.05392812192440033,0,D1_00160,,O7_typo,0.3
D1_00160__O5_base64_100,G_00159,en,E3_obfuscated,0,0.9710929989814758,1,D1_00160,,O5_base64,1.0
D1_00165__O1_leetspeak_10,G_00164,en,E3_obfuscated,0,0.9478775262832642,1,D1_00165,,O1_leetspeak,0.1
D1_00165__O1_leetspeak_20,G_00164,en,E3_obfuscated,0,0.9746725559234619,1,D1_00165,,O1_leetspeak,0.2
D1_00165__O1_leetspeak_30,G_00164,en,E3_obfuscated,0,0.9746042490005493,1,D1_00165,,O1_leetspeak,0.3
D1_00165__O2_char_spacing_10,G_00164,en,E3_obfuscated,0,0.12563572824001312,0,D1_00165,,O2_char_spacing,0.1
D1_00165__O2_char_spacing_20,G_00164,en,E3_obfuscated,0,0.8529328107833862,1,D1_00165,,O2_char_spacing,0.2
D1_00165__O2_char_spacing_30,G_00164,en,E3_obfuscated,0,0.9607149958610535,1,D1_00165,,O2_char_spacing,0.3
D1_00165__O3_zero_width_10,G_00164,en,E3_obfuscated,0,0.10300104320049286,0,D1_00165,,O3_zero_width,0.1
D1_00165__O3_zero_width_20,G_00164,en,E3_obfuscated,0,0.10300104320049286,0,D1_00165,,O3_zero_width,0.2
D1_00165__O3_zero_width_30,G_00164,en,E3_obfuscated,0,0.10300104320049286,0,D1_00165,,O3_zero_width,0.3
D1_00165__O4_homoglyph_10,G_00164,en,E3_obfuscated,0,0.9562585353851318,1,D1_00165,,O4_homoglyph,0.1
D1_00165__O4_homoglyph_20,G_00164,en,E3_obfuscated,0,0.9725448489189148,1,D1_00165,,O4_homoglyph,0.2
D1_00165__O4_homoglyph_30,G_00164,en,E3_obfuscated,0,0.9761585593223572,1,D1_00165,,O4_homoglyph,0.3
D1_00165__O6_random_case_10,G_00164,en,E3_obfuscated,0,0.10300104320049286,0,D1_00165,,O6_random_case,0.1
D1_00165__O6_random_case_20,G_00164,en,E3_obfuscated,0,0.10300104320049286,0,D1_00165,,O6_random_case,0.2
D1_00165__O6_random_case_30,G_00164,en,E3_obfuscated,0,0.10300104320049286,0,D1_00165,,O6_random_case,0.3
D1_00165__O7_typo_10,G_00164,en,E3_obfuscated,0,0.10140267759561539,0,D1_00165,,O7_typo,0.1
D1_00165__O7_typo_20,G_00164,en,E3_obfuscated,0,0.12491654604673386,0,D1_00165,,O7_typo,0.2
D1_00165__O7_typo_30,G_00164,en,E3_obfuscated,0,0.14969471096992493,0,D1_00165,,O7_typo,0.3
D1_00165__O5_base64_100,G_00164,en,E3_obfuscated,0,0.9728033542633057,1,D1_00165,,O5_base64,1.0
D1_00167__O1_leetspeak_10,G_00166,en,E3_obfuscated,0,0.9684066772460938,1,D1_00167,,O1_leetspeak,0.1
D1_00167__O1_leetspeak_20,G_00166,en,E3_obfuscated,0,0.9754971265792847,1,D1_00167,,O1_leetspeak,0.2
D1_00167__O1_leetspeak_30,G_00166,en,E3_obfuscated,0,0.976024329662323,1,D1_00167,,O1_leetspeak,0.3
D1_00167__O2_char_spacing_10,G_00166,en,E3_obfuscated,0,0.3738972246646881,1,D1_00167,,O2_char_spacing,0.1
D1_00167__O2_char_spacing_20,G_00166,en,E3_obfuscated,0,0.8999244570732117,1,D1_00167,,O2_char_spacing,0.2
D1_00167__O2_char_spacing_30,G_00166,en,E3_obfuscated,0,0.9652518630027771,1,D1_00167,,O2_char_spacing,0.3
D1_00167__O3_zero_width_10,G_00166,en,E3_obfuscated,0,0.12044144421815872,0,D1_00167,,O3_zero_width,0.1
D1_00167__O3_zero_width_20,G_00166,en,E3_obfuscated,0,0.12044144421815872,0,D1_00167,,O3_zero_width,0.2
D1_00167__O3_zero_width_30,G_00166,en,E3_obfuscated,0,0.12044144421815872,0,D1_00167,,O3_zero_width,0.3
D1_00167__O4_homoglyph_10,G_00166,en,E3_obfuscated,0,0.9470301270484924,1,D1_00167,,O4_homoglyph,0.1
D1_00167__O4_homoglyph_20,G_00166,en,E3_obfuscated,0,0.9420427680015564,1,D1_00167,,O4_homoglyph,0.2
D1_00167__O4_homoglyph_30,G_00166,en,E3_obfuscated,0,0.976710855960846,1,D1_00167,,O4_homoglyph,0.3
D1_00167__O6_random_case_10,G_00166,en,E3_obfuscated,0,0.12044144421815872,0,D1_00167,,O6_random_case,0.1
D1_00167__O6_random_case_20,G_00166,en,E3_obfuscated,0,0.12044144421815872,0,D1_00167,,O6_random_case,0.2
D1_00167__O6_random_case_30,G_00166,en,E3_obfuscated,0,0.12044144421815872,0,D1_00167,,O6_random_case,0.3
D1_00167__O7_typo_10,G_00166,en,E3_obfuscated,0,0.12126695364713669,0,D1_00167,,O7_typo,0.1
D1_00167__O7_typo_20,G_00166,en,E3_obfuscated,0,0.33176741003990173,1,D1_00167,,O7_typo,0.2
D1_00167__O7_typo_30,G_00166,en,E3_obfuscated,0,0.9014573693275452,1,D1_00167,,O7_typo,0.3
D1_00167__O5_base64_100,G_00166,en,E3_obfuscated,0,0.973118007183075,1,D1_00167,,O5_base64,1.0
D1_00176__O1_leetspeak_10,G_00175,en,E3_obfuscated,0,0.8731684684753418,1,D1_00176,,O1_leetspeak,0.1
D1_00176__O1_leetspeak_20,G_00175,en,E3_obfuscated,0,0.9699485898017883,1,D1_00176,,O1_leetspeak,0.2
D1_00176__O1_leetspeak_30,G_00175,en,E3_obfuscated,0,0.975442111492157,1,D1_00176,,O1_leetspeak,0.3
D1_00176__O2_char_spacing_10,G_00175,en,E3_obfuscated,0,0.1012100949883461,0,D1_00176,,O2_char_spacing,0.1
D1_00176__O2_char_spacing_20,G_00175,en,E3_obfuscated,0,0.08916305750608444,0,D1_00176,,O2_char_spacing,0.2
D1_00176__O2_char_spacing_30,G_00175,en,E3_obfuscated,0,0.9051330089569092,1,D1_00176,,O2_char_spacing,0.3
D1_00176__O3_zero_width_10,G_00175,en,E3_obfuscated,0,0.10948739945888519,0,D1_00176,,O3_zero_width,0.1
D1_00176__O3_zero_width_20,G_00175,en,E3_obfuscated,0,0.10948739945888519,0,D1_00176,,O3_zero_width,0.2
D1_00176__O3_zero_width_30,G_00175,en,E3_obfuscated,0,0.10948739945888519,0,D1_00176,,O3_zero_width,0.3
D1_00176__O4_homoglyph_10,G_00175,en,E3_obfuscated,0,0.7076934576034546,1,D1_00176,,O4_homoglyph,0.1
D1_00176__O4_homoglyph_20,G_00175,en,E3_obfuscated,0,0.9743105173110962,1,D1_00176,,O4_homoglyph,0.2
D1_00176__O4_homoglyph_30,G_00175,en,E3_obfuscated,0,0.9750339388847351,1,D1_00176,,O4_homoglyph,0.3
D1_00176__O6_random_case_10,G_00175,en,E3_obfuscated,0,0.10948739945888519,0,D1_00176,,O6_random_case,0.1
D1_00176__O6_random_case_20,G_00175,en,E3_obfuscated,0,0.10948739945888519,0,D1_00176,,O6_random_case,0.2
D1_00176__O6_random_case_30,G_00175,en,E3_obfuscated,0,0.10948739945888519,0,D1_00176,,O6_random_case,0.3
D1_00176__O7_typo_10,G_00175,en,E3_obfuscated,0,0.10955718159675598,0,D1_00176,,O7_typo,0.1
D1_00176__O7_typo_20,G_00175,en,E3_obfuscated,0,0.12442083656787872,0,D1_00176,,O7_typo,0.2
D1_00176__O7_typo_30,G_00175,en,E3_obfuscated,0,0.13812971115112305,0,D1_00176,,O7_typo,0.3
D1_00176__O5_base64_100,G_00175,en,E3_obfuscated,0,0.9728033542633057,1,D1_00176,,O5_base64,1.0
D1_00178__O1_leetspeak_10,G_00177,en,E3_obfuscated,0,0.4339289665222168,1,D1_00178,,O1_leetspeak,0.1
D1_00178__O1_leetspeak_20,G_00177,en,E3_obfuscated,0,0.7136786580085754,1,D1_00178,,O1_leetspeak,0.2
D1_00178__O1_leetspeak_30,G_00177,en,E3_obfuscated,0,0.9256945848464966,1,D1_00178,,O1_leetspeak,0.3
D1_00178__O2_char_spacing_10,G_00177,en,E3_obfuscated,0,0.16019538044929504,0,D1_00178,,O2_char_spacing,0.1
D1_00178__O2_char_spacing_20,G_00177,en,E3_obfuscated,0,0.19354423880577087,0,D1_00178,,O2_char_spacing,0.2
D1_00178__O2_char_spacing_30,G_00177,en,E3_obfuscated,0,0.48657554388046265,1,D1_00178,,O2_char_spacing,0.3
D1_00178__O3_zero_width_10,G_00177,en,E3_obfuscated,0,0.19709113240242004,0,D1_00178,,O3_zero_width,0.1
D1_00178__O3_zero_width_20,G_00177,en,E3_obfuscated,0,0.19709113240242004,0,D1_00178,,O3_zero_width,0.2
D1_00178__O3_zero_width_30,G_00177,en,E3_obfuscated,0,0.19709113240242004,0,D1_00178,,O3_zero_width,0.3
D1_00178__O4_homoglyph_10,G_00177,en,E3_obfuscated,0,0.2919844686985016,1,D1_00178,,O4_homoglyph,0.1
D1_00178__O4_homoglyph_20,G_00177,en,E3_obfuscated,0,0.33815547823905945,1,D1_00178,,O4_homoglyph,0.2
D1_00178__O4_homoglyph_30,G_00177,en,E3_obfuscated,0,0.9393084645271301,1,D1_00178,,O4_homoglyph,0.3
D1_00178__O6_random_case_10,G_00177,en,E3_obfuscated,0,0.19709113240242004,0,D1_00178,,O6_random_case,0.1
D1_00178__O6_random_case_20,G_00177,en,E3_obfuscated,0,0.19709113240242004,0,D1_00178,,O6_random_case,0.2
D1_00178__O6_random_case_30,G_00177,en,E3_obfuscated,0,0.19709113240242004,0,D1_00178,,O6_random_case,0.3
D1_00178__O7_typo_10,G_00177,en,E3_obfuscated,0,0.20614618062973022,0,D1_00178,,O7_typo,0.1
D1_00178__O7_typo_20,G_00177,en,E3_obfuscated,0,0.19824640452861786,0,D1_00178,,O7_typo,0.2
D1_00178__O7_typo_30,G_00177,en,E3_obfuscated,0,0.4252778887748718,1,D1_00178,,O7_typo,0.3
D1_00178__O5_base64_100,G_00177,en,E3_obfuscated,0,0.9722497463226318,1,D1_00178,,O5_base64,1.0
D1_00179__O1_leetspeak_10,G_00178,en,E3_obfuscated,1,0.9794028401374817,1,D1_00179,,O1_leetspeak,0.1
D1_00179__O1_leetspeak_20,G_00178,en,E3_obfuscated,1,0.9804632067680359,1,D1_00179,,O1_leetspeak,0.2
D1_00179__O1_leetspeak_30,G_00178,en,E3_obfuscated,1,0.9796766638755798,1,D1_00179,,O1_leetspeak,0.3
D1_00179__O2_char_spacing_10,G_00178,en,E3_obfuscated,1,0.9761897921562195,1,D1_00179,,O2_char_spacing,0.1
D1_00179__O2_char_spacing_20,G_00178,en,E3_obfuscated,1,0.9785022735595703,1,D1_00179,,O2_char_spacing,0.2
D1_00179__O2_char_spacing_30,G_00178,en,E3_obfuscated,1,0.9774013757705688,1,D1_00179,,O2_char_spacing,0.3
D1_00179__O3_zero_width_10,G_00178,en,E3_obfuscated,1,0.9731559157371521,1,D1_00179,,O3_zero_width,0.1
D1_00179__O3_zero_width_20,G_00178,en,E3_obfuscated,1,0.9731559157371521,1,D1_00179,,O3_zero_width,0.2
D1_00179__O3_zero_width_30,G_00178,en,E3_obfuscated,1,0.9731559157371521,1,D1_00179,,O3_zero_width,0.3
D1_00179__O4_homoglyph_10,G_00178,en,E3_obfuscated,1,0.9782611727714539,1,D1_00179,,O4_homoglyph,0.1
D1_00179__O4_homoglyph_20,G_00178,en,E3_obfuscated,1,0.9795150756835938,1,D1_00179,,O4_homoglyph,0.2
D1_00179__O4_homoglyph_30,G_00178,en,E3_obfuscated,1,0.9790065884590149,1,D1_00179,,O4_homoglyph,0.3
D1_00179__O6_random_case_10,G_00178,en,E3_obfuscated,1,0.9731559157371521,1,D1_00179,,O6_random_case,0.1
D1_00179__O6_random_case_20,G_00178,en,E3_obfuscated,1,0.9731559157371521,1,D1_00179,,O6_random_case,0.2
D1_00179__O6_random_case_30,G_00178,en,E3_obfuscated,1,0.9731559157371521,1,D1_00179,,O6_random_case,0.3
D1_00179__O7_typo_10,G_00178,en,E3_obfuscated,1,0.977982759475708,1,D1_00179,,O7_typo,0.1
D1_00179__O7_typo_20,G_00178,en,E3_obfuscated,1,0.9793002009391785,1,D1_00179,,O7_typo,0.2
D1_00179__O7_typo_30,G_00178,en,E3_obfuscated,1,0.97890305519104,1,D1_00179,,O7_typo,0.3
D1_00179__O5_base64_100,G_00178,en,E3_obfuscated,1,0.9724760055541992,1,D1_00179,,O5_base64,1.0
D1_00183__O1_leetspeak_10,G_00182,other,E3_obfuscated,0,0.17933425307273865,0,D1_00183,,O1_leetspeak,0.1
D1_00183__O1_leetspeak_20,G_00182,other,E3_obfuscated,0,0.1432531177997589,0,D1_00183,,O1_leetspeak,0.2
D1_00183__O1_leetspeak_30,G_00182,other,E3_obfuscated,0,0.16122598946094513,0,D1_00183,,O1_leetspeak,0.3
D1_00183__O2_char_spacing_10,G_00182,other,E3_obfuscated,0,0.16953618824481964,0,D1_00183,,O2_char_spacing,0.1
D1_00183__O2_char_spacing_20,G_00182,other,E3_obfuscated,0,0.15021827816963196,0,D1_00183,,O2_char_spacing,0.2
D1_00183__O2_char_spacing_30,G_00182,other,E3_obfuscated,0,0.18193842470645905,0,D1_00183,,O2_char_spacing,0.3
D1_00183__O3_zero_width_10,G_00182,other,E3_obfuscated,0,0.16084520518779755,0,D1_00183,,O3_zero_width,0.1
D1_00183__O3_zero_width_20,G_00182,other,E3_obfuscated,0,0.16084520518779755,0,D1_00183,,O3_zero_width,0.2
D1_00183__O3_zero_width_30,G_00182,other,E3_obfuscated,0,0.16084520518779755,0,D1_00183,,O3_zero_width,0.3
D1_00183__O4_homoglyph_10,G_00182,other,E3_obfuscated,0,0.17377828061580658,0,D1_00183,,O4_homoglyph,0.1
D1_00183__O4_homoglyph_20,G_00182,other,E3_obfuscated,0,0.16494686901569366,0,D1_00183,,O4_homoglyph,0.2
D1_00183__O4_homoglyph_30,G_00182,other,E3_obfuscated,0,0.1639210283756256,0,D1_00183,,O4_homoglyph,0.3
D1_00183__O6_random_case_10,G_00182,other,E3_obfuscated,0,0.16084520518779755,0,D1_00183,,O6_random_case,0.1
D1_00183__O6_random_case_20,G_00182,other,E3_obfuscated,0,0.16084520518779755,0,D1_00183,,O6_random_case,0.2
D1_00183__O6_random_case_30,G_00182,other,E3_obfuscated,0,0.16084520518779755,0,D1_00183,,O6_random_case,0.3
D1_00183__O7_typo_10,G_00182,other,E3_obfuscated,0,0.14336591958999634,0,D1_00183,,O7_typo,0.1
D1_00183__O7_typo_20,G_00182,other,E3_obfuscated,0,0.14623257517814636,0,D1_00183,,O7_typo,0.2
D1_00183__O7_typo_30,G_00182,other,E3_obfuscated,0,0.16662941873073578,0,D1_00183,,O7_typo,0.3
D1_00183__O5_base64_100,G_00182,other,E3_obfuscated,0,0.9722497463226318,1,D1_00183,,O5_base64,1.0
D1_00206__O1_leetspeak_10,G_00205,en,E3_obfuscated,0,0.08924872428178787,0,D1_00206,,O1_leetspeak,0.1
D1_00206__O1_leetspeak_20,G_00205,en,E3_obfuscated,0,0.09359041601419449,0,D1_00206,,O1_leetspeak,0.2
D1_00206__O1_leetspeak_30,G_00205,en,E3_obfuscated,0,0.1270480751991272,0,D1_00206,,O1_leetspeak,0.3
D1_00206__O2_char_spacing_10,G_00205,en,E3_obfuscated,0,0.08950864523649216,0,D1_00206,,O2_char_spacing,0.1
D1_00206__O2_char_spacing_20,G_00205,en,E3_obfuscated,0,0.1001954972743988,0,D1_00206,,O2_char_spacing,0.2
D1_00206__O2_char_spacing_30,G_00205,en,E3_obfuscated,0,0.08375010639429092,0,D1_00206,,O2_char_spacing,0.3
D1_00206__O3_zero_width_10,G_00205,en,E3_obfuscated,0,0.08835448324680328,0,D1_00206,,O3_zero_width,0.1
D1_00206__O3_zero_width_20,G_00205,en,E3_obfuscated,0,0.08835448324680328,0,D1_00206,,O3_zero_width,0.2
D1_00206__O3_zero_width_30,G_00205,en,E3_obfuscated,0,0.08835448324680328,0,D1_00206,,O3_zero_width,0.3
D1_00206__O4_homoglyph_10,G_00205,en,E3_obfuscated,0,0.10037722438573837,0,D1_00206,,O4_homoglyph,0.1
D1_00206__O4_homoglyph_20,G_00205,en,E3_obfuscated,0,0.10093910992145538,0,D1_00206,,O4_homoglyph,0.2
D1_00206__O4_homoglyph_30,G_00205,en,E3_obfuscated,0,0.14863088726997375,0,D1_00206,,O4_homoglyph,0.3
D1_00206__O6_random_case_10,G_00205,en,E3_obfuscated,0,0.08835448324680328,0,D1_00206,,O6_random_case,0.1
D1_00206__O6_random_case_20,G_00205,en,E3_obfuscated,0,0.08835448324680328,0,D1_00206,,O6_random_case,0.2
D1_00206__O6_random_case_30,G_00205,en,E3_obfuscated,0,0.08835448324680328,0,D1_00206,,O6_random_case,0.3
D1_00206__O7_typo_10,G_00205,en,E3_obfuscated,0,0.08418792486190796,0,D1_00206,,O7_typo,0.1
D1_00206__O7_typo_20,G_00205,en,E3_obfuscated,0,0.08530820161104202,0,D1_00206,,O7_typo,0.2
D1_00206__O7_typo_30,G_00205,en,E3_obfuscated,0,0.07951023429632187,0,D1_00206,,O7_typo,0.3
D1_00206__O5_base64_100,G_00205,en,E3_obfuscated,0,0.9725207686424255,1,D1_00206,,O5_base64,1.0
D1_00211__O1_leetspeak_10,G_00210,other,E3_obfuscated,0,0.05653224140405655,0,D1_00211,,O1_leetspeak,0.1
D1_00211__O1_leetspeak_20,G_00210,other,E3_obfuscated,0,0.06097174063324928,0,D1_00211,,O1_leetspeak,0.2
D1_00211__O1_leetspeak_30,G_00210,other,E3_obfuscated,0,0.05931278318166733,0,D1_00211,,O1_leetspeak,0.3
D1_00211__O2_char_spacing_10,G_00210,other,E3_obfuscated,0,0.06364519894123077,0,D1_00211,,O2_char_spacing,0.1
D1_00211__O2_char_spacing_20,G_00210,other,E3_obfuscated,0,0.05901288241147995,0,D1_00211,,O2_char_spacing,0.2
D1_00211__O2_char_spacing_30,G_00210,other,E3_obfuscated,0,0.060827694833278656,0,D1_00211,,O2_char_spacing,0.3
D1_00211__O3_zero_width_10,G_00210,other,E3_obfuscated,0,0.06073553115129471,0,D1_00211,,O3_zero_width,0.1
D1_00211__O3_zero_width_20,G_00210,other,E3_obfuscated,0,0.06073553115129471,0,D1_00211,,O3_zero_width,0.2
D1_00211__O3_zero_width_30,G_00210,other,E3_obfuscated,0,0.06073553115129471,0,D1_00211,,O3_zero_width,0.3
D1_00211__O4_homoglyph_10,G_00210,other,E3_obfuscated,0,0.06472942978143692,0,D1_00211,,O4_homoglyph,0.1
D1_00211__O4_homoglyph_20,G_00210,other,E3_obfuscated,0,0.06181923672556877,0,D1_00211,,O4_homoglyph,0.2
D1_00211__O4_homoglyph_30,G_00210,other,E3_obfuscated,0,0.06512964516878128,0,D1_00211,,O4_homoglyph,0.3
D1_00211__O6_random_case_10,G_00210,other,E3_obfuscated,0,0.06073553115129471,0,D1_00211,,O6_random_case,0.1
D1_00211__O6_random_case_20,G_00210,other,E3_obfuscated,0,0.06073553115129471,0,D1_00211,,O6_random_case,0.2
D1_00211__O6_random_case_30,G_00210,other,E3_obfuscated,0,0.06073553115129471,0,D1_00211,,O6_random_case,0.3
D1_00211__O7_typo_10,G_00210,other,E3_obfuscated,0,0.05882010981440544,0,D1_00211,,O7_typo,0.1
D1_00211__O7_typo_20,G_00210,other,E3_obfuscated,0,0.060531359165906906,0,D1_00211,,O7_typo,0.2
D1_00211__O7_typo_30,G_00210,other,E3_obfuscated,0,0.06017311289906502,0,D1_00211,,O7_typo,0.3
D1_00211__O5_base64_100,G_00210,other,E3_obfuscated,0,0.9708061814308167,1,D1_00211,,O5_base64,1.0
D1_00212__O1_leetspeak_10,G_00211,other,E3_obfuscated,0,0.20593692362308502,0,D1_00212,,O1_leetspeak,0.1
D1_00212__O1_leetspeak_20,G_00211,other,E3_obfuscated,0,0.20696426928043365,0,D1_00212,,O1_leetspeak,0.2
D1_00212__O1_leetspeak_30,G_00211,other,E3_obfuscated,0,0.21171081066131592,0,D1_00212,,O1_leetspeak,0.3
D1_00212__O2_char_spacing_10,G_00211,other,E3_obfuscated,0,0.7341828942298889,1,D1_00212,,O2_char_spacing,0.1
D1_00212__O2_char_spacing_20,G_00211,other,E3_obfuscated,0,0.9368499517440796,1,D1_00212,,O2_char_spacing,0.2
D1_00212__O2_char_spacing_30,G_00211,other,E3_obfuscated,0,0.967396080493927,1,D1_00212,,O2_char_spacing,0.3
D1_00212__O3_zero_width_10,G_00211,other,E3_obfuscated,0,0.20493462681770325,0,D1_00212,,O3_zero_width,0.1
D1_00212__O3_zero_width_20,G_00211,other,E3_obfuscated,0,0.20493462681770325,0,D1_00212,,O3_zero_width,0.2
D1_00212__O3_zero_width_30,G_00211,other,E3_obfuscated,0,0.20493462681770325,0,D1_00212,,O3_zero_width,0.3
D1_00212__O4_homoglyph_10,G_00211,other,E3_obfuscated,0,0.19823551177978516,0,D1_00212,,O4_homoglyph,0.1
D1_00212__O4_homoglyph_20,G_00211,other,E3_obfuscated,0,0.23090244829654694,1,D1_00212,,O4_homoglyph,0.2
D1_00212__O4_homoglyph_30,G_00211,other,E3_obfuscated,0,0.24298419058322906,1,D1_00212,,O4_homoglyph,0.3
D1_00212__O6_random_case_10,G_00211,other,E3_obfuscated,0,0.20493462681770325,0,D1_00212,,O6_random_case,0.1
D1_00212__O6_random_case_20,G_00211,other,E3_obfuscated,0,0.20493462681770325,0,D1_00212,,O6_random_case,0.2
D1_00212__O6_random_case_30,G_00211,other,E3_obfuscated,0,0.20493462681770325,0,D1_00212,,O6_random_case,0.3
D1_00212__O7_typo_10,G_00211,other,E3_obfuscated,0,0.21122048795223236,0,D1_00212,,O7_typo,0.1
D1_00212__O7_typo_20,G_00211,other,E3_obfuscated,0,0.20109869539737701,0,D1_00212,,O7_typo,0.2
D1_00212__O7_typo_30,G_00211,other,E3_obfuscated,0,0.21459589898586273,1,D1_00212,,O7_typo,0.3
D1_00212__O5_base64_100,G_00211,other,E3_obfuscated,0,0.9722497463226318,1,D1_00212,,O5_base64,1.0
D1_00220__O1_leetspeak_10,G_00219,other,E3_obfuscated,0,0.23889657855033875,1,D1_00220,,O1_leetspeak,0.1
D1_00220__O1_leetspeak_20,G_00219,other,E3_obfuscated,0,0.23100368678569794,1,D1_00220,,O1_leetspeak,0.2
D1_00220__O1_leetspeak_30,G_00219,other,E3_obfuscated,0,0.22181981801986694,1,D1_00220,,O1_leetspeak,0.3
D1_00220__O2_char_spacing_10,G_00219,other,E3_obfuscated,0,0.22380143404006958,1,D1_00220,,O2_char_spacing,0.1
D1_00220__O2_char_spacing_20,G_00219,other,E3_obfuscated,0,0.8282877206802368,1,D1_00220,,O2_char_spacing,0.2
D1_00220__O2_char_spacing_30,G_00219,other,E3_obfuscated,0,0.9636974930763245,1,D1_00220,,O2_char_spacing,0.3
D1_00220__O3_zero_width_10,G_00219,other,E3_obfuscated,0,0.2307167947292328,1,D1_00220,,O3_zero_width,0.1
D1_00220__O3_zero_width_20,G_00219,other,E3_obfuscated,0,0.2307167947292328,1,D1_00220,,O3_zero_width,0.2
D1_00220__O3_zero_width_30,G_00219,other,E3_obfuscated,0,0.2307167947292328,1,D1_00220,,O3_zero_width,0.3
D1_00220__O4_homoglyph_10,G_00219,other,E3_obfuscated,0,0.23634730279445648,1,D1_00220,,O4_homoglyph,0.1
D1_00220__O4_homoglyph_20,G_00219,other,E3_obfuscated,0,0.2982136309146881,1,D1_00220,,O4_homoglyph,0.2
D1_00220__O4_homoglyph_30,G_00219,other,E3_obfuscated,0,0.2598792612552643,1,D1_00220,,O4_homoglyph,0.3
D1_00220__O6_random_case_10,G_00219,other,E3_obfuscated,0,0.2307167947292328,1,D1_00220,,O6_random_case,0.1
D1_00220__O6_random_case_20,G_00219,other,E3_obfuscated,0,0.2307167947292328,1,D1_00220,,O6_random_case,0.2
D1_00220__O6_random_case_30,G_00219,other,E3_obfuscated,0,0.2307167947292328,1,D1_00220,,O6_random_case,0.3
D1_00220__O7_typo_10,G_00219,other,E3_obfuscated,0,0.22879022359848022,1,D1_00220,,O7_typo,0.1
D1_00220__O7_typo_20,G_00219,other,E3_obfuscated,0,0.2471662312746048,1,D1_00220,,O7_typo,0.2
D1_00220__O7_typo_30,G_00219,other,E3_obfuscated,0,0.2801290452480316,1,D1_00220,,O7_typo,0.3
D1_00220__O5_base64_100,G_00219,other,E3_obfuscated,0,0.9728033542633057,1,D1_00220,,O5_base64,1.0
D1_00222__O1_leetspeak_10,G_00221,other,E3_obfuscated,0,0.06251178681850433,0,D1_00222,,O1_leetspeak,0.1
D1_00222__O1_leetspeak_20,G_00221,other,E3_obfuscated,0,0.05754036083817482,0,D1_00222,,O1_leetspeak,0.2
D1_00222__O1_leetspeak_30,G_00221,other,E3_obfuscated,0,0.0532861091196537,0,D1_00222,,O1_leetspeak,0.3
D1_00222__O2_char_spacing_10,G_00221,other,E3_obfuscated,0,0.060883425176143646,0,D1_00222,,O2_char_spacing,0.1
D1_00222__O2_char_spacing_20,G_00221,other,E3_obfuscated,0,0.061542682349681854,0,D1_00222,,O2_char_spacing,0.2
D1_00222__O2_char_spacing_30,G_00221,other,E3_obfuscated,0,0.061542682349681854,0,D1_00222,,O2_char_spacing,0.3
D1_00222__O3_zero_width_10,G_00221,other,E3_obfuscated,0,0.058071501553058624,0,D1_00222,,O3_zero_width,0.1
D1_00222__O3_zero_width_20,G_00221,other,E3_obfuscated,0,0.058071501553058624,0,D1_00222,,O3_zero_width,0.2
D1_00222__O3_zero_width_30,G_00221,other,E3_obfuscated,0,0.058071501553058624,0,D1_00222,,O3_zero_width,0.3
D1_00222__O4_homoglyph_10,G_00221,other,E3_obfuscated,0,0.05239491909742355,0,D1_00222,,O4_homoglyph,0.1
D1_00222__O4_homoglyph_20,G_00221,other,E3_obfuscated,0,0.07070285826921463,0,D1_00222,,O4_homoglyph,0.2
D1_00222__O4_homoglyph_30,G_00221,other,E3_obfuscated,0,0.058065250515937805,0,D1_00222,,O4_homoglyph,0.3
D1_00222__O6_random_case_10,G_00221,other,E3_obfuscated,0,0.058071501553058624,0,D1_00222,,O6_random_case,0.1
D1_00222__O6_random_case_20,G_00221,other,E3_obfuscated,0,0.058071501553058624,0,D1_00222,,O6_random_case,0.2
D1_00222__O6_random_case_30,G_00221,other,E3_obfuscated,0,0.058071501553058624,0,D1_00222,,O6_random_case,0.3
D1_00222__O7_typo_10,G_00221,other,E3_obfuscated,0,0.052000630646944046,0,D1_00222,,O7_typo,0.1
D1_00222__O7_typo_20,G_00221,other,E3_obfuscated,0,0.05259157717227936,0,D1_00222,,O7_typo,0.2
D1_00222__O7_typo_30,G_00221,other,E3_obfuscated,0,0.05259157717227936,0,D1_00222,,O7_typo,0.3
D1_00222__O5_base64_100,G_00221,other,E3_obfuscated,0,0.9707260727882385,1,D1_00222,,O5_base64,1.0
D1_00233__O1_leetspeak_10,G_00232,other,E3_obfuscated,0,0.08810131996870041,0,D1_00233,,O1_leetspeak,0.1
D1_00233__O1_leetspeak_20,G_00232,other,E3_obfuscated,0,0.08394966274499893,0,D1_00233,,O1_leetspeak,0.2
D1_00233__O1_leetspeak_30,G_00232,other,E3_obfuscated,0,0.10833921283483505,0,D1_00233,,O1_leetspeak,0.3
D1_00233__O2_char_spacing_10,G_00232,other,E3_obfuscated,0,0.08170712739229202,0,D1_00233,,O2_char_spacing,0.1
D1_00233__O2_char_spacing_20,G_00232,other,E3_obfuscated,0,0.10021847486495972,0,D1_00233,,O2_char_spacing,0.2
D1_00233__O2_char_spacing_30,G_00232,other,E3_obfuscated,0,0.08648840337991714,0,D1_00233,,O2_char_spacing,0.3
D1_00233__O3_zero_width_10,G_00232,other,E3_obfuscated,0,0.08916259557008743,0,D1_00233,,O3_zero_width,0.1
D1_00233__O3_zero_width_20,G_00232,other,E3_obfuscated,0,0.08916259557008743,0,D1_00233,,O3_zero_width,0.2
D1_00233__O3_zero_width_30,G_00232,other,E3_obfuscated,0,0.08916259557008743,0,D1_00233,,O3_zero_width,0.3
D1_00233__O4_homoglyph_10,G_00232,other,E3_obfuscated,0,0.09838251769542694,0,D1_00233,,O4_homoglyph,0.1
D1_00233__O4_homoglyph_20,G_00232,other,E3_obfuscated,0,0.09146302938461304,0,D1_00233,,O4_homoglyph,0.2
D1_00233__O4_homoglyph_30,G_00232,other,E3_obfuscated,0,0.09866245090961456,0,D1_00233,,O4_homoglyph,0.3
D1_00233__O6_random_case_10,G_00232,other,E3_obfuscated,0,0.08916259557008743,0,D1_00233,,O6_random_case,0.1
D1_00233__O6_random_case_20,G_00232,other,E3_obfuscated,0,0.08916259557008743,0,D1_00233,,O6_random_case,0.2
D1_00233__O6_random_case_30,G_00232,other,E3_obfuscated,0,0.08916259557008743,0,D1_00233,,O6_random_case,0.3
D1_00233__O7_typo_10,G_00232,other,E3_obfuscated,0,0.0843128114938736,0,D1_00233,,O7_typo,0.1
D1_00233__O7_typo_20,G_00232,other,E3_obfuscated,0,0.08366424590349197,0,D1_00233,,O7_typo,0.2
D1_00233__O7_typo_30,G_00232,other,E3_obfuscated,0,0.08999595791101456,0,D1_00233,,O7_typo,0.3
D1_00233__O5_base64_100,G_00232,other,E3_obfuscated,0,0.973118007183075,1,D1_00233,,O5_base64,1.0
D1_00249__O1_leetspeak_10,G_00248,other,E3_obfuscated,0,0.05463707074522972,0,D1_00249,,O1_leetspeak,0.1
D1_00249__O1_leetspeak_20,G_00248,other,E3_obfuscated,0,0.06924591213464737,0,D1_00249,,O1_leetspeak,0.2
D1_00249__O1_leetspeak_30,G_00248,other,E3_obfuscated,0,0.06677315384149551,0,D1_00249,,O1_leetspeak,0.3
D1_00249__O2_char_spacing_10,G_00248,other,E3_obfuscated,0,0.05824129655957222,0,D1_00249,,O2_char_spacing,0.1
D1_00249__O2_char_spacing_20,G_00248,other,E3_obfuscated,0,0.05633784830570221,0,D1_00249,,O2_char_spacing,0.2
D1_00249__O2_char_spacing_30,G_00248,other,E3_obfuscated,0,0.06350357085466385,0,D1_00249,,O2_char_spacing,0.3
D1_00249__O3_zero_width_10,G_00248,other,E3_obfuscated,0,0.05719996988773346,0,D1_00249,,O3_zero_width,0.1
D1_00249__O3_zero_width_20,G_00248,other,E3_obfuscated,0,0.05719996988773346,0,D1_00249,,O3_zero_width,0.2
D1_00249__O3_zero_width_30,G_00248,other,E3_obfuscated,0,0.05719996988773346,0,D1_00249,,O3_zero_width,0.3
D1_00249__O4_homoglyph_10,G_00248,other,E3_obfuscated,0,0.058528248220682144,0,D1_00249,,O4_homoglyph,0.1
D1_00249__O4_homoglyph_20,G_00248,other,E3_obfuscated,0,0.06973928213119507,0,D1_00249,,O4_homoglyph,0.2
D1_00249__O4_homoglyph_30,G_00248,other,E3_obfuscated,0,0.07349702715873718,0,D1_00249,,O4_homoglyph,0.3
D1_00249__O6_random_case_10,G_00248,other,E3_obfuscated,0,0.05719996988773346,0,D1_00249,,O6_random_case,0.1
D1_00249__O6_random_case_20,G_00248,other,E3_obfuscated,0,0.05719996988773346,0,D1_00249,,O6_random_case,0.2
D1_00249__O6_random_case_30,G_00248,other,E3_obfuscated,0,0.05719996988773346,0,D1_00249,,O6_random_case,0.3
D1_00249__O7_typo_10,G_00248,other,E3_obfuscated,0,0.061184994876384735,0,D1_00249,,O7_typo,0.1
D1_00249__O7_typo_20,G_00248,other,E3_obfuscated,0,0.05585695803165436,0,D1_00249,,O7_typo,0.2
D1_00249__O7_typo_30,G_00248,other,E3_obfuscated,0,0.05596031993627548,0,D1_00249,,O7_typo,0.3
D1_00249__O5_base64_100,G_00248,other,E3_obfuscated,0,0.9735510945320129,1,D1_00249,,O5_base64,1.0
D1_00251__O1_leetspeak_10,G_00250,other,E3_obfuscated,1,0.30391883850097656,1,D1_00251,,O1_leetspeak,0.1
D1_00251__O1_leetspeak_20,G_00250,other,E3_obfuscated,1,0.39457833766937256,1,D1_00251,,O1_leetspeak,0.2
D1_00251__O1_leetspeak_30,G_00250,other,E3_obfuscated,1,0.3795009255409241,1,D1_00251,,O1_leetspeak,0.3
D1_00251__O2_char_spacing_10,G_00250,other,E3_obfuscated,1,0.6603848934173584,1,D1_00251,,O2_char_spacing,0.1
D1_00251__O2_char_spacing_20,G_00250,other,E3_obfuscated,1,0.9235185384750366,1,D1_00251,,O2_char_spacing,0.2
D1_00251__O2_char_spacing_30,G_00250,other,E3_obfuscated,1,0.9530268311500549,1,D1_00251,,O2_char_spacing,0.3
D1_00251__O3_zero_width_10,G_00250,other,E3_obfuscated,1,0.364320307970047,1,D1_00251,,O3_zero_width,0.1
D1_00251__O3_zero_width_20,G_00250,other,E3_obfuscated,1,0.364320307970047,1,D1_00251,,O3_zero_width,0.2
D1_00251__O3_zero_width_30,G_00250,other,E3_obfuscated,1,0.364320307970047,1,D1_00251,,O3_zero_width,0.3
D1_00251__O4_homoglyph_10,G_00250,other,E3_obfuscated,1,0.28117045760154724,1,D1_00251,,O4_homoglyph,0.1
D1_00251__O4_homoglyph_20,G_00250,other,E3_obfuscated,1,0.2570813000202179,1,D1_00251,,O4_homoglyph,0.2
D1_00251__O4_homoglyph_30,G_00250,other,E3_obfuscated,1,0.2889631986618042,1,D1_00251,,O4_homoglyph,0.3
D1_00251__O6_random_case_10,G_00250,other,E3_obfuscated,1,0.364320307970047,1,D1_00251,,O6_random_case,0.1
D1_00251__O6_random_case_20,G_00250,other,E3_obfuscated,1,0.364320307970047,1,D1_00251,,O6_random_case,0.2
D1_00251__O6_random_case_30,G_00250,other,E3_obfuscated,1,0.364320307970047,1,D1_00251,,O6_random_case,0.3
D1_00251__O7_typo_10,G_00250,other,E3_obfuscated,1,0.44784295558929443,1,D1_00251,,O7_typo,0.1
D1_00251__O7_typo_20,G_00250,other,E3_obfuscated,1,0.31862396001815796,1,D1_00251,,O7_typo,0.2
D1_00251__O7_typo_30,G_00250,other,E3_obfuscated,1,0.31291866302490234,1,D1_00251,,O7_typo,0.3
D1_00251__O5_base64_100,G_00250,other,E3_obfuscated,1,0.9728033542633057,1,D1_00251,,O5_base64,1.0
D1_00259__O1_leetspeak_10,G_00258,other,E3_obfuscated,1,0.9794354438781738,1,D1_00259,,O1_leetspeak,0.1
D1_00259__O1_leetspeak_20,G_00258,other,E3_obfuscated,1,0.978791356086731,1,D1_00259,,O1_leetspeak,0.2
D1_00259__O1_leetspeak_30,G_00258,other,E3_obfuscated,1,0.9747304320335388,1,D1_00259,,O1_leetspeak,0.3
D1_00259__O2_char_spacing_10,G_00258,other,E3_obfuscated,1,0.979019045829773,1,D1_00259,,O2_char_spacing,0.1
D1_00259__O2_char_spacing_20,G_00258,other,E3_obfuscated,1,0.9782998561859131,1,D1_00259,,O2_char_spacing,0.2
D1_00259__O2_char_spacing_30,G_00258,other,E3_obfuscated,1,0.9788352251052856,1,D1_00259,,O2_char_spacing,0.3
D1_00259__O3_zero_width_10,G_00258,other,E3_obfuscated,1,0.9788782596588135,1,D1_00259,,O3_zero_width,0.1
D1_00259__O3_zero_width_20,G_00258,other,E3_obfuscated,1,0.9788782596588135,1,D1_00259,,O3_zero_width,0.2
D1_00259__O3_zero_width_30,G_00258,other,E3_obfuscated,1,0.9788782596588135,1,D1_00259,,O3_zero_width,0.3
D1_00259__O4_homoglyph_10,G_00258,other,E3_obfuscated,1,0.978424072265625,1,D1_00259,,O4_homoglyph,0.1
D1_00259__O4_homoglyph_20,G_00258,other,E3_obfuscated,1,0.9775197505950928,1,D1_00259,,O4_homoglyph,0.2
D1_00259__O4_homoglyph_30,G_00258,other,E3_obfuscated,1,0.9769162535667419,1,D1_00259,,O4_homoglyph,0.3
D1_00259__O6_random_case_10,G_00258,other,E3_obfuscated,1,0.9788782596588135,1,D1_00259,,O6_random_case,0.1
D1_00259__O6_random_case_20,G_00258,other,E3_obfuscated,1,0.9788782596588135,1,D1_00259,,O6_random_case,0.2
D1_00259__O6_random_case_30,G_00258,other,E3_obfuscated,1,0.9788782596588135,1,D1_00259,,O6_random_case,0.3
D1_00259__O7_typo_10,G_00258,other,E3_obfuscated,1,0.9786220192909241,1,D1_00259,,O7_typo,0.1
D1_00259__O7_typo_20,G_00258,other,E3_obfuscated,1,0.9785709977149963,1,D1_00259,,O7_typo,0.2
D1_00259__O7_typo_30,G_00258,other,E3_obfuscated,1,0.9788821339607239,1,D1_00259,,O7_typo,0.3
D1_00259__O5_base64_100,G_00258,other,E3_obfuscated,1,0.9722497463226318,1,D1_00259,,O5_base64,1.0
D1_00266__O1_leetspeak_10,G_00265,other,E3_obfuscated,0,0.07763117551803589,0,D1_00266,,O1_leetspeak,0.1
D1_00266__O1_leetspeak_20,G_00265,other,E3_obfuscated,0,0.08534316718578339,0,D1_00266,,O1_leetspeak,0.2
D1_00266__O1_leetspeak_30,G_00265,other,E3_obfuscated,0,0.08218509703874588,0,D1_00266,,O1_leetspeak,0.3
D1_00266__O2_char_spacing_10,G_00265,other,E3_obfuscated,0,0.06792332231998444,0,D1_00266,,O2_char_spacing,0.1
D1_00266__O2_char_spacing_20,G_00265,other,E3_obfuscated,0,0.07614517956972122,0,D1_00266,,O2_char_spacing,0.2
D1_00266__O2_char_spacing_30,G_00265,other,E3_obfuscated,0,0.08072356134653091,0,D1_00266,,O2_char_spacing,0.3
D1_00266__O3_zero_width_10,G_00265,other,E3_obfuscated,0,0.07528770714998245,0,D1_00266,,O3_zero_width,0.1
D1_00266__O3_zero_width_20,G_00265,other,E3_obfuscated,0,0.07528770714998245,0,D1_00266,,O3_zero_width,0.2
D1_00266__O3_zero_width_30,G_00265,other,E3_obfuscated,0,0.07528770714998245,0,D1_00266,,O3_zero_width,0.3
D1_00266__O4_homoglyph_10,G_00265,other,E3_obfuscated,0,0.07875367999076843,0,D1_00266,,O4_homoglyph,0.1
D1_00266__O4_homoglyph_20,G_00265,other,E3_obfuscated,0,0.07692881673574448,0,D1_00266,,O4_homoglyph,0.2
D1_00266__O4_homoglyph_30,G_00265,other,E3_obfuscated,0,0.0883980542421341,0,D1_00266,,O4_homoglyph,0.3
D1_00266__O6_random_case_10,G_00265,other,E3_obfuscated,0,0.07528770714998245,0,D1_00266,,O6_random_case,0.1
D1_00266__O6_random_case_20,G_00265,other,E3_obfuscated,0,0.07528770714998245,0,D1_00266,,O6_random_case,0.2
D1_00266__O6_random_case_30,G_00265,other,E3_obfuscated,0,0.07528770714998245,0,D1_00266,,O6_random_case,0.3
D1_00266__O7_typo_10,G_00265,other,E3_obfuscated,0,0.08137119561433792,0,D1_00266,,O7_typo,0.1
D1_00266__O7_typo_20,G_00265,other,E3_obfuscated,0,0.08222322911024094,0,D1_00266,,O7_typo,0.2
D1_00266__O7_typo_30,G_00265,other,E3_obfuscated,0,0.08059366792440414,0,D1_00266,,O7_typo,0.3
D1_00266__O5_base64_100,G_00265,other,E3_obfuscated,0,0.9728033542633057,1,D1_00266,,O5_base64,1.0
D1_00267__O1_leetspeak_10,G_00266,other,E3_obfuscated,1,0.4461509883403778,1,D1_00267,,O1_leetspeak,0.1
D1_00267__O1_leetspeak_20,G_00266,other,E3_obfuscated,1,0.18606455624103546,0,D1_00267,,O1_leetspeak,0.2
D1_00267__O1_leetspeak_30,G_00266,other,E3_obfuscated,1,0.1637050062417984,0,D1_00267,,O1_leetspeak,0.3
D1_00267__O2_char_spacing_10,G_00266,other,E3_obfuscated,1,0.15502575039863586,0,D1_00267,,O2_char_spacing,0.1
D1_00267__O2_char_spacing_20,G_00266,other,E3_obfuscated,1,0.933745265007019,1,D1_00267,,O2_char_spacing,0.2
D1_00267__O2_char_spacing_30,G_00266,other,E3_obfuscated,1,0.8006842732429504,1,D1_00267,,O2_char_spacing,0.3
D1_00267__O3_zero_width_10,G_00266,other,E3_obfuscated,1,0.8091531991958618,1,D1_00267,,O3_zero_width,0.1
D1_00267__O3_zero_width_20,G_00266,other,E3_obfuscated,1,0.8091531991958618,1,D1_00267,,O3_zero_width,0.2
D1_00267__O3_zero_width_30,G_00266,other,E3_obfuscated,1,0.8091531991958618,1,D1_00267,,O3_zero_width,0.3
D1_00267__O4_homoglyph_10,G_00266,other,E3_obfuscated,1,0.6794694662094116,1,D1_00267,,O4_homoglyph,0.1
D1_00267__O4_homoglyph_20,G_00266,other,E3_obfuscated,1,0.15833142399787903,0,D1_00267,,O4_homoglyph,0.2
D1_00267__O4_homoglyph_30,G_00266,other,E3_obfuscated,1,0.17527171969413757,0,D1_00267,,O4_homoglyph,0.3
D1_00267__O6_random_case_10,G_00266,other,E3_obfuscated,1,0.8091531991958618,1,D1_00267,,O6_random_case,0.1
D1_00267__O6_random_case_20,G_00266,other,E3_obfuscated,1,0.8091531991958618,1,D1_00267,,O6_random_case,0.2
D1_00267__O6_random_case_30,G_00266,other,E3_obfuscated,1,0.8091531991958618,1,D1_00267,,O6_random_case,0.3
D1_00267__O7_typo_10,G_00266,other,E3_obfuscated,1,0.882770299911499,1,D1_00267,,O7_typo,0.1
D1_00267__O7_typo_20,G_00266,other,E3_obfuscated,1,0.7883855104446411,1,D1_00267,,O7_typo,0.2
D1_00267__O7_typo_30,G_00266,other,E3_obfuscated,1,0.7598793506622314,1,D1_00267,,O7_typo,0.3
D1_00267__O5_base64_100,G_00266,other,E3_obfuscated,1,0.9721874594688416,1,D1_00267,,O5_base64,1.0
D1_00273__O1_leetspeak_10,G_00272,other,E3_obfuscated,0,0.08797217905521393,0,D1_00273,,O1_leetspeak,0.1
D1_00273__O1_leetspeak_20,G_00272,other,E3_obfuscated,0,0.0669047012925148,0,D1_00273,,O1_leetspeak,0.2
D1_00273__O1_leetspeak_30,G_00272,other,E3_obfuscated,0,0.07178180664777756,0,D1_00273,,O1_leetspeak,0.3
D1_00273__O2_char_spacing_10,G_00272,other,E3_obfuscated,0,0.07956407964229584,0,D1_00273,,O2_char_spacing,0.1
D1_00273__O2_char_spacing_20,G_00272,other,E3_obfuscated,0,0.07956407964229584,0,D1_00273,,O2_char_spacing,0.2
D1_00273__O2_char_spacing_30,G_00272,other,E3_obfuscated,0,0.07042292505502701,0,D1_00273,,O2_char_spacing,0.3
D1_00273__O3_zero_width_10,G_00272,other,E3_obfuscated,0,0.06720703095197678,0,D1_00273,,O3_zero_width,0.1
D1_00273__O3_zero_width_20,G_00272,other,E3_obfuscated,0,0.06720703095197678,0,D1_00273,,O3_zero_width,0.2
D1_00273__O3_zero_width_30,G_00272,other,E3_obfuscated,0,0.06720703095197678,0,D1_00273,,O3_zero_width,0.3
D1_00273__O4_homoglyph_10,G_00272,other,E3_obfuscated,0,0.06858374923467636,0,D1_00273,,O4_homoglyph,0.1
D1_00273__O4_homoglyph_20,G_00272,other,E3_obfuscated,0,0.0697190910577774,0,D1_00273,,O4_homoglyph,0.2
D1_00273__O4_homoglyph_30,G_00272,other,E3_obfuscated,0,0.07001782953739166,0,D1_00273,,O4_homoglyph,0.3
D1_00273__O6_random_case_10,G_00272,other,E3_obfuscated,0,0.06720703095197678,0,D1_00273,,O6_random_case,0.1
D1_00273__O6_random_case_20,G_00272,other,E3_obfuscated,0,0.06720703095197678,0,D1_00273,,O6_random_case,0.2
D1_00273__O6_random_case_30,G_00272,other,E3_obfuscated,0,0.06720703095197678,0,D1_00273,,O6_random_case,0.3
D1_00273__O7_typo_10,G_00272,other,E3_obfuscated,0,0.08074937760829926,0,D1_00273,,O7_typo,0.1
D1_00273__O7_typo_20,G_00272,other,E3_obfuscated,0,0.0763058215379715,0,D1_00273,,O7_typo,0.2
D1_00273__O7_typo_30,G_00272,other,E3_obfuscated,0,0.07410663366317749,0,D1_00273,,O7_typo,0.3
D1_00273__O5_base64_100,G_00272,other,E3_obfuscated,0,0.9737032055854797,1,D1_00273,,O5_base64,1.0
D1_00279__O1_leetspeak_10,G_00278,other,E3_obfuscated,0,0.06565439701080322,0,D1_00279,,O1_leetspeak,0.1
D1_00279__O1_leetspeak_20,G_00278,other,E3_obfuscated,0,0.06819937378168106,0,D1_00279,,O1_leetspeak,0.2
D1_00279__O1_leetspeak_30,G_00278,other,E3_obfuscated,0,0.06415826082229614,0,D1_00279,,O1_leetspeak,0.3
D1_00279__O2_char_spacing_10,G_00278,other,E3_obfuscated,0,0.08243861794471741,0,D1_00279,,O2_char_spacing,0.1
D1_00279__O2_char_spacing_20,G_00278,other,E3_obfuscated,0,0.08445090055465698,0,D1_00279,,O2_char_spacing,0.2
D1_00279__O2_char_spacing_30,G_00278,other,E3_obfuscated,0,0.10298988968133926,0,D1_00279,,O2_char_spacing,0.3
D1_00279__O3_zero_width_10,G_00278,other,E3_obfuscated,0,0.0720241367816925,0,D1_00279,,O3_zero_width,0.1
D1_00279__O3_zero_width_20,G_00278,other,E3_obfuscated,0,0.0720241367816925,0,D1_00279,,O3_zero_width,0.2
D1_00279__O3_zero_width_30,G_00278,other,E3_obfuscated,0,0.0720241367816925,0,D1_00279,,O3_zero_width,0.3
D1_00279__O4_homoglyph_10,G_00278,other,E3_obfuscated,0,0.07318603992462158,0,D1_00279,,O4_homoglyph,0.1
D1_00279__O4_homoglyph_20,G_00278,other,E3_obfuscated,0,0.07752739638090134,0,D1_00279,,O4_homoglyph,0.2
D1_00279__O4_homoglyph_30,G_00278,other,E3_obfuscated,0,0.07889947295188904,0,D1_00279,,O4_homoglyph,0.3
D1_00279__O6_random_case_10,G_00278,other,E3_obfuscated,0,0.0720241367816925,0,D1_00279,,O6_random_case,0.1
D1_00279__O6_random_case_20,G_00278,other,E3_obfuscated,0,0.0720241367816925,0,D1_00279,,O6_random_case,0.2
D1_00279__O6_random_case_30,G_00278,other,E3_obfuscated,0,0.0720241367816925,0,D1_00279,,O6_random_case,0.3
D1_00279__O7_typo_10,G_00278,other,E3_obfuscated,0,0.07427828013896942,0,D1_00279,,O7_typo,0.1
D1_00279__O7_typo_20,G_00278,other,E3_obfuscated,0,0.0710880383849144,0,D1_00279,,O7_typo,0.2
D1_00279__O7_typo_30,G_00278,other,E3_obfuscated,0,0.07341821491718292,0,D1_00279,,O7_typo,0.3
D1_00279__O5_base64_100,G_00278,other,E3_obfuscated,0,0.973822832107544,1,D1_00279,,O5_base64,1.0
D1_00283__O1_leetspeak_10,G_00282,other,E3_obfuscated,0,0.06282840669155121,0,D1_00283,,O1_leetspeak,0.1
D1_00283__O1_leetspeak_20,G_00282,other,E3_obfuscated,0,0.05906432867050171,0,D1_00283,,O1_leetspeak,0.2
D1_00283__O1_leetspeak_30,G_00282,other,E3_obfuscated,0,0.0735832005739212,0,D1_00283,,O1_leetspeak,0.3
D1_00283__O2_char_spacing_10,G_00282,other,E3_obfuscated,0,0.060627710074186325,0,D1_00283,,O2_char_spacing,0.1
D1_00283__O2_char_spacing_20,G_00282,other,E3_obfuscated,0,0.060627710074186325,0,D1_00283,,O2_char_spacing,0.2
D1_00283__O2_char_spacing_30,G_00282,other,E3_obfuscated,0,0.060627710074186325,0,D1_00283,,O2_char_spacing,0.3
D1_00283__O3_zero_width_10,G_00282,other,E3_obfuscated,0,0.06177039444446564,0,D1_00283,,O3_zero_width,0.1
D1_00283__O3_zero_width_20,G_00282,other,E3_obfuscated,0,0.06177039444446564,0,D1_00283,,O3_zero_width,0.2
D1_00283__O3_zero_width_30,G_00282,other,E3_obfuscated,0,0.06177039444446564,0,D1_00283,,O3_zero_width,0.3
D1_00283__O4_homoglyph_10,G_00282,other,E3_obfuscated,0,0.0707307979464531,0,D1_00283,,O4_homoglyph,0.1
D1_00283__O4_homoglyph_20,G_00282,other,E3_obfuscated,0,0.07735784351825714,0,D1_00283,,O4_homoglyph,0.2
D1_00283__O4_homoglyph_30,G_00282,other,E3_obfuscated,0,0.06315918266773224,0,D1_00283,,O4_homoglyph,0.3
D1_00283__O6_random_case_10,G_00282,other,E3_obfuscated,0,0.06177039444446564,0,D1_00283,,O6_random_case,0.1
D1_00283__O6_random_case_20,G_00282,other,E3_obfuscated,0,0.06177039444446564,0,D1_00283,,O6_random_case,0.2
D1_00283__O6_random_case_30,G_00282,other,E3_obfuscated,0,0.06177039444446564,0,D1_00283,,O6_random_case,0.3
D1_00283__O7_typo_10,G_00282,other,E3_obfuscated,0,0.0649336725473404,0,D1_00283,,O7_typo,0.1
D1_00283__O7_typo_20,G_00282,other,E3_obfuscated,0,0.06421718001365662,0,D1_00283,,O7_typo,0.2
D1_00283__O7_typo_30,G_00282,other,E3_obfuscated,0,0.06479886174201965,0,D1_00283,,O7_typo,0.3
D1_00283__O5_base64_100,G_00282,other,E3_obfuscated,0,0.9729232788085938,1,D1_00283,,O5_base64,1.0
D1_00294__O1_leetspeak_10,G_00293,other,E3_obfuscated,0,0.07055311650037766,0,D1_00294,,O1_leetspeak,0.1
D1_00294__O1_leetspeak_20,G_00293,other,E3_obfuscated,0,0.06896346807479858,0,D1_00294,,O1_leetspeak,0.2
D1_00294__O1_leetspeak_30,G_00293,other,E3_obfuscated,0,0.08251701295375824,0,D1_00294,,O1_leetspeak,0.3
D1_00294__O2_char_spacing_10,G_00293,other,E3_obfuscated,0,0.08612440526485443,0,D1_00294,,O2_char_spacing,0.1
D1_00294__O2_char_spacing_20,G_00293,other,E3_obfuscated,0,0.08612440526485443,0,D1_00294,,O2_char_spacing,0.2
D1_00294__O2_char_spacing_30,G_00293,other,E3_obfuscated,0,0.0875827744603157,0,D1_00294,,O2_char_spacing,0.3
D1_00294__O3_zero_width_10,G_00293,other,E3_obfuscated,0,0.06097159534692764,0,D1_00294,,O3_zero_width,0.1
D1_00294__O3_zero_width_20,G_00293,other,E3_obfuscated,0,0.06097159534692764,0,D1_00294,,O3_zero_width,0.2
D1_00294__O3_zero_width_30,G_00293,other,E3_obfuscated,0,0.06097159534692764,0,D1_00294,,O3_zero_width,0.3
D1_00294__O4_homoglyph_10,G_00293,other,E3_obfuscated,0,0.07823823392391205,0,D1_00294,,O4_homoglyph,0.1
D1_00294__O4_homoglyph_20,G_00293,other,E3_obfuscated,0,0.08145762234926224,0,D1_00294,,O4_homoglyph,0.2
D1_00294__O4_homoglyph_30,G_00293,other,E3_obfuscated,0,0.08143780380487442,0,D1_00294,,O4_homoglyph,0.3
D1_00294__O6_random_case_10,G_00293,other,E3_obfuscated,0,0.06097159534692764,0,D1_00294,,O6_random_case,0.1
D1_00294__O6_random_case_20,G_00293,other,E3_obfuscated,0,0.06097159534692764,0,D1_00294,,O6_random_case,0.2
D1_00294__O6_random_case_30,G_00293,other,E3_obfuscated,0,0.06097159534692764,0,D1_00294,,O6_random_case,0.3
D1_00294__O7_typo_10,G_00293,other,E3_obfuscated,0,0.07434448599815369,0,D1_00294,,O7_typo,0.1
D1_00294__O7_typo_20,G_00293,other,E3_obfuscated,0,0.0755094438791275,0,D1_00294,,O7_typo,0.2
D1_00294__O7_typo_30,G_00293,other,E3_obfuscated,0,0.06295286118984222,0,D1_00294,,O7_typo,0.3
D1_00294__O5_base64_100,G_00293,other,E3_obfuscated,0,0.9734935164451599,1,D1_00294,,O5_base64,1.0
D1_00300__O1_leetspeak_10,G_00299,other,E3_obfuscated,0,0.0686265304684639,0,D1_00300,,O1_leetspeak,0.1
D1_00300__O1_leetspeak_20,G_00299,other,E3_obfuscated,0,0.06752041727304459,0,D1_00300,,O1_leetspeak,0.2
D1_00300__O1_leetspeak_30,G_00299,other,E3_obfuscated,0,0.059215229004621506,0,D1_00300,,O1_leetspeak,0.3
D1_00300__O2_char_spacing_10,G_00299,other,E3_obfuscated,0,0.07137279212474823,0,D1_00300,,O2_char_spacing,0.1
D1_00300__O2_char_spacing_20,G_00299,other,E3_obfuscated,0,0.07710760086774826,0,D1_00300,,O2_char_spacing,0.2
D1_00300__O2_char_spacing_30,G_00299,other,E3_obfuscated,0,0.06657679378986359,0,D1_00300,,O2_char_spacing,0.3
D1_00300__O3_zero_width_10,G_00299,other,E3_obfuscated,0,0.06967169046401978,0,D1_00300,,O3_zero_width,0.1
D1_00300__O3_zero_width_20,G_00299,other,E3_obfuscated,0,0.06967169046401978,0,D1_00300,,O3_zero_width,0.2
D1_00300__O3_zero_width_30,G_00299,other,E3_obfuscated,0,0.06967169046401978,0,D1_00300,,O3_zero_width,0.3
D1_00300__O4_homoglyph_10,G_00299,other,E3_obfuscated,0,0.07444726675748825,0,D1_00300,,O4_homoglyph,0.1
D1_00300__O4_homoglyph_20,G_00299,other,E3_obfuscated,0,0.07530709356069565,0,D1_00300,,O4_homoglyph,0.2
D1_00300__O4_homoglyph_30,G_00299,other,E3_obfuscated,0,0.08077358454465866,0,D1_00300,,O4_homoglyph,0.3
D1_00300__O6_random_case_10,G_00299,other,E3_obfuscated,0,0.06967169046401978,0,D1_00300,,O6_random_case,0.1
D1_00300__O6_random_case_20,G_00299,other,E3_obfuscated,0,0.06967169046401978,0,D1_00300,,O6_random_case,0.2
D1_00300__O6_random_case_30,G_00299,other,E3_obfuscated,0,0.06967169046401978,0,D1_00300,,O6_random_case,0.3
D1_00300__O7_typo_10,G_00299,other,E3_obfuscated,0,0.07298801094293594,0,D1_00300,,O7_typo,0.1
D1_00300__O7_typo_20,G_00299,other,E3_obfuscated,0,0.07560065388679504,0,D1_00300,,O7_typo,0.2
D1_00300__O7_typo_30,G_00299,other,E3_obfuscated,0,0.07298801094293594,0,D1_00300,,O7_typo,0.3
D1_00300__O5_base64_100,G_00299,other,E3_obfuscated,0,0.9712944626808167,1,D1_00300,,O5_base64,1.0
D1_00302__O1_leetspeak_10,G_00301,other,E3_obfuscated,0,0.21246613562107086,1,D1_00302,,O1_leetspeak,0.1
D1_00302__O1_leetspeak_20,G_00301,other,E3_obfuscated,0,0.5724630355834961,1,D1_00302,,O1_leetspeak,0.2
D1_00302__O1_leetspeak_30,G_00301,other,E3_obfuscated,0,0.433662086725235,1,D1_00302,,O1_leetspeak,0.3
D1_00302__O2_char_spacing_10,G_00301,other,E3_obfuscated,0,0.28973186016082764,1,D1_00302,,O2_char_spacing,0.1
D1_00302__O2_char_spacing_20,G_00301,other,E3_obfuscated,0,0.9732279777526855,1,D1_00302,,O2_char_spacing,0.2
D1_00302__O2_char_spacing_30,G_00301,other,E3_obfuscated,0,0.9731821417808533,1,D1_00302,,O2_char_spacing,0.3
D1_00302__O3_zero_width_10,G_00301,other,E3_obfuscated,0,0.20815704762935638,0,D1_00302,,O3_zero_width,0.1
D1_00302__O3_zero_width_20,G_00301,other,E3_obfuscated,0,0.20815704762935638,0,D1_00302,,O3_zero_width,0.2
D1_00302__O3_zero_width_30,G_00301,other,E3_obfuscated,0,0.20815704762935638,0,D1_00302,,O3_zero_width,0.3
D1_00302__O4_homoglyph_10,G_00301,other,E3_obfuscated,0,0.21956251561641693,1,D1_00302,,O4_homoglyph,0.1
D1_00302__O4_homoglyph_20,G_00301,other,E3_obfuscated,0,0.9095081090927124,1,D1_00302,,O4_homoglyph,0.2
D1_00302__O4_homoglyph_30,G_00301,other,E3_obfuscated,0,0.6878760457038879,1,D1_00302,,O4_homoglyph,0.3
D1_00302__O6_random_case_10,G_00301,other,E3_obfuscated,0,0.20815704762935638,0,D1_00302,,O6_random_case,0.1
D1_00302__O6_random_case_20,G_00301,other,E3_obfuscated,0,0.20538772642612457,0,D1_00302,,O6_random_case,0.2
D1_00302__O6_random_case_30,G_00301,other,E3_obfuscated,0,0.20815704762935638,0,D1_00302,,O6_random_case,0.3
D1_00302__O7_typo_10,G_00301,other,E3_obfuscated,0,0.21252943575382233,1,D1_00302,,O7_typo,0.1
D1_00302__O7_typo_20,G_00301,other,E3_obfuscated,0,0.2196340709924698,1,D1_00302,,O7_typo,0.2
D1_00302__O7_typo_30,G_00301,other,E3_obfuscated,0,0.2197268158197403,1,D1_00302,,O7_typo,0.3
D1_00302__O5_base64_100,G_00301,other,E3_obfuscated,0,0.9733414649963379,1,D1_00302,,O5_base64,1.0
D1_00313__O1_leetspeak_10,G_00312,en,E3_obfuscated,0,0.07264720648527145,0,D1_00313,,O1_leetspeak,0.1
D1_00313__O1_leetspeak_20,G_00312,en,E3_obfuscated,0,0.07274691015481949,0,D1_00313,,O1_leetspeak,0.2
D1_00313__O1_leetspeak_30,G_00312,en,E3_obfuscated,0,0.07036789506673813,0,D1_00313,,O1_leetspeak,0.3
D1_00313__O2_char_spacing_10,G_00312,en,E3_obfuscated,0,0.08077734708786011,0,D1_00313,,O2_char_spacing,0.1
D1_00313__O2_char_spacing_20,G_00312,en,E3_obfuscated,0,0.07119179517030716,0,D1_00313,,O2_char_spacing,0.2
D1_00313__O2_char_spacing_30,G_00312,en,E3_obfuscated,0,0.09007739275693893,0,D1_00313,,O2_char_spacing,0.3
D1_00313__O3_zero_width_10,G_00312,en,E3_obfuscated,0,0.06708341836929321,0,D1_00313,,O3_zero_width,0.1
D1_00313__O3_zero_width_20,G_00312,en,E3_obfuscated,0,0.06708341836929321,0,D1_00313,,O3_zero_width,0.2
D1_00313__O3_zero_width_30,G_00312,en,E3_obfuscated,0,0.06708341836929321,0,D1_00313,,O3_zero_width,0.3
D1_00313__O4_homoglyph_10,G_00312,en,E3_obfuscated,0,0.06870283931493759,0,D1_00313,,O4_homoglyph,0.1
D1_00313__O4_homoglyph_20,G_00312,en,E3_obfuscated,0,0.07750709354877472,0,D1_00313,,O4_homoglyph,0.2
D1_00313__O4_homoglyph_30,G_00312,en,E3_obfuscated,0,0.08272885531187057,0,D1_00313,,O4_homoglyph,0.3
D1_00313__O6_random_case_10,G_00312,en,E3_obfuscated,0,0.06708341836929321,0,D1_00313,,O6_random_case,0.1
D1_00313__O6_random_case_20,G_00312,en,E3_obfuscated,0,0.06708341836929321,0,D1_00313,,O6_random_case,0.2
D1_00313__O6_random_case_30,G_00312,en,E3_obfuscated,0,0.06708341836929321,0,D1_00313,,O6_random_case,0.3
D1_00313__O7_typo_10,G_00312,en,E3_obfuscated,0,0.06970171630382538,0,D1_00313,,O7_typo,0.1
D1_00313__O7_typo_20,G_00312,en,E3_obfuscated,0,0.06708341836929321,0,D1_00313,,O7_typo,0.2
D1_00313__O7_typo_30,G_00312,en,E3_obfuscated,0,0.06701565533876419,0,D1_00313,,O7_typo,0.3
D1_00313__O5_base64_100,G_00312,en,E3_obfuscated,0,0.9718735814094543,1,D1_00313,,O5_base64,1.0
D1_00323__O1_leetspeak_10,G_00322,other,E3_obfuscated,0,0.05473330616950989,0,D1_00323,,O1_leetspeak,0.1
D1_00323__O1_leetspeak_20,G_00322,other,E3_obfuscated,0,0.05337388440966606,0,D1_00323,,O1_leetspeak,0.2
D1_00323__O1_leetspeak_30,G_00322,other,E3_obfuscated,0,0.04990585148334503,0,D1_00323,,O1_leetspeak,0.3
D1_00323__O2_char_spacing_10,G_00322,other,E3_obfuscated,0,0.06620192527770996,0,D1_00323,,O2_char_spacing,0.1
D1_00323__O2_char_spacing_20,G_00322,other,E3_obfuscated,0,0.06620192527770996,0,D1_00323,,O2_char_spacing,0.2
D1_00323__O2_char_spacing_30,G_00322,other,E3_obfuscated,0,0.07053836435079575,0,D1_00323,,O2_char_spacing,0.3
D1_00323__O3_zero_width_10,G_00322,other,E3_obfuscated,0,0.05211840197443962,0,D1_00323,,O3_zero_width,0.1
D1_00323__O3_zero_width_20,G_00322,other,E3_obfuscated,0,0.05211840197443962,0,D1_00323,,O3_zero_width,0.2
D1_00323__O3_zero_width_30,G_00322,other,E3_obfuscated,0,0.05211840197443962,0,D1_00323,,O3_zero_width,0.3
D1_00323__O4_homoglyph_10,G_00322,other,E3_obfuscated,0,0.0580492839217186,0,D1_00323,,O4_homoglyph,0.1
D1_00323__O4_homoglyph_20,G_00322,other,E3_obfuscated,0,0.05753381922841072,0,D1_00323,,O4_homoglyph,0.2
D1_00323__O4_homoglyph_30,G_00322,other,E3_obfuscated,0,0.06374327093362808,0,D1_00323,,O4_homoglyph,0.3
D1_00323__O6_random_case_10,G_00322,other,E3_obfuscated,0,0.05211840197443962,0,D1_00323,,O6_random_case,0.1
D1_00323__O6_random_case_20,G_00322,other,E3_obfuscated,0,0.05211840197443962,0,D1_00323,,O6_random_case,0.2
D1_00323__O6_random_case_30,G_00322,other,E3_obfuscated,0,0.05211840197443962,0,D1_00323,,O6_random_case,0.3
D1_00323__O7_typo_10,G_00322,other,E3_obfuscated,0,0.05658498406410217,0,D1_00323,,O7_typo,0.1
D1_00323__O7_typo_20,G_00322,other,E3_obfuscated,0,0.04966576024889946,0,D1_00323,,O7_typo,0.2
D1_00323__O7_typo_30,G_00322,other,E3_obfuscated,0,0.05658498406410217,0,D1_00323,,O7_typo,0.3
D1_00323__O5_base64_100,G_00322,other,E3_obfuscated,0,0.9696986675262451,1,D1_00323,,O5_base64,1.0
D1_00329__O1_leetspeak_10,G_00328,other,E3_obfuscated,0,0.11305738240480423,0,D1_00329,,O1_leetspeak,0.1
D1_00329__O1_leetspeak_20,G_00328,other,E3_obfuscated,0,0.11501307785511017,0,D1_00329,,O1_leetspeak,0.2
D1_00329__O1_leetspeak_30,G_00328,other,E3_obfuscated,0,0.11663015186786652,0,D1_00329,,O1_leetspeak,0.3
D1_00329__O2_char_spacing_10,G_00328,other,E3_obfuscated,0,0.11825839430093765,0,D1_00329,,O2_char_spacing,0.1
D1_00329__O2_char_spacing_20,G_00328,other,E3_obfuscated,0,0.11365459114313126,0,D1_00329,,O2_char_spacing,0.2
D1_00329__O2_char_spacing_30,G_00328,other,E3_obfuscated,0,0.11632450670003891,0,D1_00329,,O2_char_spacing,0.3
D1_00329__O3_zero_width_10,G_00328,other,E3_obfuscated,0,0.11242727190256119,0,D1_00329,,O3_zero_width,0.1
D1_00329__O3_zero_width_20,G_00328,other,E3_obfuscated,0,0.11242727190256119,0,D1_00329,,O3_zero_width,0.2
D1_00329__O3_zero_width_30,G_00328,other,E3_obfuscated,0,0.11242727190256119,0,D1_00329,,O3_zero_width,0.3
D1_00329__O4_homoglyph_10,G_00328,other,E3_obfuscated,0,0.1288502812385559,0,D1_00329,,O4_homoglyph,0.1
D1_00329__O4_homoglyph_20,G_00328,other,E3_obfuscated,0,0.123275026679039,0,D1_00329,,O4_homoglyph,0.2
D1_00329__O4_homoglyph_30,G_00328,other,E3_obfuscated,0,0.1245160847902298,0,D1_00329,,O4_homoglyph,0.3
D1_00329__O6_random_case_10,G_00328,other,E3_obfuscated,0,0.11242727190256119,0,D1_00329,,O6_random_case,0.1
D1_00329__O6_random_case_20,G_00328,other,E3_obfuscated,0,0.11242727190256119,0,D1_00329,,O6_random_case,0.2
D1_00329__O6_random_case_30,G_00328,other,E3_obfuscated,0,0.11242727190256119,0,D1_00329,,O6_random_case,0.3
D1_00329__O7_typo_10,G_00328,other,E3_obfuscated,0,0.1108136773109436,0,D1_00329,,O7_typo,0.1
D1_00329__O7_typo_20,G_00328,other,E3_obfuscated,0,0.11549759656190872,0,D1_00329,,O7_typo,0.2
D1_00329__O7_typo_30,G_00328,other,E3_obfuscated,0,0.11246416717767715,0,D1_00329,,O7_typo,0.3
D1_00329__O5_base64_100,G_00328,other,E3_obfuscated,0,0.973118007183075,1,D1_00329,,O5_base64,1.0
D1_00343__O1_leetspeak_10,G_00342,other,E3_obfuscated,0,0.0652284026145935,0,D1_00343,,O1_leetspeak,0.1
D1_00343__O1_leetspeak_20,G_00342,other,E3_obfuscated,0,0.06492020934820175,0,D1_00343,,O1_leetspeak,0.2
D1_00343__O1_leetspeak_30,G_00342,other,E3_obfuscated,0,0.06854049861431122,0,D1_00343,,O1_leetspeak,0.3
D1_00343__O2_char_spacing_10,G_00342,other,E3_obfuscated,0,0.07065770030021667,0,D1_00343,,O2_char_spacing,0.1
D1_00343__O2_char_spacing_20,G_00342,other,E3_obfuscated,0,0.06276996433734894,0,D1_00343,,O2_char_spacing,0.2
D1_00343__O2_char_spacing_30,G_00342,other,E3_obfuscated,0,0.07455538958311081,0,D1_00343,,O2_char_spacing,0.3
D1_00343__O3_zero_width_10,G_00342,other,E3_obfuscated,0,0.06788846105337143,0,D1_00343,,O3_zero_width,0.1
D1_00343__O3_zero_width_20,G_00342,other,E3_obfuscated,0,0.06788846105337143,0,D1_00343,,O3_zero_width,0.2
D1_00343__O3_zero_width_30,G_00342,other,E3_obfuscated,0,0.06788846105337143,0,D1_00343,,O3_zero_width,0.3
D1_00343__O4_homoglyph_10,G_00342,other,E3_obfuscated,0,0.0683031976222992,0,D1_00343,,O4_homoglyph,0.1
D1_00343__O4_homoglyph_20,G_00342,other,E3_obfuscated,0,0.07505952566862106,0,D1_00343,,O4_homoglyph,0.2
D1_00343__O4_homoglyph_30,G_00342,other,E3_obfuscated,0,0.07977869361639023,0,D1_00343,,O4_homoglyph,0.3
D1_00343__O6_random_case_10,G_00342,other,E3_obfuscated,0,0.06788846105337143,0,D1_00343,,O6_random_case,0.1
D1_00343__O6_random_case_20,G_00342,other,E3_obfuscated,0,0.06788846105337143,0,D1_00343,,O6_random_case,0.2
D1_00343__O6_random_case_30,G_00342,other,E3_obfuscated,0,0.06788846105337143,0,D1_00343,,O6_random_case,0.3
D1_00343__O7_typo_10,G_00342,other,E3_obfuscated,0,0.0699232891201973,0,D1_00343,,O7_typo,0.1
D1_00343__O7_typo_20,G_00342,other,E3_obfuscated,0,0.07262864708900452,0,D1_00343,,O7_typo,0.2
D1_00343__O7_typo_30,G_00342,other,E3_obfuscated,0,0.06546974927186966,0,D1_00343,,O7_typo,0.3
D1_00343__O5_base64_100,G_00342,other,E3_obfuscated,0,0.9733414649963379,1,D1_00343,,O5_base64,1.0
D1_00344__O1_leetspeak_10,G_00343,other,E3_obfuscated,0,0.0797802284359932,0,D1_00344,,O1_leetspeak,0.1
D1_00344__O1_leetspeak_20,G_00343,other,E3_obfuscated,0,0.07817621529102325,0,D1_00344,,O1_leetspeak,0.2
D1_00344__O1_leetspeak_30,G_00343,other,E3_obfuscated,0,0.11968003958463669,0,D1_00344,,O1_leetspeak,0.3
D1_00344__O2_char_spacing_10,G_00343,other,E3_obfuscated,0,0.07441539317369461,0,D1_00344,,O2_char_spacing,0.1
D1_00344__O2_char_spacing_20,G_00343,other,E3_obfuscated,0,0.08228346705436707,0,D1_00344,,O2_char_spacing,0.2
D1_00344__O2_char_spacing_30,G_00343,other,E3_obfuscated,0,0.07441539317369461,0,D1_00344,,O2_char_spacing,0.3
D1_00344__O3_zero_width_10,G_00343,other,E3_obfuscated,0,0.06667468696832657,0,D1_00344,,O3_zero_width,0.1
D1_00344__O3_zero_width_20,G_00343,other,E3_obfuscated,0,0.06667468696832657,0,D1_00344,,O3_zero_width,0.2
D1_00344__O3_zero_width_30,G_00343,other,E3_obfuscated,0,0.06667468696832657,0,D1_00344,,O3_zero_width,0.3
D1_00344__O4_homoglyph_10,G_00343,other,E3_obfuscated,0,0.07903651148080826,0,D1_00344,,O4_homoglyph,0.1
D1_00344__O4_homoglyph_20,G_00343,other,E3_obfuscated,0,0.0861658826470375,0,D1_00344,,O4_homoglyph,0.2
D1_00344__O4_homoglyph_30,G_00343,other,E3_obfuscated,0,0.08025795221328735,0,D1_00344,,O4_homoglyph,0.3
D1_00344__O6_random_case_10,G_00343,other,E3_obfuscated,0,0.06667468696832657,0,D1_00344,,O6_random_case,0.1
D1_00344__O6_random_case_20,G_00343,other,E3_obfuscated,0,0.06667468696832657,0,D1_00344,,O6_random_case,0.2
D1_00344__O6_random_case_30,G_00343,other,E3_obfuscated,0,0.06667468696832657,0,D1_00344,,O6_random_case,0.3
D1_00344__O7_typo_10,G_00343,other,E3_obfuscated,0,0.066264308989048,0,D1_00344,,O7_typo,0.1
D1_00344__O7_typo_20,G_00343,other,E3_obfuscated,0,0.07587987929582596,0,D1_00344,,O7_typo,0.2
D1_00344__O7_typo_30,G_00343,other,E3_obfuscated,0,0.06421846151351929,0,D1_00344,,O7_typo,0.3
D1_00344__O5_base64_100,G_00343,other,E3_obfuscated,0,0.968226969242096,1,D1_00344,,O5_base64,1.0
D1_00347__O1_leetspeak_10,G_00346,other,E3_obfuscated,0,0.14333726465702057,0,D1_00347,,O1_leetspeak,0.1
D1_00347__O1_leetspeak_20,G_00346,other,E3_obfuscated,0,0.17763517796993256,0,D1_00347,,O1_leetspeak,0.2
D1_00347__O1_leetspeak_30,G_00346,other,E3_obfuscated,0,0.16018468141555786,0,D1_00347,,O1_leetspeak,0.3
D1_00347__O2_char_spacing_10,G_00346,other,E3_obfuscated,0,0.11754927784204483,0,D1_00347,,O2_char_spacing,0.1
D1_00347__O2_char_spacing_20,G_00346,other,E3_obfuscated,0,0.9552425742149353,1,D1_00347,,O2_char_spacing,0.2
D1_00347__O2_char_spacing_30,G_00346,other,E3_obfuscated,0,0.9609794616699219,1,D1_00347,,O2_char_spacing,0.3
D1_00347__O3_zero_width_10,G_00346,other,E3_obfuscated,0,0.14140315353870392,0,D1_00347,,O3_zero_width,0.1
D1_00347__O3_zero_width_20,G_00346,other,E3_obfuscated,0,0.14140315353870392,0,D1_00347,,O3_zero_width,0.2
D1_00347__O3_zero_width_30,G_00346,other,E3_obfuscated,0,0.14140315353870392,0,D1_00347,,O3_zero_width,0.3
D1_00347__O4_homoglyph_10,G_00346,other,E3_obfuscated,0,0.14192461967468262,0,D1_00347,,O4_homoglyph,0.1
D1_00347__O4_homoglyph_20,G_00346,other,E3_obfuscated,0,0.14504128694534302,0,D1_00347,,O4_homoglyph,0.2
D1_00347__O4_homoglyph_30,G_00346,other,E3_obfuscated,0,0.14304259419441223,0,D1_00347,,O4_homoglyph,0.3
D1_00347__O6_random_case_10,G_00346,other,E3_obfuscated,0,0.14140315353870392,0,D1_00347,,O6_random_case,0.1
D1_00347__O6_random_case_20,G_00346,other,E3_obfuscated,0,0.14140315353870392,0,D1_00347,,O6_random_case,0.2
D1_00347__O6_random_case_30,G_00346,other,E3_obfuscated,0,0.14140315353870392,0,D1_00347,,O6_random_case,0.3
D1_00347__O7_typo_10,G_00346,other,E3_obfuscated,0,0.14550912380218506,0,D1_00347,,O7_typo,0.1
D1_00347__O7_typo_20,G_00346,other,E3_obfuscated,0,0.1575484573841095,0,D1_00347,,O7_typo,0.2
D1_00347__O7_typo_30,G_00346,other,E3_obfuscated,0,0.1466405987739563,0,D1_00347,,O7_typo,0.3
D1_00347__O5_base64_100,G_00346,other,E3_obfuscated,0,0.973118007183075,1,D1_00347,,O5_base64,1.0
D1_00349__O1_leetspeak_10,G_00348,other,E3_obfuscated,1,0.1382022649049759,0,D1_00349,,O1_leetspeak,0.1
D1_00349__O1_leetspeak_20,G_00348,other,E3_obfuscated,1,0.13752314448356628,0,D1_00349,,O1_leetspeak,0.2
D1_00349__O1_leetspeak_30,G_00348,other,E3_obfuscated,1,0.1273805946111679,0,D1_00349,,O1_leetspeak,0.3
D1_00349__O2_char_spacing_10,G_00348,other,E3_obfuscated,1,0.16354648768901825,0,D1_00349,,O2_char_spacing,0.1
D1_00349__O2_char_spacing_20,G_00348,other,E3_obfuscated,1,0.12335974723100662,0,D1_00349,,O2_char_spacing,0.2
D1_00349__O2_char_spacing_30,G_00348,other,E3_obfuscated,1,0.1608097106218338,0,D1_00349,,O2_char_spacing,0.3
D1_00349__O3_zero_width_10,G_00348,other,E3_obfuscated,1,0.14880850911140442,0,D1_00349,,O3_zero_width,0.1
D1_00349__O3_zero_width_20,G_00348,other,E3_obfuscated,1,0.14880850911140442,0,D1_00349,,O3_zero_width,0.2
D1_00349__O3_zero_width_30,G_00348,other,E3_obfuscated,1,0.14880850911140442,0,D1_00349,,O3_zero_width,0.3
D1_00349__O4_homoglyph_10,G_00348,other,E3_obfuscated,1,0.14553521573543549,0,D1_00349,,O4_homoglyph,0.1
D1_00349__O4_homoglyph_20,G_00348,other,E3_obfuscated,1,0.12471666187047958,0,D1_00349,,O4_homoglyph,0.2
D1_00349__O4_homoglyph_30,G_00348,other,E3_obfuscated,1,0.11885043978691101,0,D1_00349,,O4_homoglyph,0.3
D1_00349__O6_random_case_10,G_00348,other,E3_obfuscated,1,0.14880850911140442,0,D1_00349,,O6_random_case,0.1
D1_00349__O6_random_case_20,G_00348,other,E3_obfuscated,1,0.14880850911140442,0,D1_00349,,O6_random_case,0.2
D1_00349__O6_random_case_30,G_00348,other,E3_obfuscated,1,0.14880850911140442,0,D1_00349,,O6_random_case,0.3
D1_00349__O7_typo_10,G_00348,other,E3_obfuscated,1,0.14261707663536072,0,D1_00349,,O7_typo,0.1
D1_00349__O7_typo_20,G_00348,other,E3_obfuscated,1,0.14671866595745087,0,D1_00349,,O7_typo,0.2
D1_00349__O7_typo_30,G_00348,other,E3_obfuscated,1,0.14442992210388184,0,D1_00349,,O7_typo,0.3
D1_00349__O5_base64_100,G_00348,other,E3_obfuscated,1,0.9723648428916931,1,D1_00349,,O5_base64,1.0
D1_00352__O1_leetspeak_10,G_00351,other,E3_obfuscated,1,0.40016627311706543,1,D1_00352,,O1_leetspeak,0.1
D1_00352__O1_leetspeak_20,G_00351,other,E3_obfuscated,1,0.33752962946891785,1,D1_00352,,O1_leetspeak,0.2
D1_00352__O1_leetspeak_30,G_00351,other,E3_obfuscated,1,0.2695440649986267,1,D1_00352,,O1_leetspeak,0.3
D1_00352__O2_char_spacing_10,G_00351,other,E3_obfuscated,1,0.40961843729019165,1,D1_00352,,O2_char_spacing,0.1
D1_00352__O2_char_spacing_20,G_00351,other,E3_obfuscated,1,0.40961843729019165,1,D1_00352,,O2_char_spacing,0.2
D1_00352__O2_char_spacing_30,G_00351,other,E3_obfuscated,1,0.40961843729019165,1,D1_00352,,O2_char_spacing,0.3
D1_00352__O3_zero_width_10,G_00351,other,E3_obfuscated,1,0.32131776213645935,1,D1_00352,,O3_zero_width,0.1
D1_00352__O3_zero_width_20,G_00351,other,E3_obfuscated,1,0.32131776213645935,1,D1_00352,,O3_zero_width,0.2
D1_00352__O3_zero_width_30,G_00351,other,E3_obfuscated,1,0.32131776213645935,1,D1_00352,,O3_zero_width,0.3
D1_00352__O4_homoglyph_10,G_00351,other,E3_obfuscated,1,0.3198089301586151,1,D1_00352,,O4_homoglyph,0.1
D1_00352__O4_homoglyph_20,G_00351,other,E3_obfuscated,1,0.31977707147598267,1,D1_00352,,O4_homoglyph,0.2
D1_00352__O4_homoglyph_30,G_00351,other,E3_obfuscated,1,0.37703076004981995,1,D1_00352,,O4_homoglyph,0.3
D1_00352__O6_random_case_10,G_00351,other,E3_obfuscated,1,0.32131776213645935,1,D1_00352,,O6_random_case,0.1
D1_00352__O6_random_case_20,G_00351,other,E3_obfuscated,1,0.32131776213645935,1,D1_00352,,O6_random_case,0.2
D1_00352__O6_random_case_30,G_00351,other,E3_obfuscated,1,0.32131776213645935,1,D1_00352,,O6_random_case,0.3
D1_00352__O7_typo_10,G_00351,other,E3_obfuscated,1,0.1508987843990326,0,D1_00352,,O7_typo,0.1
D1_00352__O7_typo_20,G_00351,other,E3_obfuscated,1,0.4327007532119751,1,D1_00352,,O7_typo,0.2
D1_00352__O7_typo_30,G_00351,other,E3_obfuscated,1,0.2878507673740387,1,D1_00352,,O7_typo,0.3
D1_00352__O5_base64_100,G_00351,other,E3_obfuscated,1,0.9715203642845154,1,D1_00352,,O5_base64,1.0
D1_00353__O1_leetspeak_10,G_00352,other,E3_obfuscated,0,0.07307174801826477,0,D1_00353,,O1_leetspeak,0.1
D1_00353__O1_leetspeak_20,G_00352,other,E3_obfuscated,0,0.12190061807632446,0,D1_00353,,O1_leetspeak,0.2
D1_00353__O1_leetspeak_30,G_00352,other,E3_obfuscated,0,0.11409538239240646,0,D1_00353,,O1_leetspeak,0.3
D1_00353__O2_char_spacing_10,G_00352,other,E3_obfuscated,0,0.08460403233766556,0,D1_00353,,O2_char_spacing,0.1
D1_00353__O2_char_spacing_20,G_00352,other,E3_obfuscated,0,0.08460403233766556,0,D1_00353,,O2_char_spacing,0.2
D1_00353__O2_char_spacing_30,G_00352,other,E3_obfuscated,0,0.10473871976137161,0,D1_00353,,O2_char_spacing,0.3
D1_00353__O3_zero_width_10,G_00352,other,E3_obfuscated,0,0.08744249492883682,0,D1_00353,,O3_zero_width,0.1
D1_00353__O3_zero_width_20,G_00352,other,E3_obfuscated,0,0.08744249492883682,0,D1_00353,,O3_zero_width,0.2
D1_00353__O3_zero_width_30,G_00352,other,E3_obfuscated,0,0.08744249492883682,0,D1_00353,,O3_zero_width,0.3
D1_00353__O4_homoglyph_10,G_00352,other,E3_obfuscated,0,0.09220461547374725,0,D1_00353,,O4_homoglyph,0.1
D1_00353__O4_homoglyph_20,G_00352,other,E3_obfuscated,0,0.1141284629702568,0,D1_00353,,O4_homoglyph,0.2
D1_00353__O4_homoglyph_30,G_00352,other,E3_obfuscated,0,0.09614111483097076,0,D1_00353,,O4_homoglyph,0.3
D1_00353__O6_random_case_10,G_00352,other,E3_obfuscated,0,0.08744249492883682,0,D1_00353,,O6_random_case,0.1
D1_00353__O6_random_case_20,G_00352,other,E3_obfuscated,0,0.08744249492883682,0,D1_00353,,O6_random_case,0.2
D1_00353__O6_random_case_30,G_00352,other,E3_obfuscated,0,0.08744249492883682,0,D1_00353,,O6_random_case,0.3
D1_00353__O7_typo_10,G_00352,other,E3_obfuscated,0,0.11475852876901627,0,D1_00353,,O7_typo,0.1
D1_00353__O7_typo_20,G_00352,other,E3_obfuscated,0,0.08677994459867477,0,D1_00353,,O7_typo,0.2
D1_00353__O7_typo_30,G_00352,other,E3_obfuscated,0,0.6991695165634155,1,D1_00353,,O7_typo,0.3
D1_00353__O5_base64_100,G_00352,other,E3_obfuscated,0,0.9728667736053467,1,D1_00353,,O5_base64,1.0
D1_00364__O1_leetspeak_10,G_00363,en,E3_obfuscated,1,0.9567435383796692,1,D1_00364,,O1_leetspeak,0.1
D1_00364__O1_leetspeak_20,G_00363,en,E3_obfuscated,1,0.9626415967941284,1,D1_00364,,O1_leetspeak,0.2
D1_00364__O1_leetspeak_30,G_00363,en,E3_obfuscated,1,0.9683626294136047,1,D1_00364,,O1_leetspeak,0.3
D1_00364__O2_char_spacing_10,G_00363,en,E3_obfuscated,1,0.9363172054290771,1,D1_00364,,O2_char_spacing,0.1
D1_00364__O2_char_spacing_20,G_00363,en,E3_obfuscated,1,0.9383189678192139,1,D1_00364,,O2_char_spacing,0.2
D1_00364__O2_char_spacing_30,G_00363,en,E3_obfuscated,1,0.6620275974273682,1,D1_00364,,O2_char_spacing,0.3
D1_00364__O3_zero_width_10,G_00363,en,E3_obfuscated,1,0.9223270416259766,1,D1_00364,,O3_zero_width,0.1
D1_00364__O3_zero_width_20,G_00363,en,E3_obfuscated,1,0.9223270416259766,1,D1_00364,,O3_zero_width,0.2
D1_00364__O3_zero_width_30,G_00363,en,E3_obfuscated,1,0.9223270416259766,1,D1_00364,,O3_zero_width,0.3
D1_00364__O4_homoglyph_10,G_00363,en,E3_obfuscated,1,0.9505670666694641,1,D1_00364,,O4_homoglyph,0.1
D1_00364__O4_homoglyph_20,G_00363,en,E3_obfuscated,1,0.6858046650886536,1,D1_00364,,O4_homoglyph,0.2
D1_00364__O4_homoglyph_30,G_00363,en,E3_obfuscated,1,0.3566470444202423,1,D1_00364,,O4_homoglyph,0.3
D1_00364__O6_random_case_10,G_00363,en,E3_obfuscated,1,0.9223270416259766,1,D1_00364,,O6_random_case,0.1
D1_00364__O6_random_case_20,G_00363,en,E3_obfuscated,1,0.9223270416259766,1,D1_00364,,O6_random_case,0.2
D1_00364__O6_random_case_30,G_00363,en,E3_obfuscated,1,0.9223270416259766,1,D1_00364,,O6_random_case,0.3
D1_00364__O7_typo_10,G_00363,en,E3_obfuscated,1,0.9403260350227356,1,D1_00364,,O7_typo,0.1
D1_00364__O7_typo_20,G_00363,en,E3_obfuscated,1,0.9490646719932556,1,D1_00364,,O7_typo,0.2
D1_00364__O7_typo_30,G_00363,en,E3_obfuscated,1,0.9706084728240967,1,D1_00364,,O7_typo,0.3
D1_00364__O5_base64_100,G_00363,en,E3_obfuscated,1,0.9723582863807678,1,D1_00364,,O5_base64,1.0
D1_00365__O1_leetspeak_10,G_00364,other,E3_obfuscated,0,0.06269387900829315,0,D1_00365,,O1_leetspeak,0.1
D1_00365__O1_leetspeak_20,G_00364,other,E3_obfuscated,0,0.06346774101257324,0,D1_00365,,O1_leetspeak,0.2
D1_00365__O1_leetspeak_30,G_00364,other,E3_obfuscated,0,0.07511788606643677,0,D1_00365,,O1_leetspeak,0.3
D1_00365__O2_char_spacing_10,G_00364,other,E3_obfuscated,0,0.05911324918270111,0,D1_00365,,O2_char_spacing,0.1
D1_00365__O2_char_spacing_20,G_00364,other,E3_obfuscated,0,0.07416950166225433,0,D1_00365,,O2_char_spacing,0.2
D1_00365__O2_char_spacing_30,G_00364,other,E3_obfuscated,0,0.06718228757381439,0,D1_00365,,O2_char_spacing,0.3
D1_00365__O3_zero_width_10,G_00364,other,E3_obfuscated,0,0.05985591560602188,0,D1_00365,,O3_zero_width,0.1
D1_00365__O3_zero_width_20,G_00364,other,E3_obfuscated,0,0.05985591560602188,0,D1_00365,,O3_zero_width,0.2
D1_00365__O3_zero_width_30,G_00364,other,E3_obfuscated,0,0.05985591560602188,0,D1_00365,,O3_zero_width,0.3
D1_00365__O4_homoglyph_10,G_00364,other,E3_obfuscated,0,0.06284894794225693,0,D1_00365,,O4_homoglyph,0.1
D1_00365__O4_homoglyph_20,G_00364,other,E3_obfuscated,0,0.06331334263086319,0,D1_00365,,O4_homoglyph,0.2
D1_00365__O4_homoglyph_30,G_00364,other,E3_obfuscated,0,0.07894013077020645,0,D1_00365,,O4_homoglyph,0.3
D1_00365__O6_random_case_10,G_00364,other,E3_obfuscated,0,0.05985591560602188,0,D1_00365,,O6_random_case,0.1
D1_00365__O6_random_case_20,G_00364,other,E3_obfuscated,0,0.05985591560602188,0,D1_00365,,O6_random_case,0.2
D1_00365__O6_random_case_30,G_00364,other,E3_obfuscated,0,0.05985591560602188,0,D1_00365,,O6_random_case,0.3
D1_00365__O7_typo_10,G_00364,other,E3_obfuscated,0,0.06053157150745392,0,D1_00365,,O7_typo,0.1
D1_00365__O7_typo_20,G_00364,other,E3_obfuscated,0,0.057902742177248,0,D1_00365,,O7_typo,0.2
D1_00365__O7_typo_30,G_00364,other,E3_obfuscated,0,0.06119820848107338,0,D1_00365,,O7_typo,0.3
D1_00365__O5_base64_100,G_00364,other,E3_obfuscated,0,0.972548246383667,1,D1_00365,,O5_base64,1.0
D1_00367__O1_leetspeak_10,G_00366,en,E3_obfuscated,1,0.9728058576583862,1,D1_00367,,O1_leetspeak,0.1
D1_00367__O1_leetspeak_20,G_00366,en,E3_obfuscated,1,0.9773624539375305,1,D1_00367,,O1_leetspeak,0.2
D1_00367__O1_leetspeak_30,G_00366,en,E3_obfuscated,1,0.9767560958862305,1,D1_00367,,O1_leetspeak,0.3
D1_00367__O2_char_spacing_10,G_00366,en,E3_obfuscated,1,0.9698506593704224,1,D1_00367,,O2_char_spacing,0.1
D1_00367__O2_char_spacing_20,G_00366,en,E3_obfuscated,1,0.9688916802406311,1,D1_00367,,O2_char_spacing,0.2
D1_00367__O2_char_spacing_30,G_00366,en,E3_obfuscated,1,0.975553035736084,1,D1_00367,,O2_char_spacing,0.3
D1_00367__O3_zero_width_10,G_00366,en,E3_obfuscated,1,0.9692444205284119,1,D1_00367,,O3_zero_width,0.1
D1_00367__O3_zero_width_20,G_00366,en,E3_obfuscated,1,0.9692444205284119,1,D1_00367,,O3_zero_width,0.2
D1_00367__O3_zero_width_30,G_00366,en,E3_obfuscated,1,0.9692444205284119,1,D1_00367,,O3_zero_width,0.3
D1_00367__O4_homoglyph_10,G_00366,en,E3_obfuscated,1,0.9660366177558899,1,D1_00367,,O4_homoglyph,0.1
D1_00367__O4_homoglyph_20,G_00366,en,E3_obfuscated,1,0.9586599469184875,1,D1_00367,,O4_homoglyph,0.2
D1_00367__O4_homoglyph_30,G_00366,en,E3_obfuscated,1,0.9232545495033264,1,D1_00367,,O4_homoglyph,0.3
D1_00367__O6_random_case_10,G_00366,en,E3_obfuscated,1,0.9692444205284119,1,D1_00367,,O6_random_case,0.1
D1_00367__O6_random_case_20,G_00366,en,E3_obfuscated,1,0.9692444205284119,1,D1_00367,,O6_random_case,0.2
D1_00367__O6_random_case_30,G_00366,en,E3_obfuscated,1,0.9692444205284119,1,D1_00367,,O6_random_case,0.3
D1_00367__O7_typo_10,G_00366,en,E3_obfuscated,1,0.9676076769828796,1,D1_00367,,O7_typo,0.1
D1_00367__O7_typo_20,G_00366,en,E3_obfuscated,1,0.9748548865318298,1,D1_00367,,O7_typo,0.2
D1_00367__O7_typo_30,G_00366,en,E3_obfuscated,1,0.9720436930656433,1,D1_00367,,O7_typo,0.3
D1_00367__O5_base64_100,G_00366,en,E3_obfuscated,1,0.9728033542633057,1,D1_00367,,O5_base64,1.0
D1_00370__O1_leetspeak_10,G_00369,other,E3_obfuscated,1,0.06545814126729965,0,D1_00370,,O1_leetspeak,0.1
D1_00370__O1_leetspeak_20,G_00369,other,E3_obfuscated,1,0.07451669126749039,0,D1_00370,,O1_leetspeak,0.2
D1_00370__O1_leetspeak_30,G_00369,other,E3_obfuscated,1,0.10147548466920853,0,D1_00370,,O1_leetspeak,0.3
D1_00370__O2_char_spacing_10,G_00369,other,E3_obfuscated,1,0.09031814336776733,0,D1_00370,,O2_char_spacing,0.1
D1_00370__O2_char_spacing_20,G_00369,other,E3_obfuscated,1,0.08570016920566559,0,D1_00370,,O2_char_spacing,0.2
D1_00370__O2_char_spacing_30,G_00369,other,E3_obfuscated,1,0.09133970737457275,0,D1_00370,,O2_char_spacing,0.3
D1_00370__O3_zero_width_10,G_00369,other,E3_obfuscated,1,0.07946744561195374,0,D1_00370,,O3_zero_width,0.1
D1_00370__O3_zero_width_20,G_00369,other,E3_obfuscated,1,0.07946744561195374,0,D1_00370,,O3_zero_width,0.2
D1_00370__O3_zero_width_30,G_00369,other,E3_obfuscated,1,0.07946744561195374,0,D1_00370,,O3_zero_width,0.3
D1_00370__O4_homoglyph_10,G_00369,other,E3_obfuscated,1,0.07784198969602585,0,D1_00370,,O4_homoglyph,0.1
D1_00370__O4_homoglyph_20,G_00369,other,E3_obfuscated,1,0.08262902498245239,0,D1_00370,,O4_homoglyph,0.2
D1_00370__O4_homoglyph_30,G_00369,other,E3_obfuscated,1,0.11596597731113434,0,D1_00370,,O4_homoglyph,0.3
D1_00370__O6_random_case_10,G_00369,other,E3_obfuscated,1,0.07946744561195374,0,D1_00370,,O6_random_case,0.1
D1_00370__O6_random_case_20,G_00369,other,E3_obfuscated,1,0.07946744561195374,0,D1_00370,,O6_random_case,0.2
D1_00370__O6_random_case_30,G_00369,other,E3_obfuscated,1,0.07946744561195374,0,D1_00370,,O6_random_case,0.3
D1_00370__O7_typo_10,G_00369,other,E3_obfuscated,1,0.07946744561195374,0,D1_00370,,O7_typo,0.1
D1_00370__O7_typo_20,G_00369,other,E3_obfuscated,1,0.08302674442529678,0,D1_00370,,O7_typo,0.2
D1_00370__O7_typo_30,G_00369,other,E3_obfuscated,1,0.08199136704206467,0,D1_00370,,O7_typo,0.3
D1_00370__O5_base64_100,G_00369,other,E3_obfuscated,1,0.9710345268249512,1,D1_00370,,O5_base64,1.0
D1_00378__O1_leetspeak_10,G_00377,en,E3_obfuscated,1,0.9725615382194519,1,D1_00378,,O1_leetspeak,0.1
D1_00378__O1_leetspeak_20,G_00377,en,E3_obfuscated,1,0.9712004661560059,1,D1_00378,,O1_leetspeak,0.2
D1_00378__O1_leetspeak_30,G_00377,en,E3_obfuscated,1,0.9773248434066772,1,D1_00378,,O1_leetspeak,0.3
D1_00378__O2_char_spacing_10,G_00377,en,E3_obfuscated,1,0.9749128222465515,1,D1_00378,,O2_char_spacing,0.1
D1_00378__O2_char_spacing_20,G_00377,en,E3_obfuscated,1,0.976749062538147,1,D1_00378,,O2_char_spacing,0.2
D1_00378__O2_char_spacing_30,G_00377,en,E3_obfuscated,1,0.9763170480728149,1,D1_00378,,O2_char_spacing,0.3
D1_00378__O3_zero_width_10,G_00377,en,E3_obfuscated,1,0.971724808216095,1,D1_00378,,O3_zero_width,0.1
D1_00378__O3_zero_width_20,G_00377,en,E3_obfuscated,1,0.971724808216095,1,D1_00378,,O3_zero_width,0.2
D1_00378__O3_zero_width_30,G_00377,en,E3_obfuscated,1,0.971724808216095,1,D1_00378,,O3_zero_width,0.3
D1_00378__O4_homoglyph_10,G_00377,en,E3_obfuscated,1,0.9755253791809082,1,D1_00378,,O4_homoglyph,0.1
D1_00378__O4_homoglyph_20,G_00377,en,E3_obfuscated,1,0.9795292019844055,1,D1_00378,,O4_homoglyph,0.2
D1_00378__O4_homoglyph_30,G_00377,en,E3_obfuscated,1,0.9741148948669434,1,D1_00378,,O4_homoglyph,0.3
D1_00378__O6_random_case_10,G_00377,en,E3_obfuscated,1,0.971724808216095,1,D1_00378,,O6_random_case,0.1
D1_00378__O6_random_case_20,G_00377,en,E3_obfuscated,1,0.971724808216095,1,D1_00378,,O6_random_case,0.2
D1_00378__O6_random_case_30,G_00377,en,E3_obfuscated,1,0.971724808216095,1,D1_00378,,O6_random_case,0.3
D1_00378__O7_typo_10,G_00377,en,E3_obfuscated,1,0.9743030667304993,1,D1_00378,,O7_typo,0.1
D1_00378__O7_typo_20,G_00377,en,E3_obfuscated,1,0.971853494644165,1,D1_00378,,O7_typo,0.2
D1_00378__O7_typo_30,G_00377,en,E3_obfuscated,1,0.9728512167930603,1,D1_00378,,O7_typo,0.3
D1_00378__O5_base64_100,G_00377,en,E3_obfuscated,1,0.9722497463226318,1,D1_00378,,O5_base64,1.0
D1_00406__O1_leetspeak_10,G_00405,en,E3_obfuscated,1,0.9799687266349792,1,D1_00406,,O1_leetspeak,0.1
D1_00406__O1_leetspeak_20,G_00405,en,E3_obfuscated,1,0.9795071482658386,1,D1_00406,,O1_leetspeak,0.2
D1_00406__O1_leetspeak_30,G_00405,en,E3_obfuscated,1,0.9793336987495422,1,D1_00406,,O1_leetspeak,0.3
D1_00406__O2_char_spacing_10,G_00405,en,E3_obfuscated,1,0.9799307584762573,1,D1_00406,,O2_char_spacing,0.1
D1_00406__O2_char_spacing_20,G_00405,en,E3_obfuscated,1,0.9798732995986938,1,D1_00406,,O2_char_spacing,0.2
D1_00406__O2_char_spacing_30,G_00405,en,E3_obfuscated,1,0.9791406393051147,1,D1_00406,,O2_char_spacing,0.3
D1_00406__O3_zero_width_10,G_00405,en,E3_obfuscated,1,0.9796320796012878,1,D1_00406,,O3_zero_width,0.1
D1_00406__O3_zero_width_20,G_00405,en,E3_obfuscated,1,0.9796320796012878,1,D1_00406,,O3_zero_width,0.2
D1_00406__O3_zero_width_30,G_00405,en,E3_obfuscated,1,0.9796320796012878,1,D1_00406,,O3_zero_width,0.3
D1_00406__O4_homoglyph_10,G_00405,en,E3_obfuscated,1,0.9790695309638977,1,D1_00406,,O4_homoglyph,0.1
D1_00406__O4_homoglyph_20,G_00405,en,E3_obfuscated,1,0.9795179963111877,1,D1_00406,,O4_homoglyph,0.2
D1_00406__O4_homoglyph_30,G_00405,en,E3_obfuscated,1,0.9778494834899902,1,D1_00406,,O4_homoglyph,0.3
D1_00406__O6_random_case_10,G_00405,en,E3_obfuscated,1,0.9796320796012878,1,D1_00406,,O6_random_case,0.1
D1_00406__O6_random_case_20,G_00405,en,E3_obfuscated,1,0.9796320796012878,1,D1_00406,,O6_random_case,0.2
D1_00406__O6_random_case_30,G_00405,en,E3_obfuscated,1,0.9796320796012878,1,D1_00406,,O6_random_case,0.3
D1_00406__O7_typo_10,G_00405,en,E3_obfuscated,1,0.9801832437515259,1,D1_00406,,O7_typo,0.1
D1_00406__O7_typo_20,G_00405,en,E3_obfuscated,1,0.980177640914917,1,D1_00406,,O7_typo,0.2
D1_00406__O7_typo_30,G_00405,en,E3_obfuscated,1,0.9799930453300476,1,D1_00406,,O7_typo,0.3
D1_00406__O5_base64_100,G_00405,en,E3_obfuscated,1,0.9722497463226318,1,D1_00406,,O5_base64,1.0
D1_00408__O1_leetspeak_10,G_00407,en,E3_obfuscated,0,0.049826476722955704,0,D1_00408,,O1_leetspeak,0.1
D1_00408__O1_leetspeak_20,G_00407,en,E3_obfuscated,0,0.06059672683477402,0,D1_00408,,O1_leetspeak,0.2
D1_00408__O1_leetspeak_30,G_00407,en,E3_obfuscated,0,0.07428466528654099,0,D1_00408,,O1_leetspeak,0.3
D1_00408__O2_char_spacing_10,G_00407,en,E3_obfuscated,0,0.071025051176548,0,D1_00408,,O2_char_spacing,0.1
D1_00408__O2_char_spacing_20,G_00407,en,E3_obfuscated,0,0.071025051176548,0,D1_00408,,O2_char_spacing,0.2
D1_00408__O2_char_spacing_30,G_00407,en,E3_obfuscated,0,0.051900919526815414,0,D1_00408,,O2_char_spacing,0.3
D1_00408__O3_zero_width_10,G_00407,en,E3_obfuscated,0,0.05439556762576103,0,D1_00408,,O3_zero_width,0.1
D1_00408__O3_zero_width_20,G_00407,en,E3_obfuscated,0,0.05439556762576103,0,D1_00408,,O3_zero_width,0.2
D1_00408__O3_zero_width_30,G_00407,en,E3_obfuscated,0,0.05439556762576103,0,D1_00408,,O3_zero_width,0.3
D1_00408__O4_homoglyph_10,G_00407,en,E3_obfuscated,0,0.0762839987874031,0,D1_00408,,O4_homoglyph,0.1
D1_00408__O4_homoglyph_20,G_00407,en,E3_obfuscated,0,0.07536110281944275,0,D1_00408,,O4_homoglyph,0.2
D1_00408__O4_homoglyph_30,G_00407,en,E3_obfuscated,0,0.08808068931102753,0,D1_00408,,O4_homoglyph,0.3
D1_00408__O6_random_case_10,G_00407,en,E3_obfuscated,0,0.05439556762576103,0,D1_00408,,O6_random_case,0.1
D1_00408__O6_random_case_20,G_00407,en,E3_obfuscated,0,0.05439556762576103,0,D1_00408,,O6_random_case,0.2
D1_00408__O6_random_case_30,G_00407,en,E3_obfuscated,0,0.05439556762576103,0,D1_00408,,O6_random_case,0.3
D1_00408__O7_typo_10,G_00407,en,E3_obfuscated,0,0.0552249550819397,0,D1_00408,,O7_typo,0.1
D1_00408__O7_typo_20,G_00407,en,E3_obfuscated,0,0.07496552169322968,0,D1_00408,,O7_typo,0.2
D1_00408__O7_typo_30,G_00407,en,E3_obfuscated,0,0.06683088093996048,0,D1_00408,,O7_typo,0.3
D1_00408__O5_base64_100,G_00407,en,E3_obfuscated,0,0.9713405966758728,1,D1_00408,,O5_base64,1.0
D1_00423__O1_leetspeak_10,G_00422,en,E3_obfuscated,1,0.2330085039138794,1,D1_00423,,O1_leetspeak,0.1
D1_00423__O1_leetspeak_20,G_00422,en,E3_obfuscated,1,0.22335253655910492,1,D1_00423,,O1_leetspeak,0.2
D1_00423__O1_leetspeak_30,G_00422,en,E3_obfuscated,1,0.2783651649951935,1,D1_00423,,O1_leetspeak,0.3
D1_00423__O2_char_spacing_10,G_00422,en,E3_obfuscated,1,0.23451738059520721,1,D1_00423,,O2_char_spacing,0.1
D1_00423__O2_char_spacing_20,G_00422,en,E3_obfuscated,1,0.23451738059520721,1,D1_00423,,O2_char_spacing,0.2
D1_00423__O2_char_spacing_30,G_00422,en,E3_obfuscated,1,0.23451738059520721,1,D1_00423,,O2_char_spacing,0.3
D1_00423__O3_zero_width_10,G_00422,en,E3_obfuscated,1,0.23451738059520721,1,D1_00423,,O3_zero_width,0.1
D1_00423__O3_zero_width_20,G_00422,en,E3_obfuscated,1,0.23451738059520721,1,D1_00423,,O3_zero_width,0.2
D1_00423__O3_zero_width_30,G_00422,en,E3_obfuscated,1,0.23451738059520721,1,D1_00423,,O3_zero_width,0.3
D1_00423__O4_homoglyph_10,G_00422,en,E3_obfuscated,1,0.2614743709564209,1,D1_00423,,O4_homoglyph,0.1
D1_00423__O4_homoglyph_20,G_00422,en,E3_obfuscated,1,0.2605714797973633,1,D1_00423,,O4_homoglyph,0.2
D1_00423__O4_homoglyph_30,G_00422,en,E3_obfuscated,1,0.2932073175907135,1,D1_00423,,O4_homoglyph,0.3
D1_00423__O6_random_case_10,G_00422,en,E3_obfuscated,1,0.23451738059520721,1,D1_00423,,O6_random_case,0.1
D1_00423__O6_random_case_20,G_00422,en,E3_obfuscated,1,0.23451738059520721,1,D1_00423,,O6_random_case,0.2
D1_00423__O6_random_case_30,G_00422,en,E3_obfuscated,1,0.23451738059520721,1,D1_00423,,O6_random_case,0.3
D1_00423__O7_typo_10,G_00422,en,E3_obfuscated,1,0.23451738059520721,1,D1_00423,,O7_typo,0.1
D1_00423__O7_typo_20,G_00422,en,E3_obfuscated,1,0.23451738059520721,1,D1_00423,,O7_typo,0.2
D1_00423__O7_typo_30,G_00422,en,E3_obfuscated,1,0.23451738059520721,1,D1_00423,,O7_typo,0.3
D1_00423__O5_base64_100,G_00422,en,E3_obfuscated,1,0.972923994064331,1,D1_00423,,O5_base64,1.0
D1_00432__O1_leetspeak_10,G_00431,other,E3_obfuscated,0,0.06843981146812439,0,D1_00432,,O1_leetspeak,0.1
D1_00432__O1_leetspeak_20,G_00431,other,E3_obfuscated,0,0.06815589219331741,0,D1_00432,,O1_leetspeak,0.2
D1_00432__O1_leetspeak_30,G_00431,other,E3_obfuscated,0,0.0662139505147934,0,D1_00432,,O1_leetspeak,0.3
D1_00432__O2_char_spacing_10,G_00431,other,E3_obfuscated,0,0.07352763414382935,0,D1_00432,,O2_char_spacing,0.1
D1_00432__O2_char_spacing_20,G_00431,other,E3_obfuscated,0,0.0799858346581459,0,D1_00432,,O2_char_spacing,0.2
D1_00432__O2_char_spacing_30,G_00431,other,E3_obfuscated,0,0.07096844166517258,0,D1_00432,,O2_char_spacing,0.3
D1_00432__O3_zero_width_10,G_00431,other,E3_obfuscated,0,0.07466235011816025,0,D1_00432,,O3_zero_width,0.1
D1_00432__O3_zero_width_20,G_00431,other,E3_obfuscated,0,0.07466235011816025,0,D1_00432,,O3_zero_width,0.2
D1_00432__O3_zero_width_30,G_00431,other,E3_obfuscated,0,0.07466235011816025,0,D1_00432,,O3_zero_width,0.3
D1_00432__O4_homoglyph_10,G_00431,other,E3_obfuscated,0,0.08006376028060913,0,D1_00432,,O4_homoglyph,0.1
D1_00432__O4_homoglyph_20,G_00431,other,E3_obfuscated,0,0.08892740309238434,0,D1_00432,,O4_homoglyph,0.2
D1_00432__O4_homoglyph_30,G_00431,other,E3_obfuscated,0,0.08779772371053696,0,D1_00432,,O4_homoglyph,0.3
D1_00432__O6_random_case_10,G_00431,other,E3_obfuscated,0,0.07466235011816025,0,D1_00432,,O6_random_case,0.1
D1_00432__O6_random_case_20,G_00431,other,E3_obfuscated,0,0.07466235011816025,0,D1_00432,,O6_random_case,0.2
D1_00432__O6_random_case_30,G_00431,other,E3_obfuscated,0,0.07466235011816025,0,D1_00432,,O6_random_case,0.3
D1_00432__O7_typo_10,G_00431,other,E3_obfuscated,0,0.07841169089078903,0,D1_00432,,O7_typo,0.1
D1_00432__O7_typo_20,G_00431,other,E3_obfuscated,0,0.0744020864367485,0,D1_00432,,O7_typo,0.2
D1_00432__O7_typo_30,G_00431,other,E3_obfuscated,0,0.07266505807638168,0,D1_00432,,O7_typo,0.3
D1_00432__O5_base64_100,G_00431,other,E3_obfuscated,0,0.9724761247634888,1,D1_00432,,O5_base64,1.0
D1_00433__O1_leetspeak_10,G_00432,other,E3_obfuscated,0,0.08601917326450348,0,D1_00433,,O1_leetspeak,0.1
D1_00433__O1_leetspeak_20,G_00432,other,E3_obfuscated,0,0.08477842807769775,0,D1_00433,,O1_leetspeak,0.2
D1_00433__O1_leetspeak_30,G_00432,other,E3_obfuscated,0,0.07232052832841873,0,D1_00433,,O1_leetspeak,0.3
D1_00433__O2_char_spacing_10,G_00432,other,E3_obfuscated,0,0.08951253443956375,0,D1_00433,,O2_char_spacing,0.1
D1_00433__O2_char_spacing_20,G_00432,other,E3_obfuscated,0,0.08836935460567474,0,D1_00433,,O2_char_spacing,0.2
D1_00433__O2_char_spacing_30,G_00432,other,E3_obfuscated,0,0.08642030507326126,0,D1_00433,,O2_char_spacing,0.3
D1_00433__O3_zero_width_10,G_00432,other,E3_obfuscated,0,0.08064582198858261,0,D1_00433,,O3_zero_width,0.1
D1_00433__O3_zero_width_20,G_00432,other,E3_obfuscated,0,0.08064582198858261,0,D1_00433,,O3_zero_width,0.2
D1_00433__O3_zero_width_30,G_00432,other,E3_obfuscated,0,0.08064582198858261,0,D1_00433,,O3_zero_width,0.3
D1_00433__O4_homoglyph_10,G_00432,other,E3_obfuscated,0,0.08652755618095398,0,D1_00433,,O4_homoglyph,0.1
D1_00433__O4_homoglyph_20,G_00432,other,E3_obfuscated,0,0.09544937312602997,0,D1_00433,,O4_homoglyph,0.2
D1_00433__O4_homoglyph_30,G_00432,other,E3_obfuscated,0,0.10100424289703369,0,D1_00433,,O4_homoglyph,0.3
D1_00433__O6_random_case_10,G_00432,other,E3_obfuscated,0,0.08064582198858261,0,D1_00433,,O6_random_case,0.1
D1_00433__O6_random_case_20,G_00432,other,E3_obfuscated,0,0.08064582198858261,0,D1_00433,,O6_random_case,0.2
D1_00433__O6_random_case_30,G_00432,other,E3_obfuscated,0,0.08064582198858261,0,D1_00433,,O6_random_case,0.3
D1_00433__O7_typo_10,G_00432,other,E3_obfuscated,0,0.07560817897319794,0,D1_00433,,O7_typo,0.1
D1_00433__O7_typo_20,G_00432,other,E3_obfuscated,0,0.08094283938407898,0,D1_00433,,O7_typo,0.2
D1_00433__O7_typo_30,G_00432,other,E3_obfuscated,0,0.07900901883840561,0,D1_00433,,O7_typo,0.3
D1_00433__O5_base64_100,G_00432,other,E3_obfuscated,0,0.9735767841339111,1,D1_00433,,O5_base64,1.0
D1_00440__O1_leetspeak_10,G_00439,en,E3_obfuscated,0,0.050558995455503464,0,D1_00440,,O1_leetspeak,0.1
D1_00440__O1_leetspeak_20,G_00439,en,E3_obfuscated,0,0.06007585674524307,0,D1_00440,,O1_leetspeak,0.2
D1_00440__O1_leetspeak_30,G_00439,en,E3_obfuscated,0,0.05838779732584953,0,D1_00440,,O1_leetspeak,0.3
D1_00440__O2_char_spacing_10,G_00439,en,E3_obfuscated,0,0.053263574838638306,0,D1_00440,,O2_char_spacing,0.1
D1_00440__O2_char_spacing_20,G_00439,en,E3_obfuscated,0,0.056443214416503906,0,D1_00440,,O2_char_spacing,0.2
D1_00440__O2_char_spacing_30,G_00439,en,E3_obfuscated,0,0.06310049444437027,0,D1_00440,,O2_char_spacing,0.3
D1_00440__O3_zero_width_10,G_00439,en,E3_obfuscated,0,0.058973025530576706,0,D1_00440,,O3_zero_width,0.1
D1_00440__O3_zero_width_20,G_00439,en,E3_obfuscated,0,0.058973025530576706,0,D1_00440,,O3_zero_width,0.2
D1_00440__O3_zero_width_30,G_00439,en,E3_obfuscated,0,0.058973025530576706,0,D1_00440,,O3_zero_width,0.3
D1_00440__O4_homoglyph_10,G_00439,en,E3_obfuscated,0,0.06995144486427307,0,D1_00440,,O4_homoglyph,0.1
D1_00440__O4_homoglyph_20,G_00439,en,E3_obfuscated,0,0.08337672054767609,0,D1_00440,,O4_homoglyph,0.2
D1_00440__O4_homoglyph_30,G_00439,en,E3_obfuscated,0,0.06414809077978134,0,D1_00440,,O4_homoglyph,0.3
D1_00440__O6_random_case_10,G_00439,en,E3_obfuscated,0,0.058973025530576706,0,D1_00440,,O6_random_case,0.1
D1_00440__O6_random_case_20,G_00439,en,E3_obfuscated,0,0.058973025530576706,0,D1_00440,,O6_random_case,0.2
D1_00440__O6_random_case_30,G_00439,en,E3_obfuscated,0,0.058973025530576706,0,D1_00440,,O6_random_case,0.3
D1_00440__O7_typo_10,G_00439,en,E3_obfuscated,0,0.057847362011671066,0,D1_00440,,O7_typo,0.1
D1_00440__O7_typo_20,G_00439,en,E3_obfuscated,0,0.06302085518836975,0,D1_00440,,O7_typo,0.2
D1_00440__O7_typo_30,G_00439,en,E3_obfuscated,0,0.059688642621040344,0,D1_00440,,O7_typo,0.3
D1_00440__O5_base64_100,G_00439,en,E3_obfuscated,0,0.9725803732872009,1,D1_00440,,O5_base64,1.0
D1_00449__O1_leetspeak_10,G_00448,en,E3_obfuscated,1,0.9797207117080688,1,D1_00449,,O1_leetspeak,0.1
D1_00449__O1_leetspeak_20,G_00448,en,E3_obfuscated,1,0.9783785343170166,1,D1_00449,,O1_leetspeak,0.2
D1_00449__O1_leetspeak_30,G_00448,en,E3_obfuscated,1,0.9707353115081787,1,D1_00449,,O1_leetspeak,0.3
D1_00449__O2_char_spacing_10,G_00448,en,E3_obfuscated,1,0.9756863713264465,1,D1_00449,,O2_char_spacing,0.1
D1_00449__O2_char_spacing_20,G_00448,en,E3_obfuscated,1,0.9780031442642212,1,D1_00449,,O2_char_spacing,0.2
D1_00449__O2_char_spacing_30,G_00448,en,E3_obfuscated,1,0.9784983992576599,1,D1_00449,,O2_char_spacing,0.3
D1_00449__O3_zero_width_10,G_00448,en,E3_obfuscated,1,0.977581262588501,1,D1_00449,,O3_zero_width,0.1
D1_00449__O3_zero_width_20,G_00448,en,E3_obfuscated,1,0.977581262588501,1,D1_00449,,O3_zero_width,0.2
D1_00449__O3_zero_width_30,G_00448,en,E3_obfuscated,1,0.977581262588501,1,D1_00449,,O3_zero_width,0.3
D1_00449__O4_homoglyph_10,G_00448,en,E3_obfuscated,1,0.9780104756355286,1,D1_00449,,O4_homoglyph,0.1
D1_00449__O4_homoglyph_20,G_00448,en,E3_obfuscated,1,0.9751293659210205,1,D1_00449,,O4_homoglyph,0.2
D1_00449__O4_homoglyph_30,G_00448,en,E3_obfuscated,1,0.9749078154563904,1,D1_00449,,O4_homoglyph,0.3
D1_00449__O6_random_case_10,G_00448,en,E3_obfuscated,1,0.977581262588501,1,D1_00449,,O6_random_case,0.1
D1_00449__O6_random_case_20,G_00448,en,E3_obfuscated,1,0.977581262588501,1,D1_00449,,O6_random_case,0.2
D1_00449__O6_random_case_30,G_00448,en,E3_obfuscated,1,0.977581262588501,1,D1_00449,,O6_random_case,0.3
D1_00449__O7_typo_10,G_00448,en,E3_obfuscated,1,0.9782732725143433,1,D1_00449,,O7_typo,0.1
D1_00449__O7_typo_20,G_00448,en,E3_obfuscated,1,0.9768148064613342,1,D1_00449,,O7_typo,0.2
D1_00449__O7_typo_30,G_00448,en,E3_obfuscated,1,0.9791974425315857,1,D1_00449,,O7_typo,0.3
D1_00449__O5_base64_100,G_00448,en,E3_obfuscated,1,0.9722497463226318,1,D1_00449,,O5_base64,1.0
D1_00450__O1_leetspeak_10,G_00449,en,E3_obfuscated,0,0.12137559801340103,0,D1_00450,,O1_leetspeak,0.1
D1_00450__O1_leetspeak_20,G_00449,en,E3_obfuscated,0,0.11286495625972748,0,D1_00450,,O1_leetspeak,0.2
D1_00450__O1_leetspeak_30,G_00449,en,E3_obfuscated,0,0.0730978474020958,0,D1_00450,,O1_leetspeak,0.3
D1_00450__O2_char_spacing_10,G_00449,en,E3_obfuscated,0,0.053405068814754486,0,D1_00450,,O2_char_spacing,0.1
D1_00450__O2_char_spacing_20,G_00449,en,E3_obfuscated,0,0.1110406294465065,0,D1_00450,,O2_char_spacing,0.2
D1_00450__O2_char_spacing_30,G_00449,en,E3_obfuscated,0,0.053405068814754486,0,D1_00450,,O2_char_spacing,0.3
D1_00450__O3_zero_width_10,G_00449,en,E3_obfuscated,0,0.1343933492898941,0,D1_00450,,O3_zero_width,0.1
D1_00450__O3_zero_width_20,G_00449,en,E3_obfuscated,0,0.1343933492898941,0,D1_00450,,O3_zero_width,0.2
D1_00450__O3_zero_width_30,G_00449,en,E3_obfuscated,0,0.1343933492898941,0,D1_00450,,O3_zero_width,0.3
D1_00450__O4_homoglyph_10,G_00449,en,E3_obfuscated,0,0.10394646227359772,0,D1_00450,,O4_homoglyph,0.1
D1_00450__O4_homoglyph_20,G_00449,en,E3_obfuscated,0,0.09717446565628052,0,D1_00450,,O4_homoglyph,0.2
D1_00450__O4_homoglyph_30,G_00449,en,E3_obfuscated,0,0.10708320885896683,0,D1_00450,,O4_homoglyph,0.3
D1_00450__O6_random_case_10,G_00449,en,E3_obfuscated,0,0.1343933492898941,0,D1_00450,,O6_random_case,0.1
D1_00450__O6_random_case_20,G_00449,en,E3_obfuscated,0,0.1343933492898941,0,D1_00450,,O6_random_case,0.2
D1_00450__O6_random_case_30,G_00449,en,E3_obfuscated,0,0.1343933492898941,0,D1_00450,,O6_random_case,0.3
D1_00450__O7_typo_10,G_00449,en,E3_obfuscated,0,0.060307372361421585,0,D1_00450,,O7_typo,0.1
D1_00450__O7_typo_20,G_00449,en,E3_obfuscated,0,0.09905754029750824,0,D1_00450,,O7_typo,0.2
D1_00450__O7_typo_30,G_00449,en,E3_obfuscated,0,0.060307372361421585,0,D1_00450,,O7_typo,0.3
D1_00450__O5_base64_100,G_00449,en,E3_obfuscated,0,0.972024142742157,1,D1_00450,,O5_base64,1.0
D1_00451__O1_leetspeak_10,G_00450,en,E3_obfuscated,1,0.9777272939682007,1,D1_00451,,O1_leetspeak,0.1
D1_00451__O1_leetspeak_20,G_00450,en,E3_obfuscated,1,0.980315625667572,1,D1_00451,,O1_leetspeak,0.2
D1_00451__O1_leetspeak_30,G_00450,en,E3_obfuscated,1,0.9794897437095642,1,D1_00451,,O1_leetspeak,0.3
D1_00451__O2_char_spacing_10,G_00450,en,E3_obfuscated,1,0.9776815176010132,1,D1_00451,,O2_char_spacing,0.1
D1_00451__O2_char_spacing_20,G_00450,en,E3_obfuscated,1,0.9774278998374939,1,D1_00451,,O2_char_spacing,0.2
D1_00451__O2_char_spacing_30,G_00450,en,E3_obfuscated,1,0.9784108400344849,1,D1_00451,,O2_char_spacing,0.3
D1_00451__O3_zero_width_10,G_00450,en,E3_obfuscated,1,0.9767539501190186,1,D1_00451,,O3_zero_width,0.1
D1_00451__O3_zero_width_20,G_00450,en,E3_obfuscated,1,0.9767539501190186,1,D1_00451,,O3_zero_width,0.2
D1_00451__O3_zero_width_30,G_00450,en,E3_obfuscated,1,0.9767539501190186,1,D1_00451,,O3_zero_width,0.3
D1_00451__O4_homoglyph_10,G_00450,en,E3_obfuscated,1,0.9778092503547668,1,D1_00451,,O4_homoglyph,0.1
D1_00451__O4_homoglyph_20,G_00450,en,E3_obfuscated,1,0.9790998101234436,1,D1_00451,,O4_homoglyph,0.2
D1_00451__O4_homoglyph_30,G_00450,en,E3_obfuscated,1,0.9775226712226868,1,D1_00451,,O4_homoglyph,0.3
D1_00451__O6_random_case_10,G_00450,en,E3_obfuscated,1,0.9767539501190186,1,D1_00451,,O6_random_case,0.1
D1_00451__O6_random_case_20,G_00450,en,E3_obfuscated,1,0.9767539501190186,1,D1_00451,,O6_random_case,0.2
D1_00451__O6_random_case_30,G_00450,en,E3_obfuscated,1,0.9767539501190186,1,D1_00451,,O6_random_case,0.3
D1_00451__O7_typo_10,G_00450,en,E3_obfuscated,1,0.9778435826301575,1,D1_00451,,O7_typo,0.1
D1_00451__O7_typo_20,G_00450,en,E3_obfuscated,1,0.9787396192550659,1,D1_00451,,O7_typo,0.2
D1_00451__O7_typo_30,G_00450,en,E3_obfuscated,1,0.9770923852920532,1,D1_00451,,O7_typo,0.3
D1_00451__O5_base64_100,G_00450,en,E3_obfuscated,1,0.9733414649963379,1,D1_00451,,O5_base64,1.0
D1_00466__O1_leetspeak_10,G_00465,en,E3_obfuscated,1,0.9487055540084839,1,D1_00466,,O1_leetspeak,0.1
D1_00466__O1_leetspeak_20,G_00465,en,E3_obfuscated,1,0.97365403175354,1,D1_00466,,O1_leetspeak,0.2
D1_00466__O1_leetspeak_30,G_00465,en,E3_obfuscated,1,0.9697787761688232,1,D1_00466,,O1_leetspeak,0.3
D1_00466__O2_char_spacing_10,G_00465,en,E3_obfuscated,1,0.9500913023948669,1,D1_00466,,O2_char_spacing,0.1
D1_00466__O2_char_spacing_20,G_00465,en,E3_obfuscated,1,0.9640633463859558,1,D1_00466,,O2_char_spacing,0.2
D1_00466__O2_char_spacing_30,G_00465,en,E3_obfuscated,1,0.9484410285949707,1,D1_00466,,O2_char_spacing,0.3
D1_00466__O3_zero_width_10,G_00465,en,E3_obfuscated,1,0.9597764015197754,1,D1_00466,,O3_zero_width,0.1
D1_00466__O3_zero_width_20,G_00465,en,E3_obfuscated,1,0.9597764015197754,1,D1_00466,,O3_zero_width,0.2
D1_00466__O3_zero_width_30,G_00465,en,E3_obfuscated,1,0.9597764015197754,1,D1_00466,,O3_zero_width,0.3
D1_00466__O4_homoglyph_10,G_00465,en,E3_obfuscated,1,0.9404643177986145,1,D1_00466,,O4_homoglyph,0.1
D1_00466__O4_homoglyph_20,G_00465,en,E3_obfuscated,1,0.868272066116333,1,D1_00466,,O4_homoglyph,0.2
D1_00466__O4_homoglyph_30,G_00465,en,E3_obfuscated,1,0.9552704095840454,1,D1_00466,,O4_homoglyph,0.3
D1_00466__O6_random_case_10,G_00465,en,E3_obfuscated,1,0.9597764015197754,1,D1_00466,,O6_random_case,0.1
D1_00466__O6_random_case_20,G_00465,en,E3_obfuscated,1,0.9597764015197754,1,D1_00466,,O6_random_case,0.2
D1_00466__O6_random_case_30,G_00465,en,E3_obfuscated,1,0.9597764015197754,1,D1_00466,,O6_random_case,0.3
D1_00466__O7_typo_10,G_00465,en,E3_obfuscated,1,0.9629530906677246,1,D1_00466,,O7_typo,0.1
D1_00466__O7_typo_20,G_00465,en,E3_obfuscated,1,0.9678866863250732,1,D1_00466,,O7_typo,0.2
D1_00466__O7_typo_30,G_00465,en,E3_obfuscated,1,0.965074360370636,1,D1_00466,,O7_typo,0.3
D1_00466__O5_base64_100,G_00465,en,E3_obfuscated,1,0.9731454253196716,1,D1_00466,,O5_base64,1.0
D1_00481__O1_leetspeak_10,G_00480,en,E3_obfuscated,0,0.08546343445777893,0,D1_00481,,O1_leetspeak,0.1
D1_00481__O1_leetspeak_20,G_00480,en,E3_obfuscated,0,0.08546343445777893,0,D1_00481,,O1_leetspeak,0.2
D1_00481__O1_leetspeak_30,G_00480,en,E3_obfuscated,0,0.10381542146205902,0,D1_00481,,O1_leetspeak,0.3
D1_00481__O2_char_spacing_10,G_00480,en,E3_obfuscated,0,0.07354135066270828,0,D1_00481,,O2_char_spacing,0.1
D1_00481__O2_char_spacing_20,G_00480,en,E3_obfuscated,0,0.07354135066270828,0,D1_00481,,O2_char_spacing,0.2
D1_00481__O2_char_spacing_30,G_00480,en,E3_obfuscated,0,0.06553757935762405,0,D1_00481,,O2_char_spacing,0.3
D1_00481__O3_zero_width_10,G_00480,en,E3_obfuscated,0,0.08877504616975784,0,D1_00481,,O3_zero_width,0.1
D1_00481__O3_zero_width_20,G_00480,en,E3_obfuscated,0,0.08877504616975784,0,D1_00481,,O3_zero_width,0.2
D1_00481__O3_zero_width_30,G_00480,en,E3_obfuscated,0,0.08877504616975784,0,D1_00481,,O3_zero_width,0.3
D1_00481__O4_homoglyph_10,G_00480,en,E3_obfuscated,0,0.07156870514154434,0,D1_00481,,O4_homoglyph,0.1
D1_00481__O4_homoglyph_20,G_00480,en,E3_obfuscated,0,0.0798758864402771,0,D1_00481,,O4_homoglyph,0.2
D1_00481__O4_homoglyph_30,G_00480,en,E3_obfuscated,0,0.08491296321153641,0,D1_00481,,O4_homoglyph,0.3
D1_00481__O6_random_case_10,G_00480,en,E3_obfuscated,0,0.08877504616975784,0,D1_00481,,O6_random_case,0.1
D1_00481__O6_random_case_20,G_00480,en,E3_obfuscated,0,0.08877504616975784,0,D1_00481,,O6_random_case,0.2
D1_00481__O6_random_case_30,G_00480,en,E3_obfuscated,0,0.08877504616975784,0,D1_00481,,O6_random_case,0.3
D1_00481__O7_typo_10,G_00480,en,E3_obfuscated,0,0.07486573606729507,0,D1_00481,,O7_typo,0.1
D1_00481__O7_typo_20,G_00480,en,E3_obfuscated,0,0.08388160169124603,0,D1_00481,,O7_typo,0.2
D1_00481__O7_typo_30,G_00480,en,E3_obfuscated,0,0.07560491561889648,0,D1_00481,,O7_typo,0.3
D1_00481__O5_base64_100,G_00480,en,E3_obfuscated,0,0.9717312455177307,1,D1_00481,,O5_base64,1.0
D1_00484__O1_leetspeak_10,G_00483,en,E3_obfuscated,1,0.9794372916221619,1,D1_00484,,O1_leetspeak,0.1
D1_00484__O1_leetspeak_20,G_00483,en,E3_obfuscated,1,0.9800400733947754,1,D1_00484,,O1_leetspeak,0.2
D1_00484__O1_leetspeak_30,G_00483,en,E3_obfuscated,1,0.9799980521202087,1,D1_00484,,O1_leetspeak,0.3
D1_00484__O2_char_spacing_10,G_00483,en,E3_obfuscated,1,0.9796802401542664,1,D1_00484,,O2_char_spacing,0.1
D1_00484__O2_char_spacing_20,G_00483,en,E3_obfuscated,1,0.9804900288581848,1,D1_00484,,O2_char_spacing,0.2
D1_00484__O2_char_spacing_30,G_00483,en,E3_obfuscated,1,0.9783517718315125,1,D1_00484,,O2_char_spacing,0.3
D1_00484__O3_zero_width_10,G_00483,en,E3_obfuscated,1,0.9789556264877319,1,D1_00484,,O3_zero_width,0.1
D1_00484__O3_zero_width_20,G_00483,en,E3_obfuscated,1,0.9789556264877319,1,D1_00484,,O3_zero_width,0.2
D1_00484__O3_zero_width_30,G_00483,en,E3_obfuscated,1,0.9789556264877319,1,D1_00484,,O3_zero_width,0.3
D1_00484__O4_homoglyph_10,G_00483,en,E3_obfuscated,1,0.9805766940116882,1,D1_00484,,O4_homoglyph,0.1
D1_00484__O4_homoglyph_20,G_00483,en,E3_obfuscated,1,0.9800071120262146,1,D1_00484,,O4_homoglyph,0.2
D1_00484__O4_homoglyph_30,G_00483,en,E3_obfuscated,1,0.9782869219779968,1,D1_00484,,O4_homoglyph,0.3
D1_00484__O6_random_case_10,G_00483,en,E3_obfuscated,1,0.9789556264877319,1,D1_00484,,O6_random_case,0.1
D1_00484__O6_random_case_20,G_00483,en,E3_obfuscated,1,0.9789556264877319,1,D1_00484,,O6_random_case,0.2
D1_00484__O6_random_case_30,G_00483,en,E3_obfuscated,1,0.9789556264877319,1,D1_00484,,O6_random_case,0.3
D1_00484__O7_typo_10,G_00483,en,E3_obfuscated,1,0.9794551134109497,1,D1_00484,,O7_typo,0.1
D1_00484__O7_typo_20,G_00483,en,E3_obfuscated,1,0.9798030257225037,1,D1_00484,,O7_typo,0.2
D1_00484__O7_typo_30,G_00483,en,E3_obfuscated,1,0.9799514412879944,1,D1_00484,,O7_typo,0.3
D1_00484__O5_base64_100,G_00483,en,E3_obfuscated,1,0.9728033542633057,1,D1_00484,,O5_base64,1.0
D1_00498__O1_leetspeak_10,G_00497,other,E3_obfuscated,1,0.20061293244361877,0,D1_00498,,O1_leetspeak,0.1
D1_00498__O1_leetspeak_20,G_00497,other,E3_obfuscated,1,0.5352888107299805,1,D1_00498,,O1_leetspeak,0.2
D1_00498__O1_leetspeak_30,G_00497,other,E3_obfuscated,1,0.7660269141197205,1,D1_00498,,O1_leetspeak,0.3
D1_00498__O2_char_spacing_10,G_00497,other,E3_obfuscated,1,0.9576994180679321,1,D1_00498,,O2_char_spacing,0.1
D1_00498__O2_char_spacing_20,G_00497,other,E3_obfuscated,1,0.963864266872406,1,D1_00498,,O2_char_spacing,0.2
D1_00498__O2_char_spacing_30,G_00497,other,E3_obfuscated,1,0.9718504548072815,1,D1_00498,,O2_char_spacing,0.3
D1_00498__O3_zero_width_10,G_00497,other,E3_obfuscated,1,0.3564622402191162,1,D1_00498,,O3_zero_width,0.1
D1_00498__O3_zero_width_20,G_00497,other,E3_obfuscated,1,0.3564622402191162,1,D1_00498,,O3_zero_width,0.2
D1_00498__O3_zero_width_30,G_00497,other,E3_obfuscated,1,0.3564622402191162,1,D1_00498,,O3_zero_width,0.3
D1_00498__O4_homoglyph_10,G_00497,other,E3_obfuscated,1,0.5844652056694031,1,D1_00498,,O4_homoglyph,0.1
D1_00498__O4_homoglyph_20,G_00497,other,E3_obfuscated,1,0.7069432139396667,1,D1_00498,,O4_homoglyph,0.2
D1_00498__O4_homoglyph_30,G_00497,other,E3_obfuscated,1,0.5381671786308289,1,D1_00498,,O4_homoglyph,0.3
D1_00498__O6_random_case_10,G_00497,other,E3_obfuscated,1,0.3564622402191162,1,D1_00498,,O6_random_case,0.1
D1_00498__O6_random_case_20,G_00497,other,E3_obfuscated,1,0.5244008302688599,1,D1_00498,,O6_random_case,0.2
D1_00498__O6_random_case_30,G_00497,other,E3_obfuscated,1,0.5244008302688599,1,D1_00498,,O6_random_case,0.3
D1_00498__O7_typo_10,G_00497,other,E3_obfuscated,1,0.22931233048439026,1,D1_00498,,O7_typo,0.1
D1_00498__O7_typo_20,G_00497,other,E3_obfuscated,1,0.24757201969623566,1,D1_00498,,O7_typo,0.2
D1_00498__O7_typo_30,G_00497,other,E3_obfuscated,1,0.8073300123214722,1,D1_00498,,O7_typo,0.3
D1_00498__O5_base64_100,G_00497,other,E3_obfuscated,1,0.9733414649963379,1,D1_00498,,O5_base64,1.0
D1_00502__O1_leetspeak_10,G_00501,other,E3_obfuscated,1,0.976718544960022,1,D1_00502,,O1_leetspeak,0.1
D1_00502__O1_leetspeak_20,G_00501,other,E3_obfuscated,1,0.9733765721321106,1,D1_00502,,O1_leetspeak,0.2
D1_00502__O1_leetspeak_30,G_00501,other,E3_obfuscated,1,0.9712178707122803,1,D1_00502,,O1_leetspeak,0.3
D1_00502__O2_char_spacing_10,G_00501,other,E3_obfuscated,1,0.9768283367156982,1,D1_00502,,O2_char_spacing,0.1
D1_00502__O2_char_spacing_20,G_00501,other,E3_obfuscated,1,0.9774108529090881,1,D1_00502,,O2_char_spacing,0.2
D1_00502__O2_char_spacing_30,G_00501,other,E3_obfuscated,1,0.9768663048744202,1,D1_00502,,O2_char_spacing,0.3
D1_00502__O3_zero_width_10,G_00501,other,E3_obfuscated,1,0.97747802734375,1,D1_00502,,O3_zero_width,0.1
D1_00502__O3_zero_width_20,G_00501,other,E3_obfuscated,1,0.97747802734375,1,D1_00502,,O3_zero_width,0.2
D1_00502__O3_zero_width_30,G_00501,other,E3_obfuscated,1,0.97747802734375,1,D1_00502,,O3_zero_width,0.3
D1_00502__O4_homoglyph_10,G_00501,other,E3_obfuscated,1,0.9739161729812622,1,D1_00502,,O4_homoglyph,0.1
D1_00502__O4_homoglyph_20,G_00501,other,E3_obfuscated,1,0.933163583278656,1,D1_00502,,O4_homoglyph,0.2
D1_00502__O4_homoglyph_30,G_00501,other,E3_obfuscated,1,0.9780844449996948,1,D1_00502,,O4_homoglyph,0.3
D1_00502__O6_random_case_10,G_00501,other,E3_obfuscated,1,0.97747802734375,1,D1_00502,,O6_random_case,0.1
D1_00502__O6_random_case_20,G_00501,other,E3_obfuscated,1,0.97747802734375,1,D1_00502,,O6_random_case,0.2
D1_00502__O6_random_case_30,G_00501,other,E3_obfuscated,1,0.97747802734375,1,D1_00502,,O6_random_case,0.3
D1_00502__O7_typo_10,G_00501,other,E3_obfuscated,1,0.9770323038101196,1,D1_00502,,O7_typo,0.1
D1_00502__O7_typo_20,G_00501,other,E3_obfuscated,1,0.9782184958457947,1,D1_00502,,O7_typo,0.2
D1_00502__O7_typo_30,G_00501,other,E3_obfuscated,1,0.9721304774284363,1,D1_00502,,O7_typo,0.3
D1_00502__O5_base64_100,G_00501,other,E3_obfuscated,1,0.973118007183075,1,D1_00502,,O5_base64,1.0
D1_00505__O1_leetspeak_10,G_00504,en,E3_obfuscated,1,0.9383565187454224,1,D1_00505,,O1_leetspeak,0.1
D1_00505__O1_leetspeak_20,G_00504,en,E3_obfuscated,1,0.9609625339508057,1,D1_00505,,O1_leetspeak,0.2
D1_00505__O1_leetspeak_30,G_00504,en,E3_obfuscated,1,0.9596540927886963,1,D1_00505,,O1_leetspeak,0.3
D1_00505__O2_char_spacing_10,G_00504,en,E3_obfuscated,1,0.9543082118034363,1,D1_00505,,O2_char_spacing,0.1
D1_00505__O2_char_spacing_20,G_00504,en,E3_obfuscated,1,0.9723614454269409,1,D1_00505,,O2_char_spacing,0.2
D1_00505__O2_char_spacing_30,G_00504,en,E3_obfuscated,1,0.9544311761856079,1,D1_00505,,O2_char_spacing,0.3
D1_00505__O3_zero_width_10,G_00504,en,E3_obfuscated,1,0.9680574536323547,1,D1_00505,,O3_zero_width,0.1
D1_00505__O3_zero_width_20,G_00504,en,E3_obfuscated,1,0.9680574536323547,1,D1_00505,,O3_zero_width,0.2
D1_00505__O3_zero_width_30,G_00504,en,E3_obfuscated,1,0.9680574536323547,1,D1_00505,,O3_zero_width,0.3
D1_00505__O4_homoglyph_10,G_00504,en,E3_obfuscated,1,0.94778972864151,1,D1_00505,,O4_homoglyph,0.1
D1_00505__O4_homoglyph_20,G_00504,en,E3_obfuscated,1,0.48075971007347107,1,D1_00505,,O4_homoglyph,0.2
D1_00505__O4_homoglyph_30,G_00504,en,E3_obfuscated,1,0.6663649678230286,1,D1_00505,,O4_homoglyph,0.3
D1_00505__O6_random_case_10,G_00504,en,E3_obfuscated,1,0.9680574536323547,1,D1_00505,,O6_random_case,0.1
D1_00505__O6_random_case_20,G_00504,en,E3_obfuscated,1,0.9680574536323547,1,D1_00505,,O6_random_case,0.2
D1_00505__O6_random_case_30,G_00504,en,E3_obfuscated,1,0.9680574536323547,1,D1_00505,,O6_random_case,0.3
D1_00505__O7_typo_10,G_00504,en,E3_obfuscated,1,0.9707011580467224,1,D1_00505,,O7_typo,0.1
D1_00505__O7_typo_20,G_00504,en,E3_obfuscated,1,0.9701340198516846,1,D1_00505,,O7_typo,0.2
D1_00505__O7_typo_30,G_00504,en,E3_obfuscated,1,0.9636635184288025,1,D1_00505,,O7_typo,0.3
D1_00505__O5_base64_100,G_00504,en,E3_obfuscated,1,0.9722497463226318,1,D1_00505,,O5_base64,1.0
D1_00512__O1_leetspeak_10,G_00258,other,E3_obfuscated,1,0.9783073663711548,1,D1_00512,,O1_leetspeak,0.1
D1_00512__O1_leetspeak_20,G_00258,other,E3_obfuscated,1,0.9753265380859375,1,D1_00512,,O1_leetspeak,0.2
D1_00512__O1_leetspeak_30,G_00258,other,E3_obfuscated,1,0.9778580665588379,1,D1_00512,,O1_leetspeak,0.3
D1_00512__O2_char_spacing_10,G_00258,other,E3_obfuscated,1,0.9790537357330322,1,D1_00512,,O2_char_spacing,0.1
D1_00512__O2_char_spacing_20,G_00258,other,E3_obfuscated,1,0.9774467349052429,1,D1_00512,,O2_char_spacing,0.2
D1_00512__O2_char_spacing_30,G_00258,other,E3_obfuscated,1,0.9776354432106018,1,D1_00512,,O2_char_spacing,0.3
D1_00512__O3_zero_width_10,G_00258,other,E3_obfuscated,1,0.9784318804740906,1,D1_00512,,O3_zero_width,0.1
D1_00512__O3_zero_width_20,G_00258,other,E3_obfuscated,1,0.9784318804740906,1,D1_00512,,O3_zero_width,0.2
D1_00512__O3_zero_width_30,G_00258,other,E3_obfuscated,1,0.9784318804740906,1,D1_00512,,O3_zero_width,0.3
D1_00512__O4_homoglyph_10,G_00258,other,E3_obfuscated,1,0.978453516960144,1,D1_00512,,O4_homoglyph,0.1
D1_00512__O4_homoglyph_20,G_00258,other,E3_obfuscated,1,0.9771884679794312,1,D1_00512,,O4_homoglyph,0.2
D1_00512__O4_homoglyph_30,G_00258,other,E3_obfuscated,1,0.9762631058692932,1,D1_00512,,O4_homoglyph,0.3
D1_00512__O6_random_case_10,G_00258,other,E3_obfuscated,1,0.9784318804740906,1,D1_00512,,O6_random_case,0.1
D1_00512__O6_random_case_20,G_00258,other,E3_obfuscated,1,0.9784318804740906,1,D1_00512,,O6_random_case,0.2
D1_00512__O6_random_case_30,G_00258,other,E3_obfuscated,1,0.9784318804740906,1,D1_00512,,O6_random_case,0.3
D1_00512__O7_typo_10,G_00258,other,E3_obfuscated,1,0.9783411622047424,1,D1_00512,,O7_typo,0.1
D1_00512__O7_typo_20,G_00258,other,E3_obfuscated,1,0.978421151638031,1,D1_00512,,O7_typo,0.2
D1_00512__O7_typo_30,G_00258,other,E3_obfuscated,1,0.9795687794685364,1,D1_00512,,O7_typo,0.3
D1_00512__O5_base64_100,G_00258,other,E3_obfuscated,1,0.973118007183075,1,D1_00512,,O5_base64,1.0
D1_00514__O1_leetspeak_10,G_00513,en,E3_obfuscated,1,0.9804581999778748,1,D1_00514,,O1_leetspeak,0.1
D1_00514__O1_leetspeak_20,G_00513,en,E3_obfuscated,1,0.9595181941986084,1,D1_00514,,O1_leetspeak,0.2
D1_00514__O1_leetspeak_30,G_00513,en,E3_obfuscated,1,0.9764969944953918,1,D1_00514,,O1_leetspeak,0.3
D1_00514__O2_char_spacing_10,G_00513,en,E3_obfuscated,1,0.9802500009536743,1,D1_00514,,O2_char_spacing,0.1
D1_00514__O2_char_spacing_20,G_00513,en,E3_obfuscated,1,0.978752851486206,1,D1_00514,,O2_char_spacing,0.2
D1_00514__O2_char_spacing_30,G_00513,en,E3_obfuscated,1,0.9778450727462769,1,D1_00514,,O2_char_spacing,0.3
D1_00514__O3_zero_width_10,G_00513,en,E3_obfuscated,1,0.9795787334442139,1,D1_00514,,O3_zero_width,0.1
D1_00514__O3_zero_width_20,G_00513,en,E3_obfuscated,1,0.9795787334442139,1,D1_00514,,O3_zero_width,0.2
D1_00514__O3_zero_width_30,G_00513,en,E3_obfuscated,1,0.9795787334442139,1,D1_00514,,O3_zero_width,0.3
D1_00514__O4_homoglyph_10,G_00513,en,E3_obfuscated,1,0.980368435382843,1,D1_00514,,O4_homoglyph,0.1
D1_00514__O4_homoglyph_20,G_00513,en,E3_obfuscated,1,0.9804953932762146,1,D1_00514,,O4_homoglyph,0.2
D1_00514__O4_homoglyph_30,G_00513,en,E3_obfuscated,1,0.9666655659675598,1,D1_00514,,O4_homoglyph,0.3
D1_00514__O6_random_case_10,G_00513,en,E3_obfuscated,1,0.9795787334442139,1,D1_00514,,O6_random_case,0.1
D1_00514__O6_random_case_20,G_00513,en,E3_obfuscated,1,0.9795787334442139,1,D1_00514,,O6_random_case,0.2
D1_00514__O6_random_case_30,G_00513,en,E3_obfuscated,1,0.9795787334442139,1,D1_00514,,O6_random_case,0.3
D1_00514__O7_typo_10,G_00513,en,E3_obfuscated,1,0.9798593521118164,1,D1_00514,,O7_typo,0.1
D1_00514__O7_typo_20,G_00513,en,E3_obfuscated,1,0.9807613492012024,1,D1_00514,,O7_typo,0.2
D1_00514__O7_typo_30,G_00513,en,E3_obfuscated,1,0.979802668094635,1,D1_00514,,O7_typo,0.3
D1_00514__O5_base64_100,G_00513,en,E3_obfuscated,1,0.9734102487564087,1,D1_00514,,O5_base64,1.0
D1_00530__O1_leetspeak_10,G_00529,en,E3_obfuscated,1,0.9786357283592224,1,D1_00530,,O1_leetspeak,0.1
D1_00530__O1_leetspeak_20,G_00529,en,E3_obfuscated,1,0.9791008234024048,1,D1_00530,,O1_leetspeak,0.2
D1_00530__O1_leetspeak_30,G_00529,en,E3_obfuscated,1,0.9801821708679199,1,D1_00530,,O1_leetspeak,0.3
D1_00530__O2_char_spacing_10,G_00529,en,E3_obfuscated,1,0.9748010039329529,1,D1_00530,,O2_char_spacing,0.1
D1_00530__O2_char_spacing_20,G_00529,en,E3_obfuscated,1,0.9751430749893188,1,D1_00530,,O2_char_spacing,0.2
D1_00530__O2_char_spacing_30,G_00529,en,E3_obfuscated,1,0.9769579172134399,1,D1_00530,,O2_char_spacing,0.3
D1_00530__O3_zero_width_10,G_00529,en,E3_obfuscated,1,0.9724345207214355,1,D1_00530,,O3_zero_width,0.1
D1_00530__O3_zero_width_20,G_00529,en,E3_obfuscated,1,0.9724345207214355,1,D1_00530,,O3_zero_width,0.2
D1_00530__O3_zero_width_30,G_00529,en,E3_obfuscated,1,0.9724345207214355,1,D1_00530,,O3_zero_width,0.3
D1_00530__O4_homoglyph_10,G_00529,en,E3_obfuscated,1,0.9802712798118591,1,D1_00530,,O4_homoglyph,0.1
D1_00530__O4_homoglyph_20,G_00529,en,E3_obfuscated,1,0.9783422946929932,1,D1_00530,,O4_homoglyph,0.2
D1_00530__O4_homoglyph_30,G_00529,en,E3_obfuscated,1,0.9790615439414978,1,D1_00530,,O4_homoglyph,0.3
D1_00530__O6_random_case_10,G_00529,en,E3_obfuscated,1,0.9724345207214355,1,D1_00530,,O6_random_case,0.1
D1_00530__O6_random_case_20,G_00529,en,E3_obfuscated,1,0.9724345207214355,1,D1_00530,,O6_random_case,0.2
D1_00530__O6_random_case_30,G_00529,en,E3_obfuscated,1,0.9724345207214355,1,D1_00530,,O6_random_case,0.3
D1_00530__O7_typo_10,G_00529,en,E3_obfuscated,1,0.9716123938560486,1,D1_00530,,O7_typo,0.1
D1_00530__O7_typo_20,G_00529,en,E3_obfuscated,1,0.9755957126617432,1,D1_00530,,O7_typo,0.2
D1_00530__O7_typo_30,G_00529,en,E3_obfuscated,1,0.9790965914726257,1,D1_00530,,O7_typo,0.3
D1_00530__O5_base64_100,G_00529,en,E3_obfuscated,1,0.9722497463226318,1,D1_00530,,O5_base64,1.0
D1_00544__O1_leetspeak_10,G_00543,other,E3_obfuscated,1,0.9758623242378235,1,D1_00544,,O1_leetspeak,0.1
D1_00544__O1_leetspeak_20,G_00543,other,E3_obfuscated,1,0.9781094789505005,1,D1_00544,,O1_leetspeak,0.2
D1_00544__O1_leetspeak_30,G_00543,other,E3_obfuscated,1,0.977390706539154,1,D1_00544,,O1_leetspeak,0.3
D1_00544__O2_char_spacing_10,G_00543,other,E3_obfuscated,1,0.975938618183136,1,D1_00544,,O2_char_spacing,0.1
D1_00544__O2_char_spacing_20,G_00543,other,E3_obfuscated,1,0.977033257484436,1,D1_00544,,O2_char_spacing,0.2
D1_00544__O2_char_spacing_30,G_00543,other,E3_obfuscated,1,0.9733904600143433,1,D1_00544,,O2_char_spacing,0.3
D1_00544__O3_zero_width_10,G_00543,other,E3_obfuscated,1,0.9758359789848328,1,D1_00544,,O3_zero_width,0.1
D1_00544__O3_zero_width_20,G_00543,other,E3_obfuscated,1,0.9758359789848328,1,D1_00544,,O3_zero_width,0.2
D1_00544__O3_zero_width_30,G_00543,other,E3_obfuscated,1,0.9758359789848328,1,D1_00544,,O3_zero_width,0.3
D1_00544__O4_homoglyph_10,G_00543,other,E3_obfuscated,1,0.9791473746299744,1,D1_00544,,O4_homoglyph,0.1
D1_00544__O4_homoglyph_20,G_00543,other,E3_obfuscated,1,0.978805422782898,1,D1_00544,,O4_homoglyph,0.2
D1_00544__O4_homoglyph_30,G_00543,other,E3_obfuscated,1,0.9783666729927063,1,D1_00544,,O4_homoglyph,0.3
D1_00544__O6_random_case_10,G_00543,other,E3_obfuscated,1,0.9758359789848328,1,D1_00544,,O6_random_case,0.1
D1_00544__O6_random_case_20,G_00543,other,E3_obfuscated,1,0.9758359789848328,1,D1_00544,,O6_random_case,0.2
D1_00544__O6_random_case_30,G_00543,other,E3_obfuscated,1,0.9758359789848328,1,D1_00544,,O6_random_case,0.3
D1_00544__O7_typo_10,G_00543,other,E3_obfuscated,1,0.9775076508522034,1,D1_00544,,O7_typo,0.1
D1_00544__O7_typo_20,G_00543,other,E3_obfuscated,1,0.977695643901825,1,D1_00544,,O7_typo,0.2
D1_00544__O7_typo_30,G_00543,other,E3_obfuscated,1,0.977004885673523,1,D1_00544,,O7_typo,0.3
D1_00544__O5_base64_100,G_00543,other,E3_obfuscated,1,0.973118007183075,1,D1_00544,,O5_base64,1.0
D1_00560__O1_leetspeak_10,G_00559,en,E3_obfuscated,0,0.05492154881358147,0,D1_00560,,O1_leetspeak,0.1
D1_00560__O1_leetspeak_20,G_00559,en,E3_obfuscated,0,0.05736354738473892,0,D1_00560,,O1_leetspeak,0.2
D1_00560__O1_leetspeak_30,G_00559,en,E3_obfuscated,0,0.07979556918144226,0,D1_00560,,O1_leetspeak,0.3
D1_00560__O2_char_spacing_10,G_00559,en,E3_obfuscated,0,0.05801840499043465,0,D1_00560,,O2_char_spacing,0.1
D1_00560__O2_char_spacing_20,G_00559,en,E3_obfuscated,0,0.05947982147336006,0,D1_00560,,O2_char_spacing,0.2
D1_00560__O2_char_spacing_30,G_00559,en,E3_obfuscated,0,0.061705127358436584,0,D1_00560,,O2_char_spacing,0.3
D1_00560__O3_zero_width_10,G_00559,en,E3_obfuscated,0,0.06082114204764366,0,D1_00560,,O3_zero_width,0.1
D1_00560__O3_zero_width_20,G_00559,en,E3_obfuscated,0,0.06082114204764366,0,D1_00560,,O3_zero_width,0.2
D1_00560__O3_zero_width_30,G_00559,en,E3_obfuscated,0,0.06082114204764366,0,D1_00560,,O3_zero_width,0.3
D1_00560__O4_homoglyph_10,G_00559,en,E3_obfuscated,0,0.07774695008993149,0,D1_00560,,O4_homoglyph,0.1
D1_00560__O4_homoglyph_20,G_00559,en,E3_obfuscated,0,0.07550200819969177,0,D1_00560,,O4_homoglyph,0.2
D1_00560__O4_homoglyph_30,G_00559,en,E3_obfuscated,0,0.05751430243253708,0,D1_00560,,O4_homoglyph,0.3
D1_00560__O6_random_case_10,G_00559,en,E3_obfuscated,0,0.06082114204764366,0,D1_00560,,O6_random_case,0.1
D1_00560__O6_random_case_20,G_00559,en,E3_obfuscated,0,0.06082114204764366,0,D1_00560,,O6_random_case,0.2
D1_00560__O6_random_case_30,G_00559,en,E3_obfuscated,0,0.06082114204764366,0,D1_00560,,O6_random_case,0.3
D1_00560__O7_typo_10,G_00559,en,E3_obfuscated,0,0.0616394504904747,0,D1_00560,,O7_typo,0.1
D1_00560__O7_typo_20,G_00559,en,E3_obfuscated,0,0.0616394504904747,0,D1_00560,,O7_typo,0.2
D1_00560__O7_typo_30,G_00559,en,E3_obfuscated,0,0.06384756416082382,0,D1_00560,,O7_typo,0.3
D1_00560__O5_base64_100,G_00559,en,E3_obfuscated,0,0.9713468551635742,1,D1_00560,,O5_base64,1.0
D1_00569__O1_leetspeak_10,G_00568,en,E3_obfuscated,0,0.048875950276851654,0,D1_00569,,O1_leetspeak,0.1
D1_00569__O1_leetspeak_20,G_00568,en,E3_obfuscated,0,0.062434833496809006,0,D1_00569,,O1_leetspeak,0.2
D1_00569__O1_leetspeak_30,G_00568,en,E3_obfuscated,0,0.06279561668634415,0,D1_00569,,O1_leetspeak,0.3
D1_00569__O2_char_spacing_10,G_00568,en,E3_obfuscated,0,0.04547160118818283,0,D1_00569,,O2_char_spacing,0.1
D1_00569__O2_char_spacing_20,G_00568,en,E3_obfuscated,0,0.047580331563949585,0,D1_00569,,O2_char_spacing,0.2
D1_00569__O2_char_spacing_30,G_00568,en,E3_obfuscated,0,0.048049647361040115,0,D1_00569,,O2_char_spacing,0.3
D1_00569__O3_zero_width_10,G_00568,en,E3_obfuscated,0,0.0451100654900074,0,D1_00569,,O3_zero_width,0.1
D1_00569__O3_zero_width_20,G_00568,en,E3_obfuscated,0,0.0451100654900074,0,D1_00569,,O3_zero_width,0.2
D1_00569__O3_zero_width_30,G_00568,en,E3_obfuscated,0,0.0451100654900074,0,D1_00569,,O3_zero_width,0.3
D1_00569__O4_homoglyph_10,G_00568,en,E3_obfuscated,0,0.049386899918317795,0,D1_00569,,O4_homoglyph,0.1
D1_00569__O4_homoglyph_20,G_00568,en,E3_obfuscated,0,0.05427628383040428,0,D1_00569,,O4_homoglyph,0.2
D1_00569__O4_homoglyph_30,G_00568,en,E3_obfuscated,0,0.08411676436662674,0,D1_00569,,O4_homoglyph,0.3
D1_00569__O6_random_case_10,G_00568,en,E3_obfuscated,0,0.0451100654900074,0,D1_00569,,O6_random_case,0.1
D1_00569__O6_random_case_20,G_00568,en,E3_obfuscated,0,0.0451100654900074,0,D1_00569,,O6_random_case,0.2
D1_00569__O6_random_case_30,G_00568,en,E3_obfuscated,0,0.0451100654900074,0,D1_00569,,O6_random_case,0.3
D1_00569__O7_typo_10,G_00568,en,E3_obfuscated,0,0.047051746398210526,0,D1_00569,,O7_typo,0.1
D1_00569__O7_typo_20,G_00568,en,E3_obfuscated,0,0.047051746398210526,0,D1_00569,,O7_typo,0.2
D1_00569__O7_typo_30,G_00568,en,E3_obfuscated,0,0.04548737406730652,0,D1_00569,,O7_typo,0.3
D1_00569__O5_base64_100,G_00568,en,E3_obfuscated,0,0.9733464121818542,1,D1_00569,,O5_base64,1.0
D1_00582__O1_leetspeak_10,G_00581,en,E3_obfuscated,0,0.04751881584525108,0,D1_00582,,O1_leetspeak,0.1
D1_00582__O1_leetspeak_20,G_00581,en,E3_obfuscated,0,0.06836916506290436,0,D1_00582,,O1_leetspeak,0.2
D1_00582__O1_leetspeak_30,G_00581,en,E3_obfuscated,0,0.05109693109989166,0,D1_00582,,O1_leetspeak,0.3
D1_00582__O2_char_spacing_10,G_00581,en,E3_obfuscated,0,0.04543919488787651,0,D1_00582,,O2_char_spacing,0.1
D1_00582__O2_char_spacing_20,G_00581,en,E3_obfuscated,0,0.047662898898124695,0,D1_00582,,O2_char_spacing,0.2
D1_00582__O2_char_spacing_30,G_00581,en,E3_obfuscated,0,0.05596930906176567,0,D1_00582,,O2_char_spacing,0.3
D1_00582__O3_zero_width_10,G_00581,en,E3_obfuscated,0,0.04489535838365555,0,D1_00582,,O3_zero_width,0.1
D1_00582__O3_zero_width_20,G_00581,en,E3_obfuscated,0,0.04489535838365555,0,D1_00582,,O3_zero_width,0.2
D1_00582__O3_zero_width_30,G_00581,en,E3_obfuscated,0,0.04489535838365555,0,D1_00582,,O3_zero_width,0.3
D1_00582__O4_homoglyph_10,G_00581,en,E3_obfuscated,0,0.04634498059749603,0,D1_00582,,O4_homoglyph,0.1
D1_00582__O4_homoglyph_20,G_00581,en,E3_obfuscated,0,0.053473491221666336,0,D1_00582,,O4_homoglyph,0.2
D1_00582__O4_homoglyph_30,G_00581,en,E3_obfuscated,0,0.0683678463101387,0,D1_00582,,O4_homoglyph,0.3
D1_00582__O6_random_case_10,G_00581,en,E3_obfuscated,0,0.04489535838365555,0,D1_00582,,O6_random_case,0.1
D1_00582__O6_random_case_20,G_00581,en,E3_obfuscated,0,0.04489535838365555,0,D1_00582,,O6_random_case,0.2
D1_00582__O6_random_case_30,G_00581,en,E3_obfuscated,0,0.04489535838365555,0,D1_00582,,O6_random_case,0.3
D1_00582__O7_typo_10,G_00581,en,E3_obfuscated,0,0.043398723006248474,0,D1_00582,,O7_typo,0.1
D1_00582__O7_typo_20,G_00581,en,E3_obfuscated,0,0.0465439110994339,0,D1_00582,,O7_typo,0.2
D1_00582__O7_typo_30,G_00581,en,E3_obfuscated,0,0.05290108919143677,0,D1_00582,,O7_typo,0.3
D1_00582__O5_base64_100,G_00581,en,E3_obfuscated,0,0.973118007183075,1,D1_00582,,O5_base64,1.0
D1_00605__O1_leetspeak_10,G_00604,other,E3_obfuscated,0,0.07386503368616104,0,D1_00605,,O1_leetspeak,0.1
D1_00605__O1_leetspeak_20,G_00604,other,E3_obfuscated,0,0.07444504648447037,0,D1_00605,,O1_leetspeak,0.2
D1_00605__O1_leetspeak_30,G_00604,other,E3_obfuscated,0,0.077551931142807,0,D1_00605,,O1_leetspeak,0.3
D1_00605__O2_char_spacing_10,G_00604,other,E3_obfuscated,0,0.07096347212791443,0,D1_00605,,O2_char_spacing,0.1
D1_00605__O2_char_spacing_20,G_00604,other,E3_obfuscated,0,0.07096347212791443,0,D1_00605,,O2_char_spacing,0.2
D1_00605__O2_char_spacing_30,G_00604,other,E3_obfuscated,0,0.07096347212791443,0,D1_00605,,O2_char_spacing,0.3
D1_00605__O3_zero_width_10,G_00604,other,E3_obfuscated,0,0.05956543982028961,0,D1_00605,,O3_zero_width,0.1
D1_00605__O3_zero_width_20,G_00604,other,E3_obfuscated,0,0.05956543982028961,0,D1_00605,,O3_zero_width,0.2
D1_00605__O3_zero_width_30,G_00604,other,E3_obfuscated,0,0.05956543982028961,0,D1_00605,,O3_zero_width,0.3
D1_00605__O4_homoglyph_10,G_00604,other,E3_obfuscated,0,0.06324931234121323,0,D1_00605,,O4_homoglyph,0.1
D1_00605__O4_homoglyph_20,G_00604,other,E3_obfuscated,0,0.06329109519720078,0,D1_00605,,O4_homoglyph,0.2
D1_00605__O4_homoglyph_30,G_00604,other,E3_obfuscated,0,0.07655632495880127,0,D1_00605,,O4_homoglyph,0.3
D1_00605__O6_random_case_10,G_00604,other,E3_obfuscated,0,0.05956543982028961,0,D1_00605,,O6_random_case,0.1
D1_00605__O6_random_case_20,G_00604,other,E3_obfuscated,0,0.05956543982028961,0,D1_00605,,O6_random_case,0.2
D1_00605__O6_random_case_30,G_00604,other,E3_obfuscated,0,0.05956543982028961,0,D1_00605,,O6_random_case,0.3
D1_00605__O7_typo_10,G_00604,other,E3_obfuscated,0,0.07029356807470322,0,D1_00605,,O7_typo,0.1
D1_00605__O7_typo_20,G_00604,other,E3_obfuscated,0,0.06073390692472458,0,D1_00605,,O7_typo,0.2
D1_00605__O7_typo_30,G_00604,other,E3_obfuscated,0,0.06811618059873581,0,D1_00605,,O7_typo,0.3
D1_00605__O5_base64_100,G_00604,other,E3_obfuscated,0,0.9738368391990662,1,D1_00605,,O5_base64,1.0
D1_00606__O1_leetspeak_10,G_00605,other,E3_obfuscated,0,0.07938252389431,0,D1_00606,,O1_leetspeak,0.1
D1_00606__O1_leetspeak_20,G_00605,other,E3_obfuscated,0,0.08199132978916168,0,D1_00606,,O1_leetspeak,0.2
D1_00606__O1_leetspeak_30,G_00605,other,E3_obfuscated,0,0.07800347357988358,0,D1_00606,,O1_leetspeak,0.3
D1_00606__O2_char_spacing_10,G_00605,other,E3_obfuscated,0,0.0685107409954071,0,D1_00606,,O2_char_spacing,0.1
D1_00606__O2_char_spacing_20,G_00605,other,E3_obfuscated,0,0.07987592369318008,0,D1_00606,,O2_char_spacing,0.2
D1_00606__O2_char_spacing_30,G_00605,other,E3_obfuscated,0,0.06857675313949585,0,D1_00606,,O2_char_spacing,0.3
D1_00606__O3_zero_width_10,G_00605,other,E3_obfuscated,0,0.07400299608707428,0,D1_00606,,O3_zero_width,0.1
D1_00606__O3_zero_width_20,G_00605,other,E3_obfuscated,0,0.07400299608707428,0,D1_00606,,O3_zero_width,0.2
D1_00606__O3_zero_width_30,G_00605,other,E3_obfuscated,0,0.07400299608707428,0,D1_00606,,O3_zero_width,0.3
D1_00606__O4_homoglyph_10,G_00605,other,E3_obfuscated,0,0.07823596149682999,0,D1_00606,,O4_homoglyph,0.1
D1_00606__O4_homoglyph_20,G_00605,other,E3_obfuscated,0,0.08285374194383621,0,D1_00606,,O4_homoglyph,0.2
D1_00606__O4_homoglyph_30,G_00605,other,E3_obfuscated,0,0.09610151499509811,0,D1_00606,,O4_homoglyph,0.3
D1_00606__O6_random_case_10,G_00605,other,E3_obfuscated,0,0.07400299608707428,0,D1_00606,,O6_random_case,0.1
D1_00606__O6_random_case_20,G_00605,other,E3_obfuscated,0,0.07400299608707428,0,D1_00606,,O6_random_case,0.2
D1_00606__O6_random_case_30,G_00605,other,E3_obfuscated,0,0.07400299608707428,0,D1_00606,,O6_random_case,0.3
D1_00606__O7_typo_10,G_00605,other,E3_obfuscated,0,0.07376004010438919,0,D1_00606,,O7_typo,0.1
D1_00606__O7_typo_20,G_00605,other,E3_obfuscated,0,0.07493306696414948,0,D1_00606,,O7_typo,0.2
D1_00606__O7_typo_30,G_00605,other,E3_obfuscated,0,0.07238946855068207,0,D1_00606,,O7_typo,0.3
D1_00606__O5_base64_100,G_00605,other,E3_obfuscated,0,0.9728033542633057,1,D1_00606,,O5_base64,1.0
D1_00611__O1_leetspeak_10,G_00610,other,E3_obfuscated,0,0.07233782112598419,0,D1_00611,,O1_leetspeak,0.1
D1_00611__O1_leetspeak_20,G_00610,other,E3_obfuscated,0,0.07023061811923981,0,D1_00611,,O1_leetspeak,0.2
D1_00611__O1_leetspeak_30,G_00610,other,E3_obfuscated,0,0.07303228974342346,0,D1_00611,,O1_leetspeak,0.3
D1_00611__O2_char_spacing_10,G_00610,other,E3_obfuscated,0,0.07630244642496109,0,D1_00611,,O2_char_spacing,0.1
D1_00611__O2_char_spacing_20,G_00610,other,E3_obfuscated,0,0.07485684752464294,0,D1_00611,,O2_char_spacing,0.2
D1_00611__O2_char_spacing_30,G_00610,other,E3_obfuscated,0,0.08479209989309311,0,D1_00611,,O2_char_spacing,0.3
D1_00611__O3_zero_width_10,G_00610,other,E3_obfuscated,0,0.06979348510503769,0,D1_00611,,O3_zero_width,0.1
D1_00611__O3_zero_width_20,G_00610,other,E3_obfuscated,0,0.06979348510503769,0,D1_00611,,O3_zero_width,0.2
D1_00611__O3_zero_width_30,G_00610,other,E3_obfuscated,0,0.06979348510503769,0,D1_00611,,O3_zero_width,0.3
D1_00611__O4_homoglyph_10,G_00610,other,E3_obfuscated,0,0.07401006668806076,0,D1_00611,,O4_homoglyph,0.1
D1_00611__O4_homoglyph_20,G_00610,other,E3_obfuscated,0,0.08022027462720871,0,D1_00611,,O4_homoglyph,0.2
D1_00611__O4_homoglyph_30,G_00610,other,E3_obfuscated,0,0.08734417706727982,0,D1_00611,,O4_homoglyph,0.3
D1_00611__O6_random_case_10,G_00610,other,E3_obfuscated,0,0.06979348510503769,0,D1_00611,,O6_random_case,0.1
D1_00611__O6_random_case_20,G_00610,other,E3_obfuscated,0,0.06979348510503769,0,D1_00611,,O6_random_case,0.2
D1_00611__O6_random_case_30,G_00610,other,E3_obfuscated,0,0.06979348510503769,0,D1_00611,,O6_random_case,0.3
D1_00611__O7_typo_10,G_00610,other,E3_obfuscated,0,0.06979348510503769,0,D1_00611,,O7_typo,0.1
D1_00611__O7_typo_20,G_00610,other,E3_obfuscated,0,0.0732463002204895,0,D1_00611,,O7_typo,0.2
D1_00611__O7_typo_30,G_00610,other,E3_obfuscated,0,0.06894982606172562,0,D1_00611,,O7_typo,0.3
D1_00611__O5_base64_100,G_00610,other,E3_obfuscated,0,0.9724572896957397,1,D1_00611,,O5_base64,1.0
D1_00615__O1_leetspeak_10,G_00614,other,E3_obfuscated,0,0.06178952753543854,0,D1_00615,,O1_leetspeak,0.1
D1_00615__O1_leetspeak_20,G_00614,other,E3_obfuscated,0,0.05968688800930977,0,D1_00615,,O1_leetspeak,0.2
D1_00615__O1_leetspeak_30,G_00614,other,E3_obfuscated,0,0.08144199848175049,0,D1_00615,,O1_leetspeak,0.3
D1_00615__O2_char_spacing_10,G_00614,other,E3_obfuscated,0,0.06485006213188171,0,D1_00615,,O2_char_spacing,0.1
D1_00615__O2_char_spacing_20,G_00614,other,E3_obfuscated,0,0.0656135231256485,0,D1_00615,,O2_char_spacing,0.2
D1_00615__O2_char_spacing_30,G_00614,other,E3_obfuscated,0,0.06367537379264832,0,D1_00615,,O2_char_spacing,0.3
D1_00615__O3_zero_width_10,G_00614,other,E3_obfuscated,0,0.05827398598194122,0,D1_00615,,O3_zero_width,0.1
D1_00615__O3_zero_width_20,G_00614,other,E3_obfuscated,0,0.05827398598194122,0,D1_00615,,O3_zero_width,0.2
D1_00615__O3_zero_width_30,G_00614,other,E3_obfuscated,0,0.05827398598194122,0,D1_00615,,O3_zero_width,0.3
D1_00615__O4_homoglyph_10,G_00614,other,E3_obfuscated,0,0.06315683573484421,0,D1_00615,,O4_homoglyph,0.1
D1_00615__O4_homoglyph_20,G_00614,other,E3_obfuscated,0,0.06512832641601562,0,D1_00615,,O4_homoglyph,0.2
D1_00615__O4_homoglyph_30,G_00614,other,E3_obfuscated,0,0.06511692702770233,0,D1_00615,,O4_homoglyph,0.3
D1_00615__O6_random_case_10,G_00614,other,E3_obfuscated,0,0.05827398598194122,0,D1_00615,,O6_random_case,0.1
D1_00615__O6_random_case_20,G_00614,other,E3_obfuscated,0,0.05827398598194122,0,D1_00615,,O6_random_case,0.2
D1_00615__O6_random_case_30,G_00614,other,E3_obfuscated,0,0.05827398598194122,0,D1_00615,,O6_random_case,0.3
D1_00615__O7_typo_10,G_00614,other,E3_obfuscated,0,0.05869605764746666,0,D1_00615,,O7_typo,0.1
D1_00615__O7_typo_20,G_00614,other,E3_obfuscated,0,0.05869605764746666,0,D1_00615,,O7_typo,0.2
D1_00615__O7_typo_30,G_00614,other,E3_obfuscated,0,0.061159323900938034,0,D1_00615,,O7_typo,0.3
D1_00615__O5_base64_100,G_00614,other,E3_obfuscated,0,0.973095178604126,1,D1_00615,,O5_base64,1.0
D1_00619__O1_leetspeak_10,G_00618,other,E3_obfuscated,0,0.06848234683275223,0,D1_00619,,O1_leetspeak,0.1
D1_00619__O1_leetspeak_20,G_00618,other,E3_obfuscated,0,0.07245476543903351,0,D1_00619,,O1_leetspeak,0.2
D1_00619__O1_leetspeak_30,G_00618,other,E3_obfuscated,0,0.0781082883477211,0,D1_00619,,O1_leetspeak,0.3
D1_00619__O2_char_spacing_10,G_00618,other,E3_obfuscated,0,0.07120276242494583,0,D1_00619,,O2_char_spacing,0.1
D1_00619__O2_char_spacing_20,G_00618,other,E3_obfuscated,0,0.07478039711713791,0,D1_00619,,O2_char_spacing,0.2
D1_00619__O2_char_spacing_30,G_00618,other,E3_obfuscated,0,0.09578131884336472,0,D1_00619,,O2_char_spacing,0.3
D1_00619__O3_zero_width_10,G_00618,other,E3_obfuscated,0,0.07054562121629715,0,D1_00619,,O3_zero_width,0.1
D1_00619__O3_zero_width_20,G_00618,other,E3_obfuscated,0,0.07054562121629715,0,D1_00619,,O3_zero_width,0.2
D1_00619__O3_zero_width_30,G_00618,other,E3_obfuscated,0,0.07054562121629715,0,D1_00619,,O3_zero_width,0.3
D1_00619__O4_homoglyph_10,G_00618,other,E3_obfuscated,0,0.07619760185480118,0,D1_00619,,O4_homoglyph,0.1
D1_00619__O4_homoglyph_20,G_00618,other,E3_obfuscated,0,0.07003725320100784,0,D1_00619,,O4_homoglyph,0.2
D1_00619__O4_homoglyph_30,G_00618,other,E3_obfuscated,0,0.07896688580513,0,D1_00619,,O4_homoglyph,0.3
D1_00619__O6_random_case_10,G_00618,other,E3_obfuscated,0,0.07054562121629715,0,D1_00619,,O6_random_case,0.1
D1_00619__O6_random_case_20,G_00618,other,E3_obfuscated,0,0.07054562121629715,0,D1_00619,,O6_random_case,0.2
D1_00619__O6_random_case_30,G_00618,other,E3_obfuscated,0,0.07054562121629715,0,D1_00619,,O6_random_case,0.3
D1_00619__O7_typo_10,G_00618,other,E3_obfuscated,0,0.07212787866592407,0,D1_00619,,O7_typo,0.1
D1_00619__O7_typo_20,G_00618,other,E3_obfuscated,0,0.06963115185499191,0,D1_00619,,O7_typo,0.2
D1_00619__O7_typo_30,G_00618,other,E3_obfuscated,0,0.06866762787103653,0,D1_00619,,O7_typo,0.3
D1_00619__O5_base64_100,G_00618,other,E3_obfuscated,0,0.9733414649963379,1,D1_00619,,O5_base64,1.0
D1_00620__O1_leetspeak_10,G_00619,other,E3_obfuscated,0,0.07802054286003113,0,D1_00620,,O1_leetspeak,0.1
D1_00620__O1_leetspeak_20,G_00619,other,E3_obfuscated,0,0.08495234698057175,0,D1_00620,,O1_leetspeak,0.2
D1_00620__O1_leetspeak_30,G_00619,other,E3_obfuscated,0,0.07773564755916595,0,D1_00620,,O1_leetspeak,0.3
D1_00620__O2_char_spacing_10,G_00619,other,E3_obfuscated,0,0.07984676957130432,0,D1_00620,,O2_char_spacing,0.1
D1_00620__O2_char_spacing_20,G_00619,other,E3_obfuscated,0,0.0778762698173523,0,D1_00620,,O2_char_spacing,0.2
D1_00620__O2_char_spacing_30,G_00619,other,E3_obfuscated,0,0.08218483626842499,0,D1_00620,,O2_char_spacing,0.3
D1_00620__O3_zero_width_10,G_00619,other,E3_obfuscated,0,0.07905666530132294,0,D1_00620,,O3_zero_width,0.1
D1_00620__O3_zero_width_20,G_00619,other,E3_obfuscated,0,0.07905666530132294,0,D1_00620,,O3_zero_width,0.2
D1_00620__O3_zero_width_30,G_00619,other,E3_obfuscated,0,0.07905666530132294,0,D1_00620,,O3_zero_width,0.3
D1_00620__O4_homoglyph_10,G_00619,other,E3_obfuscated,0,0.07895684987306595,0,D1_00620,,O4_homoglyph,0.1
D1_00620__O4_homoglyph_20,G_00619,other,E3_obfuscated,0,0.08340659737586975,0,D1_00620,,O4_homoglyph,0.2
D1_00620__O4_homoglyph_30,G_00619,other,E3_obfuscated,0,0.09209181368350983,0,D1_00620,,O4_homoglyph,0.3
D1_00620__O6_random_case_10,G_00619,other,E3_obfuscated,0,0.07905666530132294,0,D1_00620,,O6_random_case,0.1
D1_00620__O6_random_case_20,G_00619,other,E3_obfuscated,0,0.07905666530132294,0,D1_00620,,O6_random_case,0.2
D1_00620__O6_random_case_30,G_00619,other,E3_obfuscated,0,0.07905666530132294,0,D1_00620,,O6_random_case,0.3
D1_00620__O7_typo_10,G_00619,other,E3_obfuscated,0,0.07966415584087372,0,D1_00620,,O7_typo,0.1
D1_00620__O7_typo_20,G_00619,other,E3_obfuscated,0,0.0769527405500412,0,D1_00620,,O7_typo,0.2
D1_00620__O7_typo_30,G_00619,other,E3_obfuscated,0,0.07983321696519852,0,D1_00620,,O7_typo,0.3
D1_00620__O5_base64_100,G_00619,other,E3_obfuscated,0,0.973118007183075,1,D1_00620,,O5_base64,1.0
D1_00629__O1_leetspeak_10,G_00628,en,E3_obfuscated,0,0.07175122946500778,0,D1_00629,,O1_leetspeak,0.1
D1_00629__O1_leetspeak_20,G_00628,en,E3_obfuscated,0,0.16659188270568848,0,D1_00629,,O1_leetspeak,0.2
D1_00629__O1_leetspeak_30,G_00628,en,E3_obfuscated,0,0.09713292121887207,0,D1_00629,,O1_leetspeak,0.3
D1_00629__O2_char_spacing_10,G_00628,en,E3_obfuscated,0,0.06118268147110939,0,D1_00629,,O2_char_spacing,0.1
D1_00629__O2_char_spacing_20,G_00628,en,E3_obfuscated,0,0.0705403983592987,0,D1_00629,,O2_char_spacing,0.2
D1_00629__O2_char_spacing_30,G_00628,en,E3_obfuscated,0,0.06956970691680908,0,D1_00629,,O2_char_spacing,0.3
D1_00629__O3_zero_width_10,G_00628,en,E3_obfuscated,0,0.0628826916217804,0,D1_00629,,O3_zero_width,0.1
D1_00629__O3_zero_width_20,G_00628,en,E3_obfuscated,0,0.0628826916217804,0,D1_00629,,O3_zero_width,0.2
D1_00629__O3_zero_width_30,G_00628,en,E3_obfuscated,0,0.0628826916217804,0,D1_00629,,O3_zero_width,0.3
D1_00629__O4_homoglyph_10,G_00628,en,E3_obfuscated,0,0.06630653142929077,0,D1_00629,,O4_homoglyph,0.1
D1_00629__O4_homoglyph_20,G_00628,en,E3_obfuscated,0,0.059309326112270355,0,D1_00629,,O4_homoglyph,0.2
D1_00629__O4_homoglyph_30,G_00628,en,E3_obfuscated,0,0.09347981959581375,0,D1_00629,,O4_homoglyph,0.3
D1_00629__O6_random_case_10,G_00628,en,E3_obfuscated,0,0.0628826916217804,0,D1_00629,,O6_random_case,0.1
D1_00629__O6_random_case_20,G_00628,en,E3_obfuscated,0,0.0628826916217804,0,D1_00629,,O6_random_case,0.2
D1_00629__O6_random_case_30,G_00628,en,E3_obfuscated,0,0.0628826916217804,0,D1_00629,,O6_random_case,0.3
D1_00629__O7_typo_10,G_00628,en,E3_obfuscated,0,0.0739072859287262,0,D1_00629,,O7_typo,0.1
D1_00629__O7_typo_20,G_00628,en,E3_obfuscated,0,0.06425118446350098,0,D1_00629,,O7_typo,0.2
D1_00629__O7_typo_30,G_00628,en,E3_obfuscated,0,0.07241428643465042,0,D1_00629,,O7_typo,0.3
D1_00629__O5_base64_100,G_00628,en,E3_obfuscated,0,0.9719330072402954,1,D1_00629,,O5_base64,1.0
D1_00630__O1_leetspeak_10,G_00629,other,E3_obfuscated,1,0.058795660734176636,0,D1_00630,,O1_leetspeak,0.1
D1_00630__O1_leetspeak_20,G_00629,other,E3_obfuscated,1,0.11766348779201508,0,D1_00630,,O1_leetspeak,0.2
D1_00630__O1_leetspeak_30,G_00629,other,E3_obfuscated,1,0.10884076356887817,0,D1_00630,,O1_leetspeak,0.3
D1_00630__O2_char_spacing_10,G_00629,other,E3_obfuscated,1,0.08473759144544601,0,D1_00630,,O2_char_spacing,0.1
D1_00630__O2_char_spacing_20,G_00629,other,E3_obfuscated,1,0.09648862481117249,0,D1_00630,,O2_char_spacing,0.2
D1_00630__O2_char_spacing_30,G_00629,other,E3_obfuscated,1,0.1039908304810524,0,D1_00630,,O2_char_spacing,0.3
D1_00630__O3_zero_width_10,G_00629,other,E3_obfuscated,1,0.05788501724600792,0,D1_00630,,O3_zero_width,0.1
D1_00630__O3_zero_width_20,G_00629,other,E3_obfuscated,1,0.05788501724600792,0,D1_00630,,O3_zero_width,0.2
D1_00630__O3_zero_width_30,G_00629,other,E3_obfuscated,1,0.05788501724600792,0,D1_00630,,O3_zero_width,0.3
D1_00630__O4_homoglyph_10,G_00629,other,E3_obfuscated,1,0.07160317897796631,0,D1_00630,,O4_homoglyph,0.1
D1_00630__O4_homoglyph_20,G_00629,other,E3_obfuscated,1,0.08767829835414886,0,D1_00630,,O4_homoglyph,0.2
D1_00630__O4_homoglyph_30,G_00629,other,E3_obfuscated,1,0.09000816941261292,0,D1_00630,,O4_homoglyph,0.3
D1_00630__O6_random_case_10,G_00629,other,E3_obfuscated,1,0.05788501724600792,0,D1_00630,,O6_random_case,0.1
D1_00630__O6_random_case_20,G_00629,other,E3_obfuscated,1,0.05788501724600792,0,D1_00630,,O6_random_case,0.2
D1_00630__O6_random_case_30,G_00629,other,E3_obfuscated,1,0.05788501724600792,0,D1_00630,,O6_random_case,0.3
D1_00630__O7_typo_10,G_00629,other,E3_obfuscated,1,0.06646057963371277,0,D1_00630,,O7_typo,0.1
D1_00630__O7_typo_20,G_00629,other,E3_obfuscated,1,0.0633292868733406,0,D1_00630,,O7_typo,0.2
D1_00630__O7_typo_30,G_00629,other,E3_obfuscated,1,0.05573049932718277,0,D1_00630,,O7_typo,0.3
D1_00630__O5_base64_100,G_00629,other,E3_obfuscated,1,0.9729116559028625,1,D1_00630,,O5_base64,1.0
D1_00633__O1_leetspeak_10,G_00632,en,E3_obfuscated,1,0.9738379716873169,1,D1_00633,,O1_leetspeak,0.1
D1_00633__O1_leetspeak_20,G_00632,en,E3_obfuscated,1,0.9721093773841858,1,D1_00633,,O1_leetspeak,0.2
D1_00633__O1_leetspeak_30,G_00632,en,E3_obfuscated,1,0.9721148014068604,1,D1_00633,,O1_leetspeak,0.3
D1_00633__O2_char_spacing_10,G_00632,en,E3_obfuscated,1,0.9598067402839661,1,D1_00633,,O2_char_spacing,0.1
D1_00633__O2_char_spacing_20,G_00632,en,E3_obfuscated,1,0.9704719185829163,1,D1_00633,,O2_char_spacing,0.2
D1_00633__O2_char_spacing_30,G_00632,en,E3_obfuscated,1,0.9705469608306885,1,D1_00633,,O2_char_spacing,0.3
D1_00633__O3_zero_width_10,G_00632,en,E3_obfuscated,1,0.9594064950942993,1,D1_00633,,O3_zero_width,0.1
D1_00633__O3_zero_width_20,G_00632,en,E3_obfuscated,1,0.9594064950942993,1,D1_00633,,O3_zero_width,0.2
D1_00633__O3_zero_width_30,G_00632,en,E3_obfuscated,1,0.9594064950942993,1,D1_00633,,O3_zero_width,0.3
D1_00633__O4_homoglyph_10,G_00632,en,E3_obfuscated,1,0.9712908864021301,1,D1_00633,,O4_homoglyph,0.1
D1_00633__O4_homoglyph_20,G_00632,en,E3_obfuscated,1,0.47152945399284363,1,D1_00633,,O4_homoglyph,0.2
D1_00633__O4_homoglyph_30,G_00632,en,E3_obfuscated,1,0.2614704668521881,1,D1_00633,,O4_homoglyph,0.3
D1_00633__O6_random_case_10,G_00632,en,E3_obfuscated,1,0.9594064950942993,1,D1_00633,,O6_random_case,0.1
D1_00633__O6_random_case_20,G_00632,en,E3_obfuscated,1,0.9594064950942993,1,D1_00633,,O6_random_case,0.2
D1_00633__O6_random_case_30,G_00632,en,E3_obfuscated,1,0.9594064950942993,1,D1_00633,,O6_random_case,0.3
D1_00633__O7_typo_10,G_00632,en,E3_obfuscated,1,0.9594064950942993,1,D1_00633,,O7_typo,0.1
D1_00633__O7_typo_20,G_00632,en,E3_obfuscated,1,0.9693358540534973,1,D1_00633,,O7_typo,0.2
D1_00633__O7_typo_30,G_00632,en,E3_obfuscated,1,0.9722756743431091,1,D1_00633,,O7_typo,0.3
D1_00633__O5_base64_100,G_00632,en,E3_obfuscated,1,0.9733414649963379,1,D1_00633,,O5_base64,1.0
D1_00636__O1_leetspeak_10,G_00635,en,E3_obfuscated,1,0.6991791129112244,1,D1_00636,,O1_leetspeak,0.1
D1_00636__O1_leetspeak_20,G_00635,en,E3_obfuscated,1,0.6513466238975525,1,D1_00636,,O1_leetspeak,0.2
D1_00636__O1_leetspeak_30,G_00635,en,E3_obfuscated,1,0.22793816030025482,1,D1_00636,,O1_leetspeak,0.3
D1_00636__O2_char_spacing_10,G_00635,en,E3_obfuscated,1,0.9537671208381653,1,D1_00636,,O2_char_spacing,0.1
D1_00636__O2_char_spacing_20,G_00635,en,E3_obfuscated,1,0.8922624588012695,1,D1_00636,,O2_char_spacing,0.2
D1_00636__O2_char_spacing_30,G_00635,en,E3_obfuscated,1,0.8922624588012695,1,D1_00636,,O2_char_spacing,0.3
D1_00636__O3_zero_width_10,G_00635,en,E3_obfuscated,1,0.9428015351295471,1,D1_00636,,O3_zero_width,0.1
D1_00636__O3_zero_width_20,G_00635,en,E3_obfuscated,1,0.9428015351295471,1,D1_00636,,O3_zero_width,0.2
D1_00636__O3_zero_width_30,G_00635,en,E3_obfuscated,1,0.9428015351295471,1,D1_00636,,O3_zero_width,0.3
D1_00636__O4_homoglyph_10,G_00635,en,E3_obfuscated,1,0.5946442484855652,1,D1_00636,,O4_homoglyph,0.1
D1_00636__O4_homoglyph_20,G_00635,en,E3_obfuscated,1,0.19654101133346558,0,D1_00636,,O4_homoglyph,0.2
D1_00636__O4_homoglyph_30,G_00635,en,E3_obfuscated,1,0.24526561796665192,1,D1_00636,,O4_homoglyph,0.3
D1_00636__O6_random_case_10,G_00635,en,E3_obfuscated,1,0.9428015351295471,1,D1_00636,,O6_random_case,0.1
D1_00636__O6_random_case_20,G_00635,en,E3_obfuscated,1,0.9428015351295471,1,D1_00636,,O6_random_case,0.2
D1_00636__O6_random_case_30,G_00635,en,E3_obfuscated,1,0.9428015351295471,1,D1_00636,,O6_random_case,0.3
D1_00636__O7_typo_10,G_00635,en,E3_obfuscated,1,0.9475377798080444,1,D1_00636,,O7_typo,0.1
D1_00636__O7_typo_20,G_00635,en,E3_obfuscated,1,0.9523829221725464,1,D1_00636,,O7_typo,0.2
D1_00636__O7_typo_30,G_00635,en,E3_obfuscated,1,0.8826608061790466,1,D1_00636,,O7_typo,0.3
D1_00636__O5_base64_100,G_00635,en,E3_obfuscated,1,0.9736062288284302,1,D1_00636,,O5_base64,1.0
D1_00649__O1_leetspeak_10,G_00648,en,E3_obfuscated,1,0.9767797589302063,1,D1_00649,,O1_leetspeak,0.1
D1_00649__O1_leetspeak_20,G_00648,en,E3_obfuscated,1,0.9779118299484253,1,D1_00649,,O1_leetspeak,0.2
D1_00649__O1_leetspeak_30,G_00648,en,E3_obfuscated,1,0.9245198965072632,1,D1_00649,,O1_leetspeak,0.3
D1_00649__O2_char_spacing_10,G_00648,en,E3_obfuscated,1,0.9736188054084778,1,D1_00649,,O2_char_spacing,0.1
D1_00649__O2_char_spacing_20,G_00648,en,E3_obfuscated,1,0.5570332407951355,1,D1_00649,,O2_char_spacing,0.2
D1_00649__O2_char_spacing_30,G_00648,en,E3_obfuscated,1,0.9786383509635925,1,D1_00649,,O2_char_spacing,0.3
D1_00649__O3_zero_width_10,G_00648,en,E3_obfuscated,1,0.9724587202072144,1,D1_00649,,O3_zero_width,0.1
D1_00649__O3_zero_width_20,G_00648,en,E3_obfuscated,1,0.9724587202072144,1,D1_00649,,O3_zero_width,0.2
D1_00649__O3_zero_width_30,G_00648,en,E3_obfuscated,1,0.9724587202072144,1,D1_00649,,O3_zero_width,0.3
D1_00649__O4_homoglyph_10,G_00648,en,E3_obfuscated,1,0.9787673950195312,1,D1_00649,,O4_homoglyph,0.1
D1_00649__O4_homoglyph_20,G_00648,en,E3_obfuscated,1,0.9061328172683716,1,D1_00649,,O4_homoglyph,0.2
D1_00649__O4_homoglyph_30,G_00648,en,E3_obfuscated,1,0.8632630109786987,1,D1_00649,,O4_homoglyph,0.3
D1_00649__O6_random_case_10,G_00648,en,E3_obfuscated,1,0.9724587202072144,1,D1_00649,,O6_random_case,0.1
D1_00649__O6_random_case_20,G_00648,en,E3_obfuscated,1,0.9724587202072144,1,D1_00649,,O6_random_case,0.2
D1_00649__O6_random_case_30,G_00648,en,E3_obfuscated,1,0.9724587202072144,1,D1_00649,,O6_random_case,0.3
D1_00649__O7_typo_10,G_00648,en,E3_obfuscated,1,0.9738306999206543,1,D1_00649,,O7_typo,0.1
D1_00649__O7_typo_20,G_00648,en,E3_obfuscated,1,0.9752723574638367,1,D1_00649,,O7_typo,0.2
D1_00649__O7_typo_30,G_00648,en,E3_obfuscated,1,0.9783930778503418,1,D1_00649,,O7_typo,0.3
D1_00649__O5_base64_100,G_00648,en,E3_obfuscated,1,0.9728120565414429,1,D1_00649,,O5_base64,1.0
D1_00658__O1_leetspeak_10,G_00657,en,E3_obfuscated,1,0.9736682772636414,1,D1_00658,,O1_leetspeak,0.1
D1_00658__O1_leetspeak_20,G_00657,en,E3_obfuscated,1,0.9785511493682861,1,D1_00658,,O1_leetspeak,0.2
D1_00658__O1_leetspeak_30,G_00657,en,E3_obfuscated,1,0.9650343060493469,1,D1_00658,,O1_leetspeak,0.3
D1_00658__O2_char_spacing_10,G_00657,en,E3_obfuscated,1,0.9684194326400757,1,D1_00658,,O2_char_spacing,0.1
D1_00658__O2_char_spacing_20,G_00657,en,E3_obfuscated,1,0.9728116989135742,1,D1_00658,,O2_char_spacing,0.2
D1_00658__O2_char_spacing_30,G_00657,en,E3_obfuscated,1,0.9755420684814453,1,D1_00658,,O2_char_spacing,0.3
D1_00658__O3_zero_width_10,G_00657,en,E3_obfuscated,1,0.9744296073913574,1,D1_00658,,O3_zero_width,0.1
D1_00658__O3_zero_width_20,G_00657,en,E3_obfuscated,1,0.9744296073913574,1,D1_00658,,O3_zero_width,0.2
D1_00658__O3_zero_width_30,G_00657,en,E3_obfuscated,1,0.9744296073913574,1,D1_00658,,O3_zero_width,0.3
D1_00658__O4_homoglyph_10,G_00657,en,E3_obfuscated,1,0.9754518866539001,1,D1_00658,,O4_homoglyph,0.1
D1_00658__O4_homoglyph_20,G_00657,en,E3_obfuscated,1,0.9753996729850769,1,D1_00658,,O4_homoglyph,0.2
D1_00658__O4_homoglyph_30,G_00657,en,E3_obfuscated,1,0.9757196307182312,1,D1_00658,,O4_homoglyph,0.3
D1_00658__O6_random_case_10,G_00657,en,E3_obfuscated,1,0.9744296073913574,1,D1_00658,,O6_random_case,0.1
D1_00658__O6_random_case_20,G_00657,en,E3_obfuscated,1,0.9744296073913574,1,D1_00658,,O6_random_case,0.2
D1_00658__O6_random_case_30,G_00657,en,E3_obfuscated,1,0.9744296073913574,1,D1_00658,,O6_random_case,0.3
D1_00658__O7_typo_10,G_00657,en,E3_obfuscated,1,0.9765068888664246,1,D1_00658,,O7_typo,0.1
D1_00658__O7_typo_20,G_00657,en,E3_obfuscated,1,0.9715316891670227,1,D1_00658,,O7_typo,0.2
D1_00658__O7_typo_30,G_00657,en,E3_obfuscated,1,0.9771148562431335,1,D1_00658,,O7_typo,0.3
D1_00658__O5_base64_100,G_00657,en,E3_obfuscated,1,0.9730321168899536,1,D1_00658,,O5_base64,1.0
D1_00659__O1_leetspeak_10,G_00658,en,E3_obfuscated,1,0.980492889881134,1,D1_00659,,O1_leetspeak,0.1
D1_00659__O1_leetspeak_20,G_00658,en,E3_obfuscated,1,0.9786286354064941,1,D1_00659,,O1_leetspeak,0.2
D1_00659__O1_leetspeak_30,G_00658,en,E3_obfuscated,1,0.978198766708374,1,D1_00659,,O1_leetspeak,0.3
D1_00659__O2_char_spacing_10,G_00658,en,E3_obfuscated,1,0.9797763228416443,1,D1_00659,,O2_char_spacing,0.1
D1_00659__O2_char_spacing_20,G_00658,en,E3_obfuscated,1,0.9765864610671997,1,D1_00659,,O2_char_spacing,0.2
D1_00659__O2_char_spacing_30,G_00658,en,E3_obfuscated,1,0.9744797348976135,1,D1_00659,,O2_char_spacing,0.3
D1_00659__O3_zero_width_10,G_00658,en,E3_obfuscated,1,0.9792932271957397,1,D1_00659,,O3_zero_width,0.1
D1_00659__O3_zero_width_20,G_00658,en,E3_obfuscated,1,0.9792932271957397,1,D1_00659,,O3_zero_width,0.2
D1_00659__O3_zero_width_30,G_00658,en,E3_obfuscated,1,0.9792932271957397,1,D1_00659,,O3_zero_width,0.3
D1_00659__O4_homoglyph_10,G_00658,en,E3_obfuscated,1,0.9804060459136963,1,D1_00659,,O4_homoglyph,0.1
D1_00659__O4_homoglyph_20,G_00658,en,E3_obfuscated,1,0.979219377040863,1,D1_00659,,O4_homoglyph,0.2
D1_00659__O4_homoglyph_30,G_00658,en,E3_obfuscated,1,0.9788990616798401,1,D1_00659,,O4_homoglyph,0.3
D1_00659__O6_random_case_10,G_00658,en,E3_obfuscated,1,0.9792932271957397,1,D1_00659,,O6_random_case,0.1
D1_00659__O6_random_case_20,G_00658,en,E3_obfuscated,1,0.9792932271957397,1,D1_00659,,O6_random_case,0.2
D1_00659__O6_random_case_30,G_00658,en,E3_obfuscated,1,0.9792932271957397,1,D1_00659,,O6_random_case,0.3
D1_00659__O7_typo_10,G_00658,en,E3_obfuscated,1,0.9800904393196106,1,D1_00659,,O7_typo,0.1
D1_00659__O7_typo_20,G_00658,en,E3_obfuscated,1,0.9804927706718445,1,D1_00659,,O7_typo,0.2
D1_00659__O7_typo_30,G_00658,en,E3_obfuscated,1,0.9791873693466187,1,D1_00659,,O7_typo,0.3
D1_00659__O5_base64_100,G_00658,en,E3_obfuscated,1,0.973118007183075,1,D1_00659,,O5_base64,1.0
BNEN_0001,BNEN_G001,en,E4_codemix,1,0.9738630652427673,1,,,,
BNEN_0002,BNEN_G001,bn,E4_codemix,1,0.416025310754776,1,,,,
BNEN_0003,BNEN_G001,bn-en,E4_codemix,1,0.9791427850723267,1,,,,
BNEN_0004,BNEN_G002,en,E4_codemix,1,0.9775791764259338,1,,,,
BNEN_0005,BNEN_G002,bn,E4_codemix,1,0.45516714453697205,1,,,,
BNEN_0006,BNEN_G002,bn-en,E4_codemix,1,0.5046880841255188,1,,,,
BNEN_0007,BNEN_G003,en,E4_codemix,1,0.9740968942642212,1,,,,
BNEN_0008,BNEN_G003,bn,E4_codemix,1,0.44029557704925537,1,,,,
BNEN_0009,BNEN_G003,bn-en,E4_codemix,1,0.9759901762008667,1,,,,
BNEN_0010,BNEN_G004,en,E4_codemix,1,0.9762780070304871,1,,,,
BNEN_0011,BNEN_G004,bn,E4_codemix,1,0.4279665946960449,1,,,,
BNEN_0012,BNEN_G004,bn-en,E4_codemix,1,0.5827649831771851,1,,,,
BNEN_0013,BNEN_G005,en,E4_codemix,1,0.9729120135307312,1,,,,
BNEN_0014,BNEN_G005,bn,E4_codemix,1,0.47205525636672974,1,,,,
BNEN_0015,BNEN_G005,bn-en,E4_codemix,1,0.9751945734024048,1,,,,
BNEN_0016,BNEN_G006,en,E4_codemix,1,0.9686403870582581,1,,,,
BNEN_0017,BNEN_G006,bn,E4_codemix,1,0.4551265835762024,1,,,,
BNEN_0018,BNEN_G006,bn-en,E4_codemix,1,0.6100131273269653,1,,,,
BNEN_0019,BNEN_G007,en,E4_codemix,1,0.9760169386863708,1,,,,
BNEN_0020,BNEN_G007,bn,E4_codemix,1,0.46901488304138184,1,,,,
BNEN_0021,BNEN_G007,bn-en,E4_codemix,1,0.9804476499557495,1,,,,
BNEN_0022,BNEN_G008,en,E4_codemix,1,0.9758373498916626,1,,,,
BNEN_0023,BNEN_G008,bn,E4_codemix,1,0.4466911852359772,1,,,,
BNEN_0024,BNEN_G008,bn-en,E4_codemix,1,0.4926183819770813,1,,,,
BNEN_0025,BNEN_G009,en,E4_codemix,1,0.9754058122634888,1,,,,
BNEN_0026,BNEN_G009,bn,E4_codemix,1,0.48528721928596497,1,,,,
BNEN_0027,BNEN_G009,bn-en,E4_codemix,1,0.9800229072570801,1,,,,
BNEN_0028,BNEN_G010,en,E4_codemix,1,0.9710059762001038,1,,,,
BNEN_0029,BNEN_G010,bn,E4_codemix,1,0.4543893039226532,1,,,,
BNEN_0030,BNEN_G010,bn-en,E4_codemix,1,0.7691130042076111,1,,,,
BNEN_0031,BNEN_G011,en,E4_codemix,1,0.9752894639968872,1,,,,
BNEN_0032,BNEN_G011,bn,E4_codemix,1,0.44834014773368835,1,,,,
BNEN_0033,BNEN_G011,bn-en,E4_codemix,1,0.9770262837409973,1,,,,
BNEN_0034,BNEN_G012,en,E4_codemix,1,0.978029727935791,1,,,,
BNEN_0035,BNEN_G012,bn,E4_codemix,1,0.4748787581920624,1,,,,
BNEN_0036,BNEN_G012,bn-en,E4_codemix,1,0.69590163230896,1,,,,
BNEN_0037,BNEN_G013,en,E4_codemix,1,0.9774236083030701,1,,,,
BNEN_0038,BNEN_G013,bn,E4_codemix,1,0.4586428701877594,1,,,,
BNEN_0039,BNEN_G013,bn-en,E4_codemix,1,0.978954017162323,1,,,,
BNEN_0040,BNEN_G014,en,E4_codemix,1,0.9758086204528809,1,,,,
BNEN_0041,BNEN_G014,bn,E4_codemix,1,0.449685662984848,1,,,,
BNEN_0042,BNEN_G014,bn-en,E4_codemix,1,0.9769194722175598,1,,,,
BNEN_0043,BNEN_G015,en,E4_codemix,1,0.975468099117279,1,,,,
BNEN_0044,BNEN_G015,bn,E4_codemix,1,0.48857060074806213,1,,,,
BNEN_0045,BNEN_G015,bn-en,E4_codemix,1,0.6515342593193054,1,,,,
BNEN_0046,BNEN_G016,en,E4_codemix,1,0.9784141778945923,1,,,,
BNEN_0047,BNEN_G016,bn,E4_codemix,1,0.45010268688201904,1,,,,
BNEN_0048,BNEN_G016,bn-en,E4_codemix,1,0.9745030403137207,1,,,,
BNEN_0049,BNEN_G017,en,E4_codemix,1,0.9775789380073547,1,,,,
BNEN_0050,BNEN_G017,bn,E4_codemix,1,0.4609958827495575,1,,,,
BNEN_0051,BNEN_G017,bn-en,E4_codemix,1,0.5330159068107605,1,,,,
BNEN_0052,BNEN_G018,en,E4_codemix,1,0.9748710989952087,1,,,,
BNEN_0053,BNEN_G018,bn,E4_codemix,1,0.4602554738521576,1,,,,
BNEN_0054,BNEN_G018,bn-en,E4_codemix,1,0.9753902554512024,1,,,,
BNEN_0055,BNEN_G019,en,E4_codemix,1,0.9778643250465393,1,,,,
BNEN_0056,BNEN_G019,bn,E4_codemix,1,0.4549941420555115,1,,,,
BNEN_0057,BNEN_G019,bn-en,E4_codemix,1,0.4809575080871582,1,,,,
BNEN_0058,BNEN_G020,en,E4_codemix,1,0.978569507598877,1,,,,
BNEN_0059,BNEN_G020,bn,E4_codemix,1,0.49754396080970764,1,,,,
BNEN_0060,BNEN_G020,bn-en,E4_codemix,1,0.9782723188400269,1,,,,
BNEN_0061,BNEN_G021,en,E4_codemix,1,0.9778483510017395,1,,,,
BNEN_0062,BNEN_G021,bn,E4_codemix,1,0.4721798598766327,1,,,,
BNEN_0063,BNEN_G021,bn-en,E4_codemix,1,0.49447500705718994,1,,,,
BNEN_0064,BNEN_G022,en,E4_codemix,1,0.9738816022872925,1,,,,
BNEN_0065,BNEN_G022,bn,E4_codemix,1,0.4631804823875427,1,,,,
BNEN_0066,BNEN_G022,bn-en,E4_codemix,1,0.9758768081665039,1,,,,
BNEN_0067,BNEN_G023,en,E4_codemix,1,0.9780042171478271,1,,,,
BNEN_0068,BNEN_G023,bn,E4_codemix,1,0.4783439338207245,1,,,,
BNEN_0069,BNEN_G023,bn-en,E4_codemix,1,0.470632404088974,1,,,,
BNEN_0070,BNEN_G024,en,E4_codemix,1,0.9797465801239014,1,,,,
BNEN_0071,BNEN_G024,bn,E4_codemix,1,0.4640450179576874,1,,,,
BNEN_0072,BNEN_G024,bn-en,E4_codemix,1,0.9768473505973816,1,,,,
BNEN_0073,BNEN_G025,en,E4_codemix,1,0.9746143221855164,1,,,,
BNEN_0074,BNEN_G025,bn,E4_codemix,1,0.47543060779571533,1,,,,
BNEN_0075,BNEN_G025,bn-en,E4_codemix,1,0.5474913716316223,1,,,,
BNEN_0076,BNEN_G026,en,E4_codemix,1,0.9790833592414856,1,,,,
BNEN_0077,BNEN_G026,bn,E4_codemix,1,0.4856414794921875,1,,,,
BNEN_0078,BNEN_G026,bn-en,E4_codemix,1,0.9777681231498718,1,,,,
BNEN_0079,BNEN_G027,en,E4_codemix,1,0.9759830832481384,1,,,,
BNEN_0080,BNEN_G027,bn,E4_codemix,1,0.4999930262565613,1,,,,
BNEN_0081,BNEN_G027,bn-en,E4_codemix,1,0.5802627801895142,1,,,,
BNEN_0082,BNEN_G028,en,E4_codemix,1,0.9770756959915161,1,,,,
BNEN_0083,BNEN_G028,bn,E4_codemix,1,0.45963144302368164,1,,,,
BNEN_0084,BNEN_G028,bn-en,E4_codemix,1,0.9774511456489563,1,,,,
BNEN_0085,BNEN_G029,en,E4_codemix,1,0.9792757034301758,1,,,,
BNEN_0086,BNEN_G029,bn,E4_codemix,1,0.508625864982605,1,,,,
BNEN_0087,BNEN_G029,bn-en,E4_codemix,1,0.9276149272918701,1,,,,
BNEN_0088,BNEN_G030,en,E4_codemix,1,0.9731252193450928,1,,,,
BNEN_0089,BNEN_G030,bn,E4_codemix,1,0.4675595462322235,1,,,,
BNEN_0090,BNEN_G030,bn-en,E4_codemix,1,0.9733012318611145,1,,,,
BNEN_0091,BNEN_G031,en,E4_codemix,1,0.9790037274360657,1,,,,
BNEN_0092,BNEN_G031,bn,E4_codemix,1,0.483065664768219,1,,,,
BNEN_0093,BNEN_G031,bn-en,E4_codemix,1,0.9009824395179749,1,,,,
BNEN_0094,BNEN_G032,en,E4_codemix,1,0.9778190851211548,1,,,,
BNEN_0095,BNEN_G032,bn,E4_codemix,1,0.47847938537597656,1,,,,
BNEN_0096,BNEN_G032,bn-en,E4_codemix,1,0.9772641658782959,1,,,,
BNEN_0097,BNEN_G033,en,E4_codemix,1,0.9757661819458008,1,,,,
BNEN_0098,BNEN_G033,bn,E4_codemix,1,0.480934739112854,1,,,,
BNEN_0099,BNEN_G033,bn-en,E4_codemix,1,0.8742615580558777,1,,,,
BNEN_0100,BNEN_G034,en,E4_codemix,1,0.977268397808075,1,,,,
BNEN_0101,BNEN_G034,bn,E4_codemix,1,0.4990806579589844,1,,,,
BNEN_0102,BNEN_G034,bn-en,E4_codemix,1,0.9777060151100159,1,,,,
BNEN_0103,BNEN_G035,en,E4_codemix,1,0.9769139885902405,1,,,,
BNEN_0104,BNEN_G035,bn,E4_codemix,1,0.4648413360118866,1,,,,
BNEN_0105,BNEN_G035,bn-en,E4_codemix,1,0.788566529750824,1,,,,
BNEN_0106,BNEN_G036,en,E4_codemix,1,0.9787367582321167,1,,,,
BNEN_0107,BNEN_G036,bn,E4_codemix,1,0.46781641244888306,1,,,,
BNEN_0108,BNEN_G036,bn-en,E4_codemix,1,0.9786890149116516,1,,,,
BNEN_0109,BNEN_G037,en,E4_codemix,1,0.978101909160614,1,,,,
BNEN_0110,BNEN_G037,bn,E4_codemix,1,0.33216041326522827,1,,,,
BNEN_0111,BNEN_G037,bn-en,E4_codemix,1,0.9445531964302063,1,,,,
BNEN_0112,BNEN_G038,en,E4_codemix,1,0.9786363840103149,1,,,,
BNEN_0113,BNEN_G038,bn,E4_codemix,1,0.4772160053253174,1,,,,
BNEN_0114,BNEN_G038,bn-en,E4_codemix,1,0.9774563908576965,1,,,,
BNEN_0115,BNEN_G039,en,E4_codemix,1,0.9760796427726746,1,,,,
BNEN_0116,BNEN_G039,bn,E4_codemix,1,0.5201671719551086,1,,,,
BNEN_0117,BNEN_G039,bn-en,E4_codemix,1,0.9778138399124146,1,,,,
BNEN_0118,BNEN_G040,en,E4_codemix,1,0.9794497489929199,1,,,,
BNEN_0119,BNEN_G040,bn,E4_codemix,1,0.5531551837921143,1,,,,
BNEN_0120,BNEN_G040,bn-en,E4_codemix,1,0.9773345589637756,1,,,,
BNEN_0121,BNEN_G041,en,E4_codemix,1,0.9743328094482422,1,,,,
BNEN_0122,BNEN_G041,bn,E4_codemix,1,0.48608410358428955,1,,,,
BNEN_0123,BNEN_G041,bn-en,E4_codemix,1,0.4915306568145752,1,,,,
BNEN_0124,BNEN_G042,en,E4_codemix,1,0.9765124320983887,1,,,,
BNEN_0125,BNEN_G042,bn,E4_codemix,1,0.4903185963630676,1,,,,
BNEN_0126,BNEN_G042,bn-en,E4_codemix,1,0.9792903661727905,1,,,,
BNEN_0127,BNEN_G043,en,E4_codemix,1,0.9777002930641174,1,,,,
BNEN_0128,BNEN_G043,bn,E4_codemix,1,0.4621662199497223,1,,,,
BNEN_0129,BNEN_G043,bn-en,E4_codemix,1,0.8624725341796875,1,,,,
BNEN_0130,BNEN_G044,en,E4_codemix,1,0.9774597883224487,1,,,,
BNEN_0131,BNEN_G044,bn,E4_codemix,1,0.46097269654273987,1,,,,
BNEN_0132,BNEN_G044,bn-en,E4_codemix,1,0.9733299016952515,1,,,,
BNEN_0133,BNEN_G045,en,E4_codemix,1,0.9791688323020935,1,,,,
BNEN_0134,BNEN_G045,bn,E4_codemix,1,0.49157053232192993,1,,,,
BNEN_0135,BNEN_G045,bn-en,E4_codemix,1,0.9285538196563721,1,,,,
BNEN_0136,BNEN_G046,en,E4_codemix,1,0.9743267297744751,1,,,,
BNEN_0137,BNEN_G046,bn,E4_codemix,1,0.4732743203639984,1,,,,
BNEN_0138,BNEN_G046,bn-en,E4_codemix,1,0.9767053723335266,1,,,,
BNEN_0139,BNEN_G047,en,E4_codemix,1,0.9761698246002197,1,,,,
BNEN_0140,BNEN_G047,bn,E4_codemix,1,0.47155460715293884,1,,,,
BNEN_0141,BNEN_G047,bn-en,E4_codemix,1,0.9533335566520691,1,,,,
BNEN_0142,BNEN_G048,en,E4_codemix,1,0.9791209697723389,1,,,,
BNEN_0143,BNEN_G048,bn,E4_codemix,1,0.45916563272476196,1,,,,
BNEN_0144,BNEN_G048,bn-en,E4_codemix,1,0.9762622117996216,1,,,,
BNEN_0145,BNEN_G049,en,E4_codemix,1,0.9703993201255798,1,,,,
BNEN_0146,BNEN_G049,bn,E4_codemix,1,0.4949435293674469,1,,,,
BNEN_0147,BNEN_G049,bn-en,E4_codemix,1,0.8496580719947815,1,,,,
BNEN_0148,BNEN_G050,en,E4_codemix,1,0.9764624238014221,1,,,,
BNEN_0149,BNEN_G050,bn,E4_codemix,1,0.4659188687801361,1,,,,
BNEN_0150,BNEN_G050,bn-en,E4_codemix,1,0.9753819704055786,1,,,,
BNEN_0151,BNEN_G051,en,E4_codemix,1,0.9700292348861694,1,,,,
BNEN_0152,BNEN_G051,bn,E4_codemix,1,0.4373781383037567,1,,,,
BNEN_0153,BNEN_G051,bn-en,E4_codemix,1,0.9734545350074768,1,,,,
BNEN_0154,BNEN_G052,en,E4_codemix,1,0.9720385074615479,1,,,,
BNEN_0155,BNEN_G052,bn,E4_codemix,1,0.4742077887058258,1,,,,
BNEN_0156,BNEN_G052,bn-en,E4_codemix,1,0.8703959584236145,1,,,,
BNEN_0157,BNEN_G053,en,E4_codemix,1,0.9728760123252869,1,,,,
BNEN_0158,BNEN_G053,bn,E4_codemix,1,0.4339025616645813,1,,,,
BNEN_0159,BNEN_G053,bn-en,E4_codemix,1,0.9803322553634644,1,,,,
BNEN_0160,BNEN_G054,en,E4_codemix,1,0.978396475315094,1,,,,
BNEN_0161,BNEN_G054,bn,E4_codemix,1,0.48388510942459106,1,,,,
BNEN_0162,BNEN_G054,bn-en,E4_codemix,1,0.587984025478363,1,,,,
BNEN_0163,BNEN_G055,en,E4_codemix,1,0.9766725301742554,1,,,,
BNEN_0164,BNEN_G055,bn,E4_codemix,1,0.4353049397468567,1,,,,
BNEN_0165,BNEN_G055,bn-en,E4_codemix,1,0.9774238467216492,1,,,,
BNEN_0166,BNEN_G056,en,E4_codemix,1,0.9753469228744507,1,,,,
BNEN_0167,BNEN_G056,bn,E4_codemix,1,0.9362272024154663,1,,,,
BNEN_0168,BNEN_G056,bn-en,E4_codemix,1,0.9558175802230835,1,,,,
BNEN_0169,BNEN_G057,en,E4_codemix,1,0.9775226712226868,1,,,,
BNEN_0170,BNEN_G057,bn,E4_codemix,1,0.7896933555603027,1,,,,
BNEN_0171,BNEN_G057,bn-en,E4_codemix,1,0.9783021211624146,1,,,,
BNEN_0172,BNEN_G058,en,E4_codemix,1,0.973689079284668,1,,,,
BNEN_0173,BNEN_G058,bn,E4_codemix,1,0.4369213879108429,1,,,,
BNEN_0174,BNEN_G058,bn-en,E4_codemix,1,0.8796003460884094,1,,,,
BNEN_0175,BNEN_G059,en,E4_codemix,1,0.9746549129486084,1,,,,
BNEN_0176,BNEN_G059,bn,E4_codemix,1,0.45584431290626526,1,,,,
BNEN_0177,BNEN_G059,bn-en,E4_codemix,1,0.9773669838905334,1,,,,
BNEN_0178,BNEN_G060,en,E4_codemix,1,0.9790939688682556,1,,,,
BNEN_0179,BNEN_G060,bn,E4_codemix,1,0.4766089916229248,1,,,,
BNEN_0180,BNEN_G060,bn-en,E4_codemix,1,0.6764878630638123,1,,,,
BNEN_0181,BNEN_G061,en,E4_codemix,1,0.9748101830482483,1,,,,
BNEN_0182,BNEN_G061,bn,E4_codemix,1,0.6597123146057129,1,,,,
BNEN_0183,BNEN_G061,bn-en,E4_codemix,1,0.9749606251716614,1,,,,
BNEN_0184,BNEN_G062,en,E4_codemix,1,0.9767313003540039,1,,,,
BNEN_0185,BNEN_G062,bn,E4_codemix,1,0.9488877654075623,1,,,,
BNEN_0186,BNEN_G062,bn-en,E4_codemix,1,0.965030312538147,1,,,,
BNEN_0187,BNEN_G063,en,E4_codemix,1,0.9718440771102905,1,,,,
BNEN_0188,BNEN_G063,bn,E4_codemix,1,0.45561325550079346,1,,,,
BNEN_0189,BNEN_G063,bn-en,E4_codemix,1,0.9761031270027161,1,,,,
BNEN_0190,BNEN_G064,en,E4_codemix,1,0.9760441780090332,1,,,,
BNEN_0191,BNEN_G064,bn,E4_codemix,1,0.7443140149116516,1,,,,
BNEN_0192,BNEN_G064,bn-en,E4_codemix,1,0.9760066270828247,1,,,,
BNEN_0193,BNEN_G065,en,E4_codemix,1,0.973496675491333,1,,,,
BNEN_0194,BNEN_G065,bn,E4_codemix,1,0.41417476534843445,1,,,,
BNEN_0195,BNEN_G065,bn-en,E4_codemix,1,0.9076937437057495,1,,,,
BNEN_0196,BNEN_G066,en,E4_codemix,1,0.9754886031150818,1,,,,
BNEN_0197,BNEN_G066,bn,E4_codemix,1,0.4581795036792755,1,,,,
BNEN_0198,BNEN_G066,bn-en,E4_codemix,1,0.9774914979934692,1,,,,
BNEN_0199,BNEN_G067,en,E4_codemix,1,0.97934490442276,1,,,,
BNEN_0200,BNEN_G067,bn,E4_codemix,1,0.4740932285785675,1,,,,
BNEN_0201,BNEN_G067,bn-en,E4_codemix,1,0.9762553572654724,1,,,,
BNEN_0202,BNEN_G068,en,E4_codemix,1,0.9772870540618896,1,,,,
BNEN_0203,BNEN_G068,bn,E4_codemix,1,0.44265106320381165,1,,,,
BNEN_0204,BNEN_G068,bn-en,E4_codemix,1,0.6861588954925537,1,,,,
BNEN_0205,BNEN_G069,en,E4_codemix,1,0.9768045544624329,1,,,,
BNEN_0206,BNEN_G069,bn,E4_codemix,1,0.39096787571907043,1,,,,
BNEN_0207,BNEN_G069,bn-en,E4_codemix,1,0.5146246552467346,1,,,,
BNEN_0208,BNEN_G070,en,E4_codemix,1,0.9776594042778015,1,,,,
BNEN_0209,BNEN_G070,bn,E4_codemix,1,0.4685760736465454,1,,,,
BNEN_0210,BNEN_G070,bn-en,E4_codemix,1,0.9764264822006226,1,,,,
BNEN_0211,BNEN_G071,en,E4_codemix,1,0.9762851595878601,1,,,,
BNEN_0212,BNEN_G071,bn,E4_codemix,1,0.9664416313171387,1,,,,
BNEN_0213,BNEN_G071,bn-en,E4_codemix,1,0.9790698885917664,1,,,,
BNEN_0214,BNEN_G072,en,E4_codemix,1,0.9744114875793457,1,,,,
BNEN_0215,BNEN_G072,bn,E4_codemix,1,0.9619581699371338,1,,,,
BNEN_0216,BNEN_G072,bn-en,E4_codemix,1,0.9743455052375793,1,,,,
BNEN_0217,BNEN_G073,en,E4_codemix,1,0.977453887462616,1,,,,
BNEN_0218,BNEN_G073,bn,E4_codemix,1,0.5507137775421143,1,,,,
BNEN_0219,BNEN_G073,bn-en,E4_codemix,1,0.9780049920082092,1,,,,
BNEN_0220,BNEN_G074,en,E4_codemix,1,0.9725210666656494,1,,,,
BNEN_0221,BNEN_G074,bn,E4_codemix,1,0.4465278089046478,1,,,,
BNEN_0222,BNEN_G074,bn-en,E4_codemix,1,0.9777376651763916,1,,,,
BNEN_0223,BNEN_G075,en,E4_codemix,1,0.9751574993133545,1,,,,
BNEN_0224,BNEN_G075,bn,E4_codemix,1,0.5338653922080994,1,,,,
BNEN_0225,BNEN_G075,bn-en,E4_codemix,1,0.9765468835830688,1,,,,
BNEN_0226,BNEN_G076,en,E4_codemix,1,0.9783938527107239,1,,,,
BNEN_0227,BNEN_G076,bn,E4_codemix,1,0.5134425759315491,1,,,,
BNEN_0228,BNEN_G076,bn-en,E4_codemix,1,0.9408828020095825,1,,,,
BNEN_0229,BNEN_G077,en,E4_codemix,1,0.9772810339927673,1,,,,
BNEN_0230,BNEN_G077,bn,E4_codemix,1,0.49878114461898804,1,,,,
BNEN_0231,BNEN_G077,bn-en,E4_codemix,1,0.9794731736183167,1,,,,
BNEN_0232,BNEN_G078,en,E4_codemix,1,0.9743423461914062,1,,,,
BNEN_0233,BNEN_G078,bn,E4_codemix,1,0.5684158205986023,1,,,,
BNEN_0234,BNEN_G078,bn-en,E4_codemix,1,0.9698300361633301,1,,,,
BNEN_0235,BNEN_G079,en,E4_codemix,1,0.9786252379417419,1,,,,
BNEN_0236,BNEN_G079,bn,E4_codemix,1,0.9212539792060852,1,,,,
BNEN_0237,BNEN_G079,bn-en,E4_codemix,1,0.980087399482727,1,,,,
BNEN_0238,BNEN_G080,en,E4_codemix,1,0.9784383773803711,1,,,,
BNEN_0239,BNEN_G080,bn,E4_codemix,1,0.5357343554496765,1,,,,
BNEN_0240,BNEN_G080,bn-en,E4_codemix,1,0.9584269523620605,1,,,,
BNEN_0241,BNEN_G081,en,E4_codemix,1,0.9772543907165527,1,,,,
BNEN_0242,BNEN_G081,bn,E4_codemix,1,0.553611695766449,1,,,,
BNEN_0243,BNEN_G081,bn-en,E4_codemix,1,0.9792404174804688,1,,,,
BNEN_0244,BNEN_G082,en,E4_codemix,1,0.9767395853996277,1,,,,
BNEN_0245,BNEN_G082,bn,E4_codemix,1,0.6675816774368286,1,,,,
BNEN_0246,BNEN_G082,bn-en,E4_codemix,1,0.9580146074295044,1,,,,
BNEN_0247,BNEN_G083,en,E4_codemix,1,0.9778594970703125,1,,,,
BNEN_0248,BNEN_G083,bn,E4_codemix,1,0.5258010029792786,1,,,,
BNEN_0249,BNEN_G083,bn-en,E4_codemix,1,0.9776395559310913,1,,,,
BNEN_0250,BNEN_G084,en,E4_codemix,1,0.9753713607788086,1,,,,
BNEN_0251,BNEN_G084,bn,E4_codemix,1,0.47144973278045654,1,,,,
BNEN_0252,BNEN_G084,bn-en,E4_codemix,1,0.9675478339195251,1,,,,
BNEN_0253,BNEN_G085,en,E4_codemix,1,0.976900577545166,1,,,,
BNEN_0254,BNEN_G085,bn,E4_codemix,1,0.9455137848854065,1,,,,
BNEN_0255,BNEN_G085,bn-en,E4_codemix,1,0.9773054122924805,1,,,,
BNEN_0256,BNEN_G086,en,E4_codemix,1,0.9742899537086487,1,,,,
BNEN_0257,BNEN_G086,bn,E4_codemix,1,0.764595627784729,1,,,,
BNEN_0258,BNEN_G086,bn-en,E4_codemix,1,0.9628545045852661,1,,,,
BNEN_0259,BNEN_G087,en,E4_codemix,1,0.9772210121154785,1,,,,
BNEN_0260,BNEN_G087,bn,E4_codemix,1,0.4826907515525818,1,,,,
BNEN_0261,BNEN_G087,bn-en,E4_codemix,1,0.9789536595344543,1,,,,
BNEN_0262,BNEN_G088,en,E4_codemix,1,0.9779005646705627,1,,,,
BNEN_0263,BNEN_G088,bn,E4_codemix,1,0.4160829484462738,1,,,,
BNEN_0264,BNEN_G088,bn-en,E4_codemix,1,0.9508921504020691,1,,,,
BNEN_0265,BNEN_G089,en,E4_codemix,1,0.9740768671035767,1,,,,
BNEN_0266,BNEN_G089,bn,E4_codemix,1,0.5179386734962463,1,,,,
BNEN_0267,BNEN_G089,bn-en,E4_codemix,1,0.9757589101791382,1,,,,
BNEN_0268,BNEN_G090,en,E4_codemix,1,0.9762760400772095,1,,,,
BNEN_0269,BNEN_G090,bn,E4_codemix,1,0.919479250907898,1,,,,
BNEN_0270,BNEN_G090,bn-en,E4_codemix,1,0.967801570892334,1,,,,
BNEN_0271,BNEN_G091,en,E4_codemix,1,0.9766493439674377,1,,,,
BNEN_0272,BNEN_G091,bn,E4_codemix,1,0.4057338535785675,1,,,,
BNEN_0273,BNEN_G091,bn-en,E4_codemix,1,0.9763792157173157,1,,,,
BNEN_0274,BNEN_G092,en,E4_codemix,1,0.9739610552787781,1,,,,
BNEN_0275,BNEN_G092,bn,E4_codemix,1,0.5141483545303345,1,,,,
BNEN_0276,BNEN_G092,bn-en,E4_codemix,1,0.973507821559906,1,,,,
BNEN_0277,BNEN_G093,en,E4_codemix,1,0.9783331751823425,1,,,,
BNEN_0278,BNEN_G093,bn,E4_codemix,1,0.770228922367096,1,,,,
BNEN_0279,BNEN_G093,bn-en,E4_codemix,1,0.9795346260070801,1,,,,
BNEN_0280,BNEN_G094,en,E4_codemix,1,0.9762842059135437,1,,,,
BNEN_0281,BNEN_G094,bn,E4_codemix,1,0.49172163009643555,1,,,,
BNEN_0282,BNEN_G094,bn-en,E4_codemix,1,0.9032018184661865,1,,,,
BNEN_0283,BNEN_G095,en,E4_codemix,1,0.9737812280654907,1,,,,
BNEN_0284,BNEN_G095,bn,E4_codemix,1,0.5152897238731384,1,,,,
BNEN_0285,BNEN_G095,bn-en,E4_codemix,1,0.964169442653656,1,,,,
BNEN_0286,BNEN_G096,en,E4_codemix,1,0.9762204885482788,1,,,,
BNEN_0287,BNEN_G096,bn,E4_codemix,1,0.6561903953552246,1,,,,
BNEN_0288,BNEN_G096,bn-en,E4_codemix,1,0.9770454168319702,1,,,,
BNEN_0289,BNEN_G097,en,E4_codemix,1,0.9772286415100098,1,,,,
BNEN_0290,BNEN_G097,bn,E4_codemix,1,0.5373087525367737,1,,,,
BNEN_0291,BNEN_G097,bn-en,E4_codemix,1,0.9781539440155029,1,,,,
BNEN_0292,BNEN_G098,en,E4_codemix,1,0.9676677584648132,1,,,,
BNEN_0293,BNEN_G098,bn,E4_codemix,1,0.45945239067077637,1,,,,
BNEN_0294,BNEN_G098,bn-en,E4_codemix,1,0.9703004956245422,1,,,,
BNEN_0295,BNEN_G099,en,E4_codemix,1,0.980692446231842,1,,,,
BNEN_0296,BNEN_G099,bn,E4_codemix,1,0.5235127806663513,1,,,,
BNEN_0297,BNEN_G099,bn-en,E4_codemix,1,0.9563099145889282,1,,,,
BNEN_0298,BNEN_G100,en,E4_codemix,1,0.9720873236656189,1,,,,
BNEN_0299,BNEN_G100,bn,E4_codemix,1,0.8657761216163635,1,,,,
BNEN_0300,BNEN_G100,bn-en,E4_codemix,1,0.9726371169090271,1,,,,
BNEN_0301,BNEN_G101,en,E4_codemix,1,0.9767051339149475,1,,,,
BNEN_0302,BNEN_G101,bn,E4_codemix,1,0.5436258912086487,1,,,,
BNEN_0303,BNEN_G101,bn-en,E4_codemix,1,0.979425847530365,1,,,,
BNEN_0304,BNEN_G102,en,E4_codemix,1,0.9775250554084778,1,,,,
BNEN_0305,BNEN_G102,bn,E4_codemix,1,0.7807742953300476,1,,,,
BNEN_0306,BNEN_G102,bn-en,E4_codemix,1,0.928638219833374,1,,,,
BNEN_0307,BNEN_G103,en,E4_codemix,1,0.9802743792533875,1,,,,
BNEN_0308,BNEN_G103,bn,E4_codemix,1,0.541763186454773,1,,,,
BNEN_0309,BNEN_G103,bn-en,E4_codemix,1,0.9797884821891785,1,,,,
BNEN_0310,BNEN_G104,en,E4_codemix,1,0.9753656387329102,1,,,,
BNEN_0311,BNEN_G104,bn,E4_codemix,1,0.9459342360496521,1,,,,
BNEN_0312,BNEN_G104,bn-en,E4_codemix,1,0.9710238575935364,1,,,,
BNEN_0313,BNEN_G105,en,E4_codemix,1,0.9797802567481995,1,,,,
BNEN_0314,BNEN_G105,bn,E4_codemix,1,0.5418440103530884,1,,,,
BNEN_0315,BNEN_G105,bn-en,E4_codemix,1,0.9785839915275574,1,,,,
BNEN_0316,BNEN_G106,en,E4_codemix,1,0.9794169068336487,1,,,,
BNEN_0317,BNEN_G106,bn,E4_codemix,1,0.5789687037467957,1,,,,
BNEN_0318,BNEN_G106,bn-en,E4_codemix,1,0.9357043504714966,1,,,,
BNEN_0319,BNEN_G107,en,E4_codemix,1,0.9799503087997437,1,,,,
BNEN_0320,BNEN_G107,bn,E4_codemix,1,0.9124557375907898,1,,,,
BNEN_0321,BNEN_G107,bn-en,E4_codemix,1,0.9803599715232849,1,,,,
BNEN_0322,BNEN_G108,en,E4_codemix,1,0.9801499843597412,1,,,,
BNEN_0323,BNEN_G108,bn,E4_codemix,1,0.49520131945610046,1,,,,
BNEN_0324,BNEN_G108,bn-en,E4_codemix,1,0.9364379048347473,1,,,,
BNEN_0325,BNEN_G109,en,E4_codemix,1,0.9763482213020325,1,,,,
BNEN_0326,BNEN_G109,bn,E4_codemix,1,0.716530442237854,1,,,,
BNEN_0327,BNEN_G109,bn-en,E4_codemix,1,0.9785914421081543,1,,,,
BNEN_0328,BNEN_G110,en,E4_codemix,1,0.9782441854476929,1,,,,
BNEN_0329,BNEN_G110,bn,E4_codemix,1,0.783095121383667,1,,,,
BNEN_0330,BNEN_G110,bn-en,E4_codemix,1,0.970524787902832,1,,,,
BNEN_0331,BNEN_G111,en,E4_codemix,1,0.9795736074447632,1,,,,
BNEN_0332,BNEN_G111,bn,E4_codemix,1,0.8859775066375732,1,,,,
BNEN_0333,BNEN_G111,bn-en,E4_codemix,1,0.9789986610412598,1,,,,
BNEN_0334,BNEN_G112,en,E4_codemix,1,0.9751733541488647,1,,,,
BNEN_0335,BNEN_G112,bn,E4_codemix,1,0.8532053828239441,1,,,,
BNEN_0336,BNEN_G112,bn-en,E4_codemix,1,0.9715364575386047,1,,,,
BNEN_0337,BNEN_G113,en,E4_codemix,1,0.9774445295333862,1,,,,
BNEN_0338,BNEN_G113,bn,E4_codemix,1,0.8982762694358826,1,,,,
BNEN_0339,BNEN_G113,bn-en,E4_codemix,1,0.9781096577644348,1,,,,
BNEN_0340,BNEN_G114,en,E4_codemix,1,0.9792250990867615,1,,,,
BNEN_0341,BNEN_G114,bn,E4_codemix,1,0.7352981567382812,1,,,,
BNEN_0342,BNEN_G114,bn-en,E4_codemix,1,0.9800024032592773,1,,,,
BNEN_0343,BNEN_G115,en,E4_codemix,1,0.9798004031181335,1,,,,
BNEN_0344,BNEN_G115,bn,E4_codemix,1,0.6123189330101013,1,,,,
BNEN_0345,BNEN_G115,bn-en,E4_codemix,1,0.977020263671875,1,,,,
BNEN_0346,BNEN_G116,en,E4_codemix,1,0.9785186052322388,1,,,,
BNEN_0347,BNEN_G116,bn,E4_codemix,1,0.662833034992218,1,,,,
BNEN_0348,BNEN_G116,bn-en,E4_codemix,1,0.9796324372291565,1,,,,
BNEN_0349,BNEN_G117,en,E4_codemix,1,0.9774059653282166,1,,,,
BNEN_0350,BNEN_G117,bn,E4_codemix,1,0.8904832601547241,1,,,,
BNEN_0351,BNEN_G117,bn-en,E4_codemix,1,0.9786911010742188,1,,,,
BNEN_0352,BNEN_G118,en,E4_codemix,1,0.9806971549987793,1,,,,
BNEN_0353,BNEN_G118,bn,E4_codemix,1,0.8653160929679871,1,,,,
BNEN_0354,BNEN_G118,bn-en,E4_codemix,1,0.9463219046592712,1,,,,
BNEN_0355,BNEN_G119,en,E4_codemix,1,0.9757807850837708,1,,,,
BNEN_0356,BNEN_G119,bn,E4_codemix,1,0.8883110284805298,1,,,,
BNEN_0357,BNEN_G119,bn-en,E4_codemix,1,0.9768576622009277,1,,,,
BNEN_0358,BNEN_G120,en,E4_codemix,1,0.9766213297843933,1,,,,
BNEN_0359,BNEN_G120,bn,E4_codemix,1,0.48776865005493164,1,,,,
BNEN_0360,BNEN_G120,bn-en,E4_codemix,1,0.9763666391372681,1,,,,
BNEN_0361,BNEN_G121,en,E4_codemix,1,0.9793070554733276,1,,,,
BNEN_0362,BNEN_G121,bn,E4_codemix,1,0.7876489162445068,1,,,,
BNEN_0363,BNEN_G121,bn-en,E4_codemix,1,0.9793499112129211,1,,,,
BNEN_0364,BNEN_G122,en,E4_codemix,1,0.9757689833641052,1,,,,
BNEN_0365,BNEN_G122,bn,E4_codemix,1,0.649493932723999,1,,,,
BNEN_0366,BNEN_G122,bn-en,E4_codemix,1,0.9006827473640442,1,,,,
BNEN_0367,BNEN_G123,en,E4_codemix,1,0.9762453436851501,1,,,,
BNEN_0368,BNEN_G123,bn,E4_codemix,1,0.5391046404838562,1,,,,
BNEN_0369,BNEN_G123,bn-en,E4_codemix,1,0.9775134325027466,1,,,,
BNEN_0370,BNEN_G124,en,E4_codemix,1,0.9774295091629028,1,,,,
BNEN_0371,BNEN_G124,bn,E4_codemix,1,0.7940293550491333,1,,,,
BNEN_0372,BNEN_G124,bn-en,E4_codemix,1,0.9776711463928223,1,,,,
BNEN_0373,BNEN_G125,en,E4_codemix,1,0.9760361313819885,1,,,,
BNEN_0374,BNEN_G125,bn,E4_codemix,1,0.9191060066223145,1,,,,
BNEN_0375,BNEN_G125,bn-en,E4_codemix,1,0.9782640337944031,1,,,,
BNEN_0376,BNEN_G126,en,E4_codemix,1,0.9801173806190491,1,,,,
BNEN_0377,BNEN_G126,bn,E4_codemix,1,0.45205605030059814,1,,,,
BNEN_0378,BNEN_G126,bn-en,E4_codemix,1,0.9792141318321228,1,,,,
BNEN_0379,BNEN_G127,en,E4_codemix,1,0.9799813628196716,1,,,,
BNEN_0380,BNEN_G127,bn,E4_codemix,1,0.5706595778465271,1,,,,
BNEN_0381,BNEN_G127,bn-en,E4_codemix,1,0.9738325476646423,1,,,,
BNEN_0382,BNEN_G128,en,E4_codemix,1,0.9802482724189758,1,,,,
BNEN_0383,BNEN_G128,bn,E4_codemix,1,0.48884329199790955,1,,,,
BNEN_0384,BNEN_G128,bn-en,E4_codemix,1,0.9789493083953857,1,,,,
BNEN_0385,BNEN_G129,en,E4_codemix,1,0.9790524840354919,1,,,,
BNEN_0386,BNEN_G129,bn,E4_codemix,1,0.8785293698310852,1,,,,
BNEN_0387,BNEN_G129,bn-en,E4_codemix,1,0.9718801975250244,1,,,,
BNEN_0388,BNEN_G130,en,E4_codemix,1,0.9792103171348572,1,,,,
BNEN_0389,BNEN_G130,bn,E4_codemix,1,0.5895957946777344,1,,,,
BNEN_0390,BNEN_G130,bn-en,E4_codemix,1,0.9791511297225952,1,,,,
BNEN_0391,BNEN_G131,en,E4_codemix,1,0.9790763854980469,1,,,,
BNEN_0392,BNEN_G131,bn,E4_codemix,1,0.5178676843643188,1,,,,
BNEN_0393,BNEN_G131,bn-en,E4_codemix,1,0.9503600001335144,1,,,,
BNEN_0394,BNEN_G132,en,E4_codemix,1,0.9743984341621399,1,,,,
BNEN_0395,BNEN_G132,bn,E4_codemix,1,0.48601070046424866,1,,,,
BNEN_0396,BNEN_G132,bn-en,E4_codemix,1,0.9792838096618652,1,,,,
BNEN_0397,BNEN_G133,en,E4_codemix,1,0.9800881743431091,1,,,,
BNEN_0398,BNEN_G133,bn,E4_codemix,1,0.4466680884361267,1,,,,
BNEN_0399,BNEN_G133,bn-en,E4_codemix,1,0.9530991911888123,1,,,,
BNEN_0400,BNEN_G134,en,E4_codemix,1,0.9791449308395386,1,,,,
BNEN_0401,BNEN_G134,bn,E4_codemix,1,0.47872719168663025,1,,,,
BNEN_0402,BNEN_G134,bn-en,E4_codemix,1,0.9778546094894409,1,,,,
BNEN_0403,BNEN_G135,en,E4_codemix,1,0.977988600730896,1,,,,
BNEN_0404,BNEN_G135,bn,E4_codemix,1,0.43657171726226807,1,,,,
BNEN_0405,BNEN_G135,bn-en,E4_codemix,1,0.9537631273269653,1,,,,
BNEN_0406,BNEN_G136,en,E4_codemix,1,0.9814136624336243,1,,,,
BNEN_0407,BNEN_G136,bn,E4_codemix,1,0.46660512685775757,1,,,,
BNEN_0408,BNEN_G136,bn-en,E4_codemix,1,0.9780855178833008,1,,,,
BNEN_0409,BNEN_G137,en,E4_codemix,1,0.9802531003952026,1,,,,
BNEN_0410,BNEN_G137,bn,E4_codemix,1,0.47367745637893677,1,,,,
BNEN_0411,BNEN_G137,bn-en,E4_codemix,1,0.9628768563270569,1,,,,
BNEN_0412,BNEN_G138,en,E4_codemix,1,0.9797667264938354,1,,,,
BNEN_0413,BNEN_G138,bn,E4_codemix,1,0.4684025049209595,1,,,,
BNEN_0414,BNEN_G138,bn-en,E4_codemix,1,0.925011157989502,1,,,,
BNEN_0415,BNEN_G139,en,E4_codemix,1,0.9801607728004456,1,,,,
BNEN_0416,BNEN_G139,bn,E4_codemix,1,0.45855364203453064,1,,,,
BNEN_0417,BNEN_G139,bn-en,E4_codemix,1,0.9795966148376465,1,,,,
BNEN_0418,BNEN_G140,en,E4_codemix,1,0.9800598621368408,1,,,,
BNEN_0419,BNEN_G140,bn,E4_codemix,1,0.4384628236293793,1,,,,
BNEN_0420,BNEN_G140,bn-en,E4_codemix,1,0.978888988494873,1,,,,
BNEN_0421,BNEN_G141,en,E4_codemix,1,0.9763475060462952,1,,,,
BNEN_0422,BNEN_G141,bn,E4_codemix,1,0.4874795377254486,1,,,,
BNEN_0423,BNEN_G141,bn-en,E4_codemix,1,0.9784173369407654,1,,,,
BNEN_0424,BNEN_G142,en,E4_codemix,1,0.9774137139320374,1,,,,
BNEN_0425,BNEN_G142,bn,E4_codemix,1,0.5173054337501526,1,,,,
BNEN_0426,BNEN_G142,bn-en,E4_codemix,1,0.9727990627288818,1,,,,
BNEN_0427,BNEN_G143,en,E4_codemix,1,0.9793939590454102,1,,,,
BNEN_0428,BNEN_G143,bn,E4_codemix,1,0.5566707849502563,1,,,,
BNEN_0429,BNEN_G143,bn-en,E4_codemix,1,0.9766362309455872,1,,,,
BNEN_0430,BNEN_G144,en,E4_codemix,1,0.9740278124809265,1,,,,
BNEN_0431,BNEN_G144,bn,E4_codemix,1,0.4969109296798706,1,,,,
BNEN_0432,BNEN_G144,bn-en,E4_codemix,1,0.9777964949607849,1,,,,
BNEN_0433,BNEN_G145,en,E4_codemix,1,0.9798739552497864,1,,,,
BNEN_0434,BNEN_G145,bn,E4_codemix,1,0.6789686679840088,1,,,,
BNEN_0435,BNEN_G145,bn-en,E4_codemix,1,0.9787443280220032,1,,,,
BNEN_0436,BNEN_G146,en,E4_codemix,1,0.9791209697723389,1,,,,
BNEN_0437,BNEN_G146,bn,E4_codemix,1,0.5894854664802551,1,,,,
BNEN_0438,BNEN_G146,bn-en,E4_codemix,1,0.9617241621017456,1,,,,
BNEN_0439,BNEN_G147,en,E4_codemix,1,0.9805667400360107,1,,,,
BNEN_0440,BNEN_G147,bn,E4_codemix,1,0.5127720832824707,1,,,,
BNEN_0441,BNEN_G147,bn-en,E4_codemix,1,0.97911137342453,1,,,,
BNEN_0442,BNEN_G148,en,E4_codemix,1,0.9781246185302734,1,,,,
BNEN_0443,BNEN_G148,bn,E4_codemix,1,0.5022520422935486,1,,,,
BNEN_0444,BNEN_G148,bn-en,E4_codemix,1,0.979625403881073,1,,,,
BNEN_0445,BNEN_G149,en,E4_codemix,1,0.9785966873168945,1,,,,
BNEN_0446,BNEN_G149,bn,E4_codemix,1,0.45016974210739136,1,,,,
BNEN_0447,BNEN_G149,bn-en,E4_codemix,1,0.9290939569473267,1,,,,
BNEN_0448,BNEN_G150,en,E4_codemix,1,0.9790987968444824,1,,,,
BNEN_0449,BNEN_G150,bn,E4_codemix,1,0.4694926142692566,1,,,,
BNEN_0450,BNEN_G150,bn-en,E4_codemix,1,0.9787557125091553,1,,,,
BNEN_0451,BNEN_G151,en,E4_codemix,0,0.23907174170017242,1,,,,
BNEN_0452,BNEN_G151,bn,E4_codemix,0,0.24642600119113922,1,,,,
BNEN_0453,BNEN_G151,bn-en,E4_codemix,0,0.9647307395935059,1,,,,
BNEN_0454,BNEN_G152,en,E4_codemix,0,0.2658950388431549,1,,,,
BNEN_0455,BNEN_G152,bn,E4_codemix,0,0.2807832360267639,1,,,,
BNEN_0456,BNEN_G152,bn-en,E4_codemix,0,0.3170931935310364,1,,,,
BNEN_0457,BNEN_G153,en,E4_codemix,0,0.1033109575510025,0,,,,
BNEN_0458,BNEN_G153,bn,E4_codemix,0,0.239407017827034,1,,,,
BNEN_0459,BNEN_G153,bn-en,E4_codemix,0,0.9330721497535706,1,,,,
BNEN_0460,BNEN_G154,en,E4_codemix,0,0.06618504971265793,0,,,,
BNEN_0461,BNEN_G154,bn,E4_codemix,0,0.19756998121738434,0,,,,
BNEN_0462,BNEN_G154,bn-en,E4_codemix,0,0.29302096366882324,1,,,,
BNEN_0463,BNEN_G155,en,E4_codemix,0,0.24415504932403564,1,,,,
BNEN_0464,BNEN_G155,bn,E4_codemix,0,0.2208339422941208,1,,,,
BNEN_0465,BNEN_G155,bn-en,E4_codemix,0,0.9625405073165894,1,,,,
BNEN_0466,BNEN_G156,en,E4_codemix,0,0.3262370228767395,1,,,,
BNEN_0467,BNEN_G156,bn,E4_codemix,0,0.28115373849868774,1,,,,
BNEN_0468,BNEN_G156,bn-en,E4_codemix,0,0.4004250466823578,1,,,,
BNEN_0469,BNEN_G157,en,E4_codemix,0,0.9444301724433899,1,,,,
BNEN_0470,BNEN_G157,bn,E4_codemix,0,0.40823277831077576,1,,,,
BNEN_0471,BNEN_G157,bn-en,E4_codemix,0,0.8940384387969971,1,,,,
BNEN_0472,BNEN_G158,en,E4_codemix,0,0.06464342772960663,0,,,,
BNEN_0473,BNEN_G158,bn,E4_codemix,0,0.22037121653556824,1,,,,
BNEN_0474,BNEN_G158,bn-en,E4_codemix,0,0.31503644585609436,1,,,,
BNEN_0475,BNEN_G159,en,E4_codemix,0,0.952987551689148,1,,,,
BNEN_0476,BNEN_G159,bn,E4_codemix,0,0.44081899523735046,1,,,,
BNEN_0477,BNEN_G159,bn-en,E4_codemix,0,0.9707463979721069,1,,,,
BNEN_0478,BNEN_G160,en,E4_codemix,0,0.9735649228096008,1,,,,
BNEN_0479,BNEN_G160,bn,E4_codemix,0,0.45477116107940674,1,,,,
BNEN_0480,BNEN_G160,bn-en,E4_codemix,0,0.4724634885787964,1,,,,
BNEN_0481,BNEN_G161,en,E4_codemix,0,0.05737319216132164,0,,,,
BNEN_0482,BNEN_G161,bn,E4_codemix,0,0.19059863686561584,0,,,,
BNEN_0483,BNEN_G161,bn-en,E4_codemix,0,0.07801482081413269,0,,,,
BNEN_0484,BNEN_G162,en,E4_codemix,0,0.12716206908226013,0,,,,
BNEN_0485,BNEN_G162,bn,E4_codemix,0,0.27321913838386536,1,,,,
BNEN_0486,BNEN_G162,bn-en,E4_codemix,0,0.3256116807460785,1,,,,
BNEN_0487,BNEN_G163,en,E4_codemix,0,0.08651087433099747,0,,,,
BNEN_0488,BNEN_G163,bn,E4_codemix,0,0.20685963332653046,0,,,,
BNEN_0489,BNEN_G163,bn-en,E4_codemix,0,0.4887396991252899,1,,,,
BNEN_0490,BNEN_G164,en,E4_codemix,0,0.07954361289739609,0,,,,
BNEN_0491,BNEN_G164,bn,E4_codemix,0,0.29526636004447937,1,,,,
BNEN_0492,BNEN_G164,bn-en,E4_codemix,0,0.2972604036331177,1,,,,
BNEN_0493,BNEN_G165,en,E4_codemix,0,0.24818836152553558,1,,,,
BNEN_0494,BNEN_G165,bn,E4_codemix,0,0.35135743021965027,1,,,,
BNEN_0495,BNEN_G165,bn-en,E4_codemix,0,0.9145333170890808,1,,,,
BNEN_0496,BNEN_G166,en,E4_codemix,0,0.0936889573931694,0,,,,
BNEN_0497,BNEN_G166,bn,E4_codemix,0,0.25676897168159485,1,,,,
BNEN_0498,BNEN_G166,bn-en,E4_codemix,0,0.2628098726272583,1,,,,
BNEN_0499,BNEN_G167,en,E4_codemix,0,0.11770627647638321,0,,,,
BNEN_0500,BNEN_G167,bn,E4_codemix,0,0.22750520706176758,1,,,,
BNEN_0501,BNEN_G167,bn-en,E4_codemix,0,0.4254378378391266,1,,,,
BNEN_0502,BNEN_G168,en,E4_codemix,0,0.7319489121437073,1,,,,
BNEN_0503,BNEN_G168,bn,E4_codemix,0,0.1984746903181076,0,,,,
BNEN_0504,BNEN_G168,bn-en,E4_codemix,0,0.31152406334877014,1,,,,
BNEN_0505,BNEN_G169,en,E4_codemix,0,0.061965230852365494,0,,,,
BNEN_0506,BNEN_G169,bn,E4_codemix,0,0.2077917754650116,0,,,,
BNEN_0507,BNEN_G169,bn-en,E4_codemix,0,0.09915503859519958,0,,,,
BNEN_0508,BNEN_G170,en,E4_codemix,0,0.9555785059928894,1,,,,
BNEN_0509,BNEN_G170,bn,E4_codemix,0,0.424455463886261,1,,,,
BNEN_0510,BNEN_G170,bn-en,E4_codemix,0,0.858437180519104,1,,,,
BNEN_0511,BNEN_G171,en,E4_codemix,0,0.056954026222229004,0,,,,
BNEN_0512,BNEN_G171,bn,E4_codemix,0,0.22921134531497955,1,,,,
BNEN_0513,BNEN_G171,bn-en,E4_codemix,0,0.9562367796897888,1,,,,
BNEN_0514,BNEN_G172,en,E4_codemix,0,0.9755470156669617,1,,,,
BNEN_0515,BNEN_G172,bn,E4_codemix,0,0.44019508361816406,1,,,,
BNEN_0516,BNEN_G172,bn-en,E4_codemix,0,0.5443379878997803,1,,,,
BNEN_0517,BNEN_G173,en,E4_codemix,0,0.12132985144853592,0,,,,
BNEN_0518,BNEN_G173,bn,E4_codemix,0,0.2770253121852875,1,,,,
BNEN_0519,BNEN_G173,bn-en,E4_codemix,0,0.2580706775188446,1,,,,
BNEN_0520,BNEN_G174,en,E4_codemix,0,0.0673089399933815,0,,,,
BNEN_0521,BNEN_G174,bn,E4_codemix,0,0.20684722065925598,0,,,,
BNEN_0522,BNEN_G174,bn-en,E4_codemix,0,0.31531769037246704,1,,,,
BNEN_0523,BNEN_G175,en,E4_codemix,0,0.9747061729431152,1,,,,
BNEN_0524,BNEN_G175,bn,E4_codemix,0,0.4430639147758484,1,,,,
BNEN_0525,BNEN_G175,bn-en,E4_codemix,0,0.9748127460479736,1,,,,
BNEN_0526,BNEN_G176,en,E4_codemix,0,0.05812445655465126,0,,,,
BNEN_0527,BNEN_G176,bn,E4_codemix,0,0.23156380653381348,1,,,,
BNEN_0528,BNEN_G176,bn-en,E4_codemix,0,0.10773686319589615,0,,,,
BNEN_0529,BNEN_G177,en,E4_codemix,0,0.054218973964452744,0,,,,
BNEN_0530,BNEN_G177,bn,E4_codemix,0,0.2009316384792328,0,,,,
BNEN_0531,BNEN_G177,bn-en,E4_codemix,0,0.1684725135564804,0,,,,
BNEN_0532,BNEN_G178,en,E4_codemix,0,0.9318345785140991,1,,,,
BNEN_0533,BNEN_G178,bn,E4_codemix,0,0.41471680998802185,1,,,,
BNEN_0534,BNEN_G178,bn-en,E4_codemix,0,0.23150977492332458,1,,,,
BNEN_0535,BNEN_G179,en,E4_codemix,0,0.05683038383722305,0,,,,
BNEN_0536,BNEN_G179,bn,E4_codemix,0,0.1883971095085144,0,,,,
BNEN_0537,BNEN_G179,bn-en,E4_codemix,0,0.22175639867782593,1,,,,
BNEN_0538,BNEN_G180,en,E4_codemix,0,0.12200852483510971,0,,,,
BNEN_0539,BNEN_G180,bn,E4_codemix,0,0.23335351049900055,1,,,,
BNEN_0540,BNEN_G180,bn-en,E4_codemix,0,0.13464149832725525,0,,,,
BNEN_0541,BNEN_G181,en,E4_codemix,0,0.052510954439640045,0,,,,
BNEN_0542,BNEN_G181,bn,E4_codemix,0,0.18810822069644928,0,,,,
BNEN_0543,BNEN_G181,bn-en,E4_codemix,0,0.21217581629753113,1,,,,
BNEN_0544,BNEN_G182,en,E4_codemix,0,0.8325760960578918,1,,,,
BNEN_0545,BNEN_G182,bn,E4_codemix,0,0.41601279377937317,1,,,,
BNEN_0546,BNEN_G182,bn-en,E4_codemix,0,0.9158627986907959,1,,,,
BNEN_0547,BNEN_G183,en,E4_codemix,0,0.05905311927199364,0,,,,
BNEN_0548,BNEN_G183,bn,E4_codemix,0,0.223062202334404,1,,,,
BNEN_0549,BNEN_G183,bn-en,E4_codemix,0,0.23171986639499664,1,,,,
BNEN_0550,BNEN_G184,en,E4_codemix,0,0.4593685269355774,1,,,,
BNEN_0551,BNEN_G184,bn,E4_codemix,0,0.4246215224266052,1,,,,
BNEN_0552,BNEN_G184,bn-en,E4_codemix,0,0.8235272765159607,1,,,,
BNEN_0553,BNEN_G185,en,E4_codemix,0,0.051579564809799194,0,,,,
BNEN_0554,BNEN_G185,bn,E4_codemix,0,0.22248230874538422,1,,,,
BNEN_0555,BNEN_G185,bn-en,E4_codemix,0,0.2362944781780243,1,,,,
BNEN_0556,BNEN_G186,en,E4_codemix,0,0.9338070154190063,1,,,,
BNEN_0557,BNEN_G186,bn,E4_codemix,0,0.4002511203289032,1,,,,
BNEN_0558,BNEN_G186,bn-en,E4_codemix,0,0.9432615637779236,1,,,,
BNEN_0559,BNEN_G187,en,E4_codemix,0,0.056644510477781296,0,,,,
BNEN_0560,BNEN_G187,bn,E4_codemix,0,0.22390232980251312,1,,,,
BNEN_0561,BNEN_G187,bn-en,E4_codemix,0,0.23467597365379333,1,,,,
BNEN_0562,BNEN_G188,en,E4_codemix,0,0.8924816250801086,1,,,,
BNEN_0563,BNEN_G188,bn,E4_codemix,0,0.42535001039505005,1,,,,
BNEN_0564,BNEN_G188,bn-en,E4_codemix,0,0.954642653465271,1,,,,
BNEN_0565,BNEN_G189,en,E4_codemix,0,0.05732099711894989,0,,,,
BNEN_0566,BNEN_G189,bn,E4_codemix,0,0.24354864656925201,1,,,,
BNEN_0567,BNEN_G189,bn-en,E4_codemix,0,0.22540424764156342,1,,,,
BNEN_0568,BNEN_G190,en,E4_codemix,0,0.9271050691604614,1,,,,
BNEN_0569,BNEN_G190,bn,E4_codemix,0,0.4432567059993744,1,,,,
BNEN_0570,BNEN_G190,bn-en,E4_codemix,0,0.2953791320323944,1,,,,
BNEN_0571,BNEN_G191,en,E4_codemix,0,0.12381146103143692,0,,,,
BNEN_0572,BNEN_G191,bn,E4_codemix,0,0.28645429015159607,1,,,,
BNEN_0573,BNEN_G191,bn-en,E4_codemix,0,0.32870224118232727,1,,,,
BNEN_0574,BNEN_G192,en,E4_codemix,0,0.8735072612762451,1,,,,
BNEN_0575,BNEN_G192,bn,E4_codemix,0,0.4312506914138794,1,,,,
BNEN_0576,BNEN_G192,bn-en,E4_codemix,0,0.40706658363342285,1,,,,
BNEN_0577,BNEN_G193,en,E4_codemix,0,0.04894666746258736,0,,,,
BNEN_0578,BNEN_G193,bn,E4_codemix,0,0.19068527221679688,0,,,,
BNEN_0579,BNEN_G193,bn-en,E4_codemix,0,0.23702196776866913,1,,,,
BNEN_0580,BNEN_G194,en,E4_codemix,0,0.0551215223968029,0,,,,
BNEN_0581,BNEN_G194,bn,E4_codemix,0,0.20840927958488464,0,,,,
BNEN_0582,BNEN_G194,bn-en,E4_codemix,0,0.09896273910999298,0,,,,
BNEN_0583,BNEN_G195,en,E4_codemix,0,0.1071489229798317,0,,,,
BNEN_0584,BNEN_G195,bn,E4_codemix,0,0.2738371193408966,1,,,,
BNEN_0585,BNEN_G195,bn-en,E4_codemix,0,0.2745680809020996,1,,,,
BNEN_0586,BNEN_G196,en,E4_codemix,0,0.07258021086454391,0,,,,
BNEN_0587,BNEN_G196,bn,E4_codemix,0,0.17988693714141846,0,,,,
BNEN_0588,BNEN_G196,bn-en,E4_codemix,0,0.09041095525026321,0,,,,
BNEN_0589,BNEN_G197,en,E4_codemix,0,0.09887366741895676,0,,,,
BNEN_0590,BNEN_G197,bn,E4_codemix,0,0.27983519434928894,1,,,,
BNEN_0591,BNEN_G197,bn-en,E4_codemix,0,0.32024091482162476,1,,,,
BNEN_0592,BNEN_G198,en,E4_codemix,0,0.05264948308467865,0,,,,
BNEN_0593,BNEN_G198,bn,E4_codemix,0,0.21293450891971588,1,,,,
BNEN_0594,BNEN_G198,bn-en,E4_codemix,0,0.1337219625711441,0,,,,
BNEN_0595,BNEN_G199,en,E4_codemix,0,0.9550144076347351,1,,,,
BNEN_0596,BNEN_G199,bn,E4_codemix,0,0.4101668894290924,1,,,,
BNEN_0597,BNEN_G199,bn-en,E4_codemix,0,0.45418205857276917,1,,,,
BNEN_0598,BNEN_G200,en,E4_codemix,0,0.0658094584941864,0,,,,
BNEN_0599,BNEN_G200,bn,E4_codemix,0,0.21222254633903503,1,,,,
BNEN_0600,BNEN_G200,bn-en,E4_codemix,0,0.3250432312488556,1,,,,
BNEN_0601,BNEN_G201,en,E4_codemix,0,0.8299786448478699,1,,,,
BNEN_0602,BNEN_G201,bn,E4_codemix,0,0.4195381700992584,1,,,,
BNEN_0603,BNEN_G201,bn-en,E4_codemix,0,0.3751336336135864,1,,,,
BNEN_0604,BNEN_G202,en,E4_codemix,0,0.09121239930391312,0,,,,
BNEN_0605,BNEN_G202,bn,E4_codemix,0,0.1780172735452652,0,,,,
BNEN_0606,BNEN_G202,bn-en,E4_codemix,0,0.14168299734592438,0,,,,
BNEN_0607,BNEN_G203,en,E4_codemix,0,0.9658687710762024,1,,,,
BNEN_0608,BNEN_G203,bn,E4_codemix,0,0.43564409017562866,1,,,,
BNEN_0609,BNEN_G203,bn-en,E4_codemix,0,0.47483405470848083,1,,,,
BNEN_0610,BNEN_G204,en,E4_codemix,0,0.055480774492025375,0,,,,
BNEN_0611,BNEN_G204,bn,E4_codemix,0,0.2344508171081543,1,,,,
BNEN_0612,BNEN_G204,bn-en,E4_codemix,0,0.11407207697629929,0,,,,
BNEN_0613,BNEN_G205,en,E4_codemix,0,0.054201800376176834,0,,,,
BNEN_0614,BNEN_G205,bn,E4_codemix,0,0.2521922290325165,1,,,,
BNEN_0615,BNEN_G205,bn-en,E4_codemix,0,0.15022917091846466,0,,,,
BNEN_0616,BNEN_G206,en,E4_codemix,0,0.9632017612457275,1,,,,
BNEN_0617,BNEN_G206,bn,E4_codemix,0,0.4107282757759094,1,,,,
BNEN_0618,BNEN_G206,bn-en,E4_codemix,0,0.9744869470596313,1,,,,
BNEN_0619,BNEN_G207,en,E4_codemix,0,0.057963401079177856,0,,,,
BNEN_0620,BNEN_G207,bn,E4_codemix,0,0.2090574949979782,0,,,,
BNEN_0621,BNEN_G207,bn-en,E4_codemix,0,0.13579541444778442,0,,,,
BNEN_0622,BNEN_G208,en,E4_codemix,0,0.2664048671722412,1,,,,
BNEN_0623,BNEN_G208,bn,E4_codemix,0,0.4474906027317047,1,,,,
BNEN_0624,BNEN_G208,bn-en,E4_codemix,0,0.929406464099884,1,,,,
BNEN_0625,BNEN_G209,en,E4_codemix,0,0.05140349268913269,0,,,,
BNEN_0626,BNEN_G209,bn,E4_codemix,0,0.18996275961399078,0,,,,
BNEN_0627,BNEN_G209,bn-en,E4_codemix,0,0.272259920835495,1,,,,
BNEN_0628,BNEN_G210,en,E4_codemix,0,0.05226441100239754,0,,,,
BNEN_0629,BNEN_G210,bn,E4_codemix,0,0.21470241248607635,1,,,,
BNEN_0630,BNEN_G210,bn-en,E4_codemix,0,0.07937957346439362,0,,,,
BNEN_0631,BNEN_G211,en,E4_codemix,0,0.9564557671546936,1,,,,
BNEN_0632,BNEN_G211,bn,E4_codemix,0,0.5737332701683044,1,,,,
BNEN_0633,BNEN_G211,bn-en,E4_codemix,0,0.8563312292098999,1,,,,
BNEN_0634,BNEN_G212,en,E4_codemix,0,0.06961476057767868,0,,,,
BNEN_0635,BNEN_G212,bn,E4_codemix,0,0.2060214877128601,0,,,,
BNEN_0636,BNEN_G212,bn-en,E4_codemix,0,0.117838054895401,0,,,,
BNEN_0637,BNEN_G213,en,E4_codemix,0,0.06065890192985535,0,,,,
BNEN_0638,BNEN_G213,bn,E4_codemix,0,0.3994212746620178,1,,,,
BNEN_0639,BNEN_G213,bn-en,E4_codemix,0,0.455752432346344,1,,,,
BNEN_0640,BNEN_G214,en,E4_codemix,0,0.644244372844696,1,,,,
BNEN_0641,BNEN_G214,bn,E4_codemix,0,0.3763335347175598,1,,,,
BNEN_0642,BNEN_G214,bn-en,E4_codemix,0,0.28488174080848694,1,,,,
BNEN_0643,BNEN_G215,en,E4_codemix,0,0.08860485255718231,0,,,,
BNEN_0644,BNEN_G215,bn,E4_codemix,0,0.24799655377864838,1,,,,
BNEN_0645,BNEN_G215,bn-en,E4_codemix,0,0.3007018268108368,1,,,,
BNEN_0646,BNEN_G216,en,E4_codemix,0,0.052102360874414444,0,,,,
BNEN_0647,BNEN_G216,bn,E4_codemix,0,0.20878182351589203,0,,,,
BNEN_0648,BNEN_G216,bn-en,E4_codemix,0,0.08424348384141922,0,,,,
BNEN_0649,BNEN_G217,en,E4_codemix,0,0.07708429545164108,0,,,,
BNEN_0650,BNEN_G217,bn,E4_codemix,0,0.16066201031208038,0,,,,
BNEN_0651,BNEN_G217,bn-en,E4_codemix,0,0.21760453283786774,1,,,,
BNEN_0652,BNEN_G218,en,E4_codemix,0,0.9333345293998718,1,,,,
BNEN_0653,BNEN_G218,bn,E4_codemix,0,0.38830429315567017,1,,,,
BNEN_0654,BNEN_G218,bn-en,E4_codemix,0,0.869400680065155,1,,,,
BNEN_0655,BNEN_G219,en,E4_codemix,0,0.05361316353082657,0,,,,
BNEN_0656,BNEN_G219,bn,E4_codemix,0,0.17854785919189453,0,,,,
BNEN_0657,BNEN_G219,bn-en,E4_codemix,0,0.1898069977760315,0,,,,
BNEN_0658,BNEN_G220,en,E4_codemix,0,0.05544924736022949,0,,,,
BNEN_0659,BNEN_G220,bn,E4_codemix,0,0.20753002166748047,0,,,,
BNEN_0660,BNEN_G220,bn-en,E4_codemix,0,0.1295722872018814,0,,,,
BNEN_0661,BNEN_G221,en,E4_codemix,0,0.07732396572828293,0,,,,
BNEN_0662,BNEN_G221,bn,E4_codemix,0,0.17694392800331116,0,,,,
BNEN_0663,BNEN_G221,bn-en,E4_codemix,0,0.3006543219089508,1,,,,
BNEN_0664,BNEN_G222,en,E4_codemix,0,0.21188785135746002,1,,,,
BNEN_0665,BNEN_G222,bn,E4_codemix,0,0.41026395559310913,1,,,,
BNEN_0666,BNEN_G222,bn-en,E4_codemix,0,0.11113161593675613,0,,,,
BNEN_0667,BNEN_G223,en,E4_codemix,0,0.06511898338794708,0,,,,
BNEN_0668,BNEN_G223,bn,E4_codemix,0,0.18471573293209076,0,,,,
BNEN_0669,BNEN_G223,bn-en,E4_codemix,0,0.28751346468925476,1,,,,
BNEN_0670,BNEN_G224,en,E4_codemix,0,0.05374166741967201,0,,,,
BNEN_0671,BNEN_G224,bn,E4_codemix,0,0.21033591032028198,0,,,,
BNEN_0672,BNEN_G224,bn-en,E4_codemix,0,0.08980867266654968,0,,,,
BNEN_0673,BNEN_G225,en,E4_codemix,0,0.9478408694267273,1,,,,
BNEN_0674,BNEN_G225,bn,E4_codemix,0,0.380846232175827,1,,,,
BNEN_0675,BNEN_G225,bn-en,E4_codemix,0,0.49399107694625854,1,,,,
BNEN_0676,BNEN_G226,en,E4_codemix,0,0.06813515722751617,0,,,,
BNEN_0677,BNEN_G226,bn,E4_codemix,0,0.1772870421409607,0,,,,
BNEN_0678,BNEN_G226,bn-en,E4_codemix,0,0.26108574867248535,1,,,,
BNEN_0679,BNEN_G227,en,E4_codemix,0,0.10489332675933838,0,,,,
BNEN_0680,BNEN_G227,bn,E4_codemix,0,0.22656522691249847,1,,,,
BNEN_0681,BNEN_G227,bn-en,E4_codemix,0,0.27295777201652527,1,,,,
BNEN_0682,BNEN_G228,en,E4_codemix,0,0.9246358275413513,1,,,,
BNEN_0683,BNEN_G228,bn,E4_codemix,0,0.4494636058807373,1,,,,
BNEN_0684,BNEN_G228,bn-en,E4_codemix,0,0.9709104299545288,1,,,,
BNEN_0685,BNEN_G229,en,E4_codemix,0,0.07450705021619797,0,,,,
BNEN_0686,BNEN_G229,bn,E4_codemix,0,0.23047998547554016,1,,,,
BNEN_0687,BNEN_G229,bn-en,E4_codemix,0,0.19729644060134888,0,,,,
BNEN_0688,BNEN_G230,en,E4_codemix,0,0.06448854506015778,0,,,,
BNEN_0689,BNEN_G230,bn,E4_codemix,0,0.23200233280658722,1,,,,
BNEN_0690,BNEN_G230,bn-en,E4_codemix,0,0.9196642637252808,1,,,,
BNEN_0691,BNEN_G231,en,E4_codemix,0,0.9747025370597839,1,,,,
BNEN_0692,BNEN_G231,bn,E4_codemix,0,0.4878830909729004,1,,,,
BNEN_0693,BNEN_G231,bn-en,E4_codemix,0,0.5297951698303223,1,,,,
BNEN_0694,BNEN_G232,en,E4_codemix,0,0.06457427144050598,0,,,,
BNEN_0695,BNEN_G232,bn,E4_codemix,0,0.19331780076026917,0,,,,
BNEN_0696,BNEN_G232,bn-en,E4_codemix,0,0.10176017880439758,0,,,,
BNEN_0697,BNEN_G233,en,E4_codemix,0,0.06612528860569,0,,,,
BNEN_0698,BNEN_G233,bn,E4_codemix,0,0.2656709849834442,1,,,,
BNEN_0699,BNEN_G233,bn-en,E4_codemix,0,0.5944050550460815,1,,,,
BNEN_0700,BNEN_G234,en,E4_codemix,0,0.21453514695167542,1,,,,
BNEN_0701,BNEN_G234,bn,E4_codemix,0,0.2752437889575958,1,,,,
BNEN_0702,BNEN_G234,bn-en,E4_codemix,0,0.9569298624992371,1,,,,
BNEN_0703,BNEN_G235,en,E4_codemix,0,0.1549549698829651,0,,,,
BNEN_0704,BNEN_G235,bn,E4_codemix,0,0.2882424592971802,1,,,,
BNEN_0705,BNEN_G235,bn-en,E4_codemix,0,0.2917415499687195,1,,,,
BNEN_0706,BNEN_G236,en,E4_codemix,0,0.07092151790857315,0,,,,
BNEN_0707,BNEN_G236,bn,E4_codemix,0,0.2148716002702713,1,,,,
BNEN_0708,BNEN_G236,bn-en,E4_codemix,0,0.9383694529533386,1,,,,
BNEN_0709,BNEN_G237,en,E4_codemix,0,0.12926353514194489,0,,,,
BNEN_0710,BNEN_G237,bn,E4_codemix,0,0.22510243952274323,1,,,,
BNEN_0711,BNEN_G237,bn-en,E4_codemix,0,0.3223706781864166,1,,,,
BNEN_0712,BNEN_G238,en,E4_codemix,0,0.91749507188797,1,,,,
BNEN_0713,BNEN_G238,bn,E4_codemix,0,0.41303664445877075,1,,,,
BNEN_0714,BNEN_G238,bn-en,E4_codemix,0,0.8173459768295288,1,,,,
BNEN_0715,BNEN_G239,en,E4_codemix,0,0.11286740750074387,0,,,,
BNEN_0716,BNEN_G239,bn,E4_codemix,0,0.28597506880760193,1,,,,
BNEN_0717,BNEN_G239,bn-en,E4_codemix,0,0.7401731014251709,1,,,,
BNEN_0718,BNEN_G240,en,E4_codemix,0,0.12158180773258209,0,,,,
BNEN_0719,BNEN_G240,bn,E4_codemix,0,0.25306639075279236,1,,,,
BNEN_0720,BNEN_G240,bn-en,E4_codemix,0,0.9606512188911438,1,,,,
BNEN_0721,BNEN_G241,en,E4_codemix,0,0.06422777473926544,0,,,,
BNEN_0722,BNEN_G241,bn,E4_codemix,0,0.24296057224273682,1,,,,
BNEN_0723,BNEN_G241,bn-en,E4_codemix,0,0.13612797856330872,0,,,,
BNEN_0724,BNEN_G242,en,E4_codemix,0,0.9766553640365601,1,,,,
BNEN_0725,BNEN_G242,bn,E4_codemix,0,0.4611203074455261,1,,,,
BNEN_0726,BNEN_G242,bn-en,E4_codemix,0,0.7315418124198914,1,,,,
BNEN_0727,BNEN_G243,en,E4_codemix,0,0.06681818515062332,0,,,,
BNEN_0728,BNEN_G243,bn,E4_codemix,0,0.24992167949676514,1,,,,
BNEN_0729,BNEN_G243,bn-en,E4_codemix,0,0.08637851476669312,0,,,,
BNEN_0730,BNEN_G244,en,E4_codemix,0,0.10922513902187347,0,,,,
BNEN_0731,BNEN_G244,bn,E4_codemix,0,0.20101390779018402,0,,,,
BNEN_0732,BNEN_G244,bn-en,E4_codemix,0,0.20579318702220917,0,,,,
BNEN_0733,BNEN_G245,en,E4_codemix,0,0.9583122134208679,1,,,,
BNEN_0734,BNEN_G245,bn,E4_codemix,0,0.46157968044281006,1,,,,
BNEN_0735,BNEN_G245,bn-en,E4_codemix,0,0.96317458152771,1,,,,
BNEN_0736,BNEN_G246,en,E4_codemix,0,0.5700501799583435,1,,,,
BNEN_0737,BNEN_G246,bn,E4_codemix,0,0.4501226544380188,1,,,,
BNEN_0738,BNEN_G246,bn-en,E4_codemix,0,0.8705193996429443,1,,,,
BNEN_0739,BNEN_G247,en,E4_codemix,0,0.08709003776311874,0,,,,
BNEN_0740,BNEN_G247,bn,E4_codemix,0,0.2611500024795532,1,,,,
BNEN_0741,BNEN_G247,bn-en,E4_codemix,0,0.1322435587644577,0,,,,
BNEN_0742,BNEN_G248,en,E4_codemix,0,0.0919066071510315,0,,,,
BNEN_0743,BNEN_G248,bn,E4_codemix,0,0.23109884560108185,1,,,,
BNEN_0744,BNEN_G248,bn-en,E4_codemix,0,0.2988324761390686,1,,,,
BNEN_0745,BNEN_G249,en,E4_codemix,0,0.9401668906211853,1,,,,
BNEN_0746,BNEN_G249,bn,E4_codemix,0,0.39696136116981506,1,,,,
BNEN_0747,BNEN_G249,bn-en,E4_codemix,0,0.963396430015564,1,,,,
BNEN_0748,BNEN_G250,en,E4_codemix,0,0.9688976407051086,1,,,,
BNEN_0749,BNEN_G250,bn,E4_codemix,0,0.4589826166629791,1,,,,
BNEN_0750,BNEN_G250,bn-en,E4_codemix,0,0.7606884837150574,1,,,,
BNEN_0751,BNEN_G251,en,E4_codemix,0,0.05452737957239151,0,,,,
BNEN_0752,BNEN_G251,bn,E4_codemix,0,0.2273666262626648,1,,,,
BNEN_0753,BNEN_G251,bn-en,E4_codemix,0,0.10786253213882446,0,,,,
BNEN_0754,BNEN_G252,en,E4_codemix,0,0.062322478741407394,0,,,,
BNEN_0755,BNEN_G252,bn,E4_codemix,0,0.17456094920635223,0,,,,
BNEN_0756,BNEN_G252,bn-en,E4_codemix,0,0.12549829483032227,0,,,,
BNEN_0757,BNEN_G253,en,E4_codemix,0,0.049492210149765015,0,,,,
BNEN_0758,BNEN_G253,bn,E4_codemix,0,0.16322924196720123,0,,,,
BNEN_0759,BNEN_G253,bn-en,E4_codemix,0,0.11305204778909683,0,,,,
BNEN_0760,BNEN_G254,en,E4_codemix,0,0.9105287790298462,1,,,,
BNEN_0761,BNEN_G254,bn,E4_codemix,0,0.4586651921272278,1,,,,
BNEN_0762,BNEN_G254,bn-en,E4_codemix,0,0.9519816637039185,1,,,,
BNEN_0763,BNEN_G255,en,E4_codemix,0,0.07929317653179169,0,,,,
BNEN_0764,BNEN_G255,bn,E4_codemix,0,0.24104425311088562,1,,,,
BNEN_0765,BNEN_G255,bn-en,E4_codemix,0,0.5878185629844666,1,,,,
BNEN_0766,BNEN_G256,en,E4_codemix,0,0.05914328992366791,0,,,,
BNEN_0767,BNEN_G256,bn,E4_codemix,0,0.20238202810287476,0,,,,
BNEN_0768,BNEN_G256,bn-en,E4_codemix,0,0.13355529308319092,0,,,,
BNEN_0769,BNEN_G257,en,E4_codemix,0,0.7733857035636902,1,,,,
BNEN_0770,BNEN_G257,bn,E4_codemix,0,0.43216291069984436,1,,,,
BNEN_0771,BNEN_G257,bn-en,E4_codemix,0,0.6506543755531311,1,,,,
BNEN_0772,BNEN_G258,en,E4_codemix,0,0.050478268414735794,0,,,,
BNEN_0773,BNEN_G258,bn,E4_codemix,0,0.2047044187784195,0,,,,
BNEN_0774,BNEN_G258,bn-en,E4_codemix,0,0.19784565269947052,0,,,,
BNEN_0775,BNEN_G259,en,E4_codemix,0,0.06622716784477234,0,,,,
BNEN_0776,BNEN_G259,bn,E4_codemix,0,0.16707533597946167,0,,,,
BNEN_0777,BNEN_G259,bn-en,E4_codemix,0,0.10275295376777649,0,,,,
BNEN_0778,BNEN_G260,en,E4_codemix,0,0.4157111346721649,1,,,,
BNEN_0779,BNEN_G260,bn,E4_codemix,0,0.44463494420051575,1,,,,
BNEN_0780,BNEN_G260,bn-en,E4_codemix,0,0.8886415958404541,1,,,,
BNEN_0781,BNEN_G261,en,E4_codemix,0,0.04934278130531311,0,,,,
BNEN_0782,BNEN_G261,bn,E4_codemix,0,0.23527519404888153,1,,,,
BNEN_0783,BNEN_G261,bn-en,E4_codemix,0,0.17011332511901855,0,,,,
BNEN_0784,BNEN_G262,en,E4_codemix,0,0.05071347951889038,0,,,,
BNEN_0785,BNEN_G262,bn,E4_codemix,0,0.21285225450992584,1,,,,
BNEN_0786,BNEN_G262,bn-en,E4_codemix,0,0.10434751212596893,0,,,,
BNEN_0787,BNEN_G263,en,E4_codemix,0,0.6833899617195129,1,,,,
BNEN_0788,BNEN_G263,bn,E4_codemix,0,0.4343198835849762,1,,,,
BNEN_0789,BNEN_G263,bn-en,E4_codemix,0,0.8559662699699402,1,,,,
BNEN_0790,BNEN_G264,en,E4_codemix,0,0.0587117075920105,0,,,,
BNEN_0791,BNEN_G264,bn,E4_codemix,0,0.20668432116508484,0,,,,
BNEN_0792,BNEN_G264,bn-en,E4_codemix,0,0.16056013107299805,0,,,,
BNEN_0793,BNEN_G265,en,E4_codemix,0,0.05569549277424812,0,,,,
BNEN_0794,BNEN_G265,bn,E4_codemix,0,0.20935995876789093,0,,,,
BNEN_0795,BNEN_G265,bn-en,E4_codemix,0,0.137801855802536,0,,,,
BNEN_0796,BNEN_G266,en,E4_codemix,0,0.3442421853542328,1,,,,
BNEN_0797,BNEN_G266,bn,E4_codemix,0,0.41017329692840576,1,,,,
BNEN_0798,BNEN_G266,bn-en,E4_codemix,0,0.8881201148033142,1,,,,
BNEN_0799,BNEN_G267,en,E4_codemix,0,0.065325066447258,0,,,,
BNEN_0800,BNEN_G267,bn,E4_codemix,0,0.20481108129024506,0,,,,
BNEN_0801,BNEN_G267,bn-en,E4_codemix,0,0.2692154347896576,1,,,,
BNEN_0802,BNEN_G268,en,E4_codemix,0,0.9505172967910767,1,,,,
BNEN_0803,BNEN_G268,bn,E4_codemix,0,0.4010689854621887,1,,,,
BNEN_0804,BNEN_G268,bn-en,E4_codemix,0,0.9235430359840393,1,,,,
BNEN_0805,BNEN_G269,en,E4_codemix,0,0.050433509051799774,0,,,,
BNEN_0806,BNEN_G269,bn,E4_codemix,0,0.19426016509532928,0,,,,
BNEN_0807,BNEN_G269,bn-en,E4_codemix,0,0.13006845116615295,0,,,,
BNEN_0808,BNEN_G270,en,E4_codemix,0,0.060404349118471146,0,,,,
BNEN_0809,BNEN_G270,bn,E4_codemix,0,0.19404226541519165,0,,,,
BNEN_0810,BNEN_G270,bn-en,E4_codemix,0,0.14015167951583862,0,,,,
BNEN_0811,BNEN_G271,en,E4_codemix,0,0.05141986161470413,0,,,,
BNEN_0812,BNEN_G271,bn,E4_codemix,0,0.2295975387096405,1,,,,
BNEN_0813,BNEN_G271,bn-en,E4_codemix,0,0.18446969985961914,0,,,,
BNEN_0814,BNEN_G272,en,E4_codemix,0,0.058355048298835754,0,,,,
BNEN_0815,BNEN_G272,bn,E4_codemix,0,0.20772334933280945,0,,,,
BNEN_0816,BNEN_G272,bn-en,E4_codemix,0,0.08683740347623825,0,,,,
BNEN_0817,BNEN_G273,en,E4_codemix,0,0.9342015981674194,1,,,,
BNEN_0818,BNEN_G273,bn,E4_codemix,0,0.43100807070732117,1,,,,
BNEN_0819,BNEN_G273,bn-en,E4_codemix,0,0.965880811214447,1,,,,
BNEN_0820,BNEN_G274,en,E4_codemix,0,0.053193408995866776,0,,,,
BNEN_0821,BNEN_G274,bn,E4_codemix,0,0.20980049669742584,0,,,,
BNEN_0822,BNEN_G274,bn-en,E4_codemix,0,0.11653465777635574,0,,,,
BNEN_0823,BNEN_G275,en,E4_codemix,0,0.051789749413728714,0,,,,
BNEN_0824,BNEN_G275,bn,E4_codemix,0,0.41973087191581726,1,,,,
BNEN_0825,BNEN_G275,bn-en,E4_codemix,0,0.2200620174407959,1,,,,
BNEN_0826,BNEN_G276,en,E4_codemix,0,0.5272149443626404,1,,,,
BNEN_0827,BNEN_G276,bn,E4_codemix,0,0.45177164673805237,1,,,,
BNEN_0828,BNEN_G276,bn-en,E4_codemix,0,0.9676730036735535,1,,,,
BNEN_0829,BNEN_G277,en,E4_codemix,0,0.06902843713760376,0,,,,
BNEN_0830,BNEN_G277,bn,E4_codemix,0,0.20402921736240387,0,,,,
BNEN_0831,BNEN_G277,bn-en,E4_codemix,0,0.10461138188838959,0,,,,
BNEN_0832,BNEN_G278,en,E4_codemix,0,0.057513169944286346,0,,,,
BNEN_0833,BNEN_G278,bn,E4_codemix,0,0.21528275310993195,1,,,,
BNEN_0834,BNEN_G278,bn-en,E4_codemix,0,0.09704296290874481,0,,,,
BNEN_0835,BNEN_G279,en,E4_codemix,0,0.7526751160621643,1,,,,
BNEN_0836,BNEN_G279,bn,E4_codemix,0,0.4108535051345825,1,,,,
BNEN_0837,BNEN_G279,bn-en,E4_codemix,0,0.9453058242797852,1,,,,
BNEN_0838,BNEN_G280,en,E4_codemix,0,0.0830581858754158,0,,,,
BNEN_0839,BNEN_G280,bn,E4_codemix,0,0.1792113035917282,0,,,,
BNEN_0840,BNEN_G280,bn-en,E4_codemix,0,0.0882825031876564,0,,,,
BNEN_0841,BNEN_G281,en,E4_codemix,0,0.05081550404429436,0,,,,
BNEN_0842,BNEN_G281,bn,E4_codemix,0,0.1762571930885315,0,,,,
BNEN_0843,BNEN_G281,bn-en,E4_codemix,0,0.16653326153755188,0,,,,
BNEN_0844,BNEN_G282,en,E4_codemix,0,0.8008300065994263,1,,,,
BNEN_0845,BNEN_G282,bn,E4_codemix,0,0.4335995018482208,1,,,,
BNEN_0846,BNEN_G282,bn-en,E4_codemix,0,0.7592820525169373,1,,,,
BNEN_0847,BNEN_G283,en,E4_codemix,0,0.06033150851726532,0,,,,
BNEN_0848,BNEN_G283,bn,E4_codemix,0,0.19693545997142792,0,,,,
BNEN_0849,BNEN_G283,bn-en,E4_codemix,0,0.17166997492313385,0,,,,
BNEN_0850,BNEN_G284,en,E4_codemix,0,0.053869254887104034,0,,,,
BNEN_0851,BNEN_G284,bn,E4_codemix,0,0.2324366569519043,1,,,,
BNEN_0852,BNEN_G284,bn-en,E4_codemix,0,0.20089749991893768,0,,,,
BNEN_0853,BNEN_G285,en,E4_codemix,0,0.05067019164562225,0,,,,
BNEN_0854,BNEN_G285,bn,E4_codemix,0,0.20862609148025513,0,,,,
BNEN_0855,BNEN_G285,bn-en,E4_codemix,0,0.3666180968284607,1,,,,
BNEN_0856,BNEN_G286,en,E4_codemix,0,0.9494291543960571,1,,,,
BNEN_0857,BNEN_G286,bn,E4_codemix,0,0.39501363039016724,1,,,,
BNEN_0858,BNEN_G286,bn-en,E4_codemix,0,0.9556599259376526,1,,,,
BNEN_0859,BNEN_G287,en,E4_codemix,0,0.05725913867354393,0,,,,
BNEN_0860,BNEN_G287,bn,E4_codemix,0,0.20346537232398987,0,,,,
BNEN_0861,BNEN_G287,bn-en,E4_codemix,0,0.2284330576658249,1,,,,
BNEN_0862,BNEN_G288,en,E4_codemix,0,0.056753575801849365,0,,,,
BNEN_0863,BNEN_G288,bn,E4_codemix,0,0.18491792678833008,0,,,,
BNEN_0864,BNEN_G288,bn-en,E4_codemix,0,0.08202552795410156,0,,,,
BNEN_0865,BNEN_G289,en,E4_codemix,0,0.5822576284408569,1,,,,
BNEN_0866,BNEN_G289,bn,E4_codemix,0,0.43677353858947754,1,,,,
BNEN_0867,BNEN_G289,bn-en,E4_codemix,0,0.9537423849105835,1,,,,
BNEN_0868,BNEN_G290,en,E4_codemix,0,0.5870074033737183,1,,,,
BNEN_0869,BNEN_G290,bn,E4_codemix,0,0.37819117307662964,1,,,,
BNEN_0870,BNEN_G290,bn-en,E4_codemix,0,0.7301508784294128,1,,,,
BNEN_0871,BNEN_G291,en,E4_codemix,0,0.0654432401061058,0,,,,
BNEN_0872,BNEN_G291,bn,E4_codemix,0,0.22322474420070648,1,,,,
BNEN_0873,BNEN_G291,bn-en,E4_codemix,0,0.4242052733898163,1,,,,
BNEN_0874,BNEN_G292,en,E4_codemix,0,0.05890777334570885,0,,,,
BNEN_0875,BNEN_G292,bn,E4_codemix,0,0.404060035943985,1,,,,
BNEN_0876,BNEN_G292,bn-en,E4_codemix,0,0.9425891637802124,1,,,,
BNEN_0877,BNEN_G293,en,E4_codemix,0,0.7641019821166992,1,,,,
BNEN_0878,BNEN_G293,bn,E4_codemix,0,0.4237903356552124,1,,,,
BNEN_0879,BNEN_G293,bn-en,E4_codemix,0,0.3835926949977875,1,,,,
BNEN_0880,BNEN_G294,en,E4_codemix,0,0.05274531990289688,0,,,,
BNEN_0881,BNEN_G294,bn,E4_codemix,0,0.19451236724853516,0,,,,
BNEN_0882,BNEN_G294,bn-en,E4_codemix,0,0.09901320189237595,0,,,,
BNEN_0883,BNEN_G295,en,E4_codemix,0,0.05868656188249588,0,,,,
BNEN_0884,BNEN_G295,bn,E4_codemix,0,0.20334811508655548,0,,,,
BNEN_0885,BNEN_G295,bn-en,E4_codemix,0,0.10019775480031967,0,,,,
BNEN_0886,BNEN_G296,en,E4_codemix,0,0.6112845540046692,1,,,,
BNEN_0887,BNEN_G296,bn,E4_codemix,0,0.4444790482521057,1,,,,
BNEN_0888,BNEN_G296,bn-en,E4_codemix,0,0.449720561504364,1,,,,
BNEN_0889,BNEN_G297,en,E4_codemix,0,0.06930260360240936,0,,,,
BNEN_0890,BNEN_G297,bn,E4_codemix,0,0.19925493001937866,0,,,,
BNEN_0891,BNEN_G297,bn-en,E4_codemix,0,0.11467292159795761,0,,,,
BNEN_0892,BNEN_G298,en,E4_codemix,0,0.07387831062078476,0,,,,
BNEN_0893,BNEN_G298,bn,E4_codemix,0,0.21662884950637817,1,,,,
BNEN_0894,BNEN_G298,bn-en,E4_codemix,0,0.21208983659744263,1,,,,
BNEN_0895,BNEN_G299,en,E4_codemix,0,0.875980019569397,1,,,,
BNEN_0896,BNEN_G299,bn,E4_codemix,0,0.4105551838874817,1,,,,
BNEN_0897,BNEN_G299,bn-en,E4_codemix,0,0.9160565137863159,1,,,,
BNEN_0898,BNEN_G300,en,E4_codemix,0,0.06317725032567978,0,,,,
BNEN_0899,BNEN_G300,bn,E4_codemix,0,0.22877733409404755,1,,,,
BNEN_0900,BNEN_G300,bn-en,E4_codemix,0,0.3238716125488281,1,,,,
D2_00001,G_00662,en,E5_crossdataset,1,0.977813720703125,1,,,,
D2_00002,G_00663,en,E5_crossdataset,1,0.9747739434242249,1,,,,
D2_00003,G_00664,en,E5_crossdataset,1,0.971814751625061,1,,,,
D2_00004,G_00665,en,E5_crossdataset,1,0.935675859451294,1,,,,
D2_00005,G_00666,en,E5_crossdataset,1,0.9620130062103271,1,,,,
D2_00006,G_00667,en,E5_crossdataset,1,0.9502864480018616,1,,,,
D2_00007,G_00668,en,E5_crossdataset,1,0.9725446701049805,1,,,,
D2_00008,G_00669,en,E5_crossdataset,1,0.9753955006599426,1,,,,
D2_00009,G_00670,en,E5_crossdataset,1,0.39837369322776794,1,,,,
D2_00010,G_00671,en,E5_crossdataset,1,0.9718043208122253,1,,,,
D2_00011,G_00672,en,E5_crossdataset,1,0.9746543169021606,1,,,,
D2_00012,G_00673,en,E5_crossdataset,1,0.9766106605529785,1,,,,
D2_00013,G_00674,en,E5_crossdataset,1,0.9769869446754456,1,,,,
D2_00014,G_00675,en,E5_crossdataset,1,0.9752649664878845,1,,,,
D2_00015,G_00676,en,E5_crossdataset,1,0.9759429097175598,1,,,,
D2_00016,G_00677,en,E5_crossdataset,1,0.977464497089386,1,,,,
D2_00017,G_00678,en,E5_crossdataset,1,0.976434588432312,1,,,,
D2_00018,G_00679,en,E5_crossdataset,1,0.9779038429260254,1,,,,
D2_00019,G_00680,en,E5_crossdataset,1,0.9775041341781616,1,,,,
D2_00020,G_00681,en,E5_crossdataset,1,0.9763785600662231,1,,,,
D2_00021,G_00682,en,E5_crossdataset,1,0.0976741686463356,0,,,,
D2_00022,G_00683,en,E5_crossdataset,1,0.9797238111495972,1,,,,
D2_00023,G_00684,en,E5_crossdataset,1,0.9746724367141724,1,,,,
D2_00024,G_00685,en,E5_crossdataset,1,0.9655416011810303,1,,,,
D2_00025,G_00686,en,E5_crossdataset,1,0.9728097915649414,1,,,,
D2_00026,G_00687,en,E5_crossdataset,1,0.9601094722747803,1,,,,
D2_00027,G_00688,en,E5_crossdataset,1,0.9419444799423218,1,,,,
D2_00028,G_00689,en,E5_crossdataset,1,0.9640031456947327,1,,,,
D2_00029,G_00690,en,E5_crossdataset,1,0.9742127656936646,1,,,,
D2_00030,G_00691,en,E5_crossdataset,1,0.9779195785522461,1,,,,
D2_00031,G_00692,en,E5_crossdataset,1,0.43390849232673645,1,,,,
D2_00032,G_00693,en,E5_crossdataset,1,0.9730094075202942,1,,,,
D2_00033,G_00694,en,E5_crossdataset,1,0.9702222943305969,1,,,,
D2_00034,G_00695,en,E5_crossdataset,1,0.9690653681755066,1,,,,
D2_00035,G_00696,en,E5_crossdataset,1,0.9718870520591736,1,,,,
D2_00036,G_00697,en,E5_crossdataset,1,0.9745334982872009,1,,,,
D2_00037,G_00698,en,E5_crossdataset,1,0.9672949314117432,1,,,,
D2_00038,G_00699,en,E5_crossdataset,1,0.9767075181007385,1,,,,
D2_00039,G_00700,en,E5_crossdataset,1,0.9396492838859558,1,,,,
D2_00040,G_00701,en,E5_crossdataset,1,0.5395750999450684,1,,,,
D2_00041,G_00702,en,E5_crossdataset,1,0.748964786529541,1,,,,
D2_00042,G_00703,en,E5_crossdataset,1,0.9712473750114441,1,,,,
D2_00043,G_00704,en,E5_crossdataset,1,0.9765546321868896,1,,,,
D2_00044,G_00705,en,E5_crossdataset,1,0.973502516746521,1,,,,
D2_00045,G_00706,en,E5_crossdataset,1,0.20612850785255432,0,,,,
D2_00046,G_00707,en,E5_crossdataset,1,0.9761900305747986,1,,,,
D2_00047,G_00708,en,E5_crossdataset,1,0.9545708298683167,1,,,,
D2_00048,G_00709,en,E5_crossdataset,1,0.9236732125282288,1,,,,
D2_00049,G_00710,en,E5_crossdataset,1,0.1156628429889679,0,,,,
D2_00050,G_00711,en,E5_crossdataset,1,0.9664934277534485,1,,,,
D2_00051,G_00712,en,E5_crossdataset,1,0.979729413986206,1,,,,
D2_00052,G_00713,en,E5_crossdataset,1,0.9706208109855652,1,,,,
D2_00053,G_00714,en,E5_crossdataset,1,0.9709732532501221,1,,,,
D2_00054,G_00715,en,E5_crossdataset,1,0.3466114401817322,1,,,,
D2_00055,G_00716,en,E5_crossdataset,1,0.9756137728691101,1,,,,
D2_00056,G_00717,en,E5_crossdataset,1,0.9731813073158264,1,,,,
D2_00057,G_00718,en,E5_crossdataset,1,0.9177606105804443,1,,,,
D2_00058,G_00719,en,E5_crossdataset,1,0.9735711216926575,1,,,,
D2_00059,G_00720,en,E5_crossdataset,1,0.9214246869087219,1,,,,
D2_00060,G_00721,en,E5_crossdataset,1,0.620827853679657,1,,,,
D2_00061,G_00722,en,E5_crossdataset,1,0.8905606865882874,1,,,,
D2_00062,G_00723,en,E5_crossdataset,1,0.9745124578475952,1,,,,
D2_00063,G_00724,en,E5_crossdataset,1,0.9782158732414246,1,,,,
D2_00064,G_00725,en,E5_crossdataset,1,0.961401104927063,1,,,,
D2_00065,G_00726,en,E5_crossdataset,1,0.9780358672142029,1,,,,
D2_00066,G_00727,en,E5_crossdataset,1,0.9747074246406555,1,,,,
D2_00067,G_00728,en,E5_crossdataset,1,0.9680882692337036,1,,,,
D2_00068,G_00729,en,E5_crossdataset,1,0.9709586501121521,1,,,,
D2_00069,G_00730,en,E5_crossdataset,1,0.9742039442062378,1,,,,
D2_00070,G_00731,en,E5_crossdataset,1,0.9768749475479126,1,,,,
D2_00071,G_00732,en,E5_crossdataset,1,0.9781243801116943,1,,,,
D2_00072,G_00733,en,E5_crossdataset,1,0.9656314849853516,1,,,,
D2_00073,G_00734,en,E5_crossdataset,1,0.9758076071739197,1,,,,
D2_00074,G_00735,en,E5_crossdataset,1,0.9694627523422241,1,,,,
D2_00075,G_00736,en,E5_crossdataset,1,0.9747282862663269,1,,,,
D2_00076,G_00737,en,E5_crossdataset,1,0.9670168161392212,1,,,,
D2_00077,G_00738,en,E5_crossdataset,1,0.49569982290267944,1,,,,
D2_00078,G_00739,en,E5_crossdataset,1,0.25971508026123047,1,,,,
D2_00079,G_00740,en,E5_crossdataset,1,0.9748719930648804,1,,,,
D2_00080,G_00741,en,E5_crossdataset,1,0.9764056205749512,1,,,,
D2_00081,G_00742,en,E5_crossdataset,1,0.9750593304634094,1,,,,
D2_00082,G_00743,en,E5_crossdataset,1,0.12660755217075348,0,,,,
D2_00083,G_00744,en,E5_crossdataset,1,0.9791608452796936,1,,,,
D2_00084,G_00745,en,E5_crossdataset,1,0.9696140289306641,1,,,,
D2_00085,G_00746,en,E5_crossdataset,1,0.9711846113204956,1,,,,
D2_00086,G_00747,en,E5_crossdataset,1,0.9741965532302856,1,,,,
D2_00087,G_00748,en,E5_crossdataset,1,0.9640387296676636,1,,,,
D2_00088,G_00749,en,E5_crossdataset,1,0.973254382610321,1,,,,
D2_00089,G_00750,en,E5_crossdataset,1,0.9722579717636108,1,,,,
D2_00090,G_00751,en,E5_crossdataset,1,0.8752179741859436,1,,,,
D2_00091,G_00752,en,E5_crossdataset,1,0.978457510471344,1,,,,
D2_00092,G_00753,en,E5_crossdataset,1,0.9634118676185608,1,,,,
D2_00093,G_00754,en,E5_crossdataset,1,0.9771979451179504,1,,,,
D2_00094,G_00755,en,E5_crossdataset,1,0.975325882434845,1,,,,
D2_00095,G_00756,en,E5_crossdataset,1,0.9605947732925415,1,,,,
D2_00096,G_00757,en,E5_crossdataset,1,0.08888085931539536,0,,,,
D2_00097,G_00758,en,E5_crossdataset,1,0.9763579964637756,1,,,,
D2_00098,G_00759,en,E5_crossdataset,1,0.9746154546737671,1,,,,
D2_00099,G_00760,en,E5_crossdataset,1,0.7811228632926941,1,,,,
D2_00100,G_00761,en,E5_crossdataset,1,0.9739376902580261,1,,,,
D2_00101,G_00762,en,E5_crossdataset,1,0.9708042740821838,1,,,,
D2_00102,G_00763,en,E5_crossdataset,1,0.9775945544242859,1,,,,
D2_00103,G_00764,en,E5_crossdataset,1,0.9748479723930359,1,,,,
D2_00104,G_00765,en,E5_crossdataset,1,0.9703238606452942,1,,,,
D2_00105,G_00766,en,E5_crossdataset,1,0.9749289155006409,1,,,,
D2_00106,G_00767,en,E5_crossdataset,1,0.9774051308631897,1,,,,
D2_00107,G_00768,en,E5_crossdataset,1,0.9716888070106506,1,,,,
D2_00108,G_00769,en,E5_crossdataset,1,0.9753972887992859,1,,,,
D2_00109,G_00770,en,E5_crossdataset,1,0.9718124270439148,1,,,,
D2_00110,G_00771,en,E5_crossdataset,1,0.9643564820289612,1,,,,
D2_00111,G_00772,en,E5_crossdataset,1,0.974953830242157,1,,,,
D2_00112,G_00773,en,E5_crossdataset,1,0.9741986989974976,1,,,,
D2_00113,G_00774,en,E5_crossdataset,1,0.9731394648551941,1,,,,
D2_00114,G_00775,en,E5_crossdataset,1,0.9747217297554016,1,,,,
D2_00115,G_00776,en,E5_crossdataset,1,0.9711012840270996,1,,,,
D2_00116,G_00777,en,E5_crossdataset,1,0.9727775454521179,1,,,,
D2_00117,G_00778,en,E5_crossdataset,1,0.9791187644004822,1,,,,
D2_00118,G_00779,en,E5_crossdataset,1,0.9743160605430603,1,,,,
D2_00119,G_00780,en,E5_crossdataset,1,0.9664117693901062,1,,,,
D2_00120,G_00781,en,E5_crossdataset,1,0.9745190143585205,1,,,,
D2_00121,G_00782,en,E5_crossdataset,1,0.8114187717437744,1,,,,
D2_00122,G_00783,en,E5_crossdataset,1,0.8572959899902344,1,,,,
D2_00123,G_00784,en,E5_crossdataset,1,0.9739698767662048,1,,,,
D2_00124,G_00785,en,E5_crossdataset,1,0.9753949046134949,1,,,,
D2_00125,G_00786,en,E5_crossdataset,1,0.09647869318723679,0,,,,
D2_00126,G_00787,en,E5_crossdataset,1,0.9461479187011719,1,,,,
D2_00127,G_00788,en,E5_crossdataset,1,0.9577053189277649,1,,,,
D2_00128,G_00789,en,E5_crossdataset,1,0.9724586009979248,1,,,,
D2_00129,G_00790,en,E5_crossdataset,1,0.936882734298706,1,,,,
D2_00130,G_00791,en,E5_crossdataset,1,0.9554173350334167,1,,,,
D2_00131,G_00792,en,E5_crossdataset,1,0.9799527525901794,1,,,,
D2_00132,G_00793,en,E5_crossdataset,1,0.9688317179679871,1,,,,
D2_00133,G_00794,en,E5_crossdataset,1,0.9765273332595825,1,,,,
D2_00134,G_00795,en,E5_crossdataset,1,0.9733981490135193,1,,,,
D2_00135,G_00796,en,E5_crossdataset,1,0.9707571864128113,1,,,,
D2_00136,G_00797,en,E5_crossdataset,1,0.9761611819267273,1,,,,
D2_00137,G_00798,en,E5_crossdataset,1,0.9764897227287292,1,,,,
D2_00138,G_00799,en,E5_crossdataset,1,0.8725400567054749,1,,,,
D2_00139,G_00800,en,E5_crossdataset,1,0.9751278162002563,1,,,,
D2_00140,G_00801,en,E5_crossdataset,1,0.9799959063529968,1,,,,
D2_00141,G_00802,en,E5_crossdataset,1,0.9744182825088501,1,,,,
D2_00142,G_00803,en,E5_crossdataset,1,0.9286290407180786,1,,,,
D2_00143,G_00804,en,E5_crossdataset,1,0.9749158620834351,1,,,,
D2_00144,G_00805,en,E5_crossdataset,1,0.9719526171684265,1,,,,
D2_00145,G_00806,en,E5_crossdataset,1,0.10738536715507507,0,,,,
D2_00146,G_00807,en,E5_crossdataset,1,0.9758854508399963,1,,,,
D2_00147,G_00808,en,E5_crossdataset,1,0.9794054627418518,1,,,,
D2_00148,G_00809,en,E5_crossdataset,1,0.9720539450645447,1,,,,
D2_00149,G_00810,en,E5_crossdataset,1,0.9691246151924133,1,,,,
D2_00150,G_00811,en,E5_crossdataset,1,0.12964993715286255,0,,,,
D2_00151,G_00812,en,E5_crossdataset,1,0.9788889288902283,1,,,,
D2_00152,G_00813,en,E5_crossdataset,1,0.9344910979270935,1,,,,
D2_00153,G_00814,en,E5_crossdataset,1,0.9727188944816589,1,,,,
D2_00154,G_00815,en,E5_crossdataset,1,0.9715983271598816,1,,,,
D2_00155,G_00816,en,E5_crossdataset,1,0.9736127853393555,1,,,,
D2_00156,G_00817,en,E5_crossdataset,1,0.9509977102279663,1,,,,
D2_00157,G_00818,en,E5_crossdataset,1,0.9798555374145508,1,,,,
D2_00158,G_00819,en,E5_crossdataset,1,0.9745372533798218,1,,,,
D2_00159,G_00820,en,E5_crossdataset,1,0.9760257005691528,1,,,,
D2_00160,G_00821,en,E5_crossdataset,1,0.3883063495159149,1,,,,
D2_00161,G_00822,en,E5_crossdataset,1,0.9697595238685608,1,,,,
D2_00162,G_00823,en,E5_crossdataset,1,0.9704590439796448,1,,,,
D2_00163,G_00824,en,E5_crossdataset,1,0.9498858451843262,1,,,,
D2_00164,G_00825,en,E5_crossdataset,1,0.4048403799533844,1,,,,
D2_00165,G_00826,en,E5_crossdataset,1,0.9636699557304382,1,,,,
D2_00166,G_00827,en,E5_crossdataset,1,0.19525672495365143,0,,,,
D2_00167,G_00828,en,E5_crossdataset,1,0.4166070520877838,1,,,,
D2_00168,G_00829,en,E5_crossdataset,1,0.9709979891777039,1,,,,
D2_00169,G_00830,en,E5_crossdataset,1,0.9639632701873779,1,,,,
D2_00170,G_00831,en,E5_crossdataset,1,0.9750319123268127,1,,,,
D2_00171,G_00832,en,E5_crossdataset,1,0.9737778306007385,1,,,,
D2_00172,G_00833,en,E5_crossdataset,1,0.9777610301971436,1,,,,
D2_00173,G_00834,en,E5_crossdataset,1,0.9798725843429565,1,,,,
D2_00174,G_00835,en,E5_crossdataset,1,0.9750173687934875,1,,,,
D2_00175,G_00836,en,E5_crossdataset,1,0.9785772562026978,1,,,,
D2_00176,G_00837,en,E5_crossdataset,1,0.9746505618095398,1,,,,
D2_00177,G_00838,en,E5_crossdataset,1,0.976482629776001,1,,,,
D2_00178,G_00839,en,E5_crossdataset,1,0.9761109948158264,1,,,,
D2_00179,G_00840,en,E5_crossdataset,1,0.963916003704071,1,,,,
D2_00180,G_00841,en,E5_crossdataset,1,0.9776591658592224,1,,,,
D2_00181,G_00842,en,E5_crossdataset,1,0.941693127155304,1,,,,
D2_00182,G_00843,en,E5_crossdataset,1,0.9120879769325256,1,,,,
D2_00183,G_00844,en,E5_crossdataset,1,0.9708804488182068,1,,,,
D2_00184,G_00790,en,E5_crossdataset,1,0.936882734298706,1,,,,
D2_00185,G_00846,en,E5_crossdataset,1,0.975762665271759,1,,,,
D2_00186,G_00847,en,E5_crossdataset,1,0.9736207127571106,1,,,,
D2_00187,G_00848,en,E5_crossdataset,1,0.9737372398376465,1,,,,
D2_00188,G_00849,en,E5_crossdataset,1,0.9780710339546204,1,,,,
D2_00189,G_00850,en,E5_crossdataset,1,0.944141149520874,1,,,,
D2_00190,G_00851,en,E5_crossdataset,1,0.976049542427063,1,,,,
D2_00191,G_00852,en,E5_crossdataset,1,0.9761520028114319,1,,,,
D2_00192,G_00853,en,E5_crossdataset,1,0.4919520914554596,1,,,,
D2_00193,G_00854,en,E5_crossdataset,1,0.9601269364356995,1,,,,
D2_00194,G_00855,en,E5_crossdataset,1,0.9766420125961304,1,,,,
D2_00195,G_00856,en,E5_crossdataset,1,0.9670389890670776,1,,,,
D2_00196,G_00857,en,E5_crossdataset,1,0.9559358954429626,1,,,,
D2_00197,G_00858,en,E5_crossdataset,1,0.977436900138855,1,,,,
D2_00198,G_00859,en,E5_crossdataset,1,0.9787282347679138,1,,,,
D2_00199,G_00860,en,E5_crossdataset,1,0.9675095677375793,1,,,,
D2_00200,G_00861,en,E5_crossdataset,1,0.9781467318534851,1,,,,
D2_00201,G_00862,en,E5_crossdataset,1,0.6790400147438049,1,,,,
D2_00202,G_00863,en,E5_crossdataset,1,0.962753176689148,1,,,,
D2_00203,G_00864,en,E5_crossdataset,1,0.9738324284553528,1,,,,
D2_00204,G_00865,en,E5_crossdataset,1,0.9001834392547607,1,,,,
D2_00205,G_00866,en,E5_crossdataset,1,0.9714027643203735,1,,,,
D2_00206,G_00867,en,E5_crossdataset,1,0.9714831113815308,1,,,,
D2_00207,G_00868,en,E5_crossdataset,1,0.8981271982192993,1,,,,
D2_00208,G_00869,en,E5_crossdataset,1,0.973773181438446,1,,,,
D2_00209,G_00870,en,E5_crossdataset,1,0.9665994048118591,1,,,,
D2_00210,G_00871,en,E5_crossdataset,1,0.7073935866355896,1,,,,
D2_00211,G_00872,en,E5_crossdataset,1,0.8861821293830872,1,,,,
D2_00212,G_00873,en,E5_crossdataset,1,0.9768522381782532,1,,,,
D2_00213,G_00874,en,E5_crossdataset,1,0.9599402546882629,1,,,,
D2_00214,G_00875,en,E5_crossdataset,1,0.9612385630607605,1,,,,
D2_00215,G_00876,en,E5_crossdataset,1,0.9773005843162537,1,,,,
D2_00216,G_00877,en,E5_crossdataset,1,0.9773709774017334,1,,,,
D2_00217,G_00878,en,E5_crossdataset,1,0.977432906627655,1,,,,
D2_00218,G_00879,en,E5_crossdataset,1,0.9749958515167236,1,,,,
D2_00219,G_00880,en,E5_crossdataset,1,0.9754786491394043,1,,,,
D2_00220,G_00881,en,E5_crossdataset,1,0.97314453125,1,,,,
D2_00221,G_00882,en,E5_crossdataset,1,0.6675297617912292,1,,,,
D2_00222,G_00883,en,E5_crossdataset,1,0.974414050579071,1,,,,
D2_00223,G_00884,en,E5_crossdataset,1,0.9790859818458557,1,,,,
D2_00224,G_00885,en,E5_crossdataset,1,0.9452735781669617,1,,,,
D2_00225,G_00886,en,E5_crossdataset,1,0.9757319092750549,1,,,,
D2_00226,G_00887,en,E5_crossdataset,1,0.9751367568969727,1,,,,
D2_00227,G_00888,en,E5_crossdataset,1,0.9756476879119873,1,,,,
D2_00228,G_00889,en,E5_crossdataset,1,0.9671602249145508,1,,,,
D2_00229,G_00890,en,E5_crossdataset,1,0.9737480878829956,1,,,,
D2_00230,G_00891,en,E5_crossdataset,1,0.9782518148422241,1,,,,
D2_00231,G_00892,en,E5_crossdataset,1,0.9728856086730957,1,,,,
D2_00232,G_00893,en,E5_crossdataset,1,0.9749264121055603,1,,,,
D2_00233,G_00894,en,E5_crossdataset,1,0.9678158760070801,1,,,,
D2_00234,G_00895,en,E5_crossdataset,1,0.8574636578559875,1,,,,
D2_00235,G_00896,en,E5_crossdataset,1,0.969167947769165,1,,,,
D2_00236,G_00897,en,E5_crossdataset,1,0.9779309034347534,1,,,,
D2_00237,G_00898,en,E5_crossdataset,1,0.970731794834137,1,,,,
D2_00238,G_00899,en,E5_crossdataset,1,0.9740365147590637,1,,,,
D2_00239,G_00900,en,E5_crossdataset,1,0.9744327664375305,1,,,,
D2_00240,G_00901,en,E5_crossdataset,1,0.9513680934906006,1,,,,
D2_00241,G_00902,en,E5_crossdataset,1,0.9760987162590027,1,,,,
D2_00242,G_00903,en,E5_crossdataset,1,0.21550284326076508,1,,,,
D2_00243,G_00904,en,E5_crossdataset,1,0.9794397950172424,1,,,,
D2_00244,G_00905,en,E5_crossdataset,1,0.9761971831321716,1,,,,
D2_00245,G_00906,en,E5_crossdataset,1,0.9742333292961121,1,,,,
D2_00246,G_00907,en,E5_crossdataset,1,0.12380401045084,0,,,,
D2_00247,G_00908,en,E5_crossdataset,1,0.6428524255752563,1,,,,
D2_00248,G_00909,en,E5_crossdataset,1,0.9761876463890076,1,,,,
D2_00249,G_00910,en,E5_crossdataset,1,0.9765923619270325,1,,,,
D2_00250,G_00911,en,E5_crossdataset,1,0.970840573310852,1,,,,
D2_00251,G_00912,en,E5_crossdataset,1,0.9764835834503174,1,,,,
D2_00252,G_00913,en,E5_crossdataset,1,0.9014305472373962,1,,,,
D2_00253,G_00914,en,E5_crossdataset,1,0.9738314151763916,1,,,,
D2_00254,G_00915,en,E5_crossdataset,1,0.9551545977592468,1,,,,
D2_00255,G_00916,en,E5_crossdataset,1,0.3375621736049652,1,,,,
D2_00256,G_00917,en,E5_crossdataset,1,0.9730278253555298,1,,,,
D2_00257,G_00918,en,E5_crossdataset,1,0.9724391102790833,1,,,,
D2_00258,G_00919,en,E5_crossdataset,1,0.9199350476264954,1,,,,
D2_00259,G_00920,en,E5_crossdataset,1,0.9788428544998169,1,,,,
D2_00260,G_00921,en,E5_crossdataset,1,0.9765567779541016,1,,,,
D2_00261,G_00922,en,E5_crossdataset,1,0.9716044068336487,1,,,,
D2_00262,G_00923,en,E5_crossdataset,1,0.9762718677520752,1,,,,
D2_00263,G_00924,en,E5_crossdataset,1,0.9460029006004333,1,,,,
D2_00264,G_00925,en,E5_crossdataset,1,0.9648094177246094,1,,,,
D2_00265,G_00926,en,E5_crossdataset,1,0.9137426614761353,1,,,,
D2_00266,G_00927,en,E5_crossdataset,1,0.9762149453163147,1,,,,
D2_00267,G_00928,en,E5_crossdataset,1,0.9758169054985046,1,,,,
D2_00268,G_00929,en,E5_crossdataset,1,0.7210662364959717,1,,,,
D2_00269,G_00930,en,E5_crossdataset,1,0.9738733172416687,1,,,,
D2_00270,G_00931,en,E5_crossdataset,1,0.19774439930915833,0,,,,
D2_00271,G_00932,en,E5_crossdataset,1,0.9730174541473389,1,,,,
D2_00272,G_00933,en,E5_crossdataset,1,0.9677216410636902,1,,,,
D2_00273,G_00934,en,E5_crossdataset,1,0.9500831365585327,1,,,,
D2_00274,G_00935,en,E5_crossdataset,1,0.3351018726825714,1,,,,
D2_00275,G_00936,en,E5_crossdataset,1,0.6002559661865234,1,,,,
D2_00276,G_00937,en,E5_crossdataset,1,0.9779811501502991,1,,,,
D2_00277,G_00938,en,E5_crossdataset,1,0.9741514325141907,1,,,,
D2_00278,G_00939,en,E5_crossdataset,1,0.9789757132530212,1,,,,
D2_00279,G_00940,en,E5_crossdataset,1,0.9749261736869812,1,,,,
D2_00280,G_00941,en,E5_crossdataset,1,0.9778256416320801,1,,,,
D2_00281,G_00942,en,E5_crossdataset,1,0.9713658690452576,1,,,,
D2_00282,G_00943,en,E5_crossdataset,1,0.978529691696167,1,,,,
D2_00283,G_00944,en,E5_crossdataset,1,0.9452415704727173,1,,,,
D2_00284,G_00945,en,E5_crossdataset,1,0.9748323559761047,1,,,,
D2_00285,G_00946,en,E5_crossdataset,1,0.9667002558708191,1,,,,
D2_00286,G_00947,en,E5_crossdataset,1,0.9697780013084412,1,,,,
D2_00287,G_00948,en,E5_crossdataset,1,0.9641451835632324,1,,,,
D2_00288,G_00949,en,E5_crossdataset,1,0.9761197566986084,1,,,,
D2_00289,G_00950,en,E5_crossdataset,1,0.9659217000007629,1,,,,
D2_00290,G_00951,en,E5_crossdataset,1,0.9684223532676697,1,,,,
D2_00291,G_00952,en,E5_crossdataset,1,0.9726824760437012,1,,,,
D2_00292,G_00953,en,E5_crossdataset,1,0.9733400940895081,1,,,,
D2_00293,G_00954,en,E5_crossdataset,1,0.9784640073776245,1,,,,
D2_00294,G_00955,en,E5_crossdataset,1,0.9779815077781677,1,,,,
D2_00295,G_00956,en,E5_crossdataset,1,0.9008775949478149,1,,,,
D2_00296,G_00957,en,E5_crossdataset,1,0.9757457375526428,1,,,,
D2_00297,G_00958,en,E5_crossdataset,1,0.12130121886730194,0,,,,
D2_00298,G_00959,en,E5_crossdataset,1,0.9750186204910278,1,,,,
D2_00299,G_00960,en,E5_crossdataset,1,0.9631916880607605,1,,,,
D2_00300,G_00961,en,E5_crossdataset,1,0.974719762802124,1,,,,
D2_00301,G_00962,en,E5_crossdataset,1,0.11236250400543213,0,,,,
D2_00302,G_00963,en,E5_crossdataset,1,0.9675408005714417,1,,,,
D2_00303,G_00964,en,E5_crossdataset,1,0.9781268835067749,1,,,,
D2_00304,G_00965,en,E5_crossdataset,1,0.9690008163452148,1,,,,
D2_00305,G_00966,en,E5_crossdataset,1,0.9752650856971741,1,,,,
D2_00306,G_00967,en,E5_crossdataset,1,0.9533724784851074,1,,,,
D2_00307,G_00968,en,E5_crossdataset,1,0.9771602153778076,1,,,,
D2_00308,G_00969,en,E5_crossdataset,1,0.4705083668231964,1,,,,
D2_00309,G_00970,en,E5_crossdataset,1,0.08504345268011093,0,,,,
D2_00310,G_00971,en,E5_crossdataset,1,0.9748477935791016,1,,,,
D2_00311,G_00972,en,E5_crossdataset,1,0.9756027460098267,1,,,,
D2_00312,G_00973,en,E5_crossdataset,1,0.9720573425292969,1,,,,
D2_00313,G_00974,en,E5_crossdataset,1,0.9786643981933594,1,,,,
D2_00314,G_00975,en,E5_crossdataset,1,0.9771555662155151,1,,,,
D2_00315,G_00976,en,E5_crossdataset,1,0.972024142742157,1,,,,
D2_00316,G_00977,en,E5_crossdataset,1,0.9289624691009521,1,,,,
D2_00317,G_00978,en,E5_crossdataset,1,0.9746425151824951,1,,,,
D2_00318,G_00979,en,E5_crossdataset,1,0.9725857973098755,1,,,,
D2_00319,G_00980,en,E5_crossdataset,1,0.9781672954559326,1,,,,
D2_00320,G_00981,en,E5_crossdataset,1,0.974858283996582,1,,,,
D2_00321,G_00982,en,E5_crossdataset,1,0.9683243036270142,1,,,,
D2_00322,G_00983,en,E5_crossdataset,1,0.9755327701568604,1,,,,
D2_00323,G_00984,en,E5_crossdataset,1,0.9701575636863708,1,,,,
D2_00324,G_00985,en,E5_crossdataset,1,0.9757627248764038,1,,,,
D2_00325,G_00986,en,E5_crossdataset,1,0.9603028893470764,1,,,,
D2_00326,G_00987,en,E5_crossdataset,1,0.9787214398384094,1,,,,
D2_00327,G_00988,en,E5_crossdataset,1,0.9734506607055664,1,,,,
D2_00328,G_00989,en,E5_crossdataset,1,0.9762335419654846,1,,,,
D2_00329,G_00990,en,E5_crossdataset,1,0.9540008902549744,1,,,,
D2_00330,G_00991,en,E5_crossdataset,1,0.9692135453224182,1,,,,
D2_00331,G_00992,en,E5_crossdataset,1,0.9500710964202881,1,,,,
D2_00332,G_00993,en,E5_crossdataset,1,0.9776995182037354,1,,,,
D2_00333,G_00994,en,E5_crossdataset,1,0.2743648588657379,1,,,,
D2_00334,G_00995,en,E5_crossdataset,1,0.9756273627281189,1,,,,
D2_00335,G_00996,en,E5_crossdataset,1,0.9384642243385315,1,,,,
D2_00336,G_00997,en,E5_crossdataset,1,0.9735885262489319,1,,,,
D2_00337,G_00998,en,E5_crossdataset,1,0.9746546745300293,1,,,,
D2_00338,G_00999,en,E5_crossdataset,1,0.9732077717781067,1,,,,
D2_00339,G_01000,en,E5_crossdataset,1,0.9641885161399841,1,,,,
D2_00340,G_01001,en,E5_crossdataset,1,0.9613858461380005,1,,,,
D2_00341,G_01002,en,E5_crossdataset,1,0.9748744964599609,1,,,,
D2_00342,G_01003,en,E5_crossdataset,1,0.9754709005355835,1,,,,
D2_00343,G_01004,en,E5_crossdataset,1,0.8999096155166626,1,,,,
D2_00344,G_01005,en,E5_crossdataset,1,0.9773821234703064,1,,,,
D2_00345,G_01006,en,E5_crossdataset,1,0.980166494846344,1,,,,
D2_00346,G_01007,en,E5_crossdataset,1,0.9726111888885498,1,,,,
D2_00347,G_01008,en,E5_crossdataset,1,0.9747421741485596,1,,,,
D2_00348,G_01009,en,E5_crossdataset,1,0.9737808704376221,1,,,,
D2_00349,G_01010,en,E5_crossdataset,1,0.9767776131629944,1,,,,
D2_00350,G_01011,en,E5_crossdataset,1,0.9722374081611633,1,,,,
D2_00351,G_01012,en,E5_crossdataset,1,0.976584255695343,1,,,,
D2_00352,G_01013,en,E5_crossdataset,1,0.9737828969955444,1,,,,
D2_00353,G_01014,en,E5_crossdataset,1,0.975030779838562,1,,,,
D2_00354,G_01015,en,E5_crossdataset,1,0.9697479605674744,1,,,,
D2_00355,G_01016,en,E5_crossdataset,1,0.9657025337219238,1,,,,
D2_00356,G_01017,en,E5_crossdataset,1,0.775669515132904,1,,,,
D2_00357,G_01018,en,E5_crossdataset,1,0.8872465491294861,1,,,,
D2_00358,G_01019,en,E5_crossdataset,1,0.14901266992092133,0,,,,
D2_00359,G_01020,en,E5_crossdataset,1,0.976765513420105,1,,,,
D2_00360,G_01021,en,E5_crossdataset,1,0.08913403749465942,0,,,,
D2_00361,G_01022,en,E5_crossdataset,1,0.9734905362129211,1,,,,
D2_00362,G_01023,en,E5_crossdataset,1,0.9792121648788452,1,,,,
D2_00363,G_01024,en,E5_crossdataset,1,0.3662821650505066,1,,,,
D2_00364,G_01025,en,E5_crossdataset,1,0.15209569036960602,0,,,,
D2_00365,G_01026,en,E5_crossdataset,1,0.9696567058563232,1,,,,
D2_00366,G_01027,en,E5_crossdataset,1,0.9774762392044067,1,,,,
D2_00367,G_01028,en,E5_crossdataset,1,0.980346143245697,1,,,,
D2_00368,G_01029,en,E5_crossdataset,1,0.968909502029419,1,,,,
D2_00369,G_01030,en,E5_crossdataset,1,0.9777243733406067,1,,,,
D2_00370,G_01031,en,E5_crossdataset,1,0.8410465121269226,1,,,,
D2_00371,G_01032,en,E5_crossdataset,1,0.9778199791908264,1,,,,
D2_00372,G_01033,en,E5_crossdataset,1,0.9671643376350403,1,,,,
D2_00373,G_01034,en,E5_crossdataset,1,0.975946307182312,1,,,,
D2_00374,G_01035,en,E5_crossdataset,1,0.09912549704313278,0,,,,
D2_00375,G_01036,en,E5_crossdataset,1,0.9742989540100098,1,,,,
D2_00376,G_01037,en,E5_crossdataset,1,0.9753432273864746,1,,,,
D2_00377,G_01038,en,E5_crossdataset,1,0.9710349440574646,1,,,,
D2_00378,G_01039,en,E5_crossdataset,1,0.8768509030342102,1,,,,
D2_00379,G_01040,en,E5_crossdataset,1,0.9709616899490356,1,,,,
D2_00380,G_01041,en,E5_crossdataset,1,0.9736577868461609,1,,,,
D2_00381,G_01042,en,E5_crossdataset,1,0.7825395464897156,1,,,,
D2_00382,G_01043,en,E5_crossdataset,1,0.9800452589988708,1,,,,
D2_00383,G_01044,en,E5_crossdataset,1,0.1254131942987442,0,,,,
D2_00384,G_01045,en,E5_crossdataset,1,0.9722025394439697,1,,,,
D2_00385,G_01046,en,E5_crossdataset,1,0.1006624773144722,0,,,,
D2_00386,G_01047,en,E5_crossdataset,1,0.1285097897052765,0,,,,
D2_00387,G_01048,en,E5_crossdataset,1,0.9738576412200928,1,,,,
D2_00388,G_01049,en,E5_crossdataset,1,0.9719345569610596,1,,,,
D2_00389,G_01050,en,E5_crossdataset,1,0.9779847264289856,1,,,,
D2_00390,G_01051,en,E5_crossdataset,1,0.9780049920082092,1,,,,
D2_00391,G_01052,en,E5_crossdataset,1,0.9742154479026794,1,,,,
D2_00392,G_01053,en,E5_crossdataset,1,0.972586452960968,1,,,,
D2_00393,G_01054,en,E5_crossdataset,1,0.9796381592750549,1,,,,
D2_00394,G_01055,en,E5_crossdataset,1,0.9792885184288025,1,,,,
D2_00395,G_01056,en,E5_crossdataset,1,0.10925416648387909,0,,,,
D2_00396,G_01057,en,E5_crossdataset,1,0.9762285351753235,1,,,,
D2_00397,G_01058,en,E5_crossdataset,1,0.9454134106636047,1,,,,
D2_00398,G_01059,en,E5_crossdataset,1,0.9732164740562439,1,,,,
D2_00399,G_01060,en,E5_crossdataset,1,0.9606232643127441,1,,,,
D2_00400,G_01061,en,E5_crossdataset,1,0.9707287549972534,1,,,,
D2_00401,G_01062,en,E5_crossdataset,1,0.610226571559906,1,,,,
D2_00402,G_01063,en,E5_crossdataset,1,0.14712202548980713,0,,,,
D2_00403,G_01064,en,E5_crossdataset,1,0.8736246228218079,1,,,,
D2_00404,G_01065,en,E5_crossdataset,1,0.9529123902320862,1,,,,
D2_00405,G_01066,en,E5_crossdataset,1,0.9694200754165649,1,,,,
D2_00406,G_01067,en,E5_crossdataset,1,0.429716557264328,1,,,,
D2_00407,G_01068,en,E5_crossdataset,1,0.9770475625991821,1,,,,
D2_00408,G_01069,en,E5_crossdataset,1,0.9682743549346924,1,,,,
D2_00409,G_01070,en,E5_crossdataset,1,0.9753881096839905,1,,,,
D2_00410,G_01071,en,E5_crossdataset,1,0.9771674275398254,1,,,,
D2_00411,G_01072,en,E5_crossdataset,1,0.97544264793396,1,,,,
D2_00412,G_01073,en,E5_crossdataset,1,0.9685990214347839,1,,,,
D2_00413,G_01074,en,E5_crossdataset,1,0.9783523082733154,1,,,,
D2_00414,G_01075,en,E5_crossdataset,1,0.19116239249706268,0,,,,
D2_00415,G_01076,en,E5_crossdataset,1,0.9505560994148254,1,,,,
D2_00416,G_00711,en,E5_crossdataset,1,0.9702543020248413,1,,,,
D2_00417,G_01078,en,E5_crossdataset,1,0.9672160744667053,1,,,,
D2_00418,G_01079,en,E5_crossdataset,1,0.9795529246330261,1,,,,
D2_00419,G_01080,en,E5_crossdataset,1,0.9432657957077026,1,,,,
D2_00420,G_01081,en,E5_crossdataset,1,0.1436578929424286,0,,,,
D2_00421,G_01082,en,E5_crossdataset,1,0.7316809296607971,1,,,,
D2_00422,G_01083,en,E5_crossdataset,1,0.9747850298881531,1,,,,
D2_00423,G_01084,en,E5_crossdataset,1,0.968985915184021,1,,,,
D2_00424,G_01085,en,E5_crossdataset,1,0.4797128438949585,1,,,,
D2_00425,G_01086,en,E5_crossdataset,1,0.45462149381637573,1,,,,
D2_00426,G_01087,en,E5_crossdataset,1,0.973371148109436,1,,,,
D2_00427,G_01088,en,E5_crossdataset,1,0.760600209236145,1,,,,
D2_00428,G_01089,en,E5_crossdataset,1,0.7915552258491516,1,,,,
D2_00429,G_01090,en,E5_crossdataset,1,0.9104024767875671,1,,,,
D2_00430,G_01091,en,E5_crossdataset,1,0.977329671382904,1,,,,
D2_00431,G_01092,en,E5_crossdataset,1,0.9718918204307556,1,,,,
D2_00432,G_01093,en,E5_crossdataset,1,0.9780517220497131,1,,,,
D2_00433,G_01094,en,E5_crossdataset,1,0.9697186946868896,1,,,,
D2_00434,G_01095,en,E5_crossdataset,1,0.4100095331668854,1,,,,
D2_00435,G_01096,en,E5_crossdataset,1,0.21662543714046478,1,,,,
D2_00436,G_01097,en,E5_crossdataset,1,0.9769793152809143,1,,,,
D2_00437,G_01098,en,E5_crossdataset,1,0.9095863103866577,1,,,,
D2_00438,G_01099,en,E5_crossdataset,1,0.9731109738349915,1,,,,
D2_00439,G_01100,en,E5_crossdataset,1,0.9765152931213379,1,,,,
D2_00440,G_01101,en,E5_crossdataset,1,0.9750192165374756,1,,,,
D2_00441,G_01102,en,E5_crossdataset,1,0.9680544137954712,1,,,,
D2_00442,G_01103,en,E5_crossdataset,1,0.9518229365348816,1,,,,
D2_00443,G_01104,en,E5_crossdataset,1,0.7408671975135803,1,,,,
D2_00444,G_01105,en,E5_crossdataset,1,0.9758894443511963,1,,,,
D2_00445,G_01106,en,E5_crossdataset,1,0.9748491644859314,1,,,,
D2_00446,G_01107,en,E5_crossdataset,1,0.6043897271156311,1,,,,
D2_00447,G_01108,en,E5_crossdataset,1,0.9460135698318481,1,,,,
D2_00448,G_01109,en,E5_crossdataset,1,0.7796503901481628,1,,,,
D2_00449,G_01110,en,E5_crossdataset,1,0.975482165813446,1,,,,
D2_00450,G_01111,en,E5_crossdataset,1,0.9649927020072937,1,,,,
D2_00451,G_01112,en,E5_crossdataset,1,0.9671208262443542,1,,,,
D2_00452,G_01113,en,E5_crossdataset,1,0.9737590551376343,1,,,,
D2_00453,G_01114,en,E5_crossdataset,1,0.08525405824184418,0,,,,
D2_00454,G_01115,en,E5_crossdataset,1,0.9738377332687378,1,,,,
D2_00455,G_01116,en,E5_crossdataset,1,0.9713119864463806,1,,,,
D2_00456,G_01117,en,E5_crossdataset,1,0.9349633455276489,1,,,,
D2_00457,G_01118,en,E5_crossdataset,1,0.9381667971611023,1,,,,
D2_00458,G_01119,en,E5_crossdataset,1,0.9754675030708313,1,,,,
D2_00459,G_01120,en,E5_crossdataset,1,0.976581871509552,1,,,,
D2_00460,G_01121,en,E5_crossdataset,1,0.9754509329795837,1,,,,
D2_00461,G_01122,en,E5_crossdataset,1,0.9793177843093872,1,,,,
D2_00462,G_01123,en,E5_crossdataset,1,0.9741732478141785,1,,,,
D2_00463,G_01124,en,E5_crossdataset,1,0.9426555633544922,1,,,,
D2_00464,G_01125,en,E5_crossdataset,1,0.9695572257041931,1,,,,
D2_00465,G_01126,en,E5_crossdataset,1,0.970848560333252,1,,,,
D2_00466,G_01127,en,E5_crossdataset,1,0.9775621891021729,1,,,,
D2_00467,G_01128,en,E5_crossdataset,1,0.966256856918335,1,,,,
D2_00468,G_01129,en,E5_crossdataset,1,0.9778431057929993,1,,,,
D2_00469,G_01130,en,E5_crossdataset,1,0.9708400964736938,1,,,,
D2_00470,G_01131,en,E5_crossdataset,1,0.9765010476112366,1,,,,
D2_00471,G_01132,en,E5_crossdataset,1,0.11343683302402496,0,,,,
D2_00472,G_01133,en,E5_crossdataset,1,0.9733538627624512,1,,,,
D2_00473,G_01134,en,E5_crossdataset,1,0.14213372766971588,0,,,,
D2_00474,G_01135,en,E5_crossdataset,1,0.975023627281189,1,,,,
D2_00475,G_01136,en,E5_crossdataset,1,0.9720645546913147,1,,,,
D2_00476,G_01137,en,E5_crossdataset,1,0.9759330153465271,1,,,,
D2_00477,G_01138,en,E5_crossdataset,1,0.9718467593193054,1,,,,
D2_00478,G_01139,en,E5_crossdataset,1,0.9787561893463135,1,,,,
D2_00479,G_01140,en,E5_crossdataset,1,0.9742263555526733,1,,,,
D2_00480,G_01141,en,E5_crossdataset,1,0.9730163812637329,1,,,,
D2_00481,G_01142,en,E5_crossdataset,1,0.8880450129508972,1,,,,
D2_00482,G_01143,en,E5_crossdataset,1,0.9716143012046814,1,,,,
D2_00483,G_01144,en,E5_crossdataset,1,0.9777671098709106,1,,,,
D2_00484,G_01145,en,E5_crossdataset,1,0.9756105542182922,1,,,,
D2_00485,G_01146,en,E5_crossdataset,1,0.8666946887969971,1,,,,
D2_00486,G_01147,en,E5_crossdataset,1,0.9127850532531738,1,,,,
D2_00487,G_01148,en,E5_crossdataset,1,0.9773731231689453,1,,,,
D2_00488,G_01149,en,E5_crossdataset,1,0.9723791480064392,1,,,,
D2_00489,G_01150,en,E5_crossdataset,1,0.980455219745636,1,,,,
D2_00490,G_01151,en,E5_crossdataset,1,0.13588201999664307,0,,,,
D2_00491,G_01152,en,E5_crossdataset,1,0.9753227829933167,1,,,,
D2_00492,G_01153,en,E5_crossdataset,1,0.9783583879470825,1,,,,
D2_00493,G_01154,en,E5_crossdataset,1,0.9658465385437012,1,,,,
D2_00494,G_01155,en,E5_crossdataset,1,0.974611759185791,1,,,,
D2_00495,G_01156,en,E5_crossdataset,1,0.9710845351219177,1,,,,
D2_00496,G_01157,en,E5_crossdataset,1,0.9780294895172119,1,,,,
D2_00497,G_01158,en,E5_crossdataset,1,0.9789188504219055,1,,,,
D2_00498,G_01159,en,E5_crossdataset,1,0.9650334119796753,1,,,,
D2_00499,G_01160,en,E5_crossdataset,1,0.9726028442382812,1,,,,
D2_00500,G_01161,en,E5_crossdataset,1,0.4300778806209564,1,,,,
D2_00501,G_01162,en,E5_crossdataset,1,0.9754177331924438,1,,,,
D2_00502,G_01163,en,E5_crossdataset,1,0.9729728698730469,1,,,,
D2_00503,G_01164,en,E5_crossdataset,1,0.9792495369911194,1,,,,
D2_00504,G_01165,en,E5_crossdataset,1,0.9404935240745544,1,,,,
D2_00505,G_01166,en,E5_crossdataset,1,0.9773617386817932,1,,,,
D2_00506,G_01167,en,E5_crossdataset,1,0.2238524854183197,1,,,,
D2_00507,G_01168,en,E5_crossdataset,1,0.9103394746780396,1,,,,
D2_00508,G_01169,en,E5_crossdataset,1,0.9769911170005798,1,,,,
D2_00509,G_01170,en,E5_crossdataset,1,0.980250358581543,1,,,,
D2_00510,G_01171,en,E5_crossdataset,1,0.9749311804771423,1,,,,
D2_00511,G_01172,en,E5_crossdataset,1,0.9190725684165955,1,,,,
D2_00512,G_01173,en,E5_crossdataset,1,0.9792536497116089,1,,,,
D2_00513,G_01174,en,E5_crossdataset,1,0.9792914986610413,1,,,,
D2_00514,G_01175,en,E5_crossdataset,1,0.9462042450904846,1,,,,
D2_00515,G_01176,en,E5_crossdataset,1,0.9644707441329956,1,,,,
D2_00516,G_01177,en,E5_crossdataset,1,0.9763475060462952,1,,,,
D2_00517,G_01178,en,E5_crossdataset,1,0.9700875282287598,1,,,,
D2_00518,G_01179,en,E5_crossdataset,1,0.9560515880584717,1,,,,
D2_00519,G_01180,en,E5_crossdataset,1,0.9779355525970459,1,,,,
D2_00520,G_01181,en,E5_crossdataset,1,0.973330020904541,1,,,,
D2_00521,G_01182,en,E5_crossdataset,1,0.9709988832473755,1,,,,
D2_00522,G_01183,en,E5_crossdataset,1,0.9714340567588806,1,,,,
D2_00523,G_01184,en,E5_crossdataset,1,0.8027827143669128,1,,,,
D2_00524,G_01185,en,E5_crossdataset,1,0.9765947461128235,1,,,,
D2_00525,G_01186,en,E5_crossdataset,1,0.9736548662185669,1,,,,
D2_00526,G_01187,en,E5_crossdataset,1,0.9787510633468628,1,,,,
D2_00527,G_01188,en,E5_crossdataset,1,0.9692874550819397,1,,,,
D2_00528,G_01189,en,E5_crossdataset,1,0.972326397895813,1,,,,
D2_00529,G_01190,en,E5_crossdataset,1,0.9353394508361816,1,,,,
D2_00530,G_01191,en,E5_crossdataset,1,0.9745980501174927,1,,,,
D2_00531,G_01192,en,E5_crossdataset,1,0.9716385006904602,1,,,,
D2_00532,G_01193,en,E5_crossdataset,1,0.9699095487594604,1,,,,
D2_00533,G_01194,en,E5_crossdataset,1,0.9701623916625977,1,,,,
D2_00534,G_01195,en,E5_crossdataset,1,0.969109833240509,1,,,,
D2_00535,G_01196,en,E5_crossdataset,1,0.9706676602363586,1,,,,
D2_00536,G_01197,en,E5_crossdataset,1,0.9735798239707947,1,,,,
D2_00537,G_01198,en,E5_crossdataset,1,0.9584117531776428,1,,,,
D2_00538,G_01199,en,E5_crossdataset,1,0.9754973649978638,1,,,,
D2_00539,G_01200,en,E5_crossdataset,1,0.973609983921051,1,,,,
D2_00540,G_01201,en,E5_crossdataset,1,0.11370197683572769,0,,,,
D2_00541,G_01202,en,E5_crossdataset,1,0.9773019552230835,1,,,,
D2_00542,G_01203,en,E5_crossdataset,1,0.9736262559890747,1,,,,
D2_00543,G_01204,en,E5_crossdataset,1,0.9615928530693054,1,,,,
D2_00544,G_01205,en,E5_crossdataset,1,0.9670495986938477,1,,,,
D2_00545,G_01206,en,E5_crossdataset,1,0.09904245287179947,0,,,,
D2_00546,G_01207,en,E5_crossdataset,1,0.7699390649795532,1,,,,
D2_00547,G_01208,en,E5_crossdataset,1,0.9470139741897583,1,,,,
D2_00548,G_01209,en,E5_crossdataset,1,0.975364625453949,1,,,,
D2_00549,G_01210,en,E5_crossdataset,1,0.9779815077781677,1,,,,
D2_00550,G_01211,en,E5_crossdataset,1,0.3846279978752136,1,,,,
D2_00551,G_01212,en,E5_crossdataset,1,0.975338876247406,1,,,,
D2_00552,G_01213,en,E5_crossdataset,1,0.13111612200737,0,,,,
D2_00553,G_01214,en,E5_crossdataset,1,0.9773452281951904,1,,,,
D2_00554,G_01215,en,E5_crossdataset,1,0.9735231995582581,1,,,,
D2_00555,G_01216,en,E5_crossdataset,1,0.9766120314598083,1,,,,
D2_00556,G_01217,en,E5_crossdataset,1,0.9625852704048157,1,,,,
D2_00557,G_01218,en,E5_crossdataset,1,0.9760168194770813,1,,,,
D2_00558,G_01219,en,E5_crossdataset,1,0.970151960849762,1,,,,
D2_00559,G_01220,en,E5_crossdataset,1,0.9755309224128723,1,,,,
D2_00560,G_01221,en,E5_crossdataset,1,0.9675772190093994,1,,,,
D2_00561,G_01222,en,E5_crossdataset,1,0.8237017393112183,1,,,,
D2_00562,G_01223,en,E5_crossdataset,1,0.9755071997642517,1,,,,
D2_00563,G_01224,en,E5_crossdataset,1,0.958947479724884,1,,,,
D2_00564,G_01225,en,E5_crossdataset,1,0.9728566408157349,1,,,,
D2_00565,G_01226,en,E5_crossdataset,1,0.9675957560539246,1,,,,
D2_00566,G_01227,en,E5_crossdataset,1,0.9437088370323181,1,,,,
D2_00567,G_01228,en,E5_crossdataset,1,0.97535240650177,1,,,,
D2_00568,G_01229,en,E5_crossdataset,1,0.9735707640647888,1,,,,
D2_00569,G_01230,en,E5_crossdataset,1,0.9745940566062927,1,,,,
D2_00570,G_01231,en,E5_crossdataset,1,0.9734520316123962,1,,,,
D2_00571,G_01232,en,E5_crossdataset,1,0.24688760936260223,1,,,,
D2_00572,G_01233,en,E5_crossdataset,1,0.9479435086250305,1,,,,
D2_00573,G_01234,en,E5_crossdataset,1,0.9779021739959717,1,,,,
D2_00574,G_01235,en,E5_crossdataset,1,0.9801251888275146,1,,,,
D2_00575,G_01236,en,E5_crossdataset,1,0.9778454899787903,1,,,,
D2_00576,G_01237,en,E5_crossdataset,1,0.9519230723381042,1,,,,
D2_00577,G_01238,en,E5_crossdataset,1,0.8237355351448059,1,,,,
D2_00578,G_01239,en,E5_crossdataset,1,0.976954460144043,1,,,,
D2_00579,G_01240,en,E5_crossdataset,1,0.9732495546340942,1,,,,
D2_00580,G_01241,en,E5_crossdataset,1,0.9190815687179565,1,,,,
D2_00581,G_01242,en,E5_crossdataset,1,0.9704373478889465,1,,,,
D2_00582,G_01243,en,E5_crossdataset,1,0.972873866558075,1,,,,
D2_00583,G_01244,en,E5_crossdataset,1,0.9732358455657959,1,,,,
D2_00584,G_01245,en,E5_crossdataset,1,0.9741553068161011,1,,,,
D2_00585,G_01246,en,E5_crossdataset,1,0.9801601767539978,1,,,,
D2_00586,G_01247,en,E5_crossdataset,1,0.4609750807285309,1,,,,
D2_00587,G_01248,en,E5_crossdataset,1,0.9776445627212524,1,,,,
D2_00588,G_01249,en,E5_crossdataset,1,0.9717591404914856,1,,,,
D2_00589,G_01250,en,E5_crossdataset,1,0.9782056212425232,1,,,,
D2_00590,G_01251,en,E5_crossdataset,1,0.9730497002601624,1,,,,
D2_00591,G_01252,en,E5_crossdataset,1,0.9479395151138306,1,,,,
D2_00592,G_01253,en,E5_crossdataset,1,0.6099427938461304,1,,,,
D2_00593,G_01254,en,E5_crossdataset,1,0.9741896986961365,1,,,,
D2_00594,G_01255,en,E5_crossdataset,1,0.9774749875068665,1,,,,
D2_00595,G_01256,en,E5_crossdataset,1,0.9384909868240356,1,,,,
D2_00596,G_01257,en,E5_crossdataset,1,0.9759833216667175,1,,,,
D2_00597,G_01258,en,E5_crossdataset,1,0.9771291613578796,1,,,,
D2_00598,G_01259,en,E5_crossdataset,1,0.9772765636444092,1,,,,
D2_00599,G_01260,en,E5_crossdataset,1,0.9750139117240906,1,,,,
D2_00600,G_01261,en,E5_crossdataset,1,0.9774234890937805,1,,,,
D2_00601,G_01262,en,E5_crossdataset,1,0.9166132807731628,1,,,,
D2_00602,G_01263,en,E5_crossdataset,1,0.9765085577964783,1,,,,
D2_00603,G_01264,en,E5_crossdataset,1,0.9268272519111633,1,,,,
D2_00604,G_01265,en,E5_crossdataset,1,0.9782186150550842,1,,,,
D2_00605,G_01266,en,E5_crossdataset,1,0.9746105074882507,1,,,,
D2_00606,G_01267,en,E5_crossdataset,1,0.9771915674209595,1,,,,
D2_00607,G_01268,en,E5_crossdataset,1,0.9739486575126648,1,,,,
D2_00608,G_01269,en,E5_crossdataset,1,0.09819332510232925,0,,,,
D2_00609,G_01270,en,E5_crossdataset,1,0.12113038450479507,0,,,,
D2_00610,G_01271,en,E5_crossdataset,1,0.9790025949478149,1,,,,
D2_00611,G_01272,en,E5_crossdataset,1,0.7499510049819946,1,,,,
D2_00612,G_01273,en,E5_crossdataset,1,0.09114692360162735,0,,,,
D2_00613,G_00870,en,E5_crossdataset,1,0.9682415723800659,1,,,,
D2_00614,G_01275,en,E5_crossdataset,1,0.9772782921791077,1,,,,
D2_00615,G_01276,en,E5_crossdataset,1,0.9738689064979553,1,,,,
D2_00616,G_01277,en,E5_crossdataset,1,0.9528090357780457,1,,,,
D2_00617,G_01278,en,E5_crossdataset,1,0.9759694933891296,1,,,,
D2_00618,G_01279,en,E5_crossdataset,1,0.9787676930427551,1,,,,
D2_00619,G_01280,en,E5_crossdataset,1,0.13369537889957428,0,,,,
D2_00620,G_01281,en,E5_crossdataset,1,0.9722086191177368,1,,,,
D2_00621,G_01282,en,E5_crossdataset,1,0.9505753517150879,1,,,,
D2_00622,G_01283,en,E5_crossdataset,1,0.9345371127128601,1,,,,
D2_00623,G_01284,en,E5_crossdataset,1,0.9697787761688232,1,,,,
D2_00624,G_01285,en,E5_crossdataset,1,0.976453423500061,1,,,,
D2_00625,G_01286,en,E5_crossdataset,1,0.9765871167182922,1,,,,
D2_00626,G_01287,en,E5_crossdataset,1,0.9782502055168152,1,,,,
D2_00627,G_01288,en,E5_crossdataset,1,0.9727596044540405,1,,,,
D2_00628,G_01289,en,E5_crossdataset,1,0.9644424915313721,1,,,,
D2_00629,G_01290,en,E5_crossdataset,1,0.9761351943016052,1,,,,
D2_00630,G_01291,en,E5_crossdataset,1,0.978880763053894,1,,,,
D2_00631,G_01292,en,E5_crossdataset,1,0.9576120972633362,1,,,,
D2_00632,G_01293,en,E5_crossdataset,1,0.9079874157905579,1,,,,
D2_00633,G_01294,en,E5_crossdataset,1,0.9731758236885071,1,,,,
D2_00634,G_01295,en,E5_crossdataset,1,0.79142826795578,1,,,,
D2_00635,G_01296,en,E5_crossdataset,1,0.09906493872404099,0,,,,
D2_00636,G_01297,en,E5_crossdataset,1,0.9746314287185669,1,,,,
D2_00637,G_01298,en,E5_crossdataset,1,0.13903555274009705,0,,,,
D2_00638,G_01299,en,E5_crossdataset,1,0.9784145355224609,1,,,,
D2_00639,G_01300,en,E5_crossdataset,1,0.9642814993858337,1,,,,
D2_00640,G_01301,en,E5_crossdataset,1,0.9713905453681946,1,,,,
D2_00641,G_01302,en,E5_crossdataset,1,0.978132963180542,1,,,,
D2_00642,G_01303,en,E5_crossdataset,1,0.9761042594909668,1,,,,
D2_00643,G_01304,en,E5_crossdataset,1,0.9759397506713867,1,,,,
D2_00644,G_01305,en,E5_crossdataset,1,0.9733902215957642,1,,,,
D2_00645,G_01306,en,E5_crossdataset,1,0.9794636964797974,1,,,,
D2_00646,G_01307,en,E5_crossdataset,1,0.9517325758934021,1,,,,
D2_00647,G_01308,en,E5_crossdataset,1,0.9574326872825623,1,,,,
D2_00648,G_01309,en,E5_crossdataset,1,0.9768287539482117,1,,,,
D2_00649,G_01310,en,E5_crossdataset,1,0.9765605330467224,1,,,,
D2_00650,G_01311,en,E5_crossdataset,1,0.9786262512207031,1,,,,
D2_00651,G_01312,en,E5_crossdataset,1,0.978912889957428,1,,,,
D2_00652,G_01313,en,E5_crossdataset,1,0.9746525287628174,1,,,,
D2_00653,G_01314,en,E5_crossdataset,1,0.9769748449325562,1,,,,
D2_00654,G_01315,en,E5_crossdataset,1,0.9476514458656311,1,,,,
D2_00655,G_01316,en,E5_crossdataset,1,0.9756301045417786,1,,,,
D2_00656,G_01317,en,E5_crossdataset,1,0.971337080001831,1,,,,
D2_00657,G_01318,en,E5_crossdataset,1,0.9159237742424011,1,,,,
D2_00658,G_01319,en,E5_crossdataset,1,0.9194955229759216,1,,,,
D2_00659,G_01320,en,E5_crossdataset,1,0.416813462972641,1,,,,
D2_00660,G_01321,en,E5_crossdataset,1,0.8108986616134644,1,,,,
D2_00661,G_01322,en,E5_crossdataset,1,0.9557803869247437,1,,,,
D2_00662,G_01323,en,E5_crossdataset,1,0.9664420485496521,1,,,,
D2_00663,G_01324,en,E5_crossdataset,1,0.9674764275550842,1,,,,
D2_00664,G_01325,en,E5_crossdataset,1,0.9597190022468567,1,,,,
D2_00665,G_01326,en,E5_crossdataset,1,0.9773203134536743,1,,,,
D2_00666,G_01327,en,E5_crossdataset,1,0.9758012294769287,1,,,,
D2_00667,G_01328,en,E5_crossdataset,1,0.9714974164962769,1,,,,
D2_00668,G_01329,en,E5_crossdataset,1,0.9457453489303589,1,,,,
D2_00669,G_01330,en,E5_crossdataset,1,0.977523148059845,1,,,,
D2_00670,G_01331,en,E5_crossdataset,1,0.790032684803009,1,,,,
D2_00671,G_01332,en,E5_crossdataset,1,0.9563753008842468,1,,,,
D2_00672,G_01333,en,E5_crossdataset,1,0.9720247983932495,1,,,,
D2_00673,G_01334,en,E5_crossdataset,1,0.9703712463378906,1,,,,
D2_00674,G_01335,en,E5_crossdataset,1,0.7702144384384155,1,,,,
D2_00675,G_01336,en,E5_crossdataset,1,0.9694815874099731,1,,,,
D2_00676,G_01337,en,E5_crossdataset,1,0.9623628258705139,1,,,,
D2_00677,G_01338,en,E5_crossdataset,1,0.978836715221405,1,,,,
D2_00678,G_01339,en,E5_crossdataset,1,0.9597856402397156,1,,,,
D2_00679,G_01340,en,E5_crossdataset,1,0.9705790281295776,1,,,,
D2_00680,G_01341,en,E5_crossdataset,1,0.9775416254997253,1,,,,
D2_00681,G_01342,en,E5_crossdataset,1,0.9626787900924683,1,,,,
D2_00682,G_01343,en,E5_crossdataset,1,0.31541773676872253,1,,,,
D2_00683,G_01344,en,E5_crossdataset,1,0.9803521633148193,1,,,,
D2_00684,G_01345,en,E5_crossdataset,1,0.2896859645843506,1,,,,
D2_00685,G_01346,en,E5_crossdataset,1,0.9650154113769531,1,,,,
D2_00686,G_01347,en,E5_crossdataset,1,0.933461606502533,1,,,,
D2_00687,G_01348,en,E5_crossdataset,1,0.9751537442207336,1,,,,
D2_00688,G_01349,en,E5_crossdataset,1,0.9739212989807129,1,,,,
D2_00689,G_01350,en,E5_crossdataset,1,0.9284928441047668,1,,,,
D2_00690,G_01351,en,E5_crossdataset,1,0.10967624932527542,0,,,,
D2_00691,G_01352,en,E5_crossdataset,1,0.9438489079475403,1,,,,
D2_00692,G_01353,en,E5_crossdataset,1,0.9725379943847656,1,,,,
D2_00693,G_01354,en,E5_crossdataset,1,0.9748296737670898,1,,,,
D2_00694,G_01355,en,E5_crossdataset,1,0.9673260450363159,1,,,,
D2_00695,G_01356,en,E5_crossdataset,1,0.9772161245346069,1,,,,
D2_00696,G_01357,en,E5_crossdataset,1,0.9497271180152893,1,,,,
D2_00697,G_01358,en,E5_crossdataset,1,0.976148247718811,1,,,,
D2_00698,G_01359,en,E5_crossdataset,1,0.9692264199256897,1,,,,
D2_00699,G_01360,en,E5_crossdataset,1,0.9748685956001282,1,,,,
D2_00700,G_01361,en,E5_crossdataset,1,0.9756408929824829,1,,,,
D2_00701,G_01362,en,E5_crossdataset,1,0.11896677315235138,0,,,,
D2_00702,G_01363,en,E5_crossdataset,1,0.9745479822158813,1,,,,
D2_00703,G_01364,en,E5_crossdataset,1,0.9348097443580627,1,,,,
D2_00704,G_01365,en,E5_crossdataset,1,0.8976605534553528,1,,,,
D2_00705,G_01366,en,E5_crossdataset,1,0.9625808596611023,1,,,,
D2_00706,G_01367,en,E5_crossdataset,1,0.9753599762916565,1,,,,
D2_00707,G_01368,en,E5_crossdataset,1,0.9778393507003784,1,,,,
D2_00708,G_01369,en,E5_crossdataset,1,0.1769832968711853,0,,,,
D2_00709,G_01370,en,E5_crossdataset,1,0.5529634952545166,1,,,,
D2_00710,G_01371,en,E5_crossdataset,1,0.7768173813819885,1,,,,
D2_00711,G_01372,en,E5_crossdataset,1,0.9680440425872803,1,,,,
D2_00712,G_01373,en,E5_crossdataset,1,0.9473944902420044,1,,,,
D2_00713,G_01374,en,E5_crossdataset,1,0.9676135778427124,1,,,,
D2_00714,G_01375,en,E5_crossdataset,1,0.6395967602729797,1,,,,
D2_00715,G_01376,en,E5_crossdataset,1,0.9783064723014832,1,,,,
D2_00716,G_01377,en,E5_crossdataset,1,0.9698918461799622,1,,,,
D2_00717,G_01378,en,E5_crossdataset,1,0.9717454314231873,1,,,,
D2_00718,G_01379,en,E5_crossdataset,1,0.9716385006904602,1,,,,
D2_00719,G_01380,en,E5_crossdataset,1,0.9780600666999817,1,,,,
D2_00720,G_01381,en,E5_crossdataset,1,0.9781006574630737,1,,,,
D2_00721,G_01382,en,E5_crossdataset,1,0.8904469609260559,1,,,,
D2_00722,G_01383,en,E5_crossdataset,1,0.9722310900688171,1,,,,
D2_00723,G_01384,en,E5_crossdataset,1,0.9579230546951294,1,,,,
D2_00724,G_01385,en,E5_crossdataset,1,0.45075497031211853,1,,,,
D2_00725,G_01386,en,E5_crossdataset,1,0.5619638562202454,1,,,,
D2_00726,G_01387,en,E5_crossdataset,1,0.9595334529876709,1,,,,
D2_00727,G_01388,en,E5_crossdataset,1,0.9793359637260437,1,,,,
D2_00728,G_01389,en,E5_crossdataset,1,0.7097858190536499,1,,,,
D2_00729,G_01390,en,E5_crossdataset,1,0.9762869477272034,1,,,,
D2_00730,G_01391,en,E5_crossdataset,1,0.9482348561286926,1,,,,
D2_00731,G_01392,en,E5_crossdataset,1,0.9757190346717834,1,,,,
D2_00732,G_01393,en,E5_crossdataset,1,0.8969171047210693,1,,,,
D2_00733,G_01394,en,E5_crossdataset,1,0.9622047543525696,1,,,,
D2_00734,G_01395,en,E5_crossdataset,1,0.9777872562408447,1,,,,
D2_00735,G_01396,en,E5_crossdataset,1,0.9704527258872986,1,,,,
D2_00736,G_01397,en,E5_crossdataset,1,0.9735423922538757,1,,,,
D2_00737,G_01398,en,E5_crossdataset,1,0.9771956205368042,1,,,,
D2_00738,G_01399,en,E5_crossdataset,1,0.9735245704650879,1,,,,
D2_00739,G_01400,en,E5_crossdataset,1,0.9763725399971008,1,,,,
D2_00740,G_01401,en,E5_crossdataset,1,0.9776598811149597,1,,,,
D2_00741,G_01402,en,E5_crossdataset,1,0.9024976491928101,1,,,,
D2_00742,G_01403,en,E5_crossdataset,1,0.9765745997428894,1,,,,
D2_00743,G_01404,en,E5_crossdataset,1,0.9761658310890198,1,,,,
D2_00744,G_01405,en,E5_crossdataset,1,0.970613956451416,1,,,,
D2_00745,G_01406,en,E5_crossdataset,1,0.7725845575332642,1,,,,
D2_00746,G_01407,en,E5_crossdataset,1,0.9036343693733215,1,,,,
D2_00747,G_01408,en,E5_crossdataset,1,0.9705044031143188,1,,,,
D2_00748,G_01409,en,E5_crossdataset,1,0.971324622631073,1,,,,
D2_00749,G_01410,en,E5_crossdataset,1,0.9791639447212219,1,,,,
D2_00750,G_01411,en,E5_crossdataset,1,0.9762846827507019,1,,,,
D2_00751,G_01412,en,E5_crossdataset,1,0.9748281836509705,1,,,,
D2_00752,G_01413,en,E5_crossdataset,1,0.12437154352664948,0,,,,
D2_00753,G_01414,en,E5_crossdataset,1,0.9765754342079163,1,,,,
D2_00754,G_01415,en,E5_crossdataset,1,0.9297252893447876,1,,,,
D2_00755,G_01416,en,E5_crossdataset,1,0.9747518301010132,1,,,,
D2_00756,G_01417,en,E5_crossdataset,1,0.9756911396980286,1,,,,
D2_00757,G_01418,en,E5_crossdataset,1,0.9749463200569153,1,,,,
D2_00758,G_01419,en,E5_crossdataset,1,0.9767159819602966,1,,,,
D2_00759,G_01420,en,E5_crossdataset,1,0.9719213843345642,1,,,,
D2_00760,G_01421,en,E5_crossdataset,1,0.43095308542251587,1,,,,
D2_00761,G_01422,en,E5_crossdataset,1,0.9665064215660095,1,,,,
D2_00762,G_01423,en,E5_crossdataset,1,0.07614636421203613,0,,,,
D2_00763,G_01424,en,E5_crossdataset,1,0.9041256308555603,1,,,,
D2_00764,G_01425,en,E5_crossdataset,1,0.9707867503166199,1,,,,
D2_00765,G_01426,en,E5_crossdataset,1,0.9778353571891785,1,,,,
D2_00766,G_01427,en,E5_crossdataset,1,0.9725205302238464,1,,,,
D2_00767,G_01428,en,E5_crossdataset,1,0.5815342664718628,1,,,,
D2_00768,G_01429,en,E5_crossdataset,1,0.09667479246854782,0,,,,
D2_00769,G_01430,en,E5_crossdataset,1,0.9732415080070496,1,,,,
D2_00770,G_01431,en,E5_crossdataset,1,0.6609508991241455,1,,,,
D2_00771,G_01432,en,E5_crossdataset,1,0.943406879901886,1,,,,
D2_00772,G_01433,en,E5_crossdataset,1,0.9793599843978882,1,,,,
D2_00773,G_01434,en,E5_crossdataset,1,0.9803109169006348,1,,,,
D2_00774,G_01435,en,E5_crossdataset,1,0.977944016456604,1,,,,
D2_00775,G_01436,en,E5_crossdataset,1,0.9721625447273254,1,,,,
D2_00776,G_01437,en,E5_crossdataset,1,0.7640935778617859,1,,,,
D2_00777,G_01438,en,E5_crossdataset,1,0.9765482544898987,1,,,,
D2_00778,G_01439,en,E5_crossdataset,1,0.8621048927307129,1,,,,
D2_00779,G_01440,en,E5_crossdataset,1,0.9646937251091003,1,,,,
D2_00780,G_01441,en,E5_crossdataset,1,0.9785566926002502,1,,,,
D2_00781,G_01442,en,E5_crossdataset,1,0.9782911539077759,1,,,,
D2_00782,G_01443,en,E5_crossdataset,1,0.9782323837280273,1,,,,
D2_00783,G_01444,en,E5_crossdataset,1,0.46737140417099,1,,,,
D2_00784,G_01445,en,E5_crossdataset,1,0.9636657238006592,1,,,,
D2_00785,G_01446,en,E5_crossdataset,1,0.9392988085746765,1,,,,
D2_00786,G_01447,en,E5_crossdataset,1,0.9753613471984863,1,,,,
D2_00787,G_01448,en,E5_crossdataset,1,0.9591708183288574,1,,,,
D2_00788,G_01449,en,E5_crossdataset,1,0.8507093191146851,1,,,,
D2_00789,G_01450,en,E5_crossdataset,1,0.9327268600463867,1,,,,
D2_00790,G_01451,en,E5_crossdataset,1,0.9762090444564819,1,,,,
D2_00791,G_01452,en,E5_crossdataset,1,0.9707322716712952,1,,,,
D2_00792,G_01453,en,E5_crossdataset,1,0.9710325002670288,1,,,,
D2_00793,G_01454,en,E5_crossdataset,1,0.9798381328582764,1,,,,
D2_00794,G_01455,en,E5_crossdataset,1,0.9598800539970398,1,,,,
D2_00795,G_01456,en,E5_crossdataset,1,0.9736118912696838,1,,,,
D2_00796,G_01457,en,E5_crossdataset,1,0.9663998484611511,1,,,,
D2_00797,G_01458,en,E5_crossdataset,1,0.9761205315589905,1,,,,
D2_00798,G_01459,en,E5_crossdataset,1,0.968485414981842,1,,,,
D2_00799,G_01460,en,E5_crossdataset,1,0.9773356914520264,1,,,,
D2_00800,G_01461,en,E5_crossdataset,1,0.9762858152389526,1,,,,
D2_00801,G_01462,en,E5_crossdataset,1,0.9740672707557678,1,,,,
D2_00802,G_01463,en,E5_crossdataset,1,0.9703861474990845,1,,,,
D2_00803,G_01464,en,E5_crossdataset,1,0.9731879830360413,1,,,,
D2_00804,G_01465,en,E5_crossdataset,1,0.961864173412323,1,,,,
D2_00805,G_01466,en,E5_crossdataset,1,0.9779233336448669,1,,,,
D2_00806,G_01467,en,E5_crossdataset,1,0.8900105953216553,1,,,,
D2_00807,G_01468,en,E5_crossdataset,1,0.9773305654525757,1,,,,
D2_00808,G_01469,en,E5_crossdataset,1,0.9755042791366577,1,,,,
D2_00809,G_01470,en,E5_crossdataset,1,0.9744377136230469,1,,,,
D2_00810,G_01471,en,E5_crossdataset,1,0.9757569432258606,1,,,,
D2_00811,G_01472,en,E5_crossdataset,1,0.2975737452507019,1,,,,
D2_00812,G_01473,en,E5_crossdataset,1,0.9764131903648376,1,,,,
D2_00813,G_01474,en,E5_crossdataset,1,0.974602997303009,1,,,,
D2_00814,G_01475,en,E5_crossdataset,1,0.974881649017334,1,,,,
D2_00815,G_01476,en,E5_crossdataset,1,0.7198942303657532,1,,,,
D2_00816,G_01477,en,E5_crossdataset,1,0.9219178557395935,1,,,,
D2_00817,G_01478,en,E5_crossdataset,1,0.9577502608299255,1,,,,
D2_00818,G_01479,en,E5_crossdataset,1,0.9781966805458069,1,,,,
D2_00819,G_01480,en,E5_crossdataset,1,0.9774267673492432,1,,,,
D2_00820,G_01481,en,E5_crossdataset,1,0.9755862951278687,1,,,,
D2_00821,G_01482,en,E5_crossdataset,1,0.9776754379272461,1,,,,
D2_00822,G_01483,en,E5_crossdataset,1,0.9749541878700256,1,,,,
D2_00823,G_01484,en,E5_crossdataset,1,0.9731467962265015,1,,,,
D2_00824,G_01485,en,E5_crossdataset,1,0.9672324657440186,1,,,,
D2_00825,G_01486,en,E5_crossdataset,1,0.9220030903816223,1,,,,
D2_00826,G_01487,en,E5_crossdataset,1,0.12232476472854614,0,,,,
D2_00827,G_01488,en,E5_crossdataset,1,0.9743015766143799,1,,,,
D2_00828,G_01489,en,E5_crossdataset,1,0.9120316505432129,1,,,,
D2_00829,G_01490,en,E5_crossdataset,1,0.9683588743209839,1,,,,
D2_00830,G_01491,en,E5_crossdataset,1,0.41663989424705505,1,,,,
D2_00831,G_01492,en,E5_crossdataset,1,0.9764696955680847,1,,,,
D2_00832,G_01493,en,E5_crossdataset,1,0.9711309671401978,1,,,,
D2_00833,G_01494,en,E5_crossdataset,1,0.9714014530181885,1,,,,
D2_00834,G_01495,en,E5_crossdataset,1,0.6385738849639893,1,,,,
D2_00835,G_01496,en,E5_crossdataset,1,0.9658130407333374,1,,,,
D2_00836,G_01497,en,E5_crossdataset,1,0.9784092307090759,1,,,,
D2_00837,G_01498,en,E5_crossdataset,1,0.9777898788452148,1,,,,
D2_00838,G_01499,en,E5_crossdataset,1,0.4482054114341736,1,,,,
D2_00839,G_01500,en,E5_crossdataset,1,0.9689469933509827,1,,,,
D2_00840,G_00868,en,E5_crossdataset,1,0.7857722043991089,1,,,,
D2_00841,G_01502,en,E5_crossdataset,1,0.8271439075469971,1,,,,
D2_00842,G_01503,en,E5_crossdataset,1,0.9776136875152588,1,,,,
D2_00843,G_01504,en,E5_crossdataset,1,0.9717631340026855,1,,,,
D2_00844,G_01505,en,E5_crossdataset,1,0.9749376177787781,1,,,,
D2_00845,G_01506,en,E5_crossdataset,1,0.9634853005409241,1,,,,
D2_00846,G_01507,en,E5_crossdataset,1,0.972279965877533,1,,,,
D2_00847,G_01508,en,E5_crossdataset,1,0.9751374125480652,1,,,,
D2_00848,G_01509,en,E5_crossdataset,1,0.9603825211524963,1,,,,
D2_00849,G_01510,en,E5_crossdataset,1,0.9692599773406982,1,,,,
D2_00850,G_01511,en,E5_crossdataset,1,0.5817773938179016,1,,,,
D2_00851,G_01512,en,E5_crossdataset,1,0.954538881778717,1,,,,
D2_00852,G_01513,en,E5_crossdataset,1,0.978615403175354,1,,,,
D2_00853,G_01514,en,E5_crossdataset,1,0.09671157598495483,0,,,,
D2_00854,G_01515,en,E5_crossdataset,1,0.13092687726020813,0,,,,
D2_00855,G_01516,en,E5_crossdataset,1,0.9733630418777466,1,,,,
D2_00856,G_01517,en,E5_crossdataset,1,0.9761222004890442,1,,,,
D2_00857,G_01518,en,E5_crossdataset,1,0.9792126417160034,1,,,,
D2_00858,G_01519,en,E5_crossdataset,1,0.07362576574087143,0,,,,
D2_00859,G_01520,en,E5_crossdataset,1,0.9778213500976562,1,,,,
D2_00860,G_01521,en,E5_crossdataset,1,0.9652530550956726,1,,,,
D2_00861,G_01522,en,E5_crossdataset,1,0.9535547494888306,1,,,,
D2_00862,G_01523,en,E5_crossdataset,1,0.9758988618850708,1,,,,
D2_00863,G_01524,en,E5_crossdataset,1,0.3246122896671295,1,,,,
D2_00864,G_01525,en,E5_crossdataset,1,0.9590230584144592,1,,,,
D2_00865,G_01526,en,E5_crossdataset,1,0.9771932363510132,1,,,,
D2_00866,G_01527,en,E5_crossdataset,1,0.9765697121620178,1,,,,
D2_00867,G_01528,en,E5_crossdataset,1,0.970452070236206,1,,,,
D2_00868,G_01529,en,E5_crossdataset,1,0.9323673844337463,1,,,,
D2_00869,G_01530,en,E5_crossdataset,1,0.9728566408157349,1,,,,
D2_00870,G_01531,en,E5_crossdataset,1,0.9667719006538391,1,,,,
D2_00871,G_01532,en,E5_crossdataset,1,0.9750569462776184,1,,,,
D2_00872,G_01533,en,E5_crossdataset,1,0.9756377935409546,1,,,,
D2_00873,G_01534,en,E5_crossdataset,1,0.9761882424354553,1,,,,
D2_00874,G_01535,en,E5_crossdataset,1,0.9749071598052979,1,,,,
D2_00875,G_01536,en,E5_crossdataset,1,0.9739552140235901,1,,,,
D2_00876,G_01537,en,E5_crossdataset,1,0.976362407207489,1,,,,
D2_00877,G_01538,en,E5_crossdataset,1,0.9753659963607788,1,,,,
D2_00878,G_01539,en,E5_crossdataset,1,0.9755394458770752,1,,,,
D2_00879,G_01540,en,E5_crossdataset,1,0.9755468368530273,1,,,,
D2_00880,G_01541,en,E5_crossdataset,1,0.9754902124404907,1,,,,
D2_00881,G_01542,en,E5_crossdataset,1,0.9708221554756165,1,,,,
D2_00882,G_01543,en,E5_crossdataset,1,0.9008583426475525,1,,,,
D2_00883,G_01544,en,E5_crossdataset,1,0.0968988835811615,0,,,,
D2_00884,G_01545,en,E5_crossdataset,1,0.9459277987480164,1,,,,
D2_00885,G_01546,en,E5_crossdataset,1,0.9739269614219666,1,,,,
D2_00886,G_01547,en,E5_crossdataset,1,0.9541680812835693,1,,,,
D2_00887,G_01548,en,E5_crossdataset,1,0.9771798253059387,1,,,,
D2_00888,G_01549,en,E5_crossdataset,1,0.6576604247093201,1,,,,
D2_00889,G_01550,en,E5_crossdataset,1,0.9755945801734924,1,,,,
D2_00890,G_01551,en,E5_crossdataset,1,0.9763369560241699,1,,,,
D2_00891,G_01552,en,E5_crossdataset,1,0.967592179775238,1,,,,
D2_00892,G_01553,en,E5_crossdataset,1,0.9773759841918945,1,,,,
D2_00893,G_01554,en,E5_crossdataset,1,0.9763389825820923,1,,,,
D2_00894,G_01555,en,E5_crossdataset,1,0.9761409759521484,1,,,,
D2_00895,G_01556,en,E5_crossdataset,1,0.9782918691635132,1,,,,
D2_00896,G_01557,en,E5_crossdataset,1,0.9020885229110718,1,,,,
D2_00897,G_01558,en,E5_crossdataset,1,0.6877016425132751,1,,,,
D2_00898,G_01559,en,E5_crossdataset,1,0.3827947974205017,1,,,,
D2_00899,G_01560,en,E5_crossdataset,1,0.9759387969970703,1,,,,
D2_00900,G_01561,en,E5_crossdataset,1,0.9753192663192749,1,,,,
D2_00901,G_01562,en,E5_crossdataset,1,0.9748696684837341,1,,,,
D2_00902,G_01563,en,E5_crossdataset,1,0.9738759398460388,1,,,,
D2_00903,G_01564,en,E5_crossdataset,1,0.9476104974746704,1,,,,
D2_00904,G_01565,en,E5_crossdataset,1,0.9675329327583313,1,,,,
D2_00905,G_01566,en,E5_crossdataset,1,0.9685019254684448,1,,,,
D2_00906,G_01567,en,E5_crossdataset,1,0.967879056930542,1,,,,
D2_00907,G_01568,en,E5_crossdataset,1,0.9736107587814331,1,,,,
D2_00908,G_01569,en,E5_crossdataset,1,0.9690074324607849,1,,,,
D2_00909,G_01570,en,E5_crossdataset,1,0.9770281314849854,1,,,,
D2_00910,G_01571,en,E5_crossdataset,1,0.9572500586509705,1,,,,
D2_00911,G_01572,en,E5_crossdataset,1,0.1756623387336731,0,,,,
D2_00912,G_01573,en,E5_crossdataset,1,0.9397659301757812,1,,,,
D2_00913,G_01574,en,E5_crossdataset,1,0.9702456593513489,1,,,,
D2_00914,G_01575,en,E5_crossdataset,1,0.9778644442558289,1,,,,
D2_00915,G_01576,en,E5_crossdataset,1,0.9783475399017334,1,,,,
D2_00916,G_01577,en,E5_crossdataset,1,0.9790982007980347,1,,,,
D2_00917,G_01578,en,E5_crossdataset,1,0.9643378257751465,1,,,,
D2_00918,G_01579,en,E5_crossdataset,1,0.5717247724533081,1,,,,
D2_00919,G_01580,en,E5_crossdataset,1,0.9707092046737671,1,,,,
D2_00920,G_01581,en,E5_crossdataset,1,0.9757179021835327,1,,,,
D2_00921,G_01582,en,E5_crossdataset,1,0.9778293371200562,1,,,,
D2_00922,G_01583,en,E5_crossdataset,1,0.9375687837600708,1,,,,
D2_00923,G_01584,en,E5_crossdataset,1,0.9763433337211609,1,,,,
D2_00924,G_01585,en,E5_crossdataset,1,0.9628543853759766,1,,,,
D2_00925,G_01586,en,E5_crossdataset,1,0.9790773987770081,1,,,,
D2_00926,G_01587,en,E5_crossdataset,1,0.29324138164520264,1,,,,
D2_00927,G_01588,en,E5_crossdataset,1,0.8817228674888611,1,,,,
D2_00928,G_01589,en,E5_crossdataset,1,0.9782723188400269,1,,,,
D2_00929,G_01590,en,E5_crossdataset,1,0.972939670085907,1,,,,
D2_00930,G_01591,en,E5_crossdataset,1,0.9740923643112183,1,,,,
D2_00931,G_01592,en,E5_crossdataset,1,0.9747309684753418,1,,,,
D2_00932,G_01593,en,E5_crossdataset,1,0.9788824915885925,1,,,,
D2_00933,G_01594,en,E5_crossdataset,1,0.9741449952125549,1,,,,
D2_00934,G_01595,en,E5_crossdataset,1,0.45134997367858887,1,,,,
D2_00935,G_01596,en,E5_crossdataset,1,0.9743251204490662,1,,,,
D2_00936,G_01597,en,E5_crossdataset,1,0.9522320032119751,1,,,,
D2_00937,G_01598,en,E5_crossdataset,1,0.9760955572128296,1,,,,
D2_00938,G_01599,en,E5_crossdataset,1,0.9501073360443115,1,,,,
D2_00939,G_01600,en,E5_crossdataset,1,0.9754736423492432,1,,,,
D2_00940,G_01601,en,E5_crossdataset,1,0.9567838311195374,1,,,,
D2_00941,G_01602,en,E5_crossdataset,1,0.10116396099328995,0,,,,
D2_00942,G_01603,en,E5_crossdataset,1,0.5153098702430725,1,,,,
D2_00943,G_01604,en,E5_crossdataset,1,0.1254802793264389,0,,,,
D2_00944,G_01605,en,E5_crossdataset,1,0.9776312708854675,1,,,,
D2_00945,G_01606,en,E5_crossdataset,1,0.9789636135101318,1,,,,
D2_00946,G_01607,en,E5_crossdataset,1,0.9520785808563232,1,,,,
D2_00947,G_01608,en,E5_crossdataset,1,0.9737315773963928,1,,,,
D2_00948,G_01609,en,E5_crossdataset,1,0.9710922837257385,1,,,,
D2_00949,G_01610,en,E5_crossdataset,1,0.9645513892173767,1,,,,
D2_00950,G_01611,en,E5_crossdataset,1,0.8191716074943542,1,,,,
D2_00951,G_01612,en,E5_crossdataset,1,0.9761952757835388,1,,,,
D2_00952,G_01613,en,E5_crossdataset,1,0.9737605452537537,1,,,,
D2_00953,G_01614,en,E5_crossdataset,1,0.9649922251701355,1,,,,
D2_00954,G_01615,en,E5_crossdataset,1,0.977016270160675,1,,,,
D2_00955,G_01616,en,E5_crossdataset,1,0.9785872101783752,1,,,,
D2_00956,G_01617,en,E5_crossdataset,1,0.9739201664924622,1,,,,
D2_00957,G_01618,en,E5_crossdataset,1,0.9707302451133728,1,,,,
D2_00958,G_01619,en,E5_crossdataset,1,0.9776170253753662,1,,,,
D2_00959,G_01620,en,E5_crossdataset,1,0.16986961662769318,0,,,,
D2_00960,G_01621,en,E5_crossdataset,1,0.9681293964385986,1,,,,
D2_00961,G_01622,en,E5_crossdataset,1,0.9751483201980591,1,,,,
D2_00962,G_01623,en,E5_crossdataset,1,0.9629035592079163,1,,,,
D2_00963,G_01624,en,E5_crossdataset,1,0.9682028293609619,1,,,,
D2_00964,G_01625,en,E5_crossdataset,1,0.9794318079948425,1,,,,
D2_00965,G_01626,en,E5_crossdataset,1,0.14612551033496857,0,,,,
D2_00966,G_01627,en,E5_crossdataset,1,0.10155567526817322,0,,,,
D2_00967,G_01628,en,E5_crossdataset,1,0.978318989276886,1,,,,
D2_00968,G_01629,en,E5_crossdataset,1,0.7224284410476685,1,,,,
D2_00969,G_01630,en,E5_crossdataset,1,0.974561333656311,1,,,,
D2_00970,G_01631,en,E5_crossdataset,1,0.9703871607780457,1,,,,
D2_00971,G_01632,en,E5_crossdataset,1,0.9632326364517212,1,,,,
D2_00972,G_01633,en,E5_crossdataset,1,0.22971296310424805,1,,,,
D2_00973,G_01634,en,E5_crossdataset,1,0.08778440952301025,0,,,,
D2_00974,G_01635,en,E5_crossdataset,1,0.12975303828716278,0,,,,
D2_00975,G_01636,en,E5_crossdataset,1,0.907794713973999,1,,,,
D2_00976,G_01637,en,E5_crossdataset,1,0.9784447550773621,1,,,,
D2_00977,G_01638,en,E5_crossdataset,1,0.9557375907897949,1,,,,
D2_00978,G_01639,en,E5_crossdataset,1,0.9782957434654236,1,,,,
D2_00979,G_01640,en,E5_crossdataset,1,0.9112262725830078,1,,,,
D2_00980,G_01641,en,E5_crossdataset,1,0.979099452495575,1,,,,
D2_00981,G_01642,en,E5_crossdataset,1,0.9034065008163452,1,,,,
D2_00982,G_01643,en,E5_crossdataset,1,0.9697797298431396,1,,,,
D2_00983,G_01644,en,E5_crossdataset,1,0.12507835030555725,0,,,,
D2_00984,G_01645,en,E5_crossdataset,1,0.9750069975852966,1,,,,
D2_00985,G_01646,en,E5_crossdataset,1,0.9759893417358398,1,,,,
D2_00986,G_01647,en,E5_crossdataset,1,0.9769355058670044,1,,,,
D2_00987,G_01648,en,E5_crossdataset,1,0.9750197529792786,1,,,,
D2_00988,G_01649,en,E5_crossdataset,1,0.9784860610961914,1,,,,
D2_00989,G_01650,en,E5_crossdataset,1,0.9644378423690796,1,,,,
D2_00990,G_01651,en,E5_crossdataset,1,0.973551332950592,1,,,,
D2_00991,G_01652,en,E5_crossdataset,1,0.9750784635543823,1,,,,
D2_00992,G_01653,en,E5_crossdataset,1,0.9763107299804688,1,,,,
D2_00993,G_01654,en,E5_crossdataset,1,0.977064311504364,1,,,,
D2_00994,G_01655,en,E5_crossdataset,1,0.969257652759552,1,,,,
D2_00995,G_01656,en,E5_crossdataset,1,0.44775694608688354,1,,,,
D2_00996,G_01657,en,E5_crossdataset,1,0.8244194388389587,1,,,,
D2_00997,G_01658,en,E5_crossdataset,1,0.970219075679779,1,,,,
D2_00998,G_01659,en,E5_crossdataset,1,0.4135130047798157,1,,,,
D2_00999,G_01660,en,E5_crossdataset,1,0.974147617816925,1,,,,
D2_01000,G_01661,en,E5_crossdataset,1,0.9769648313522339,1,,,,
D3_00001,G_01662,en,FP_promptbench,0,0.9661248326301575,1,,,,
D3_00002,G_01663,en,FP_promptbench,0,0.9777058959007263,1,,,,
D3_00003,G_01664,en,FP_promptbench,0,0.9672525525093079,1,,,,
D3_00004,G_02959,en,FP_promptbench,0,0.970067024230957,1,,,,
D3_00005,G_01666,en,FP_promptbench,0,0.9630038142204285,1,,,,
D3_00006,G_01667,en,FP_promptbench,0,0.9770902395248413,1,,,,
D3_00007,G_01668,en,FP_promptbench,0,0.974103569984436,1,,,,
D3_00008,G_01669,en,FP_promptbench,0,0.9738627076148987,1,,,,
D3_00009,G_02968,en,FP_promptbench,0,0.9621502757072449,1,,,,
D3_00010,G_01671,en,FP_promptbench,0,0.9627573490142822,1,,,,
D3_00011,G_01691,en,FP_promptbench,0,0.9743947386741638,1,,,,
D3_00012,G_01698,en,FP_promptbench,0,0.9703822135925293,1,,,,
D3_00013,G_01705,en,FP_promptbench,0,0.9769514203071594,1,,,,
D3_00014,G_02971,en,FP_promptbench,0,0.9774373769760132,1,,,,
D3_00015,G_01676,en,FP_promptbench,0,0.975091278553009,1,,,,
D3_00016,G_01677,en,FP_promptbench,0,0.9707534909248352,1,,,,
D3_00017,G_01678,en,FP_promptbench,0,0.9745020270347595,1,,,,
D3_00018,G_01679,en,FP_promptbench,0,0.9768673181533813,1,,,,
D3_00019,G_01680,en,FP_promptbench,0,0.9772464036941528,1,,,,
D3_00020,G_02977,en,FP_promptbench,0,0.9702151417732239,1,,,,
D3_00021,G_01682,en,FP_promptbench,0,0.968296229839325,1,,,,
D3_00022,G_01683,en,FP_promptbench,0,0.9592023491859436,1,,,,
D3_00023,G_01684,en,FP_promptbench,0,0.9784383773803711,1,,,,
D3_00024,G_01685,en,FP_promptbench,0,0.9756448268890381,1,,,,
D3_00025,G_01686,en,FP_promptbench,0,0.9721981883049011,1,,,,
D3_00026,G_01687,en,FP_promptbench,0,0.9787589311599731,1,,,,
D3_00027,G_01664,en,FP_promptbench,0,0.9729865193367004,1,,,,
D3_00028,G_01689,en,FP_promptbench,0,0.9709212183952332,1,,,,
D3_00029,G_01663,en,FP_promptbench,0,0.9784990549087524,1,,,,
D3_00030,G_01691,en,FP_promptbench,0,0.9765581488609314,1,,,,
D3_00031,G_01698,en,FP_promptbench,0,0.9742121696472168,1,,,,
D3_00032,G_01705,en,FP_promptbench,0,0.9781572222709656,1,,,,
D3_00033,G_01664,en,FP_promptbench,0,0.9720283150672913,1,,,,
D3_00034,G_01662,en,FP_promptbench,0,0.9692136645317078,1,,,,
D3_00035,G_01663,en,FP_promptbench,0,0.9773232936859131,1,,,,
D3_00036,G_01691,en,FP_promptbench,0,0.9746100306510925,1,,,,
D3_00037,G_01698,en,FP_promptbench,0,0.9716874361038208,1,,,,
D3_00038,G_01705,en,FP_promptbench,0,0.9782489538192749,1,,,,
D3_00039,G_01664,en,FP_promptbench,0,0.971914529800415,1,,,,
D3_00040,G_01701,en,FP_promptbench,0,0.9758087396621704,1,,,,
D3_00041,G_01663,en,FP_promptbench,0,0.9785647392272949,1,,,,
D3_00042,G_01691,en,FP_promptbench,0,0.9764129519462585,1,,,,
D3_00043,G_01698,en,FP_promptbench,0,0.9730562567710876,1,,,,
D3_00044,G_01705,en,FP_promptbench,0,0.9775757789611816,1,,,,
D3_00045,G_01706,en,FP_promptbench,0,0.9549317955970764,1,,,,
D3_00046,G_01662,en,FP_promptbench,0,0.9709241390228271,1,,,,
D3_00047,G_01708,en,FP_promptbench,0,0.9751522541046143,1,,,,
D3_00048,G_01691,en,FP_promptbench,0,0.9761724472045898,1,,,,
D3_00049,G_01710,en,FP_promptbench,0,0.9741565585136414,1,,,,
D3_00050,G_01705,en,FP_promptbench,0,0.9783812761306763,1,,,,
D3_00051,G_01712,en,FP_promptbench,0,0.9543522000312805,1,,,,
D3_00052,G_01713,en,FP_promptbench,0,0.9684892296791077,1,,,,
D3_00053,G_01714,en,FP_promptbench,0,0.9768407344818115,1,,,,
D3_00055,G_01715,en,FP_promptbench,0,0.9769771099090576,1,,,,
D3_00056,G_01716,en,FP_promptbench,0,0.969375729560852,1,,,,
D3_00057,G_01717,en,FP_promptbench,0,0.9780949950218201,1,,,,
D3_00058,G_01718,other,FP_promptbench,0,0.9510363936424255,1,,,,
D3_00059,G_01719,other,FP_promptbench,0,0.9669856429100037,1,,,,
D3_00060,G_01720,other,FP_promptbench,0,0.9681953191757202,1,,,,
D3_00061,G_01721,other,FP_promptbench,0,0.966632068157196,1,,,,
D3_00062,G_01722,other,FP_promptbench,0,0.9539176821708679,1,,,,
D3_00063,G_01723,other,FP_promptbench,0,0.965792179107666,1,,,,
D3_00064,G_01724,other,FP_promptbench,0,0.9613252878189087,1,,,,
D3_00065,G_01723,other,FP_promptbench,0,0.9587804675102234,1,,,,
D3_00066,G_01726,other,FP_promptbench,0,0.9561992883682251,1,,,,
D3_00068,G_01727,other,FP_promptbench,0,0.9350534677505493,1,,,,
D3_00069,G_01728,other,FP_promptbench,0,0.9674128293991089,1,,,,
D3_00070,G_01729,other,FP_promptbench,0,0.9696550369262695,1,,,,
D3_00071,G_01730,other,FP_promptbench,0,0.9605817794799805,1,,,,
D3_00072,G_01731,other,FP_promptbench,0,0.958425760269165,1,,,,
D3_00073,G_01732,other,FP_promptbench,0,0.9676141738891602,1,,,,
D3_00074,G_01733,other,FP_promptbench,0,0.970649003982544,1,,,,
D3_00075,G_01734,other,FP_promptbench,0,0.9661893844604492,1,,,,
D3_00076,G_01735,other,FP_promptbench,0,0.9659184813499451,1,,,,
D3_00077,G_01736,other,FP_promptbench,0,0.8988726735115051,1,,,,
D3_00078,G_01737,other,FP_promptbench,0,0.9694777727127075,1,,,,
D3_00079,G_01738,other,FP_promptbench,0,0.9645618200302124,1,,,,
D3_00080,G_01739,other,FP_promptbench,0,0.9665437340736389,1,,,,
D3_00081,G_01740,other,FP_promptbench,0,0.959372878074646,1,,,,
D3_00082,G_01741,other,FP_promptbench,0,0.9577112197875977,1,,,,
D3_00083,G_01742,other,FP_promptbench,0,0.9651675224304199,1,,,,
D3_00084,G_01743,other,FP_promptbench,0,0.9684081673622131,1,,,,
D3_00085,G_01744,other,FP_promptbench,0,0.9427419304847717,1,,,,
D3_00086,G_01745,other,FP_promptbench,0,0.9585652947425842,1,,,,
D3_00087,G_01746,other,FP_promptbench,0,0.9681278467178345,1,,,,
D3_00088,G_01747,other,FP_promptbench,0,0.9713268876075745,1,,,,
D3_00089,G_01738,other,FP_promptbench,0,0.9658018350601196,1,,,,
D3_00090,G_01749,other,FP_promptbench,0,0.6700647473335266,1,,,,
D3_00091,G_01750,other,FP_promptbench,0,0.9700716137886047,1,,,,
D3_00092,G_01751,other,FP_promptbench,0,0.9645327925682068,1,,,,
D3_00093,G_01752,other,FP_promptbench,0,0.9648779034614563,1,,,,
D3_00094,G_01753,other,FP_promptbench,0,0.5840869545936584,1,,,,
D3_00095,G_01754,other,FP_promptbench,0,0.6369972825050354,1,,,,
D3_00096,G_01755,other,FP_promptbench,0,0.9730592966079712,1,,,,
D3_00097,G_01756,other,FP_promptbench,0,0.9690138101577759,1,,,,
D3_00098,G_01757,other,FP_promptbench,0,0.9683173894882202,1,,,,
D3_00099,G_01758,other,FP_promptbench,0,0.9685913324356079,1,,,,
D3_00100,G_01759,other,FP_promptbench,0,0.960878849029541,1,,,,
D3_00101,G_01760,other,FP_promptbench,0,0.9463484883308411,1,,,,
D3_00102,G_01761,other,FP_promptbench,0,0.9640649557113647,1,,,,
D3_00103,G_01762,other,FP_promptbench,0,0.9661861658096313,1,,,,
D3_00104,G_01763,other,FP_promptbench,0,0.9622694253921509,1,,,,
D3_00105,G_01764,other,FP_promptbench,0,0.8011316657066345,1,,,,
D3_00106,G_01762,other,FP_promptbench,0,0.9717469811439514,1,,,,
D3_00107,G_01766,other,FP_promptbench,0,0.9514574408531189,1,,,,
D3_00108,G_01767,other,FP_promptbench,0,0.9507099390029907,1,,,,
D3_00109,G_01768,other,FP_promptbench,0,0.9606404304504395,1,,,,
D3_00110,G_01769,other,FP_promptbench,0,0.9456948041915894,1,,,,
D3_00111,G_01770,other,FP_promptbench,0,0.9546089768409729,1,,,,
D3_00112,G_01771,other,FP_promptbench,0,0.9536344408988953,1,,,,
D3_00113,G_01772,other,FP_promptbench,0,0.9478069543838501,1,,,,
D3_00114,G_01773,other,FP_promptbench,0,0.9723997712135315,1,,,,
D3_00115,G_01774,other,FP_promptbench,0,0.8606612682342529,1,,,,
D3_00117,G_01775,other,FP_promptbench,0,0.9714263081550598,1,,,,
D3_00118,G_01803,en,FP_promptbench,0,0.9591833353042603,1,,,,
D3_00119,G_01802,en,FP_promptbench,0,0.9614934325218201,1,,,,
D3_00120,G_01816,en,FP_promptbench,0,0.9748655557632446,1,,,,
D3_00121,G_03017,en,FP_promptbench,0,0.9481210112571716,1,,,,
D3_00122,G_01780,en,FP_promptbench,0,0.9085059762001038,1,,,,
D3_00123,G_03023,en,FP_promptbench,0,0.976067841053009,1,,,,
D3_00124,G_03579,en,FP_promptbench,0,0.9754641056060791,1,,,,
D3_00125,G_01783,en,FP_promptbench,0,0.9262236952781677,1,,,,
D3_00126,G_01784,en,FP_promptbench,0,0.8642861843109131,1,,,,
D3_00127,G_01785,en,FP_promptbench,0,0.8232700228691101,1,,,,
D3_00128,G_01811,en,FP_promptbench,0,0.9669113755226135,1,,,,
D3_00129,G_01819,en,FP_promptbench,0,0.9785807132720947,1,,,,
D3_00130,G_01818,en,FP_promptbench,0,0.9591030478477478,1,,,,
D3_00131,G_01789,en,FP_promptbench,0,0.9645882248878479,1,,,,
D3_00132,G_01790,en,FP_promptbench,0,0.9713963866233826,1,,,,
D3_00133,G_03045,en,FP_promptbench,0,0.9757381081581116,1,,,,
D3_00134,G_03029,en,FP_promptbench,0,0.9688727855682373,1,,,,
D3_00135,G_01793,en,FP_promptbench,0,0.9741859436035156,1,,,,
D3_00136,G_01794,en,FP_promptbench,0,0.9780489206314087,1,,,,
D3_00137,G_01795,en,FP_promptbench,0,0.9541585445404053,1,,,,
D3_00138,G_01796,en,FP_promptbench,0,0.9144750833511353,1,,,,
D3_00139,G_01797,en,FP_promptbench,0,0.9595164656639099,1,,,,
D3_00140,G_01798,en,FP_promptbench,0,0.9697297215461731,1,,,,
D3_00141,G_01799,en,FP_promptbench,0,0.9657215476036072,1,,,,
D3_00142,G_01800,en,FP_promptbench,0,0.9760312438011169,1,,,,
D3_00143,G_01801,en,FP_promptbench,0,0.9656421542167664,1,,,,
D3_00144,G_01802,en,FP_promptbench,0,0.9645873308181763,1,,,,
D3_00145,G_01803,en,FP_promptbench,0,0.9648037552833557,1,,,,
D3_00146,G_01816,en,FP_promptbench,0,0.9766632914543152,1,,,,
D3_00147,G_01811,en,FP_promptbench,0,0.9698182940483093,1,,,,
D3_00148,G_01818,en,FP_promptbench,0,0.9656408429145813,1,,,,
D3_00149,G_01819,en,FP_promptbench,0,0.9789555072784424,1,,,,
D3_00150,G_01808,en,FP_promptbench,0,0.9590179920196533,1,,,,
D3_00151,G_01809,en,FP_promptbench,0,0.9715050458908081,1,,,,
D3_00152,G_01810,en,FP_promptbench,0,0.9595292806625366,1,,,,
D3_00153,G_01811,en,FP_promptbench,0,0.9595131278038025,1,,,,
D3_00154,G_01812,en,FP_promptbench,0,0.7837532162666321,1,,,,
D3_00155,G_01819,en,FP_promptbench,0,0.9789448976516724,1,,,,
D3_00156,G_01814,en,FP_promptbench,0,0.9718483090400696,1,,,,
D3_00157,G_01815,en,FP_promptbench,0,0.9722360372543335,1,,,,
D3_00158,G_01816,en,FP_promptbench,0,0.9759814143180847,1,,,,
D3_00159,G_01811,en,FP_promptbench,0,0.9684685468673706,1,,,,
D3_00160,G_01818,en,FP_promptbench,0,0.962046205997467,1,,,,
D3_00161,G_01819,en,FP_promptbench,0,0.9786995649337769,1,,,,
D3_00162,G_01816,en,FP_promptbench,0,0.9747408628463745,1,,,,
D3_00163,G_01821,en,FP_promptbench,0,0.9527184963226318,1,,,,
D3_00164,G_01822,en,FP_promptbench,0,0.9112277030944824,1,,,,
D3_00165,G_01823,en,FP_promptbench,0,0.9010450839996338,1,,,,
D3_00166,G_01824,en,FP_promptbench,0,0.9756466746330261,1,,,,
D3_00167,G_01825,en,FP_promptbench,0,0.9140015244483948,1,,,,
D3_00168,G_01826,en,FP_promptbench,0,0.9134002923965454,1,,,,
D3_00169,G_01827,en,FP_promptbench,0,0.966925323009491,1,,,,
D3_00170,G_01828,en,FP_promptbench,0,0.9368157386779785,1,,,,
D3_00171,G_01829,en,FP_promptbench,0,0.9549683332443237,1,,,,
D3_00172,G_01830,en,FP_promptbench,0,0.9777637720108032,1,,,,
D3_00173,G_01831,en,FP_promptbench,0,0.9516693949699402,1,,,,
D3_00174,G_01832,other,FP_promptbench,0,0.9574137926101685,1,,,,
D3_00175,G_01833,other,FP_promptbench,0,0.9066091775894165,1,,,,
D3_00176,G_01842,other,FP_promptbench,0,0.9605474472045898,1,,,,
D3_00177,G_01835,other,FP_promptbench,0,0.9734482169151306,1,,,,
D3_00178,G_01842,other,FP_promptbench,0,0.9325786828994751,1,,,,
D3_00179,G_01837,other,FP_promptbench,0,0.967247724533081,1,,,,
D3_00180,G_01838,other,FP_promptbench,0,0.8899770975112915,1,,,,
D3_00182,G_01839,other,FP_promptbench,0,0.88407301902771,1,,,,
D3_00183,G_01838,other,FP_promptbench,0,0.9128822088241577,1,,,,
D3_00184,G_01841,other,FP_promptbench,0,0.9638031125068665,1,,,,
D3_00185,G_01842,other,FP_promptbench,0,0.9363978505134583,1,,,,
D3_00186,G_01843,other,FP_promptbench,0,0.9393462538719177,1,,,,
D3_00187,G_01844,other,FP_promptbench,0,0.9739060401916504,1,,,,
D3_00188,G_01842,other,FP_promptbench,0,0.9497676491737366,1,,,,
D3_00189,G_01844,other,FP_promptbench,0,0.9609217047691345,1,,,,
D3_00190,G_01847,other,FP_promptbench,0,0.9365636706352234,1,,,,
D3_00191,G_01842,other,FP_promptbench,0,0.9565082788467407,1,,,,
D3_00192,G_01849,other,FP_promptbench,0,0.9578319787979126,1,,,,
D3_00193,G_01850,other,FP_promptbench,0,0.9319049119949341,1,,,,
D3_00194,G_01851,other,FP_promptbench,0,0.9733338952064514,1,,,,
D3_00195,G_01833,other,FP_promptbench,0,0.9307456016540527,1,,,,
D3_00196,G_01853,other,FP_promptbench,0,0.9457234740257263,1,,,,
D3_00197,G_01854,other,FP_promptbench,0,0.9696923494338989,1,,,,
D3_00199,G_01855,other,FP_promptbench,0,0.973243772983551,1,,,,
D3_00200,G_01856,other,FP_promptbench,0,0.9424480199813843,1,,,,
D3_00201,G_01842,other,FP_promptbench,0,0.952289342880249,1,,,,
D3_00202,G_01858,other,FP_promptbench,0,0.7058350443840027,1,,,,
D3_00203,G_01859,other,FP_promptbench,0,0.9202945232391357,1,,,,
D3_00204,G_01860,other,FP_promptbench,0,0.9746964573860168,1,,,,
D3_00205,G_01861,other,FP_promptbench,0,0.9658542275428772,1,,,,
D3_00206,G_01862,other,FP_promptbench,0,0.9621435403823853,1,,,,
D3_00207,G_01863,other,FP_promptbench,0,0.9212654829025269,1,,,,
D3_00208,G_01864,other,FP_promptbench,0,0.9469292759895325,1,,,,
D3_00209,G_01865,other,FP_promptbench,0,0.9687848091125488,1,,,,
D3_00210,G_01863,other,FP_promptbench,0,0.9117007851600647,1,,,,
D3_00211,G_01867,other,FP_promptbench,0,0.9707043766975403,1,,,,
D3_00212,G_01862,other,FP_promptbench,0,0.962503969669342,1,,,,
D3_00213,G_01869,other,FP_promptbench,0,0.716899037361145,1,,,,
D3_00214,G_01870,other,FP_promptbench,0,0.971863865852356,1,,,,
D3_00215,G_01870,other,FP_promptbench,0,0.9710400104522705,1,,,,
D3_00216,G_01872,other,FP_promptbench,0,0.9569684267044067,1,,,,
D3_00217,G_01873,other,FP_promptbench,0,0.9698340892791748,1,,,,
D3_00218,G_01874,other,FP_promptbench,0,0.9626080989837646,1,,,,
D3_00219,G_01874,other,FP_promptbench,0,0.9597461819648743,1,,,,
D3_00220,G_01873,other,FP_promptbench,0,0.9726623892784119,1,,,,
D3_00221,G_01874,other,FP_promptbench,0,0.9643205404281616,1,,,,
D3_00222,G_01878,other,FP_promptbench,0,0.9709223508834839,1,,,,
D3_00223,G_01879,other,FP_promptbench,0,0.9746169447898865,1,,,,
D3_00224,G_01833,other,FP_promptbench,0,0.9054330587387085,1,,,,
D3_00225,G_01881,other,FP_promptbench,0,0.9652717113494873,1,,,,
D3_00226,G_01882,other,FP_promptbench,0,0.832916796207428,1,,,,
D3_00227,G_01833,other,FP_promptbench,0,0.8967671394348145,1,,,,
D3_00228,G_01884,other,FP_promptbench,0,0.9681181311607361,1,,,,
D3_00229,G_01885,other,FP_promptbench,0,0.8524097800254822,1,,,,
D3_00230,G_01833,other,FP_promptbench,0,0.9178734421730042,1,,,,
D3_00231,G_01887,other,FP_promptbench,0,0.9483667016029358,1,,,,
D3_00232,G_01888,other,FP_promptbench,0,0.825234591960907,1,,,,
D3_00233,G_01889,other,FP_promptbench,0,0.8790532350540161,1,,,,
D3_00234,G_01890,en,FP_promptbench,0,0.9708003401756287,1,,,,
D3_00235,G_01891,en,FP_promptbench,0,0.9693599939346313,1,,,,
D3_00236,G_01892,en,FP_promptbench,0,0.9734631180763245,1,,,,
D3_00237,G_01893,en,FP_promptbench,0,0.9594861268997192,1,,,,
D3_00238,G_03601,en,FP_promptbench,0,0.973183274269104,1,,,,
D3_00239,G_01895,en,FP_promptbench,0,0.9668010473251343,1,,,,
D3_00240,G_01896,en,FP_promptbench,0,0.969813346862793,1,,,,
D3_00241,G_01897,en,FP_promptbench,0,0.9706041812896729,1,,,,
D3_00242,G_01898,en,FP_promptbench,0,0.9711244702339172,1,,,,
D3_00243,G_01899,en,FP_promptbench,0,0.973709762096405,1,,,,
D3_00244,G_01931,en,FP_promptbench,0,0.972690999507904,1,,,,
D3_00245,G_01901,en,FP_promptbench,0,0.9758288264274597,1,,,,
D3_00246,G_01902,en,FP_promptbench,0,0.9774551391601562,1,,,,
D3_00247,G_01903,en,FP_promptbench,0,0.9720401167869568,1,,,,
D3_00248,G_04476,en,FP_promptbench,0,0.9711171388626099,1,,,,
D3_00249,G_03603,en,FP_promptbench,0,0.9762090444564819,1,,,,
D3_00250,G_01906,en,FP_promptbench,0,0.9742991924285889,1,,,,
D3_00251,G_01907,en,FP_promptbench,0,0.9698795080184937,1,,,,
D3_00252,G_04475,en,FP_promptbench,0,0.973838746547699,1,,,,
D3_00253,G_01909,en,FP_promptbench,0,0.9745907783508301,1,,,,
D3_00254,G_01910,en,FP_promptbench,0,0.9693341255187988,1,,,,
D3_00255,G_01911,en,FP_promptbench,0,0.9671232104301453,1,,,,
D3_00256,G_01912,en,FP_promptbench,0,0.9679706692695618,1,,,,
D3_00257,G_01913,en,FP_promptbench,0,0.9748708009719849,1,,,,
D3_00258,G_01914,en,FP_promptbench,0,0.9783527851104736,1,,,,
D3_00259,G_01915,en,FP_promptbench,0,0.9761374592781067,1,,,,
D3_00260,G_01890,en,FP_promptbench,0,0.9724502563476562,1,,,,
D3_00261,G_01892,en,FP_promptbench,0,0.9746661186218262,1,,,,
D3_00262,G_01891,en,FP_promptbench,0,0.9692432284355164,1,,,,
D3_00263,G_01931,en,FP_promptbench,0,0.9748275876045227,1,,,,
D3_00264,G_01902,en,FP_promptbench,0,0.9779052138328552,1,,,,
D3_00265,G_01901,en,FP_promptbench,0,0.9769766926765442,1,,,,
D3_00266,G_01922,en,FP_promptbench,0,0.9733130931854248,1,,,,
D3_00267,G_01923,en,FP_promptbench,0,0.9733404517173767,1,,,,
D3_00268,G_01924,en,FP_promptbench,0,0.9747089147567749,1,,,,
D3_00269,G_01925,en,FP_promptbench,0,0.9764441251754761,1,,,,
D3_00270,G_01926,en,FP_promptbench,0,0.9786632061004639,1,,,,
D3_00271,G_01901,en,FP_promptbench,0,0.9779062867164612,1,,,,
D3_00272,G_01890,en,FP_promptbench,0,0.972359299659729,1,,,,
D3_00273,G_01929,en,FP_promptbench,0,0.974271833896637,1,,,,
D3_00274,G_01891,en,FP_promptbench,0,0.9705802798271179,1,,,,
D3_00275,G_01931,en,FP_promptbench,0,0.9737183451652527,1,,,,
D3_00276,G_01902,en,FP_promptbench,0,0.9780278205871582,1,,,,
D3_00277,G_01901,en,FP_promptbench,0,0.9770578145980835,1,,,,
D3_00278,G_01890,en,FP_promptbench,0,0.9703456163406372,1,,,,
D3_00279,G_01935,en,FP_promptbench,0,0.9734447002410889,1,,,,
D3_00280,G_01891,en,FP_promptbench,0,0.967674732208252,1,,,,
D3_00281,G_01937,en,FP_promptbench,0,0.9756364226341248,1,,,,
D3_00282,G_01938,en,FP_promptbench,0,0.9792467951774597,1,,,,
D3_00283,G_01939,en,FP_promptbench,0,0.9775531888008118,1,,,,
D3_00284,G_01940,en,FP_promptbench,0,0.9658195972442627,1,,,,
D3_00285,G_01941,en,FP_promptbench,0,0.9531412124633789,1,,,,
D3_00286,G_01942,en,FP_promptbench,0,0.9714896082878113,1,,,,
D3_00287,G_01943,en,FP_promptbench,0,0.9727804660797119,1,,,,
D3_00288,G_01944,en,FP_promptbench,0,0.9792360663414001,1,,,,
D3_00289,G_01945,en,FP_promptbench,0,0.9769492745399475,1,,,,
D3_00290,G_01946,other,FP_promptbench,0,0.9436184763908386,1,,,,
D3_00291,G_01947,other,FP_promptbench,0,0.9667547345161438,1,,,,
D3_00292,G_01948,other,FP_promptbench,0,0.968349814414978,1,,,,
D3_00293,G_01949,other,FP_promptbench,0,0.9680659770965576,1,,,,
D3_00294,G_01950,other,FP_promptbench,0,0.9381107687950134,1,,,,
D3_00295,G_01951,other,FP_promptbench,0,0.9668560028076172,1,,,,
D3_00296,G_01952,other,FP_promptbench,0,0.965552568435669,1,,,,
D3_00297,G_01953,other,FP_promptbench,0,0.9175300002098083,1,,,,
D3_00298,G_01951,other,FP_promptbench,0,0.9697582721710205,1,,,,
D3_00299,G_01955,other,FP_promptbench,0,0.9690552353858948,1,,,,
D3_00300,G_01956,other,FP_promptbench,0,0.9697452783584595,1,,,,
D3_00301,G_01957,other,FP_promptbench,0,0.9454269409179688,1,,,,
D3_00302,G_01951,other,FP_promptbench,0,0.9733777046203613,1,,,,
D3_00303,G_01959,other,FP_promptbench,0,0.9677245616912842,1,,,,
D3_00304,G_01960,other,FP_promptbench,0,0.9529016017913818,1,,,,
D3_00305,G_01961,other,FP_promptbench,0,0.9734703302383423,1,,,,
D3_00306,G_01962,other,FP_promptbench,0,0.9345293045043945,1,,,,
D3_00307,G_01963,other,FP_promptbench,0,0.9657166600227356,1,,,,
D3_00308,G_01951,other,FP_promptbench,0,0.9727333188056946,1,,,,
D3_00309,G_01965,other,FP_promptbench,0,0.9707589745521545,1,,,,
D3_00310,G_01946,other,FP_promptbench,0,0.9673731327056885,1,,,,
D3_00311,G_01967,other,FP_promptbench,0,0.9657365679740906,1,,,,
D3_00312,G_01968,other,FP_promptbench,0,0.9668864011764526,1,,,,
D3_00313,G_01969,other,FP_promptbench,0,0.9717321395874023,1,,,,
D3_00314,G_01970,other,FP_promptbench,0,0.971723735332489,1,,,,
D3_00315,G_01967,other,FP_promptbench,0,0.9640255570411682,1,,,,
D3_00316,G_01972,other,FP_promptbench,0,0.9687963724136353,1,,,,
D3_00317,G_01973,other,FP_promptbench,0,0.9650982618331909,1,,,,
D3_00318,G_01974,other,FP_promptbench,0,0.9719849228858948,1,,,,
D3_00319,G_01975,other,FP_promptbench,0,0.963470458984375,1,,,,
D3_00320,G_01976,other,FP_promptbench,0,0.5940991640090942,1,,,,
D3_00322,G_01977,other,FP_promptbench,0,0.9620372653007507,1,,,,
D3_00323,G_01978,other,FP_promptbench,0,0.9724846482276917,1,,,,
D3_00324,G_01979,other,FP_promptbench,0,0.4789822995662689,1,,,,
D3_00325,G_01980,other,FP_promptbench,0,0.9727779626846313,1,,,,
D3_00326,G_01981,other,FP_promptbench,0,0.8009304404258728,1,,,,
D3_00327,G_01982,other,FP_promptbench,0,0.5863798260688782,1,,,,
D3_00328,G_01983,other,FP_promptbench,0,0.9659268260002136,1,,,,
D3_00329,G_01984,other,FP_promptbench,0,0.9685973525047302,1,,,,
D3_00330,G_01985,other,FP_promptbench,0,0.9452937841415405,1,,,,
D3_00331,G_01986,other,FP_promptbench,0,0.9681118726730347,1,,,,
D3_00332,G_01987,other,FP_promptbench,0,0.9684241414070129,1,,,,
D3_00333,G_01988,other,FP_promptbench,0,0.9703018665313721,1,,,,
D3_00334,G_01989,other,FP_promptbench,0,0.9507037997245789,1,,,,
D3_00335,G_01990,other,FP_promptbench,0,0.9613783955574036,1,,,,
D3_00336,G_01991,other,FP_promptbench,0,0.9669662117958069,1,,,,
D3_00337,G_01992,other,FP_promptbench,0,0.9700992107391357,1,,,,
D3_00338,G_01993,other,FP_promptbench,0,0.9626004695892334,1,,,,
D3_00339,G_01994,other,FP_promptbench,0,0.8703886270523071,1,,,,
D3_00340,G_01995,other,FP_promptbench,0,0.9686776399612427,1,,,,
D3_00341,G_01996,other,FP_promptbench,0,0.970024049282074,1,,,,
D3_00342,G_01997,other,FP_promptbench,0,0.95958012342453,1,,,,
D3_00343,G_01998,other,FP_promptbench,0,0.9652464985847473,1,,,,
D3_00344,G_01999,other,FP_promptbench,0,0.9760204553604126,1,,,,
D3_00345,G_02000,other,FP_promptbench,0,0.966621458530426,1,,,,
D3_00346,G_02001,other,FP_promptbench,0,0.9321014285087585,1,,,,
D3_00347,G_02002,other,FP_promptbench,0,0.948072075843811,1,,,,
D3_00348,G_02003,other,FP_promptbench,0,0.9657712578773499,1,,,,
D3_00349,G_02004,other,FP_promptbench,0,0.9107598066329956,1,,,,
D3_00350,G_02005,en,FP_promptbench,0,0.9733358025550842,1,,,,
D3_00351,G_02032,en,FP_promptbench,0,0.9722703695297241,1,,,,
D3_00352,G_02007,en,FP_promptbench,0,0.9753932356834412,1,,,,
D3_00353,G_02008,en,FP_promptbench,0,0.971390962600708,1,,,,
D3_00354,G_02009,en,FP_promptbench,0,0.9710075259208679,1,,,,
D3_00355,G_03634,en,FP_promptbench,0,0.9745962023735046,1,,,,
D3_00356,G_02011,en,FP_promptbench,0,0.9735132455825806,1,,,,
D3_00357,G_02012,en,FP_promptbench,0,0.9731001853942871,1,,,,
D3_00358,G_02013,en,FP_promptbench,0,0.9737080931663513,1,,,,
D3_00359,G_02014,en,FP_promptbench,0,0.9709774255752563,1,,,,
D3_00360,G_02015,en,FP_promptbench,0,0.9767563343048096,1,,,,
D3_00361,G_02016,en,FP_promptbench,0,0.9722013473510742,1,,,,
D3_00362,G_03116,en,FP_promptbench,0,0.9748822450637817,1,,,,
D3_00363,G_02018,en,FP_promptbench,0,0.9772473573684692,1,,,,
D3_00364,G_02019,en,FP_promptbench,0,0.9758056402206421,1,,,,
D3_00365,G_02020,en,FP_promptbench,0,0.9773699641227722,1,,,,
D3_00366,G_02021,en,FP_promptbench,0,0.9744426012039185,1,,,,
D3_00367,G_04084,en,FP_promptbench,0,0.9723782539367676,1,,,,
D3_00368,G_02023,en,FP_promptbench,0,0.9741883277893066,1,,,,
D3_00369,G_03639,en,FP_promptbench,0,0.9764334559440613,1,,,,
D3_00370,G_02025,en,FP_promptbench,0,0.9733290076255798,1,,,,
D3_00371,G_02026,en,FP_promptbench,0,0.9714280962944031,1,,,,
D3_00372,G_02027,en,FP_promptbench,0,0.976669430732727,1,,,,
D3_00373,G_02028,en,FP_promptbench,0,0.9780073761940002,1,,,,
D3_00374,G_02029,en,FP_promptbench,0,0.9748363494873047,1,,,,
D3_00375,G_02030,en,FP_promptbench,0,0.9745339751243591,1,,,,
D3_00376,G_02005,en,FP_promptbench,0,0.9748206734657288,1,,,,
D3_00377,G_02032,en,FP_promptbench,0,0.9741608500480652,1,,,,
D3_00378,G_02007,en,FP_promptbench,0,0.9763362407684326,1,,,,
D3_00379,G_02015,en,FP_promptbench,0,0.9773014187812805,1,,,,
D3_00380,G_02016,en,FP_promptbench,0,0.9726861715316772,1,,,,
D3_00381,G_03116,en,FP_promptbench,0,0.9754860997200012,1,,,,
D3_00382,G_02005,en,FP_promptbench,0,0.9743996858596802,1,,,,
D3_00383,G_02032,en,FP_promptbench,0,0.9739618897438049,1,,,,
D3_00384,G_02039,en,FP_promptbench,0,0.9751845598220825,1,,,,
D3_00385,G_02040,en,FP_promptbench,0,0.977782130241394,1,,,,
D3_00387,G_02041,en,FP_promptbench,0,0.9728083610534668,1,,,,
D3_00388,G_02005,en,FP_promptbench,0,0.9765992760658264,1,,,,
D3_00389,G_02043,en,FP_promptbench,0,0.9751260876655579,1,,,,
D3_00390,G_02007,en,FP_promptbench,0,0.9782127737998962,1,,,,
D3_00391,G_02015,en,FP_promptbench,0,0.9775927662849426,1,,,,
D3_00392,G_02016,en,FP_promptbench,0,0.9736078381538391,1,,,,
D3_00393,G_03116,en,FP_promptbench,0,0.9751710891723633,1,,,,
D3_00394,G_02048,en,FP_promptbench,0,0.9733133316040039,1,,,,
D3_00395,G_02049,en,FP_promptbench,0,0.9758734107017517,1,,,,
D3_00397,G_02050,en,FP_promptbench,0,0.9766901135444641,1,,,,
D3_00398,G_02051,en,FP_promptbench,0,0.9770979881286621,1,,,,
D3_00399,G_03116,en,FP_promptbench,0,0.9765808582305908,1,,,,
D3_00400,G_02053,en,FP_promptbench,0,0.9701999425888062,1,,,,
D3_00401,G_02054,en,FP_promptbench,0,0.9776809215545654,1,,,,
D3_00402,G_02055,en,FP_promptbench,0,0.9751655459403992,1,,,,
D3_00403,G_02056,en,FP_promptbench,0,0.9770100116729736,1,,,,
D3_00404,G_02057,en,FP_promptbench,0,0.9674041271209717,1,,,,
D3_00405,G_02058,en,FP_promptbench,0,0.9758778810501099,1,,,,
D3_00406,G_02059,other,FP_promptbench,0,0.9752300381660461,1,,,,
D3_00407,G_02060,other,FP_promptbench,0,0.9767370223999023,1,,,,
D3_00408,G_02061,other,FP_promptbench,0,0.9751530885696411,1,,,,
D3_00409,G_02062,other,FP_promptbench,0,0.9745649695396423,1,,,,
D3_00410,G_02063,other,FP_promptbench,0,0.9763719439506531,1,,,,
D3_00411,G_02064,other,FP_promptbench,0,0.9760273694992065,1,,,,
D3_00412,G_02065,other,FP_promptbench,0,0.9773410558700562,1,,,,
D3_00413,G_02066,other,FP_promptbench,0,0.967523992061615,1,,,,
D3_00414,G_02067,other,FP_promptbench,0,0.9752423763275146,1,,,,
D3_00415,G_02068,other,FP_promptbench,0,0.971278965473175,1,,,,
D3_00416,G_02069,other,FP_promptbench,0,0.9710765480995178,1,,,,
D3_00417,G_02070,other,FP_promptbench,0,0.9730758666992188,1,,,,
D3_00418,G_02071,other,FP_promptbench,0,0.9739102125167847,1,,,,
D3_00419,G_02072,other,FP_promptbench,0,0.9752400517463684,1,,,,
D3_00420,G_02073,other,FP_promptbench,0,0.9751881957054138,1,,,,
D3_00421,G_02074,other,FP_promptbench,0,0.9649076461791992,1,,,,
D3_00422,G_02075,other,FP_promptbench,0,0.9753314256668091,1,,,,
D3_00423,G_02076,other,FP_promptbench,0,0.9731025099754333,1,,,,
D3_00424,G_02077,other,FP_promptbench,0,0.9745180010795593,1,,,,
D3_00425,G_02072,other,FP_promptbench,0,0.9744340181350708,1,,,,
D3_00426,G_02079,other,FP_promptbench,0,0.9738688468933105,1,,,,
D3_00427,G_02080,other,FP_promptbench,0,0.9743965268135071,1,,,,
D3_00428,G_02081,other,FP_promptbench,0,0.9728013277053833,1,,,,
D3_00429,G_02082,other,FP_promptbench,0,0.9750628471374512,1,,,,
D3_00430,G_02083,other,FP_promptbench,0,0.9747724533081055,1,,,,
D3_00431,G_02084,other,FP_promptbench,0,0.9740244150161743,1,,,,
D3_00432,G_02085,other,FP_promptbench,0,0.9755905866622925,1,,,,
D3_00433,G_02086,other,FP_promptbench,0,0.969828724861145,1,,,,
D3_00434,G_02087,other,FP_promptbench,0,0.9761705994606018,1,,,,
D3_00435,G_02088,other,FP_promptbench,0,0.974276602268219,1,,,,
D3_00436,G_02089,other,FP_promptbench,0,0.9745529890060425,1,,,,
D3_00437,G_02090,other,FP_promptbench,0,0.9722118973731995,1,,,,
D3_00438,G_02091,other,FP_promptbench,0,0.9664634466171265,1,,,,
D3_00439,G_02092,other,FP_promptbench,0,0.9722903370857239,1,,,,
D3_00440,G_02093,other,FP_promptbench,0,0.9713544249534607,1,,,,
D3_00441,G_02094,other,FP_promptbench,0,0.9632040858268738,1,,,,
D3_00442,G_02095,other,FP_promptbench,0,0.9732949137687683,1,,,,
D3_00443,G_02096,other,FP_promptbench,0,0.9540570974349976,1,,,,
D3_00444,G_02097,other,FP_promptbench,0,0.9735056757926941,1,,,,
D3_00445,G_02098,other,FP_promptbench,0,0.9704266786575317,1,,,,
D3_00446,G_02099,other,FP_promptbench,0,0.9698926210403442,1,,,,
D3_00447,G_02100,other,FP_promptbench,0,0.9731017351150513,1,,,,
D3_00448,G_02099,other,FP_promptbench,0,0.9735623002052307,1,,,,
D3_00449,G_02102,other,FP_promptbench,0,0.9741615056991577,1,,,,
D3_00450,G_02103,other,FP_promptbench,0,0.9697223901748657,1,,,,
D3_00451,G_02104,other,FP_promptbench,0,0.9724670648574829,1,,,,
D3_00452,G_02105,other,FP_promptbench,0,0.9653387069702148,1,,,,
D3_00453,G_02105,other,FP_promptbench,0,0.9721554517745972,1,,,,
D3_00454,G_02103,other,FP_promptbench,0,0.9693259596824646,1,,,,
D3_00455,G_02108,other,FP_promptbench,0,0.9666086435317993,1,,,,
D3_00456,G_02109,other,FP_promptbench,0,0.9725522994995117,1,,,,
D3_00457,G_02110,other,FP_promptbench,0,0.9745895266532898,1,,,,
D3_00458,G_02111,other,FP_promptbench,0,0.9755508899688721,1,,,,
D3_00459,G_02112,other,FP_promptbench,0,0.9742158055305481,1,,,,
D3_00460,G_02113,other,FP_promptbench,0,0.973778486251831,1,,,,
D3_00461,G_02114,other,FP_promptbench,0,0.974097490310669,1,,,,
D3_00462,G_02115,other,FP_promptbench,0,0.9755772352218628,1,,,,
D3_00463,G_02116,other,FP_promptbench,0,0.9696229100227356,1,,,,
D3_00464,G_02117,other,FP_promptbench,0,0.9761208891868591,1,,,,
D3_00465,G_02118,other,FP_promptbench,0,0.974521279335022,1,,,,
D3_00466,G_02119,en,FP_promptbench,0,0.9676229953765869,1,,,,
D3_00467,G_02120,en,FP_promptbench,0,0.9667119383811951,1,,,,
D3_00468,G_02154,en,FP_promptbench,0,0.9669550657272339,1,,,,
D3_00469,G_04962,en,FP_promptbench,0,0.969913125038147,1,,,,
D3_00470,G_02123,en,FP_promptbench,0,0.9722568988800049,1,,,,
D3_00471,G_03150,en,FP_promptbench,0,0.9707399010658264,1,,,,
D3_00472,G_02125,en,FP_promptbench,0,0.9528235197067261,1,,,,
D3_00473,G_02126,en,FP_promptbench,0,0.9734993577003479,1,,,,
D3_00474,G_02127,en,FP_promptbench,0,0.9732085466384888,1,,,,
D3_00475,G_02128,en,FP_promptbench,0,0.9687743186950684,1,,,,
D3_00476,G_02129,en,FP_promptbench,0,0.9690910577774048,1,,,,
D3_00477,G_02130,en,FP_promptbench,0,0.9743562340736389,1,,,,
D3_00478,G_02150,en,FP_promptbench,0,0.976405680179596,1,,,,
D3_00479,G_04106,en,FP_promptbench,0,0.9761282205581665,1,,,,
D3_00480,G_02133,en,FP_promptbench,0,0.9745974540710449,1,,,,
D3_00481,G_03168,en,FP_promptbench,0,0.9760027527809143,1,,,,
D3_00482,G_02135,en,FP_promptbench,0,0.969306468963623,1,,,,
D3_00483,G_02136,en,FP_promptbench,0,0.9746618866920471,1,,,,
D3_00484,G_02137,en,FP_promptbench,0,0.9760901927947998,1,,,,
D3_00485,G_04542,en,FP_promptbench,0,0.9702903032302856,1,,,,
D3_00486,G_03685,en,FP_promptbench,0,0.9753811955451965,1,,,,
D3_00487,G_02140,en,FP_promptbench,0,0.9658884406089783,1,,,,
D3_00488,G_02141,en,FP_promptbench,0,0.9650639295578003,1,,,,
D3_00489,G_02142,en,FP_promptbench,0,0.9580172896385193,1,,,,
D3_00490,G_02143,en,FP_promptbench,0,0.9740698933601379,1,,,,
D3_00491,G_04106,en,FP_promptbench,0,0.9753351807594299,1,,,,
D3_00492,G_02145,en,FP_promptbench,0,0.9752147197723389,1,,,,
D3_00493,G_02119,en,FP_promptbench,0,0.9693871140480042,1,,,,
D3_00494,G_02120,en,FP_promptbench,0,0.9725173711776733,1,,,,
D3_00495,G_02154,en,FP_promptbench,0,0.9677566885948181,1,,,,
D3_00496,G_04106,en,FP_promptbench,0,0.9768928289413452,1,,,,
D3_00497,G_02150,en,FP_promptbench,0,0.9777420163154602,1,,,,
D3_00498,G_02130,en,FP_promptbench,0,0.9752451181411743,1,,,,
D3_00499,G_02152,en,FP_promptbench,0,0.9737055897712708,1,,,,
D3_00500,G_02153,en,FP_promptbench,0,0.971478283405304,1,,,,
D3_00501,G_02154,en,FP_promptbench,0,0.9672586917877197,1,,,,
D3_00502,G_04106,en,FP_promptbench,0,0.9739927649497986,1,,,,
D3_00504,G_02150,en,FP_promptbench,0,0.9790593385696411,1,,,,
D3_00505,G_02120,en,FP_promptbench,0,0.9708272814750671,1,,,,
D3_00506,G_02119,en,FP_promptbench,0,0.9707042574882507,1,,,,
D3_00507,G_02159,en,FP_promptbench,0,0.9671446084976196,1,,,,
D3_00508,G_04106,en,FP_promptbench,0,0.9764562845230103,1,,,,
D3_00509,G_02150,en,FP_promptbench,0,0.9768467545509338,1,,,,
D3_00510,G_02162,en,FP_promptbench,0,0.9747050404548645,1,,,,
D3_00511,G_02163,en,FP_promptbench,0,0.973355770111084,1,,,,
D3_00512,G_02164,en,FP_promptbench,0,0.9729834794998169,1,,,,
D3_00513,G_02154,en,FP_promptbench,0,0.9205164313316345,1,,,,
D3_00514,G_02166,en,FP_promptbench,0,0.9730111956596375,1,,,,
D3_00515,G_02150,en,FP_promptbench,0,0.9768377542495728,1,,,,
D3_00516,G_04106,en,FP_promptbench,0,0.975948691368103,1,,,,
D3_00517,G_02169,en,FP_promptbench,0,0.9656512141227722,1,,,,
D3_00518,G_02170,en,FP_promptbench,0,0.9719359278678894,1,,,,
D3_00519,G_02171,en,FP_promptbench,0,0.9735779166221619,1,,,,
D3_00520,G_02172,en,FP_promptbench,0,0.9755588173866272,1,,,,
D3_00521,G_02173,en,FP_promptbench,0,0.9751434326171875,1,,,,
D3_00522,G_02174,en,FP_promptbench,0,0.9775927662849426,1,,,,
D3_00523,G_02175,other,FP_promptbench,0,0.5618277788162231,1,,,,
D3_00524,G_02176,other,FP_promptbench,0,0.9530168771743774,1,,,,
D3_00525,G_02177,other,FP_promptbench,0,0.6378287076950073,1,,,,
D3_00526,G_02178,other,FP_promptbench,0,0.9595696926116943,1,,,,
D3_00527,G_02179,other,FP_promptbench,0,0.5275666117668152,1,,,,
D3_00528,G_02180,other,FP_promptbench,0,0.5732804536819458,1,,,,
D3_00529,G_02181,other,FP_promptbench,0,0.9680607914924622,1,,,,
D3_00530,G_02182,other,FP_promptbench,0,0.9416582584381104,1,,,,
D3_00531,G_02183,other,FP_promptbench,0,0.4626866281032562,1,,,,
D3_00532,G_02184,other,FP_promptbench,0,0.4847022294998169,1,,,,
D3_00533,G_02185,other,FP_promptbench,0,0.9708167314529419,1,,,,
D3_00534,G_02186,other,FP_promptbench,0,0.949192225933075,1,,,,
D3_00535,G_02187,other,FP_promptbench,0,0.9607005715370178,1,,,,
D3_00536,G_02188,other,FP_promptbench,0,0.9608170390129089,1,,,,
D3_00537,G_02189,other,FP_promptbench,0,0.9634135961532593,1,,,,
D3_00538,G_02190,other,FP_promptbench,0,0.6864343285560608,1,,,,
D3_00539,G_02191,other,FP_promptbench,0,0.95697420835495,1,,,,
D3_00540,G_02192,other,FP_promptbench,0,0.9505722522735596,1,,,,
D3_00541,G_02193,other,FP_promptbench,0,0.9636366367340088,1,,,,
D3_00542,G_02194,other,FP_promptbench,0,0.6620021462440491,1,,,,
D3_00543,G_02195,other,FP_promptbench,0,0.9671609997749329,1,,,,
D3_00544,G_02196,other,FP_promptbench,0,0.9102061986923218,1,,,,
D3_00545,G_02197,other,FP_promptbench,0,0.928967297077179,1,,,,
D3_00546,G_02198,other,FP_promptbench,0,0.8966333270072937,1,,,,
D3_00547,G_02199,other,FP_promptbench,0,0.9428256154060364,1,,,,
D3_00548,G_02200,other,FP_promptbench,0,0.960748553276062,1,,,,
D3_00549,G_02201,other,FP_promptbench,0,0.9310621023178101,1,,,,
D3_00550,G_02202,other,FP_promptbench,0,0.6507903337478638,1,,,,
D3_00551,G_02203,other,FP_promptbench,0,0.9331561326980591,1,,,,
D3_00552,G_02204,other,FP_promptbench,0,0.9514215588569641,1,,,,
D3_00553,G_02205,other,FP_promptbench,0,0.6881920695304871,1,,,,
D3_00554,G_02206,other,FP_promptbench,0,0.968552827835083,1,,,,
D3_00555,G_02207,other,FP_promptbench,0,0.9665602445602417,1,,,,
D3_00556,G_02208,other,FP_promptbench,0,0.9239531755447388,1,,,,
D3_00557,G_02209,other,FP_promptbench,0,0.9568318724632263,1,,,,
D3_00558,G_02210,other,FP_promptbench,0,0.6077886819839478,1,,,,
D3_00559,G_02206,other,FP_promptbench,0,0.9633172750473022,1,,,,
D3_00560,G_02212,other,FP_promptbench,0,0.6267118453979492,1,,,,
D3_00561,G_02213,other,FP_promptbench,0,0.9740539193153381,1,,,,
D3_00562,G_02214,other,FP_promptbench,0,0.9641064405441284,1,,,,
D3_00563,G_02215,other,FP_promptbench,0,0.9675232172012329,1,,,,
D3_00564,G_02216,other,FP_promptbench,0,0.9668803811073303,1,,,,
D3_00565,G_02217,other,FP_promptbench,0,0.9705547094345093,1,,,,
D3_00566,G_02218,other,FP_promptbench,0,0.9677369594573975,1,,,,
D3_00567,G_02219,other,FP_promptbench,0,0.9566627144813538,1,,,,
D3_00568,G_02217,other,FP_promptbench,0,0.9706689119338989,1,,,,
D3_00569,G_02221,other,FP_promptbench,0,0.9699815511703491,1,,,,
D3_00570,G_02222,other,FP_promptbench,0,0.9596491456031799,1,,,,
D3_00571,G_02223,other,FP_promptbench,0,0.9715656042098999,1,,,,
D3_00572,G_02224,other,FP_promptbench,0,0.9738855361938477,1,,,,
D3_00573,G_02225,other,FP_promptbench,0,0.9631240367889404,1,,,,
D3_00574,G_02226,other,FP_promptbench,0,0.9701417088508606,1,,,,
D3_00575,G_02227,other,FP_promptbench,0,0.9626823663711548,1,,,,
D3_00576,G_02228,other,FP_promptbench,0,0.9661879539489746,1,,,,
D3_00577,G_02229,other,FP_promptbench,0,0.9605196118354797,1,,,,
D3_00578,G_02230,other,FP_promptbench,0,0.9657464623451233,1,,,,
D3_00579,G_02231,other,FP_promptbench,0,0.962765634059906,1,,,,
D3_00580,G_02229,other,FP_promptbench,0,0.9598563313484192,1,,,,
D3_00581,G_02233,other,FP_promptbench,0,0.9691091775894165,1,,,,
D3_00582,G_02234,other,FP_promptbench,0,0.968543529510498,1,,,,
D3_00583,G_02235,en,FP_promptbench,0,0.970210611820221,1,,,,
D3_00584,G_02264,en,FP_promptbench,0,0.9676662683486938,1,,,,
D3_00585,G_04639,en,FP_promptbench,0,0.9715561270713806,1,,,,
D3_00586,G_02238,en,FP_promptbench,0,0.9762036800384521,1,,,,
D3_00587,G_02239,en,FP_promptbench,0,0.977208137512207,1,,,,
D3_00588,G_04635,en,FP_promptbench,0,0.9544477462768555,1,,,,
D3_00589,G_02241,en,FP_promptbench,0,0.96926349401474,1,,,,
D3_00590,G_02242,en,FP_promptbench,0,0.9695632457733154,1,,,,
D3_00591,G_02243,en,FP_promptbench,0,0.9772956967353821,1,,,,
D3_00592,G_02244,en,FP_promptbench,0,0.9647831320762634,1,,,,
D3_00593,G_02245,en,FP_promptbench,0,0.9773812294006348,1,,,,
D3_00594,G_02468,en,FP_promptbench,0,0.9761391282081604,1,,,,
D3_00595,G_02278,en,FP_promptbench,0,0.9688259959220886,1,,,,
D3_00596,G_02277,en,FP_promptbench,0,0.974724292755127,1,,,,
D3_00597,G_02249,en,FP_promptbench,0,0.9692245125770569,1,,,,
D3_00598,G_03717,en,FP_promptbench,0,0.9719207286834717,1,,,,
D3_00599,G_03281,en,FP_promptbench,0,0.9789727330207825,1,,,,
D3_00600,G_02252,en,FP_promptbench,0,0.9769227504730225,1,,,,
D3_00601,G_03178,en,FP_promptbench,0,0.9768123030662537,1,,,,
D3_00602,G_03183,en,FP_promptbench,0,0.9739583730697632,1,,,,
D3_00603,G_04642,en,FP_promptbench,0,0.9776645302772522,1,,,,
D3_00604,G_02256,en,FP_promptbench,0,0.9707061648368835,1,,,,
D3_00605,G_02257,en,FP_promptbench,0,0.9724031686782837,1,,,,
D3_00606,G_02258,en,FP_promptbench,0,0.9561898708343506,1,,,,
D3_00607,G_02259,en,FP_promptbench,0,0.9770671725273132,1,,,,
D3_00608,G_02260,en,FP_promptbench,0,0.9709004163742065,1,,,,
D3_00609,G_02261,en,FP_promptbench,0,0.9576441049575806,1,,,,
D3_00610,G_02262,en,FP_promptbench,0,0.9720168113708496,1,,,,
D3_00611,G_04639,en,FP_promptbench,0,0.9733986258506775,1,,,,
D3_00612,G_02264,en,FP_promptbench,0,0.9696851968765259,1,,,,
D3_00613,G_02468,en,FP_promptbench,0,0.9772277474403381,1,,,,
D3_00614,G_02277,en,FP_promptbench,0,0.97507643699646,1,,,,
D3_00615,G_02278,en,FP_promptbench,0,0.9716948866844177,1,,,,
D3_00616,G_02235,en,FP_promptbench,0,0.971137523651123,1,,,,
D3_00617,G_02269,en,FP_promptbench,0,0.9662356972694397,1,,,,
D3_00618,G_04639,en,FP_promptbench,0,0.9717965126037598,1,,,,
D3_00619,G_02271,en,FP_promptbench,0,0.977240264415741,1,,,,
D3_00621,G_02272,en,FP_promptbench,0,0.971091628074646,1,,,,
D3_00622,G_02273,en,FP_promptbench,0,0.9716963768005371,1,,,,
D3_00623,G_02274,en,FP_promptbench,0,0.9723932147026062,1,,,,
D3_00624,G_02275,en,FP_promptbench,0,0.9721242785453796,1,,,,
D3_00625,G_02276,en,FP_promptbench,0,0.9769132137298584,1,,,,
D3_00626,G_02277,en,FP_promptbench,0,0.9753178954124451,1,,,,
D3_00627,G_02278,en,FP_promptbench,0,0.9707093238830566,1,,,,
D3_00628,G_02279,en,FP_promptbench,0,0.9695155024528503,1,,,,
D3_00629,G_02280,en,FP_promptbench,0,0.9693523049354553,1,,,,
D3_00630,G_02281,en,FP_promptbench,0,0.9699455499649048,1,,,,
D3_00631,G_02468,en,FP_promptbench,0,0.9761314392089844,1,,,,
D3_00632,G_02283,en,FP_promptbench,0,0.9730958938598633,1,,,,
D3_00633,G_02277,en,FP_promptbench,0,0.9660263061523438,1,,,,
D3_00634,G_02285,en,FP_promptbench,0,0.973412036895752,1,,,,
D3_00635,G_02286,en,FP_promptbench,0,0.9579406976699829,1,,,,
D3_00636,G_02287,en,FP_promptbench,0,0.9705724120140076,1,,,,
D3_00637,G_02288,en,FP_promptbench,0,0.9762842059135437,1,,,,
D3_00638,G_02289,en,FP_promptbench,0,0.9713892936706543,1,,,,
D3_00639,G_02290,en,FP_promptbench,0,0.9705969095230103,1,,,,
D3_00640,G_02291,other,FP_promptbench,0,0.9696283936500549,1,,,,
D3_00641,G_02292,other,FP_promptbench,0,0.9676957726478577,1,,,,
D3_00642,G_02293,other,FP_promptbench,0,0.9686439633369446,1,,,,
D3_00643,G_02294,other,FP_promptbench,0,0.9625174403190613,1,,,,
D3_00644,G_02295,other,FP_promptbench,0,0.9705275297164917,1,,,,
D3_00645,G_02296,other,FP_promptbench,0,0.9700377583503723,1,,,,
D3_00646,G_02297,other,FP_promptbench,0,0.9700508713722229,1,,,,
D3_00647,G_02298,other,FP_promptbench,0,0.9725219011306763,1,,,,
D3_00648,G_02299,other,FP_promptbench,0,0.9710556268692017,1,,,,
D3_00649,G_02300,other,FP_promptbench,0,0.9699966907501221,1,,,,
D3_00650,G_02301,other,FP_promptbench,0,0.9722141623497009,1,,,,
D3_00651,G_02302,other,FP_promptbench,0,0.9750484228134155,1,,,,
D3_00652,G_02303,other,FP_promptbench,0,0.9700099229812622,1,,,,
D3_00653,G_02304,other,FP_promptbench,0,0.9729238748550415,1,,,,
D3_00654,G_02305,other,FP_promptbench,0,0.9695726633071899,1,,,,
D3_00655,G_02306,other,FP_promptbench,0,0.9680869579315186,1,,,,
D3_00656,G_02307,other,FP_promptbench,0,0.9689963459968567,1,,,,
D3_00657,G_02308,other,FP_promptbench,0,0.9737644791603088,1,,,,
D3_00658,G_02309,other,FP_promptbench,0,0.9685879349708557,1,,,,
D3_00659,G_02310,other,FP_promptbench,0,0.9715811014175415,1,,,,
D3_00660,G_02311,other,FP_promptbench,0,0.9757508635520935,1,,,,
D3_00661,G_02312,other,FP_promptbench,0,0.9709784388542175,1,,,,
D3_00662,G_02313,other,FP_promptbench,0,0.9674378633499146,1,,,,
D3_00663,G_02314,other,FP_promptbench,0,0.9689313173294067,1,,,,
D3_00664,G_02315,other,FP_promptbench,0,0.9666887521743774,1,,,,
D3_00665,G_02316,other,FP_promptbench,0,0.967740535736084,1,,,,
D3_00666,G_02317,other,FP_promptbench,0,0.9700762033462524,1,,,,
D3_00667,G_02318,other,FP_promptbench,0,0.9682449698448181,1,,,,
D3_00668,G_02319,other,FP_promptbench,0,0.974482536315918,1,,,,
D3_00669,G_02320,other,FP_promptbench,0,0.9736208319664001,1,,,,
D3_00670,G_02321,other,FP_promptbench,0,0.9759973287582397,1,,,,
D3_00671,G_02322,other,FP_promptbench,0,0.9691481590270996,1,,,,
D3_00672,G_02323,other,FP_promptbench,0,0.9331002831459045,1,,,,
D3_00673,G_02324,other,FP_promptbench,0,0.9675407409667969,1,,,,
D3_00674,G_02325,other,FP_promptbench,0,0.9682959318161011,1,,,,
D3_00675,G_02326,other,FP_promptbench,0,0.9559006094932556,1,,,,
D3_00676,G_02327,other,FP_promptbench,0,0.968535304069519,1,,,,
D3_00677,G_02328,other,FP_promptbench,0,0.9663653373718262,1,,,,
D3_00678,G_02329,other,FP_promptbench,0,0.9541553854942322,1,,,,
D3_00679,G_02330,other,FP_promptbench,0,0.9589759111404419,1,,,,
D3_00680,G_02331,other,FP_promptbench,0,0.9641351103782654,1,,,,
D3_00681,G_02332,other,FP_promptbench,0,0.9697601795196533,1,,,,
D3_00682,G_02333,other,FP_promptbench,0,0.9686533808708191,1,,,,
D3_00683,G_02334,other,FP_promptbench,0,0.9694440364837646,1,,,,
D3_00684,G_02335,other,FP_promptbench,0,0.9665409326553345,1,,,,
D3_00685,G_02336,other,FP_promptbench,0,0.9638181924819946,1,,,,
D3_00686,G_02337,other,FP_promptbench,0,0.9689446091651917,1,,,,
D3_00687,G_02338,other,FP_promptbench,0,0.9686736464500427,1,,,,
D3_00689,G_02339,other,FP_promptbench,0,0.9699076414108276,1,,,,
D3_00690,G_02340,other,FP_promptbench,0,0.973833441734314,1,,,,
D3_00691,G_02341,other,FP_promptbench,0,0.9645111560821533,1,,,,
D3_00692,G_02342,other,FP_promptbench,0,0.9697965383529663,1,,,,
D3_00693,G_02343,other,FP_promptbench,0,0.9680215716362,1,,,,
D3_00694,G_02344,other,FP_promptbench,0,0.9705304503440857,1,,,,
D3_00695,G_02345,other,FP_promptbench,0,0.9692754745483398,1,,,,
D3_00696,G_02346,other,FP_promptbench,0,0.9558465480804443,1,,,,
D3_00697,G_02347,other,FP_promptbench,0,0.9694985151290894,1,,,,
D3_00698,G_02348,other,FP_promptbench,0,0.9623249769210815,1,,,,
D3_00699,G_02349,other,FP_promptbench,0,0.9676698446273804,1,,,,
D3_00700,G_04180,en,FP_promptbench,0,0.9626677632331848,1,,,,
D3_00701,G_02372,en,FP_promptbench,0,0.9679605960845947,1,,,,
D3_00702,G_03219,en,FP_promptbench,0,0.9683367013931274,1,,,,
D3_00703,G_02353,en,FP_promptbench,0,0.9697377681732178,1,,,,
D3_00704,G_02354,en,FP_promptbench,0,0.9616560935974121,1,,,,
D3_00705,G_02355,en,FP_promptbench,0,0.9605509042739868,1,,,,
D3_00706,G_02356,en,FP_promptbench,0,0.965427815914154,1,,,,
D3_00707,G_02357,en,FP_promptbench,0,0.9683530330657959,1,,,,
D3_00708,G_02358,en,FP_promptbench,0,0.9711061120033264,1,,,,
D3_00709,G_02359,en,FP_promptbench,0,0.3536396324634552,1,,,,
D3_00710,G_02360,en,FP_promptbench,0,0.9723462462425232,1,,,,
D3_00711,G_02390,en,FP_promptbench,0,0.9694477319717407,1,,,,
D3_00712,G_03230,en,FP_promptbench,0,0.9717335104942322,1,,,,
D3_00713,G_02363,en,FP_promptbench,0,0.9683012962341309,1,,,,
D3_00714,G_02364,en,FP_promptbench,0,0.9309223294258118,1,,,,
D3_00715,G_03228,en,FP_promptbench,0,0.9684303998947144,1,,,,
D3_00716,G_02366,en,FP_promptbench,0,0.9709020256996155,1,,,,
D3_00717,G_02367,en,FP_promptbench,0,0.9738882780075073,1,,,,
D3_00718,G_02368,en,FP_promptbench,0,0.9740119576454163,1,,,,
D3_00719,G_02369,en,FP_promptbench,0,0.9716761112213135,1,,,,
D3_00720,G_02370,en,FP_promptbench,0,0.9720906615257263,1,,,,
D3_00721,G_02371,en,FP_promptbench,0,0.9744086265563965,1,,,,
D3_00722,G_02372,en,FP_promptbench,0,0.971235990524292,1,,,,
D3_00723,G_02360,en,FP_promptbench,0,0.9744807481765747,1,,,,
D3_00724,G_02390,en,FP_promptbench,0,0.9726839065551758,1,,,,
D3_00725,G_03230,en,FP_promptbench,0,0.9711863994598389,1,,,,
D3_00726,G_02376,en,FP_promptbench,0,0.9574071168899536,1,,,,
D3_00727,G_02377,en,FP_promptbench,0,0.9726981520652771,1,,,,
D3_00728,G_02378,en,FP_promptbench,0,0.9516374468803406,1,,,,
D3_00729,G_02379,en,FP_promptbench,0,0.9206804633140564,1,,,,
D3_00730,G_02380,en,FP_promptbench,0,0.9730764627456665,1,,,,
D3_00731,G_02381,en,FP_promptbench,0,0.9717883467674255,1,,,,
D3_00732,G_02382,en,FP_promptbench,0,0.9490933418273926,1,,,,
D3_00735,G_02383,en,FP_promptbench,0,0.976302981376648,1,,,,
D3_00736,G_02390,en,FP_promptbench,0,0.9722315073013306,1,,,,
D3_00737,G_02385,en,FP_promptbench,0,0.966494619846344,1,,,,
D3_00738,G_04180,en,FP_promptbench,0,0.972309947013855,1,,,,
D3_00739,G_03219,en,FP_promptbench,0,0.9755961894989014,1,,,,
D3_00740,G_02372,en,FP_promptbench,0,0.9735273718833923,1,,,,
D3_00741,G_02389,en,FP_promptbench,0,0.9726994633674622,1,,,,
D3_00742,G_02390,en,FP_promptbench,0,0.972938060760498,1,,,,
D3_00743,G_02391,en,FP_promptbench,0,0.9724203944206238,1,,,,
D3_00744,G_02392,en,FP_promptbench,0,0.9729342460632324,1,,,,
D3_00745,G_02393,en,FP_promptbench,0,0.9714841246604919,1,,,,
D3_00746,G_02394,en,FP_promptbench,0,0.959876537322998,1,,,,
D3_00747,G_02395,en,FP_promptbench,0,0.9763826131820679,1,,,,
D3_00748,G_02396,en,FP_promptbench,0,0.9694530963897705,1,,,,
D3_00749,G_02397,en,FP_promptbench,0,0.9740731716156006,1,,,,
D3_00750,G_02398,en,FP_promptbench,0,0.9654788970947266,1,,,,
D3_00751,G_02399,en,FP_promptbench,0,0.9652714729309082,1,,,,
D3_00752,G_02400,en,FP_promptbench,0,0.9673277139663696,1,,,,
D3_00753,G_02401,en,FP_promptbench,0,0.9759785532951355,1,,,,
D3_00754,G_02402,en,FP_promptbench,0,0.9562377333641052,1,,,,
D3_00755,G_02403,en,FP_promptbench,0,0.9737860560417175,1,,,,
D3_00756,G_02404,other,FP_promptbench,0,0.9682175517082214,1,,,,
D3_00757,G_02405,other,FP_promptbench,0,0.9611862897872925,1,,,,
D3_00758,G_02406,other,FP_promptbench,0,0.7413649559020996,1,,,,
D3_00759,G_02407,other,FP_promptbench,0,0.9512209296226501,1,,,,
D3_00760,G_02408,other,FP_promptbench,0,0.9640527963638306,1,,,,
D3_00761,G_02409,other,FP_promptbench,0,0.9637726545333862,1,,,,
D3_00762,G_02410,other,FP_promptbench,0,0.9730538725852966,1,,,,
D3_00763,G_02411,other,FP_promptbench,0,0.9462108612060547,1,,,,
D3_00764,G_02412,other,FP_promptbench,0,0.9422025084495544,1,,,,
D3_00765,G_02413,other,FP_promptbench,0,0.9477177262306213,1,,,,
D3_00766,G_02414,other,FP_promptbench,0,0.9222824573516846,1,,,,
D3_00767,G_02415,other,FP_promptbench,0,0.9631805419921875,1,,,,
D3_00768,G_02416,other,FP_promptbench,0,0.9578027725219727,1,,,,
D3_00769,G_02417,other,FP_promptbench,0,0.9686005711555481,1,,,,
D3_00770,G_02418,other,FP_promptbench,0,0.7036944031715393,1,,,,
D3_00771,G_02419,other,FP_promptbench,0,0.9662609696388245,1,,,,
D3_00772,G_02420,other,FP_promptbench,0,0.9644668102264404,1,,,,
D3_00773,G_02421,other,FP_promptbench,0,0.9571077227592468,1,,,,
D3_00774,G_02422,other,FP_promptbench,0,0.961983859539032,1,,,,
D3_00776,G_02423,other,FP_promptbench,0,0.9717222452163696,1,,,,
D3_00777,G_02424,other,FP_promptbench,0,0.2249404937028885,1,,,,
D3_00778,G_02425,other,FP_promptbench,0,0.134805828332901,0,,,,
D3_00779,G_02426,other,FP_promptbench,0,0.07697262614965439,0,,,,
D3_00780,G_02427,other,FP_promptbench,0,0.2345426231622696,1,,,,
D3_00781,G_02428,other,FP_promptbench,0,0.1445840448141098,0,,,,
D3_00782,G_02429,other,FP_promptbench,0,0.13358008861541748,0,,,,
D3_00783,G_02430,other,FP_promptbench,0,0.14094679057598114,0,,,,
D3_00784,G_02429,other,FP_promptbench,0,0.14426235854625702,0,,,,
D3_00785,G_02432,other,FP_promptbench,0,0.22399692237377167,1,,,,
D3_00786,G_02433,other,FP_promptbench,0,0.9514948725700378,1,,,,
D3_00787,G_02434,other,FP_promptbench,0,0.9618112444877625,1,,,,
D3_00788,G_02435,other,FP_promptbench,0,0.9638756513595581,1,,,,
D3_00789,G_02436,other,FP_promptbench,0,0.9675095677375793,1,,,,
D3_00790,G_02437,other,FP_promptbench,0,0.8809971213340759,1,,,,
D3_00791,G_02438,other,FP_promptbench,0,0.9606106281280518,1,,,,
D3_00792,G_02439,other,FP_promptbench,0,0.9744325280189514,1,,,,
D3_00793,G_02440,other,FP_promptbench,0,0.8688425421714783,1,,,,
D3_00794,G_02441,other,FP_promptbench,0,0.4778982996940613,1,,,,
D3_00795,G_02442,other,FP_promptbench,0,0.9680452942848206,1,,,,
D3_00796,G_02443,other,FP_promptbench,0,0.9627369046211243,1,,,,
D3_00797,G_02444,other,FP_promptbench,0,0.6555101871490479,1,,,,
D3_00798,G_02445,other,FP_promptbench,0,0.9655126929283142,1,,,,
D3_00799,G_02446,other,FP_promptbench,0,0.9556082487106323,1,,,,
D3_00800,G_02447,other,FP_promptbench,0,0.9655962586402893,1,,,,
D3_00801,G_02448,other,FP_promptbench,0,0.9662709832191467,1,,,,
D3_00802,G_02445,other,FP_promptbench,0,0.9619312286376953,1,,,,
D3_00803,G_02450,other,FP_promptbench,0,0.954412043094635,1,,,,
D3_00804,G_02451,other,FP_promptbench,0,0.9633996486663818,1,,,,
D3_00805,G_02445,other,FP_promptbench,0,0.9655877351760864,1,,,,
D3_00806,G_02453,other,FP_promptbench,0,0.9618231654167175,1,,,,
D3_00807,G_02454,other,FP_promptbench,0,0.9728952050209045,1,,,,
D3_00808,G_02455,other,FP_promptbench,0,0.9670968651771545,1,,,,
D3_00809,G_02456,other,FP_promptbench,0,0.9715415239334106,1,,,,
D3_00810,G_02457,other,FP_promptbench,0,0.9735061526298523,1,,,,
D3_00811,G_02458,other,FP_promptbench,0,0.9712725281715393,1,,,,
D3_00812,G_02459,other,FP_promptbench,0,0.9657450318336487,1,,,,
D3_00813,G_02460,other,FP_promptbench,0,0.9694206118583679,1,,,,
D3_00814,G_02461,other,FP_promptbench,0,0.9700524210929871,1,,,,
D3_00815,G_02462,other,FP_promptbench,0,0.9700890183448792,1,,,,
D3_00837,G_02463,en,FP_promptbench,0,0.9759448170661926,1,,,,
D3_00838,G_02464,en,FP_promptbench,0,0.9642835259437561,1,,,,
D3_00839,G_02465,en,FP_promptbench,0,0.9692546129226685,1,,,,
D3_00840,G_02466,en,FP_promptbench,0,0.9704943895339966,1,,,,
D3_00841,G_02467,en,FP_promptbench,0,0.9768026471138,1,,,,
D3_00842,G_02468,en,FP_promptbench,0,0.9763388633728027,1,,,,
D3_00843,G_02238,en,FP_promptbench,0,0.9771382808685303,1,,,,
D3_00845,G_02470,en,FP_promptbench,0,0.9711344838142395,1,,,,
D3_00847,G_03178,en,FP_promptbench,0,0.9768123030662537,1,,,,
D3_00848,G_02472,en,FP_promptbench,0,0.976264476776123,1,,,,
D3_00849,G_02473,en,FP_promptbench,0,0.9770684838294983,1,,,,
D3_00851,G_02242,en,FP_promptbench,0,0.9724605679512024,1,,,,
D3_00852,G_02475,en,FP_promptbench,0,0.9757621884346008,1,,,,
D3_00853,G_03178,en,FP_promptbench,0,0.9770495295524597,1,,,,
D3_00855,G_02477,en,FP_promptbench,0,0.9752410650253296,1,,,,
D3_00857,G_02478,en,FP_promptbench,0,0.969691812992096,1,,,,
D3_00858,G_03183,en,FP_promptbench,0,0.9758829474449158,1,,,,
D3_00859,G_02480,en,FP_promptbench,0,0.9751124978065491,1,,,,
D3_00860,G_02468,en,FP_promptbench,0,0.9747920632362366,1,,,,
D3_00861,G_02238,en,FP_promptbench,0,0.9757201075553894,1,,,,
D3_00863,G_02242,en,FP_promptbench,0,0.9708489775657654,1,,,,
D3_00864,G_02484,en,FP_promptbench,0,0.9757593274116516,1,,,,
D3_00865,G_02468,en,FP_promptbench,0,0.9767909049987793,1,,,,
D3_00866,G_03178,en,FP_promptbench,0,0.9774238467216492,1,,,,
D3_00867,G_02487,en,FP_promptbench,0,0.9761335849761963,1,,,,
D3_00868,G_02488,en,FP_promptbench,0,0.9597727656364441,1,,,,
D3_00869,G_02489,en,FP_promptbench,0,0.9692811965942383,1,,,,
D3_00870,G_02490,en,FP_promptbench,0,0.9749962091445923,1,,,,
D3_00871,G_02491,en,FP_promptbench,0,0.9774073362350464,1,,,,
D3_00872,G_02492,en,FP_promptbench,0,0.9762685298919678,1,,,,
D3_00933,G_02493,en,FP_promptbench,0,0.9716097116470337,1,,,,
D3_00934,G_02521,en,FP_promptbench,0,0.9658851027488708,1,,,,
D3_00935,G_02519,en,FP_promptbench,0,0.971302330493927,1,,,,
D3_00936,G_03310,en,FP_promptbench,0,0.972396194934845,1,,,,
D3_00937,G_02497,en,FP_promptbench,0,0.9749996066093445,1,,,,
D3_00938,G_02498,en,FP_promptbench,0,0.973177969455719,1,,,,
D3_00939,G_02499,en,FP_promptbench,0,0.9726596474647522,1,,,,
D3_00940,G_02500,en,FP_promptbench,0,0.9701593518257141,1,,,,
D3_00941,G_02501,en,FP_promptbench,0,0.9525402784347534,1,,,,
D3_00942,G_02502,en,FP_promptbench,0,0.9716047644615173,1,,,,
D3_00943,G_02503,en,FP_promptbench,0,0.9749805927276611,1,,,,
D3_00944,G_02504,en,FP_promptbench,0,0.9746642708778381,1,,,,
D3_00945,G_03808,en,FP_promptbench,0,0.9700115919113159,1,,,,
D3_00946,G_03806,en,FP_promptbench,0,0.9737666249275208,1,,,,
D3_00947,G_02507,en,FP_promptbench,0,0.9757066965103149,1,,,,
D3_00948,G_02508,en,FP_promptbench,0,0.9758598208427429,1,,,,
D3_00949,G_02509,en,FP_promptbench,0,0.9718987941741943,1,,,,
D3_00950,G_02510,en,FP_promptbench,0,0.9760056138038635,1,,,,
D3_00951,G_02511,en,FP_promptbench,0,0.9653095006942749,1,,,,
D3_00952,G_02512,en,FP_promptbench,0,0.9723644852638245,1,,,,
D3_00953,G_02513,en,FP_promptbench,0,0.961194634437561,1,,,,
D3_00954,G_02514,en,FP_promptbench,0,0.9713425040245056,1,,,,
D3_00955,G_02515,en,FP_promptbench,0,0.9691014289855957,1,,,,
D3_00956,G_02516,en,FP_promptbench,0,0.974719762802124,1,,,,
D3_00957,G_02517,en,FP_promptbench,0,0.9765586853027344,1,,,,
D3_00958,G_02518,en,FP_promptbench,0,0.95624178647995,1,,,,
D3_00959,G_02519,en,FP_promptbench,0,0.9713322520256042,1,,,,
D3_00960,G_02520,en,FP_promptbench,0,0.9736541509628296,1,,,,
D3_00961,G_02521,en,FP_promptbench,0,0.9720692038536072,1,,,,
D3_00962,G_03808,en,FP_promptbench,0,0.9737051129341125,1,,,,
D3_00963,G_02503,en,FP_promptbench,0,0.9756364226341248,1,,,,
D3_00964,G_02504,en,FP_promptbench,0,0.9751582741737366,1,,,,
D3_00965,G_02493,en,FP_promptbench,0,0.9728823304176331,1,,,,
D3_00966,G_02526,en,FP_promptbench,0,0.9755827784538269,1,,,,
D3_00967,G_02519,en,FP_promptbench,0,0.9728004336357117,1,,,,
D3_00968,G_03808,en,FP_promptbench,0,0.9741126298904419,1,,,,
D3_00969,G_02503,en,FP_promptbench,0,0.9767163991928101,1,,,,
D3_00970,G_02504,en,FP_promptbench,0,0.9761738181114197,1,,,,
D3_00971,G_02531,en,FP_promptbench,0,0.9701269268989563,1,,,,
D3_00972,G_02532,en,FP_promptbench,0,0.9740476012229919,1,,,,
D3_00973,G_02533,en,FP_promptbench,0,0.9727411866188049,1,,,,
D3_00974,G_02534,en,FP_promptbench,0,0.9760305881500244,1,,,,
D3_00975,G_02535,en,FP_promptbench,0,0.9762428998947144,1,,,,
D3_00976,G_02536,en,FP_promptbench,0,0.9731971621513367,1,,,,
D3_00977,G_02537,en,FP_promptbench,0,0.9711426496505737,1,,,,
D3_00978,G_02538,en,FP_promptbench,0,0.9717735648155212,1,,,,
D3_00979,G_02539,en,FP_promptbench,0,0.9714691638946533,1,,,,
D3_00980,G_02503,en,FP_promptbench,0,0.9764902591705322,1,,,,
D3_00981,G_02541,en,FP_promptbench,0,0.9746412038803101,1,,,,
D3_00982,G_02542,en,FP_promptbench,0,0.971898078918457,1,,,,
D3_00983,G_02543,en,FP_promptbench,0,0.9658905863761902,1,,,,
D3_00984,G_02544,en,FP_promptbench,0,0.9703721404075623,1,,,,
D3_00985,G_02545,en,FP_promptbench,0,0.9704573154449463,1,,,,
D3_00986,G_02546,en,FP_promptbench,0,0.9752272963523865,1,,,,
D3_00987,G_02547,en,FP_promptbench,0,0.9770559668540955,1,,,,
D3_00988,G_02548,en,FP_promptbench,0,0.9721564650535583,1,,,,
D3_00989,G_02549,other,FP_promptbench,0,0.972603976726532,1,,,,
D3_00990,G_02550,other,FP_promptbench,0,0.973254382610321,1,,,,
D3_00991,G_02550,other,FP_promptbench,0,0.9747506976127625,1,,,,
D3_00992,G_02552,other,FP_promptbench,0,0.973128616809845,1,,,,
D3_00993,G_02553,other,FP_promptbench,0,0.9728348255157471,1,,,,
D3_00994,G_02554,other,FP_promptbench,0,0.9724560379981995,1,,,,
D3_00995,G_02550,other,FP_promptbench,0,0.9745404124259949,1,,,,
D3_00997,G_02550,other,FP_promptbench,0,0.9736764430999756,1,,,,
D3_00999,G_02557,other,FP_promptbench,0,0.9734974503517151,1,,,,
D3_01000,G_02558,other,FP_promptbench,0,0.9758161306381226,1,,,,
D3_01001,G_02559,other,FP_promptbench,0,0.9726409316062927,1,,,,
D3_01002,G_02560,other,FP_promptbench,0,0.9741868376731873,1,,,,
D3_01003,G_02561,other,FP_promptbench,0,0.9762313961982727,1,,,,
D3_01004,G_02562,other,FP_promptbench,0,0.9723232388496399,1,,,,
D3_01005,G_02563,other,FP_promptbench,0,0.9752736687660217,1,,,,
D3_01006,G_02564,other,FP_promptbench,0,0.9733055233955383,1,,,,
D3_01007,G_02565,other,FP_promptbench,0,0.976621687412262,1,,,,
D3_01008,G_02566,other,FP_promptbench,0,0.9757140874862671,1,,,,
D3_01009,G_02567,other,FP_promptbench,0,0.9745615720748901,1,,,,
D3_01010,G_02567,other,FP_promptbench,0,0.9738019108772278,1,,,,
D3_01011,G_02567,other,FP_promptbench,0,0.9746580719947815,1,,,,
D3_01012,G_02570,other,FP_promptbench,0,0.9743205904960632,1,,,,
D3_01013,G_02567,other,FP_promptbench,0,0.9739839434623718,1,,,,
D3_01014,G_02572,other,FP_promptbench,0,0.9741909503936768,1,,,,
D3_01015,G_02573,other,FP_promptbench,0,0.9747060537338257,1,,,,
D3_01016,G_02574,other,FP_promptbench,0,0.9741118550300598,1,,,,
D3_01017,G_02575,other,FP_promptbench,0,0.9751470685005188,1,,,,
D3_01019,G_02576,other,FP_promptbench,0,0.971614420413971,1,,,,
D3_01020,G_02577,other,FP_promptbench,0,0.9725925922393799,1,,,,
D3_01022,G_02578,other,FP_promptbench,0,0.9710991382598877,1,,,,
D3_01023,G_02579,other,FP_promptbench,0,0.9706786870956421,1,,,,
D3_01024,G_02580,other,FP_promptbench,0,0.9728143215179443,1,,,,
D3_01025,G_02581,other,FP_promptbench,0,0.9733587503433228,1,,,,
D3_01026,G_02582,other,FP_promptbench,0,0.9695906043052673,1,,,,
D3_01027,G_02583,other,FP_promptbench,0,0.9736407399177551,1,,,,
D3_01028,G_02584,other,FP_promptbench,0,0.9722719788551331,1,,,,
D3_01029,G_02585,other,FP_promptbench,0,0.9706018567085266,1,,,,
D3_01030,G_02586,other,FP_promptbench,0,0.9701509475708008,1,,,,
D3_01031,G_02576,other,FP_promptbench,0,0.9706276655197144,1,,,,
D3_01032,G_02588,other,FP_promptbench,0,0.9701206684112549,1,,,,
D3_01033,G_02589,other,FP_promptbench,0,0.9704848527908325,1,,,,
D3_01034,G_02588,other,FP_promptbench,0,0.9683239459991455,1,,,,
D3_01036,G_02586,other,FP_promptbench,0,0.9697162508964539,1,,,,
D3_01038,G_02592,other,FP_promptbench,0,0.9710647463798523,1,,,,
D3_01039,G_02593,other,FP_promptbench,0,0.9682655334472656,1,,,,
D3_01040,G_02594,other,FP_promptbench,0,0.9631348848342896,1,,,,
D3_01041,G_02595,other,FP_promptbench,0,0.965522825717926,1,,,,
D3_01042,G_02596,other,FP_promptbench,0,0.9613806009292603,1,,,,
D3_01043,G_02596,other,FP_promptbench,0,0.9625766277313232,1,,,,
D3_01044,G_02598,other,FP_promptbench,0,0.9677420854568481,1,,,,
D3_01045,G_02599,other,FP_promptbench,0,0.9755379557609558,1,,,,
D3_01046,G_02600,other,FP_promptbench,0,0.9709179997444153,1,,,,
D3_01047,G_02601,other,FP_promptbench,0,0.9667590856552124,1,,,,
D3_01048,G_02602,other,FP_promptbench,0,0.973097026348114,1,,,,
D3_01049,G_02603,en,FP_promptbench,0,0.9756134152412415,1,,,,
D3_01050,G_02604,en,FP_promptbench,0,0.9765285849571228,1,,,,
D3_01051,G_03338,en,FP_promptbench,0,0.9774104952812195,1,,,,
D3_01052,G_02606,en,FP_promptbench,0,0.9770192503929138,1,,,,
D3_01053,G_02607,en,FP_promptbench,0,0.974418044090271,1,,,,
D3_01054,G_02608,en,FP_promptbench,0,0.9748732447624207,1,,,,
D3_01055,G_04271,en,FP_promptbench,0,0.9743980169296265,1,,,,
D3_01056,G_02610,en,FP_promptbench,0,0.9769766926765442,1,,,,
D3_01057,G_02611,en,FP_promptbench,0,0.9759523272514343,1,,,,
D3_01058,G_02612,en,FP_promptbench,0,0.9761097431182861,1,,,,
D3_01059,G_02613,en,FP_promptbench,0,0.9769682288169861,1,,,,
D3_01060,G_02614,en,FP_promptbench,0,0.977071225643158,1,,,,
D3_01061,G_02615,en,FP_promptbench,0,0.9787742495536804,1,,,,
D3_01062,G_02616,en,FP_promptbench,0,0.9782801866531372,1,,,,
D3_01063,G_02617,en,FP_promptbench,0,0.9778079986572266,1,,,,
D3_01064,G_04699,en,FP_promptbench,0,0.9773858785629272,1,,,,
D3_01065,G_02619,en,FP_promptbench,0,0.9792857766151428,1,,,,
D3_01066,G_02620,en,FP_promptbench,0,0.9780552983283997,1,,,,
D3_01067,G_02621,en,FP_promptbench,0,0.9777510166168213,1,,,,
D3_01068,G_02622,en,FP_promptbench,0,0.9761264324188232,1,,,,
D3_01069,G_02623,en,FP_promptbench,0,0.9754089713096619,1,,,,
D3_01070,G_02624,en,FP_promptbench,0,0.978116512298584,1,,,,
D3_01071,G_02625,en,FP_promptbench,0,0.9787495732307434,1,,,,
D3_01072,G_02626,en,FP_promptbench,0,0.9778701066970825,1,,,,
D3_01073,G_02627,en,FP_promptbench,0,0.9785870909690857,1,,,,
D3_01074,G_02628,en,FP_promptbench,0,0.9793782830238342,1,,,,
D3_01075,G_02603,en,FP_promptbench,0,0.9757755994796753,1,,,,
D3_01076,G_02604,en,FP_promptbench,0,0.9767013788223267,1,,,,
D3_01077,G_03338,en,FP_promptbench,0,0.9772944450378418,1,,,,
D3_01078,G_02614,en,FP_promptbench,0,0.977642297744751,1,,,,
D3_01079,G_02613,en,FP_promptbench,0,0.9789484143257141,1,,,,
D3_01080,G_02615,en,FP_promptbench,0,0.9791361689567566,1,,,,
D3_01081,G_02635,en,FP_promptbench,0,0.9794115424156189,1,,,,
D3_01082,G_03338,en,FP_promptbench,0,0.978390097618103,1,,,,
D3_01083,G_02637,en,FP_promptbench,0,0.9771879315376282,1,,,,
D3_01084,G_02613,en,FP_promptbench,0,0.9773664474487305,1,,,,
D3_01085,G_02639,en,FP_promptbench,0,0.9766573905944824,1,,,,
D3_01086,G_02640,en,FP_promptbench,0,0.9783456921577454,1,,,,
D3_01087,G_02641,en,FP_promptbench,0,0.9760333895683289,1,,,,
D3_01088,G_03338,en,FP_promptbench,0,0.9769747257232666,1,,,,
D3_01089,G_02643,en,FP_promptbench,0,0.9765942692756653,1,,,,
D3_01090,G_02644,en,FP_promptbench,0,0.9768925905227661,1,,,,
D3_01091,G_02614,en,FP_promptbench,0,0.9772021174430847,1,,,,
D3_01092,G_02615,en,FP_promptbench,0,0.9787068367004395,1,,,,
D3_01093,G_02647,en,FP_promptbench,0,0.9767659902572632,1,,,,
D3_01094,G_02648,en,FP_promptbench,0,0.9770098924636841,1,,,,
D3_01095,G_03338,en,FP_promptbench,0,0.9777492880821228,1,,,,
D3_01096,G_02650,en,FP_promptbench,0,0.977288544178009,1,,,,
D3_01097,G_02651,en,FP_promptbench,0,0.9764392375946045,1,,,,
D3_01098,G_02652,en,FP_promptbench,0,0.979808509349823,1,,,,
D3_01099,G_02653,en,FP_promptbench,0,0.9784225821495056,1,,,,
D3_01100,G_02654,en,FP_promptbench,0,0.9730908870697021,1,,,,
D3_01101,G_02655,en,FP_promptbench,0,0.9775811433792114,1,,,,
D3_01102,G_02656,en,FP_promptbench,0,0.9760914444923401,1,,,,
D3_01103,G_02657,en,FP_promptbench,0,0.9791089296340942,1,,,,
D3_01104,G_02658,en,FP_promptbench,0,0.9786645174026489,1,,,,
D3_01105,G_02659,other,FP_promptbench,0,0.9751508235931396,1,,,,
D3_01106,G_02660,other,FP_promptbench,0,0.9783658981323242,1,,,,
D3_01107,G_02660,other,FP_promptbench,0,0.9762417078018188,1,,,,
D3_01108,G_02660,other,FP_promptbench,0,0.9779585599899292,1,,,,
D3_01109,G_02660,other,FP_promptbench,0,0.977272629737854,1,,,,
D3_01110,G_02664,other,FP_promptbench,0,0.976893961429596,1,,,,
D3_01111,G_02660,other,FP_promptbench,0,0.9764273166656494,1,,,,
D3_01112,G_02666,other,FP_promptbench,0,0.9774662852287292,1,,,,
D3_01113,G_02666,other,FP_promptbench,0,0.9738191962242126,1,,,,
D3_01114,G_02668,other,FP_promptbench,0,0.9770400524139404,1,,,,
D3_01115,G_02669,other,FP_promptbench,0,0.9761886596679688,1,,,,
D3_01116,G_02670,other,FP_promptbench,0,0.9766483902931213,1,,,,
D3_01117,G_02669,other,FP_promptbench,0,0.9760997295379639,1,,,,
D3_01118,G_02672,other,FP_promptbench,0,0.9765005111694336,1,,,,
D3_01119,G_02669,other,FP_promptbench,0,0.9765275716781616,1,,,,
D3_01120,G_02674,other,FP_promptbench,0,0.9764010310173035,1,,,,
D3_01121,G_02675,other,FP_promptbench,0,0.976231038570404,1,,,,
D3_01122,G_02670,other,FP_promptbench,0,0.9766383767127991,1,,,,
D3_01123,G_02677,other,FP_promptbench,0,0.9769083857536316,1,,,,
D3_01124,G_02678,other,FP_promptbench,0,0.976475179195404,1,,,,
D3_01125,G_02679,other,FP_promptbench,0,0.9773051738739014,1,,,,
D3_01126,G_02680,other,FP_promptbench,0,0.9767762422561646,1,,,,
D3_01127,G_02681,other,FP_promptbench,0,0.9753071665763855,1,,,,
D3_01128,G_02682,other,FP_promptbench,0,0.9763312935829163,1,,,,
D3_01129,G_02683,other,FP_promptbench,0,0.975883960723877,1,,,,
D3_01130,G_02684,other,FP_promptbench,0,0.9754074215888977,1,,,,
D3_01131,G_02685,other,FP_promptbench,0,0.9743219614028931,1,,,,
D3_01132,G_02686,other,FP_promptbench,0,0.9765616655349731,1,,,,
D3_01133,G_02687,other,FP_promptbench,0,0.9768307209014893,1,,,,
D3_01134,G_02688,other,FP_promptbench,0,0.9773919582366943,1,,,,
D3_01135,G_02689,other,FP_promptbench,0,0.9441357851028442,1,,,,
D3_01136,G_02690,other,FP_promptbench,0,0.972019374370575,1,,,,
D3_01137,G_02691,other,FP_promptbench,0,0.9751753807067871,1,,,,
D3_01138,G_02692,other,FP_promptbench,0,0.9789432883262634,1,,,,
D3_01139,G_02693,other,FP_promptbench,0,0.975629985332489,1,,,,
D3_01140,G_02694,other,FP_promptbench,0,0.9736430644989014,1,,,,
D3_01141,G_02695,other,FP_promptbench,0,0.9775727987289429,1,,,,
D3_01142,G_02696,other,FP_promptbench,0,0.9731311798095703,1,,,,
D3_01143,G_02697,other,FP_promptbench,0,0.9783030152320862,1,,,,
D3_01144,G_02698,other,FP_promptbench,0,0.960610032081604,1,,,,
D3_01145,G_02699,other,FP_promptbench,0,0.9753215312957764,1,,,,
D3_01146,G_02700,other,FP_promptbench,0,0.975588321685791,1,,,,
D3_01147,G_02701,other,FP_promptbench,0,0.975597083568573,1,,,,
D3_01148,G_02702,other,FP_promptbench,0,0.9747079014778137,1,,,,
D3_01149,G_02703,other,FP_promptbench,0,0.9749728441238403,1,,,,
D3_01150,G_02704,other,FP_promptbench,0,0.9749327301979065,1,,,,
D3_01151,G_02705,other,FP_promptbench,0,0.9733538627624512,1,,,,
D3_01152,G_02706,other,FP_promptbench,0,0.9763749241828918,1,,,,
D3_01153,G_02707,other,FP_promptbench,0,0.9744516611099243,1,,,,
D3_01154,G_02702,other,FP_promptbench,0,0.9745079278945923,1,,,,
D3_01155,G_02709,other,FP_promptbench,0,0.975498616695404,1,,,,
D3_01156,G_02710,other,FP_promptbench,0,0.9755069017410278,1,,,,
D3_01157,G_02711,other,FP_promptbench,0,0.9778040051460266,1,,,,
D3_01158,G_02712,other,FP_promptbench,0,0.9757542610168457,1,,,,
D3_01159,G_02713,other,FP_promptbench,0,0.9762182235717773,1,,,,
D3_01160,G_02714,other,FP_promptbench,0,0.9763014912605286,1,,,,
D3_01161,G_02715,other,FP_promptbench,0,0.9751772284507751,1,,,,
D3_01162,G_02716,other,FP_promptbench,0,0.9756139516830444,1,,,,
D3_01163,G_02717,other,FP_promptbench,0,0.9759681224822998,1,,,,
D3_01164,G_02718,other,FP_promptbench,0,0.9757830500602722,1,,,,
D3_01165,G_02752,en,FP_promptbench,0,0.967409074306488,1,,,,
D3_01166,G_02827,en,FP_promptbench,0,0.9708177447319031,1,,,,
D3_01167,G_02721,en,FP_promptbench,0,0.9665451049804688,1,,,,
D3_01168,G_02825,en,FP_promptbench,0,0.9652726054191589,1,,,,
D3_01169,G_03382,en,FP_promptbench,0,0.966993510723114,1,,,,
D3_01170,G_03384,en,FP_promptbench,0,0.9699453115463257,1,,,,
D3_01171,G_02725,en,FP_promptbench,0,0.9654026031494141,1,,,,
D3_01172,G_02726,en,FP_promptbench,0,0.9679663181304932,1,,,,
D3_01173,G_03387,en,FP_promptbench,0,0.9613392949104309,1,,,,
D3_01174,G_03915,en,FP_promptbench,0,0.9703084826469421,1,,,,
D3_01175,G_02760,en,FP_promptbench,0,0.9731568098068237,1,,,,
D3_01176,G_02730,en,FP_promptbench,0,0.9749606251716614,1,,,,
D3_01177,G_02731,en,FP_promptbench,0,0.9742527008056641,1,,,,
D3_01178,G_02732,en,FP_promptbench,0,0.9664158225059509,1,,,,
D3_01179,G_02733,en,FP_promptbench,0,0.9694474935531616,1,,,,
D3_01180,G_02734,en,FP_promptbench,0,0.973139762878418,1,,,,
D3_01181,G_02735,en,FP_promptbench,0,0.9727307558059692,1,,,,
D3_01182,G_02736,en,FP_promptbench,0,0.9214802384376526,1,,,,
D3_01183,G_02737,en,FP_promptbench,0,0.9715203642845154,1,,,,
D3_01184,G_02738,en,FP_promptbench,0,0.9624929428100586,1,,,,
D3_01185,G_02739,en,FP_promptbench,0,0.9665858149528503,1,,,,
D3_01186,G_02740,en,FP_promptbench,0,0.9687161445617676,1,,,,
D3_01187,G_02741,en,FP_promptbench,0,0.9690519571304321,1,,,,
D3_01188,G_02742,en,FP_promptbench,0,0.974946916103363,1,,,,
D3_01189,G_02743,en,FP_promptbench,0,0.9703182578086853,1,,,,
D3_01190,G_02744,en,FP_promptbench,0,0.964753270149231,1,,,,
D3_01191,G_02745,en,FP_promptbench,0,0.9675410389900208,1,,,,
D3_01192,G_02746,en,FP_promptbench,0,0.9673978090286255,1,,,,
D3_01193,G_02747,en,FP_promptbench,0,0.973264753818512,1,,,,
D3_01194,G_02760,en,FP_promptbench,0,0.9736527800559998,1,,,,
D3_01195,G_02749,en,FP_promptbench,0,0.9767521023750305,1,,,,
D3_01196,G_02731,en,FP_promptbench,0,0.9761732220649719,1,,,,
D3_01197,G_02751,en,FP_promptbench,0,0.9697970747947693,1,,,,
D3_01198,G_02752,en,FP_promptbench,0,0.9683611989021301,1,,,,
D3_01199,G_02753,en,FP_promptbench,0,0.9716284871101379,1,,,,
D3_01200,G_02730,en,FP_promptbench,0,0.975985586643219,1,,,,
D3_01201,G_02755,en,FP_promptbench,0,0.9754506349563599,1,,,,
D3_01202,G_02756,en,FP_promptbench,0,0.9747203588485718,1,,,,
D3_01203,G_02757,en,FP_promptbench,0,0.9716128706932068,1,,,,
D3_01204,G_02758,en,FP_promptbench,0,0.9749618768692017,1,,,,
D3_01205,G_02759,en,FP_promptbench,0,0.9700265526771545,1,,,,
D3_01206,G_02760,en,FP_promptbench,0,0.9746052026748657,1,,,,
D3_01207,G_02761,en,FP_promptbench,0,0.9780166149139404,1,,,,
D3_01208,G_02762,en,FP_promptbench,0,0.976610004901886,1,,,,
D3_01209,G_02763,en,FP_promptbench,0,0.9744393229484558,1,,,,
D3_01210,G_02752,en,FP_promptbench,0,0.9691447615623474,1,,,,
D3_01211,G_02765,en,FP_promptbench,0,0.9708254933357239,1,,,,
D3_01212,G_02730,en,FP_promptbench,0,0.9747742414474487,1,,,,
D3_01213,G_02760,en,FP_promptbench,0,0.9740222692489624,1,,,,
D3_01214,G_02731,en,FP_promptbench,0,0.9731453061103821,1,,,,
D3_01215,G_02769,en,FP_promptbench,0,0.9730926156044006,1,,,,
D3_01216,G_02770,en,FP_promptbench,0,0.9701399207115173,1,,,,
D3_01217,G_02771,en,FP_promptbench,0,0.9733386039733887,1,,,,
D3_01218,G_02772,en,FP_promptbench,0,0.9711303114891052,1,,,,
D3_01219,G_02731,en,FP_promptbench,0,0.9737074971199036,1,,,,
D3_01220,G_02774,en,FP_promptbench,0,0.9751423001289368,1,,,,
D3_01221,G_02775,other,FP_promptbench,0,0.9677448868751526,1,,,,
D3_01222,G_02776,other,FP_promptbench,0,0.9659658670425415,1,,,,
D3_01223,G_02777,other,FP_promptbench,0,0.9690993428230286,1,,,,
D3_01224,G_02778,other,FP_promptbench,0,0.9649994373321533,1,,,,
D3_01225,G_02779,other,FP_promptbench,0,0.9683356881141663,1,,,,
D3_01226,G_02780,other,FP_promptbench,0,0.9681428074836731,1,,,,
D3_01227,G_02781,other,FP_promptbench,0,0.9688541889190674,1,,,,
D3_01228,G_02782,other,FP_promptbench,0,0.9624137282371521,1,,,,
D3_01229,G_02783,other,FP_promptbench,0,0.9690853357315063,1,,,,
D3_01230,G_02784,other,FP_promptbench,0,0.9669745564460754,1,,,,
D3_01231,G_02785,other,FP_promptbench,0,0.9704998731613159,1,,,,
D3_01233,G_02786,other,FP_promptbench,0,0.971609354019165,1,,,,
D3_01234,G_02787,other,FP_promptbench,0,0.9644571542739868,1,,,,
D3_01236,G_02788,other,FP_promptbench,0,0.9666758179664612,1,,,,
D3_01237,G_02789,other,FP_promptbench,0,0.971256673336029,1,,,,
D3_01238,G_02790,other,FP_promptbench,0,0.9705029129981995,1,,,,
D3_01239,G_02791,other,FP_promptbench,0,0.971799373626709,1,,,,
D3_01240,G_02792,other,FP_promptbench,0,0.9652014374732971,1,,,,
D3_01241,G_02793,other,FP_promptbench,0,0.9722644090652466,1,,,,
D3_01242,G_02780,other,FP_promptbench,0,0.9686492681503296,1,,,,
D3_01243,G_02795,other,FP_promptbench,0,0.9716344475746155,1,,,,
D3_01244,G_02778,other,FP_promptbench,0,0.9666199088096619,1,,,,
D3_01246,G_02797,other,FP_promptbench,0,0.9665101170539856,1,,,,
D3_01247,G_02789,other,FP_promptbench,0,0.9729794859886169,1,,,,
D3_01249,G_02799,other,FP_promptbench,0,0.971569836139679,1,,,,
D3_01251,G_02800,other,FP_promptbench,0,0.9714736342430115,1,,,,
D3_01253,G_02801,other,FP_promptbench,0,0.9693306684494019,1,,,,
D3_01254,G_02802,other,FP_promptbench,0,0.9718766808509827,1,,,,
D3_01256,G_02803,other,FP_promptbench,0,0.9665836095809937,1,,,,
D3_01257,G_02804,other,FP_promptbench,0,0.9683240652084351,1,,,,
D3_01258,G_02805,other,FP_promptbench,0,0.970986545085907,1,,,,
D3_01259,G_02806,other,FP_promptbench,0,0.9702022075653076,1,,,,
D3_01261,G_02807,other,FP_promptbench,0,0.9669572114944458,1,,,,
D3_01263,G_02808,other,FP_promptbench,0,0.9683997631072998,1,,,,
D3_01264,G_02809,other,FP_promptbench,0,0.9683709144592285,1,,,,
D3_01266,G_02810,other,FP_promptbench,0,0.9640093445777893,1,,,,
D3_01267,G_02811,other,FP_promptbench,0,0.9684447050094604,1,,,,
D3_01269,G_02812,other,FP_promptbench,0,0.9696639180183411,1,,,,
D3_01270,G_02813,other,FP_promptbench,0,0.9645338654518127,1,,,,
D3_01273,G_02814,other,FP_promptbench,0,0.969315767288208,1,,,,
D3_01274,G_02815,other,FP_promptbench,0,0.9653587937355042,1,,,,
D3_01276,G_02816,other,FP_promptbench,0,0.963161826133728,1,,,,
D3_01277,G_02817,other,FP_promptbench,0,0.9700266122817993,1,,,,
D3_01279,G_02818,other,FP_promptbench,0,0.9697347283363342,1,,,,
D3_01301,G_02819,en,FP_promptbench,0,0.9665709137916565,1,,,,
D3_01302,G_02820,en,FP_promptbench,0,0.9693644046783447,1,,,,
D3_01303,G_02821,en,FP_promptbench,0,0.9692522883415222,1,,,,
D3_01304,G_02822,en,FP_promptbench,0,0.9708625674247742,1,,,,
D3_01305,G_02823,en,FP_promptbench,0,0.9756070375442505,1,,,,
D3_01306,G_02824,en,FP_promptbench,0,0.9687930941581726,1,,,,
D3_01307,G_02825,en,FP_promptbench,0,0.9654184579849243,1,,,,
D3_01308,G_03384,en,FP_promptbench,0,0.9701638221740723,1,,,,
D3_01309,G_02827,en,FP_promptbench,0,0.9740831255912781,1,,,,
D3_01310,G_02730,en,FP_promptbench,0,0.9762864708900452,1,,,,
D3_01311,G_02733,en,FP_promptbench,0,0.9695749282836914,1,,,,
D3_01312,G_02830,en,FP_promptbench,0,0.9724269509315491,1,,,,
D3_01313,G_02831,en,FP_promptbench,0,0.9713817238807678,1,,,,
D3_01314,G_02832,en,FP_promptbench,0,0.9729152917861938,1,,,,
D3_01315,G_02833,en,FP_promptbench,0,0.9685032963752747,1,,,,
D3_01316,G_02733,en,FP_promptbench,0,0.970421552658081,1,,,,
D3_01317,G_02835,en,FP_promptbench,0,0.9754069447517395,1,,,,
D3_01318,G_02737,en,FP_promptbench,0,0.9742934107780457,1,,,,
D3_01319,G_02837,en,FP_promptbench,0,0.9712324142456055,1,,,,
D3_01320,G_02838,en,FP_promptbench,0,0.9708004593849182,1,,,,
D3_01322,G_04773,en,FP_promptbench,0,0.9739829301834106,1,,,,
D3_01323,G_02733,en,FP_promptbench,0,0.9727521538734436,1,,,,
D3_01324,G_02761,en,FP_promptbench,0,0.9767986536026001,1,,,,
D3_01325,G_02842,en,FP_promptbench,0,0.973671555519104,1,,,,
D3_01326,G_02843,en,FP_promptbench,0,0.9718880653381348,1,,,,
D3_01327,G_02844,en,FP_promptbench,0,0.9675830006599426,1,,,,
D3_01328,G_02845,en,FP_promptbench,0,0.9738717675209045,1,,,,
D3_01329,G_02846,en,FP_promptbench,0,0.9771036505699158,1,,,,
D3_01330,G_02847,en,FP_promptbench,0,0.9764701724052429,1,,,,
D3_01331,G_02848,en,FP_promptbench,0,0.967782735824585,1,,,,
D3_01332,G_02849,en,FP_promptbench,0,0.9734042286872864,1,,,,
D3_01333,G_02850,en,FP_promptbench,0,0.9753526449203491,1,,,,
D3_01334,G_02851,en,FP_promptbench,0,0.9645275473594666,1,,,,
D3_01335,G_02852,en,FP_promptbench,0,0.973972737789154,1,,,,
D3_01336,G_02853,en,FP_promptbench,0,0.9773593544960022,1,,,,
D3_01397,G_02854,en,FP_promptbench,0,0.9652177691459656,1,,,,
D3_01398,G_02855,en,FP_promptbench,0,0.9607922434806824,1,,,,
D3_01399,G_03470,en,FP_promptbench,0,0.9686505794525146,1,,,,
D3_01400,G_04786,en,FP_promptbench,0,0.9639468789100647,1,,,,
D3_01401,G_02858,en,FP_promptbench,0,0.9370555281639099,1,,,,
D3_01402,G_02859,en,FP_promptbench,0,0.9122406840324402,1,,,,
D3_01403,G_02860,en,FP_promptbench,0,0.9472638964653015,1,,,,
D3_01404,G_02861,en,FP_promptbench,0,0.9616993069648743,1,,,,
D3_01405,G_02862,en,FP_promptbench,0,0.9566035866737366,1,,,,
D3_01406,G_02863,en,FP_promptbench,0,0.9405561685562134,1,,,,
D3_01407,G_02864,en,FP_promptbench,0,0.9676113724708557,1,,,,
D3_01408,G_02865,en,FP_promptbench,0,0.9689576029777527,1,,,,
D3_01409,G_02866,en,FP_promptbench,0,0.9718191623687744,1,,,,
D3_01410,G_02867,en,FP_promptbench,0,0.9470446705818176,1,,,,
D3_01411,G_02868,en,FP_promptbench,0,0.9767248034477234,1,,,,
D3_01412,G_02869,en,FP_promptbench,0,0.9663066864013672,1,,,,
D3_01413,G_03481,en,FP_promptbench,0,0.9689621925354004,1,,,,
D3_01414,G_02871,en,FP_promptbench,0,0.9707236289978027,1,,,,
D3_01415,G_02872,en,FP_promptbench,0,0.9701918959617615,1,,,,
D3_01416,G_02873,en,FP_promptbench,0,0.9733832478523254,1,,,,
D3_01417,G_02874,en,FP_promptbench,0,0.9619922637939453,1,,,,
D3_01418,G_02875,en,FP_promptbench,0,0.9686809778213501,1,,,,
D3_01419,G_02876,en,FP_promptbench,0,0.9626678824424744,1,,,,
D3_01421,G_02877,en,FP_promptbench,0,0.9675072431564331,1,,,,
D3_01422,G_02878,en,FP_promptbench,0,0.9711365103721619,1,,,,
D3_01423,G_02879,en,FP_promptbench,0,0.9745780825614929,1,,,,
D3_01424,G_02880,en,FP_promptbench,0,0.9705754518508911,1,,,,
D3_01425,G_02881,en,FP_promptbench,0,0.9606450200080872,1,,,,
D3_01426,G_02882,en,FP_promptbench,0,0.9657484889030457,1,,,,
D3_01427,G_02883,en,FP_promptbench,0,0.967791736125946,1,,,,
D3_01428,G_02866,en,FP_promptbench,0,0.9725817441940308,1,,,,
D3_01429,G_02885,en,FP_promptbench,0,0.9701463580131531,1,,,,
D3_01430,G_02886,en,FP_promptbench,0,0.9651516675949097,1,,,,
D3_01431,G_02855,en,FP_promptbench,0,0.9571177959442139,1,,,,
D3_01432,G_02888,en,FP_promptbench,0,0.9682069420814514,1,,,,
D3_01433,G_02889,en,FP_promptbench,0,0.9665365219116211,1,,,,
D3_01434,G_02877,en,FP_promptbench,0,0.9652075171470642,1,,,,
D3_01436,G_02891,en,FP_promptbench,0,0.970802903175354,1,,,,
D3_01437,G_02892,en,FP_promptbench,0,0.9693529605865479,1,,,,
D3_01438,G_02893,en,FP_promptbench,0,0.966147780418396,1,,,,
D3_01439,G_02894,en,FP_promptbench,0,0.9707372188568115,1,,,,
D3_01440,G_02895,en,FP_promptbench,0,0.9735606908798218,1,,,,
D3_01441,G_02896,en,FP_promptbench,0,0.9728231430053711,1,,,,
D3_01442,G_02855,en,FP_promptbench,0,0.8855565786361694,1,,,,
D3_01444,G_02898,en,FP_promptbench,0,0.9660061597824097,1,,,,
D3_01445,G_02899,en,FP_promptbench,0,0.962574303150177,1,,,,
D3_01446,G_02900,en,FP_promptbench,0,0.9680423736572266,1,,,,
D3_01447,G_02901,en,FP_promptbench,0,0.9732522368431091,1,,,,
D3_01448,G_02902,en,FP_promptbench,0,0.9604374766349792,1,,,,
D3_01449,G_02903,en,FP_promptbench,0,0.9449841380119324,1,,,,
D3_01450,G_02904,en,FP_promptbench,0,0.9625172019004822,1,,,,
D3_01451,G_02905,en,FP_promptbench,0,0.9711734652519226,1,,,,
D3_01452,G_02906,en,FP_promptbench,0,0.9647793769836426,1,,,,
D3_01453,G_02907,en,FP_promptbench,0,0.9715255498886108,1,,,,
D3_01454,G_02908,other,FP_promptbench,0,0.9657084345817566,1,,,,
D3_01455,G_02909,other,FP_promptbench,0,0.9472569227218628,1,,,,
D3_01456,G_02910,other,FP_promptbench,0,0.95122230052948,1,,,,
D3_01457,G_02911,other,FP_promptbench,0,0.9532424807548523,1,,,,
D3_01458,G_02912,other,FP_promptbench,0,0.9622670412063599,1,,,,
D3_01459,G_02913,other,FP_promptbench,0,0.9241032004356384,1,,,,
D3_01460,G_02914,other,FP_promptbench,0,0.9566402435302734,1,,,,
D3_01461,G_02915,other,FP_promptbench,0,0.9527140259742737,1,,,,
D3_01462,G_02916,other,FP_promptbench,0,0.9560655355453491,1,,,,
D3_01463,G_02917,other,FP_promptbench,0,0.9654471278190613,1,,,,
D3_01464,G_02918,other,FP_promptbench,0,0.9664479494094849,1,,,,
D3_01465,G_02919,other,FP_promptbench,0,0.9503166079521179,1,,,,
D3_01466,G_02920,other,FP_promptbench,0,0.9422064423561096,1,,,,
D3_01468,G_02921,other,FP_promptbench,0,0.9524310827255249,1,,,,
D3_01469,G_02922,other,FP_promptbench,0,0.9354925751686096,1,,,,
D3_01470,G_02923,other,FP_promptbench,0,0.953275203704834,1,,,,
D3_01471,G_02924,other,FP_promptbench,0,0.9612206220626831,1,,,,
D3_01472,G_02925,other,FP_promptbench,0,0.964428722858429,1,,,,
D3_01473,G_02926,other,FP_promptbench,0,0.9639432430267334,1,,,,
D3_01474,G_02927,other,FP_promptbench,0,0.9677997827529907,1,,,,
D3_01475,G_02928,other,FP_promptbench,0,0.9228543639183044,1,,,,
D3_01476,G_02929,other,FP_promptbench,0,0.9282784461975098,1,,,,
D3_01478,G_02930,other,FP_promptbench,0,0.9586016535758972,1,,,,
D3_01479,G_02931,other,FP_promptbench,0,0.5961000323295593,1,,,,
D3_01480,G_02932,other,FP_promptbench,0,0.9590084552764893,1,,,,
D3_01481,G_02933,other,FP_promptbench,0,0.9658806920051575,1,,,,
D3_01482,G_02934,other,FP_promptbench,0,0.9649946689605713,1,,,,
D3_01483,G_02926,other,FP_promptbench,0,0.9654064774513245,1,,,,
D3_01484,G_02936,other,FP_promptbench,0,0.9653042554855347,1,,,,
D3_01485,G_02937,other,FP_promptbench,0,0.9565820693969727,1,,,,
D3_01487,G_02938,other,FP_promptbench,0,0.7452915906906128,1,,,,
D3_01488,G_02939,other,FP_promptbench,0,0.9442534446716309,1,,,,
D3_01491,G_02940,other,FP_promptbench,0,0.966980516910553,1,,,,
D3_01493,G_02941,other,FP_promptbench,0,0.9654814600944519,1,,,,
D3_01494,G_02942,other,FP_promptbench,0,0.9660772085189819,1,,,,
D3_01496,G_02943,other,FP_promptbench,0,0.9530595541000366,1,,,,
D3_01497,G_02944,other,FP_promptbench,0,0.9037818908691406,1,,,,
D3_01498,G_02945,other,FP_promptbench,0,0.9617770910263062,1,,,,
D3_01499,G_02946,other,FP_promptbench,0,0.9509556293487549,1,,,,
D3_01500,G_02947,other,FP_promptbench,0,0.9469365477561951,1,,,,
D3_01501,G_02948,other,FP_promptbench,0,0.9558532238006592,1,,,,
D3_01502,G_02949,other,FP_promptbench,0,0.9577387571334839,1,,,,
D3_01503,G_02950,other,FP_promptbench,0,0.9620232582092285,1,,,,
D3_01504,G_02951,other,FP_promptbench,0,0.9595224857330322,1,,,,
D3_01507,G_02952,other,FP_promptbench,0,0.9260439276695251,1,,,,
D3_01508,G_02953,other,FP_promptbench,0,0.9641134142875671,1,,,,
D3_01509,G_02954,other,FP_promptbench,0,0.9282141327857971,1,,,,
D3_01510,G_02955,other,FP_promptbench,0,0.9596796631813049,1,,,,
D3_01511,G_02956,other,FP_promptbench,0,0.9568619728088379,1,,,,
D3_01512,G_02957,other,FP_promptbench,0,0.9611532092094421,1,,,,
D3_01513,G_02958,other,FP_promptbench,0,0.9496447443962097,1,,,,
D3_01514,G_02959,en,FP_promptbench,0,0.9716792702674866,1,,,,
D3_01515,G_01671,en,FP_promptbench,0,0.968959629535675,1,,,,
D3_01516,G_01664,en,FP_promptbench,0,0.9698904752731323,1,,,,
D3_01517,G_01669,en,FP_promptbench,0,0.9740410447120667,1,,,,
D3_01518,G_01663,en,FP_promptbench,0,0.9777032732963562,1,,,,
D3_01519,G_01667,en,FP_promptbench,0,0.9767009615898132,1,,,,
D3_01520,G_01668,en,FP_promptbench,0,0.9757163524627686,1,,,,
D3_01521,G_01662,en,FP_promptbench,0,0.9693104028701782,1,,,,
D3_01522,G_01666,en,FP_promptbench,0,0.9649186134338379,1,,,,
D3_01523,G_02968,en,FP_promptbench,0,0.9671743512153625,1,,,,
D3_01524,G_01691,en,FP_promptbench,0,0.9761080145835876,1,,,,
D3_01525,G_01698,en,FP_promptbench,0,0.9721105098724365,1,,,,
D3_01526,G_02971,en,FP_promptbench,0,0.9777904748916626,1,,,,
D3_01527,G_01677,en,FP_promptbench,0,0.9734922647476196,1,,,,
D3_01528,G_01678,en,FP_promptbench,0,0.9768266081809998,1,,,,
D3_01529,G_01705,en,FP_promptbench,0,0.9778962135314941,1,,,,
D3_01530,G_01679,en,FP_promptbench,0,0.977378249168396,1,,,,
D3_01531,G_01680,en,FP_promptbench,0,0.9775359034538269,1,,,,
D3_01532,G_02977,en,FP_promptbench,0,0.9727842807769775,1,,,,
D3_01533,G_01676,en,FP_promptbench,0,0.9765197038650513,1,,,,
D3_01534,G_02979,en,FP_promptbench,0,0.9743298888206482,1,,,,
D3_01535,G_02980,en,FP_promptbench,0,0.9725192785263062,1,,,,
D3_01536,G_02981,en,FP_promptbench,0,0.913425862789154,1,,,,
D3_01537,G_02982,en,FP_promptbench,0,0.9723131060600281,1,,,,
D3_01538,G_02983,en,FP_promptbench,0,0.9758121371269226,1,,,,
D3_01539,G_02984,en,FP_promptbench,0,0.9749383926391602,1,,,,
D3_01540,G_02959,en,FP_promptbench,0,0.9754407405853271,1,,,,
D3_01541,G_01671,en,FP_promptbench,0,0.9745211601257324,1,,,,
D3_01542,G_01664,en,FP_promptbench,0,0.9741291403770447,1,,,,
D3_01543,G_01698,en,FP_promptbench,0,0.9744800925254822,1,,,,
D3_01544,G_02971,en,FP_promptbench,0,0.9786402583122253,1,,,,
D3_01545,G_01691,en,FP_promptbench,0,0.9782123565673828,1,,,,
D3_01546,G_02959,en,FP_promptbench,0,0.9717848300933838,1,,,,
D3_01547,G_01671,en,FP_promptbench,0,0.9684943556785583,1,,,,
D3_01548,G_02993,en,FP_promptbench,0,0.9666260480880737,1,,,,
D3_01549,G_02994,en,FP_promptbench,0,0.9728994965553284,1,,,,
D3_01550,G_02995,en,FP_promptbench,0,0.9790349006652832,1,,,,
D3_01551,G_02971,en,FP_promptbench,0,0.9773066639900208,1,,,,
D3_01552,G_02997,en,FP_promptbench,0,0.974428117275238,1,,,,
D3_01553,G_01671,en,FP_promptbench,0,0.9726195335388184,1,,,,
D3_01554,G_02999,en,FP_promptbench,0,0.9739805459976196,1,,,,
D3_01555,G_01691,en,FP_promptbench,0,0.9777792692184448,1,,,,
D3_01556,G_01698,en,FP_promptbench,0,0.9734982252120972,1,,,,
D3_01557,G_03002,en,FP_promptbench,0,0.9781879186630249,1,,,,
D3_01558,G_03003,en,FP_promptbench,0,0.9660829901695251,1,,,,
D3_01559,G_03004,en,FP_promptbench,0,0.9709450602531433,1,,,,
D3_01560,G_03005,en,FP_promptbench,0,0.9735198020935059,1,,,,
D3_01561,G_03006,en,FP_promptbench,0,0.9744580984115601,1,,,,
D3_01562,G_03007,en,FP_promptbench,0,0.9787182807922363,1,,,,
D3_01563,G_03008,en,FP_promptbench,0,0.9777998924255371,1,,,,
D3_01564,G_03009,en,FP_promptbench,0,0.956585705280304,1,,,,
D3_01565,G_03010,en,FP_promptbench,0,0.9688000679016113,1,,,,
D3_01566,G_03011,en,FP_promptbench,0,0.9550415873527527,1,,,,
D3_01567,G_03012,en,FP_promptbench,0,0.9785061478614807,1,,,,
D3_01568,G_03013,en,FP_promptbench,0,0.972290575504303,1,,,,
D3_01569,G_03014,en,FP_promptbench,0,0.977349579334259,1,,,,
D3_01630,G_01803,en,FP_promptbench,0,0.9642022848129272,1,,,,
D3_01631,G_01784,en,FP_promptbench,0,0.9463610649108887,1,,,,
D3_01632,G_03017,en,FP_promptbench,0,0.9627884030342102,1,,,,
D3_01633,G_01816,en,FP_promptbench,0,0.9756056070327759,1,,,,
D3_01634,G_01780,en,FP_promptbench,0,0.9484147429466248,1,,,,
D3_01635,G_03579,en,FP_promptbench,0,0.9757266640663147,1,,,,
D3_01636,G_01785,en,FP_promptbench,0,0.9539097547531128,1,,,,
D3_01637,G_01802,en,FP_promptbench,0,0.9623197913169861,1,,,,
D3_01638,G_03023,en,FP_promptbench,0,0.9764675498008728,1,,,,
D3_01639,G_01783,en,FP_promptbench,0,0.9620162844657898,1,,,,
D3_01640,G_01811,en,FP_promptbench,0,0.969325840473175,1,,,,
D3_01641,G_01789,en,FP_promptbench,0,0.9706674218177795,1,,,,
D3_01642,G_03045,en,FP_promptbench,0,0.9756198525428772,1,,,,
D3_01643,G_01818,en,FP_promptbench,0,0.9662444591522217,1,,,,
D3_01644,G_03029,en,FP_promptbench,0,0.9733077883720398,1,,,,
D3_01645,G_01793,en,FP_promptbench,0,0.9761871099472046,1,,,,
D3_01646,G_01790,en,FP_promptbench,0,0.9723538160324097,1,,,,
D3_01647,G_01819,en,FP_promptbench,0,0.9783268570899963,1,,,,
D3_01648,G_01794,en,FP_promptbench,0,0.977735161781311,1,,,,
D3_01649,G_01795,en,FP_promptbench,0,0.9679147005081177,1,,,,
D3_01650,G_03035,en,FP_promptbench,0,0.9707867503166199,1,,,,
D3_01651,G_03036,en,FP_promptbench,0,0.9596315622329712,1,,,,
D3_01652,G_03037,en,FP_promptbench,0,0.9667260646820068,1,,,,
D3_01653,G_03038,en,FP_promptbench,0,0.9313337802886963,1,,,,
D3_01654,G_03039,en,FP_promptbench,0,0.9724226593971252,1,,,,
D3_01655,G_03040,en,FP_promptbench,0,0.9771572947502136,1,,,,
D3_01656,G_01794,en,FP_promptbench,0,0.978322446346283,1,,,,
D3_01657,G_01784,en,FP_promptbench,0,0.9620015025138855,1,,,,
D3_01658,G_03017,en,FP_promptbench,0,0.9689605236053467,1,,,,
D3_01659,G_01811,en,FP_promptbench,0,0.9724352955818176,1,,,,
D3_01660,G_03045,en,FP_promptbench,0,0.9765409827232361,1,,,,
D3_01661,G_01789,en,FP_promptbench,0,0.9736170768737793,1,,,,
D3_01662,G_03047,en,FP_promptbench,0,0.9629714488983154,1,,,,
D3_01663,G_03048,en,FP_promptbench,0,0.9712717533111572,1,,,,
D3_01664,G_03049,en,FP_promptbench,0,0.9627384543418884,1,,,,
D3_01665,G_03050,en,FP_promptbench,0,0.9644397497177124,1,,,,
D3_01666,G_03045,en,FP_promptbench,0,0.9768862128257751,1,,,,
D3_01667,G_01789,en,FP_promptbench,0,0.9706618189811707,1,,,,
D3_01668,G_03053,en,FP_promptbench,0,0.9656380414962769,1,,,,
D3_01669,G_01815,en,FP_promptbench,0,0.9697986245155334,1,,,,
D3_01670,G_03055,en,FP_promptbench,0,0.9699329733848572,1,,,,
D3_01671,G_01811,en,FP_promptbench,0,0.9734728336334229,1,,,,
D3_01672,G_03057,en,FP_promptbench,0,0.9713810682296753,1,,,,
D3_01673,G_03058,en,FP_promptbench,0,0.9764696955680847,1,,,,
D3_01674,G_01784,en,FP_promptbench,0,0.9531863331794739,1,,,,
D3_01675,G_03060,en,FP_promptbench,0,0.9607019424438477,1,,,,
D3_01676,G_03061,en,FP_promptbench,0,0.9639369249343872,1,,,,
D3_01677,G_03062,en,FP_promptbench,0,0.9745917916297913,1,,,,
D3_01678,G_03063,en,FP_promptbench,0,0.945756733417511,1,,,,
D3_01679,G_03064,en,FP_promptbench,0,0.978718638420105,1,,,,
D3_01680,G_03065,en,FP_promptbench,0,0.9637451171875,1,,,,
D3_01681,G_03066,en,FP_promptbench,0,0.9564108848571777,1,,,,
D3_01682,G_03067,en,FP_promptbench,0,0.9444923400878906,1,,,,
D3_01683,G_03068,en,FP_promptbench,0,0.9679809212684631,1,,,,
D3_01684,G_03069,en,FP_promptbench,0,0.9702693223953247,1,,,,
D3_01685,G_03070,en,FP_promptbench,0,0.974147617816925,1,,,,
D3_01766,G_03071,en,FP_promptbench,0,0.9742608666419983,1,,,,
D3_01767,G_03072,en,FP_promptbench,0,0.9566213488578796,1,,,,
D3_01768,G_03073,en,FP_promptbench,0,0.9731664061546326,1,,,,
D3_01769,G_03074,en,FP_promptbench,0,0.9754554629325867,1,,,,
D3_01770,G_03075,en,FP_promptbench,0,0.9734823107719421,1,,,,
D3_01771,G_03076,en,FP_promptbench,0,0.9697578549385071,1,,,,
D3_01772,G_03601,en,FP_promptbench,0,0.9733400940895081,1,,,,
D3_01773,G_01892,en,FP_promptbench,0,0.9739965796470642,1,,,,
D3_01774,G_01898,en,FP_promptbench,0,0.9717310070991516,1,,,,
D3_01775,G_01909,en,FP_promptbench,0,0.9756579995155334,1,,,,
D3_01776,G_01903,en,FP_promptbench,0,0.9741487503051758,1,,,,
D3_01777,G_01931,en,FP_promptbench,0,0.9740880727767944,1,,,,
D3_01778,G_03601,en,FP_promptbench,0,0.9761792421340942,1,,,,
D3_01779,G_01892,en,FP_promptbench,0,0.9740895628929138,1,,,,
D3_01780,G_01898,en,FP_promptbench,0,0.9728055000305176,1,,,,
D3_01781,G_03086,en,FP_promptbench,0,0.9779144525527954,1,,,,
D3_01782,G_03087,en,FP_promptbench,0,0.971864640712738,1,,,,
D3_01783,G_03088,en,FP_promptbench,0,0.9751024842262268,1,,,,
D3_01784,G_03089,en,FP_promptbench,0,0.9746982455253601,1,,,,
D3_01785,G_01892,en,FP_promptbench,0,0.9752386808395386,1,,,,
D3_01786,G_01898,en,FP_promptbench,0,0.9722709655761719,1,,,,
D3_01787,G_01903,en,FP_promptbench,0,0.9732444286346436,1,,,,
D3_01788,G_01909,en,FP_promptbench,0,0.9758721590042114,1,,,,
D3_01789,G_01931,en,FP_promptbench,0,0.9732845425605774,1,,,,
D3_01790,G_03095,en,FP_promptbench,0,0.9692846536636353,1,,,,
D3_01791,G_03096,en,FP_promptbench,0,0.9720146656036377,1,,,,
D3_01792,G_03097,en,FP_promptbench,0,0.9714760184288025,1,,,,
D3_01793,G_03098,en,FP_promptbench,0,0.9739050269126892,1,,,,
D3_01794,G_03099,en,FP_promptbench,0,0.9750971794128418,1,,,,
D3_01795,G_03100,en,FP_promptbench,0,0.9766629338264465,1,,,,
D3_01796,G_03101,en,FP_promptbench,0,0.9719431400299072,1,,,,
D3_01797,G_03102,en,FP_promptbench,0,0.9708127975463867,1,,,,
D3_01798,G_03103,en,FP_promptbench,0,0.9737216234207153,1,,,,
D3_01799,G_03104,en,FP_promptbench,0,0.9754804372787476,1,,,,
D3_01800,G_03105,en,FP_promptbench,0,0.9737200736999512,1,,,,
D3_01801,G_03106,en,FP_promptbench,0,0.9738582968711853,1,,,,
D3_01882,G_03107,en,FP_promptbench,0,0.9677681922912598,1,,,,
D3_01883,G_03108,en,FP_promptbench,0,0.9664679169654846,1,,,,
D3_01884,G_03109,en,FP_promptbench,0,0.972604513168335,1,,,,
D3_01885,G_03110,en,FP_promptbench,0,0.9708573222160339,1,,,,
D3_01886,G_03111,en,FP_promptbench,0,0.9747753739356995,1,,,,
D3_01887,G_03112,en,FP_promptbench,0,0.9172595143318176,1,,,,
D3_01888,G_02011,en,FP_promptbench,0,0.9735661149024963,1,,,,
D3_01889,G_02009,en,FP_promptbench,0,0.9721282124519348,1,,,,
D3_01890,G_02032,en,FP_promptbench,0,0.9732537269592285,1,,,,
D3_01891,G_03116,en,FP_promptbench,0,0.9753305315971375,1,,,,
D3_01892,G_02019,en,FP_promptbench,0,0.9774288535118103,1,,,,
D3_01893,G_02016,en,FP_promptbench,0,0.9733842611312866,1,,,,
D3_01894,G_02009,en,FP_promptbench,0,0.9666929841041565,1,,,,
D3_01895,G_03120,en,FP_promptbench,0,0.9760730266571045,1,,,,
D3_01896,G_03121,en,FP_promptbench,0,0.9688300490379333,1,,,,
D3_01897,G_03122,en,FP_promptbench,0,0.972440242767334,1,,,,
D3_01898,G_03123,en,FP_promptbench,0,0.9734688401222229,1,,,,
D3_01899,G_03124,en,FP_promptbench,0,0.9777505397796631,1,,,,
D3_01900,G_02009,en,FP_promptbench,0,0.9704917073249817,1,,,,
D3_01901,G_03126,en,FP_promptbench,0,0.9727112054824829,1,,,,
D3_01902,G_02043,en,FP_promptbench,0,0.9734247922897339,1,,,,
D3_01903,G_02016,en,FP_promptbench,0,0.9744400978088379,1,,,,
D3_01904,G_02019,en,FP_promptbench,0,0.9761278033256531,1,,,,
D3_01905,G_03116,en,FP_promptbench,0,0.9767010807991028,1,,,,
D3_01906,G_03131,en,FP_promptbench,0,0.9734035730361938,1,,,,
D3_01907,G_03132,en,FP_promptbench,0,0.972085177898407,1,,,,
D3_01908,G_03133,en,FP_promptbench,0,0.9722825884819031,1,,,,
D3_01909,G_03134,en,FP_promptbench,0,0.9705624580383301,1,,,,
D3_01910,G_03135,en,FP_promptbench,0,0.974519670009613,1,,,,
D3_01911,G_02016,en,FP_promptbench,0,0.9737370014190674,1,,,,
D3_01912,G_03137,en,FP_promptbench,0,0.9679136872291565,1,,,,
D3_01913,G_03138,en,FP_promptbench,0,0.9645810127258301,1,,,,
D3_01914,G_03139,en,FP_promptbench,0,0.9684650301933289,1,,,,
D3_01915,G_03140,en,FP_promptbench,0,0.9755773544311523,1,,,,
D3_01916,G_03141,en,FP_promptbench,0,0.9682514071464539,1,,,,
D3_01917,G_03142,en,FP_promptbench,0,0.9762834310531616,1,,,,
D3_01999,G_03143,en,FP_promptbench,0,0.9650471806526184,1,,,,
D3_02000,G_03144,en,FP_promptbench,0,0.9564223289489746,1,,,,
D3_02001,G_03145,en,FP_promptbench,0,0.9330902099609375,1,,,,
D3_02002,G_03146,en,FP_promptbench,0,0.9691345691680908,1,,,,
D3_02003,G_03147,en,FP_promptbench,0,0.9755576848983765,1,,,,
D3_02004,G_03148,en,FP_promptbench,0,0.9757914543151855,1,,,,
D3_02005,G_02119,en,FP_promptbench,0,0.9680383801460266,1,,,,
D3_02006,G_03150,en,FP_promptbench,0,0.9716328978538513,1,,,,
D3_02007,G_02154,en,FP_promptbench,0,0.9665396213531494,1,,,,
D3_02009,G_04542,en,FP_promptbench,0,0.9716798067092896,1,,,,
D3_02010,G_03168,en,FP_promptbench,0,0.9772099852561951,1,,,,
D3_02011,G_03154,en,FP_promptbench,0,0.9667889475822449,1,,,,
D3_02012,G_03155,en,FP_promptbench,0,0.9719469547271729,1,,,,
D3_02014,G_02150,en,FP_promptbench,0,0.9788155555725098,1,,,,
D3_02015,G_04542,en,FP_promptbench,0,0.9700325727462769,1,,,,
D3_02017,G_02119,en,FP_promptbench,0,0.9691137671470642,1,,,,
D3_02018,G_03159,en,FP_promptbench,0,0.9715023636817932,1,,,,
D3_02020,G_03160,en,FP_promptbench,0,0.9717493653297424,1,,,,
D3_02021,G_03161,en,FP_promptbench,0,0.9765541553497314,1,,,,
D3_02022,G_03168,en,FP_promptbench,0,0.9775750637054443,1,,,,
D3_02023,G_03163,en,FP_promptbench,0,0.9520596265792847,1,,,,
D3_02024,G_03164,en,FP_promptbench,0,0.9707848429679871,1,,,,
D3_02025,G_02154,en,FP_promptbench,0,0.9670645594596863,1,,,,
D3_02026,G_03166,en,FP_promptbench,0,0.9764745831489563,1,,,,
D3_02027,G_03167,en,FP_promptbench,0,0.9736533761024475,1,,,,
D3_02028,G_03168,en,FP_promptbench,0,0.977172315120697,1,,,,
D3_02029,G_03169,en,FP_promptbench,0,0.9506204128265381,1,,,,
D3_02030,G_03170,en,FP_promptbench,0,0.9503574967384338,1,,,,
D3_02031,G_03171,en,FP_promptbench,0,0.9645988941192627,1,,,,
D3_02032,G_03172,en,FP_promptbench,0,0.9772613048553467,1,,,,
D3_02033,G_03173,en,FP_promptbench,0,0.9713578820228577,1,,,,
D3_02034,G_03168,en,FP_promptbench,0,0.9735516905784607,1,,,,
D3_02106,G_03281,en,FP_promptbench,0,0.9787352681159973,1,,,,
D3_02107,G_02252,en,FP_promptbench,0,0.9762484431266785,1,,,,
D3_02108,G_04642,en,FP_promptbench,0,0.9774198532104492,1,,,,
D3_02109,G_03178,en,FP_promptbench,0,0.9765480160713196,1,,,,
D3_02110,G_02278,en,FP_promptbench,0,0.9711146950721741,1,,,,
D3_02111,G_03717,en,FP_promptbench,0,0.9724393486976624,1,,,,
D3_02112,G_02468,en,FP_promptbench,0,0.9768620133399963,1,,,,
D3_02113,G_02249,en,FP_promptbench,0,0.9705849885940552,1,,,,
D3_02114,G_03183,en,FP_promptbench,0,0.9752522706985474,1,,,,
D3_02115,G_02277,en,FP_promptbench,0,0.9746151566505432,1,,,,
D3_02116,G_03185,en,FP_promptbench,0,0.9760801196098328,1,,,,
D3_02117,G_03186,en,FP_promptbench,0,0.9739105105400085,1,,,,
D3_02118,G_03187,en,FP_promptbench,0,0.9737104177474976,1,,,,
D3_02119,G_03188,en,FP_promptbench,0,0.9762638807296753,1,,,,
D3_02120,G_03189,en,FP_promptbench,0,0.9735391139984131,1,,,,
D3_02121,G_03190,en,FP_promptbench,0,0.9786900877952576,1,,,,
D3_02123,G_02239,en,FP_promptbench,0,0.9776623845100403,1,,,,
D3_02124,G_02243,en,FP_promptbench,0,0.978129506111145,1,,,,
D3_02125,G_03281,en,FP_promptbench,0,0.9791651964187622,1,,,,
D3_02126,G_02252,en,FP_promptbench,0,0.976768970489502,1,,,,
D3_02127,G_04642,en,FP_promptbench,0,0.9778591990470886,1,,,,
D3_02128,G_03196,en,FP_promptbench,0,0.9754309058189392,1,,,,
D3_02129,G_02238,en,FP_promptbench,0,0.9782211184501648,1,,,,
D3_02130,G_02243,en,FP_promptbench,0,0.976682722568512,1,,,,
D3_02131,G_03281,en,FP_promptbench,0,0.9786314964294434,1,,,,
D3_02133,G_02252,en,FP_promptbench,0,0.9791256189346313,1,,,,
D3_02134,G_03201,en,FP_promptbench,0,0.9773284196853638,1,,,,
D3_02135,G_03202,en,FP_promptbench,0,0.9760972261428833,1,,,,
D3_02136,G_02243,en,FP_promptbench,0,0.9780921339988708,1,,,,
D3_02137,G_03281,en,FP_promptbench,0,0.9780557155609131,1,,,,
D3_02138,G_04642,en,FP_promptbench,0,0.9781358242034912,1,,,,
D3_02139,G_02252,en,FP_promptbench,0,0.9753318428993225,1,,,,
D3_02140,G_03207,en,FP_promptbench,0,0.975517749786377,1,,,,
D3_02141,G_02238,en,FP_promptbench,0,0.9775233864784241,1,,,,
D3_02142,G_03209,en,FP_promptbench,0,0.9777941107749939,1,,,,
D3_02143,G_03210,en,FP_promptbench,0,0.9793704748153687,1,,,,
D3_02144,G_03211,en,FP_promptbench,0,0.978469729423523,1,,,,
D3_02145,G_03212,en,FP_promptbench,0,0.9766308069229126,1,,,,
D3_02146,G_03213,en,FP_promptbench,0,0.9750195741653442,1,,,,
D3_02147,G_03214,en,FP_promptbench,0,0.97348952293396,1,,,,
D3_02148,G_03215,en,FP_promptbench,0,0.9758180379867554,1,,,,
D3_02149,G_03216,en,FP_promptbench,0,0.9747653007507324,1,,,,
D3_02150,G_03217,en,FP_promptbench,0,0.9766552448272705,1,,,,
D3_02151,G_03218,en,FP_promptbench,0,0.9783129692077637,1,,,,
D3_02212,G_03219,en,FP_promptbench,0,0.9728503227233887,1,,,,
D3_02213,G_02355,en,FP_promptbench,0,0.965086042881012,1,,,,
D3_02214,G_02354,en,FP_promptbench,0,0.9697385430335999,1,,,,
D3_02215,G_02353,en,FP_promptbench,0,0.9719841480255127,1,,,,
D3_02217,G_04180,en,FP_promptbench,0,0.9707889556884766,1,,,,
D3_02218,G_02358,en,FP_promptbench,0,0.9728319048881531,1,,,,
D3_02219,G_02372,en,FP_promptbench,0,0.9696663618087769,1,,,,
D3_02220,G_02357,en,FP_promptbench,0,0.9711800217628479,1,,,,
D3_02222,G_02390,en,FP_promptbench,0,0.9749501943588257,1,,,,
D3_02223,G_03228,en,FP_promptbench,0,0.9749116897583008,1,,,,
D3_02224,G_02367,en,FP_promptbench,0,0.9768396019935608,1,,,,
D3_02225,G_03230,en,FP_promptbench,0,0.9713061451911926,1,,,,
D3_02226,G_02364,en,FP_promptbench,0,0.9716233015060425,1,,,,
D3_02227,G_02363,en,FP_promptbench,0,0.972228467464447,1,,,,
D3_02228,G_02366,en,FP_promptbench,0,0.9761719703674316,1,,,,
D3_02229,G_02360,en,FP_promptbench,0,0.9766839742660522,1,,,,
D3_02230,G_02368,en,FP_promptbench,0,0.9763201475143433,1,,,,
D3_02231,G_02369,en,FP_promptbench,0,0.9774121046066284,1,,,,
D3_02232,G_03237,en,FP_promptbench,0,0.9738436341285706,1,,,,
D3_02233,G_03238,en,FP_promptbench,0,0.6990633606910706,1,,,,
D3_02234,G_03239,en,FP_promptbench,0,0.531897783279419,1,,,,
D3_02235,G_03240,en,FP_promptbench,0,0.9762968420982361,1,,,,
D3_02236,G_03241,en,FP_promptbench,0,0.9763545393943787,1,,,,
D3_02237,G_03242,en,FP_promptbench,0,0.9755476117134094,1,,,,
D3_02238,G_03219,en,FP_promptbench,0,0.9758203029632568,1,,,,
D3_02239,G_02355,en,FP_promptbench,0,0.9718549847602844,1,,,,
D3_02240,G_02354,en,FP_promptbench,0,0.9730699062347412,1,,,,
D3_02241,G_02390,en,FP_promptbench,0,0.9761949181556702,1,,,,
D3_02242,G_02367,en,FP_promptbench,0,0.9769132137298584,1,,,,
D3_02243,G_03228,en,FP_promptbench,0,0.975394606590271,1,,,,
D3_02244,G_03249,en,FP_promptbench,0,0.9752508997917175,1,,,,
D3_02245,G_03250,en,FP_promptbench,0,0.9673298597335815,1,,,,
D3_02247,G_03251,en,FP_promptbench,0,0.975151002407074,1,,,,
D3_02248,G_03252,en,FP_promptbench,0,0.9761868715286255,1,,,,
D3_02249,G_03253,en,FP_promptbench,0,0.9767226576805115,1,,,,
D3_02250,G_03254,en,FP_promptbench,0,0.9768813252449036,1,,,,
D3_02251,G_03255,en,FP_promptbench,0,0.9721279740333557,1,,,,
D3_02252,G_02354,en,FP_promptbench,0,0.9732133746147156,1,,,,
D3_02253,G_03257,en,FP_promptbench,0,0.9754399657249451,1,,,,
D3_02254,G_02390,en,FP_promptbench,0,0.976033627986908,1,,,,
D3_02255,G_03259,en,FP_promptbench,0,0.9768235683441162,1,,,,
D3_02256,G_03260,en,FP_promptbench,0,0.972279965877533,1,,,,
D3_02257,G_03261,en,FP_promptbench,0,0.9584397673606873,1,,,,
D3_02258,G_03262,en,FP_promptbench,0,0.970264732837677,1,,,,
D3_02259,G_03263,en,FP_promptbench,0,0.9708918929100037,1,,,,
D3_02260,G_03264,en,FP_promptbench,0,0.9757888317108154,1,,,,
D3_02261,G_03265,en,FP_promptbench,0,0.9734375476837158,1,,,,
D3_02262,G_03266,en,FP_promptbench,0,0.9734217524528503,1,,,,
D3_02263,G_03267,en,FP_promptbench,0,0.9434102773666382,1,,,,
D3_02264,G_03268,en,FP_promptbench,0,0.9640700817108154,1,,,,
D3_02265,G_03269,en,FP_promptbench,0,0.9706799983978271,1,,,,
D3_02266,G_03270,en,FP_promptbench,0,0.9726650714874268,1,,,,
D3_02267,G_03271,en,FP_promptbench,0,0.9589635133743286,1,,,,
D3_02349,G_03272,en,FP_promptbench,0,0.9744340181350708,1,,,,
D3_02350,G_03273,en,FP_promptbench,0,0.9785935878753662,1,,,,
D3_02351,G_03274,en,FP_promptbench,0,0.9740442037582397,1,,,,
D3_02352,G_03275,en,FP_promptbench,0,0.9751262068748474,1,,,,
D3_02353,G_03276,en,FP_promptbench,0,0.9771337509155273,1,,,,
D3_02354,G_03277,en,FP_promptbench,0,0.9776057600975037,1,,,,
D3_02355,G_02239,en,FP_promptbench,0,0.9775545597076416,1,,,,
D3_02356,G_03279,en,FP_promptbench,0,0.9761969447135925,1,,,,
D3_02357,G_02245,en,FP_promptbench,0,0.9779878854751587,1,,,,
D3_02358,G_03281,en,FP_promptbench,0,0.9790782332420349,1,,,,
D3_02359,G_03178,en,FP_promptbench,0,0.9771061539649963,1,,,,
D3_02360,G_04642,en,FP_promptbench,0,0.9773775935173035,1,,,,
D3_02361,G_03284,en,FP_promptbench,0,0.9785251021385193,1,,,,
D3_02362,G_03285,en,FP_promptbench,0,0.9770002365112305,1,,,,
D3_02363,G_02238,en,FP_promptbench,0,0.9757958054542542,1,,,,
D3_02364,G_03287,en,FP_promptbench,0,0.9771072268486023,1,,,,
D3_02365,G_03178,en,FP_promptbench,0,0.9784916639328003,1,,,,
D3_02368,G_03289,en,FP_promptbench,0,0.9777154326438904,1,,,,
D3_02371,G_03178,en,FP_promptbench,0,0.9768641591072083,1,,,,
D3_02372,G_04642,en,FP_promptbench,0,0.9779636263847351,1,,,,
D3_02373,G_03292,en,FP_promptbench,0,0.9789888858795166,1,,,,
D3_02374,G_03293,en,FP_promptbench,0,0.9778637290000916,1,,,,
D3_02376,G_03281,en,FP_promptbench,0,0.9792966246604919,1,,,,
D3_02377,G_03295,en,FP_promptbench,0,0.9780599474906921,1,,,,
D3_02378,G_03296,en,FP_promptbench,0,0.9772049784660339,1,,,,
D3_02379,G_03297,en,FP_promptbench,0,0.9753167629241943,1,,,,
D3_02381,G_02245,en,FP_promptbench,0,0.9786110520362854,1,,,,
D3_02382,G_03299,en,FP_promptbench,0,0.9788033366203308,1,,,,
D3_02383,G_03178,en,FP_promptbench,0,0.9753684997558594,1,,,,
D3_02384,G_03301,en,FP_promptbench,0,0.977313220500946,1,,,,
D3_02465,G_03302,en,FP_promptbench,0,0.9730271100997925,1,,,,
D3_02466,G_03303,en,FP_promptbench,0,0.9454637169837952,1,,,,
D3_02467,G_03304,en,FP_promptbench,0,0.9749976992607117,1,,,,
D3_02468,G_03305,en,FP_promptbench,0,0.9743083715438843,1,,,,
D3_02469,G_03306,en,FP_promptbench,0,0.9760215878486633,1,,,,
D3_02470,G_03307,en,FP_promptbench,0,0.976371705532074,1,,,,
D3_02471,G_02521,en,FP_promptbench,0,0.9704345464706421,1,,,,
D3_02472,G_02519,en,FP_promptbench,0,0.9728932976722717,1,,,,
D3_02473,G_03310,en,FP_promptbench,0,0.9734610915184021,1,,,,
D3_02474,G_02504,en,FP_promptbench,0,0.9750886559486389,1,,,,
D3_02475,G_02511,en,FP_promptbench,0,0.9707219004631042,1,,,,
D3_02476,G_02512,en,FP_promptbench,0,0.9747712016105652,1,,,,
D3_02477,G_02521,en,FP_promptbench,0,0.9753531813621521,1,,,,
D3_02478,G_02519,en,FP_promptbench,0,0.9708555936813354,1,,,,
D3_02479,G_03316,en,FP_promptbench,0,0.9735349416732788,1,,,,
D3_02481,G_02504,en,FP_promptbench,0,0.9758456349372864,1,,,,
D3_02482,G_02512,en,FP_promptbench,0,0.9744447469711304,1,,,,
D3_02483,G_03319,en,FP_promptbench,0,0.9697145819664001,1,,,,
D3_02484,G_02519,en,FP_promptbench,0,0.9719852805137634,1,,,,
D3_02485,G_03321,en,FP_promptbench,0,0.9736594557762146,1,,,,
D3_02487,G_03322,en,FP_promptbench,0,0.9711325764656067,1,,,,
D3_02488,G_03323,en,FP_promptbench,0,0.9750753045082092,1,,,,
D3_02489,G_03324,en,FP_promptbench,0,0.9675218462944031,1,,,,
D3_02490,G_03325,en,FP_promptbench,0,0.9729937314987183,1,,,,
D3_02491,G_03326,en,FP_promptbench,0,0.9737537503242493,1,,,,
D3_02492,G_03327,en,FP_promptbench,0,0.9764010310173035,1,,,,
D3_02493,G_03328,en,FP_promptbench,0,0.971871554851532,1,,,,
D3_02494,G_02512,en,FP_promptbench,0,0.9725440740585327,1,,,,
D3_02495,G_03330,en,FP_promptbench,0,0.9754649996757507,1,,,,
D3_02496,G_03331,en,FP_promptbench,0,0.9719244241714478,1,,,,
D3_02497,G_03332,en,FP_promptbench,0,0.9707427024841309,1,,,,
D3_02498,G_03333,en,FP_promptbench,0,0.9745094180107117,1,,,,
D3_02499,G_03334,en,FP_promptbench,0,0.9703812003135681,1,,,,
D3_02500,G_03335,en,FP_promptbench,0,0.974261999130249,1,,,,
D3_02561,G_03336,en,FP_promptbench,0,0.9764788150787354,1,,,,
D3_02562,G_03337,en,FP_promptbench,0,0.9767122864723206,1,,,,
D3_02563,G_03338,en,FP_promptbench,0,0.9768190979957581,1,,,,
D3_02564,G_03339,en,FP_promptbench,0,0.976310133934021,1,,,,
D3_02565,G_03340,en,FP_promptbench,0,0.9761536717414856,1,,,,
D3_02569,G_02610,en,FP_promptbench,0,0.975862979888916,1,,,,
D3_02570,G_03342,en,FP_promptbench,0,0.9762352705001831,1,,,,
D3_02581,G_03343,en,FP_promptbench,0,0.9755910634994507,1,,,,
D3_02582,G_03344,en,FP_promptbench,0,0.9776256680488586,1,,,,
D3_02583,G_03345,en,FP_promptbench,0,0.97934889793396,1,,,,
D3_02584,G_03346,en,FP_promptbench,0,0.9796492457389832,1,,,,
D3_02585,G_03347,en,FP_promptbench,0,0.9791160225868225,1,,,,
D3_02586,G_03348,en,FP_promptbench,0,0.9792143106460571,1,,,,
D3_02587,G_03336,en,FP_promptbench,0,0.9763253331184387,1,,,,
D3_02588,G_03337,en,FP_promptbench,0,0.9771790504455566,1,,,,
D3_02589,G_03338,en,FP_promptbench,0,0.9770259261131287,1,,,,
D3_02590,G_02616,en,FP_promptbench,0,0.9783598184585571,1,,,,
D3_02591,G_02620,en,FP_promptbench,0,0.9780098795890808,1,,,,
D3_02592,G_02617,en,FP_promptbench,0,0.978278636932373,1,,,,
D3_02593,G_03355,en,FP_promptbench,0,0.9763058423995972,1,,,,
D3_02594,G_03356,en,FP_promptbench,0,0.977581799030304,1,,,,
D3_02595,G_03357,en,FP_promptbench,0,0.9787355065345764,1,,,,
D3_02596,G_03358,en,FP_promptbench,0,0.9800610542297363,1,,,,
D3_02597,G_03359,en,FP_promptbench,0,0.9796200394630432,1,,,,
D3_02598,G_03360,en,FP_promptbench,0,0.9765327572822571,1,,,,
D3_02599,G_03361,en,FP_promptbench,0,0.9777315258979797,1,,,,
D3_02600,G_03362,en,FP_promptbench,0,0.9769695997238159,1,,,,
D3_02601,G_03338,en,FP_promptbench,0,0.9765997529029846,1,,,,
D3_02602,G_02616,en,FP_promptbench,0,0.9785749912261963,1,,,,
D3_02603,G_02620,en,FP_promptbench,0,0.9781388640403748,1,,,,
D3_02604,G_03366,en,FP_promptbench,0,0.9775404334068298,1,,,,
D3_02605,G_03367,en,FP_promptbench,0,0.9777402877807617,1,,,,
D3_02606,G_03368,en,FP_promptbench,0,0.9775750637054443,1,,,,
D3_02607,G_03369,en,FP_promptbench,0,0.9750980734825134,1,,,,
D3_02608,G_03370,en,FP_promptbench,0,0.9777656197547913,1,,,,
D3_02609,G_03371,en,FP_promptbench,0,0.9602000117301941,1,,,,
D3_02610,G_03372,en,FP_promptbench,0,0.9770464301109314,1,,,,
D3_02611,G_03373,en,FP_promptbench,0,0.9758297204971313,1,,,,
D3_02612,G_03374,en,FP_promptbench,0,0.9740990400314331,1,,,,
D3_02613,G_03375,en,FP_promptbench,0,0.970966100692749,1,,,,
D3_02614,G_03376,en,FP_promptbench,0,0.9799456596374512,1,,,,
D3_02615,G_03377,en,FP_promptbench,0,0.97642982006073,1,,,,
D3_02616,G_03378,en,FP_promptbench,0,0.977799654006958,1,,,,
D3_02677,G_02726,en,FP_promptbench,0,0.967814564704895,1,,,,
D3_02678,G_03915,en,FP_promptbench,0,0.9718584418296814,1,,,,
D3_02679,G_02752,en,FP_promptbench,0,0.9663193821907043,1,,,,
D3_02680,G_03382,en,FP_promptbench,0,0.9683551788330078,1,,,,
D3_02681,G_02725,en,FP_promptbench,0,0.9658800959587097,1,,,,
D3_02682,G_03384,en,FP_promptbench,0,0.9695620536804199,1,,,,
D3_02683,G_02825,en,FP_promptbench,0,0.9647224545478821,1,,,,
D3_02684,G_02721,en,FP_promptbench,0,0.9660785794258118,1,,,,
D3_02685,G_03387,en,FP_promptbench,0,0.9661888480186462,1,,,,
D3_02686,G_02827,en,FP_promptbench,0,0.9714791774749756,1,,,,
D3_02687,G_02738,en,FP_promptbench,0,0.9676001071929932,1,,,,
D3_02688,G_02731,en,FP_promptbench,0,0.9747142195701599,1,,,,
D3_02689,G_02733,en,FP_promptbench,0,0.970949649810791,1,,,,
D3_02690,G_02735,en,FP_promptbench,0,0.973124086856842,1,,,,
D3_02691,G_02732,en,FP_promptbench,0,0.969011664390564,1,,,,
D3_02692,G_02760,en,FP_promptbench,0,0.9738820195198059,1,,,,
D3_02693,G_02730,en,FP_promptbench,0,0.9756438136100769,1,,,,
D3_02694,G_02737,en,FP_promptbench,0,0.9736756086349487,1,,,,
D3_02695,G_02734,en,FP_promptbench,0,0.9735621809959412,1,,,,
D3_02696,G_02736,en,FP_promptbench,0,0.9543476700782776,1,,,,
D3_02697,G_03399,en,FP_promptbench,0,0.9712749123573303,1,,,,
D3_02698,G_03400,en,FP_promptbench,0,0.9727510213851929,1,,,,
D3_02699,G_03401,en,FP_promptbench,0,0.9654415845870972,1,,,,
D3_02700,G_03402,en,FP_promptbench,0,0.973602294921875,1,,,,
D3_02701,G_03403,en,FP_promptbench,0,0.9688392281532288,1,,,,
D3_02702,G_03404,en,FP_promptbench,0,0.9766337275505066,1,,,,
D3_02703,G_02726,en,FP_promptbench,0,0.9685473442077637,1,,,,
D3_02704,G_03915,en,FP_promptbench,0,0.9728329181671143,1,,,,
D3_02705,G_03407,en,FP_promptbench,0,0.9689249396324158,1,,,,
D3_02706,G_02738,en,FP_promptbench,0,0.9707350730895996,1,,,,
D3_02707,G_02731,en,FP_promptbench,0,0.9759218096733093,1,,,,
D3_02708,G_02733,en,FP_promptbench,0,0.972093939781189,1,,,,
D3_02709,G_03411,en,FP_promptbench,0,0.9725244641304016,1,,,,
D3_02710,G_03412,en,FP_promptbench,0,0.972203254699707,1,,,,
D3_02711,G_03413,en,FP_promptbench,0,0.9712058305740356,1,,,,
D3_02712,G_03414,en,FP_promptbench,0,0.9681097269058228,1,,,,
D3_02713,G_03415,en,FP_promptbench,0,0.9671055674552917,1,,,,
D3_02714,G_02733,en,FP_promptbench,0,0.9682804942131042,1,,,,
D3_02715,G_03417,en,FP_promptbench,0,0.9727493524551392,1,,,,
D3_02716,G_03418,en,FP_promptbench,0,0.9704670906066895,1,,,,
D3_02717,G_02757,en,FP_promptbench,0,0.9704405069351196,1,,,,
D3_02718,G_03420,en,FP_promptbench,0,0.9763374924659729,1,,,,
D3_02719,G_02762,en,FP_promptbench,0,0.976337194442749,1,,,,
D3_02720,G_02733,en,FP_promptbench,0,0.9731613397598267,1,,,,
D3_02721,G_03423,en,FP_promptbench,0,0.9753594398498535,1,,,,
D3_02722,G_03424,en,FP_promptbench,0,0.9724960327148438,1,,,,
D3_02723,G_03425,en,FP_promptbench,0,0.9694024920463562,1,,,,
D3_02724,G_03426,en,FP_promptbench,0,0.9671555161476135,1,,,,
D3_02725,G_03427,en,FP_promptbench,0,0.9746511578559875,1,,,,
D3_02726,G_03428,en,FP_promptbench,0,0.9751336574554443,1,,,,
D3_02727,G_03429,en,FP_promptbench,0,0.9742839336395264,1,,,,
D3_02728,G_03430,en,FP_promptbench,0,0.9717528820037842,1,,,,
D3_02729,G_03431,en,FP_promptbench,0,0.9693393111228943,1,,,,
D3_02730,G_03432,en,FP_promptbench,0,0.9564862251281738,1,,,,
D3_02731,G_03433,en,FP_promptbench,0,0.9732378721237183,1,,,,
D3_02732,G_03434,en,FP_promptbench,0,0.9718307852745056,1,,,,
D3_02813,G_03435,en,FP_promptbench,0,0.9684906601905823,1,,,,
D3_02814,G_03436,en,FP_promptbench,0,0.9683654308319092,1,,,,
D3_02815,G_03437,en,FP_promptbench,0,0.9697450399398804,1,,,,
D3_02816,G_03438,en,FP_promptbench,0,0.9735780954360962,1,,,,
D3_02817,G_03439,en,FP_promptbench,0,0.9743955135345459,1,,,,
D3_02818,G_03440,en,FP_promptbench,0,0.9689156413078308,1,,,,
D3_02819,G_03441,en,FP_promptbench,0,0.9685913920402527,1,,,,
D3_02820,G_03384,en,FP_promptbench,0,0.969969630241394,1,,,,
D3_02821,G_03382,en,FP_promptbench,0,0.9695811867713928,1,,,,
D3_02822,G_03444,en,FP_promptbench,0,0.9744565486907959,1,,,,
D3_02823,G_02760,en,FP_promptbench,0,0.9744914770126343,1,,,,
D3_02824,G_03446,en,FP_promptbench,0,0.9734276533126831,1,,,,
D3_02825,G_02825,en,FP_promptbench,0,0.9656187295913696,1,,,,
D3_02827,G_03382,en,FP_promptbench,0,0.9689434766769409,1,,,,
D3_02828,G_03449,en,FP_promptbench,0,0.9753803014755249,1,,,,
D3_02829,G_03450,en,FP_promptbench,0,0.9724457859992981,1,,,,
D3_02830,G_03451,en,FP_promptbench,0,0.9740249514579773,1,,,,
D3_02831,G_03452,en,FP_promptbench,0,0.9686719179153442,1,,,,
D3_02832,G_02837,en,FP_promptbench,0,0.9707146286964417,1,,,,
D3_02833,G_03454,en,FP_promptbench,0,0.9707051515579224,1,,,,
D3_02834,G_03455,en,FP_promptbench,0,0.9748240113258362,1,,,,
D3_02835,G_03456,en,FP_promptbench,0,0.9741724729537964,1,,,,
D3_02836,G_02760,en,FP_promptbench,0,0.974966287612915,1,,,,
D3_02837,G_03458,en,FP_promptbench,0,0.9592001438140869,1,,,,
D3_02838,G_03459,en,FP_promptbench,0,0.971143901348114,1,,,,
D3_02839,G_03460,en,FP_promptbench,0,0.9712798595428467,1,,,,
D3_02840,G_03461,en,FP_promptbench,0,0.972331702709198,1,,,,
D3_02841,G_03462,en,FP_promptbench,0,0.9707569479942322,1,,,,
D3_02842,G_03463,en,FP_promptbench,0,0.9781553149223328,1,,,,
D3_02843,G_03464,en,FP_promptbench,0,0.9731460809707642,1,,,,
D3_02844,G_03465,en,FP_promptbench,0,0.9687789082527161,1,,,,
D3_02845,G_03466,en,FP_promptbench,0,0.9705877900123596,1,,,,
D3_02846,G_03467,en,FP_promptbench,0,0.9720335602760315,1,,,,
D3_02847,G_03468,en,FP_promptbench,0,0.97334223985672,1,,,,
D3_02848,G_03469,en,FP_promptbench,0,0.9739242196083069,1,,,,
D3_02909,G_03470,en,FP_promptbench,0,0.9668442010879517,1,,,,
D3_02910,G_02855,en,FP_promptbench,0,0.9567563533782959,1,,,,
D3_02911,G_02861,en,FP_promptbench,0,0.960328221321106,1,,,,
D3_02912,G_04786,en,FP_promptbench,0,0.9617561101913452,1,,,,
D3_02913,G_02854,en,FP_promptbench,0,0.9645344018936157,1,,,,
D3_02914,G_02860,en,FP_promptbench,0,0.9515710473060608,1,,,,
D3_02915,G_02858,en,FP_promptbench,0,0.9387341141700745,1,,,,
D3_02916,G_02863,en,FP_promptbench,0,0.9377065896987915,1,,,,
D3_02917,G_02859,en,FP_promptbench,0,0.9184688329696655,1,,,,
D3_02918,G_02862,en,FP_promptbench,0,0.9510231614112854,1,,,,
D3_02919,G_02864,en,FP_promptbench,0,0.9687755107879639,1,,,,
D3_02920,G_03481,en,FP_promptbench,0,0.9710471034049988,1,,,,
D3_02921,G_02866,en,FP_promptbench,0,0.9719082117080688,1,,,,
D3_02922,G_02871,en,FP_promptbench,0,0.9705864787101746,1,,,,
D3_02923,G_02865,en,FP_promptbench,0,0.9686357975006104,1,,,,
D3_02924,G_02872,en,FP_promptbench,0,0.9700132608413696,1,,,,
D3_02925,G_02873,en,FP_promptbench,0,0.9731326699256897,1,,,,
D3_02926,G_02867,en,FP_promptbench,0,0.9531474709510803,1,,,,
D3_02927,G_02869,en,FP_promptbench,0,0.9691374897956848,1,,,,
D3_02928,G_02868,en,FP_promptbench,0,0.9769729375839233,1,,,,
D3_02929,G_03490,en,FP_promptbench,0,0.9650046825408936,1,,,,
D3_02930,G_03491,en,FP_promptbench,0,0.9535900950431824,1,,,,
D3_02931,G_03492,en,FP_promptbench,0,0.9591249823570251,1,,,,
D3_02932,G_03493,en,FP_promptbench,0,0.9641627073287964,1,,,,
D3_02933,G_03494,en,FP_promptbench,0,0.9667196273803711,1,,,,
D3_02934,G_03495,en,FP_promptbench,0,0.9722965359687805,1,,,,
D3_02935,G_03496,en,FP_promptbench,0,0.9693716764450073,1,,,,
D3_02936,G_03497,en,FP_promptbench,0,0.9617683291435242,1,,,,
D3_02937,G_03498,en,FP_promptbench,0,0.9608076810836792,1,,,,
D3_02938,G_03499,en,FP_promptbench,0,0.9712581634521484,1,,,,
D3_02939,G_02864,en,FP_promptbench,0,0.9699048399925232,1,,,,
D3_02940,G_02866,en,FP_promptbench,0,0.9731987118721008,1,,,,
D3_02941,G_03470,en,FP_promptbench,0,0.968855082988739,1,,,,
D3_02942,G_03503,en,FP_promptbench,0,0.9566247463226318,1,,,,
D3_02943,G_03504,en,FP_promptbench,0,0.9674390554428101,1,,,,
D3_02944,G_03505,en,FP_promptbench,0,0.968690037727356,1,,,,
D3_02945,G_03506,en,FP_promptbench,0,0.9695485830307007,1,,,,
D3_02946,G_03507,en,FP_promptbench,0,0.9689870476722717,1,,,,
D3_02947,G_03508,en,FP_promptbench,0,0.9706582427024841,1,,,,
D3_02948,G_02893,en,FP_promptbench,0,0.9647286534309387,1,,,,
D3_02949,G_03510,en,FP_promptbench,0,0.9707725644111633,1,,,,
D3_02950,G_03511,en,FP_promptbench,0,0.9708612561225891,1,,,,
D3_02951,G_03512,en,FP_promptbench,0,0.9739757776260376,1,,,,
D3_02952,G_02896,en,FP_promptbench,0,0.9740971326828003,1,,,,
D3_02953,G_03470,en,FP_promptbench,0,0.9644441604614258,1,,,,
D3_02954,G_03515,en,FP_promptbench,0,0.8849706649780273,1,,,,
D3_02955,G_03516,en,FP_promptbench,0,0.9532659649848938,1,,,,
D3_02956,G_03517,en,FP_promptbench,0,0.9708092212677002,1,,,,
D3_02957,G_03518,en,FP_promptbench,0,0.974629282951355,1,,,,
D3_02958,G_03519,en,FP_promptbench,0,0.9695583581924438,1,,,,
D3_02959,G_03520,en,FP_promptbench,0,0.9700667858123779,1,,,,
D3_02960,G_03521,en,FP_promptbench,0,0.9616742730140686,1,,,,
D3_02961,G_03522,en,FP_promptbench,0,0.9308121204376221,1,,,,
D3_02962,G_03523,en,FP_promptbench,0,0.9692322015762329,1,,,,
D3_02963,G_03524,en,FP_promptbench,0,0.9702758193016052,1,,,,
D3_02964,G_03525,en,FP_promptbench,0,0.970014214515686,1,,,,
D3_03045,G_03526,en,FP_promptbench,0,0.9773783683776855,1,,,,
D3_03046,G_03527,en,FP_promptbench,0,0.9792237281799316,1,,,,
D3_03047,G_03528,en,FP_promptbench,0,0.9703394770622253,1,,,,
D3_03048,G_03529,en,FP_promptbench,0,0.9767321944236755,1,,,,
D3_03049,G_03530,en,FP_promptbench,0,0.9756507277488708,1,,,,
D3_03050,G_03531,en,FP_promptbench,0,0.9745869636535645,1,,,,
D3_03051,G_01667,en,FP_promptbench,0,0.9778353571891785,1,,,,
D3_03052,G_01663,en,FP_promptbench,0,0.9784221649169922,1,,,,
D3_03053,G_02968,en,FP_promptbench,0,0.9702487587928772,1,,,,
D3_03054,G_02971,en,FP_promptbench,0,0.9784397482872009,1,,,,
D3_03055,G_01679,en,FP_promptbench,0,0.9780929088592529,1,,,,
D3_03056,G_01698,en,FP_promptbench,0,0.9743329286575317,1,,,,
D3_03057,G_03538,en,FP_promptbench,0,0.9778851866722107,1,,,,
D3_03058,G_03539,en,FP_promptbench,0,0.9803429245948792,1,,,,
D3_03059,G_03540,en,FP_promptbench,0,0.9146486520767212,1,,,,
D3_03060,G_03541,en,FP_promptbench,0,0.9758505821228027,1,,,,
D3_03061,G_03542,en,FP_promptbench,0,0.9770134091377258,1,,,,
D3_03062,G_03543,en,FP_promptbench,0,0.9731235504150391,1,,,,
D3_03063,G_03544,en,FP_promptbench,0,0.9773808717727661,1,,,,
D3_03064,G_01663,en,FP_promptbench,0,0.9781437516212463,1,,,,
D3_03065,G_03546,en,FP_promptbench,0,0.9694534540176392,1,,,,
D3_03066,G_03002,en,FP_promptbench,0,0.9780858159065247,1,,,,
D3_03067,G_03548,en,FP_promptbench,0,0.9766392111778259,1,,,,
D3_03069,G_03549,en,FP_promptbench,0,0.9788107872009277,1,,,,
D3_03070,G_03550,en,FP_promptbench,0,0.9798556566238403,1,,,,
D3_03071,G_03551,en,FP_promptbench,0,0.9467427134513855,1,,,,
D3_03072,G_03552,en,FP_promptbench,0,0.9778828620910645,1,,,,
D3_03073,G_03553,en,FP_promptbench,0,0.9768324494361877,1,,,,
D3_03074,G_03554,en,FP_promptbench,0,0.9655110239982605,1,,,,
D3_03075,G_03555,en,FP_promptbench,0,0.9745960235595703,1,,,,
D3_03076,G_03556,en,FP_promptbench,0,0.977156400680542,1,,,,
D3_03077,G_03557,en,FP_promptbench,0,0.9693601131439209,1,,,,
D3_03078,G_03558,en,FP_promptbench,0,0.9786914587020874,1,,,,
D3_03079,G_03559,en,FP_promptbench,0,0.978416919708252,1,,,,
D3_03080,G_03560,en,FP_promptbench,0,0.97555011510849,1,,,,
D3_03161,G_03561,en,FP_promptbench,0,0.9674550294876099,1,,,,
D3_03162,G_03562,en,FP_promptbench,0,0.9719254374504089,1,,,,
D3_03163,G_03563,en,FP_promptbench,0,0.9746304154396057,1,,,,
D3_03164,G_03564,en,FP_promptbench,0,0.9766870737075806,1,,,,
D3_03165,G_03565,en,FP_promptbench,0,0.9759513139724731,1,,,,
D3_03166,G_03566,en,FP_promptbench,0,0.9767033457756042,1,,,,
D3_03167,G_03023,en,FP_promptbench,0,0.976426362991333,1,,,,
D3_03168,G_03579,en,FP_promptbench,0,0.9765690565109253,1,,,,
D3_03169,G_01816,en,FP_promptbench,0,0.975583016872406,1,,,,
D3_03170,G_01819,en,FP_promptbench,0,0.978783130645752,1,,,,
D3_03171,G_01794,en,FP_promptbench,0,0.9781612157821655,1,,,,
D3_03172,G_03045,en,FP_promptbench,0,0.9771090149879456,1,,,,
D3_03173,G_03573,en,FP_promptbench,0,0.9724206328392029,1,,,,
D3_03174,G_03574,en,FP_promptbench,0,0.9777025580406189,1,,,,
D3_03175,G_03575,en,FP_promptbench,0,0.9760480523109436,1,,,,
D3_03176,G_03576,en,FP_promptbench,0,0.9788460731506348,1,,,,
D3_03177,G_03577,en,FP_promptbench,0,0.9777231216430664,1,,,,
D3_03179,G_03578,en,FP_promptbench,0,0.9777920246124268,1,,,,
D3_03180,G_03579,en,FP_promptbench,0,0.9772921800613403,1,,,,
D3_03181,G_01816,en,FP_promptbench,0,0.9774988889694214,1,,,,
D3_03183,G_03581,en,FP_promptbench,0,0.9785025119781494,1,,,,
D3_03184,G_03058,en,FP_promptbench,0,0.9764556884765625,1,,,,
D3_03185,G_03583,en,FP_promptbench,0,0.978500247001648,1,,,,
D3_03186,G_03584,en,FP_promptbench,0,0.9657147526741028,1,,,,
D3_03187,G_03585,en,FP_promptbench,0,0.9579806327819824,1,,,,
D3_03188,G_03586,en,FP_promptbench,0,0.9754499197006226,1,,,,
D3_03189,G_03587,en,FP_promptbench,0,0.9780007600784302,1,,,,
D3_03191,G_03588,en,FP_promptbench,0,0.9541425704956055,1,,,,
D3_03192,G_03589,en,FP_promptbench,0,0.9698096513748169,1,,,,
D3_03193,G_03590,en,FP_promptbench,0,0.9156889319419861,1,,,,
D3_03194,G_03591,en,FP_promptbench,0,0.9767047166824341,1,,,,
D3_03195,G_03592,en,FP_promptbench,0,0.9769396781921387,1,,,,
D3_03277,G_03593,en,FP_promptbench,0,0.9655706286430359,1,,,,
D3_03278,G_01897,en,FP_promptbench,0,0.9722520112991333,1,,,,
D3_03279,G_03595,en,FP_promptbench,0,0.971356213092804,1,,,,
D3_03280,G_03596,en,FP_promptbench,0,0.9724183678627014,1,,,,
D3_03281,G_03597,en,FP_promptbench,0,0.975013792514801,1,,,,
D3_03282,G_03598,en,FP_promptbench,0,0.9759246110916138,1,,,,
D3_03283,G_03599,en,FP_promptbench,0,0.9723902940750122,1,,,,
D3_03284,G_01897,en,FP_promptbench,0,0.9735748171806335,1,,,,
D3_03285,G_03601,en,FP_promptbench,0,0.973909854888916,1,,,,
D3_03286,G_01907,en,FP_promptbench,0,0.9719854593276978,1,,,,
D3_03287,G_03603,en,FP_promptbench,0,0.9777571558952332,1,,,,
D3_03288,G_01906,en,FP_promptbench,0,0.9755607843399048,1,,,,
D3_03289,G_03605,en,FP_promptbench,0,0.9707636833190918,1,,,,
D3_03290,G_03606,en,FP_promptbench,0,0.9727796912193298,1,,,,
D3_03291,G_03601,en,FP_promptbench,0,0.9720892310142517,1,,,,
D3_03292,G_03608,en,FP_promptbench,0,0.9716532230377197,1,,,,
D3_03294,G_03609,en,FP_promptbench,0,0.9774987697601318,1,,,,
D3_03295,G_01898,en,FP_promptbench,0,0.9739994406700134,1,,,,
D3_03296,G_01897,en,FP_promptbench,0,0.9739988446235657,1,,,,
D3_03297,G_03601,en,FP_promptbench,0,0.9746454954147339,1,,,,
D3_03298,G_01907,en,FP_promptbench,0,0.9725316762924194,1,,,,
D3_03299,G_03603,en,FP_promptbench,0,0.9776797890663147,1,,,,
D3_03300,G_01906,en,FP_promptbench,0,0.975615918636322,1,,,,
D3_03301,G_03616,en,FP_promptbench,0,0.9628833532333374,1,,,,
D3_03302,G_03617,en,FP_promptbench,0,0.9748038053512573,1,,,,
D3_03303,G_03601,en,FP_promptbench,0,0.9715808629989624,1,,,,
D3_03304,G_03619,en,FP_promptbench,0,0.9719541668891907,1,,,,
D3_03305,G_03603,en,FP_promptbench,0,0.9773740768432617,1,,,,
D3_03306,G_03621,en,FP_promptbench,0,0.9762770533561707,1,,,,
D3_03307,G_03622,en,FP_promptbench,0,0.9686142206192017,1,,,,
D3_03308,G_03623,en,FP_promptbench,0,0.9620678424835205,1,,,,
D3_03309,G_03624,en,FP_promptbench,0,0.9657278060913086,1,,,,
D3_03310,G_03625,en,FP_promptbench,0,0.973220944404602,1,,,,
D3_03311,G_03626,en,FP_promptbench,0,0.9759220480918884,1,,,,
D3_03312,G_03627,en,FP_promptbench,0,0.9750874638557434,1,,,,
D3_03393,G_03628,en,FP_promptbench,0,0.9740449786186218,1,,,,
D3_03394,G_03629,en,FP_promptbench,0,0.971744954586029,1,,,,
D3_03395,G_03630,en,FP_promptbench,0,0.974199652671814,1,,,,
D3_03396,G_03631,en,FP_promptbench,0,0.9782377481460571,1,,,,
D3_03397,G_03632,en,FP_promptbench,0,0.974324107170105,1,,,,
D3_03398,G_03633,en,FP_promptbench,0,0.9765633344650269,1,,,,
D3_03399,G_03634,en,FP_promptbench,0,0.9749572277069092,1,,,,
D3_03400,G_02011,en,FP_promptbench,0,0.973949670791626,1,,,,
D3_03401,G_02008,en,FP_promptbench,0,0.9733597636222839,1,,,,
D3_03402,G_02018,en,FP_promptbench,0,0.9777191281318665,1,,,,
D3_03403,G_02015,en,FP_promptbench,0,0.9771621823310852,1,,,,
D3_03404,G_03639,en,FP_promptbench,0,0.9770106077194214,1,,,,
D3_03405,G_03640,en,FP_promptbench,0,0.9750852584838867,1,,,,
D3_03406,G_03641,en,FP_promptbench,0,0.9748588800430298,1,,,,
D3_03407,G_03642,en,FP_promptbench,0,0.973223090171814,1,,,,
D3_03408,G_03643,en,FP_promptbench,0,0.9785299897193909,1,,,,
D3_03409,G_03644,en,FP_promptbench,0,0.9793363213539124,1,,,,
D3_03410,G_03645,en,FP_promptbench,0,0.9789303541183472,1,,,,
D3_03411,G_03634,en,FP_promptbench,0,0.9755628108978271,1,,,,
D3_03413,G_03647,en,FP_promptbench,0,0.9730468988418579,1,,,,
D3_03414,G_02018,en,FP_promptbench,0,0.9779462814331055,1,,,,
D3_03416,G_03639,en,FP_promptbench,0,0.9770813584327698,1,,,,
D3_03417,G_03650,en,FP_promptbench,0,0.9742178320884705,1,,,,
D3_03418,G_03651,en,FP_promptbench,0,0.9707453846931458,1,,,,
D3_03419,G_03652,en,FP_promptbench,0,0.9708480834960938,1,,,,
D3_03420,G_03653,en,FP_promptbench,0,0.9784324169158936,1,,,,
D3_03421,G_03654,en,FP_promptbench,0,0.9777777791023254,1,,,,
D3_03422,G_03655,en,FP_promptbench,0,0.9788985848426819,1,,,,
D3_03423,G_03656,en,FP_promptbench,0,0.9772714376449585,1,,,,
D3_03424,G_03657,en,FP_promptbench,0,0.9652503132820129,1,,,,
D3_03425,G_03658,en,FP_promptbench,0,0.9736829996109009,1,,,,
D3_03426,G_03659,en,FP_promptbench,0,0.9764793515205383,1,,,,
D3_03427,G_03660,en,FP_promptbench,0,0.9781497120857239,1,,,,
D3_03428,G_03661,en,FP_promptbench,0,0.9746705293655396,1,,,,
D3_03510,G_03662,en,FP_promptbench,0,0.967886209487915,1,,,,
D3_03511,G_03663,en,FP_promptbench,0,0.9618728160858154,1,,,,
D3_03512,G_03664,en,FP_promptbench,0,0.9652295112609863,1,,,,
D3_03513,G_03665,en,FP_promptbench,0,0.9760482907295227,1,,,,
D3_03514,G_03666,en,FP_promptbench,0,0.9770786166191101,1,,,,
D3_03515,G_03667,en,FP_promptbench,0,0.9775165319442749,1,,,,
D3_03516,G_02120,en,FP_promptbench,0,0.9707791805267334,1,,,,
D3_03517,G_02125,en,FP_promptbench,0,0.9691519141197205,1,,,,
D3_03518,G_02154,en,FP_promptbench,0,0.9679918885231018,1,,,,
D3_03519,G_02133,en,FP_promptbench,0,0.9756407737731934,1,,,,
D3_03520,G_02150,en,FP_promptbench,0,0.9777270555496216,1,,,,
D3_03521,G_03685,en,FP_promptbench,0,0.9769834876060486,1,,,,
D3_03522,G_03674,en,FP_promptbench,0,0.9740603566169739,1,,,,
D3_03523,G_03675,en,FP_promptbench,0,0.9678071737289429,1,,,,
D3_03524,G_02154,en,FP_promptbench,0,0.9691165685653687,1,,,,
D3_03525,G_03677,en,FP_promptbench,0,0.9774446487426758,1,,,,
D3_03526,G_03678,en,FP_promptbench,0,0.9763829708099365,1,,,,
D3_03527,G_03679,en,FP_promptbench,0,0.9749758243560791,1,,,,
D3_03528,G_03680,en,FP_promptbench,0,0.9716100096702576,1,,,,
D3_03529,G_03681,en,FP_promptbench,0,0.9664987325668335,1,,,,
D3_03530,G_02154,en,FP_promptbench,0,0.9686296582221985,1,,,,
D3_03531,G_03683,en,FP_promptbench,0,0.9747571349143982,1,,,,
D3_03532,G_02150,en,FP_promptbench,0,0.9763156771659851,1,,,,
D3_03533,G_03685,en,FP_promptbench,0,0.9767166376113892,1,,,,
D3_03534,G_03686,en,FP_promptbench,0,0.9606742858886719,1,,,,
D3_03535,G_03687,en,FP_promptbench,0,0.9649727940559387,1,,,,
D3_03536,G_03688,en,FP_promptbench,0,0.9443147778511047,1,,,,
D3_03537,G_03689,en,FP_promptbench,0,0.9759737849235535,1,,,,
D3_03538,G_03690,en,FP_promptbench,0,0.9747908115386963,1,,,,
D3_03539,G_03691,en,FP_promptbench,0,0.9753329157829285,1,,,,
D3_03540,G_03692,en,FP_promptbench,0,0.8589592576026917,1,,,,
D3_03541,G_03693,en,FP_promptbench,0,0.9642549157142639,1,,,,
D3_03542,G_03694,en,FP_promptbench,0,0.9768069386482239,1,,,,
D3_03543,G_03695,en,FP_promptbench,0,0.9767728447914124,1,,,,
D3_03544,G_03696,en,FP_promptbench,0,0.9755154848098755,1,,,,
D3_03626,G_03697,en,FP_promptbench,0,0.9762762784957886,1,,,,
D3_03627,G_03698,en,FP_promptbench,0,0.976294219493866,1,,,,
D3_03628,G_03699,en,FP_promptbench,0,0.9636215567588806,1,,,,
D3_03629,G_03700,en,FP_promptbench,0,0.9779050946235657,1,,,,
D3_03630,G_03701,en,FP_promptbench,0,0.9719050526618958,1,,,,
D3_03631,G_03702,en,FP_promptbench,0,0.97847980260849,1,,,,
D3_03632,G_02238,en,FP_promptbench,0,0.9768434762954712,1,,,,
D3_03634,G_02264,en,FP_promptbench,0,0.9685583114624023,1,,,,
D3_03635,G_03281,en,FP_promptbench,0,0.9796513915061951,1,,,,
D3_03636,G_03717,en,FP_promptbench,0,0.9727000594139099,1,,,,
D3_03637,G_02252,en,FP_promptbench,0,0.9776124358177185,1,,,,
D3_03638,G_03708,en,FP_promptbench,0,0.9756386876106262,1,,,,
D3_03639,G_02239,en,FP_promptbench,0,0.9779765009880066,1,,,,
D3_03640,G_03710,en,FP_promptbench,0,0.9592150449752808,1,,,,
D3_03641,G_03281,en,FP_promptbench,0,0.9760143160820007,1,,,,
D3_03642,G_03717,en,FP_promptbench,0,0.9665144681930542,1,,,,
D3_03643,G_02252,en,FP_promptbench,0,0.9782800078392029,1,,,,
D3_03645,G_02239,en,FP_promptbench,0,0.9779582619667053,1,,,,
D3_03646,G_03715,en,FP_promptbench,0,0.972371518611908,1,,,,
D3_03647,G_03281,en,FP_promptbench,0,0.978945791721344,1,,,,
D3_03648,G_03717,en,FP_promptbench,0,0.9729362726211548,1,,,,
D3_03649,G_02252,en,FP_promptbench,0,0.9760501980781555,1,,,,
D3_03650,G_02238,en,FP_promptbench,0,0.9771161675453186,1,,,,
D3_03651,G_03720,en,FP_promptbench,0,0.9744244813919067,1,,,,
D3_03652,G_03721,en,FP_promptbench,0,0.9046481847763062,1,,,,
D3_03653,G_03281,en,FP_promptbench,0,0.9796552062034607,1,,,,
D3_03654,G_03723,en,FP_promptbench,0,0.9742751121520996,1,,,,
D3_03655,G_03724,en,FP_promptbench,0,0.9765680432319641,1,,,,
D3_03656,G_03725,en,FP_promptbench,0,0.9768275022506714,1,,,,
D3_03657,G_03726,en,FP_promptbench,0,0.9746018052101135,1,,,,
D3_03658,G_03727,en,FP_promptbench,0,0.9693231582641602,1,,,,
D3_03659,G_03728,en,FP_promptbench,0,0.9783101081848145,1,,,,
D3_03660,G_03729,en,FP_promptbench,0,0.9693370461463928,1,,,,
D3_03661,G_03730,en,FP_promptbench,0,0.9762291312217712,1,,,,
D3_03742,G_03731,en,FP_promptbench,0,0.9522388577461243,1,,,,
D3_03743,G_03732,en,FP_promptbench,0,0.9608823657035828,1,,,,
D3_03744,G_03733,en,FP_promptbench,0,0.9646637439727783,1,,,,
D3_03745,G_03734,en,FP_promptbench,0,0.972519040107727,1,,,,
D3_03746,G_03735,en,FP_promptbench,0,0.9562787413597107,1,,,,
D3_03747,G_03736,en,FP_promptbench,0,0.9744884371757507,1,,,,
D3_03748,G_02359,en,FP_promptbench,0,0.910774827003479,1,,,,
D3_03749,G_02354,en,FP_promptbench,0,0.9709646105766296,1,,,,
D3_03750,G_02353,en,FP_promptbench,0,0.975324809551239,1,,,,
D3_03751,G_02363,en,FP_promptbench,0,0.9755629301071167,1,,,,
D3_03752,G_03741,en,FP_promptbench,0,0.9732564091682434,1,,,,
D3_03753,G_03742,en,FP_promptbench,0,0.9743313193321228,1,,,,
D3_03754,G_03743,en,FP_promptbench,0,0.94302898645401,1,,,,
D3_03755,G_03744,en,FP_promptbench,0,0.9720678329467773,1,,,,
D3_03756,G_02353,en,FP_promptbench,0,0.9722883105278015,1,,,,
D3_03757,G_02363,en,FP_promptbench,0,0.960529088973999,1,,,,
D3_03758,G_03747,en,FP_promptbench,0,0.963736355304718,1,,,,
D3_03759,G_03748,en,FP_promptbench,0,0.9723821878433228,1,,,,
D3_03760,G_03749,en,FP_promptbench,0,0.945598304271698,1,,,,
D3_03761,G_03750,en,FP_promptbench,0,0.972521185874939,1,,,,
D3_03762,G_03751,en,FP_promptbench,0,0.9746057391166687,1,,,,
D3_03763,G_02363,en,FP_promptbench,0,0.9697182774543762,1,,,,
D3_03764,G_03753,en,FP_promptbench,0,0.9722068309783936,1,,,,
D3_03765,G_03754,en,FP_promptbench,0,0.9742934107780457,1,,,,
D3_03766,G_03755,en,FP_promptbench,0,0.7324703335762024,1,,,,
D3_03767,G_03756,en,FP_promptbench,0,0.9629492163658142,1,,,,
D3_03768,G_03757,en,FP_promptbench,0,0.9673420190811157,1,,,,
D3_03769,G_03758,en,FP_promptbench,0,0.9703543782234192,1,,,,
D3_03770,G_03759,en,FP_promptbench,0,0.9627246856689453,1,,,,
D3_03771,G_03760,en,FP_promptbench,0,0.97061687707901,1,,,,
D3_03772,G_03761,en,FP_promptbench,0,0.32904544472694397,1,,,,
D3_03773,G_03762,en,FP_promptbench,0,0.9601123332977295,1,,,,
D3_03774,G_03763,en,FP_promptbench,0,0.9304503202438354,1,,,,
D3_03775,G_03764,en,FP_promptbench,0,0.9722413420677185,1,,,,
D3_03776,G_03765,en,FP_promptbench,0,0.9690665006637573,1,,,,
D3_03777,G_03766,en,FP_promptbench,0,0.9700455665588379,1,,,,
D3_03859,G_03767,en,FP_promptbench,0,0.9732229709625244,1,,,,
D3_03860,G_03768,en,FP_promptbench,0,0.9711472988128662,1,,,,
D3_03861,G_03769,en,FP_promptbench,0,0.9717558026313782,1,,,,
D3_03862,G_03770,en,FP_promptbench,0,0.9757770299911499,1,,,,
D3_03863,G_03771,en,FP_promptbench,0,0.9760260581970215,1,,,,
D3_03864,G_03772,en,FP_promptbench,0,0.9725172519683838,1,,,,
D3_03866,G_03773,en,FP_promptbench,0,0.9705566167831421,1,,,,
D3_03867,G_04639,en,FP_promptbench,0,0.9734799265861511,1,,,,
D3_03868,G_02277,en,FP_promptbench,0,0.9752891063690186,1,,,,
D3_03869,G_03776,en,FP_promptbench,0,0.9748387336730957,1,,,,
D3_03870,G_03717,en,FP_promptbench,0,0.9732419848442078,1,,,,
D3_03871,G_02238,en,FP_promptbench,0,0.977242112159729,1,,,,
D3_03872,G_03779,en,FP_promptbench,0,0.9718098044395447,1,,,,
D3_03873,G_03780,en,FP_promptbench,0,0.971192479133606,1,,,,
D3_03874,G_03781,en,FP_promptbench,0,0.9783573150634766,1,,,,
D3_03875,G_03782,en,FP_promptbench,0,0.9751675724983215,1,,,,
D3_03876,G_03783,en,FP_promptbench,0,0.9702005386352539,1,,,,
D3_03878,G_03784,en,FP_promptbench,0,0.97322016954422,1,,,,
D3_03883,G_02238,en,FP_promptbench,0,0.9778263568878174,1,,,,
D3_03884,G_03786,en,FP_promptbench,0,0.9704678654670715,1,,,,
D3_03885,G_03787,en,FP_promptbench,0,0.9720182418823242,1,,,,
D3_03886,G_03788,en,FP_promptbench,0,0.9733821153640747,1,,,,
D3_03887,G_03789,en,FP_promptbench,0,0.9752328991889954,1,,,,
D3_03888,G_03790,en,FP_promptbench,0,0.9739088416099548,1,,,,
D3_03889,G_02238,en,FP_promptbench,0,0.97630375623703,1,,,,
D3_03890,G_03792,en,FP_promptbench,0,0.9688054323196411,1,,,,
D3_03891,G_03793,en,FP_promptbench,0,0.9720611572265625,1,,,,
D3_03892,G_03794,en,FP_promptbench,0,0.9746379852294922,1,,,,
D3_03893,G_03795,en,FP_promptbench,0,0.9747992753982544,1,,,,
D3_03894,G_03796,en,FP_promptbench,0,0.9675218462944031,1,,,,
D3_03975,G_03797,en,FP_promptbench,0,0.9729348421096802,1,,,,
D3_03976,G_03798,en,FP_promptbench,0,0.9765893816947937,1,,,,
D3_03977,G_03799,en,FP_promptbench,0,0.9714306592941284,1,,,,
D3_03978,G_03800,en,FP_promptbench,0,0.9706771969795227,1,,,,
D3_03979,G_03801,en,FP_promptbench,0,0.9748932123184204,1,,,,
D3_03980,G_03802,en,FP_promptbench,0,0.9745914936065674,1,,,,
D3_03981,G_02521,en,FP_promptbench,0,0.9704561233520508,1,,,,
D3_03982,G_03310,en,FP_promptbench,0,0.9739246964454651,1,,,,
D3_03983,G_02500,en,FP_promptbench,0,0.9717246294021606,1,,,,
D3_03984,G_03806,en,FP_promptbench,0,0.9749405384063721,1,,,,
D3_03985,G_02503,en,FP_promptbench,0,0.9750348329544067,1,,,,
D3_03986,G_03808,en,FP_promptbench,0,0.9731955528259277,1,,,,
D3_03987,G_03809,en,FP_promptbench,0,0.9742829203605652,1,,,,
D3_03988,G_03810,en,FP_promptbench,0,0.9738718867301941,1,,,,
D3_03989,G_03811,en,FP_promptbench,0,0.9709705710411072,1,,,,
D3_03990,G_03812,en,FP_promptbench,0,0.9711229801177979,1,,,,
D3_03991,G_03813,en,FP_promptbench,0,0.9746222496032715,1,,,,
D3_03992,G_03814,en,FP_promptbench,0,0.9740307331085205,1,,,,
D3_03994,G_03815,en,FP_promptbench,0,0.9740463495254517,1,,,,
D3_03995,G_03816,en,FP_promptbench,0,0.9723749756813049,1,,,,
D3_03996,G_03817,en,FP_promptbench,0,0.9745185375213623,1,,,,
D3_03997,G_03818,en,FP_promptbench,0,0.975106954574585,1,,,,
D3_03999,G_03819,en,FP_promptbench,0,0.9739975929260254,1,,,,
D3_04000,G_03820,en,FP_promptbench,0,0.9757503867149353,1,,,,
D3_04001,G_03821,en,FP_promptbench,0,0.966948926448822,1,,,,
D3_04002,G_03806,en,FP_promptbench,0,0.9751298427581787,1,,,,
D3_04003,G_03823,en,FP_promptbench,0,0.9743392467498779,1,,,,
D3_04004,G_03824,en,FP_promptbench,0,0.9742676615715027,1,,,,
D3_04005,G_03825,en,FP_promptbench,0,0.9723886251449585,1,,,,
D3_04006,G_03826,en,FP_promptbench,0,0.9730984568595886,1,,,,
D3_04007,G_03827,en,FP_promptbench,0,0.9740691184997559,1,,,,
D3_04008,G_03828,en,FP_promptbench,0,0.976184606552124,1,,,,
D3_04009,G_03829,en,FP_promptbench,0,0.973926842212677,1,,,,
D3_04010,G_03830,en,FP_promptbench,0,0.972068727016449,1,,,,
D3_04091,G_03831,en,FP_promptbench,0,0.9769806861877441,1,,,,
D3_04092,G_03832,en,FP_promptbench,0,0.9780941605567932,1,,,,
D3_04093,G_03833,en,FP_promptbench,0,0.9763463735580444,1,,,,
D3_04094,G_02615,en,FP_promptbench,0,0.9795031547546387,1,,,,
D3_04095,G_03835,en,FP_promptbench,0,0.9778723120689392,1,,,,
D3_04096,G_03836,en,FP_promptbench,0,0.977715015411377,1,,,,
D3_04097,G_02612,en,FP_promptbench,0,0.9765006303787231,1,,,,
D3_04098,G_02610,en,FP_promptbench,0,0.9766508936882019,1,,,,
D3_04099,G_02608,en,FP_promptbench,0,0.9750908613204956,1,,,,
D3_04100,G_02615,en,FP_promptbench,0,0.9792038202285767,1,,,,
D3_04101,G_04699,en,FP_promptbench,0,0.9772304892539978,1,,,,
D3_04102,G_02614,en,FP_promptbench,0,0.977648913860321,1,,,,
D3_04103,G_02612,en,FP_promptbench,0,0.9773941040039062,1,,,,
D3_04105,G_02608,en,FP_promptbench,0,0.9758275747299194,1,,,,
D3_04106,G_02615,en,FP_promptbench,0,0.9788772463798523,1,,,,
D3_04107,G_04699,en,FP_promptbench,0,0.9777281284332275,1,,,,
D3_04108,G_03847,en,FP_promptbench,0,0.9784154295921326,1,,,,
D3_04109,G_03848,en,FP_promptbench,0,0.9759204387664795,1,,,,
D3_04110,G_04281,en,FP_promptbench,0,0.9778479933738708,1,,,,
D3_04111,G_03850,en,FP_promptbench,0,0.9759846925735474,1,,,,
D3_04112,G_03851,en,FP_promptbench,0,0.979154109954834,1,,,,
D3_04113,G_03852,en,FP_promptbench,0,0.9780031442642212,1,,,,
D3_04114,G_02614,en,FP_promptbench,0,0.9777882695198059,1,,,,
D3_04115,G_02612,en,FP_promptbench,0,0.9759558439254761,1,,,,
D3_04117,G_03855,en,FP_promptbench,0,0.9752795696258545,1,,,,
D3_04118,G_03856,en,FP_promptbench,0,0.9785990715026855,1,,,,
D3_04119,G_03857,en,FP_promptbench,0,0.977251410484314,1,,,,
D3_04120,G_03858,en,FP_promptbench,0,0.9770809412002563,1,,,,
D3_04121,G_03859,en,FP_promptbench,0,0.9751760959625244,1,,,,
D3_04122,G_02610,en,FP_promptbench,0,0.9774707555770874,1,,,,
D3_04123,G_03861,en,FP_promptbench,0,0.9755799174308777,1,,,,
D3_04124,G_03862,en,FP_promptbench,0,0.9790635704994202,1,,,,
D3_04125,G_03863,en,FP_promptbench,0,0.9776745438575745,1,,,,
D3_04126,G_02614,en,FP_promptbench,0,0.9774641394615173,1,,,,
D3_04207,G_03865,en,FP_promptbench,0,0.9673624038696289,1,,,,
D3_04208,G_03866,en,FP_promptbench,0,0.9691362380981445,1,,,,
D3_04209,G_03867,en,FP_promptbench,0,0.969550371170044,1,,,,
D3_04210,G_03868,en,FP_promptbench,0,0.9698858857154846,1,,,,
D3_04211,G_03869,en,FP_promptbench,0,0.9743708372116089,1,,,,
D3_04212,G_03870,en,FP_promptbench,0,0.9704751968383789,1,,,,
D3_04213,G_03871,en,FP_promptbench,0,0.9678812026977539,1,,,,
D3_04214,G_02726,en,FP_promptbench,0,0.9690031409263611,1,,,,
D3_04215,G_03873,en,FP_promptbench,0,0.9733309745788574,1,,,,
D3_04216,G_03874,en,FP_promptbench,0,0.9714263081550598,1,,,,
D3_04218,G_03875,en,FP_promptbench,0,0.9700483083724976,1,,,,
D3_04219,G_02752,en,FP_promptbench,0,0.9674484133720398,1,,,,
D3_04220,G_03877,en,FP_promptbench,0,0.9678019285202026,1,,,,
D3_04221,G_02827,en,FP_promptbench,0,0.9701522588729858,1,,,,
D3_04222,G_03879,en,FP_promptbench,0,0.9683049917221069,1,,,,
D3_04223,G_03880,en,FP_promptbench,0,0.9740476012229919,1,,,,
D3_04224,G_02738,en,FP_promptbench,0,0.9727811217308044,1,,,,
D3_04225,G_03882,en,FP_promptbench,0,0.9699199795722961,1,,,,
D3_04226,G_03418,en,FP_promptbench,0,0.9705919623374939,1,,,,
D3_04230,G_03456,en,FP_promptbench,0,0.9718447327613831,1,,,,
D3_04231,G_03885,en,FP_promptbench,0,0.9673833847045898,1,,,,
D3_04232,G_03886,en,FP_promptbench,0,0.9708861708641052,1,,,,
D3_04233,G_03887,en,FP_promptbench,0,0.9729265570640564,1,,,,
D3_04234,G_03888,en,FP_promptbench,0,0.9663476943969727,1,,,,
D3_04235,G_03889,en,FP_promptbench,0,0.9738222360610962,1,,,,
D3_04236,G_03890,en,FP_promptbench,0,0.9713407158851624,1,,,,
D3_04237,G_03891,en,FP_promptbench,0,0.9689581394195557,1,,,,
D3_04238,G_03892,en,FP_promptbench,0,0.9723212122917175,1,,,,
D3_04239,G_03893,en,FP_promptbench,0,0.9727590680122375,1,,,,
D3_04240,G_03894,en,FP_promptbench,0,0.9673795104026794,1,,,,
D3_04241,G_03895,en,FP_promptbench,0,0.9704743027687073,1,,,,
D3_04242,G_03896,en,FP_promptbench,0,0.9740779399871826,1,,,,
D3_04323,G_03897,en,FP_promptbench,0,0.9679515361785889,1,,,,
D3_04324,G_03898,en,FP_promptbench,0,0.9667690992355347,1,,,,
D3_04325,G_03899,en,FP_promptbench,0,0.9667169451713562,1,,,,
D3_04326,G_03900,en,FP_promptbench,0,0.96905118227005,1,,,,
D3_04327,G_03901,en,FP_promptbench,0,0.95768803358078,1,,,,
D3_04328,G_03902,en,FP_promptbench,0,0.9683553576469421,1,,,,
D3_04329,G_03915,en,FP_promptbench,0,0.9713124632835388,1,,,,
D3_04330,G_03904,en,FP_promptbench,0,0.9684099555015564,1,,,,
D3_04331,G_03905,en,FP_promptbench,0,0.9670774936676025,1,,,,
D3_04332,G_03906,en,FP_promptbench,0,0.9702023267745972,1,,,,
D3_04333,G_02738,en,FP_promptbench,0,0.9707388877868652,1,,,,
D3_04334,G_02731,en,FP_promptbench,0,0.9753109812736511,1,,,,
D3_04335,G_03909,en,FP_promptbench,0,0.971206784248352,1,,,,
D3_04336,G_02752,en,FP_promptbench,0,0.9654349088668823,1,,,,
D3_04337,G_03911,en,FP_promptbench,0,0.9712376594543457,1,,,,
D3_04338,G_03912,en,FP_promptbench,0,0.9709176421165466,1,,,,
D3_04339,G_02738,en,FP_promptbench,0,0.9717589616775513,1,,,,
D3_04340,G_03914,en,FP_promptbench,0,0.9676530957221985,1,,,,
D3_04341,G_03915,en,FP_promptbench,0,0.9746111631393433,1,,,,
D3_04344,G_02733,en,FP_promptbench,0,0.9715045094490051,1,,,,
D3_04347,G_03917,en,FP_promptbench,0,0.9721419215202332,1,,,,
D3_04348,G_03918,en,FP_promptbench,0,0.9676528573036194,1,,,,
D3_04349,G_03919,en,FP_promptbench,0,0.9692790508270264,1,,,,
D3_04350,G_03920,en,FP_promptbench,0,0.9714055061340332,1,,,,
D3_04351,G_03921,en,FP_promptbench,0,0.9706714749336243,1,,,,
D3_04352,G_03922,en,FP_promptbench,0,0.9697781205177307,1,,,,
D3_04353,G_03923,en,FP_promptbench,0,0.972761869430542,1,,,,
D3_04354,G_03924,en,FP_promptbench,0,0.971396803855896,1,,,,
D3_04355,G_03925,en,FP_promptbench,0,0.9687209129333496,1,,,,
D3_04356,G_03926,en,FP_promptbench,0,0.97356116771698,1,,,,
D3_04357,G_03927,en,FP_promptbench,0,0.9602932333946228,1,,,,
D3_04358,G_03928,en,FP_promptbench,0,0.9739661812782288,1,,,,
D3_04439,G_03929,en,FP_promptbench,0,0.9325523972511292,1,,,,
D3_04440,G_03930,en,FP_promptbench,0,0.622139036655426,1,,,,
D3_04441,G_03931,en,FP_promptbench,0,0.9508923888206482,1,,,,
D3_04442,G_03932,en,FP_promptbench,0,0.973501980304718,1,,,,
D3_04443,G_03933,en,FP_promptbench,0,0.9654707908630371,1,,,,
D3_04444,G_03934,en,FP_promptbench,0,0.9713876247406006,1,,,,
D3_04445,G_03935,en,FP_promptbench,0,0.9405623078346252,1,,,,
D3_04446,G_03936,en,FP_promptbench,0,0.9627206921577454,1,,,,
D3_04447,G_03937,en,FP_promptbench,0,0.9493498206138611,1,,,,
D3_04448,G_02866,en,FP_promptbench,0,0.9744121432304382,1,,,,
D3_04449,G_03939,en,FP_promptbench,0,0.9682338833808899,1,,,,
D3_04450,G_02865,en,FP_promptbench,0,0.9700741767883301,1,,,,
D3_04451,G_03941,en,FP_promptbench,0,0.962213397026062,1,,,,
D3_04452,G_02855,en,FP_promptbench,0,0.9570258259773254,1,,,,
D3_04453,G_03943,en,FP_promptbench,0,0.9638609290122986,1,,,,
D3_04454,G_02866,en,FP_promptbench,0,0.9733668565750122,1,,,,
D3_04455,G_03945,en,FP_promptbench,0,0.9746677875518799,1,,,,
D3_04457,G_03946,en,FP_promptbench,0,0.9549661874771118,1,,,,
D3_04458,G_03947,en,FP_promptbench,0,0.967272162437439,1,,,,
D3_04459,G_03948,en,FP_promptbench,0,0.9607830047607422,1,,,,
D3_04460,G_03949,en,FP_promptbench,0,0.9733641743659973,1,,,,
D3_04462,G_03950,en,FP_promptbench,0,0.9726668000221252,1,,,,
D3_04463,G_03951,en,FP_promptbench,0,0.9357263445854187,1,,,,
D3_04464,G_03952,en,FP_promptbench,0,0.958641767501831,1,,,,
D3_04465,G_03953,en,FP_promptbench,0,0.9555455446243286,1,,,,
D3_04466,G_03954,en,FP_promptbench,0,0.9663215279579163,1,,,,
D3_04467,G_03955,en,FP_promptbench,0,0.9649280905723572,1,,,,
D3_04468,G_02865,en,FP_promptbench,0,0.9631844162940979,1,,,,
D3_04469,G_03957,en,FP_promptbench,0,0.862766683101654,1,,,,
D3_04470,G_03958,en,FP_promptbench,0,0.9579921960830688,1,,,,
D3_04471,G_03959,en,FP_promptbench,0,0.9620546102523804,1,,,,
D3_04472,G_03960,en,FP_promptbench,0,0.9728514552116394,1,,,,
D3_04473,G_03961,en,FP_promptbench,0,0.9663960933685303,1,,,,
D3_04474,G_03962,en,FP_promptbench,0,0.9728073477745056,1,,,,
D3_04555,G_03963,en,FP_promptbench,0,0.9787710309028625,1,,,,
D3_04556,G_03964,en,FP_promptbench,0,0.9782919883728027,1,,,,
D3_04557,G_03965,en,FP_promptbench,0,0.9618712663650513,1,,,,
D3_04558,G_03966,en,FP_promptbench,0,0.9630322456359863,1,,,,
D3_04559,G_03967,en,FP_promptbench,0,0.9787487387657166,1,,,,
D3_04560,G_03968,en,FP_promptbench,0,0.9769381284713745,1,,,,
D3_04561,G_01667,en,FP_promptbench,0,0.9787357449531555,1,,,,
D3_04562,G_01663,en,FP_promptbench,0,0.9795235991477966,1,,,,
D3_04563,G_01666,en,FP_promptbench,0,0.9694957733154297,1,,,,
D3_04564,G_01691,en,FP_promptbench,0,0.977680504322052,1,,,,
D3_04565,G_01679,en,FP_promptbench,0,0.978286623954773,1,,,,
D3_04566,G_02971,en,FP_promptbench,0,0.9782695770263672,1,,,,
D3_04567,G_03975,en,FP_promptbench,0,0.9736286401748657,1,,,,
D3_04568,G_03976,en,FP_promptbench,0,0.9774395227432251,1,,,,
D3_04569,G_03977,en,FP_promptbench,0,0.9657590389251709,1,,,,
D3_04570,G_03978,en,FP_promptbench,0,0.9748479723930359,1,,,,
D3_04571,G_03979,en,FP_promptbench,0,0.9755789041519165,1,,,,
D3_04572,G_03980,en,FP_promptbench,0,0.9770737290382385,1,,,,
D3_04573,G_03544,en,FP_promptbench,0,0.9772520065307617,1,,,,
D3_04574,G_01663,en,FP_promptbench,0,0.9775336384773254,1,,,,
D3_04575,G_03983,en,FP_promptbench,0,0.969127893447876,1,,,,
D3_04576,G_01691,en,FP_promptbench,0,0.9784093499183655,1,,,,
D3_04577,G_01679,en,FP_promptbench,0,0.9774270057678223,1,,,,
D3_04578,G_02971,en,FP_promptbench,0,0.9789150357246399,1,,,,
D3_04579,G_03987,en,FP_promptbench,0,0.9769259095191956,1,,,,
D3_04580,G_03988,en,FP_promptbench,0,0.9792360663414001,1,,,,
D3_04581,G_03989,en,FP_promptbench,0,0.9572353959083557,1,,,,
D3_04582,G_03990,en,FP_promptbench,0,0.9781242609024048,1,,,,
D3_04583,G_03991,en,FP_promptbench,0,0.9779627919197083,1,,,,
D3_04584,G_03992,en,FP_promptbench,0,0.9756215810775757,1,,,,
D3_04585,G_03993,en,FP_promptbench,0,0.976608157157898,1,,,,
D3_04586,G_03994,en,FP_promptbench,0,0.9714575409889221,1,,,,
D3_04587,G_03995,en,FP_promptbench,0,0.8840972185134888,1,,,,
D3_04588,G_03996,en,FP_promptbench,0,0.9773467183113098,1,,,,
D3_04589,G_03997,en,FP_promptbench,0,0.9763644337654114,1,,,,
D3_04590,G_03998,en,FP_promptbench,0,0.9767748713493347,1,,,,
D3_04671,G_03999,en,FP_promptbench,0,0.9718871712684631,1,,,,
D3_04672,G_04000,en,FP_promptbench,0,0.9741747379302979,1,,,,
D3_04673,G_04001,en,FP_promptbench,0,0.9757274389266968,1,,,,
D3_04674,G_04002,en,FP_promptbench,0,0.9765739440917969,1,,,,
D3_04675,G_04003,en,FP_promptbench,0,0.974722146987915,1,,,,
D3_04676,G_04004,en,FP_promptbench,0,0.977327823638916,1,,,,
D3_04677,G_01816,en,FP_promptbench,0,0.9763405919075012,1,,,,
D3_04678,G_03023,en,FP_promptbench,0,0.9776026606559753,1,,,,
D3_04679,G_03579,en,FP_promptbench,0,0.9765592813491821,1,,,,
D3_04680,G_01819,en,FP_promptbench,0,0.9789239764213562,1,,,,
D3_04681,G_01794,en,FP_promptbench,0,0.9781618118286133,1,,,,
D3_04682,G_03045,en,FP_promptbench,0,0.9768176078796387,1,,,,
D3_04683,G_04011,en,FP_promptbench,0,0.9752232432365417,1,,,,
D3_04684,G_04012,en,FP_promptbench,0,0.9720749258995056,1,,,,
D3_04685,G_03579,en,FP_promptbench,0,0.9771073460578918,1,,,,
D3_04686,G_04014,en,FP_promptbench,0,0.9766579866409302,1,,,,
D3_04687,G_04015,en,FP_promptbench,0,0.9770458340644836,1,,,,
D3_04689,G_01816,en,FP_promptbench,0,0.9775095582008362,1,,,,
D3_04690,G_03578,en,FP_promptbench,0,0.9776081442832947,1,,,,
D3_04691,G_03579,en,FP_promptbench,0,0.9768952131271362,1,,,,
D3_04692,G_01819,en,FP_promptbench,0,0.9784277677536011,1,,,,
D3_04693,G_03581,en,FP_promptbench,0,0.9783226251602173,1,,,,
D3_04695,G_04021,en,FP_promptbench,0,0.9759864211082458,1,,,,
D3_04696,G_03023,en,FP_promptbench,0,0.9773918390274048,1,,,,
D3_04697,G_03579,en,FP_promptbench,0,0.9748687148094177,1,,,,
D3_04698,G_04024,en,FP_promptbench,0,0.9796410799026489,1,,,,
D3_04699,G_04025,en,FP_promptbench,0,0.9768635630607605,1,,,,
D3_04701,G_04026,en,FP_promptbench,0,0.975951075553894,1,,,,
D3_04702,G_04027,en,FP_promptbench,0,0.9696897864341736,1,,,,
D3_04703,G_04028,en,FP_promptbench,0,0.9760170578956604,1,,,,
D3_04704,G_04029,en,FP_promptbench,0,0.9761016964912415,1,,,,
D3_04705,G_04030,en,FP_promptbench,0,0.978044331073761,1,,,,
D3_04706,G_04031,en,FP_promptbench,0,0.9772341251373291,1,,,,
D3_04787,G_04032,en,FP_promptbench,0,0.9725897312164307,1,,,,
D3_04788,G_04033,en,FP_promptbench,0,0.9671635627746582,1,,,,
D3_04789,G_04034,en,FP_promptbench,0,0.9724852442741394,1,,,,
D3_04790,G_04035,en,FP_promptbench,0,0.9717879891395569,1,,,,
D3_04791,G_04036,en,FP_promptbench,0,0.9773732423782349,1,,,,
D3_04792,G_04037,en,FP_promptbench,0,0.9737600684165955,1,,,,
D3_04793,G_01890,en,FP_promptbench,0,0.9717406034469604,1,,,,
D3_04794,G_01896,en,FP_promptbench,0,0.9718029499053955,1,,,,
D3_04795,G_01899,en,FP_promptbench,0,0.9749211668968201,1,,,,
D3_04796,G_01907,en,FP_promptbench,0,0.9720626473426819,1,,,,
D3_04797,G_01902,en,FP_promptbench,0,0.9788784980773926,1,,,,
D3_04798,G_03603,en,FP_promptbench,0,0.976875901222229,1,,,,
D3_04799,G_04044,en,FP_promptbench,0,0.971838653087616,1,,,,
D3_04800,G_04045,en,FP_promptbench,0,0.9466385245323181,1,,,,
D3_04801,G_04046,en,FP_promptbench,0,0.9727243185043335,1,,,,
D3_04802,G_04047,en,FP_promptbench,0,0.9720564484596252,1,,,,
D3_04803,G_04048,en,FP_promptbench,0,0.979105532169342,1,,,,
D3_04804,G_04049,en,FP_promptbench,0,0.9745422005653381,1,,,,
D3_04806,G_01896,en,FP_promptbench,0,0.9717921614646912,1,,,,
D3_04807,G_01899,en,FP_promptbench,0,0.9746221303939819,1,,,,
D3_04809,G_01902,en,FP_promptbench,0,0.9782401919364929,1,,,,
D3_04811,G_04053,en,FP_promptbench,0,0.9722080826759338,1,,,,
D3_04812,G_04054,en,FP_promptbench,0,0.9719770550727844,1,,,,
D3_04813,G_04055,en,FP_promptbench,0,0.9708859324455261,1,,,,
D3_04814,G_04056,en,FP_promptbench,0,0.9732611775398254,1,,,,
D3_04815,G_04057,en,FP_promptbench,0,0.9787040948867798,1,,,,
D3_04816,G_04058,en,FP_promptbench,0,0.975397527217865,1,,,,
D3_04817,G_04059,en,FP_promptbench,0,0.9720479846000671,1,,,,
D3_04818,G_04060,en,FP_promptbench,0,0.9128762483596802,1,,,,
D3_04819,G_04061,en,FP_promptbench,0,0.9733957648277283,1,,,,
D3_04820,G_04062,en,FP_promptbench,0,0.9689554572105408,1,,,,
D3_04821,G_04063,en,FP_promptbench,0,0.9773933291435242,1,,,,
D3_04822,G_04064,en,FP_promptbench,0,0.9748945832252502,1,,,,
D3_04903,G_04065,en,FP_promptbench,0,0.9722718596458435,1,,,,
D3_04905,G_04066,en,FP_promptbench,0,0.9736196994781494,1,,,,
D3_04906,G_04067,en,FP_promptbench,0,0.9797097444534302,1,,,,
D3_04907,G_04068,en,FP_promptbench,0,0.9713463187217712,1,,,,
D3_04908,G_04069,en,FP_promptbench,0,0.9758279323577881,1,,,,
D3_04909,G_02011,en,FP_promptbench,0,0.9733510613441467,1,,,,
D3_04910,G_02008,en,FP_promptbench,0,0.9722355604171753,1,,,,
D3_04911,G_03634,en,FP_promptbench,0,0.9750416278839111,1,,,,
D3_04912,G_02020,en,FP_promptbench,0,0.9782654643058777,1,,,,
D3_04913,G_04084,en,FP_promptbench,0,0.9728865027427673,1,,,,
D3_04914,G_02015,en,FP_promptbench,0,0.9772431254386902,1,,,,
D3_04915,G_04076,en,FP_promptbench,0,0.9725395441055298,1,,,,
D3_04916,G_04077,en,FP_promptbench,0,0.969889223575592,1,,,,
D3_04917,G_04078,en,FP_promptbench,0,0.9766849279403687,1,,,,
D3_04918,G_04079,en,FP_promptbench,0,0.9794092774391174,1,,,,
D3_04919,G_04080,en,FP_promptbench,0,0.9758704900741577,1,,,,
D3_04920,G_04081,en,FP_promptbench,0,0.9750842452049255,1,,,,
D3_04921,G_03126,en,FP_promptbench,0,0.9755316972732544,1,,,,
D3_04924,G_02020,en,FP_promptbench,0,0.9778598546981812,1,,,,
D3_04925,G_04084,en,FP_promptbench,0,0.9737052321434021,1,,,,
D3_04927,G_04085,en,FP_promptbench,0,0.973125696182251,1,,,,
D3_04928,G_04086,en,FP_promptbench,0,0.9739587306976318,1,,,,
D3_04929,G_04087,en,FP_promptbench,0,0.9755119681358337,1,,,,
D3_04930,G_04088,en,FP_promptbench,0,0.9790534377098083,1,,,,
D3_04931,G_04089,en,FP_promptbench,0,0.9733493328094482,1,,,,
D3_04932,G_04090,en,FP_promptbench,0,0.9753069281578064,1,,,,
D3_04933,G_04091,en,FP_promptbench,0,0.9598056077957153,1,,,,
D3_04934,G_04092,en,FP_promptbench,0,0.9749023914337158,1,,,,
D3_04935,G_04093,en,FP_promptbench,0,0.9764969944953918,1,,,,
D3_04936,G_04094,en,FP_promptbench,0,0.9770681858062744,1,,,,
D3_04937,G_04095,en,FP_promptbench,0,0.9728794097900391,1,,,,
D3_04938,G_04096,en,FP_promptbench,0,0.9789103865623474,1,,,,
D3_05020,G_04097,en,FP_promptbench,0,0.9749262928962708,1,,,,
D3_05021,G_04098,en,FP_promptbench,0,0.9677387475967407,1,,,,
D3_05022,G_04099,en,FP_promptbench,0,0.9663999676704407,1,,,,
D3_05023,G_04100,en,FP_promptbench,0,0.975033700466156,1,,,,
D3_05024,G_04101,en,FP_promptbench,0,0.9763058423995972,1,,,,
D3_05025,G_04102,en,FP_promptbench,0,0.9759589433670044,1,,,,
D3_05026,G_02120,en,FP_promptbench,0,0.9697837233543396,1,,,,
D3_05027,G_02154,en,FP_promptbench,0,0.9673075079917908,1,,,,
D3_05028,G_02119,en,FP_promptbench,0,0.9690935015678406,1,,,,
D3_05029,G_04106,en,FP_promptbench,0,0.976760983467102,1,,,,
D3_05030,G_02133,en,FP_promptbench,0,0.975451648235321,1,,,,
D3_05031,G_03168,en,FP_promptbench,0,0.9766885638237,1,,,,
D3_05032,G_04109,en,FP_promptbench,0,0.9730445146560669,1,,,,
D3_05033,G_04110,en,FP_promptbench,0,0.9623101949691772,1,,,,
D3_05034,G_04111,en,FP_promptbench,0,0.9477452635765076,1,,,,
D3_05035,G_04112,en,FP_promptbench,0,0.9770205020904541,1,,,,
D3_05036,G_02133,en,FP_promptbench,0,0.9776065349578857,1,,,,
D3_05037,G_04114,en,FP_promptbench,0,0.9771336317062378,1,,,,
D3_05040,G_03159,en,FP_promptbench,0,0.9738959670066833,1,,,,
D3_05041,G_04106,en,FP_promptbench,0,0.9770135283470154,1,,,,
D3_05044,G_04117,en,FP_promptbench,0,0.9637349247932434,1,,,,
D3_05045,G_04118,en,FP_promptbench,0,0.9532250165939331,1,,,,
D3_05046,G_04119,en,FP_promptbench,0,0.9689017534255981,1,,,,
D3_05047,G_04120,en,FP_promptbench,0,0.9765244722366333,1,,,,
D3_05048,G_02133,en,FP_promptbench,0,0.9788321256637573,1,,,,
D3_05049,G_04122,en,FP_promptbench,0,0.9759188294410706,1,,,,
D3_05050,G_04123,en,FP_promptbench,0,0.970824122428894,1,,,,
D3_05051,G_04124,en,FP_promptbench,0,0.8437703847885132,1,,,,
D3_05052,G_04125,en,FP_promptbench,0,0.9505841135978699,1,,,,
D3_05053,G_04126,en,FP_promptbench,0,0.9781314730644226,1,,,,
D3_05054,G_04127,en,FP_promptbench,0,0.9755960702896118,1,,,,
D3_05055,G_04128,en,FP_promptbench,0,0.9771376848220825,1,,,,
D3_05137,G_04129,en,FP_promptbench,0,0.9744458794593811,1,,,,
D3_05138,G_04130,en,FP_promptbench,0,0.9710727334022522,1,,,,
D3_05139,G_04131,en,FP_promptbench,0,0.9652984738349915,1,,,,
D3_05140,G_04132,en,FP_promptbench,0,0.9784997701644897,1,,,,
D3_05141,G_04133,en,FP_promptbench,0,0.9697365164756775,1,,,,
D3_05142,G_03717,en,FP_promptbench,0,0.9719288349151611,1,,,,
D3_05143,G_02238,en,FP_promptbench,0,0.9764888882637024,1,,,,
D3_05144,G_02241,en,FP_promptbench,0,0.9707411527633667,1,,,,
D3_05145,G_02242,en,FP_promptbench,0,0.9711297154426575,1,,,,
D3_05146,G_02252,en,FP_promptbench,0,0.9770625829696655,1,,,,
D3_05147,G_02278,en,FP_promptbench,0,0.9726632833480835,1,,,,
D3_05148,G_03717,en,FP_promptbench,0,0.9738150238990784,1,,,,
D3_05149,G_04141,en,FP_promptbench,0,0.975371778011322,1,,,,
D3_05150,G_04142,en,FP_promptbench,0,0.9674657583236694,1,,,,
D3_05151,G_04143,en,FP_promptbench,0,0.9593890309333801,1,,,,
D3_05152,G_02252,en,FP_promptbench,0,0.977245032787323,1,,,,
D3_05153,G_04145,en,FP_promptbench,0,0.9744911789894104,1,,,,
D3_05154,G_03717,en,FP_promptbench,0,0.9710602760314941,1,,,,
D3_05155,G_03202,en,FP_promptbench,0,0.976118266582489,1,,,,
D3_05159,G_02278,en,FP_promptbench,0,0.9720635414123535,1,,,,
D3_05160,G_03717,en,FP_promptbench,0,0.9738033413887024,1,,,,
D3_05161,G_04150,en,FP_promptbench,0,0.9753715395927429,1,,,,
D3_05162,G_04151,en,FP_promptbench,0,0.9486685991287231,1,,,,
D3_05163,G_04152,en,FP_promptbench,0,0.9702151417732239,1,,,,
D3_05164,G_02252,en,FP_promptbench,0,0.977297306060791,1,,,,
D3_05165,G_04154,en,FP_promptbench,0,0.9746783375740051,1,,,,
D3_05166,G_03790,en,FP_promptbench,0,0.9728416204452515,1,,,,
D3_05167,G_04156,en,FP_promptbench,0,0.9764713048934937,1,,,,
D3_05168,G_04157,en,FP_promptbench,0,0.9362198710441589,1,,,,
D3_05169,G_04158,en,FP_promptbench,0,0.9657580256462097,1,,,,
D3_05170,G_04159,en,FP_promptbench,0,0.9786834716796875,1,,,,
D3_05171,G_04160,en,FP_promptbench,0,0.9728142023086548,1,,,,
D3_05172,G_04161,en,FP_promptbench,0,0.966180145740509,1,,,,
D3_05253,G_04162,en,FP_promptbench,0,0.9128625392913818,1,,,,
D3_05254,G_04163,en,FP_promptbench,0,0.9558951258659363,1,,,,
D3_05255,G_04164,en,FP_promptbench,0,0.9122511148452759,1,,,,
D3_05256,G_04165,en,FP_promptbench,0,0.9666034579277039,1,,,,
D3_05257,G_04166,en,FP_promptbench,0,0.9756755828857422,1,,,,
D3_05258,G_04167,en,FP_promptbench,0,0.974743127822876,1,,,,
D3_05259,G_04180,en,FP_promptbench,0,0.9759352803230286,1,,,,
D3_05260,G_02357,en,FP_promptbench,0,0.9732555150985718,1,,,,
D3_05261,G_02353,en,FP_promptbench,0,0.9752103090286255,1,,,,
D3_05262,G_02363,en,FP_promptbench,0,0.976111888885498,1,,,,
D3_05263,G_03228,en,FP_promptbench,0,0.9739316701889038,1,,,,
D3_05264,G_02366,en,FP_promptbench,0,0.975068986415863,1,,,,
D3_05265,G_04180,en,FP_promptbench,0,0.9713638424873352,1,,,,
D3_05266,G_04175,en,FP_promptbench,0,0.9644924998283386,1,,,,
D3_05267,G_04176,en,FP_promptbench,0,0.9660966992378235,1,,,,
D3_05268,G_04177,en,FP_promptbench,0,0.9751063585281372,1,,,,
D3_05269,G_04178,en,FP_promptbench,0,0.9764482378959656,1,,,,
D3_05270,G_04179,en,FP_promptbench,0,0.9676554799079895,1,,,,
D3_05271,G_04180,en,FP_promptbench,0,0.9751684665679932,1,,,,
D3_05272,G_04181,en,FP_promptbench,0,0.9732305407524109,1,,,,
D3_05273,G_02353,en,FP_promptbench,0,0.9754795432090759,1,,,,
D3_05274,G_04183,en,FP_promptbench,0,0.9746983647346497,1,,,,
D3_05276,G_04184,en,FP_promptbench,0,0.9760865569114685,1,,,,
D3_05277,G_04185,en,FP_promptbench,0,0.9636237621307373,1,,,,
D3_05278,G_04186,en,FP_promptbench,0,0.9728968143463135,1,,,,
D3_05279,G_04187,en,FP_promptbench,0,0.9695666432380676,1,,,,
D3_05280,G_04188,en,FP_promptbench,0,0.9645482897758484,1,,,,
D3_05281,G_04189,en,FP_promptbench,0,0.9743547439575195,1,,,,
D3_05282,G_04190,en,FP_promptbench,0,0.9664855003356934,1,,,,
D3_05283,G_04191,en,FP_promptbench,0,0.9130444526672363,1,,,,
D3_05284,G_04192,en,FP_promptbench,0,0.933027446269989,1,,,,
D3_05285,G_04193,en,FP_promptbench,0,0.9285280108451843,1,,,,
D3_05286,G_04194,en,FP_promptbench,0,0.9654837846755981,1,,,,
D3_05287,G_04195,en,FP_promptbench,0,0.9749676585197449,1,,,,
D3_05288,G_04196,en,FP_promptbench,0,0.9420951008796692,1,,,,
D3_05370,G_04197,en,FP_promptbench,0,0.973669171333313,1,,,,
D3_05371,G_04198,en,FP_promptbench,0,0.9694432616233826,1,,,,
D3_05372,G_04199,en,FP_promptbench,0,0.9699623584747314,1,,,,
D3_05373,G_04200,en,FP_promptbench,0,0.9728425145149231,1,,,,
D3_05374,G_04201,en,FP_promptbench,0,0.9705982804298401,1,,,,
D3_05375,G_04202,en,FP_promptbench,0,0.9777929782867432,1,,,,
D3_05377,G_02241,en,FP_promptbench,0,0.9709329009056091,1,,,,
D3_05378,G_04204,en,FP_promptbench,0,0.9713780283927917,1,,,,
D3_05379,G_02277,en,FP_promptbench,0,0.9744052290916443,1,,,,
D3_05380,G_03717,en,FP_promptbench,0,0.9736734628677368,1,,,,
D3_05381,G_02252,en,FP_promptbench,0,0.9767333269119263,1,,,,
D3_05382,G_04208,en,FP_promptbench,0,0.9771058559417725,1,,,,
D3_05383,G_04209,en,FP_promptbench,0,0.9737902283668518,1,,,,
D3_05384,G_02242,en,FP_promptbench,0,0.9661919474601746,1,,,,
D3_05385,G_04211,en,FP_promptbench,0,0.9747787714004517,1,,,,
D3_05386,G_04212,en,FP_promptbench,0,0.9748224020004272,1,,,,
D3_05387,G_02252,en,FP_promptbench,0,0.9776192903518677,1,,,,
D3_05391,G_02277,en,FP_promptbench,0,0.9750892519950867,1,,,,
D3_05393,G_02252,en,FP_promptbench,0,0.9756894111633301,1,,,,
D3_05394,G_02238,en,FP_promptbench,0,0.9772101044654846,1,,,,
D3_05395,G_04217,en,FP_promptbench,0,0.9684269428253174,1,,,,
D3_05396,G_04218,en,FP_promptbench,0,0.9672867655754089,1,,,,
D3_05397,G_04219,en,FP_promptbench,0,0.970106840133667,1,,,,
D3_05398,G_03717,en,FP_promptbench,0,0.9725922346115112,1,,,,
D3_05399,G_04221,en,FP_promptbench,0,0.977059543132782,1,,,,
D3_05400,G_04222,en,FP_promptbench,0,0.9734976887702942,1,,,,
D3_05401,G_04223,en,FP_promptbench,0,0.9683052897453308,1,,,,
D3_05402,G_04224,en,FP_promptbench,0,0.9599580764770508,1,,,,
D3_05403,G_04225,en,FP_promptbench,0,0.9727364778518677,1,,,,
D3_05404,G_04226,en,FP_promptbench,0,0.970024049282074,1,,,,
D3_05405,G_04227,en,FP_promptbench,0,0.9771604537963867,1,,,,
D3_05486,G_04228,en,FP_promptbench,0,0.973469078540802,1,,,,
D3_05487,G_04229,en,FP_promptbench,0,0.9531214833259583,1,,,,
D3_05488,G_04230,en,FP_promptbench,0,0.9705274105072021,1,,,,
D3_05489,G_04231,en,FP_promptbench,0,0.9747267961502075,1,,,,
D3_05490,G_04232,en,FP_promptbench,0,0.9754722714424133,1,,,,
D3_05491,G_04233,en,FP_promptbench,0,0.9748084545135498,1,,,,
D3_05492,G_03310,en,FP_promptbench,0,0.9734308123588562,1,,,,
D3_05493,G_02501,en,FP_promptbench,0,0.9653569459915161,1,,,,
D3_05494,G_02493,en,FP_promptbench,0,0.9734452366828918,1,,,,
D3_05495,G_03808,en,FP_promptbench,0,0.9731875658035278,1,,,,
D3_05496,G_02507,en,FP_promptbench,0,0.9754129648208618,1,,,,
D3_05497,G_02510,en,FP_promptbench,0,0.9764782190322876,1,,,,
D3_05498,G_04240,en,FP_promptbench,0,0.9752121567726135,1,,,,
D3_05499,G_04241,en,FP_promptbench,0,0.9715968370437622,1,,,,
D3_05500,G_02493,en,FP_promptbench,0,0.9732877016067505,1,,,,
D3_05501,G_04243,en,FP_promptbench,0,0.973960280418396,1,,,,
D3_05502,G_04244,en,FP_promptbench,0,0.974840521812439,1,,,,
D3_05503,G_04245,en,FP_promptbench,0,0.9760125279426575,1,,,,
D3_05505,G_04246,en,FP_promptbench,0,0.9656707644462585,1,,,,
D3_05506,G_04247,en,FP_promptbench,0,0.9738551378250122,1,,,,
D3_05507,G_04248,en,FP_promptbench,0,0.975996196269989,1,,,,
D3_05508,G_04249,en,FP_promptbench,0,0.9763261675834656,1,,,,
D3_05509,G_04250,en,FP_promptbench,0,0.9773226976394653,1,,,,
D3_05510,G_04251,en,FP_promptbench,0,0.97260981798172,1,,,,
D3_05511,G_04252,en,FP_promptbench,0,0.9615483283996582,1,,,,
D3_05512,G_04253,en,FP_promptbench,0,0.9732557535171509,1,,,,
D3_05513,G_04254,en,FP_promptbench,0,0.9729814529418945,1,,,,
D3_05514,G_04255,en,FP_promptbench,0,0.9742414951324463,1,,,,
D3_05515,G_04256,en,FP_promptbench,0,0.9774639010429382,1,,,,
D3_05516,G_04257,en,FP_promptbench,0,0.9757490158081055,1,,,,
D3_05517,G_04258,en,FP_promptbench,0,0.9699535965919495,1,,,,
D3_05518,G_04259,en,FP_promptbench,0,0.9753136038780212,1,,,,
D3_05519,G_04260,en,FP_promptbench,0,0.9712851643562317,1,,,,
D3_05520,G_04261,en,FP_promptbench,0,0.9762921929359436,1,,,,
D3_05521,G_04262,en,FP_promptbench,0,0.9758121371269226,1,,,,
D3_05602,G_04263,en,FP_promptbench,0,0.9769236445426941,1,,,,
D3_05603,G_04264,en,FP_promptbench,0,0.9743152856826782,1,,,,
D3_05604,G_04265,en,FP_promptbench,0,0.9763859510421753,1,,,,
D3_05605,G_04266,en,FP_promptbench,0,0.9779826402664185,1,,,,
D3_05606,G_04267,en,FP_promptbench,0,0.9788838624954224,1,,,,
D3_05607,G_04268,en,FP_promptbench,0,0.9785088896751404,1,,,,
D3_05608,G_04269,en,FP_promptbench,0,0.9758033752441406,1,,,,
D3_05609,G_03339,en,FP_promptbench,0,0.9766051769256592,1,,,,
D3_05610,G_04271,en,FP_promptbench,0,0.9760414958000183,1,,,,
D3_05611,G_02615,en,FP_promptbench,0,0.9790734052658081,1,,,,
D3_05612,G_02621,en,FP_promptbench,0,0.9781055450439453,1,,,,
D3_05613,G_02617,en,FP_promptbench,0,0.9784488677978516,1,,,,
D3_05614,G_02610,en,FP_promptbench,0,0.9776545166969299,1,,,,
D3_05615,G_03339,en,FP_promptbench,0,0.9763111472129822,1,,,,
D3_05616,G_04277,en,FP_promptbench,0,0.9772936701774597,1,,,,
D3_05617,G_04278,en,FP_promptbench,0,0.9785803556442261,1,,,,
D3_05618,G_02621,en,FP_promptbench,0,0.9784501194953918,1,,,,
D3_05619,G_02617,en,FP_promptbench,0,0.9787254929542542,1,,,,
D3_05620,G_04281,en,FP_promptbench,0,0.9775044322013855,1,,,,
D3_05621,G_02641,en,FP_promptbench,0,0.9765157103538513,1,,,,
D3_05622,G_04283,en,FP_promptbench,0,0.9775322675704956,1,,,,
D3_05624,G_04284,en,FP_promptbench,0,0.9773509502410889,1,,,,
D3_05625,G_03366,en,FP_promptbench,0,0.977250874042511,1,,,,
D3_05626,G_04286,en,FP_promptbench,0,0.9787343740463257,1,,,,
D3_05627,G_04287,en,FP_promptbench,0,0.9771596789360046,1,,,,
D3_05628,G_04288,en,FP_promptbench,0,0.9758836627006531,1,,,,
D3_05629,G_04289,en,FP_promptbench,0,0.9791770577430725,1,,,,
D3_05630,G_04290,en,FP_promptbench,0,0.9744898080825806,1,,,,
D3_05631,G_04291,en,FP_promptbench,0,0.9764201641082764,1,,,,
D3_05632,G_04292,en,FP_promptbench,0,0.9724153280258179,1,,,,
D3_05633,G_04293,en,FP_promptbench,0,0.9786596894264221,1,,,,
D3_05634,G_04294,en,FP_promptbench,0,0.9739039540290833,1,,,,
D3_05635,G_04295,en,FP_promptbench,0,0.9790191650390625,1,,,,
D3_05636,G_04296,en,FP_promptbench,0,0.9767067432403564,1,,,,
D3_05637,G_04297,en,FP_promptbench,0,0.9780038595199585,1,,,,
D3_05718,G_04298,en,FP_promptbench,0,0.9717226028442383,1,,,,
D3_05719,G_04299,en,FP_promptbench,0,0.9702994227409363,1,,,,
D3_05720,G_04300,en,FP_promptbench,0,0.9669432640075684,1,,,,
D3_05721,G_04301,en,FP_promptbench,0,0.974577784538269,1,,,,
D3_05722,G_04302,en,FP_promptbench,0,0.974002480506897,1,,,,
D3_05723,G_04303,en,FP_promptbench,0,0.9740800857543945,1,,,,
D3_05724,G_04304,en,FP_promptbench,0,0.973755419254303,1,,,,
D3_05725,G_03384,en,FP_promptbench,0,0.9712620973587036,1,,,,
D3_05726,G_03382,en,FP_promptbench,0,0.9695404171943665,1,,,,
D3_05727,G_02760,en,FP_promptbench,0,0.9745277166366577,1,,,,
D3_05728,G_04308,en,FP_promptbench,0,0.9760924577713013,1,,,,
D3_05729,G_04309,en,FP_promptbench,0,0.9735562801361084,1,,,,
D3_05730,G_04310,en,FP_promptbench,0,0.9706746339797974,1,,,,
D3_05731,G_04311,en,FP_promptbench,0,0.9732945561408997,1,,,,
D3_05732,G_04312,en,FP_promptbench,0,0.9664875268936157,1,,,,
D3_05733,G_04313,en,FP_promptbench,0,0.9770128726959229,1,,,,
D3_05734,G_04314,en,FP_promptbench,0,0.9728595614433289,1,,,,
D3_05735,G_04315,en,FP_promptbench,0,0.9750863313674927,1,,,,
D3_05736,G_02758,en,FP_promptbench,0,0.9740685224533081,1,,,,
D3_05737,G_04317,en,FP_promptbench,0,0.9720279574394226,1,,,,
D3_05738,G_04318,en,FP_promptbench,0,0.9735805988311768,1,,,,
D3_05739,G_02760,en,FP_promptbench,0,0.9759405255317688,1,,,,
D3_05740,G_04320,en,FP_promptbench,0,0.9759147763252258,1,,,,
D3_05742,G_04321,en,FP_promptbench,0,0.9729406833648682,1,,,,
D3_05743,G_04322,en,FP_promptbench,0,0.9665987491607666,1,,,,
D3_05744,G_04323,en,FP_promptbench,0,0.9716327786445618,1,,,,
D3_05745,G_04324,en,FP_promptbench,0,0.9727139472961426,1,,,,
D3_05746,G_04325,en,FP_promptbench,0,0.9753416180610657,1,,,,
D3_05747,G_04326,en,FP_promptbench,0,0.9735952615737915,1,,,,
D3_05748,G_04327,en,FP_promptbench,0,0.9738132953643799,1,,,,
D3_05749,G_04328,en,FP_promptbench,0,0.9699330925941467,1,,,,
D3_05750,G_04329,en,FP_promptbench,0,0.969982922077179,1,,,,
D3_05751,G_04330,en,FP_promptbench,0,0.976059079170227,1,,,,
D3_05752,G_04331,en,FP_promptbench,0,0.9776257872581482,1,,,,
D3_05753,G_04332,en,FP_promptbench,0,0.9757747650146484,1,,,,
D3_05834,G_04333,en,FP_promptbench,0,0.969673752784729,1,,,,
D3_05835,G_04334,en,FP_promptbench,0,0.9747917056083679,1,,,,
D3_05836,G_04335,en,FP_promptbench,0,0.9648112058639526,1,,,,
D3_05837,G_04336,en,FP_promptbench,0,0.9763333201408386,1,,,,
D3_05838,G_04337,en,FP_promptbench,0,0.9710001349449158,1,,,,
D3_05839,G_04338,en,FP_promptbench,0,0.9703567624092102,1,,,,
D3_05840,G_04339,en,FP_promptbench,0,0.967048704624176,1,,,,
D3_05841,G_04340,en,FP_promptbench,0,0.9733335375785828,1,,,,
D3_05842,G_04341,en,FP_promptbench,0,0.9684907793998718,1,,,,
D3_05843,G_02735,en,FP_promptbench,0,0.9754898548126221,1,,,,
D3_05844,G_04343,en,FP_promptbench,0,0.9722856283187866,1,,,,
D3_05845,G_02760,en,FP_promptbench,0,0.9751911759376526,1,,,,
D3_05846,G_04345,en,FP_promptbench,0,0.9693403244018555,1,,,,
D3_05847,G_04346,en,FP_promptbench,0,0.9736745357513428,1,,,,
D3_05848,G_04347,en,FP_promptbench,0,0.9687927961349487,1,,,,
D3_05849,G_04348,en,FP_promptbench,0,0.9765421152114868,1,,,,
D3_05850,G_04349,en,FP_promptbench,0,0.9714664816856384,1,,,,
D3_05851,G_04350,en,FP_promptbench,0,0.9729793071746826,1,,,,
D3_05852,G_03882,en,FP_promptbench,0,0.9718434810638428,1,,,,
D3_05853,G_04352,en,FP_promptbench,0,0.9756563901901245,1,,,,
D3_05854,G_04353,en,FP_promptbench,0,0.967641294002533,1,,,,
D3_05855,G_04354,en,FP_promptbench,0,0.9747095704078674,1,,,,
D3_05858,G_04355,en,FP_promptbench,0,0.9676482081413269,1,,,,
D3_05859,G_04356,en,FP_promptbench,0,0.9736987948417664,1,,,,
D3_05860,G_04357,en,FP_promptbench,0,0.9661718010902405,1,,,,
D3_05861,G_04358,en,FP_promptbench,0,0.9771872162818909,1,,,,
D3_05862,G_04359,en,FP_promptbench,0,0.9770359396934509,1,,,,
D3_05863,G_04360,en,FP_promptbench,0,0.9722489714622498,1,,,,
D3_05864,G_04361,en,FP_promptbench,0,0.9683799743652344,1,,,,
D3_05865,G_04362,en,FP_promptbench,0,0.9757485389709473,1,,,,
D3_05866,G_04363,en,FP_promptbench,0,0.9759798049926758,1,,,,
D3_05867,G_04364,en,FP_promptbench,0,0.9771839380264282,1,,,,
D3_05868,G_04365,en,FP_promptbench,0,0.9724546670913696,1,,,,
D3_05869,G_04366,en,FP_promptbench,0,0.974942147731781,1,,,,
D3_05950,G_04367,en,FP_promptbench,0,0.9567500948905945,1,,,,
D3_05951,G_04368,en,FP_promptbench,0,0.9616785049438477,1,,,,
D3_05952,G_04369,en,FP_promptbench,0,0.9329848885536194,1,,,,
D3_05953,G_04370,en,FP_promptbench,0,0.9708799719810486,1,,,,
D3_05954,G_04371,en,FP_promptbench,0,0.9720625281333923,1,,,,
D3_05955,G_04372,en,FP_promptbench,0,0.9648763537406921,1,,,,
D3_05956,G_04373,en,FP_promptbench,0,0.955584704875946,1,,,,
D3_05957,G_04374,en,FP_promptbench,0,0.9626703262329102,1,,,,
D3_05958,G_04375,en,FP_promptbench,0,0.9552175998687744,1,,,,
D3_05959,G_04376,en,FP_promptbench,0,0.9723208546638489,1,,,,
D3_05960,G_04377,en,FP_promptbench,0,0.9729001522064209,1,,,,
D3_05961,G_04378,en,FP_promptbench,0,0.9693631529808044,1,,,,
D3_05962,G_04379,en,FP_promptbench,0,0.9577922821044922,1,,,,
D3_05963,G_04380,en,FP_promptbench,0,0.9615150094032288,1,,,,
D3_05964,G_04381,en,FP_promptbench,0,0.9638360142707825,1,,,,
D3_05965,G_03481,en,FP_promptbench,0,0.9733585119247437,1,,,,
D3_05966,G_04383,en,FP_promptbench,0,0.9684253931045532,1,,,,
D3_05967,G_04384,en,FP_promptbench,0,0.9605622291564941,1,,,,
D3_05968,G_04385,en,FP_promptbench,0,0.9592817425727844,1,,,,
D3_05969,G_04386,en,FP_promptbench,0,0.9685889482498169,1,,,,
D3_05970,G_04387,en,FP_promptbench,0,0.9656071662902832,1,,,,
D3_05972,G_04388,en,FP_promptbench,0,0.9750221371650696,1,,,,
D3_05973,G_02894,en,FP_promptbench,0,0.970544695854187,1,,,,
D3_05974,G_02862,en,FP_promptbench,0,0.9510345458984375,1,,,,
D3_05975,G_04391,en,FP_promptbench,0,0.9625034332275391,1,,,,
D3_05976,G_04392,en,FP_promptbench,0,0.9441924691200256,1,,,,
D3_05977,G_04393,en,FP_promptbench,0,0.9748038053512573,1,,,,
D3_05978,G_04394,en,FP_promptbench,0,0.9743384718894958,1,,,,
D3_05979,G_04395,en,FP_promptbench,0,0.9640663266181946,1,,,,
D3_05980,G_04396,en,FP_promptbench,0,0.9377415180206299,1,,,,
D3_05981,G_04397,en,FP_promptbench,0,0.9575309753417969,1,,,,
D3_05982,G_04398,en,FP_promptbench,0,0.9591953158378601,1,,,,
D3_05983,G_04399,en,FP_promptbench,0,0.9717698693275452,1,,,,
D3_05984,G_04400,en,FP_promptbench,0,0.9741955399513245,1,,,,
D3_05985,G_04401,en,FP_promptbench,0,0.9657744765281677,1,,,,
D3_06066,G_04402,en,FP_promptbench,0,0.9784706830978394,1,,,,
D3_06067,G_04403,en,FP_promptbench,0,0.9733789563179016,1,,,,
D3_06068,G_04404,en,FP_promptbench,0,0.9729167819023132,1,,,,
D3_06069,G_04405,en,FP_promptbench,0,0.9753744006156921,1,,,,
D3_06070,G_04406,en,FP_promptbench,0,0.977899432182312,1,,,,
D3_06071,G_04407,en,FP_promptbench,0,0.974025309085846,1,,,,
D3_06072,G_01667,en,FP_promptbench,0,0.9776610136032104,1,,,,
D3_06073,G_02959,en,FP_promptbench,0,0.9731414914131165,1,,,,
D3_06074,G_04410,en,FP_promptbench,0,0.9747554659843445,1,,,,
D3_06075,G_02977,en,FP_promptbench,0,0.9720808863639832,1,,,,
D3_06076,G_01676,en,FP_promptbench,0,0.9772670269012451,1,,,,
D3_06077,G_01698,en,FP_promptbench,0,0.9734442234039307,1,,,,
D3_06078,G_04414,en,FP_promptbench,0,0.9767087697982788,1,,,,
D3_06079,G_04415,en,FP_promptbench,0,0.9736160635948181,1,,,,
D3_06080,G_04416,en,FP_promptbench,0,0.9714836478233337,1,,,,
D3_06081,G_04417,en,FP_promptbench,0,0.973622739315033,1,,,,
D3_06082,G_01676,en,FP_promptbench,0,0.9763383269309998,1,,,,
D3_06083,G_04419,en,FP_promptbench,0,0.9681493043899536,1,,,,
D3_06084,G_01667,en,FP_promptbench,0,0.9771257638931274,1,,,,
D3_06085,G_02997,en,FP_promptbench,0,0.9765205979347229,1,,,,
D3_06086,G_01669,en,FP_promptbench,0,0.9767906665802002,1,,,,
D3_06087,G_02977,en,FP_promptbench,0,0.9715691804885864,1,,,,
D3_06088,G_01676,en,FP_promptbench,0,0.9763951301574707,1,,,,
D3_06089,G_01698,en,FP_promptbench,0,0.9726769328117371,1,,,,
D3_06090,G_04426,en,FP_promptbench,0,0.9726574420928955,1,,,,
D3_06091,G_04427,en,FP_promptbench,0,0.9783822298049927,1,,,,
D3_06092,G_04428,en,FP_promptbench,0,0.9794348478317261,1,,,,
D3_06093,G_04429,en,FP_promptbench,0,0.9695802927017212,1,,,,
D3_06094,G_04430,en,FP_promptbench,0,0.9758272171020508,1,,,,
D3_06095,G_04431,en,FP_promptbench,0,0.9743925929069519,1,,,,
D3_06096,G_04432,en,FP_promptbench,0,0.9604204297065735,1,,,,
D3_06097,G_04433,en,FP_promptbench,0,0.9770551919937134,1,,,,
D3_06098,G_04434,en,FP_promptbench,0,0.9783696532249451,1,,,,
D3_06099,G_04435,en,FP_promptbench,0,0.9704269170761108,1,,,,
D3_06100,G_04436,en,FP_promptbench,0,0.9750604629516602,1,,,,
D3_06101,G_04437,en,FP_promptbench,0,0.9715509414672852,1,,,,
D3_06182,G_04438,en,FP_promptbench,0,0.9500480890274048,1,,,,
D3_06183,G_04439,en,FP_promptbench,0,0.9728613495826721,1,,,,
D3_06184,G_04440,en,FP_promptbench,0,0.964445173740387,1,,,,
D3_06185,G_04441,en,FP_promptbench,0,0.9755550622940063,1,,,,
D3_06186,G_04442,en,FP_promptbench,0,0.9778447151184082,1,,,,
D3_06187,G_04443,en,FP_promptbench,0,0.9765997529029846,1,,,,
D3_06188,G_01783,en,FP_promptbench,0,0.9581385850906372,1,,,,
D3_06189,G_03579,en,FP_promptbench,0,0.9776870608329773,1,,,,
D3_06190,G_01816,en,FP_promptbench,0,0.9764518737792969,1,,,,
D3_06191,G_03045,en,FP_promptbench,0,0.9773024320602417,1,,,,
D3_06192,G_01819,en,FP_promptbench,0,0.9790483713150024,1,,,,
D3_06194,G_01783,en,FP_promptbench,0,0.9468308687210083,1,,,,
D3_06197,G_04450,en,FP_promptbench,0,0.9767165184020996,1,,,,
D3_06199,G_04451,en,FP_promptbench,0,0.9776496887207031,1,,,,
D3_06200,G_01783,en,FP_promptbench,0,0.9520444273948669,1,,,,
D3_06203,G_03058,en,FP_promptbench,0,0.9760560393333435,1,,,,
D3_06204,G_01819,en,FP_promptbench,0,0.9786112904548645,1,,,,
D3_06205,G_03581,en,FP_promptbench,0,0.9782857894897461,1,,,,
D3_06206,G_04456,en,FP_promptbench,0,0.9225173592567444,1,,,,
D3_06207,G_04457,en,FP_promptbench,0,0.9714255928993225,1,,,,
D3_06208,G_04458,en,FP_promptbench,0,0.9720720052719116,1,,,,
D3_06209,G_03045,en,FP_promptbench,0,0.9732170104980469,1,,,,
D3_06211,G_04460,en,FP_promptbench,0,0.9784834384918213,1,,,,
D3_06212,G_04461,en,FP_promptbench,0,0.8123766779899597,1,,,,
D3_06213,G_04462,en,FP_promptbench,0,0.9740104079246521,1,,,,
D3_06215,G_04463,en,FP_promptbench,0,0.9768997430801392,1,,,,
D3_06217,G_04464,en,FP_promptbench,0,0.9751219153404236,1,,,,
D3_06298,G_04465,en,FP_promptbench,0,0.9706636071205139,1,,,,
D3_06299,G_04466,en,FP_promptbench,0,0.9672359228134155,1,,,,
D3_06300,G_04467,en,FP_promptbench,0,0.9736058115959167,1,,,,
D3_06301,G_04468,en,FP_promptbench,0,0.9715003371238708,1,,,,
D3_06302,G_04469,en,FP_promptbench,0,0.9751625061035156,1,,,,
D3_06303,G_04470,en,FP_promptbench,0,0.9704170227050781,1,,,,
D3_06304,G_03601,en,FP_promptbench,0,0.9744272232055664,1,,,,
D3_06305,G_01890,en,FP_promptbench,0,0.971595287322998,1,,,,
D3_06306,G_01896,en,FP_promptbench,0,0.9715749025344849,1,,,,
D3_06307,G_01903,en,FP_promptbench,0,0.9740501046180725,1,,,,
D3_06308,G_04475,en,FP_promptbench,0,0.9744485020637512,1,,,,
D3_06309,G_04476,en,FP_promptbench,0,0.9725871682167053,1,,,,
D3_06310,G_03601,en,FP_promptbench,0,0.973791241645813,1,,,,
D3_06311,G_01890,en,FP_promptbench,0,0.9734246730804443,1,,,,
D3_06312,G_01896,en,FP_promptbench,0,0.9696435332298279,1,,,,
D3_06313,G_04480,en,FP_promptbench,0,0.9727398753166199,1,,,,
D3_06315,G_04476,en,FP_promptbench,0,0.9721385836601257,1,,,,
D3_06317,G_04482,en,FP_promptbench,0,0.9722070693969727,1,,,,
D3_06318,G_04483,en,FP_promptbench,0,0.9708293080329895,1,,,,
D3_06319,G_01903,en,FP_promptbench,0,0.9737716913223267,1,,,,
D3_06320,G_04485,en,FP_promptbench,0,0.9763106107711792,1,,,,
D3_06321,G_04476,en,FP_promptbench,0,0.9729227423667908,1,,,,
D3_06322,G_04487,en,FP_promptbench,0,0.9734191298484802,1,,,,
D3_06323,G_04488,en,FP_promptbench,0,0.9719914793968201,1,,,,
D3_06324,G_04489,en,FP_promptbench,0,0.9684146046638489,1,,,,
D3_06325,G_04490,en,FP_promptbench,0,0.9727395176887512,1,,,,
D3_06326,G_04491,en,FP_promptbench,0,0.9765002727508545,1,,,,
D3_06327,G_04492,en,FP_promptbench,0,0.9731497168540955,1,,,,
D3_06328,G_04493,en,FP_promptbench,0,0.973414421081543,1,,,,
D3_06329,G_04494,en,FP_promptbench,0,0.9722514748573303,1,,,,
D3_06330,G_04495,en,FP_promptbench,0,0.9738796949386597,1,,,,
D3_06331,G_04496,en,FP_promptbench,0,0.9720730185508728,1,,,,
D3_06333,G_04497,en,FP_promptbench,0,0.9771237969398499,1,,,,
D3_06414,G_04498,en,FP_promptbench,0,0.9667646288871765,1,,,,
D3_06415,G_04499,en,FP_promptbench,0,0.9732720255851746,1,,,,
D3_06416,G_04500,en,FP_promptbench,0,0.9770962595939636,1,,,,
D3_06417,G_04501,en,FP_promptbench,0,0.9731249809265137,1,,,,
D3_06418,G_04502,en,FP_promptbench,0,0.9750826954841614,1,,,,
D3_06419,G_04503,en,FP_promptbench,0,0.969379723072052,1,,,,
D3_06420,G_03634,en,FP_promptbench,0,0.9754870533943176,1,,,,
D3_06421,G_02013,en,FP_promptbench,0,0.9752556681632996,1,,,,
D3_06422,G_02007,en,FP_promptbench,0,0.9768772125244141,1,,,,
D3_06423,G_02016,en,FP_promptbench,0,0.9735537171363831,1,,,,
D3_06424,G_03639,en,FP_promptbench,0,0.9766185283660889,1,,,,
D3_06425,G_04084,en,FP_promptbench,0,0.973193883895874,1,,,,
D3_06426,G_04510,en,FP_promptbench,0,0.9767215251922607,1,,,,
D3_06428,G_04511,en,FP_promptbench,0,0.9766098856925964,1,,,,
D3_06429,G_04512,en,FP_promptbench,0,0.9756735563278198,1,,,,
D3_06430,G_03639,en,FP_promptbench,0,0.977551281452179,1,,,,
D3_06431,G_04084,en,FP_promptbench,0,0.9712285995483398,1,,,,
D3_06432,G_03634,en,FP_promptbench,0,0.9752134680747986,1,,,,
D3_06433,G_02013,en,FP_promptbench,0,0.9767334461212158,1,,,,
D3_06434,G_02007,en,FP_promptbench,0,0.976983368396759,1,,,,
D3_06435,G_02016,en,FP_promptbench,0,0.9730005860328674,1,,,,
D3_06437,G_04084,en,FP_promptbench,0,0.9723748564720154,1,,,,
D3_06438,G_04520,en,FP_promptbench,0,0.975241482257843,1,,,,
D3_06439,G_02013,en,FP_promptbench,0,0.9733747839927673,1,,,,
D3_06440,G_04522,en,FP_promptbench,0,0.9748315811157227,1,,,,
D3_06441,G_04523,en,FP_promptbench,0,0.9733704924583435,1,,,,
D3_06442,G_04524,en,FP_promptbench,0,0.9769296646118164,1,,,,
D3_06443,G_04525,en,FP_promptbench,0,0.9748148322105408,1,,,,
D3_06444,G_04526,en,FP_promptbench,0,0.9751890897750854,1,,,,
D3_06445,G_04527,en,FP_promptbench,0,0.9537523984909058,1,,,,
D3_06446,G_04528,en,FP_promptbench,0,0.930916428565979,1,,,,
D3_06447,G_04529,en,FP_promptbench,0,0.9721587300300598,1,,,,
D3_06448,G_04530,en,FP_promptbench,0,0.9785028696060181,1,,,,
D3_06449,G_04531,en,FP_promptbench,0,0.9621998071670532,1,,,,
D3_06531,G_04532,en,FP_promptbench,0,0.9683493375778198,1,,,,
D3_06532,G_04533,en,FP_promptbench,0,0.9730141758918762,1,,,,
D3_06533,G_04534,en,FP_promptbench,0,0.9609678983688354,1,,,,
D3_06534,G_04535,en,FP_promptbench,0,0.9699805378913879,1,,,,
D3_06535,G_04536,en,FP_promptbench,0,0.9703977108001709,1,,,,
D3_06536,G_04537,en,FP_promptbench,0,0.9784265756607056,1,,,,
D3_06537,G_02119,en,FP_promptbench,0,0.9702123403549194,1,,,,
D3_06538,G_02126,en,FP_promptbench,0,0.9732576608657837,1,,,,
D3_06539,G_04540,en,FP_promptbench,0,0.9711017608642578,1,,,,
D3_06540,G_04541,en,FP_promptbench,0,0.971808910369873,1,,,,
D3_06541,G_04542,en,FP_promptbench,0,0.9710392355918884,1,,,,
D3_06542,G_03168,en,FP_promptbench,0,0.9765411019325256,1,,,,
D3_06543,G_04544,en,FP_promptbench,0,0.9586432576179504,1,,,,
D3_06544,G_04545,en,FP_promptbench,0,0.9756801128387451,1,,,,
D3_06546,G_02135,en,FP_promptbench,0,0.9516230821609497,1,,,,
D3_06547,G_04542,en,FP_promptbench,0,0.9710839986801147,1,,,,
D3_06548,G_04548,en,FP_promptbench,0,0.9762493371963501,1,,,,
D3_06550,G_04549,en,FP_promptbench,0,0.9745233058929443,1,,,,
D3_06552,G_02135,en,FP_promptbench,0,0.9726689457893372,1,,,,
D3_06553,G_04542,en,FP_promptbench,0,0.97162926197052,1,,,,
D3_06554,G_04552,en,FP_promptbench,0,0.9774519801139832,1,,,,
D3_06555,G_04553,en,FP_promptbench,0,0.9624375700950623,1,,,,
D3_06556,G_02126,en,FP_promptbench,0,0.9747442603111267,1,,,,
D3_06558,G_04555,en,FP_promptbench,0,0.9746511578559875,1,,,,
D3_06559,G_04556,en,FP_promptbench,0,0.9721546769142151,1,,,,
D3_06560,G_04557,en,FP_promptbench,0,0.976736307144165,1,,,,
D3_06561,G_04558,en,FP_promptbench,0,0.9601688981056213,1,,,,
D3_06562,G_04559,en,FP_promptbench,0,0.9724536538124084,1,,,,
D3_06563,G_04560,en,FP_promptbench,0,0.9693117141723633,1,,,,
D3_06564,G_04561,en,FP_promptbench,0,0.9717612862586975,1,,,,
D3_06565,G_04562,en,FP_promptbench,0,0.9700296521186829,1,,,,
D3_06566,G_04563,en,FP_promptbench,0,0.9770969748497009,1,,,,
D3_06648,G_04564,en,FP_promptbench,0,0.9734877347946167,1,,,,
D3_06649,G_04565,en,FP_promptbench,0,0.972022294998169,1,,,,
D3_06650,G_04566,en,FP_promptbench,0,0.9758387804031372,1,,,,
D3_06651,G_04567,en,FP_promptbench,0,0.978105902671814,1,,,,
D3_06652,G_04568,en,FP_promptbench,0,0.976803183555603,1,,,,
D3_06653,G_04569,en,FP_promptbench,0,0.9649850130081177,1,,,,
D3_06654,G_02235,en,FP_promptbench,0,0.9722842574119568,1,,,,
D3_06655,G_02239,en,FP_promptbench,0,0.9776028990745544,1,,,,
D3_06656,G_02243,en,FP_promptbench,0,0.9779208302497864,1,,,,
D3_06657,G_04642,en,FP_promptbench,0,0.9777387380599976,1,,,,
D3_06658,G_03281,en,FP_promptbench,0,0.9793300032615662,1,,,,
D3_06659,G_02249,en,FP_promptbench,0,0.9712551236152649,1,,,,
D3_06660,G_02235,en,FP_promptbench,0,0.9748907089233398,1,,,,
D3_06661,G_02239,en,FP_promptbench,0,0.9777444005012512,1,,,,
D3_06662,G_04578,en,FP_promptbench,0,0.9777194261550903,1,,,,
D3_06663,G_04579,en,FP_promptbench,0,0.976639449596405,1,,,,
D3_06665,G_02249,en,FP_promptbench,0,0.9675626754760742,1,,,,
D3_06666,G_04581,en,FP_promptbench,0,0.9727835059165955,1,,,,
D3_06669,G_04642,en,FP_promptbench,0,0.9782770276069641,1,,,,
D3_06671,G_02249,en,FP_promptbench,0,0.9704185128211975,1,,,,
D3_06672,G_04584,en,FP_promptbench,0,0.9705753326416016,1,,,,
D3_06673,G_04585,en,FP_promptbench,0,0.9781596064567566,1,,,,
D3_06674,G_02243,en,FP_promptbench,0,0.978339672088623,1,,,,
D3_06675,G_04587,en,FP_promptbench,0,0.9778940677642822,1,,,,
D3_06676,G_03281,en,FP_promptbench,0,0.9782835245132446,1,,,,
D3_06677,G_04589,en,FP_promptbench,0,0.9737313389778137,1,,,,
D3_06678,G_04590,en,FP_promptbench,0,0.9705761075019836,1,,,,
D3_06679,G_04591,en,FP_promptbench,0,0.978524386882782,1,,,,
D3_06680,G_04592,en,FP_promptbench,0,0.9784581065177917,1,,,,
D3_06681,G_04593,en,FP_promptbench,0,0.9793202877044678,1,,,,
D3_06682,G_03281,en,FP_promptbench,0,0.9788111448287964,1,,,,
D3_06683,G_04595,en,FP_promptbench,0,0.9726657867431641,1,,,,
D3_06764,G_04596,en,FP_promptbench,0,0.9668951034545898,1,,,,
D3_06765,G_04597,en,FP_promptbench,0,0.9533333778381348,1,,,,
D3_06766,G_04598,en,FP_promptbench,0,0.9652003049850464,1,,,,
D3_06767,G_04599,en,FP_promptbench,0,0.9647555351257324,1,,,,
D3_06768,G_04600,en,FP_promptbench,0,0.9709898829460144,1,,,,
D3_06769,G_04601,en,FP_promptbench,0,0.9609717726707458,1,,,,
D3_06770,G_04180,en,FP_promptbench,0,0.9714251756668091,1,,,,
D3_06771,G_02355,en,FP_promptbench,0,0.9700507521629333,1,,,,
D3_06772,G_03219,en,FP_promptbench,0,0.9753022789955139,1,,,,
D3_06773,G_04605,en,FP_promptbench,0,0.9658241868019104,1,,,,
D3_06774,G_03230,en,FP_promptbench,0,0.972224771976471,1,,,,
D3_06775,G_02363,en,FP_promptbench,0,0.9739108681678772,1,,,,
D3_06776,G_04180,en,FP_promptbench,0,0.9595921635627747,1,,,,
D3_06777,G_02355,en,FP_promptbench,0,0.9679514765739441,1,,,,
D3_06779,G_04610,en,FP_promptbench,0,0.9640222191810608,1,,,,
D3_06780,G_03230,en,FP_promptbench,0,0.9749640226364136,1,,,,
D3_06782,G_04612,en,FP_promptbench,0,0.9733635783195496,1,,,,
D3_06783,G_03255,en,FP_promptbench,0,0.9699499011039734,1,,,,
D3_06785,G_02364,en,FP_promptbench,0,0.9627882838249207,1,,,,
D3_06787,G_02363,en,FP_promptbench,0,0.9726980328559875,1,,,,
D3_06788,G_04180,en,FP_promptbench,0,0.8885250687599182,1,,,,
D3_06789,G_04617,en,FP_promptbench,0,0.9292752146720886,1,,,,
D3_06790,G_03219,en,FP_promptbench,0,0.9325647354125977,1,,,,
D3_06791,G_04619,en,FP_promptbench,0,0.9741371870040894,1,,,,
D3_06792,G_04620,en,FP_promptbench,0,0.7301440834999084,1,,,,
D3_06793,G_04621,en,FP_promptbench,0,0.9709974527359009,1,,,,
D3_06794,G_04622,en,FP_promptbench,0,0.8899818062782288,1,,,,
D3_06795,G_04623,en,FP_promptbench,0,0.9496086239814758,1,,,,
D3_06796,G_04624,en,FP_promptbench,0,0.9662021994590759,1,,,,
D3_06797,G_04625,en,FP_promptbench,0,0.8877491354942322,1,,,,
D3_06798,G_04626,en,FP_promptbench,0,0.9614785313606262,1,,,,
D3_06799,G_04627,en,FP_promptbench,0,0.9593967199325562,1,,,,
D3_06881,G_04628,en,FP_promptbench,0,0.9638598561286926,1,,,,
D3_06882,G_04629,en,FP_promptbench,0,0.967190682888031,1,,,,
D3_06883,G_04630,en,FP_promptbench,0,0.9694450497627258,1,,,,
D3_06884,G_04631,en,FP_promptbench,0,0.9775660037994385,1,,,,
D3_06885,G_04632,en,FP_promptbench,0,0.976811945438385,1,,,,
D3_06886,G_04633,en,FP_promptbench,0,0.9739336967468262,1,,,,
D3_06887,G_04639,en,FP_promptbench,0,0.9735071659088135,1,,,,
D3_06888,G_04635,en,FP_promptbench,0,0.9672496318817139,1,,,,
D3_06889,G_04636,en,FP_promptbench,0,0.9710245132446289,1,,,,
D3_06890,G_04637,en,FP_promptbench,0,0.9778202176094055,1,,,,
D3_06891,G_02468,en,FP_promptbench,0,0.9767672419548035,1,,,,
D3_06893,G_04639,en,FP_promptbench,0,0.9636811017990112,1,,,,
D3_06894,G_04635,en,FP_promptbench,0,0.9593958258628845,1,,,,
D3_06895,G_02242,en,FP_promptbench,0,0.9700404405593872,1,,,,
D3_06896,G_04642,en,FP_promptbench,0,0.9781344532966614,1,,,,
D3_06899,G_04643,en,FP_promptbench,0,0.9732874631881714,1,,,,
D3_06900,G_04644,en,FP_promptbench,0,0.9665539860725403,1,,,,
D3_06901,G_04645,en,FP_promptbench,0,0.9715574979782104,1,,,,
D3_06902,G_04642,en,FP_promptbench,0,0.9783148765563965,1,,,,
D3_06903,G_04647,en,FP_promptbench,0,0.9770916104316711,1,,,,
D3_06905,G_04639,en,FP_promptbench,0,0.9705336689949036,1,,,,
D3_06906,G_04635,en,FP_promptbench,0,0.9699772000312805,1,,,,
D3_06907,G_02242,en,FP_promptbench,0,0.9696486592292786,1,,,,
D3_06908,G_04651,en,FP_promptbench,0,0.9790202975273132,1,,,,
D3_06909,G_04652,en,FP_promptbench,0,0.9766555428504944,1,,,,
D3_06911,G_04653,en,FP_promptbench,0,0.9644001126289368,1,,,,
D3_06912,G_04654,en,FP_promptbench,0,0.9653621315956116,1,,,,
D3_06913,G_04655,en,FP_promptbench,0,0.970575213432312,1,,,,
D3_06914,G_04656,en,FP_promptbench,0,0.9790856242179871,1,,,,
D3_06915,G_02468,en,FP_promptbench,0,0.9770346879959106,1,,,,
D3_06997,G_04658,en,FP_promptbench,0,0.9440494179725647,1,,,,
D3_06998,G_04659,en,FP_promptbench,0,0.9747942090034485,1,,,,
D3_06999,G_04660,en,FP_promptbench,0,0.9736107587814331,1,,,,
D3_07000,G_04661,en,FP_promptbench,0,0.9738155603408813,1,,,,
D3_07001,G_04662,en,FP_promptbench,0,0.9745627045631409,1,,,,
D3_07002,G_04663,en,FP_promptbench,0,0.9738323092460632,1,,,,
D3_07003,G_02501,en,FP_promptbench,0,0.9683061838150024,1,,,,
D3_07004,G_02497,en,FP_promptbench,0,0.9762409329414368,1,,,,
D3_07005,G_02519,en,FP_promptbench,0,0.9720311164855957,1,,,,
D3_07006,G_02503,en,FP_promptbench,0,0.9747553467750549,1,,,,
D3_07007,G_03806,en,FP_promptbench,0,0.9747547507286072,1,,,,
D3_07008,G_02509,en,FP_promptbench,0,0.9754320979118347,1,,,,
D3_07009,G_02501,en,FP_promptbench,0,0.9728409647941589,1,,,,
D3_07010,G_04671,en,FP_promptbench,0,0.9767714738845825,1,,,,
D3_07011,G_04672,en,FP_promptbench,0,0.9730907082557678,1,,,,
D3_07012,G_04673,en,FP_promptbench,0,0.9750443696975708,1,,,,
D3_07013,G_04674,en,FP_promptbench,0,0.970452070236206,1,,,,
D3_07014,G_02509,en,FP_promptbench,0,0.9714990854263306,1,,,,
D3_07015,G_04676,en,FP_promptbench,0,0.9670544266700745,1,,,,
D3_07016,G_04677,en,FP_promptbench,0,0.976444661617279,1,,,,
D3_07020,G_04678,en,FP_promptbench,0,0.9748895764350891,1,,,,
D3_07021,G_02501,en,FP_promptbench,0,0.9630229473114014,1,,,,
D3_07022,G_04680,en,FP_promptbench,0,0.9775488972663879,1,,,,
D3_07023,G_02519,en,FP_promptbench,0,0.9738033413887024,1,,,,
D3_07024,G_04682,en,FP_promptbench,0,0.9754664897918701,1,,,,
D3_07025,G_03806,en,FP_promptbench,0,0.972586452960968,1,,,,
D3_07027,G_04684,en,FP_promptbench,0,0.9658969044685364,1,,,,
D3_07028,G_04685,en,FP_promptbench,0,0.9735199213027954,1,,,,
D3_07029,G_04686,en,FP_promptbench,0,0.9665928483009338,1,,,,
D3_07030,G_02503,en,FP_promptbench,0,0.972981870174408,1,,,,
D3_07031,G_04688,en,FP_promptbench,0,0.9730245471000671,1,,,,
D3_07032,G_04689,en,FP_promptbench,0,0.9714440703392029,1,,,,
D3_07113,G_04690,en,FP_promptbench,0,0.9761560559272766,1,,,,
D3_07114,G_04691,en,FP_promptbench,0,0.9768460988998413,1,,,,
D3_07115,G_04692,en,FP_promptbench,0,0.9756445288658142,1,,,,
D3_07116,G_02613,en,FP_promptbench,0,0.9750784635543823,1,,,,
D3_07117,G_04694,en,FP_promptbench,0,0.9790627956390381,1,,,,
D3_07118,G_04695,en,FP_promptbench,0,0.9787197709083557,1,,,,
D3_07119,G_02607,en,FP_promptbench,0,0.9745085835456848,1,,,,
D3_07120,G_02603,en,FP_promptbench,0,0.975936233997345,1,,,,
D3_07121,G_02610,en,FP_promptbench,0,0.9765620231628418,1,,,,
D3_07122,G_04699,en,FP_promptbench,0,0.9775670170783997,1,,,,
D3_07123,G_02613,en,FP_promptbench,0,0.9776332974433899,1,,,,
D3_07124,G_02621,en,FP_promptbench,0,0.9777852296829224,1,,,,
D3_07125,G_04702,en,FP_promptbench,0,0.9780558347702026,1,,,,
D3_07126,G_04703,en,FP_promptbench,0,0.9790442585945129,1,,,,
D3_07127,G_04704,en,FP_promptbench,0,0.977763295173645,1,,,,
D3_07128,G_04699,en,FP_promptbench,0,0.9782206416130066,1,,,,
D3_07129,G_04706,en,FP_promptbench,0,0.9790905714035034,1,,,,
D3_07131,G_04707,en,FP_promptbench,0,0.9746012091636658,1,,,,
D3_07132,G_04708,en,FP_promptbench,0,0.9765354990959167,1,,,,
D3_07133,G_02610,en,FP_promptbench,0,0.977371335029602,1,,,,
D3_07135,G_02613,en,FP_promptbench,0,0.97771155834198,1,,,,
D3_07137,G_04711,en,FP_promptbench,0,0.9752745032310486,1,,,,
D3_07138,G_02603,en,FP_promptbench,0,0.9748903512954712,1,,,,
D3_07139,G_04713,en,FP_promptbench,0,0.977728545665741,1,,,,
D3_07140,G_04714,en,FP_promptbench,0,0.9761868715286255,1,,,,
D3_07141,G_04715,en,FP_promptbench,0,0.9794045686721802,1,,,,
D3_07142,G_04716,en,FP_promptbench,0,0.9775854349136353,1,,,,
D3_07143,G_04717,en,FP_promptbench,0,0.9765055179595947,1,,,,
D3_07144,G_04718,en,FP_promptbench,0,0.9770781993865967,1,,,,
D3_07145,G_04719,en,FP_promptbench,0,0.9786938428878784,1,,,,
D3_07146,G_04720,en,FP_promptbench,0,0.9773015379905701,1,,,,
D3_07147,G_04721,en,FP_promptbench,0,0.9784940481185913,1,,,,
D3_07148,G_04722,en,FP_promptbench,0,0.9776850342750549,1,,,,
D3_07229,G_04723,en,FP_promptbench,0,0.9697771072387695,1,,,,
D3_07231,G_04724,en,FP_promptbench,0,0.9694378972053528,1,,,,
D3_07232,G_04725,en,FP_promptbench,0,0.9168881773948669,1,,,,
D3_07233,G_04726,en,FP_promptbench,0,0.9771340489387512,1,,,,
D3_07234,G_04727,en,FP_promptbench,0,0.9722676873207092,1,,,,
D3_07235,G_03387,en,FP_promptbench,0,0.970652163028717,1,,,,
D3_07236,G_04729,en,FP_promptbench,0,0.9684123992919922,1,,,,
D3_07237,G_03384,en,FP_promptbench,0,0.9699848890304565,1,,,,
D3_07238,G_04731,en,FP_promptbench,0,0.9753634929656982,1,,,,
D3_07239,G_04732,en,FP_promptbench,0,0.9762973785400391,1,,,,
D3_07240,G_02732,en,FP_promptbench,0,0.9668385982513428,1,,,,
D3_07241,G_04734,en,FP_promptbench,0,0.9758099913597107,1,,,,
D3_07243,G_04735,en,FP_promptbench,0,0.9708795547485352,1,,,,
D3_07244,G_04736,en,FP_promptbench,0,0.9742963910102844,1,,,,
D3_07245,G_04737,en,FP_promptbench,0,0.9740262031555176,1,,,,
D3_07246,G_04738,en,FP_promptbench,0,0.9778875708580017,1,,,,
D3_07247,G_04352,en,FP_promptbench,0,0.9747104644775391,1,,,,
D3_07249,G_04317,en,FP_promptbench,0,0.9728428721427917,1,,,,
D3_07252,G_04741,en,FP_promptbench,0,0.9742360711097717,1,,,,
D3_07253,G_04742,en,FP_promptbench,0,0.9635012745857239,1,,,,
D3_07255,G_04743,en,FP_promptbench,0,0.9710716009140015,1,,,,
D3_07256,G_04744,en,FP_promptbench,0,0.9757528901100159,1,,,,
D3_07257,G_02730,en,FP_promptbench,0,0.9744568467140198,1,,,,
D3_07258,G_04746,en,FP_promptbench,0,0.9720712900161743,1,,,,
D3_07259,G_04747,en,FP_promptbench,0,0.9768018126487732,1,,,,
D3_07261,G_04748,en,FP_promptbench,0,0.967484712600708,1,,,,
D3_07262,G_04749,en,FP_promptbench,0,0.9727474451065063,1,,,,
D3_07263,G_04750,en,FP_promptbench,0,0.9738028049468994,1,,,,
D3_07264,G_04751,en,FP_promptbench,0,0.9710958003997803,1,,,,
D3_07345,G_04752,en,FP_promptbench,0,0.9693214893341064,1,,,,
D3_07346,G_04753,en,FP_promptbench,0,0.9554873108863831,1,,,,
D3_07347,G_04754,en,FP_promptbench,0,0.9667338728904724,1,,,,
D3_07348,G_04755,en,FP_promptbench,0,0.9741290211677551,1,,,,
D3_07349,G_04756,en,FP_promptbench,0,0.9740204811096191,1,,,,
D3_07350,G_04757,en,FP_promptbench,0,0.9690204858779907,1,,,,
D3_07351,G_03384,en,FP_promptbench,0,0.9705159664154053,1,,,,
D3_07352,G_04759,en,FP_promptbench,0,0.9685007333755493,1,,,,
D3_07353,G_04760,en,FP_promptbench,0,0.966112494468689,1,,,,
D3_07354,G_04761,en,FP_promptbench,0,0.9550666213035583,1,,,,
D3_07355,G_04309,en,FP_promptbench,0,0.9727286100387573,1,,,,
D3_07356,G_04763,en,FP_promptbench,0,0.9745358824729919,1,,,,
D3_07357,G_04764,en,FP_promptbench,0,0.9680714011192322,1,,,,
D3_07358,G_02721,en,FP_promptbench,0,0.9698567390441895,1,,,,
D3_07359,G_04766,en,FP_promptbench,0,0.9648670554161072,1,,,,
D3_07360,G_04767,en,FP_promptbench,0,0.9746101498603821,1,,,,
D3_07361,G_04768,en,FP_promptbench,0,0.977350115776062,1,,,,
D3_07362,G_04769,en,FP_promptbench,0,0.9741916060447693,1,,,,
D3_07364,G_02759,en,FP_promptbench,0,0.9672679305076599,1,,,,
D3_07365,G_04771,en,FP_promptbench,0,0.9701934456825256,1,,,,
D3_07366,G_04772,en,FP_promptbench,0,0.9558724164962769,1,,,,
D3_07368,G_04773,en,FP_promptbench,0,0.9765396118164062,1,,,,
D3_07369,G_04774,en,FP_promptbench,0,0.9711788892745972,1,,,,
D3_07370,G_04775,en,FP_promptbench,0,0.9716501832008362,1,,,,
D3_07371,G_04776,en,FP_promptbench,0,0.9666475653648376,1,,,,
D3_07372,G_04777,en,FP_promptbench,0,0.9667208194732666,1,,,,
D3_07373,G_02738,en,FP_promptbench,0,0.9591431021690369,1,,,,
D3_07374,G_02737,en,FP_promptbench,0,0.975153386592865,1,,,,
D3_07375,G_04780,en,FP_promptbench,0,0.9689167737960815,1,,,,
D3_07376,G_04781,en,FP_promptbench,0,0.9721206426620483,1,,,,
D3_07377,G_04782,en,FP_promptbench,0,0.966459333896637,1,,,,
D3_07378,G_04783,en,FP_promptbench,0,0.9323662519454956,1,,,,
D3_07379,G_04784,en,FP_promptbench,0,0.9549808502197266,1,,,,
D3_07380,G_04785,en,FP_promptbench,0,0.9729659557342529,1,,,,
D3_07462,G_04786,en,FP_promptbench,0,0.9603348970413208,1,,,,
D3_07463,G_04787,en,FP_promptbench,0,0.9647755026817322,1,,,,
D3_07464,G_04788,en,FP_promptbench,0,0.9766464829444885,1,,,,
D3_07465,G_04789,en,FP_promptbench,0,0.9735089540481567,1,,,,
D3_07466,G_04790,en,FP_promptbench,0,0.9567684531211853,1,,,,
D3_07467,G_04791,en,FP_promptbench,0,0.9408150315284729,1,,,,
D3_07468,G_04792,en,FP_promptbench,0,0.9635780453681946,1,,,,
D3_07470,G_04793,en,FP_promptbench,0,0.9772816896438599,1,,,,
D3_07471,G_04794,en,FP_promptbench,0,0.9707932472229004,1,,,,
D3_07472,G_04795,en,FP_promptbench,0,0.9382269382476807,1,,,,
D3_07473,G_04796,en,FP_promptbench,0,0.9560773968696594,1,,,,
D3_07475,G_03470,en,FP_promptbench,0,0.9699186086654663,1,,,,
D3_07476,G_04798,en,FP_promptbench,0,0.9775393009185791,1,,,,
D3_07477,G_02872,en,FP_promptbench,0,0.9681493043899536,1,,,,
D3_07478,G_02867,en,FP_promptbench,0,0.9644570350646973,1,,,,
D3_07480,G_04801,en,FP_promptbench,0,0.9706414937973022,1,,,,
D3_07481,G_03508,en,FP_promptbench,0,0.972209632396698,1,,,,
D3_07482,G_04803,en,FP_promptbench,0,0.9779232740402222,1,,,,
D3_07483,G_04804,en,FP_promptbench,0,0.9737555384635925,1,,,,
D3_07484,G_04805,en,FP_promptbench,0,0.9640903472900391,1,,,,
D3_07485,G_02863,en,FP_promptbench,0,0.9480459094047546,1,,,,
D3_07486,G_04786,en,FP_promptbench,0,0.9558297991752625,1,,,,
D3_07487,G_04808,en,FP_promptbench,0,0.9691266417503357,1,,,,
D3_07488,G_04809,en,FP_promptbench,0,0.9783397912979126,1,,,,
D3_07490,G_04810,en,FP_promptbench,0,0.9664314985275269,1,,,,
D3_07491,G_04811,en,FP_promptbench,0,0.9621608257293701,1,,,,
D3_07493,G_04812,en,FP_promptbench,0,0.9671357870101929,1,,,,
D3_07494,G_02868,en,FP_promptbench,0,0.9764662981033325,1,,,,
D3_07495,G_04814,en,FP_promptbench,0,0.9653072953224182,1,,,,
D3_07576,G_04815,en,FP_promptbench,0,0.977218508720398,1,,,,
D3_07577,G_04816,en,FP_promptbench,0,0.9620069265365601,1,,,,
D3_07578,G_04817,en,FP_promptbench,0,0.9770448207855225,1,,,,
D3_07579,G_04818,en,FP_promptbench,0,0.9785037636756897,1,,,,
D3_07580,G_04819,en,FP_promptbench,0,0.9773275852203369,1,,,,
D3_07581,G_04820,en,FP_promptbench,0,0.9748714566230774,1,,,,
D3_07582,G_01667,en,FP_promptbench,0,0.9776901602745056,1,,,,
D3_07583,G_01663,en,FP_promptbench,0,0.9784925580024719,1,,,,
D3_07584,G_01666,en,FP_promptbench,0,0.9716199636459351,1,,,,
D3_07585,G_01679,en,FP_promptbench,0,0.9778555035591125,1,,,,
D3_07586,G_01680,en,FP_promptbench,0,0.9777215123176575,1,,,,
D3_07587,G_01676,en,FP_promptbench,0,0.9776111841201782,1,,,,
D3_07588,G_04827,en,FP_promptbench,0,0.9769437909126282,1,,,,
D3_07589,G_04828,en,FP_promptbench,0,0.9783531427383423,1,,,,
D3_07590,G_04829,en,FP_promptbench,0,0.9619110822677612,1,,,,
D3_07591,G_04830,en,FP_promptbench,0,0.9767107367515564,1,,,,
D3_07592,G_04831,en,FP_promptbench,0,0.9766237139701843,1,,,,
D3_07593,G_01676,en,FP_promptbench,0,0.9749754667282104,1,,,,
D3_07594,G_01667,en,FP_promptbench,0,0.9773724675178528,1,,,,
D3_07595,G_01663,en,FP_promptbench,0,0.9781477451324463,1,,,,
D3_07596,G_04835,en,FP_promptbench,0,0.9698365330696106,1,,,,
D3_07598,G_01680,en,FP_promptbench,0,0.9782159924507141,1,,,,
D3_07599,G_01676,en,FP_promptbench,0,0.977283775806427,1,,,,
D3_07600,G_04838,en,FP_promptbench,0,0.975911021232605,1,,,,
D3_07601,G_04839,en,FP_promptbench,0,0.946129322052002,1,,,,
D3_07602,G_04840,en,FP_promptbench,0,0.9789092540740967,1,,,,
D3_07603,G_04841,en,FP_promptbench,0,0.9778047204017639,1,,,,
D3_07604,G_04842,en,FP_promptbench,0,0.9764361381530762,1,,,,
D3_07605,G_04843,en,FP_promptbench,0,0.9775568842887878,1,,,,
D3_07606,G_04844,en,FP_promptbench,0,0.9750751852989197,1,,,,
D3_07607,G_04845,en,FP_promptbench,0,0.955864429473877,1,,,,
D3_07608,G_04846,en,FP_promptbench,0,0.9725245833396912,1,,,,
D3_07609,G_04847,en,FP_promptbench,0,0.9756121635437012,1,,,,
D3_07610,G_04848,en,FP_promptbench,0,0.9781572222709656,1,,,,
D3_07611,G_04849,en,FP_promptbench,0,0.9741887450218201,1,,,,
D3_07692,G_04850,en,FP_promptbench,0,0.9615456461906433,1,,,,
D3_07693,G_04851,en,FP_promptbench,0,0.9713161587715149,1,,,,
D3_07694,G_04852,en,FP_promptbench,0,0.9747722148895264,1,,,,
D3_07695,G_04853,en,FP_promptbench,0,0.9772486090660095,1,,,,
D3_07696,G_04854,en,FP_promptbench,0,0.9765750765800476,1,,,,
D3_07697,G_04855,en,FP_promptbench,0,0.978268027305603,1,,,,
D3_07698,G_01783,en,FP_promptbench,0,0.9686211943626404,1,,,,
D3_07699,G_03579,en,FP_promptbench,0,0.9770439267158508,1,,,,
D3_07700,G_01816,en,FP_promptbench,0,0.9769063591957092,1,,,,
D3_07701,G_03045,en,FP_promptbench,0,0.9768962264060974,1,,,,
D3_07702,G_01819,en,FP_promptbench,0,0.9788309931755066,1,,,,
D3_07703,G_01794,en,FP_promptbench,0,0.9782628417015076,1,,,,
D3_07704,G_04862,en,FP_promptbench,0,0.9666918516159058,1,,,,
D3_07706,G_04863,en,FP_promptbench,0,0.9734510183334351,1,,,,
D3_07707,G_04864,en,FP_promptbench,0,0.9738759398460388,1,,,,
D3_07709,G_04865,en,FP_promptbench,0,0.976284921169281,1,,,,
D3_07710,G_01783,en,FP_promptbench,0,0.9678845405578613,1,,,,
D3_07711,G_04867,en,FP_promptbench,0,0.9765318632125854,1,,,,
D3_07713,G_03045,en,FP_promptbench,0,0.976426362991333,1,,,,
D3_07714,G_01819,en,FP_promptbench,0,0.977605938911438,1,,,,
D3_07715,G_03581,en,FP_promptbench,0,0.9778856039047241,1,,,,
D3_07716,G_04871,en,FP_promptbench,0,0.8848530054092407,1,,,,
D3_07718,G_04872,en,FP_promptbench,0,0.9683830142021179,1,,,,
D3_07719,G_04873,en,FP_promptbench,0,0.9743036031723022,1,,,,
D3_07721,G_04874,en,FP_promptbench,0,0.9743556976318359,1,,,,
D3_07722,G_04875,en,FP_promptbench,0,0.9286254644393921,1,,,,
D3_07724,G_04876,en,FP_promptbench,0,0.9754794239997864,1,,,,
D3_07725,G_04877,en,FP_promptbench,0,0.9772045016288757,1,,,,
D3_07727,G_04878,en,FP_promptbench,0,0.977403461933136,1,,,,
D3_07809,G_04879,en,FP_promptbench,0,0.9733840227127075,1,,,,
D3_07810,G_04880,en,FP_promptbench,0,0.9776466488838196,1,,,,
D3_07811,G_04881,en,FP_promptbench,0,0.9741102457046509,1,,,,
D3_07812,G_04882,en,FP_promptbench,0,0.9648531675338745,1,,,,
D3_07813,G_04883,en,FP_promptbench,0,0.9679144620895386,1,,,,
D3_07814,G_04884,en,FP_promptbench,0,0.9716812968254089,1,,,,
D3_07815,G_01893,en,FP_promptbench,0,0.9612568616867065,1,,,,
D3_07816,G_03601,en,FP_promptbench,0,0.9753818511962891,1,,,,
D3_07817,G_01897,en,FP_promptbench,0,0.974428653717041,1,,,,
D3_07818,G_01903,en,FP_promptbench,0,0.973404586315155,1,,,,
D3_07819,G_04475,en,FP_promptbench,0,0.9742858409881592,1,,,,
D3_07820,G_04476,en,FP_promptbench,0,0.9716899394989014,1,,,,
D3_07821,G_04891,en,FP_promptbench,0,0.9592108726501465,1,,,,
D3_07822,G_04892,en,FP_promptbench,0,0.968582034111023,1,,,,
D3_07823,G_04893,en,FP_promptbench,0,0.9650142192840576,1,,,,
D3_07824,G_04894,en,FP_promptbench,0,0.9748073220252991,1,,,,
D3_07825,G_04895,en,FP_promptbench,0,0.9742393493652344,1,,,,
D3_07826,G_04476,en,FP_promptbench,0,0.9733692407608032,1,,,,
D3_07827,G_04897,en,FP_promptbench,0,0.9660638570785522,1,,,,
D3_07829,G_04898,en,FP_promptbench,0,0.9739058017730713,1,,,,
D3_07830,G_04899,en,FP_promptbench,0,0.9740400314331055,1,,,,
D3_07833,G_04900,en,FP_promptbench,0,0.9659634232521057,1,,,,
D3_07834,G_04901,en,FP_promptbench,0,0.9687645435333252,1,,,,
D3_07835,G_04902,en,FP_promptbench,0,0.9758007526397705,1,,,,
D3_07836,G_01903,en,FP_promptbench,0,0.9739869832992554,1,,,,
D3_07837,G_04904,en,FP_promptbench,0,0.9763801097869873,1,,,,
D3_07838,G_04905,en,FP_promptbench,0,0.9708960652351379,1,,,,
D3_07839,G_04906,en,FP_promptbench,0,0.9249619841575623,1,,,,
D3_07840,G_04907,en,FP_promptbench,0,0.9700377583503723,1,,,,
D3_07841,G_04908,en,FP_promptbench,0,0.9693698883056641,1,,,,
D3_07842,G_04909,en,FP_promptbench,0,0.973909318447113,1,,,,
D3_07843,G_04910,en,FP_promptbench,0,0.9764674305915833,1,,,,
D3_07844,G_04911,en,FP_promptbench,0,0.9688198566436768,1,,,,
D3_07925,G_04912,en,FP_promptbench,0,0.9724836349487305,1,,,,
D3_07926,G_04913,en,FP_promptbench,0,0.97358238697052,1,,,,
D3_07927,G_04914,en,FP_promptbench,0,0.9723652005195618,1,,,,
D3_07928,G_04915,en,FP_promptbench,0,0.9743713140487671,1,,,,
D3_07929,G_04916,en,FP_promptbench,0,0.9756684303283691,1,,,,
D3_07930,G_04917,en,FP_promptbench,0,0.9775298833847046,1,,,,
D3_07932,G_02011,en,FP_promptbench,0,0.9736218452453613,1,,,,
D3_07933,G_02014,en,FP_promptbench,0,0.9716807007789612,1,,,,
D3_07934,G_02016,en,FP_promptbench,0,0.9727861285209656,1,,,,
D3_07935,G_02020,en,FP_promptbench,0,0.9778882265090942,1,,,,
D3_07936,G_03639,en,FP_promptbench,0,0.9766809344291687,1,,,,
D3_07937,G_04923,en,FP_promptbench,0,0.9766339659690857,1,,,,
D3_07939,G_02014,en,FP_promptbench,0,0.9683862328529358,1,,,,
D3_07940,G_04925,en,FP_promptbench,0,0.9768142104148865,1,,,,
D3_07941,G_02020,en,FP_promptbench,0,0.9771910905838013,1,,,,
D3_07942,G_03639,en,FP_promptbench,0,0.9785499572753906,1,,,,
D3_07943,G_03634,en,FP_promptbench,0,0.9744869470596313,1,,,,
D3_07945,G_02014,en,FP_promptbench,0,0.9706675410270691,1,,,,
D3_07948,G_03639,en,FP_promptbench,0,0.9762675166130066,1,,,,
D3_07949,G_04931,en,FP_promptbench,0,0.971245527267456,1,,,,
D3_07950,G_04932,en,FP_promptbench,0,0.9748355150222778,1,,,,
D3_07951,G_04933,en,FP_promptbench,0,0.9693928360939026,1,,,,
D3_07952,G_04934,en,FP_promptbench,0,0.9767138957977295,1,,,,
D3_07953,G_04935,en,FP_promptbench,0,0.9771585464477539,1,,,,
D3_07954,G_04936,en,FP_promptbench,0,0.9781154990196228,1,,,,
D3_07955,G_04937,en,FP_promptbench,0,0.9766024947166443,1,,,,
D3_07956,G_04938,en,FP_promptbench,0,0.9725248217582703,1,,,,
D3_07957,G_04939,en,FP_promptbench,0,0.9673654437065125,1,,,,
D3_07958,G_04940,en,FP_promptbench,0,0.9753411412239075,1,,,,
D3_07959,G_04941,en,FP_promptbench,0,0.9759171605110168,1,,,,
D3_07960,G_04942,en,FP_promptbench,0,0.9727939963340759,1,,,,
D3_08042,G_04943,en,FP_promptbench,0,0.9637847542762756,1,,,,
D3_08043,G_04944,en,FP_promptbench,0,0.9661549925804138,1,,,,
D3_08044,G_04945,en,FP_promptbench,0,0.9632798433303833,1,,,,
D3_08045,G_04946,en,FP_promptbench,0,0.973120391368866,1,,,,
D3_08046,G_04947,en,FP_promptbench,0,0.9696827530860901,1,,,,
D3_08047,G_04948,en,FP_promptbench,0,0.9766942262649536,1,,,,
D3_08048,G_02119,en,FP_promptbench,0,0.9699108004570007,1,,,,
D3_08049,G_02128,en,FP_promptbench,0,0.9706087112426758,1,,,,
D3_08050,G_04962,en,FP_promptbench,0,0.9719486832618713,1,,,,
D3_08051,G_04542,en,FP_promptbench,0,0.9730719327926636,1,,,,
D3_08052,G_02135,en,FP_promptbench,0,0.9721924066543579,1,,,,
D3_08053,G_02150,en,FP_promptbench,0,0.9766057729721069,1,,,,
D3_08054,G_04955,en,FP_promptbench,0,0.9697889089584351,1,,,,
D3_08055,G_04956,en,FP_promptbench,0,0.966939389705658,1,,,,
D3_08056,G_04957,en,FP_promptbench,0,0.9671741724014282,1,,,,
D3_08057,G_04958,en,FP_promptbench,0,0.9722703695297241,1,,,,
D3_08058,G_04959,en,FP_promptbench,0,0.9752389788627625,1,,,,
D3_08059,G_02150,en,FP_promptbench,0,0.9784247875213623,1,,,,
D3_08061,G_04961,en,FP_promptbench,0,0.9699363708496094,1,,,,
D3_08062,G_04962,en,FP_promptbench,0,0.9712926745414734,1,,,,
D3_08064,G_02135,en,FP_promptbench,0,0.9723520874977112,1,,,,
D3_08066,G_04964,en,FP_promptbench,0,0.9622178077697754,1,,,,
D3_08067,G_04965,en,FP_promptbench,0,0.9706557393074036,1,,,,
D3_08068,G_04966,en,FP_promptbench,0,0.9687446355819702,1,,,,
D3_08069,G_04967,en,FP_promptbench,0,0.9711535573005676,1,,,,
D3_08070,G_04968,en,FP_promptbench,0,0.9689548015594482,1,,,,
D3_08071,G_04969,en,FP_promptbench,0,0.9777702689170837,1,,,,
D3_08072,G_04970,en,FP_promptbench,0,0.9627448916435242,1,,,,
D3_08073,G_04971,en,FP_promptbench,0,0.96875,1,,,,
D3_08074,G_04972,en,FP_promptbench,0,0.9692143201828003,1,,,,
D3_08075,G_04973,en,FP_promptbench,0,0.9714452028274536,1,,,,
D3_08076,G_04974,en,FP_promptbench,0,0.961533784866333,1,,,,
D3_08077,G_04975,en,FP_promptbench,0,0.9770900011062622,1,,,,
D3_08159,G_04976,en,FP_promptbench,0,0.9750246405601501,1,,,,
D3_08160,G_04977,en,FP_promptbench,0,0.976887047290802,1,,,,
D3_08161,G_04978,en,FP_promptbench,0,0.9751523733139038,1,,,,
D3_08162,G_04979,en,FP_promptbench,0,0.9757334589958191,1,,,,
D3_08163,G_04980,en,FP_promptbench,0,0.9777867794036865,1,,,,
D3_08164,G_04981,en,FP_promptbench,0,0.9773750901222229,1,,,,
D3_08165,G_02238,en,FP_promptbench,0,0.9754031896591187,1,,,,
D3_08166,G_02245,en,FP_promptbench,0,0.9776840209960938,1,,,,
D3_08167,G_04984,en,FP_promptbench,0,0.9777485132217407,1,,,,
D3_08168,G_04642,en,FP_promptbench,0,0.9775092601776123,1,,,,
D3_08169,G_03281,en,FP_promptbench,0,0.9793452024459839,1,,,,
D3_08171,G_02238,en,FP_promptbench,0,0.97772616147995,1,,,,
D3_08172,G_04988,en,FP_promptbench,0,0.9796527624130249,1,,,,
D3_08173,G_02239,en,FP_promptbench,0,0.9769465327262878,1,,,,
D3_08174,G_04642,en,FP_promptbench,0,0.9780054688453674,1,,,,
D3_08176,G_02252,en,FP_promptbench,0,0.9763261675834656,1,,,,
D3_08178,G_02245,en,FP_promptbench,0,0.9778849482536316,1,,,,
D3_08181,G_04993,en,FP_promptbench,0,0.9784963130950928,1,,,,
D3_08183,G_04994,en,FP_promptbench,0,0.9768704175949097,1,,,,
D3_08184,G_02245,en,FP_promptbench,0,0.9784024357795715,1,,,,
D3_08185,G_02239,en,FP_promptbench,0,0.9789397120475769,1,,,,
D3_08186,G_04651,en,FP_promptbench,0,0.9787171483039856,1,,,,
D3_08187,G_04998,en,FP_promptbench,0,0.9774096012115479,1,,,,
D3_08188,G_03281,en,FP_promptbench,0,0.9773083329200745,1,,,,
D3_08189,G_05000,en,FP_promptbench,0,0.975655734539032,1,,,,
D3_08190,G_05001,en,FP_promptbench,0,0.9779517650604248,1,,,,
D3_08191,G_05002,en,FP_promptbench,0,0.9781387448310852,1,,,,
D3_08192,G_05003,en,FP_promptbench,0,0.9758132696151733,1,,,,
D3_08193,G_05004,en,FP_promptbench,0,0.9777745008468628,1,,,,
D3_08194,G_05005,en,FP_promptbench,0,0.9755915999412537,1,,,,
D3_08275,G_05006,en,FP_promptbench,0,0.968643307685852,1,,,,
D3_08276,G_05007,en,FP_promptbench,0,0.9742110371589661,1,,,,
D3_08277,G_05008,en,FP_promptbench,0,0.9630118012428284,1,,,,
D3_08278,G_05009,en,FP_promptbench,0,0.9727287888526917,1,,,,
D3_08279,G_05010,en,FP_promptbench,0,0.9759038686752319,1,,,,
D3_08280,G_05011,en,FP_promptbench,0,0.9652413129806519,1,,,,
D3_08282,G_03219,en,FP_promptbench,0,0.9767873883247375,1,,,,
D3_08283,G_05013,en,FP_promptbench,0,0.9744634032249451,1,,,,
D3_08284,G_02363,en,FP_promptbench,0,0.9753343462944031,1,,,,
D3_08285,G_05015,en,FP_promptbench,0,0.9721828699111938,1,,,,
D3_08286,G_02364,en,FP_promptbench,0,0.9739503264427185,1,,,,
D3_08287,G_05017,en,FP_promptbench,0,0.9552661776542664,1,,,,
D3_08289,G_02354,en,FP_promptbench,0,0.970000147819519,1,,,,
D3_08290,G_05019,en,FP_promptbench,0,0.9664887189865112,1,,,,
D3_08291,G_03230,en,FP_promptbench,0,0.9688933491706848,1,,,,
D3_08292,G_05021,en,FP_promptbench,0,0.9740380048751831,1,,,,
D3_08293,G_03751,en,FP_promptbench,0,0.9751137495040894,1,,,,
D3_08295,G_03750,en,FP_promptbench,0,0.9738996624946594,1,,,,
D3_08297,G_02391,en,FP_promptbench,0,0.9757393598556519,1,,,,
D3_08298,G_02364,en,FP_promptbench,0,0.976070761680603,1,,,,
D3_08299,G_05026,en,FP_promptbench,0,0.9670435786247253,1,,,,
D3_08300,G_05027,en,FP_promptbench,0,0.9718756675720215,1,,,,
D3_08301,G_05028,en,FP_promptbench,0,0.9748558402061462,1,,,,
D3_08302,G_05029,en,FP_promptbench,0,0.9662200212478638,1,,,,
D3_08303,G_05030,en,FP_promptbench,0,0.9767025113105774,1,,,,
D3_08304,G_05031,en,FP_promptbench,0,0.9758824110031128,1,,,,
D3_08305,G_05032,en,FP_promptbench,0,0.9587812423706055,1,,,,
D3_08306,G_05033,en,FP_promptbench,0,0.9694905281066895,1,,,,
D3_08307,G_05034,en,FP_promptbench,0,0.9709538221359253,1,,,,
D3_08308,G_05035,en,FP_promptbench,0,0.9709581136703491,1,,,,
D3_08309,G_05036,en,FP_promptbench,0,0.9707272052764893,1,,,,
D3_08310,G_05037,en,FP_promptbench,0,0.9767574667930603,1,,,,
D3_08392,G_05038,en,FP_promptbench,0,0.9635729789733887,1,,,,
D3_08393,G_05039,en,FP_promptbench,0,0.9751895666122437,1,,,,
D3_08394,G_05040,en,FP_promptbench,0,0.9693212509155273,1,,,,
D3_08395,G_05041,en,FP_promptbench,0,0.9756693243980408,1,,,,
D3_08396,G_05042,en,FP_promptbench,0,0.9755452275276184,1,,,,
D3_08397,G_05043,en,FP_promptbench,0,0.9763784408569336,1,,,,
D3_08398,G_04639,en,FP_promptbench,0,0.9735797047615051,1,,,,
D3_08400,G_02235,en,FP_promptbench,0,0.971805989742279,1,,,,
D3_08402,G_03183,en,FP_promptbench,0,0.9756104350090027,1,,,,
D3_08403,G_04642,en,FP_promptbench,0,0.9775325059890747,1,,,,
D3_08404,G_04639,en,FP_promptbench,0,0.9663761854171753,1,,,,
D3_08405,G_02238,en,FP_promptbench,0,0.9759467840194702,1,,,,
D3_08407,G_02277,en,FP_promptbench,0,0.9771364331245422,1,,,,
D3_08408,G_05051,en,FP_promptbench,0,0.9776118993759155,1,,,,
D3_08409,G_04642,en,FP_promptbench,0,0.9772602915763855,1,,,,
D3_08414,G_05053,en,FP_promptbench,0,0.9766380786895752,1,,,,
D3_08416,G_04639,en,FP_promptbench,0,0.9743471741676331,1,,,,
D3_08417,G_05055,en,FP_promptbench,0,0.9766653776168823,1,,,,
D3_08419,G_05056,en,FP_promptbench,0,0.9742531776428223,1,,,,
D3_08420,G_05057,en,FP_promptbench,0,0.9756115078926086,1,,,,
D3_08421,G_02468,en,FP_promptbench,0,0.9773329496383667,1,,,,
D3_08422,G_05059,en,FP_promptbench,0,0.9706120491027832,1,,,,
D3_08423,G_05060,en,FP_promptbench,0,0.9732626080513,1,,,,
D3_08424,G_02235,en,FP_promptbench,0,0.9709383249282837,1,,,,
D3_08425,G_05062,en,FP_promptbench,0,0.9736011624336243,1,,,,
D3_08426,G_05063,en,FP_promptbench,0,0.9769468903541565,1,,,,
D3_08427,G_05064,en,FP_promptbench,0,0.9771280288696289,1,,,,
D3_08508,G_05065,en,FP_promptbench,0,0.9691599011421204,1,,,,
D3_08509,G_05066,en,FP_promptbench,0,0.9693558812141418,1,,,,
D3_08510,G_05067,en,FP_promptbench,0,0.9727101922035217,1,,,,
D3_08511,G_03806,en,FP_promptbench,0,0.9748507142066956,1,,,,
D3_08512,G_05069,en,FP_promptbench,0,0.9740259051322937,1,,,,
D3_08513,G_05070,en,FP_promptbench,0,0.9743146896362305,1,,,,
D3_08514,G_02501,en,FP_promptbench,0,0.9679543375968933,1,,,,
D3_08515,G_02493,en,FP_promptbench,0,0.9730768799781799,1,,,,
D3_08516,G_02502,en,FP_promptbench,0,0.9744268655776978,1,,,,
D3_08517,G_03806,en,FP_promptbench,0,0.9758527874946594,1,,,,
D3_08518,G_02508,en,FP_promptbench,0,0.9761999249458313,1,,,,
D3_08519,G_02509,en,FP_promptbench,0,0.9741702079772949,1,,,,
D3_08520,G_02501,en,FP_promptbench,0,0.9721966981887817,1,,,,
D3_08521,G_02493,en,FP_promptbench,0,0.9708845019340515,1,,,,
D3_08522,G_02502,en,FP_promptbench,0,0.9734156727790833,1,,,,
D3_08523,G_03806,en,FP_promptbench,0,0.9733913540840149,1,,,,
D3_08524,G_02508,en,FP_promptbench,0,0.9768124222755432,1,,,,
D3_08525,G_05082,en,FP_promptbench,0,0.975151002407074,1,,,,
D3_08528,G_05083,en,FP_promptbench,0,0.9752042889595032,1,,,,
D3_08529,G_05084,en,FP_promptbench,0,0.9744763374328613,1,,,,
D3_08530,G_05085,en,FP_promptbench,0,0.9770678281784058,1,,,,
D3_08532,G_05086,en,FP_promptbench,0,0.9718263745307922,1,,,,
D3_08533,G_02493,en,FP_promptbench,0,0.9735299944877625,1,,,,
D3_08534,G_05088,en,FP_promptbench,0,0.9690641760826111,1,,,,
D3_08535,G_03806,en,FP_promptbench,0,0.9731695652008057,1,,,,
D3_08536,G_05090,en,FP_promptbench,0,0.9737721681594849,1,,,,
D3_08537,G_02509,en,FP_promptbench,0,0.9767186641693115,1,,,,
D3_08538,G_05092,en,FP_promptbench,0,0.9661573171615601,1,,,,
D3_08539,G_05093,en,FP_promptbench,0,0.9725456833839417,1,,,,
D3_08540,G_05094,en,FP_promptbench,0,0.9735236763954163,1,,,,
D3_08541,G_05095,en,FP_promptbench,0,0.9733964800834656,1,,,,
D3_08542,G_05096,en,FP_promptbench,0,0.9770066142082214,1,,,,
D3_08543,G_05097,en,FP_promptbench,0,0.9743009209632874,1,,,,
D3_08624,G_05098,en,FP_promptbench,0,0.9768301248550415,1,,,,
D3_08625,G_05099,en,FP_promptbench,0,0.9759376049041748,1,,,,
D3_08626,G_05100,en,FP_promptbench,0,0.9763665199279785,1,,,,
D3_08627,G_05101,en,FP_promptbench,0,0.9766256809234619,1,,,,
D3_08628,G_05102,en,FP_promptbench,0,0.9785753488540649,1,,,,
D3_08629,G_05103,en,FP_promptbench,0,0.9792683720588684,1,,,,
D3_08630,G_03339,en,FP_promptbench,0,0.9762300252914429,1,,,,
D3_08631,G_02610,en,FP_promptbench,0,0.9766173958778381,1,,,,
D3_08632,G_04271,en,FP_promptbench,0,0.9766422510147095,1,,,,
D3_08633,G_02622,en,FP_promptbench,0,0.9777635335922241,1,,,,
D3_08634,G_02619,en,FP_promptbench,0,0.9795096516609192,1,,,,
D3_08635,G_05109,en,FP_promptbench,0,0.9788410663604736,1,,,,
D3_08636,G_05110,en,FP_promptbench,0,0.9782004952430725,1,,,,
D3_08637,G_05111,en,FP_promptbench,0,0.9773290753364563,1,,,,
D3_08638,G_04271,en,FP_promptbench,0,0.9753647446632385,1,,,,
D3_08639,G_05113,en,FP_promptbench,0,0.9787539839744568,1,,,,
D3_08640,G_02619,en,FP_promptbench,0,0.9798334836959839,1,,,,
D3_08641,G_02615,en,FP_promptbench,0,0.978500247001648,1,,,,
D3_08642,G_04708,en,FP_promptbench,0,0.9764684438705444,1,,,,
D3_08643,G_04281,en,FP_promptbench,0,0.976328432559967,1,,,,
D3_08644,G_04271,en,FP_promptbench,0,0.9756761789321899,1,,,,
D3_08645,G_05119,en,FP_promptbench,0,0.976334810256958,1,,,,
D3_08646,G_05120,en,FP_promptbench,0,0.9796969294548035,1,,,,
D3_08647,G_03851,en,FP_promptbench,0,0.9788418412208557,1,,,,
D3_08648,G_05122,en,FP_promptbench,0,0.9771249294281006,1,,,,
D3_08649,G_05123,en,FP_promptbench,0,0.9767814874649048,1,,,,
D3_08650,G_03339,en,FP_promptbench,0,0.9769741892814636,1,,,,
D3_08651,G_05125,en,FP_promptbench,0,0.9763595461845398,1,,,,
D3_08652,G_02619,en,FP_promptbench,0,0.9796273708343506,1,,,,
D3_08653,G_02615,en,FP_promptbench,0,0.9797747731208801,1,,,,
D3_08654,G_05128,en,FP_promptbench,0,0.9781027436256409,1,,,,
D3_08655,G_05129,en,FP_promptbench,0,0.9780067205429077,1,,,,
D3_08656,G_05130,en,FP_promptbench,0,0.9731873273849487,1,,,,
D3_08657,G_05131,en,FP_promptbench,0,0.9761222004890442,1,,,,
D3_08658,G_05132,en,FP_promptbench,0,0.9788001775741577,1,,,,
D3_08659,G_05133,en,FP_promptbench,0,0.9772157669067383,1,,,,
D3_08740,G_05134,en,FP_promptbench,0,0.9669319987297058,1,,,,
D3_08741,G_05135,en,FP_promptbench,0,0.9716594219207764,1,,,,
D3_08742,G_05136,en,FP_promptbench,0,0.9671638011932373,1,,,,
D3_08743,G_05137,en,FP_promptbench,0,0.9720008969306946,1,,,,
D3_08744,G_05138,en,FP_promptbench,0,0.97577965259552,1,,,,
D3_08745,G_05139,en,FP_promptbench,0,0.975510835647583,1,,,,
D3_08746,G_03387,en,FP_promptbench,0,0.971983015537262,1,,,,
D3_08747,G_03384,en,FP_promptbench,0,0.9689722657203674,1,,,,
D3_08748,G_05142,en,FP_promptbench,0,0.9684736728668213,1,,,,
D3_08749,G_02760,en,FP_promptbench,0,0.9740210175514221,1,,,,
D3_08750,G_05144,en,FP_promptbench,0,0.9746713042259216,1,,,,
D3_08751,G_05145,en,FP_promptbench,0,0.9743994474411011,1,,,,
D3_08752,G_05146,en,FP_promptbench,0,0.9656648635864258,1,,,,
D3_08753,G_03384,en,FP_promptbench,0,0.9693088531494141,1,,,,
D3_08754,G_05148,en,FP_promptbench,0,0.9685795903205872,1,,,,
D3_08755,G_05149,en,FP_promptbench,0,0.971866250038147,1,,,,
D3_08756,G_05150,en,FP_promptbench,0,0.9763156175613403,1,,,,
D3_08757,G_05151,en,FP_promptbench,0,0.9728785157203674,1,,,,
D3_08762,G_05152,en,FP_promptbench,0,0.9754155874252319,1,,,,
D3_08763,G_04773,en,FP_promptbench,0,0.9758544564247131,1,,,,
D3_08764,G_05154,en,FP_promptbench,0,0.9730411171913147,1,,,,
D3_08765,G_05155,en,FP_promptbench,0,0.9724938869476318,1,,,,
D3_08766,G_05156,en,FP_promptbench,0,0.9670703411102295,1,,,,
D3_08767,G_05157,en,FP_promptbench,0,0.9737278819084167,1,,,,
D3_08768,G_02735,en,FP_promptbench,0,0.9731787443161011,1,,,,
D3_08769,G_05159,en,FP_promptbench,0,0.9743461608886719,1,,,,
D3_08770,G_05160,en,FP_promptbench,0,0.9747093319892883,1,,,,
D3_08771,G_05161,en,FP_promptbench,0,0.9758559465408325,1,,,,
D3_08772,G_05162,en,FP_promptbench,0,0.9760773777961731,1,,,,
D3_08773,G_05163,en,FP_promptbench,0,0.9738373756408691,1,,,,
D3_08774,G_05164,en,FP_promptbench,0,0.9740887880325317,1,,,,
D3_08775,G_05165,en,FP_promptbench,0,0.9746526479721069,1,,,,
D3_08856,G_05166,en,FP_promptbench,0,0.9677910804748535,1,,,,
D3_08857,G_05167,en,FP_promptbench,0,0.9714012145996094,1,,,,
D3_08858,G_02726,en,FP_promptbench,0,0.9685536026954651,1,,,,
D3_08859,G_05169,en,FP_promptbench,0,0.9737755656242371,1,,,,
D3_08860,G_05170,en,FP_promptbench,0,0.9753222465515137,1,,,,
D3_08861,G_05171,en,FP_promptbench,0,0.9722148180007935,1,,,,
D3_08862,G_02827,en,FP_promptbench,0,0.9738141298294067,1,,,,
D3_08863,G_05173,en,FP_promptbench,0,0.9726516604423523,1,,,,
D3_08864,G_05174,en,FP_promptbench,0,0.9670249819755554,1,,,,
D3_08865,G_02732,en,FP_promptbench,0,0.9698439240455627,1,,,,
D3_08866,G_02730,en,FP_promptbench,0,0.9768834114074707,1,,,,
D3_08867,G_05177,en,FP_promptbench,0,0.9722752571105957,1,,,,
D3_08868,G_02827,en,FP_promptbench,0,0.9727838635444641,1,,,,
D3_08869,G_03915,en,FP_promptbench,0,0.9722919464111328,1,,,,
D3_08870,G_05180,en,FP_promptbench,0,0.9762268662452698,1,,,,
D3_08871,G_05181,en,FP_promptbench,0,0.9728542566299438,1,,,,
D3_08872,G_05182,en,FP_promptbench,0,0.9751802682876587,1,,,,
D3_08873,G_02738,en,FP_promptbench,0,0.9765598177909851,1,,,,
D3_08875,G_03915,en,FP_promptbench,0,0.9743247628211975,1,,,,
D3_08876,G_05185,en,FP_promptbench,0,0.9697908163070679,1,,,,
D3_08877,G_04741,en,FP_promptbench,0,0.9741685390472412,1,,,,
D3_08878,G_02761,en,FP_promptbench,0,0.9779070615768433,1,,,,
D3_08880,G_05188,en,FP_promptbench,0,0.9706404805183411,1,,,,
D3_08881,G_05189,en,FP_promptbench,0,0.9736012816429138,1,,,,
D3_08882,G_05190,en,FP_promptbench,0,0.9680820107460022,1,,,,
D3_08883,G_05191,en,FP_promptbench,0,0.9727908372879028,1,,,,
D3_08884,G_05192,en,FP_promptbench,0,0.9780173301696777,1,,,,
D3_08885,G_05193,en,FP_promptbench,0,0.97533118724823,1,,,,
D3_08886,G_05194,en,FP_promptbench,0,0.9717331528663635,1,,,,
D3_08887,G_05195,en,FP_promptbench,0,0.9731569290161133,1,,,,
D3_08888,G_05196,en,FP_promptbench,0,0.967025876045227,1,,,,
D3_08889,G_05197,en,FP_promptbench,0,0.9696834087371826,1,,,,
D3_08890,G_05198,en,FP_promptbench,0,0.9760034084320068,1,,,,
D3_08891,G_05199,en,FP_promptbench,0,0.9635128974914551,1,,,,
D3_08972,G_05200,en,FP_promptbench,0,0.9431539177894592,1,,,,
D3_08973,G_05201,en,FP_promptbench,0,0.9320282936096191,1,,,,
D3_08974,G_05202,en,FP_promptbench,0,0.9571712613105774,1,,,,
D3_08975,G_05203,en,FP_promptbench,0,0.9681662917137146,1,,,,
D3_08976,G_05204,en,FP_promptbench,0,0.967886209487915,1,,,,
D3_08977,G_05205,en,FP_promptbench,0,0.9661444425582886,1,,,,
D3_08978,G_05206,en,FP_promptbench,0,0.9647236466407776,1,,,,
D3_08979,G_05207,en,FP_promptbench,0,0.944857120513916,1,,,,
D3_08980,G_05208,en,FP_promptbench,0,0.9683455228805542,1,,,,
D3_08981,G_05209,en,FP_promptbench,0,0.9705434441566467,1,,,,
D3_08982,G_05210,en,FP_promptbench,0,0.9687003493309021,1,,,,
D3_08983,G_02871,en,FP_promptbench,0,0.9727599620819092,1,,,,
D3_08984,G_05212,en,FP_promptbench,0,0.9636444449424744,1,,,,
D3_08985,G_05213,en,FP_promptbench,0,0.9472926259040833,1,,,,
D3_08986,G_03470,en,FP_promptbench,0,0.967470645904541,1,,,,
D3_08987,G_02872,en,FP_promptbench,0,0.9646608829498291,1,,,,
D3_08988,G_02864,en,FP_promptbench,0,0.9660421013832092,1,,,,
D3_08989,G_05217,en,FP_promptbench,0,0.9688491821289062,1,,,,
D3_08990,G_05218,en,FP_promptbench,0,0.9701101183891296,1,,,,
D3_08991,G_05219,en,FP_promptbench,0,0.9557886123657227,1,,,,
D3_08993,G_05220,en,FP_promptbench,0,0.9747236371040344,1,,,,
D3_08995,G_05221,en,FP_promptbench,0,0.9720978736877441,1,,,,
D3_08996,G_05222,en,FP_promptbench,0,0.9647542834281921,1,,,,
D3_08997,G_05223,en,FP_promptbench,0,0.9359826445579529,1,,,,
D3_08998,G_05224,en,FP_promptbench,0,0.9703969359397888,1,,,,
D3_08999,G_05225,en,FP_promptbench,0,0.9695995450019836,1,,,,
D3_09000,G_05226,en,FP_promptbench,0,0.9690881371498108,1,,,,
D3_09001,G_05227,en,FP_promptbench,0,0.9703815579414368,1,,,,
D3_09002,G_05228,en,FP_promptbench,0,0.9645804762840271,1,,,,
D3_09003,G_05229,en,FP_promptbench,0,0.9659075736999512,1,,,,
D3_09004,G_05230,en,FP_promptbench,0,0.9632102847099304,1,,,,
D3_09005,G_05231,en,FP_promptbench,0,0.971071720123291,1,,,,
D3_09006,G_05232,en,FP_promptbench,0,0.9759447574615479,1,,,,
D3_09007,G_05233,en,FP_promptbench,0,0.9750387072563171,1,,,,
D3_09088,G_05234,en,FP_promptbench,0,0.9568044543266296,1,,,,
D3_09089,G_05235,en,FP_promptbench,0,0.9652649760246277,1,,,,
D3_09090,G_05236,en,FP_promptbench,0,0.9587160348892212,1,,,,
D3_09091,G_05237,en,FP_promptbench,0,0.974854588508606,1,,,,
D3_09092,G_05238,en,FP_promptbench,0,0.9662847518920898,1,,,,
D3_09093,G_05239,en,FP_promptbench,0,0.9757969379425049,1,,,,
D3_09094,G_01666,en,FP_promptbench,0,0.9685462117195129,1,,,,
D3_09095,G_01671,en,FP_promptbench,0,0.9703720211982727,1,,,,
D3_09096,G_01662,en,FP_promptbench,0,0.9710899591445923,1,,,,
D3_09097,G_01677,en,FP_promptbench,0,0.9745941758155823,1,,,,
D3_09098,G_01698,en,FP_promptbench,0,0.9728701710700989,1,,,,
D3_09099,G_01678,en,FP_promptbench,0,0.9763254523277283,1,,,,
D3_09100,G_05246,en,FP_promptbench,0,0.9336220622062683,1,,,,
D3_09101,G_05247,en,FP_promptbench,0,0.9518632292747498,1,,,,
D3_09102,G_05248,en,FP_promptbench,0,0.9616327285766602,1,,,,
D3_09103,G_05249,en,FP_promptbench,0,0.9761645793914795,1,,,,
D3_09104,G_05250,en,FP_promptbench,0,0.9742783904075623,1,,,,
D3_09105,G_05251,en,FP_promptbench,0,0.9756019711494446,1,,,,
D3_09106,G_03983,en,FP_promptbench,0,0.9727852940559387,1,,,,
D3_09107,G_01671,en,FP_promptbench,0,0.9738879203796387,1,,,,
D3_09109,G_01677,en,FP_promptbench,0,0.9728459119796753,1,,,,
D3_09110,G_01698,en,FP_promptbench,0,0.9727048873901367,1,,,,
D3_09111,G_01678,en,FP_promptbench,0,0.9775688052177429,1,,,,
D3_09112,G_05257,en,FP_promptbench,0,0.9708535671234131,1,,,,
D3_09113,G_05258,en,FP_promptbench,0,0.967678427696228,1,,,,
D3_09114,G_05259,en,FP_promptbench,0,0.8933607339859009,1,,,,
D3_09115,G_05260,en,FP_promptbench,0,0.9745410680770874,1,,,,
D3_09116,G_05261,en,FP_promptbench,0,0.9741966724395752,1,,,,
D3_09117,G_01678,en,FP_promptbench,0,0.9750535488128662,1,,,,
D3_09118,G_05263,en,FP_promptbench,0,0.8400091528892517,1,,,,
D3_09119,G_05264,en,FP_promptbench,0,0.9572285413742065,1,,,,
D3_09120,G_05265,en,FP_promptbench,0,0.9420450925827026,1,,,,
D3_09121,G_05266,en,FP_promptbench,0,0.9698542356491089,1,,,,
D3_09122,G_05267,en,FP_promptbench,0,0.9706995487213135,1,,,,
D3_09123,G_05268,en,FP_promptbench,0,0.9738556146621704,1,,,,
D3_09203,G_05269,en,FP_promptbench,0,0.9259439706802368,1,,,,
D3_09204,G_05270,en,FP_promptbench,0,0.8476334810256958,1,,,,
D3_09206,G_05271,en,FP_promptbench,0,0.9718181490898132,1,,,,
D3_09207,G_05272,en,FP_promptbench,0,0.9735797047615051,1,,,,
D3_09208,G_05273,en,FP_promptbench,0,0.9748806357383728,1,,,,
D3_09209,G_01803,en,FP_promptbench,0,0.9671859741210938,1,,,,
D3_09210,G_01785,en,FP_promptbench,0,0.9332419037818909,1,,,,
D3_09211,G_01780,en,FP_promptbench,0,0.944667398929596,1,,,,
D3_09212,G_01793,en,FP_promptbench,0,0.9751847982406616,1,,,,
D3_09213,G_01790,en,FP_promptbench,0,0.9753401279449463,1,,,,
D3_09214,G_03045,en,FP_promptbench,0,0.9774401187896729,1,,,,
D3_09215,G_01815,en,FP_promptbench,0,0.9688723087310791,1,,,,
D3_09216,G_05281,en,FP_promptbench,0,0.9653624892234802,1,,,,
D3_09217,G_05282,en,FP_promptbench,0,0.961361289024353,1,,,,
D3_09218,G_05283,en,FP_promptbench,0,0.9762541055679321,1,,,,
D3_09219,G_05284,en,FP_promptbench,0,0.9726382493972778,1,,,,
D3_09221,G_05285,en,FP_promptbench,0,0.9630207419395447,1,,,,
D3_09222,G_05286,en,FP_promptbench,0,0.9029074311256409,1,,,,
D3_09224,G_05287,en,FP_promptbench,0,0.9761008620262146,1,,,,
D3_09225,G_05288,en,FP_promptbench,0,0.9750032424926758,1,,,,
D3_09226,G_05289,en,FP_promptbench,0,0.9750320315361023,1,,,,
D3_09227,G_05290,en,FP_promptbench,0,0.8992531299591064,1,,,,
D3_09228,G_05291,en,FP_promptbench,0,0.7645236253738403,1,,,,
D3_09230,G_05292,en,FP_promptbench,0,0.9654579162597656,1,,,,
D3_09231,G_05293,en,FP_promptbench,0,0.972246527671814,1,,,,
D3_09232,G_05294,en,FP_promptbench,0,0.9759340286254883,1,,,,
D3_09253,G_05295,en,FP_promptbench,0,0.9677355885505676,1,,,,
D3_09254,G_05296,en,FP_promptbench,0,0.9674819111824036,1,,,,
D3_09255,G_05297,en,FP_promptbench,0,0.974514365196228,1,,,,
D3_09256,G_05298,en,FP_promptbench,0,0.9741931557655334,1,,,,
D3_09257,G_05299,en,FP_promptbench,0,0.973510205745697,1,,,,
D3_09258,G_05300,en,FP_promptbench,0,0.9762411713600159,1,,,,
D3_09259,G_01895,en,FP_promptbench,0,0.9678410887718201,1,,,,
D3_09260,G_05302,en,FP_promptbench,0,0.9716472625732422,1,,,,
D3_09261,G_01899,en,FP_promptbench,0,0.97333163022995,1,,,,
D3_09262,G_01909,en,FP_promptbench,0,0.9751681685447693,1,,,,
D3_09263,G_05305,en,FP_promptbench,0,0.9727521538734436,1,,,,
D3_09264,G_01906,en,FP_promptbench,0,0.9763181805610657,1,,,,
D3_09265,G_05307,en,FP_promptbench,0,0.9588035941123962,1,,,,
D3_09266,G_05308,en,FP_promptbench,0,0.9591971635818481,1,,,,
D3_09267,G_05309,en,FP_promptbench,0,0.9736300706863403,1,,,,
D3_09268,G_05310,en,FP_promptbench,0,0.9765716791152954,1,,,,
D3_09269,G_05311,en,FP_promptbench,0,0.9753956198692322,1,,,,
D3_09270,G_05312,en,FP_promptbench,0,0.9781352281570435,1,,,,
D3_09271,G_01895,en,FP_promptbench,0,0.9670172929763794,1,,,,
D3_09273,G_05314,en,FP_promptbench,0,0.9745522737503052,1,,,,
D3_09274,G_01909,en,FP_promptbench,0,0.976647138595581,1,,,,
D3_09275,G_05316,en,FP_promptbench,0,0.9719840288162231,1,,,,
D3_09276,G_05317,en,FP_promptbench,0,0.9759292006492615,1,,,,
D3_09277,G_05318,en,FP_promptbench,0,0.958210289478302,1,,,,
D3_09278,G_05319,en,FP_promptbench,0,0.9653398990631104,1,,,,
D3_09279,G_05320,en,FP_promptbench,0,0.9744351506233215,1,,,,
D3_09280,G_01909,en,FP_promptbench,0,0.975226104259491,1,,,,
D3_09281,G_05322,en,FP_promptbench,0,0.9742522239685059,1,,,,
D3_09282,G_05323,en,FP_promptbench,0,0.9786602854728699,1,,,,
D3_09283,G_05324,en,FP_promptbench,0,0.9684532284736633,1,,,,
D3_09284,G_05325,en,FP_promptbench,0,0.8840779662132263,1,,,,
D3_09285,G_05326,en,FP_promptbench,0,0.9775206446647644,1,,,,
D3_09286,G_05327,en,FP_promptbench,0,0.9777104258537292,1,,,,
D3_09287,G_05328,en,FP_promptbench,0,0.9698737859725952,1,,,,
D3_09288,G_05329,en,FP_promptbench,0,0.9731801152229309,1,,,,
D3_09369,G_05330,en,FP_promptbench,0,0.9771081209182739,1,,,,
D3_09370,G_05331,en,FP_promptbench,0,0.9707983136177063,1,,,,
D3_09371,G_05332,en,FP_promptbench,0,0.9703163504600525,1,,,,
D3_09372,G_05333,en,FP_promptbench,0,0.9726903438568115,1,,,,
D3_09373,G_05334,en,FP_promptbench,0,0.9669957756996155,1,,,,
D3_09374,G_05335,en,FP_promptbench,0,0.9747627973556519,1,,,,
D3_09375,G_02007,en,FP_promptbench,0,0.9775505065917969,1,,,,
D3_09376,G_02008,en,FP_promptbench,0,0.9722954034805298,1,,,,
D3_09377,G_02013,en,FP_promptbench,0,0.9755890369415283,1,,,,
D3_09378,G_02023,en,FP_promptbench,0,0.975416362285614,1,,,,
D3_09379,G_02016,en,FP_promptbench,0,0.9727084040641785,1,,,,
D3_09380,G_03116,en,FP_promptbench,0,0.9755703806877136,1,,,,
D3_09381,G_05342,en,FP_promptbench,0,0.9739620089530945,1,,,,
D3_09382,G_05343,en,FP_promptbench,0,0.9733361601829529,1,,,,
D3_09383,G_05344,en,FP_promptbench,0,0.9752527475357056,1,,,,
D3_09384,G_02023,en,FP_promptbench,0,0.9756518602371216,1,,,,
D3_09385,G_05346,en,FP_promptbench,0,0.9721517562866211,1,,,,
D3_09386,G_05347,en,FP_promptbench,0,0.9762627482414246,1,,,,
D3_09390,G_02023,en,FP_promptbench,0,0.9757177829742432,1,,,,
D3_09393,G_05349,en,FP_promptbench,0,0.9775959253311157,1,,,,
D3_09394,G_05350,en,FP_promptbench,0,0.9718453884124756,1,,,,
D3_09395,G_05351,en,FP_promptbench,0,0.9732983112335205,1,,,,
D3_09396,G_05352,en,FP_promptbench,0,0.9758290648460388,1,,,,
D3_09397,G_05353,en,FP_promptbench,0,0.96986985206604,1,,,,
D3_09398,G_05354,en,FP_promptbench,0,0.9723733067512512,1,,,,
D3_09399,G_05355,en,FP_promptbench,0,0.9744831323623657,1,,,,
D3_09400,G_05356,en,FP_promptbench,0,0.9726806282997131,1,,,,
D3_09401,G_05357,en,FP_promptbench,0,0.9629687666893005,1,,,,
D3_09402,G_05358,en,FP_promptbench,0,0.9758314490318298,1,,,,
D3_09403,G_05359,en,FP_promptbench,0,0.9483333826065063,1,,,,
D3_09404,G_05360,en,FP_promptbench,0,0.9791081547737122,1,,,,
D3_09486,G_05361,en,FP_promptbench,0,0.9708749651908875,1,,,,
D3_09487,G_05362,en,FP_promptbench,0,0.9729016423225403,1,,,,
D3_09488,G_05363,en,FP_promptbench,0,0.9723157286643982,1,,,,
D3_09489,G_05364,en,FP_promptbench,0,0.9771203994750977,1,,,,
D3_09490,G_05365,en,FP_promptbench,0,0.9764851331710815,1,,,,
D3_09491,G_05366,en,FP_promptbench,0,0.9745056629180908,1,,,,
D3_09492,G_02123,en,FP_promptbench,0,0.9723695516586304,1,,,,
D3_09493,G_03150,en,FP_promptbench,0,0.9717980027198792,1,,,,
D3_09494,G_02126,en,FP_promptbench,0,0.9736018180847168,1,,,,
D3_09495,G_02130,en,FP_promptbench,0,0.9759889245033264,1,,,,
D3_09496,G_02137,en,FP_promptbench,0,0.9760202169418335,1,,,,
D3_09497,G_02136,en,FP_promptbench,0,0.9764953851699829,1,,,,
D3_09498,G_05373,en,FP_promptbench,0,0.9746637344360352,1,,,,
D3_09499,G_05374,en,FP_promptbench,0,0.9658090472221375,1,,,,
D3_09500,G_05375,en,FP_promptbench,0,0.9761378765106201,1,,,,
D3_09501,G_05376,en,FP_promptbench,0,0.969788134098053,1,,,,
D3_09502,G_05377,en,FP_promptbench,0,0.9780181050300598,1,,,,
D3_09503,G_05378,en,FP_promptbench,0,0.9797230362892151,1,,,,
D3_09504,G_05379,en,FP_promptbench,0,0.9736872911453247,1,,,,
D3_09506,G_02126,en,FP_promptbench,0,0.9751927256584167,1,,,,
D3_09507,G_02130,en,FP_promptbench,0,0.9760445356369019,1,,,,
D3_09508,G_02137,en,FP_promptbench,0,0.9772214889526367,1,,,,
D3_09510,G_05383,en,FP_promptbench,0,0.9730980396270752,1,,,,
D3_09511,G_03150,en,FP_promptbench,0,0.9682788252830505,1,,,,
D3_09512,G_05385,en,FP_promptbench,0,0.9753137230873108,1,,,,
D3_09513,G_05386,en,FP_promptbench,0,0.9744437336921692,1,,,,
D3_09514,G_05387,en,FP_promptbench,0,0.9766910672187805,1,,,,
D3_09515,G_05388,en,FP_promptbench,0,0.9758971333503723,1,,,,
D3_09516,G_05389,en,FP_promptbench,0,0.973915159702301,1,,,,
D3_09517,G_05390,en,FP_promptbench,0,0.9614552855491638,1,,,,
D3_09518,G_05391,en,FP_promptbench,0,0.9731033444404602,1,,,,
D3_09519,G_05392,en,FP_promptbench,0,0.9700591564178467,1,,,,
D3_09520,G_05393,en,FP_promptbench,0,0.9767480492591858,1,,,,
D3_09521,G_05394,en,FP_promptbench,0,0.9757999777793884,1,,,,
D3_09603,G_05395,en,FP_promptbench,0,0.9772529006004333,1,,,,
D3_09604,G_05396,en,FP_promptbench,0,0.9576501250267029,1,,,,
D3_09605,G_05397,en,FP_promptbench,0,0.8928272128105164,1,,,,
D3_09606,G_05398,en,FP_promptbench,0,0.9769759774208069,1,,,,
D3_09607,G_05399,en,FP_promptbench,0,0.9730457663536072,1,,,,
D3_09608,G_05400,en,FP_promptbench,0,0.9782472252845764,1,,,,
D3_09609,G_02238,en,FP_promptbench,0,0.9756804704666138,1,,,,
D3_09610,G_02235,en,FP_promptbench,0,0.9706165790557861,1,,,,
D3_09611,G_02264,en,FP_promptbench,0,0.9734870791435242,1,,,,
D3_09612,G_02468,en,FP_promptbench,0,0.9765099287033081,1,,,,
D3_09613,G_02277,en,FP_promptbench,0,0.9745595455169678,1,,,,
D3_09614,G_03178,en,FP_promptbench,0,0.9770947694778442,1,,,,
D3_09615,G_02238,en,FP_promptbench,0,0.9771998524665833,1,,,,
D3_09616,G_02235,en,FP_promptbench,0,0.9680679440498352,1,,,,
D3_09617,G_05409,en,FP_promptbench,0,0.9654428958892822,1,,,,
D3_09618,G_05410,en,FP_promptbench,0,0.9768643975257874,1,,,,
D3_09619,G_05411,en,FP_promptbench,0,0.9727224707603455,1,,,,
D3_09620,G_05412,en,FP_promptbench,0,0.9779571294784546,1,,,,
D3_09625,G_02277,en,FP_promptbench,0,0.9743243455886841,1,,,,
D3_09627,G_05414,en,FP_promptbench,0,0.9756103754043579,1,,,,
D3_09628,G_05702,en,FP_promptbench,0,0.9699862599372864,1,,,,
D3_09629,G_05416,en,FP_promptbench,0,0.9626728296279907,1,,,,
D3_09630,G_05417,en,FP_promptbench,0,0.9748426675796509,1,,,,
D3_09631,G_05418,en,FP_promptbench,0,0.9780314564704895,1,,,,
D3_09632,G_05419,en,FP_promptbench,0,0.9770983457565308,1,,,,
D3_09633,G_05420,en,FP_promptbench,0,0.9752042889595032,1,,,,
D3_09634,G_05421,en,FP_promptbench,0,0.9721706509590149,1,,,,
D3_09635,G_05397,en,FP_promptbench,0,0.9352571964263916,1,,,,
D3_09636,G_05423,en,FP_promptbench,0,0.9772851467132568,1,,,,
D3_09637,G_05424,en,FP_promptbench,0,0.9771634340286255,1,,,,
D3_09638,G_05425,en,FP_promptbench,0,0.978099524974823,1,,,,
D3_09719,G_05426,en,FP_promptbench,0,0.969067394733429,1,,,,
D3_09720,G_05427,en,FP_promptbench,0,0.9526038765907288,1,,,,
D3_09721,G_05428,en,FP_promptbench,0,0.9703004360198975,1,,,,
D3_09722,G_05429,en,FP_promptbench,0,0.9758519530296326,1,,,,
D3_09723,G_05430,en,FP_promptbench,0,0.973686933517456,1,,,,
D3_09724,G_05431,en,FP_promptbench,0,0.9690771698951721,1,,,,
D3_09725,G_04180,en,FP_promptbench,0,0.9722139239311218,1,,,,
D3_09726,G_02354,en,FP_promptbench,0,0.9728652238845825,1,,,,
D3_09727,G_02372,en,FP_promptbench,0,0.9715757966041565,1,,,,
D3_09728,G_02368,en,FP_promptbench,0,0.9733167290687561,1,,,,
D3_09729,G_02390,en,FP_promptbench,0,0.9702975749969482,1,,,,
D3_09730,G_02363,en,FP_promptbench,0,0.9734993577003479,1,,,,
D3_09731,G_05438,en,FP_promptbench,0,0.9677498936653137,1,,,,
D3_09732,G_05439,en,FP_promptbench,0,0.9584070444107056,1,,,,
D3_09733,G_05440,en,FP_promptbench,0,0.9719955325126648,1,,,,
D3_09734,G_05441,en,FP_promptbench,0,0.9740440845489502,1,,,,
D3_09735,G_05442,en,FP_promptbench,0,0.9744543433189392,1,,,,
D3_09736,G_05443,en,FP_promptbench,0,0.9688857793807983,1,,,,
D3_09737,G_04180,en,FP_promptbench,0,0.9758524298667908,1,,,,
D3_09738,G_02354,en,FP_promptbench,0,0.9760857820510864,1,,,,
D3_09740,G_05446,en,FP_promptbench,0,0.9750422239303589,1,,,,
D3_09741,G_02390,en,FP_promptbench,0,0.9748261570930481,1,,,,
D3_09743,G_05448,en,FP_promptbench,0,0.9697166085243225,1,,,,
D3_09744,G_05449,en,FP_promptbench,0,0.9685319066047668,1,,,,
D3_09745,G_05450,en,FP_promptbench,0,0.967470645904541,1,,,,
D3_09746,G_05451,en,FP_promptbench,0,0.9744523167610168,1,,,,
D3_09747,G_05452,en,FP_promptbench,0,0.9734326004981995,1,,,,
D3_09748,G_05453,en,FP_promptbench,0,0.9747195243835449,1,,,,
D3_09749,G_05454,en,FP_promptbench,0,0.8471330404281616,1,,,,
D3_09750,G_05455,en,FP_promptbench,0,0.9689704775810242,1,,,,
D3_09751,G_05456,en,FP_promptbench,0,0.9599299430847168,1,,,,
D3_09752,G_05457,en,FP_promptbench,0,0.9709908962249756,1,,,,
D3_09753,G_05458,en,FP_promptbench,0,0.9663515686988831,1,,,,
D3_09754,G_05459,en,FP_promptbench,0,0.9728148579597473,1,,,,
D3_09836,G_05460,en,FP_promptbench,0,0.9778785705566406,1,,,,
D3_09837,G_04635,en,FP_promptbench,0,0.9315105080604553,1,,,,
D3_09838,G_02235,en,FP_promptbench,0,0.9612879157066345,1,,,,
D3_09839,G_02468,en,FP_promptbench,0,0.9780365824699402,1,,,,
D3_09840,G_05464,en,FP_promptbench,0,0.974351704120636,1,,,,
D3_09841,G_05465,en,FP_promptbench,0,0.9724175930023193,1,,,,
D3_09842,G_02238,en,FP_promptbench,0,0.9760622382164001,1,,,,
D3_09843,G_04635,en,FP_promptbench,0,0.9690641760826111,1,,,,
D3_09844,G_02235,en,FP_promptbench,0,0.9722684621810913,1,,,,
D3_09845,G_02468,en,FP_promptbench,0,0.9767298102378845,1,,,,
D3_09846,G_02277,en,FP_promptbench,0,0.9751498103141785,1,,,,
D3_09847,G_03183,en,FP_promptbench,0,0.9752028584480286,1,,,,
D3_09848,G_05472,en,FP_promptbench,0,0.9752590656280518,1,,,,
D3_09849,G_05473,en,FP_promptbench,0,0.9499868154525757,1,,,,
D3_09850,G_02235,en,FP_promptbench,0,0.9653529524803162,1,,,,
D3_09851,G_05475,en,FP_promptbench,0,0.9775871634483337,1,,,,
D3_09852,G_02277,en,FP_promptbench,0,0.9766911864280701,1,,,,
D3_09853,G_03183,en,FP_promptbench,0,0.9736948609352112,1,,,,
D3_09855,G_04635,en,FP_promptbench,0,0.9691215753555298,1,,,,
D3_09858,G_02277,en,FP_promptbench,0,0.974677562713623,1,,,,
D3_09860,G_02238,en,FP_promptbench,0,0.9765470027923584,1,,,,
D3_09861,G_04635,en,FP_promptbench,0,0.9600096940994263,1,,,,
D3_09862,G_05482,en,FP_promptbench,0,0.9669817090034485,1,,,,
D3_09863,G_05483,en,FP_promptbench,0,0.9777805209159851,1,,,,
D3_09864,G_05484,en,FP_promptbench,0,0.9721733927726746,1,,,,
D3_09865,G_03183,en,FP_promptbench,0,0.9754907488822937,1,,,,
D3_09866,G_05486,en,FP_promptbench,0,0.9754887223243713,1,,,,
D3_09867,G_05487,en,FP_promptbench,0,0.9642988443374634,1,,,,
D3_09868,G_05488,en,FP_promptbench,0,0.971213698387146,1,,,,
D3_09869,G_05489,en,FP_promptbench,0,0.9775218963623047,1,,,,
D3_09870,G_05490,en,FP_promptbench,0,0.9766244292259216,1,,,,
D3_09952,G_05491,en,FP_promptbench,0,0.9738214612007141,1,,,,
D3_09953,G_05492,en,FP_promptbench,0,0.9754763841629028,1,,,,
D3_09954,G_05493,en,FP_promptbench,0,0.9700422286987305,1,,,,
D3_09955,G_05494,en,FP_promptbench,0,0.9765623211860657,1,,,,
D3_09956,G_05495,en,FP_promptbench,0,0.9710314869880676,1,,,,
D3_09957,G_05496,en,FP_promptbench,0,0.976904571056366,1,,,,
D3_09958,G_02499,en,FP_promptbench,0,0.9734975695610046,1,,,,
D3_09959,G_02500,en,FP_promptbench,0,0.971342921257019,1,,,,
D3_09960,G_02504,en,FP_promptbench,0,0.9749577045440674,1,,,,
D3_09961,G_02510,en,FP_promptbench,0,0.9767522215843201,1,,,,
D3_09962,G_03808,en,FP_promptbench,0,0.9735941886901855,1,,,,
D3_09963,G_02499,en,FP_promptbench,0,0.9740248918533325,1,,,,
D3_09964,G_05503,en,FP_promptbench,0,0.975193440914154,1,,,,
D3_09965,G_05504,en,FP_promptbench,0,0.9705095291137695,1,,,,
D3_09966,G_05505,en,FP_promptbench,0,0.9777541160583496,1,,,,
D3_09967,G_02510,en,FP_promptbench,0,0.9753164649009705,1,,,,
D3_09968,G_03808,en,FP_promptbench,0,0.9758598208427429,1,,,,
D3_09969,G_05508,en,FP_promptbench,0,0.9734105467796326,1,,,,
D3_09970,G_03319,en,FP_promptbench,0,0.9729983806610107,1,,,,
D3_09971,G_05510,en,FP_promptbench,0,0.9750351905822754,1,,,,
D3_09972,G_05511,en,FP_promptbench,0,0.9763012528419495,1,,,,
D3_09973,G_05512,en,FP_promptbench,0,0.9777169227600098,1,,,,
D3_09975,G_05513,en,FP_promptbench,0,0.9736977815628052,1,,,,
D3_09976,G_05514,en,FP_promptbench,0,0.974910318851471,1,,,,
D3_09977,G_05515,en,FP_promptbench,0,0.97244793176651,1,,,,
D3_09978,G_05516,en,FP_promptbench,0,0.976353645324707,1,,,,
D3_09979,G_05517,en,FP_promptbench,0,0.9788779616355896,1,,,,
D3_09980,G_05518,en,FP_promptbench,0,0.9754530191421509,1,,,,
D3_09981,G_05519,en,FP_promptbench,0,0.9695053100585938,1,,,,
D3_09982,G_05520,en,FP_promptbench,0,0.9682231545448303,1,,,,
D3_09983,G_05521,en,FP_promptbench,0,0.9726212024688721,1,,,,
D3_09984,G_05522,en,FP_promptbench,0,0.9766860604286194,1,,,,
D3_09985,G_05523,en,FP_promptbench,0,0.9715414047241211,1,,,,
D3_09986,G_05524,en,FP_promptbench,0,0.9744402170181274,1,,,,
D3_10067,G_05525,en,FP_promptbench,0,0.9773298501968384,1,,,,
D3_10068,G_05526,en,FP_promptbench,0,0.972111165523529,1,,,,
D3_10069,G_05527,en,FP_promptbench,0,0.9698636531829834,1,,,,
D3_10070,G_05528,en,FP_promptbench,0,0.977594792842865,1,,,,
D3_10071,G_05529,en,FP_promptbench,0,0.9744386672973633,1,,,,
D3_10072,G_05530,en,FP_promptbench,0,0.9786136746406555,1,,,,
D3_10073,G_01667,en,FP_promptbench,0,0.9770517945289612,1,,,,
D3_10074,G_01664,en,FP_promptbench,0,0.9743043184280396,1,,,,
D3_10075,G_02968,en,FP_promptbench,0,0.9715062975883484,1,,,,
D3_10076,G_01691,en,FP_promptbench,0,0.9773768782615662,1,,,,
D3_10077,G_01677,en,FP_promptbench,0,0.9758391380310059,1,,,,
D3_10078,G_01705,en,FP_promptbench,0,0.9784281849861145,1,,,,
D3_10079,G_05537,en,FP_promptbench,0,0.9777116775512695,1,,,,
D3_10081,G_05538,en,FP_promptbench,0,0.9709611535072327,1,,,,
D3_10082,G_05539,en,FP_promptbench,0,0.9771685600280762,1,,,,
D3_10083,G_05540,en,FP_promptbench,0,0.9751494526863098,1,,,,
D3_10084,G_01705,en,FP_promptbench,0,0.9792810678482056,1,,,,
D3_10086,G_01664,en,FP_promptbench,0,0.9750134348869324,1,,,,
D3_10087,G_03546,en,FP_promptbench,0,0.9717314839363098,1,,,,
D3_10089,G_05544,en,FP_promptbench,0,0.9751902222633362,1,,,,
D3_10090,G_01705,en,FP_promptbench,0,0.978429913520813,1,,,,
D3_10091,G_05546,en,FP_promptbench,0,0.975339949131012,1,,,,
D3_10092,G_01664,en,FP_promptbench,0,0.9681105017662048,1,,,,
D3_10093,G_02968,en,FP_promptbench,0,0.9673259258270264,1,,,,
D3_10094,G_05549,en,FP_promptbench,0,0.9776058197021484,1,,,,
D3_10095,G_05550,en,FP_promptbench,0,0.9722805619239807,1,,,,
D3_10096,G_01705,en,FP_promptbench,0,0.9784128069877625,1,,,,
D3_10097,G_05552,en,FP_promptbench,0,0.9775068759918213,1,,,,
D3_10098,G_05553,en,FP_promptbench,0,0.9714105725288391,1,,,,
D3_10099,G_05554,en,FP_promptbench,0,0.9367550611495972,1,,,,
D3_10100,G_05555,en,FP_promptbench,0,0.9778276085853577,1,,,,
D3_10101,G_05556,en,FP_promptbench,0,0.9770330190658569,1,,,,
D3_10102,G_05557,en,FP_promptbench,0,0.9788897037506104,1,,,,
D3_10183,G_05558,en,FP_promptbench,0,0.9611034393310547,1,,,,
D3_10184,G_05559,en,FP_promptbench,0,0.9394760727882385,1,,,,
D3_10185,G_05560,en,FP_promptbench,0,0.9440640807151794,1,,,,
D3_10186,G_05561,en,FP_promptbench,0,0.9734688401222229,1,,,,
D3_10187,G_05562,en,FP_promptbench,0,0.9724974036216736,1,,,,
D3_10188,G_05563,en,FP_promptbench,0,0.9762657284736633,1,,,,
D3_10189,G_01803,en,FP_promptbench,0,0.968151867389679,1,,,,
D3_10190,G_05565,en,FP_promptbench,0,0.9682179093360901,1,,,,
D3_10191,G_01802,en,FP_promptbench,0,0.9669162034988403,1,,,,
D3_10192,G_03029,en,FP_promptbench,0,0.9757657051086426,1,,,,
D3_10193,G_01790,en,FP_promptbench,0,0.9746047258377075,1,,,,
D3_10194,G_01794,en,FP_promptbench,0,0.9783073663711548,1,,,,
D3_10195,G_01815,en,FP_promptbench,0,0.9721534252166748,1,,,,
D3_10196,G_05571,en,FP_promptbench,0,0.9689905047416687,1,,,,
D3_10197,G_05572,en,FP_promptbench,0,0.9681858420372009,1,,,,
D3_10198,G_05573,en,FP_promptbench,0,0.9758557081222534,1,,,,
D3_10199,G_05284,en,FP_promptbench,0,0.9737953543663025,1,,,,
D3_10201,G_05575,en,FP_promptbench,0,0.963729739189148,1,,,,
D3_10202,G_01785,en,FP_promptbench,0,0.9348191618919373,1,,,,
D3_10203,G_01802,en,FP_promptbench,0,0.9641402363777161,1,,,,
D3_10204,G_03029,en,FP_promptbench,0,0.9706069231033325,1,,,,
D3_10205,G_05579,en,FP_promptbench,0,0.9728546142578125,1,,,,
D3_10206,G_01794,en,FP_promptbench,0,0.978133499622345,1,,,,
D3_10207,G_05581,en,FP_promptbench,0,0.9476640820503235,1,,,,
D3_10208,G_05582,en,FP_promptbench,0,0.9460174441337585,1,,,,
D3_10209,G_05583,en,FP_promptbench,0,0.9536747336387634,1,,,,
D3_10210,G_05584,en,FP_promptbench,0,0.973288357257843,1,,,,
D3_10211,G_05585,en,FP_promptbench,0,0.9725010395050049,1,,,,
D3_10212,G_05586,en,FP_promptbench,0,0.9762319922447205,1,,,,
D3_10233,G_05587,en,FP_promptbench,0,0.9286329746246338,1,,,,
D3_10234,G_05588,en,FP_promptbench,0,0.9730595350265503,1,,,,
D3_10235,G_05589,en,FP_promptbench,0,0.9596664905548096,1,,,,
D3_10236,G_05590,en,FP_promptbench,0,0.9741355776786804,1,,,,
D3_10237,G_01902,en,FP_promptbench,0,0.9790239334106445,1,,,,
D3_10238,G_05592,en,FP_promptbench,0,0.9733344316482544,1,,,,
D3_10239,G_01893,en,FP_promptbench,0,0.963744580745697,1,,,,
D3_10240,G_01890,en,FP_promptbench,0,0.9719973206520081,1,,,,
D3_10241,G_01896,en,FP_promptbench,0,0.9709005355834961,1,,,,
D3_10242,G_01906,en,FP_promptbench,0,0.975781261920929,1,,,,
D3_10243,G_01902,en,FP_promptbench,0,0.9784064292907715,1,,,,
D3_10244,G_01901,en,FP_promptbench,0,0.9770054817199707,1,,,,
D3_10245,G_05599,en,FP_promptbench,0,0.9692240357398987,1,,,,
D3_10246,G_05600,en,FP_promptbench,0,0.9746807217597961,1,,,,
D3_10247,G_05601,en,FP_promptbench,0,0.9728615880012512,1,,,,
D3_10248,G_05602,en,FP_promptbench,0,0.9742463827133179,1,,,,
D3_10249,G_05603,en,FP_promptbench,0,0.9775235056877136,1,,,,
D3_10250,G_05604,en,FP_promptbench,0,0.9782769083976746,1,,,,
D3_10251,G_01893,en,FP_promptbench,0,0.9707745909690857,1,,,,
D3_10256,G_01901,en,FP_promptbench,0,0.977319061756134,1,,,,
D3_10257,G_04900,en,FP_promptbench,0,0.9644080996513367,1,,,,
D3_10258,G_05608,en,FP_promptbench,0,0.9716439247131348,1,,,,
D3_10259,G_05609,en,FP_promptbench,0,0.9211174249649048,1,,,,
D3_10260,G_01906,en,FP_promptbench,0,0.9744713306427002,1,,,,
D3_10261,G_01902,en,FP_promptbench,0,0.978242814540863,1,,,,
D3_10262,G_01901,en,FP_promptbench,0,0.978380024433136,1,,,,
D3_10263,G_05613,en,FP_promptbench,0,0.9379645586013794,1,,,,
D3_10264,G_05614,en,FP_promptbench,0,0.9723396897315979,1,,,,
D3_10265,G_05615,en,FP_promptbench,0,0.9677327275276184,1,,,,
D3_10266,G_05616,en,FP_promptbench,0,0.9751919507980347,1,,,,
D3_10267,G_05617,en,FP_promptbench,0,0.9790309071540833,1,,,,
D3_10268,G_05618,en,FP_promptbench,0,0.9764153361320496,1,,,,
D3_10349,G_05619,en,FP_promptbench,0,0.965752124786377,1,,,,
D3_10350,G_05620,en,FP_promptbench,0,0.9730421304702759,1,,,,
D3_10351,G_05621,en,FP_promptbench,0,0.9769185185432434,1,,,,
D3_10352,G_05622,en,FP_promptbench,0,0.9751234650611877,1,,,,
D3_10353,G_05623,en,FP_promptbench,0,0.9789206385612488,1,,,,
D3_10354,G_05624,en,FP_promptbench,0,0.9719647765159607,1,,,,
D3_10355,G_02011,en,FP_promptbench,0,0.9731395840644836,1,,,,
D3_10356,G_03634,en,FP_promptbench,0,0.9751830101013184,1,,,,
D3_10357,G_02007,en,FP_promptbench,0,0.9767675995826721,1,,,,
D3_10358,G_03116,en,FP_promptbench,0,0.9757573008537292,1,,,,
D3_10359,G_02020,en,FP_promptbench,0,0.9779896140098572,1,,,,
D3_10360,G_02021,en,FP_promptbench,0,0.9759843349456787,1,,,,
D3_10361,G_05631,en,FP_promptbench,0,0.9672368168830872,1,,,,
D3_10362,G_05632,en,FP_promptbench,0,0.9732730984687805,1,,,,
D3_10363,G_05633,en,FP_promptbench,0,0.9753856062889099,1,,,,
D3_10364,G_05634,en,FP_promptbench,0,0.9751536250114441,1,,,,
D3_10365,G_05635,en,FP_promptbench,0,0.9788605570793152,1,,,,
D3_10366,G_05636,en,FP_promptbench,0,0.9717209935188293,1,,,,
D3_10371,G_02020,en,FP_promptbench,0,0.9772447943687439,1,,,,
D3_10372,G_02021,en,FP_promptbench,0,0.9754865765571594,1,,,,
D3_10373,G_02011,en,FP_promptbench,0,0.9719076752662659,1,,,,
D3_10374,G_05640,en,FP_promptbench,0,0.9747092723846436,1,,,,
D3_10375,G_05641,en,FP_promptbench,0,0.9741007685661316,1,,,,
D3_10376,G_05642,en,FP_promptbench,0,0.9770205020904541,1,,,,
D3_10377,G_05643,en,FP_promptbench,0,0.9773823618888855,1,,,,
D3_10378,G_05644,en,FP_promptbench,0,0.9740549325942993,1,,,,
D3_10379,G_05645,en,FP_promptbench,0,0.9633121490478516,1,,,,
D3_10380,G_05646,en,FP_promptbench,0,0.9749869108200073,1,,,,
D3_10381,G_05647,en,FP_promptbench,0,0.9327704310417175,1,,,,
D3_10382,G_05648,en,FP_promptbench,0,0.9749614000320435,1,,,,
D3_10383,G_05649,en,FP_promptbench,0,0.9769896268844604,1,,,,
D3_10384,G_05650,en,FP_promptbench,0,0.9721052050590515,1,,,,
D3_10466,G_05651,en,FP_promptbench,0,0.97043377161026,1,,,,
D3_10467,G_05652,en,FP_promptbench,0,0.9525191187858582,1,,,,
D3_10468,G_05653,en,FP_promptbench,0,0.9267828464508057,1,,,,
D3_10469,G_04962,en,FP_promptbench,0,0.9719820022583008,1,,,,
D3_10470,G_02129,en,FP_promptbench,0,0.9709268808364868,1,,,,
D3_10471,G_05656,en,FP_promptbench,0,0.9668212532997131,1,,,,
D3_10472,G_02150,en,FP_promptbench,0,0.977583646774292,1,,,,
D3_10473,G_03685,en,FP_promptbench,0,0.977187991142273,1,,,,
D3_10474,G_04106,en,FP_promptbench,0,0.9772343635559082,1,,,,
D3_10475,G_05660,en,FP_promptbench,0,0.9728493094444275,1,,,,
D3_10476,G_05661,en,FP_promptbench,0,0.9701533913612366,1,,,,
D3_10477,G_05662,en,FP_promptbench,0,0.9664950966835022,1,,,,
D3_10478,G_05663,en,FP_promptbench,0,0.979840874671936,1,,,,
D3_10479,G_05664,en,FP_promptbench,0,0.9766165614128113,1,,,,
D3_10480,G_04106,en,FP_promptbench,0,0.9769196510314941,1,,,,
D3_10481,G_04962,en,FP_promptbench,0,0.9716148972511292,1,,,,
D3_10482,G_05667,en,FP_promptbench,0,0.9701279401779175,1,,,,
D3_10487,G_05668,en,FP_promptbench,0,0.9722456932067871,1,,,,
D3_10488,G_05669,en,FP_promptbench,0,0.9689735174179077,1,,,,
D3_10489,G_05670,en,FP_promptbench,0,0.9708425998687744,1,,,,
D3_10490,G_05671,en,FP_promptbench,0,0.9753240346908569,1,,,,
D3_10491,G_03685,en,FP_promptbench,0,0.9764452576637268,1,,,,
D3_10492,G_05673,en,FP_promptbench,0,0.9776151776313782,1,,,,
D3_10493,G_05674,en,FP_promptbench,0,0.969411313533783,1,,,,
D3_10494,G_05675,en,FP_promptbench,0,0.9682620763778687,1,,,,
D3_10495,G_05676,en,FP_promptbench,0,0.9689055681228638,1,,,,
D3_10496,G_05677,en,FP_promptbench,0,0.9773818254470825,1,,,,
D3_10497,G_05678,en,FP_promptbench,0,0.9758480191230774,1,,,,
D3_10498,G_05679,en,FP_promptbench,0,0.974791944026947,1,,,,
D3_10580,G_05680,en,FP_promptbench,0,0.9643107652664185,1,,,,
D3_10581,G_05702,en,FP_promptbench,0,0.9736171960830688,1,,,,
D3_10582,G_05682,en,FP_promptbench,0,0.9767031073570251,1,,,,
D3_10583,G_05683,en,FP_promptbench,0,0.9769731760025024,1,,,,
D3_10584,G_05684,en,FP_promptbench,0,0.9768656492233276,1,,,,
D3_10585,G_05685,en,FP_promptbench,0,0.9744715690612793,1,,,,
D3_10586,G_04635,en,FP_promptbench,0,0.9698264598846436,1,,,,
D3_10587,G_02235,en,FP_promptbench,0,0.9720436334609985,1,,,,
D3_10588,G_02243,en,FP_promptbench,0,0.9780046343803406,1,,,,
D3_10589,G_03178,en,FP_promptbench,0,0.9776091575622559,1,,,,
D3_10590,G_04642,en,FP_promptbench,0,0.9780007600784302,1,,,,
D3_10591,G_02277,en,FP_promptbench,0,0.9755325317382812,1,,,,
D3_10592,G_05692,en,FP_promptbench,0,0.963411271572113,1,,,,
D3_10593,G_05693,en,FP_promptbench,0,0.9729755520820618,1,,,,
D3_10594,G_05694,en,FP_promptbench,0,0.9740554094314575,1,,,,
D3_10595,G_05695,en,FP_promptbench,0,0.9778487086296082,1,,,,
D3_10596,G_05696,en,FP_promptbench,0,0.9776816368103027,1,,,,
D3_10597,G_05697,en,FP_promptbench,0,0.9759597182273865,1,,,,
D3_10600,G_05698,en,FP_promptbench,0,0.9780069589614868,1,,,,
D3_10601,G_03178,en,FP_promptbench,0,0.9770997166633606,1,,,,
D3_10603,G_02277,en,FP_promptbench,0,0.9740961194038391,1,,,,
D3_10604,G_04635,en,FP_promptbench,0,0.9658119678497314,1,,,,
D3_10605,G_05702,en,FP_promptbench,0,0.97389155626297,1,,,,
D3_10606,G_05703,en,FP_promptbench,0,0.9779447913169861,1,,,,
D3_10607,G_05704,en,FP_promptbench,0,0.9753113389015198,1,,,,
D3_10608,G_05705,en,FP_promptbench,0,0.9779928922653198,1,,,,
D3_10609,G_02277,en,FP_promptbench,0,0.9754776954650879,1,,,,
D3_10610,G_05707,en,FP_promptbench,0,0.9555734992027283,1,,,,
D3_10611,G_05702,en,FP_promptbench,0,0.9736218452453613,1,,,,
D3_10612,G_05709,en,FP_promptbench,0,0.9773418307304382,1,,,,
D3_10613,G_05710,en,FP_promptbench,0,0.9779700040817261,1,,,,
D3_10614,G_05711,en,FP_promptbench,0,0.9782213568687439,1,,,,
D3_10615,G_05712,en,FP_promptbench,0,0.9670391082763672,1,,,,
D3_10696,G_05713,en,FP_promptbench,0,0.9553656578063965,1,,,,
D3_10697,G_05714,en,FP_promptbench,0,0.9738213419914246,1,,,,
D3_10698,G_05715,en,FP_promptbench,0,0.9514579772949219,1,,,,
D3_10699,G_05716,en,FP_promptbench,0,0.9651728868484497,1,,,,
D3_10700,G_05717,en,FP_promptbench,0,0.9716836214065552,1,,,,
D3_10701,G_05718,en,FP_promptbench,0,0.9742044806480408,1,,,,
D3_10702,G_02356,en,FP_promptbench,0,0.9668897390365601,1,,,,
D3_10703,G_02372,en,FP_promptbench,0,0.9728686809539795,1,,,,
D3_10704,G_02353,en,FP_promptbench,0,0.9743679165840149,1,,,,
D3_10705,G_02364,en,FP_promptbench,0,0.9739438891410828,1,,,,
D3_10706,G_03228,en,FP_promptbench,0,0.9747911095619202,1,,,,
D3_10707,G_02369,en,FP_promptbench,0,0.9777653813362122,1,,,,
D3_10708,G_05725,en,FP_promptbench,0,0.9635630249977112,1,,,,
D3_10709,G_05726,en,FP_promptbench,0,0.9730883240699768,1,,,,
D3_10710,G_05727,en,FP_promptbench,0,0.9700489640235901,1,,,,
D3_10711,G_02364,en,FP_promptbench,0,0.9718446135520935,1,,,,
D3_10712,G_05729,en,FP_promptbench,0,0.9744454026222229,1,,,,
D3_10713,G_05730,en,FP_promptbench,0,0.9773804545402527,1,,,,
D3_10714,G_05731,en,FP_promptbench,0,0.9743725657463074,1,,,,
D3_10715,G_05732,en,FP_promptbench,0,0.9742773771286011,1,,,,
D3_10719,G_02369,en,FP_promptbench,0,0.9777376651763916,1,,,,
D3_10720,G_05734,en,FP_promptbench,0,0.9651899933815002,1,,,,
D3_10721,G_05735,en,FP_promptbench,0,0.9511358141899109,1,,,,
D3_10722,G_02372,en,FP_promptbench,0,0.9700695872306824,1,,,,
D3_10723,G_05737,en,FP_promptbench,0,0.9772960543632507,1,,,,
D3_10724,G_05738,en,FP_promptbench,0,0.9767435789108276,1,,,,
D3_10725,G_05739,en,FP_promptbench,0,0.9777513742446899,1,,,,
D3_10726,G_05740,en,FP_promptbench,0,0.9595004320144653,1,,,,
D3_10727,G_05741,en,FP_promptbench,0,0.9544602632522583,1,,,,
D3_10728,G_05742,en,FP_promptbench,0,0.9638281464576721,1,,,,
D3_10729,G_02364,en,FP_promptbench,0,0.9564099907875061,1,,,,
D3_10730,G_05744,en,FP_promptbench,0,0.9705999493598938,1,,,,
D3_10731,G_05745,en,FP_promptbench,0,0.9743383526802063,1,,,,
D3_10813,G_05746,en,FP_promptbench,0,0.9709305763244629,1,,,,
D3_10814,G_05747,en,FP_promptbench,0,0.9770002365112305,1,,,,
D3_10815,G_05748,en,FP_promptbench,0,0.9705795049667358,1,,,,
D3_10816,G_05749,en,FP_promptbench,0,0.9758515357971191,1,,,,
D3_10817,G_05750,en,FP_promptbench,0,0.9757282733917236,1,,,,
D3_10818,G_05751,en,FP_promptbench,0,0.9754902124404907,1,,,,
D3_10819,G_02235,en,FP_promptbench,0,0.9725621342658997,1,,,,
D3_10820,G_02243,en,FP_promptbench,0,0.9773879647254944,1,,,,
D3_10821,G_04639,en,FP_promptbench,0,0.973461389541626,1,,,,
D3_10822,G_02468,en,FP_promptbench,0,0.977344810962677,1,,,,
D3_10823,G_02277,en,FP_promptbench,0,0.9751976132392883,1,,,,
D3_10824,G_03183,en,FP_promptbench,0,0.9757217764854431,1,,,,
D3_10825,G_05758,en,FP_promptbench,0,0.9742352962493896,1,,,,
D3_10826,G_05759,en,FP_promptbench,0,0.9742506742477417,1,,,,
D3_10827,G_05760,en,FP_promptbench,0,0.968808114528656,1,,,,
D3_10828,G_05761,en,FP_promptbench,0,0.977150022983551,1,,,,
D3_10829,G_05762,en,FP_promptbench,0,0.9774073362350464,1,,,,
D3_10830,G_05763,en,FP_promptbench,0,0.9759816527366638,1,,,,
D3_10833,G_02275,en,FP_promptbench,0,0.9735403656959534,1,,,,
D3_10834,G_02276,en,FP_promptbench,0,0.9772854447364807,1,,,,
D3_10836,G_02475,en,FP_promptbench,0,0.9766520261764526,1,,,,
D3_10837,G_05702,en,FP_promptbench,0,0.9746296405792236,1,,,,
D3_10838,G_05768,en,FP_promptbench,0,0.9788139462471008,1,,,,
D3_10839,G_04639,en,FP_promptbench,0,0.9729861617088318,1,,,,
D3_10840,G_05770,en,FP_promptbench,0,0.9764261841773987,1,,,,
D3_10841,G_05771,en,FP_promptbench,0,0.9758853316307068,1,,,,
D3_10842,G_03183,en,FP_promptbench,0,0.9750775694847107,1,,,,
D3_10843,G_05773,en,FP_promptbench,0,0.9733456373214722,1,,,,
D3_10844,G_05774,en,FP_promptbench,0,0.9762109518051147,1,,,,
D3_10845,G_05775,en,FP_promptbench,0,0.9694327116012573,1,,,,
D3_10846,G_05776,en,FP_promptbench,0,0.977592945098877,1,,,,
D3_10847,G_05777,en,FP_promptbench,0,0.975295901298523,1,,,,
D3_10848,G_05778,en,FP_promptbench,0,0.9739712476730347,1,,,,
D3_10929,G_05779,en,FP_promptbench,0,0.974636435508728,1,,,,
D3_10930,G_05780,en,FP_promptbench,0,0.9722372889518738,1,,,,
D3_10931,G_05781,en,FP_promptbench,0,0.9733947515487671,1,,,,
D3_10932,G_05782,en,FP_promptbench,0,0.9749001264572144,1,,,,
D3_10933,G_05783,en,FP_promptbench,0,0.9736045598983765,1,,,,
D3_10934,G_05784,en,FP_promptbench,0,0.9731963276863098,1,,,,
D3_10935,G_03310,en,FP_promptbench,0,0.9738543629646301,1,,,,
D3_10936,G_02502,en,FP_promptbench,0,0.9731624722480774,1,,,,
D3_10937,G_02500,en,FP_promptbench,0,0.9711549282073975,1,,,,
D3_10938,G_02508,en,FP_promptbench,0,0.9763617515563965,1,,,,
D3_10939,G_03806,en,FP_promptbench,0,0.9745641946792603,1,,,,
D3_10940,G_02504,en,FP_promptbench,0,0.9749600291252136,1,,,,
D3_10941,G_05791,en,FP_promptbench,0,0.9724986553192139,1,,,,
D3_10942,G_05792,en,FP_promptbench,0,0.9762715101242065,1,,,,
D3_10943,G_02500,en,FP_promptbench,0,0.9714637398719788,1,,,,
D3_10944,G_05794,en,FP_promptbench,0,0.9734520316123962,1,,,,
D3_10945,G_05795,en,FP_promptbench,0,0.9724613428115845,1,,,,
D3_10946,G_05796,en,FP_promptbench,0,0.9763929843902588,1,,,,
D3_10947,G_03321,en,FP_promptbench,0,0.9751715660095215,1,,,,
D3_10948,G_05798,en,FP_promptbench,0,0.9773038029670715,1,,,,
D3_10951,G_05084,en,FP_promptbench,0,0.9756582379341125,1,,,,
D3_10953,G_05800,en,FP_promptbench,0,0.9689664244651794,1,,,,
D3_10954,G_02502,en,FP_promptbench,0,0.9717668294906616,1,,,,
D3_10955,G_05802,en,FP_promptbench,0,0.9715931415557861,1,,,,
D3_10956,G_05803,en,FP_promptbench,0,0.9777976274490356,1,,,,
D3_10957,G_05804,en,FP_promptbench,0,0.9737034440040588,1,,,,
D3_10958,G_05805,en,FP_promptbench,0,0.9718232154846191,1,,,,
D3_10959,G_05806,en,FP_promptbench,0,0.9679825901985168,1,,,,
D3_10960,G_05807,en,FP_promptbench,0,0.9747354984283447,1,,,,
D3_10961,G_05808,en,FP_promptbench,0,0.9651328921318054,1,,,,
D3_10962,G_05809,en,FP_promptbench,0,0.9766760468482971,1,,,,
D3_10963,G_05810,en,FP_promptbench,0,0.9697027802467346,1,,,,
D3_10964,G_05811,en,FP_promptbench,0,0.9757412075996399,1,,,,
D2_00001,G_00662,en,E5x_pooled,1,0.977813720703125,1,,,,
D2_00002,G_00663,en,E5x_pooled,1,0.9747739434242249,1,,,,
D2_00003,G_00664,en,E5x_pooled,1,0.971814751625061,1,,,,
D2_00004,G_00665,en,E5x_pooled,1,0.935675859451294,1,,,,
D2_00005,G_00666,en,E5x_pooled,1,0.9620130062103271,1,,,,
D2_00006,G_00667,en,E5x_pooled,1,0.9502864480018616,1,,,,
D2_00007,G_00668,en,E5x_pooled,1,0.9725446701049805,1,,,,
D2_00008,G_00669,en,E5x_pooled,1,0.9753955006599426,1,,,,
D2_00009,G_00670,en,E5x_pooled,1,0.39837369322776794,1,,,,
D2_00010,G_00671,en,E5x_pooled,1,0.9718043208122253,1,,,,
D2_00011,G_00672,en,E5x_pooled,1,0.9746543169021606,1,,,,
D2_00012,G_00673,en,E5x_pooled,1,0.9766106605529785,1,,,,
D2_00013,G_00674,en,E5x_pooled,1,0.9769869446754456,1,,,,
D2_00014,G_00675,en,E5x_pooled,1,0.9752649664878845,1,,,,
D2_00015,G_00676,en,E5x_pooled,1,0.9759429097175598,1,,,,
D2_00016,G_00677,en,E5x_pooled,1,0.977464497089386,1,,,,
D2_00017,G_00678,en,E5x_pooled,1,0.976434588432312,1,,,,
D2_00018,G_00679,en,E5x_pooled,1,0.9779038429260254,1,,,,
D2_00019,G_00680,en,E5x_pooled,1,0.9775041341781616,1,,,,
D2_00020,G_00681,en,E5x_pooled,1,0.9763785600662231,1,,,,
D2_00021,G_00682,en,E5x_pooled,1,0.0976741686463356,0,,,,
D2_00022,G_00683,en,E5x_pooled,1,0.9797238111495972,1,,,,
D2_00023,G_00684,en,E5x_pooled,1,0.9746724367141724,1,,,,
D2_00024,G_00685,en,E5x_pooled,1,0.9655416011810303,1,,,,
D2_00025,G_00686,en,E5x_pooled,1,0.9728097915649414,1,,,,
D2_00026,G_00687,en,E5x_pooled,1,0.9601094722747803,1,,,,
D2_00027,G_00688,en,E5x_pooled,1,0.9419444799423218,1,,,,
D2_00028,G_00689,en,E5x_pooled,1,0.9640031456947327,1,,,,
D2_00029,G_00690,en,E5x_pooled,1,0.9742127656936646,1,,,,
D2_00030,G_00691,en,E5x_pooled,1,0.9779195785522461,1,,,,
D2_00031,G_00692,en,E5x_pooled,1,0.43390849232673645,1,,,,
D2_00032,G_00693,en,E5x_pooled,1,0.9730094075202942,1,,,,
D2_00033,G_00694,en,E5x_pooled,1,0.9702222943305969,1,,,,
D2_00034,G_00695,en,E5x_pooled,1,0.9690653681755066,1,,,,
D2_00035,G_00696,en,E5x_pooled,1,0.9718870520591736,1,,,,
D2_00036,G_00697,en,E5x_pooled,1,0.9745334982872009,1,,,,
D2_00037,G_00698,en,E5x_pooled,1,0.9672949314117432,1,,,,
D2_00038,G_00699,en,E5x_pooled,1,0.9767075181007385,1,,,,
D2_00039,G_00700,en,E5x_pooled,1,0.9396492838859558,1,,,,
D2_00040,G_00701,en,E5x_pooled,1,0.5395750999450684,1,,,,
D2_00041,G_00702,en,E5x_pooled,1,0.748964786529541,1,,,,
D2_00042,G_00703,en,E5x_pooled,1,0.9712473750114441,1,,,,
D2_00043,G_00704,en,E5x_pooled,1,0.9765546321868896,1,,,,
D2_00044,G_00705,en,E5x_pooled,1,0.973502516746521,1,,,,
D2_00045,G_00706,en,E5x_pooled,1,0.20612850785255432,0,,,,
D2_00046,G_00707,en,E5x_pooled,1,0.9761900305747986,1,,,,
D2_00047,G_00708,en,E5x_pooled,1,0.9545708298683167,1,,,,
D2_00048,G_00709,en,E5x_pooled,1,0.9236732125282288,1,,,,
D2_00049,G_00710,en,E5x_pooled,1,0.1156628429889679,0,,,,
D2_00050,G_00711,en,E5x_pooled,1,0.9664934277534485,1,,,,
D2_00051,G_00712,en,E5x_pooled,1,0.979729413986206,1,,,,
D2_00052,G_00713,en,E5x_pooled,1,0.9706208109855652,1,,,,
D2_00053,G_00714,en,E5x_pooled,1,0.9709732532501221,1,,,,
D2_00054,G_00715,en,E5x_pooled,1,0.3466114401817322,1,,,,
D2_00055,G_00716,en,E5x_pooled,1,0.9756137728691101,1,,,,
D2_00056,G_00717,en,E5x_pooled,1,0.9731813073158264,1,,,,
D2_00057,G_00718,en,E5x_pooled,1,0.9177606105804443,1,,,,
D2_00058,G_00719,en,E5x_pooled,1,0.9735711216926575,1,,,,
D2_00059,G_00720,en,E5x_pooled,1,0.9214246869087219,1,,,,
D2_00060,G_00721,en,E5x_pooled,1,0.620827853679657,1,,,,
D2_00061,G_00722,en,E5x_pooled,1,0.8905606865882874,1,,,,
D2_00062,G_00723,en,E5x_pooled,1,0.9745124578475952,1,,,,
D2_00063,G_00724,en,E5x_pooled,1,0.9782158732414246,1,,,,
D2_00064,G_00725,en,E5x_pooled,1,0.961401104927063,1,,,,
D2_00065,G_00726,en,E5x_pooled,1,0.9780358672142029,1,,,,
D2_00066,G_00727,en,E5x_pooled,1,0.9747074246406555,1,,,,
D2_00067,G_00728,en,E5x_pooled,1,0.9680882692337036,1,,,,
D2_00068,G_00729,en,E5x_pooled,1,0.9709586501121521,1,,,,
D2_00069,G_00730,en,E5x_pooled,1,0.9742039442062378,1,,,,
D2_00070,G_00731,en,E5x_pooled,1,0.9768749475479126,1,,,,
D2_00071,G_00732,en,E5x_pooled,1,0.9781243801116943,1,,,,
D2_00072,G_00733,en,E5x_pooled,1,0.9656314849853516,1,,,,
D2_00073,G_00734,en,E5x_pooled,1,0.9758076071739197,1,,,,
D2_00074,G_00735,en,E5x_pooled,1,0.9694627523422241,1,,,,
D2_00075,G_00736,en,E5x_pooled,1,0.9747282862663269,1,,,,
D2_00076,G_00737,en,E5x_pooled,1,0.9670168161392212,1,,,,
D2_00077,G_00738,en,E5x_pooled,1,0.49569982290267944,1,,,,
D2_00078,G_00739,en,E5x_pooled,1,0.25971508026123047,1,,,,
D2_00079,G_00740,en,E5x_pooled,1,0.9748719930648804,1,,,,
D2_00080,G_00741,en,E5x_pooled,1,0.9764056205749512,1,,,,
D2_00081,G_00742,en,E5x_pooled,1,0.9750593304634094,1,,,,
D2_00082,G_00743,en,E5x_pooled,1,0.12660755217075348,0,,,,
D2_00083,G_00744,en,E5x_pooled,1,0.9791608452796936,1,,,,
D2_00084,G_00745,en,E5x_pooled,1,0.9696140289306641,1,,,,
D2_00085,G_00746,en,E5x_pooled,1,0.9711846113204956,1,,,,
D2_00086,G_00747,en,E5x_pooled,1,0.9741965532302856,1,,,,
D2_00087,G_00748,en,E5x_pooled,1,0.9640387296676636,1,,,,
D2_00088,G_00749,en,E5x_pooled,1,0.973254382610321,1,,,,
D2_00089,G_00750,en,E5x_pooled,1,0.9722579717636108,1,,,,
D2_00090,G_00751,en,E5x_pooled,1,0.8752179741859436,1,,,,
D2_00091,G_00752,en,E5x_pooled,1,0.978457510471344,1,,,,
D2_00092,G_00753,en,E5x_pooled,1,0.9634118676185608,1,,,,
D2_00093,G_00754,en,E5x_pooled,1,0.9771979451179504,1,,,,
D2_00094,G_00755,en,E5x_pooled,1,0.975325882434845,1,,,,
D2_00095,G_00756,en,E5x_pooled,1,0.9605947732925415,1,,,,
D2_00096,G_00757,en,E5x_pooled,1,0.08888085931539536,0,,,,
D2_00097,G_00758,en,E5x_pooled,1,0.9763579964637756,1,,,,
D2_00098,G_00759,en,E5x_pooled,1,0.9746154546737671,1,,,,
D2_00099,G_00760,en,E5x_pooled,1,0.7811228632926941,1,,,,
D2_00100,G_00761,en,E5x_pooled,1,0.9739376902580261,1,,,,
D2_00101,G_00762,en,E5x_pooled,1,0.9708042740821838,1,,,,
D2_00102,G_00763,en,E5x_pooled,1,0.9775945544242859,1,,,,
D2_00103,G_00764,en,E5x_pooled,1,0.9748479723930359,1,,,,
D2_00104,G_00765,en,E5x_pooled,1,0.9703238606452942,1,,,,
D2_00105,G_00766,en,E5x_pooled,1,0.9749289155006409,1,,,,
D2_00106,G_00767,en,E5x_pooled,1,0.9774051308631897,1,,,,
D2_00107,G_00768,en,E5x_pooled,1,0.9716888070106506,1,,,,
D2_00108,G_00769,en,E5x_pooled,1,0.9753972887992859,1,,,,
D2_00109,G_00770,en,E5x_pooled,1,0.9718124270439148,1,,,,
D2_00110,G_00771,en,E5x_pooled,1,0.9643564820289612,1,,,,
D2_00111,G_00772,en,E5x_pooled,1,0.974953830242157,1,,,,
D2_00112,G_00773,en,E5x_pooled,1,0.9741986989974976,1,,,,
D2_00113,G_00774,en,E5x_pooled,1,0.9731394648551941,1,,,,
D2_00114,G_00775,en,E5x_pooled,1,0.9747217297554016,1,,,,
D2_00115,G_00776,en,E5x_pooled,1,0.9711012840270996,1,,,,
D2_00116,G_00777,en,E5x_pooled,1,0.9727775454521179,1,,,,
D2_00117,G_00778,en,E5x_pooled,1,0.9791187644004822,1,,,,
D2_00118,G_00779,en,E5x_pooled,1,0.9743160605430603,1,,,,
D2_00119,G_00780,en,E5x_pooled,1,0.9664117693901062,1,,,,
D2_00120,G_00781,en,E5x_pooled,1,0.9745190143585205,1,,,,
D2_00121,G_00782,en,E5x_pooled,1,0.8114187717437744,1,,,,
D2_00122,G_00783,en,E5x_pooled,1,0.8572959899902344,1,,,,
D2_00123,G_00784,en,E5x_pooled,1,0.9739698767662048,1,,,,
D2_00124,G_00785,en,E5x_pooled,1,0.9753949046134949,1,,,,
D2_00125,G_00786,en,E5x_pooled,1,0.09647869318723679,0,,,,
D2_00126,G_00787,en,E5x_pooled,1,0.9461479187011719,1,,,,
D2_00127,G_00788,en,E5x_pooled,1,0.9577053189277649,1,,,,
D2_00128,G_00789,en,E5x_pooled,1,0.9724586009979248,1,,,,
D2_00129,G_00790,en,E5x_pooled,1,0.936882734298706,1,,,,
D2_00130,G_00791,en,E5x_pooled,1,0.9554173350334167,1,,,,
D2_00131,G_00792,en,E5x_pooled,1,0.9799527525901794,1,,,,
D2_00132,G_00793,en,E5x_pooled,1,0.9688317179679871,1,,,,
D2_00133,G_00794,en,E5x_pooled,1,0.9765273332595825,1,,,,
D2_00134,G_00795,en,E5x_pooled,1,0.9733981490135193,1,,,,
D2_00135,G_00796,en,E5x_pooled,1,0.9707571864128113,1,,,,
D2_00136,G_00797,en,E5x_pooled,1,0.9761611819267273,1,,,,
D2_00137,G_00798,en,E5x_pooled,1,0.9764897227287292,1,,,,
D2_00138,G_00799,en,E5x_pooled,1,0.8725400567054749,1,,,,
D2_00139,G_00800,en,E5x_pooled,1,0.9751278162002563,1,,,,
D2_00140,G_00801,en,E5x_pooled,1,0.9799959063529968,1,,,,
D2_00141,G_00802,en,E5x_pooled,1,0.9744182825088501,1,,,,
D2_00142,G_00803,en,E5x_pooled,1,0.9286290407180786,1,,,,
D2_00143,G_00804,en,E5x_pooled,1,0.9749158620834351,1,,,,
D2_00144,G_00805,en,E5x_pooled,1,0.9719526171684265,1,,,,
D2_00145,G_00806,en,E5x_pooled,1,0.10738536715507507,0,,,,
D2_00146,G_00807,en,E5x_pooled,1,0.9758854508399963,1,,,,
D2_00147,G_00808,en,E5x_pooled,1,0.9794054627418518,1,,,,
D2_00148,G_00809,en,E5x_pooled,1,0.9720539450645447,1,,,,
D2_00149,G_00810,en,E5x_pooled,1,0.9691246151924133,1,,,,
D2_00150,G_00811,en,E5x_pooled,1,0.12964993715286255,0,,,,
D2_00151,G_00812,en,E5x_pooled,1,0.9788889288902283,1,,,,
D2_00152,G_00813,en,E5x_pooled,1,0.9344910979270935,1,,,,
D2_00153,G_00814,en,E5x_pooled,1,0.9727188944816589,1,,,,
D2_00154,G_00815,en,E5x_pooled,1,0.9715983271598816,1,,,,
D2_00155,G_00816,en,E5x_pooled,1,0.9736127853393555,1,,,,
D2_00156,G_00817,en,E5x_pooled,1,0.9509977102279663,1,,,,
D2_00157,G_00818,en,E5x_pooled,1,0.9798555374145508,1,,,,
D2_00158,G_00819,en,E5x_pooled,1,0.9745372533798218,1,,,,
D2_00159,G_00820,en,E5x_pooled,1,0.9760257005691528,1,,,,
D2_00160,G_00821,en,E5x_pooled,1,0.3883063495159149,1,,,,
D2_00161,G_00822,en,E5x_pooled,1,0.9697595238685608,1,,,,
D2_00162,G_00823,en,E5x_pooled,1,0.9704590439796448,1,,,,
D2_00163,G_00824,en,E5x_pooled,1,0.9498858451843262,1,,,,
D2_00164,G_00825,en,E5x_pooled,1,0.4048403799533844,1,,,,
D2_00165,G_00826,en,E5x_pooled,1,0.9636699557304382,1,,,,
D2_00166,G_00827,en,E5x_pooled,1,0.19525672495365143,0,,,,
D2_00167,G_00828,en,E5x_pooled,1,0.4166070520877838,1,,,,
D2_00168,G_00829,en,E5x_pooled,1,0.9709979891777039,1,,,,
D2_00169,G_00830,en,E5x_pooled,1,0.9639632701873779,1,,,,
D2_00170,G_00831,en,E5x_pooled,1,0.9750319123268127,1,,,,
D2_00171,G_00832,en,E5x_pooled,1,0.9737778306007385,1,,,,
D2_00172,G_00833,en,E5x_pooled,1,0.9777610301971436,1,,,,
D2_00173,G_00834,en,E5x_pooled,1,0.9798725843429565,1,,,,
D2_00174,G_00835,en,E5x_pooled,1,0.9750173687934875,1,,,,
D2_00175,G_00836,en,E5x_pooled,1,0.9785772562026978,1,,,,
D2_00176,G_00837,en,E5x_pooled,1,0.9746505618095398,1,,,,
D2_00177,G_00838,en,E5x_pooled,1,0.976482629776001,1,,,,
D2_00178,G_00839,en,E5x_pooled,1,0.9761109948158264,1,,,,
D2_00179,G_00840,en,E5x_pooled,1,0.963916003704071,1,,,,
D2_00180,G_00841,en,E5x_pooled,1,0.9776591658592224,1,,,,
D2_00181,G_00842,en,E5x_pooled,1,0.941693127155304,1,,,,
D2_00182,G_00843,en,E5x_pooled,1,0.9120879769325256,1,,,,
D2_00183,G_00844,en,E5x_pooled,1,0.9708804488182068,1,,,,
D2_00184,G_00790,en,E5x_pooled,1,0.936882734298706,1,,,,
D2_00185,G_00846,en,E5x_pooled,1,0.975762665271759,1,,,,
D2_00186,G_00847,en,E5x_pooled,1,0.9736207127571106,1,,,,
D2_00187,G_00848,en,E5x_pooled,1,0.9737372398376465,1,,,,
D2_00188,G_00849,en,E5x_pooled,1,0.9780710339546204,1,,,,
D2_00189,G_00850,en,E5x_pooled,1,0.944141149520874,1,,,,
D2_00190,G_00851,en,E5x_pooled,1,0.976049542427063,1,,,,
D2_00191,G_00852,en,E5x_pooled,1,0.9761520028114319,1,,,,
D2_00192,G_00853,en,E5x_pooled,1,0.4919520914554596,1,,,,
D2_00193,G_00854,en,E5x_pooled,1,0.9601269364356995,1,,,,
D2_00194,G_00855,en,E5x_pooled,1,0.9766420125961304,1,,,,
D2_00195,G_00856,en,E5x_pooled,1,0.9670389890670776,1,,,,
D2_00196,G_00857,en,E5x_pooled,1,0.9559358954429626,1,,,,
D2_00197,G_00858,en,E5x_pooled,1,0.977436900138855,1,,,,
D2_00198,G_00859,en,E5x_pooled,1,0.9787282347679138,1,,,,
D2_00199,G_00860,en,E5x_pooled,1,0.9675095677375793,1,,,,
D2_00200,G_00861,en,E5x_pooled,1,0.9781467318534851,1,,,,
D2_00201,G_00862,en,E5x_pooled,1,0.6790400147438049,1,,,,
D2_00202,G_00863,en,E5x_pooled,1,0.962753176689148,1,,,,
D2_00203,G_00864,en,E5x_pooled,1,0.9738324284553528,1,,,,
D2_00204,G_00865,en,E5x_pooled,1,0.9001834392547607,1,,,,
D2_00205,G_00866,en,E5x_pooled,1,0.9714027643203735,1,,,,
D2_00206,G_00867,en,E5x_pooled,1,0.9714831113815308,1,,,,
D2_00207,G_00868,en,E5x_pooled,1,0.8981271982192993,1,,,,
D2_00208,G_00869,en,E5x_pooled,1,0.973773181438446,1,,,,
D2_00209,G_00870,en,E5x_pooled,1,0.9665994048118591,1,,,,
D2_00210,G_00871,en,E5x_pooled,1,0.7073935866355896,1,,,,
D2_00211,G_00872,en,E5x_pooled,1,0.8861821293830872,1,,,,
D2_00212,G_00873,en,E5x_pooled,1,0.9768522381782532,1,,,,
D2_00213,G_00874,en,E5x_pooled,1,0.9599402546882629,1,,,,
D2_00214,G_00875,en,E5x_pooled,1,0.9612385630607605,1,,,,
D2_00215,G_00876,en,E5x_pooled,1,0.9773005843162537,1,,,,
D2_00216,G_00877,en,E5x_pooled,1,0.9773709774017334,1,,,,
D2_00217,G_00878,en,E5x_pooled,1,0.977432906627655,1,,,,
D2_00218,G_00879,en,E5x_pooled,1,0.9749958515167236,1,,,,
D2_00219,G_00880,en,E5x_pooled,1,0.9754786491394043,1,,,,
D2_00220,G_00881,en,E5x_pooled,1,0.97314453125,1,,,,
D2_00221,G_00882,en,E5x_pooled,1,0.6675297617912292,1,,,,
D2_00222,G_00883,en,E5x_pooled,1,0.974414050579071,1,,,,
D2_00223,G_00884,en,E5x_pooled,1,0.9790859818458557,1,,,,
D2_00224,G_00885,en,E5x_pooled,1,0.9452735781669617,1,,,,
D2_00225,G_00886,en,E5x_pooled,1,0.9757319092750549,1,,,,
D2_00226,G_00887,en,E5x_pooled,1,0.9751367568969727,1,,,,
D2_00227,G_00888,en,E5x_pooled,1,0.9756476879119873,1,,,,
D2_00228,G_00889,en,E5x_pooled,1,0.9671602249145508,1,,,,
D2_00229,G_00890,en,E5x_pooled,1,0.9737480878829956,1,,,,
D2_00230,G_00891,en,E5x_pooled,1,0.9782518148422241,1,,,,
D2_00231,G_00892,en,E5x_pooled,1,0.9728856086730957,1,,,,
D2_00232,G_00893,en,E5x_pooled,1,0.9749264121055603,1,,,,
D2_00233,G_00894,en,E5x_pooled,1,0.9678158760070801,1,,,,
D2_00234,G_00895,en,E5x_pooled,1,0.8574636578559875,1,,,,
D2_00235,G_00896,en,E5x_pooled,1,0.969167947769165,1,,,,
D2_00236,G_00897,en,E5x_pooled,1,0.9779309034347534,1,,,,
D2_00237,G_00898,en,E5x_pooled,1,0.970731794834137,1,,,,
D2_00238,G_00899,en,E5x_pooled,1,0.9740365147590637,1,,,,
D2_00239,G_00900,en,E5x_pooled,1,0.9744327664375305,1,,,,
D2_00240,G_00901,en,E5x_pooled,1,0.9513680934906006,1,,,,
D2_00241,G_00902,en,E5x_pooled,1,0.9760987162590027,1,,,,
D2_00242,G_00903,en,E5x_pooled,1,0.21550284326076508,1,,,,
D2_00243,G_00904,en,E5x_pooled,1,0.9794397950172424,1,,,,
D2_00244,G_00905,en,E5x_pooled,1,0.9761971831321716,1,,,,
D2_00245,G_00906,en,E5x_pooled,1,0.9742333292961121,1,,,,
D2_00246,G_00907,en,E5x_pooled,1,0.12380401045084,0,,,,
D2_00247,G_00908,en,E5x_pooled,1,0.6428524255752563,1,,,,
D2_00248,G_00909,en,E5x_pooled,1,0.9761876463890076,1,,,,
D2_00249,G_00910,en,E5x_pooled,1,0.9765923619270325,1,,,,
D2_00250,G_00911,en,E5x_pooled,1,0.970840573310852,1,,,,
D2_00251,G_00912,en,E5x_pooled,1,0.9764835834503174,1,,,,
D2_00252,G_00913,en,E5x_pooled,1,0.9014305472373962,1,,,,
D2_00253,G_00914,en,E5x_pooled,1,0.9738314151763916,1,,,,
D2_00254,G_00915,en,E5x_pooled,1,0.9551545977592468,1,,,,
D2_00255,G_00916,en,E5x_pooled,1,0.3375621736049652,1,,,,
D2_00256,G_00917,en,E5x_pooled,1,0.9730278253555298,1,,,,
D2_00257,G_00918,en,E5x_pooled,1,0.9724391102790833,1,,,,
D2_00258,G_00919,en,E5x_pooled,1,0.9199350476264954,1,,,,
D2_00259,G_00920,en,E5x_pooled,1,0.9788428544998169,1,,,,
D2_00260,G_00921,en,E5x_pooled,1,0.9765567779541016,1,,,,
D2_00261,G_00922,en,E5x_pooled,1,0.9716044068336487,1,,,,
D2_00262,G_00923,en,E5x_pooled,1,0.9762718677520752,1,,,,
D2_00263,G_00924,en,E5x_pooled,1,0.9460029006004333,1,,,,
D2_00264,G_00925,en,E5x_pooled,1,0.9648094177246094,1,,,,
D2_00265,G_00926,en,E5x_pooled,1,0.9137426614761353,1,,,,
D2_00266,G_00927,en,E5x_pooled,1,0.9762149453163147,1,,,,
D2_00267,G_00928,en,E5x_pooled,1,0.9758169054985046,1,,,,
D2_00268,G_00929,en,E5x_pooled,1,0.7210662364959717,1,,,,
D2_00269,G_00930,en,E5x_pooled,1,0.9738733172416687,1,,,,
D2_00270,G_00931,en,E5x_pooled,1,0.19774439930915833,0,,,,
D2_00271,G_00932,en,E5x_pooled,1,0.9730174541473389,1,,,,
D2_00272,G_00933,en,E5x_pooled,1,0.9677216410636902,1,,,,
D2_00273,G_00934,en,E5x_pooled,1,0.9500831365585327,1,,,,
D2_00274,G_00935,en,E5x_pooled,1,0.3351018726825714,1,,,,
D2_00275,G_00936,en,E5x_pooled,1,0.6002559661865234,1,,,,
D2_00276,G_00937,en,E5x_pooled,1,0.9779811501502991,1,,,,
D2_00277,G_00938,en,E5x_pooled,1,0.9741514325141907,1,,,,
D2_00278,G_00939,en,E5x_pooled,1,0.9789757132530212,1,,,,
D2_00279,G_00940,en,E5x_pooled,1,0.9749261736869812,1,,,,
D2_00280,G_00941,en,E5x_pooled,1,0.9778256416320801,1,,,,
D2_00281,G_00942,en,E5x_pooled,1,0.9713658690452576,1,,,,
D2_00282,G_00943,en,E5x_pooled,1,0.978529691696167,1,,,,
D2_00283,G_00944,en,E5x_pooled,1,0.9452415704727173,1,,,,
D2_00284,G_00945,en,E5x_pooled,1,0.9748323559761047,1,,,,
D2_00285,G_00946,en,E5x_pooled,1,0.9667002558708191,1,,,,
D2_00286,G_00947,en,E5x_pooled,1,0.9697780013084412,1,,,,
D2_00287,G_00948,en,E5x_pooled,1,0.9641451835632324,1,,,,
D2_00288,G_00949,en,E5x_pooled,1,0.9761197566986084,1,,,,
D2_00289,G_00950,en,E5x_pooled,1,0.9659217000007629,1,,,,
D2_00290,G_00951,en,E5x_pooled,1,0.9684223532676697,1,,,,
D2_00291,G_00952,en,E5x_pooled,1,0.9726824760437012,1,,,,
D2_00292,G_00953,en,E5x_pooled,1,0.9733400940895081,1,,,,
D2_00293,G_00954,en,E5x_pooled,1,0.9784640073776245,1,,,,
D2_00294,G_00955,en,E5x_pooled,1,0.9779815077781677,1,,,,
D2_00295,G_00956,en,E5x_pooled,1,0.9008775949478149,1,,,,
D2_00296,G_00957,en,E5x_pooled,1,0.9757457375526428,1,,,,
D2_00297,G_00958,en,E5x_pooled,1,0.12130121886730194,0,,,,
D2_00298,G_00959,en,E5x_pooled,1,0.9750186204910278,1,,,,
D2_00299,G_00960,en,E5x_pooled,1,0.9631916880607605,1,,,,
D2_00300,G_00961,en,E5x_pooled,1,0.974719762802124,1,,,,
D2_00301,G_00962,en,E5x_pooled,1,0.11236250400543213,0,,,,
D2_00302,G_00963,en,E5x_pooled,1,0.9675408005714417,1,,,,
D2_00303,G_00964,en,E5x_pooled,1,0.9781268835067749,1,,,,
D2_00304,G_00965,en,E5x_pooled,1,0.9690008163452148,1,,,,
D2_00305,G_00966,en,E5x_pooled,1,0.9752650856971741,1,,,,
D2_00306,G_00967,en,E5x_pooled,1,0.9533724784851074,1,,,,
D2_00307,G_00968,en,E5x_pooled,1,0.9771602153778076,1,,,,
D2_00308,G_00969,en,E5x_pooled,1,0.4705083668231964,1,,,,
D2_00309,G_00970,en,E5x_pooled,1,0.08504345268011093,0,,,,
D2_00310,G_00971,en,E5x_pooled,1,0.9748477935791016,1,,,,
D2_00311,G_00972,en,E5x_pooled,1,0.9756027460098267,1,,,,
D2_00312,G_00973,en,E5x_pooled,1,0.9720573425292969,1,,,,
D2_00313,G_00974,en,E5x_pooled,1,0.9786643981933594,1,,,,
D2_00314,G_00975,en,E5x_pooled,1,0.9771555662155151,1,,,,
D2_00315,G_00976,en,E5x_pooled,1,0.972024142742157,1,,,,
D2_00316,G_00977,en,E5x_pooled,1,0.9289624691009521,1,,,,
D2_00317,G_00978,en,E5x_pooled,1,0.9746425151824951,1,,,,
D2_00318,G_00979,en,E5x_pooled,1,0.9725857973098755,1,,,,
D2_00319,G_00980,en,E5x_pooled,1,0.9781672954559326,1,,,,
D2_00320,G_00981,en,E5x_pooled,1,0.974858283996582,1,,,,
D2_00321,G_00982,en,E5x_pooled,1,0.9683243036270142,1,,,,
D2_00322,G_00983,en,E5x_pooled,1,0.9755327701568604,1,,,,
D2_00323,G_00984,en,E5x_pooled,1,0.9701575636863708,1,,,,
D2_00324,G_00985,en,E5x_pooled,1,0.9757627248764038,1,,,,
D2_00325,G_00986,en,E5x_pooled,1,0.9603028893470764,1,,,,
D2_00326,G_00987,en,E5x_pooled,1,0.9787214398384094,1,,,,
D2_00327,G_00988,en,E5x_pooled,1,0.9734506607055664,1,,,,
D2_00328,G_00989,en,E5x_pooled,1,0.9762335419654846,1,,,,
D2_00329,G_00990,en,E5x_pooled,1,0.9540008902549744,1,,,,
D2_00330,G_00991,en,E5x_pooled,1,0.9692135453224182,1,,,,
D2_00331,G_00992,en,E5x_pooled,1,0.9500710964202881,1,,,,
D2_00332,G_00993,en,E5x_pooled,1,0.9776995182037354,1,,,,
D2_00333,G_00994,en,E5x_pooled,1,0.2743648588657379,1,,,,
D2_00334,G_00995,en,E5x_pooled,1,0.9756273627281189,1,,,,
D2_00335,G_00996,en,E5x_pooled,1,0.9384642243385315,1,,,,
D2_00336,G_00997,en,E5x_pooled,1,0.9735885262489319,1,,,,
D2_00337,G_00998,en,E5x_pooled,1,0.9746546745300293,1,,,,
D2_00338,G_00999,en,E5x_pooled,1,0.9732077717781067,1,,,,
D2_00339,G_01000,en,E5x_pooled,1,0.9641885161399841,1,,,,
D2_00340,G_01001,en,E5x_pooled,1,0.9613858461380005,1,,,,
D2_00341,G_01002,en,E5x_pooled,1,0.9748744964599609,1,,,,
D2_00342,G_01003,en,E5x_pooled,1,0.9754709005355835,1,,,,
D2_00343,G_01004,en,E5x_pooled,1,0.8999096155166626,1,,,,
D2_00344,G_01005,en,E5x_pooled,1,0.9773821234703064,1,,,,
D2_00345,G_01006,en,E5x_pooled,1,0.980166494846344,1,,,,
D2_00346,G_01007,en,E5x_pooled,1,0.9726111888885498,1,,,,
D2_00347,G_01008,en,E5x_pooled,1,0.9747421741485596,1,,,,
D2_00348,G_01009,en,E5x_pooled,1,0.9737808704376221,1,,,,
D2_00349,G_01010,en,E5x_pooled,1,0.9767776131629944,1,,,,
D2_00350,G_01011,en,E5x_pooled,1,0.9722374081611633,1,,,,
D2_00351,G_01012,en,E5x_pooled,1,0.976584255695343,1,,,,
D2_00352,G_01013,en,E5x_pooled,1,0.9737828969955444,1,,,,
D2_00353,G_01014,en,E5x_pooled,1,0.975030779838562,1,,,,
D2_00354,G_01015,en,E5x_pooled,1,0.9697479605674744,1,,,,
D2_00355,G_01016,en,E5x_pooled,1,0.9657025337219238,1,,,,
D2_00356,G_01017,en,E5x_pooled,1,0.775669515132904,1,,,,
D2_00357,G_01018,en,E5x_pooled,1,0.8872465491294861,1,,,,
D2_00358,G_01019,en,E5x_pooled,1,0.14901266992092133,0,,,,
D2_00359,G_01020,en,E5x_pooled,1,0.976765513420105,1,,,,
D2_00360,G_01021,en,E5x_pooled,1,0.08913403749465942,0,,,,
D2_00361,G_01022,en,E5x_pooled,1,0.9734905362129211,1,,,,
D2_00362,G_01023,en,E5x_pooled,1,0.9792121648788452,1,,,,
D2_00363,G_01024,en,E5x_pooled,1,0.3662821650505066,1,,,,
D2_00364,G_01025,en,E5x_pooled,1,0.15209569036960602,0,,,,
D2_00365,G_01026,en,E5x_pooled,1,0.9696567058563232,1,,,,
D2_00366,G_01027,en,E5x_pooled,1,0.9774762392044067,1,,,,
D2_00367,G_01028,en,E5x_pooled,1,0.980346143245697,1,,,,
D2_00368,G_01029,en,E5x_pooled,1,0.968909502029419,1,,,,
D2_00369,G_01030,en,E5x_pooled,1,0.9777243733406067,1,,,,
D2_00370,G_01031,en,E5x_pooled,1,0.8410465121269226,1,,,,
D2_00371,G_01032,en,E5x_pooled,1,0.9778199791908264,1,,,,
D2_00372,G_01033,en,E5x_pooled,1,0.9671643376350403,1,,,,
D2_00373,G_01034,en,E5x_pooled,1,0.975946307182312,1,,,,
D2_00374,G_01035,en,E5x_pooled,1,0.09912549704313278,0,,,,
D2_00375,G_01036,en,E5x_pooled,1,0.9742989540100098,1,,,,
D2_00376,G_01037,en,E5x_pooled,1,0.9753432273864746,1,,,,
D2_00377,G_01038,en,E5x_pooled,1,0.9710349440574646,1,,,,
D2_00378,G_01039,en,E5x_pooled,1,0.8768509030342102,1,,,,
D2_00379,G_01040,en,E5x_pooled,1,0.9709616899490356,1,,,,
D2_00380,G_01041,en,E5x_pooled,1,0.9736577868461609,1,,,,
D2_00381,G_01042,en,E5x_pooled,1,0.7825395464897156,1,,,,
D2_00382,G_01043,en,E5x_pooled,1,0.9800452589988708,1,,,,
D2_00383,G_01044,en,E5x_pooled,1,0.1254131942987442,0,,,,
D2_00384,G_01045,en,E5x_pooled,1,0.9722025394439697,1,,,,
D2_00385,G_01046,en,E5x_pooled,1,0.1006624773144722,0,,,,
D2_00386,G_01047,en,E5x_pooled,1,0.1285097897052765,0,,,,
D2_00387,G_01048,en,E5x_pooled,1,0.9738576412200928,1,,,,
D2_00388,G_01049,en,E5x_pooled,1,0.9719345569610596,1,,,,
D2_00389,G_01050,en,E5x_pooled,1,0.9779847264289856,1,,,,
D2_00390,G_01051,en,E5x_pooled,1,0.9780049920082092,1,,,,
D2_00391,G_01052,en,E5x_pooled,1,0.9742154479026794,1,,,,
D2_00392,G_01053,en,E5x_pooled,1,0.972586452960968,1,,,,
D2_00393,G_01054,en,E5x_pooled,1,0.9796381592750549,1,,,,
D2_00394,G_01055,en,E5x_pooled,1,0.9792885184288025,1,,,,
D2_00395,G_01056,en,E5x_pooled,1,0.10925416648387909,0,,,,
D2_00396,G_01057,en,E5x_pooled,1,0.9762285351753235,1,,,,
D2_00397,G_01058,en,E5x_pooled,1,0.9454134106636047,1,,,,
D2_00398,G_01059,en,E5x_pooled,1,0.9732164740562439,1,,,,
D2_00399,G_01060,en,E5x_pooled,1,0.9606232643127441,1,,,,
D2_00400,G_01061,en,E5x_pooled,1,0.9707287549972534,1,,,,
D2_00401,G_01062,en,E5x_pooled,1,0.610226571559906,1,,,,
D2_00402,G_01063,en,E5x_pooled,1,0.14712202548980713,0,,,,
D2_00403,G_01064,en,E5x_pooled,1,0.8736246228218079,1,,,,
D2_00404,G_01065,en,E5x_pooled,1,0.9529123902320862,1,,,,
D2_00405,G_01066,en,E5x_pooled,1,0.9694200754165649,1,,,,
D2_00406,G_01067,en,E5x_pooled,1,0.429716557264328,1,,,,
D2_00407,G_01068,en,E5x_pooled,1,0.9770475625991821,1,,,,
D2_00408,G_01069,en,E5x_pooled,1,0.9682743549346924,1,,,,
D2_00409,G_01070,en,E5x_pooled,1,0.9753881096839905,1,,,,
D2_00410,G_01071,en,E5x_pooled,1,0.9771674275398254,1,,,,
D2_00411,G_01072,en,E5x_pooled,1,0.97544264793396,1,,,,
D2_00412,G_01073,en,E5x_pooled,1,0.9685990214347839,1,,,,
D2_00413,G_01074,en,E5x_pooled,1,0.9783523082733154,1,,,,
D2_00414,G_01075,en,E5x_pooled,1,0.19116239249706268,0,,,,
D2_00415,G_01076,en,E5x_pooled,1,0.9505560994148254,1,,,,
D2_00416,G_00711,en,E5x_pooled,1,0.9702543020248413,1,,,,
D2_00417,G_01078,en,E5x_pooled,1,0.9672160744667053,1,,,,
D2_00418,G_01079,en,E5x_pooled,1,0.9795529246330261,1,,,,
D2_00419,G_01080,en,E5x_pooled,1,0.9432657957077026,1,,,,
D2_00420,G_01081,en,E5x_pooled,1,0.1436578929424286,0,,,,
D2_00421,G_01082,en,E5x_pooled,1,0.7316809296607971,1,,,,
D2_00422,G_01083,en,E5x_pooled,1,0.9747850298881531,1,,,,
D2_00423,G_01084,en,E5x_pooled,1,0.968985915184021,1,,,,
D2_00424,G_01085,en,E5x_pooled,1,0.4797128438949585,1,,,,
D2_00425,G_01086,en,E5x_pooled,1,0.45462149381637573,1,,,,
D2_00426,G_01087,en,E5x_pooled,1,0.973371148109436,1,,,,
D2_00427,G_01088,en,E5x_pooled,1,0.760600209236145,1,,,,
D2_00428,G_01089,en,E5x_pooled,1,0.7915552258491516,1,,,,
D2_00429,G_01090,en,E5x_pooled,1,0.9104024767875671,1,,,,
D2_00430,G_01091,en,E5x_pooled,1,0.977329671382904,1,,,,
D2_00431,G_01092,en,E5x_pooled,1,0.9718918204307556,1,,,,
D2_00432,G_01093,en,E5x_pooled,1,0.9780517220497131,1,,,,
D2_00433,G_01094,en,E5x_pooled,1,0.9697186946868896,1,,,,
D2_00434,G_01095,en,E5x_pooled,1,0.4100095331668854,1,,,,
D2_00435,G_01096,en,E5x_pooled,1,0.21662543714046478,1,,,,
D2_00436,G_01097,en,E5x_pooled,1,0.9769793152809143,1,,,,
D2_00437,G_01098,en,E5x_pooled,1,0.9095863103866577,1,,,,
D2_00438,G_01099,en,E5x_pooled,1,0.9731109738349915,1,,,,
D2_00439,G_01100,en,E5x_pooled,1,0.9765152931213379,1,,,,
D2_00440,G_01101,en,E5x_pooled,1,0.9750192165374756,1,,,,
D2_00441,G_01102,en,E5x_pooled,1,0.9680544137954712,1,,,,
D2_00442,G_01103,en,E5x_pooled,1,0.9518229365348816,1,,,,
D2_00443,G_01104,en,E5x_pooled,1,0.7408671975135803,1,,,,
D2_00444,G_01105,en,E5x_pooled,1,0.9758894443511963,1,,,,
D2_00445,G_01106,en,E5x_pooled,1,0.9748491644859314,1,,,,
D2_00446,G_01107,en,E5x_pooled,1,0.6043897271156311,1,,,,
D2_00447,G_01108,en,E5x_pooled,1,0.9460135698318481,1,,,,
D2_00448,G_01109,en,E5x_pooled,1,0.7796503901481628,1,,,,
D2_00449,G_01110,en,E5x_pooled,1,0.975482165813446,1,,,,
D2_00450,G_01111,en,E5x_pooled,1,0.9649927020072937,1,,,,
D2_00451,G_01112,en,E5x_pooled,1,0.9671208262443542,1,,,,
D2_00452,G_01113,en,E5x_pooled,1,0.9737590551376343,1,,,,
D2_00453,G_01114,en,E5x_pooled,1,0.08525405824184418,0,,,,
D2_00454,G_01115,en,E5x_pooled,1,0.9738377332687378,1,,,,
D2_00455,G_01116,en,E5x_pooled,1,0.9713119864463806,1,,,,
D2_00456,G_01117,en,E5x_pooled,1,0.9349633455276489,1,,,,
D2_00457,G_01118,en,E5x_pooled,1,0.9381667971611023,1,,,,
D2_00458,G_01119,en,E5x_pooled,1,0.9754675030708313,1,,,,
D2_00459,G_01120,en,E5x_pooled,1,0.976581871509552,1,,,,
D2_00460,G_01121,en,E5x_pooled,1,0.9754509329795837,1,,,,
D2_00461,G_01122,en,E5x_pooled,1,0.9793177843093872,1,,,,
D2_00462,G_01123,en,E5x_pooled,1,0.9741732478141785,1,,,,
D2_00463,G_01124,en,E5x_pooled,1,0.9426555633544922,1,,,,
D2_00464,G_01125,en,E5x_pooled,1,0.9695572257041931,1,,,,
D2_00465,G_01126,en,E5x_pooled,1,0.970848560333252,1,,,,
D2_00466,G_01127,en,E5x_pooled,1,0.9775621891021729,1,,,,
D2_00467,G_01128,en,E5x_pooled,1,0.966256856918335,1,,,,
D2_00468,G_01129,en,E5x_pooled,1,0.9778431057929993,1,,,,
D2_00469,G_01130,en,E5x_pooled,1,0.9708400964736938,1,,,,
D2_00470,G_01131,en,E5x_pooled,1,0.9765010476112366,1,,,,
D2_00471,G_01132,en,E5x_pooled,1,0.11343683302402496,0,,,,
D2_00472,G_01133,en,E5x_pooled,1,0.9733538627624512,1,,,,
D2_00473,G_01134,en,E5x_pooled,1,0.14213372766971588,0,,,,
D2_00474,G_01135,en,E5x_pooled,1,0.975023627281189,1,,,,
D2_00475,G_01136,en,E5x_pooled,1,0.9720645546913147,1,,,,
D2_00476,G_01137,en,E5x_pooled,1,0.9759330153465271,1,,,,
D2_00477,G_01138,en,E5x_pooled,1,0.9718467593193054,1,,,,
D2_00478,G_01139,en,E5x_pooled,1,0.9787561893463135,1,,,,
D2_00479,G_01140,en,E5x_pooled,1,0.9742263555526733,1,,,,
D2_00480,G_01141,en,E5x_pooled,1,0.9730163812637329,1,,,,
D2_00481,G_01142,en,E5x_pooled,1,0.8880450129508972,1,,,,
D2_00482,G_01143,en,E5x_pooled,1,0.9716143012046814,1,,,,
D2_00483,G_01144,en,E5x_pooled,1,0.9777671098709106,1,,,,
D2_00484,G_01145,en,E5x_pooled,1,0.9756105542182922,1,,,,
D2_00485,G_01146,en,E5x_pooled,1,0.8666946887969971,1,,,,
D2_00486,G_01147,en,E5x_pooled,1,0.9127850532531738,1,,,,
D2_00487,G_01148,en,E5x_pooled,1,0.9773731231689453,1,,,,
D2_00488,G_01149,en,E5x_pooled,1,0.9723791480064392,1,,,,
D2_00489,G_01150,en,E5x_pooled,1,0.980455219745636,1,,,,
D2_00490,G_01151,en,E5x_pooled,1,0.13588201999664307,0,,,,
D2_00491,G_01152,en,E5x_pooled,1,0.9753227829933167,1,,,,
D2_00492,G_01153,en,E5x_pooled,1,0.9783583879470825,1,,,,
D2_00493,G_01154,en,E5x_pooled,1,0.9658465385437012,1,,,,
D2_00494,G_01155,en,E5x_pooled,1,0.974611759185791,1,,,,
D2_00495,G_01156,en,E5x_pooled,1,0.9710845351219177,1,,,,
D2_00496,G_01157,en,E5x_pooled,1,0.9780294895172119,1,,,,
D2_00497,G_01158,en,E5x_pooled,1,0.9789188504219055,1,,,,
D2_00498,G_01159,en,E5x_pooled,1,0.9650334119796753,1,,,,
D2_00499,G_01160,en,E5x_pooled,1,0.9726028442382812,1,,,,
D2_00500,G_01161,en,E5x_pooled,1,0.4300778806209564,1,,,,
D2_00501,G_01162,en,E5x_pooled,1,0.9754177331924438,1,,,,
D2_00502,G_01163,en,E5x_pooled,1,0.9729728698730469,1,,,,
D2_00503,G_01164,en,E5x_pooled,1,0.9792495369911194,1,,,,
D2_00504,G_01165,en,E5x_pooled,1,0.9404935240745544,1,,,,
D2_00505,G_01166,en,E5x_pooled,1,0.9773617386817932,1,,,,
D2_00506,G_01167,en,E5x_pooled,1,0.2238524854183197,1,,,,
D2_00507,G_01168,en,E5x_pooled,1,0.9103394746780396,1,,,,
D2_00508,G_01169,en,E5x_pooled,1,0.9769911170005798,1,,,,
D2_00509,G_01170,en,E5x_pooled,1,0.980250358581543,1,,,,
D2_00510,G_01171,en,E5x_pooled,1,0.9749311804771423,1,,,,
D2_00511,G_01172,en,E5x_pooled,1,0.9190725684165955,1,,,,
D2_00512,G_01173,en,E5x_pooled,1,0.9792536497116089,1,,,,
D2_00513,G_01174,en,E5x_pooled,1,0.9792914986610413,1,,,,
D2_00514,G_01175,en,E5x_pooled,1,0.9462042450904846,1,,,,
D2_00515,G_01176,en,E5x_pooled,1,0.9644707441329956,1,,,,
D2_00516,G_01177,en,E5x_pooled,1,0.9763475060462952,1,,,,
D2_00517,G_01178,en,E5x_pooled,1,0.9700875282287598,1,,,,
D2_00518,G_01179,en,E5x_pooled,1,0.9560515880584717,1,,,,
D2_00519,G_01180,en,E5x_pooled,1,0.9779355525970459,1,,,,
D2_00520,G_01181,en,E5x_pooled,1,0.973330020904541,1,,,,
D2_00521,G_01182,en,E5x_pooled,1,0.9709988832473755,1,,,,
D2_00522,G_01183,en,E5x_pooled,1,0.9714340567588806,1,,,,
D2_00523,G_01184,en,E5x_pooled,1,0.8027827143669128,1,,,,
D2_00524,G_01185,en,E5x_pooled,1,0.9765947461128235,1,,,,
D2_00525,G_01186,en,E5x_pooled,1,0.9736548662185669,1,,,,
D2_00526,G_01187,en,E5x_pooled,1,0.9787510633468628,1,,,,
D2_00527,G_01188,en,E5x_pooled,1,0.9692874550819397,1,,,,
D2_00528,G_01189,en,E5x_pooled,1,0.972326397895813,1,,,,
D2_00529,G_01190,en,E5x_pooled,1,0.9353394508361816,1,,,,
D2_00530,G_01191,en,E5x_pooled,1,0.9745980501174927,1,,,,
D2_00531,G_01192,en,E5x_pooled,1,0.9716385006904602,1,,,,
D2_00532,G_01193,en,E5x_pooled,1,0.9699095487594604,1,,,,
D2_00533,G_01194,en,E5x_pooled,1,0.9701623916625977,1,,,,
D2_00534,G_01195,en,E5x_pooled,1,0.969109833240509,1,,,,
D2_00535,G_01196,en,E5x_pooled,1,0.9706676602363586,1,,,,
D2_00536,G_01197,en,E5x_pooled,1,0.9735798239707947,1,,,,
D2_00537,G_01198,en,E5x_pooled,1,0.9584117531776428,1,,,,
D2_00538,G_01199,en,E5x_pooled,1,0.9754973649978638,1,,,,
D2_00539,G_01200,en,E5x_pooled,1,0.973609983921051,1,,,,
D2_00540,G_01201,en,E5x_pooled,1,0.11370197683572769,0,,,,
D2_00541,G_01202,en,E5x_pooled,1,0.9773019552230835,1,,,,
D2_00542,G_01203,en,E5x_pooled,1,0.9736262559890747,1,,,,
D2_00543,G_01204,en,E5x_pooled,1,0.9615928530693054,1,,,,
D2_00544,G_01205,en,E5x_pooled,1,0.9670495986938477,1,,,,
D2_00545,G_01206,en,E5x_pooled,1,0.09904245287179947,0,,,,
D2_00546,G_01207,en,E5x_pooled,1,0.7699390649795532,1,,,,
D2_00547,G_01208,en,E5x_pooled,1,0.9470139741897583,1,,,,
D2_00548,G_01209,en,E5x_pooled,1,0.975364625453949,1,,,,
D2_00549,G_01210,en,E5x_pooled,1,0.9779815077781677,1,,,,
D2_00550,G_01211,en,E5x_pooled,1,0.3846279978752136,1,,,,
D2_00551,G_01212,en,E5x_pooled,1,0.975338876247406,1,,,,
D2_00552,G_01213,en,E5x_pooled,1,0.13111612200737,0,,,,
D2_00553,G_01214,en,E5x_pooled,1,0.9773452281951904,1,,,,
D2_00554,G_01215,en,E5x_pooled,1,0.9735231995582581,1,,,,
D2_00555,G_01216,en,E5x_pooled,1,0.9766120314598083,1,,,,
D2_00556,G_01217,en,E5x_pooled,1,0.9625852704048157,1,,,,
D2_00557,G_01218,en,E5x_pooled,1,0.9760168194770813,1,,,,
D2_00558,G_01219,en,E5x_pooled,1,0.970151960849762,1,,,,
D2_00559,G_01220,en,E5x_pooled,1,0.9755309224128723,1,,,,
D2_00560,G_01221,en,E5x_pooled,1,0.9675772190093994,1,,,,
D2_00561,G_01222,en,E5x_pooled,1,0.8237017393112183,1,,,,
D2_00562,G_01223,en,E5x_pooled,1,0.9755071997642517,1,,,,
D2_00563,G_01224,en,E5x_pooled,1,0.958947479724884,1,,,,
D2_00564,G_01225,en,E5x_pooled,1,0.9728566408157349,1,,,,
D2_00565,G_01226,en,E5x_pooled,1,0.9675957560539246,1,,,,
D2_00566,G_01227,en,E5x_pooled,1,0.9437088370323181,1,,,,
D2_00567,G_01228,en,E5x_pooled,1,0.97535240650177,1,,,,
D2_00568,G_01229,en,E5x_pooled,1,0.9735707640647888,1,,,,
D2_00569,G_01230,en,E5x_pooled,1,0.9745940566062927,1,,,,
D2_00570,G_01231,en,E5x_pooled,1,0.9734520316123962,1,,,,
D2_00571,G_01232,en,E5x_pooled,1,0.24688760936260223,1,,,,
D2_00572,G_01233,en,E5x_pooled,1,0.9479435086250305,1,,,,
D2_00573,G_01234,en,E5x_pooled,1,0.9779021739959717,1,,,,
D2_00574,G_01235,en,E5x_pooled,1,0.9801251888275146,1,,,,
D2_00575,G_01236,en,E5x_pooled,1,0.9778454899787903,1,,,,
D2_00576,G_01237,en,E5x_pooled,1,0.9519230723381042,1,,,,
D2_00577,G_01238,en,E5x_pooled,1,0.8237355351448059,1,,,,
D2_00578,G_01239,en,E5x_pooled,1,0.976954460144043,1,,,,
D2_00579,G_01240,en,E5x_pooled,1,0.9732495546340942,1,,,,
D2_00580,G_01241,en,E5x_pooled,1,0.9190815687179565,1,,,,
D2_00581,G_01242,en,E5x_pooled,1,0.9704373478889465,1,,,,
D2_00582,G_01243,en,E5x_pooled,1,0.972873866558075,1,,,,
D2_00583,G_01244,en,E5x_pooled,1,0.9732358455657959,1,,,,
D2_00584,G_01245,en,E5x_pooled,1,0.9741553068161011,1,,,,
D2_00585,G_01246,en,E5x_pooled,1,0.9801601767539978,1,,,,
D2_00586,G_01247,en,E5x_pooled,1,0.4609750807285309,1,,,,
D2_00587,G_01248,en,E5x_pooled,1,0.9776445627212524,1,,,,
D2_00588,G_01249,en,E5x_pooled,1,0.9717591404914856,1,,,,
D2_00589,G_01250,en,E5x_pooled,1,0.9782056212425232,1,,,,
D2_00590,G_01251,en,E5x_pooled,1,0.9730497002601624,1,,,,
D2_00591,G_01252,en,E5x_pooled,1,0.9479395151138306,1,,,,
D2_00592,G_01253,en,E5x_pooled,1,0.6099427938461304,1,,,,
D2_00593,G_01254,en,E5x_pooled,1,0.9741896986961365,1,,,,
D2_00594,G_01255,en,E5x_pooled,1,0.9774749875068665,1,,,,
D2_00595,G_01256,en,E5x_pooled,1,0.9384909868240356,1,,,,
D2_00596,G_01257,en,E5x_pooled,1,0.9759833216667175,1,,,,
D2_00597,G_01258,en,E5x_pooled,1,0.9771291613578796,1,,,,
D2_00598,G_01259,en,E5x_pooled,1,0.9772765636444092,1,,,,
D2_00599,G_01260,en,E5x_pooled,1,0.9750139117240906,1,,,,
D2_00600,G_01261,en,E5x_pooled,1,0.9774234890937805,1,,,,
D2_00601,G_01262,en,E5x_pooled,1,0.9166132807731628,1,,,,
D2_00602,G_01263,en,E5x_pooled,1,0.9765085577964783,1,,,,
D2_00603,G_01264,en,E5x_pooled,1,0.9268272519111633,1,,,,
D2_00604,G_01265,en,E5x_pooled,1,0.9782186150550842,1,,,,
D2_00605,G_01266,en,E5x_pooled,1,0.9746105074882507,1,,,,
D2_00606,G_01267,en,E5x_pooled,1,0.9771915674209595,1,,,,
D2_00607,G_01268,en,E5x_pooled,1,0.9739486575126648,1,,,,
D2_00608,G_01269,en,E5x_pooled,1,0.09819332510232925,0,,,,
D2_00609,G_01270,en,E5x_pooled,1,0.12113038450479507,0,,,,
D2_00610,G_01271,en,E5x_pooled,1,0.9790025949478149,1,,,,
D2_00611,G_01272,en,E5x_pooled,1,0.7499510049819946,1,,,,
D2_00612,G_01273,en,E5x_pooled,1,0.09114692360162735,0,,,,
D2_00613,G_00870,en,E5x_pooled,1,0.9682415723800659,1,,,,
D2_00614,G_01275,en,E5x_pooled,1,0.9772782921791077,1,,,,
D2_00615,G_01276,en,E5x_pooled,1,0.9738689064979553,1,,,,
D2_00616,G_01277,en,E5x_pooled,1,0.9528090357780457,1,,,,
D2_00617,G_01278,en,E5x_pooled,1,0.9759694933891296,1,,,,
D2_00618,G_01279,en,E5x_pooled,1,0.9787676930427551,1,,,,
D2_00619,G_01280,en,E5x_pooled,1,0.13369537889957428,0,,,,
D2_00620,G_01281,en,E5x_pooled,1,0.9722086191177368,1,,,,
D2_00621,G_01282,en,E5x_pooled,1,0.9505753517150879,1,,,,
D2_00622,G_01283,en,E5x_pooled,1,0.9345371127128601,1,,,,
D2_00623,G_01284,en,E5x_pooled,1,0.9697787761688232,1,,,,
D2_00624,G_01285,en,E5x_pooled,1,0.976453423500061,1,,,,
D2_00625,G_01286,en,E5x_pooled,1,0.9765871167182922,1,,,,
D2_00626,G_01287,en,E5x_pooled,1,0.9782502055168152,1,,,,
D2_00627,G_01288,en,E5x_pooled,1,0.9727596044540405,1,,,,
D2_00628,G_01289,en,E5x_pooled,1,0.9644424915313721,1,,,,
D2_00629,G_01290,en,E5x_pooled,1,0.9761351943016052,1,,,,
D2_00630,G_01291,en,E5x_pooled,1,0.978880763053894,1,,,,
D2_00631,G_01292,en,E5x_pooled,1,0.9576120972633362,1,,,,
D2_00632,G_01293,en,E5x_pooled,1,0.9079874157905579,1,,,,
D2_00633,G_01294,en,E5x_pooled,1,0.9731758236885071,1,,,,
D2_00634,G_01295,en,E5x_pooled,1,0.79142826795578,1,,,,
D2_00635,G_01296,en,E5x_pooled,1,0.09906493872404099,0,,,,
D2_00636,G_01297,en,E5x_pooled,1,0.9746314287185669,1,,,,
D2_00637,G_01298,en,E5x_pooled,1,0.13903555274009705,0,,,,
D2_00638,G_01299,en,E5x_pooled,1,0.9784145355224609,1,,,,
D2_00639,G_01300,en,E5x_pooled,1,0.9642814993858337,1,,,,
D2_00640,G_01301,en,E5x_pooled,1,0.9713905453681946,1,,,,
D2_00641,G_01302,en,E5x_pooled,1,0.978132963180542,1,,,,
D2_00642,G_01303,en,E5x_pooled,1,0.9761042594909668,1,,,,
D2_00643,G_01304,en,E5x_pooled,1,0.9759397506713867,1,,,,
D2_00644,G_01305,en,E5x_pooled,1,0.9733902215957642,1,,,,
D2_00645,G_01306,en,E5x_pooled,1,0.9794636964797974,1,,,,
D2_00646,G_01307,en,E5x_pooled,1,0.9517325758934021,1,,,,
D2_00647,G_01308,en,E5x_pooled,1,0.9574326872825623,1,,,,
D2_00648,G_01309,en,E5x_pooled,1,0.9768287539482117,1,,,,
D2_00649,G_01310,en,E5x_pooled,1,0.9765605330467224,1,,,,
D2_00650,G_01311,en,E5x_pooled,1,0.9786262512207031,1,,,,
D2_00651,G_01312,en,E5x_pooled,1,0.978912889957428,1,,,,
D2_00652,G_01313,en,E5x_pooled,1,0.9746525287628174,1,,,,
D2_00653,G_01314,en,E5x_pooled,1,0.9769748449325562,1,,,,
D2_00654,G_01315,en,E5x_pooled,1,0.9476514458656311,1,,,,
D2_00655,G_01316,en,E5x_pooled,1,0.9756301045417786,1,,,,
D2_00656,G_01317,en,E5x_pooled,1,0.971337080001831,1,,,,
D2_00657,G_01318,en,E5x_pooled,1,0.9159237742424011,1,,,,
D2_00658,G_01319,en,E5x_pooled,1,0.9194955229759216,1,,,,
D2_00659,G_01320,en,E5x_pooled,1,0.416813462972641,1,,,,
D2_00660,G_01321,en,E5x_pooled,1,0.8108986616134644,1,,,,
D2_00661,G_01322,en,E5x_pooled,1,0.9557803869247437,1,,,,
D2_00662,G_01323,en,E5x_pooled,1,0.9664420485496521,1,,,,
D2_00663,G_01324,en,E5x_pooled,1,0.9674764275550842,1,,,,
D2_00664,G_01325,en,E5x_pooled,1,0.9597190022468567,1,,,,
D2_00665,G_01326,en,E5x_pooled,1,0.9773203134536743,1,,,,
D2_00666,G_01327,en,E5x_pooled,1,0.9758012294769287,1,,,,
D2_00667,G_01328,en,E5x_pooled,1,0.9714974164962769,1,,,,
D2_00668,G_01329,en,E5x_pooled,1,0.9457453489303589,1,,,,
D2_00669,G_01330,en,E5x_pooled,1,0.977523148059845,1,,,,
D2_00670,G_01331,en,E5x_pooled,1,0.790032684803009,1,,,,
D2_00671,G_01332,en,E5x_pooled,1,0.9563753008842468,1,,,,
D2_00672,G_01333,en,E5x_pooled,1,0.9720247983932495,1,,,,
D2_00673,G_01334,en,E5x_pooled,1,0.9703712463378906,1,,,,
D2_00674,G_01335,en,E5x_pooled,1,0.7702144384384155,1,,,,
D2_00675,G_01336,en,E5x_pooled,1,0.9694815874099731,1,,,,
D2_00676,G_01337,en,E5x_pooled,1,0.9623628258705139,1,,,,
D2_00677,G_01338,en,E5x_pooled,1,0.978836715221405,1,,,,
D2_00678,G_01339,en,E5x_pooled,1,0.9597856402397156,1,,,,
D2_00679,G_01340,en,E5x_pooled,1,0.9705790281295776,1,,,,
D2_00680,G_01341,en,E5x_pooled,1,0.9775416254997253,1,,,,
D2_00681,G_01342,en,E5x_pooled,1,0.9626787900924683,1,,,,
D2_00682,G_01343,en,E5x_pooled,1,0.31541773676872253,1,,,,
D2_00683,G_01344,en,E5x_pooled,1,0.9803521633148193,1,,,,
D2_00684,G_01345,en,E5x_pooled,1,0.2896859645843506,1,,,,
D2_00685,G_01346,en,E5x_pooled,1,0.9650154113769531,1,,,,
D2_00686,G_01347,en,E5x_pooled,1,0.933461606502533,1,,,,
D2_00687,G_01348,en,E5x_pooled,1,0.9751537442207336,1,,,,
D2_00688,G_01349,en,E5x_pooled,1,0.9739212989807129,1,,,,
D2_00689,G_01350,en,E5x_pooled,1,0.9284928441047668,1,,,,
D2_00690,G_01351,en,E5x_pooled,1,0.10967624932527542,0,,,,
D2_00691,G_01352,en,E5x_pooled,1,0.9438489079475403,1,,,,
D2_00692,G_01353,en,E5x_pooled,1,0.9725379943847656,1,,,,
D2_00693,G_01354,en,E5x_pooled,1,0.9748296737670898,1,,,,
D2_00694,G_01355,en,E5x_pooled,1,0.9673260450363159,1,,,,
D2_00695,G_01356,en,E5x_pooled,1,0.9772161245346069,1,,,,
D2_00696,G_01357,en,E5x_pooled,1,0.9497271180152893,1,,,,
D2_00697,G_01358,en,E5x_pooled,1,0.976148247718811,1,,,,
D2_00698,G_01359,en,E5x_pooled,1,0.9692264199256897,1,,,,
D2_00699,G_01360,en,E5x_pooled,1,0.9748685956001282,1,,,,
D2_00700,G_01361,en,E5x_pooled,1,0.9756408929824829,1,,,,
D2_00701,G_01362,en,E5x_pooled,1,0.11896677315235138,0,,,,
D2_00702,G_01363,en,E5x_pooled,1,0.9745479822158813,1,,,,
D2_00703,G_01364,en,E5x_pooled,1,0.9348097443580627,1,,,,
D2_00704,G_01365,en,E5x_pooled,1,0.8976605534553528,1,,,,
D2_00705,G_01366,en,E5x_pooled,1,0.9625808596611023,1,,,,
D2_00706,G_01367,en,E5x_pooled,1,0.9753599762916565,1,,,,
D2_00707,G_01368,en,E5x_pooled,1,0.9778393507003784,1,,,,
D2_00708,G_01369,en,E5x_pooled,1,0.1769832968711853,0,,,,
D2_00709,G_01370,en,E5x_pooled,1,0.5529634952545166,1,,,,
D2_00710,G_01371,en,E5x_pooled,1,0.7768173813819885,1,,,,
D2_00711,G_01372,en,E5x_pooled,1,0.9680440425872803,1,,,,
D2_00712,G_01373,en,E5x_pooled,1,0.9473944902420044,1,,,,
D2_00713,G_01374,en,E5x_pooled,1,0.9676135778427124,1,,,,
D2_00714,G_01375,en,E5x_pooled,1,0.6395967602729797,1,,,,
D2_00715,G_01376,en,E5x_pooled,1,0.9783064723014832,1,,,,
D2_00716,G_01377,en,E5x_pooled,1,0.9698918461799622,1,,,,
D2_00717,G_01378,en,E5x_pooled,1,0.9717454314231873,1,,,,
D2_00718,G_01379,en,E5x_pooled,1,0.9716385006904602,1,,,,
D2_00719,G_01380,en,E5x_pooled,1,0.9780600666999817,1,,,,
D2_00720,G_01381,en,E5x_pooled,1,0.9781006574630737,1,,,,
D2_00721,G_01382,en,E5x_pooled,1,0.8904469609260559,1,,,,
D2_00722,G_01383,en,E5x_pooled,1,0.9722310900688171,1,,,,
D2_00723,G_01384,en,E5x_pooled,1,0.9579230546951294,1,,,,
D2_00724,G_01385,en,E5x_pooled,1,0.45075497031211853,1,,,,
D2_00725,G_01386,en,E5x_pooled,1,0.5619638562202454,1,,,,
D2_00726,G_01387,en,E5x_pooled,1,0.9595334529876709,1,,,,
D2_00727,G_01388,en,E5x_pooled,1,0.9793359637260437,1,,,,
D2_00728,G_01389,en,E5x_pooled,1,0.7097858190536499,1,,,,
D2_00729,G_01390,en,E5x_pooled,1,0.9762869477272034,1,,,,
D2_00730,G_01391,en,E5x_pooled,1,0.9482348561286926,1,,,,
D2_00731,G_01392,en,E5x_pooled,1,0.9757190346717834,1,,,,
D2_00732,G_01393,en,E5x_pooled,1,0.8969171047210693,1,,,,
D2_00733,G_01394,en,E5x_pooled,1,0.9622047543525696,1,,,,
D2_00734,G_01395,en,E5x_pooled,1,0.9777872562408447,1,,,,
D2_00735,G_01396,en,E5x_pooled,1,0.9704527258872986,1,,,,
D2_00736,G_01397,en,E5x_pooled,1,0.9735423922538757,1,,,,
D2_00737,G_01398,en,E5x_pooled,1,0.9771956205368042,1,,,,
D2_00738,G_01399,en,E5x_pooled,1,0.9735245704650879,1,,,,
D2_00739,G_01400,en,E5x_pooled,1,0.9763725399971008,1,,,,
D2_00740,G_01401,en,E5x_pooled,1,0.9776598811149597,1,,,,
D2_00741,G_01402,en,E5x_pooled,1,0.9024976491928101,1,,,,
D2_00742,G_01403,en,E5x_pooled,1,0.9765745997428894,1,,,,
D2_00743,G_01404,en,E5x_pooled,1,0.9761658310890198,1,,,,
D2_00744,G_01405,en,E5x_pooled,1,0.970613956451416,1,,,,
D2_00745,G_01406,en,E5x_pooled,1,0.7725845575332642,1,,,,
D2_00746,G_01407,en,E5x_pooled,1,0.9036343693733215,1,,,,
D2_00747,G_01408,en,E5x_pooled,1,0.9705044031143188,1,,,,
D2_00748,G_01409,en,E5x_pooled,1,0.971324622631073,1,,,,
D2_00749,G_01410,en,E5x_pooled,1,0.9791639447212219,1,,,,
D2_00750,G_01411,en,E5x_pooled,1,0.9762846827507019,1,,,,
D2_00751,G_01412,en,E5x_pooled,1,0.9748281836509705,1,,,,
D2_00752,G_01413,en,E5x_pooled,1,0.12437154352664948,0,,,,
D2_00753,G_01414,en,E5x_pooled,1,0.9765754342079163,1,,,,
D2_00754,G_01415,en,E5x_pooled,1,0.9297252893447876,1,,,,
D2_00755,G_01416,en,E5x_pooled,1,0.9747518301010132,1,,,,
D2_00756,G_01417,en,E5x_pooled,1,0.9756911396980286,1,,,,
D2_00757,G_01418,en,E5x_pooled,1,0.9749463200569153,1,,,,
D2_00758,G_01419,en,E5x_pooled,1,0.9767159819602966,1,,,,
D2_00759,G_01420,en,E5x_pooled,1,0.9719213843345642,1,,,,
D2_00760,G_01421,en,E5x_pooled,1,0.43095308542251587,1,,,,
D2_00761,G_01422,en,E5x_pooled,1,0.9665064215660095,1,,,,
D2_00762,G_01423,en,E5x_pooled,1,0.07614636421203613,0,,,,
D2_00763,G_01424,en,E5x_pooled,1,0.9041256308555603,1,,,,
D2_00764,G_01425,en,E5x_pooled,1,0.9707867503166199,1,,,,
D2_00765,G_01426,en,E5x_pooled,1,0.9778353571891785,1,,,,
D2_00766,G_01427,en,E5x_pooled,1,0.9725205302238464,1,,,,
D2_00767,G_01428,en,E5x_pooled,1,0.5815342664718628,1,,,,
D2_00768,G_01429,en,E5x_pooled,1,0.09667479246854782,0,,,,
D2_00769,G_01430,en,E5x_pooled,1,0.9732415080070496,1,,,,
D2_00770,G_01431,en,E5x_pooled,1,0.6609508991241455,1,,,,
D2_00771,G_01432,en,E5x_pooled,1,0.943406879901886,1,,,,
D2_00772,G_01433,en,E5x_pooled,1,0.9793599843978882,1,,,,
D2_00773,G_01434,en,E5x_pooled,1,0.9803109169006348,1,,,,
D2_00774,G_01435,en,E5x_pooled,1,0.977944016456604,1,,,,
D2_00775,G_01436,en,E5x_pooled,1,0.9721625447273254,1,,,,
D2_00776,G_01437,en,E5x_pooled,1,0.7640935778617859,1,,,,
D2_00777,G_01438,en,E5x_pooled,1,0.9765482544898987,1,,,,
D2_00778,G_01439,en,E5x_pooled,1,0.8621048927307129,1,,,,
D2_00779,G_01440,en,E5x_pooled,1,0.9646937251091003,1,,,,
D2_00780,G_01441,en,E5x_pooled,1,0.9785566926002502,1,,,,
D2_00781,G_01442,en,E5x_pooled,1,0.9782911539077759,1,,,,
D2_00782,G_01443,en,E5x_pooled,1,0.9782323837280273,1,,,,
D2_00783,G_01444,en,E5x_pooled,1,0.46737140417099,1,,,,
D2_00784,G_01445,en,E5x_pooled,1,0.9636657238006592,1,,,,
D2_00785,G_01446,en,E5x_pooled,1,0.9392988085746765,1,,,,
D2_00786,G_01447,en,E5x_pooled,1,0.9753613471984863,1,,,,
D2_00787,G_01448,en,E5x_pooled,1,0.9591708183288574,1,,,,
D2_00788,G_01449,en,E5x_pooled,1,0.8507093191146851,1,,,,
D2_00789,G_01450,en,E5x_pooled,1,0.9327268600463867,1,,,,
D2_00790,G_01451,en,E5x_pooled,1,0.9762090444564819,1,,,,
D2_00791,G_01452,en,E5x_pooled,1,0.9707322716712952,1,,,,
D2_00792,G_01453,en,E5x_pooled,1,0.9710325002670288,1,,,,
D2_00793,G_01454,en,E5x_pooled,1,0.9798381328582764,1,,,,
D2_00794,G_01455,en,E5x_pooled,1,0.9598800539970398,1,,,,
D2_00795,G_01456,en,E5x_pooled,1,0.9736118912696838,1,,,,
D2_00796,G_01457,en,E5x_pooled,1,0.9663998484611511,1,,,,
D2_00797,G_01458,en,E5x_pooled,1,0.9761205315589905,1,,,,
D2_00798,G_01459,en,E5x_pooled,1,0.968485414981842,1,,,,
D2_00799,G_01460,en,E5x_pooled,1,0.9773356914520264,1,,,,
D2_00800,G_01461,en,E5x_pooled,1,0.9762858152389526,1,,,,
D2_00801,G_01462,en,E5x_pooled,1,0.9740672707557678,1,,,,
D2_00802,G_01463,en,E5x_pooled,1,0.9703861474990845,1,,,,
D2_00803,G_01464,en,E5x_pooled,1,0.9731879830360413,1,,,,
D2_00804,G_01465,en,E5x_pooled,1,0.961864173412323,1,,,,
D2_00805,G_01466,en,E5x_pooled,1,0.9779233336448669,1,,,,
D2_00806,G_01467,en,E5x_pooled,1,0.8900105953216553,1,,,,
D2_00807,G_01468,en,E5x_pooled,1,0.9773305654525757,1,,,,
D2_00808,G_01469,en,E5x_pooled,1,0.9755042791366577,1,,,,
D2_00809,G_01470,en,E5x_pooled,1,0.9744377136230469,1,,,,
D2_00810,G_01471,en,E5x_pooled,1,0.9757569432258606,1,,,,
D2_00811,G_01472,en,E5x_pooled,1,0.2975737452507019,1,,,,
D2_00812,G_01473,en,E5x_pooled,1,0.9764131903648376,1,,,,
D2_00813,G_01474,en,E5x_pooled,1,0.974602997303009,1,,,,
D2_00814,G_01475,en,E5x_pooled,1,0.974881649017334,1,,,,
D2_00815,G_01476,en,E5x_pooled,1,0.7198942303657532,1,,,,
D2_00816,G_01477,en,E5x_pooled,1,0.9219178557395935,1,,,,
D2_00817,G_01478,en,E5x_pooled,1,0.9577502608299255,1,,,,
D2_00818,G_01479,en,E5x_pooled,1,0.9781966805458069,1,,,,
D2_00819,G_01480,en,E5x_pooled,1,0.9774267673492432,1,,,,
D2_00820,G_01481,en,E5x_pooled,1,0.9755862951278687,1,,,,
D2_00821,G_01482,en,E5x_pooled,1,0.9776754379272461,1,,,,
D2_00822,G_01483,en,E5x_pooled,1,0.9749541878700256,1,,,,
D2_00823,G_01484,en,E5x_pooled,1,0.9731467962265015,1,,,,
D2_00824,G_01485,en,E5x_pooled,1,0.9672324657440186,1,,,,
D2_00825,G_01486,en,E5x_pooled,1,0.9220030903816223,1,,,,
D2_00826,G_01487,en,E5x_pooled,1,0.12232476472854614,0,,,,
D2_00827,G_01488,en,E5x_pooled,1,0.9743015766143799,1,,,,
D2_00828,G_01489,en,E5x_pooled,1,0.9120316505432129,1,,,,
D2_00829,G_01490,en,E5x_pooled,1,0.9683588743209839,1,,,,
D2_00830,G_01491,en,E5x_pooled,1,0.41663989424705505,1,,,,
D2_00831,G_01492,en,E5x_pooled,1,0.9764696955680847,1,,,,
D2_00832,G_01493,en,E5x_pooled,1,0.9711309671401978,1,,,,
D2_00833,G_01494,en,E5x_pooled,1,0.9714014530181885,1,,,,
D2_00834,G_01495,en,E5x_pooled,1,0.6385738849639893,1,,,,
D2_00835,G_01496,en,E5x_pooled,1,0.9658130407333374,1,,,,
D2_00836,G_01497,en,E5x_pooled,1,0.9784092307090759,1,,,,
D2_00837,G_01498,en,E5x_pooled,1,0.9777898788452148,1,,,,
D2_00838,G_01499,en,E5x_pooled,1,0.4482054114341736,1,,,,
D2_00839,G_01500,en,E5x_pooled,1,0.9689469933509827,1,,,,
D2_00840,G_00868,en,E5x_pooled,1,0.7857722043991089,1,,,,
D2_00841,G_01502,en,E5x_pooled,1,0.8271439075469971,1,,,,
D2_00842,G_01503,en,E5x_pooled,1,0.9776136875152588,1,,,,
D2_00843,G_01504,en,E5x_pooled,1,0.9717631340026855,1,,,,
D2_00844,G_01505,en,E5x_pooled,1,0.9749376177787781,1,,,,
D2_00845,G_01506,en,E5x_pooled,1,0.9634853005409241,1,,,,
D2_00846,G_01507,en,E5x_pooled,1,0.972279965877533,1,,,,
D2_00847,G_01508,en,E5x_pooled,1,0.9751374125480652,1,,,,
D2_00848,G_01509,en,E5x_pooled,1,0.9603825211524963,1,,,,
D2_00849,G_01510,en,E5x_pooled,1,0.9692599773406982,1,,,,
D2_00850,G_01511,en,E5x_pooled,1,0.5817773938179016,1,,,,
D2_00851,G_01512,en,E5x_pooled,1,0.954538881778717,1,,,,
D2_00852,G_01513,en,E5x_pooled,1,0.978615403175354,1,,,,
D2_00853,G_01514,en,E5x_pooled,1,0.09671157598495483,0,,,,
D2_00854,G_01515,en,E5x_pooled,1,0.13092687726020813,0,,,,
D2_00855,G_01516,en,E5x_pooled,1,0.9733630418777466,1,,,,
D2_00856,G_01517,en,E5x_pooled,1,0.9761222004890442,1,,,,
D2_00857,G_01518,en,E5x_pooled,1,0.9792126417160034,1,,,,
D2_00858,G_01519,en,E5x_pooled,1,0.07362576574087143,0,,,,
D2_00859,G_01520,en,E5x_pooled,1,0.9778213500976562,1,,,,
D2_00860,G_01521,en,E5x_pooled,1,0.9652530550956726,1,,,,
D2_00861,G_01522,en,E5x_pooled,1,0.9535547494888306,1,,,,
D2_00862,G_01523,en,E5x_pooled,1,0.9758988618850708,1,,,,
D2_00863,G_01524,en,E5x_pooled,1,0.3246122896671295,1,,,,
D2_00864,G_01525,en,E5x_pooled,1,0.9590230584144592,1,,,,
D2_00865,G_01526,en,E5x_pooled,1,0.9771932363510132,1,,,,
D2_00866,G_01527,en,E5x_pooled,1,0.9765697121620178,1,,,,
D2_00867,G_01528,en,E5x_pooled,1,0.970452070236206,1,,,,
D2_00868,G_01529,en,E5x_pooled,1,0.9323673844337463,1,,,,
D2_00869,G_01530,en,E5x_pooled,1,0.9728566408157349,1,,,,
D2_00870,G_01531,en,E5x_pooled,1,0.9667719006538391,1,,,,
D2_00871,G_01532,en,E5x_pooled,1,0.9750569462776184,1,,,,
D2_00872,G_01533,en,E5x_pooled,1,0.9756377935409546,1,,,,
D2_00873,G_01534,en,E5x_pooled,1,0.9761882424354553,1,,,,
D2_00874,G_01535,en,E5x_pooled,1,0.9749071598052979,1,,,,
D2_00875,G_01536,en,E5x_pooled,1,0.9739552140235901,1,,,,
D2_00876,G_01537,en,E5x_pooled,1,0.976362407207489,1,,,,
D2_00877,G_01538,en,E5x_pooled,1,0.9753659963607788,1,,,,
D2_00878,G_01539,en,E5x_pooled,1,0.9755394458770752,1,,,,
D2_00879,G_01540,en,E5x_pooled,1,0.9755468368530273,1,,,,
D2_00880,G_01541,en,E5x_pooled,1,0.9754902124404907,1,,,,
D2_00881,G_01542,en,E5x_pooled,1,0.9708221554756165,1,,,,
D2_00882,G_01543,en,E5x_pooled,1,0.9008583426475525,1,,,,
D2_00883,G_01544,en,E5x_pooled,1,0.0968988835811615,0,,,,
D2_00884,G_01545,en,E5x_pooled,1,0.9459277987480164,1,,,,
D2_00885,G_01546,en,E5x_pooled,1,0.9739269614219666,1,,,,
D2_00886,G_01547,en,E5x_pooled,1,0.9541680812835693,1,,,,
D2_00887,G_01548,en,E5x_pooled,1,0.9771798253059387,1,,,,
D2_00888,G_01549,en,E5x_pooled,1,0.6576604247093201,1,,,,
D2_00889,G_01550,en,E5x_pooled,1,0.9755945801734924,1,,,,
D2_00890,G_01551,en,E5x_pooled,1,0.9763369560241699,1,,,,
D2_00891,G_01552,en,E5x_pooled,1,0.967592179775238,1,,,,
D2_00892,G_01553,en,E5x_pooled,1,0.9773759841918945,1,,,,
D2_00893,G_01554,en,E5x_pooled,1,0.9763389825820923,1,,,,
D2_00894,G_01555,en,E5x_pooled,1,0.9761409759521484,1,,,,
D2_00895,G_01556,en,E5x_pooled,1,0.9782918691635132,1,,,,
D2_00896,G_01557,en,E5x_pooled,1,0.9020885229110718,1,,,,
D2_00897,G_01558,en,E5x_pooled,1,0.6877016425132751,1,,,,
D2_00898,G_01559,en,E5x_pooled,1,0.3827947974205017,1,,,,
D2_00899,G_01560,en,E5x_pooled,1,0.9759387969970703,1,,,,
D2_00900,G_01561,en,E5x_pooled,1,0.9753192663192749,1,,,,
D2_00901,G_01562,en,E5x_pooled,1,0.9748696684837341,1,,,,
D2_00902,G_01563,en,E5x_pooled,1,0.9738759398460388,1,,,,
D2_00903,G_01564,en,E5x_pooled,1,0.9476104974746704,1,,,,
D2_00904,G_01565,en,E5x_pooled,1,0.9675329327583313,1,,,,
D2_00905,G_01566,en,E5x_pooled,1,0.9685019254684448,1,,,,
D2_00906,G_01567,en,E5x_pooled,1,0.967879056930542,1,,,,
D2_00907,G_01568,en,E5x_pooled,1,0.9736107587814331,1,,,,
D2_00908,G_01569,en,E5x_pooled,1,0.9690074324607849,1,,,,
D2_00909,G_01570,en,E5x_pooled,1,0.9770281314849854,1,,,,
D2_00910,G_01571,en,E5x_pooled,1,0.9572500586509705,1,,,,
D2_00911,G_01572,en,E5x_pooled,1,0.1756623387336731,0,,,,
D2_00912,G_01573,en,E5x_pooled,1,0.9397659301757812,1,,,,
D2_00913,G_01574,en,E5x_pooled,1,0.9702456593513489,1,,,,
D2_00914,G_01575,en,E5x_pooled,1,0.9778644442558289,1,,,,
D2_00915,G_01576,en,E5x_pooled,1,0.9783475399017334,1,,,,
D2_00916,G_01577,en,E5x_pooled,1,0.9790982007980347,1,,,,
D2_00917,G_01578,en,E5x_pooled,1,0.9643378257751465,1,,,,
D2_00918,G_01579,en,E5x_pooled,1,0.5717247724533081,1,,,,
D2_00919,G_01580,en,E5x_pooled,1,0.9707092046737671,1,,,,
D2_00920,G_01581,en,E5x_pooled,1,0.9757179021835327,1,,,,
D2_00921,G_01582,en,E5x_pooled,1,0.9778293371200562,1,,,,
D2_00922,G_01583,en,E5x_pooled,1,0.9375687837600708,1,,,,
D2_00923,G_01584,en,E5x_pooled,1,0.9763433337211609,1,,,,
D2_00924,G_01585,en,E5x_pooled,1,0.9628543853759766,1,,,,
D2_00925,G_01586,en,E5x_pooled,1,0.9790773987770081,1,,,,
D2_00926,G_01587,en,E5x_pooled,1,0.29324138164520264,1,,,,
D2_00927,G_01588,en,E5x_pooled,1,0.8817228674888611,1,,,,
D2_00928,G_01589,en,E5x_pooled,1,0.9782723188400269,1,,,,
D2_00929,G_01590,en,E5x_pooled,1,0.972939670085907,1,,,,
D2_00930,G_01591,en,E5x_pooled,1,0.9740923643112183,1,,,,
D2_00931,G_01592,en,E5x_pooled,1,0.9747309684753418,1,,,,
D2_00932,G_01593,en,E5x_pooled,1,0.9788824915885925,1,,,,
D2_00933,G_01594,en,E5x_pooled,1,0.9741449952125549,1,,,,
D2_00934,G_01595,en,E5x_pooled,1,0.45134997367858887,1,,,,
D2_00935,G_01596,en,E5x_pooled,1,0.9743251204490662,1,,,,
D2_00936,G_01597,en,E5x_pooled,1,0.9522320032119751,1,,,,
D2_00937,G_01598,en,E5x_pooled,1,0.9760955572128296,1,,,,
D2_00938,G_01599,en,E5x_pooled,1,0.9501073360443115,1,,,,
D2_00939,G_01600,en,E5x_pooled,1,0.9754736423492432,1,,,,
D2_00940,G_01601,en,E5x_pooled,1,0.9567838311195374,1,,,,
D2_00941,G_01602,en,E5x_pooled,1,0.10116396099328995,0,,,,
D2_00942,G_01603,en,E5x_pooled,1,0.5153098702430725,1,,,,
D2_00943,G_01604,en,E5x_pooled,1,0.1254802793264389,0,,,,
D2_00944,G_01605,en,E5x_pooled,1,0.9776312708854675,1,,,,
D2_00945,G_01606,en,E5x_pooled,1,0.9789636135101318,1,,,,
D2_00946,G_01607,en,E5x_pooled,1,0.9520785808563232,1,,,,
D2_00947,G_01608,en,E5x_pooled,1,0.9737315773963928,1,,,,
D2_00948,G_01609,en,E5x_pooled,1,0.9710922837257385,1,,,,
D2_00949,G_01610,en,E5x_pooled,1,0.9645513892173767,1,,,,
D2_00950,G_01611,en,E5x_pooled,1,0.8191716074943542,1,,,,
D2_00951,G_01612,en,E5x_pooled,1,0.9761952757835388,1,,,,
D2_00952,G_01613,en,E5x_pooled,1,0.9737605452537537,1,,,,
D2_00953,G_01614,en,E5x_pooled,1,0.9649922251701355,1,,,,
D2_00954,G_01615,en,E5x_pooled,1,0.977016270160675,1,,,,
D2_00955,G_01616,en,E5x_pooled,1,0.9785872101783752,1,,,,
D2_00956,G_01617,en,E5x_pooled,1,0.9739201664924622,1,,,,
D2_00957,G_01618,en,E5x_pooled,1,0.9707302451133728,1,,,,
D2_00958,G_01619,en,E5x_pooled,1,0.9776170253753662,1,,,,
D2_00959,G_01620,en,E5x_pooled,1,0.16986961662769318,0,,,,
D2_00960,G_01621,en,E5x_pooled,1,0.9681293964385986,1,,,,
D2_00961,G_01622,en,E5x_pooled,1,0.9751483201980591,1,,,,
D2_00962,G_01623,en,E5x_pooled,1,0.9629035592079163,1,,,,
D2_00963,G_01624,en,E5x_pooled,1,0.9682028293609619,1,,,,
D2_00964,G_01625,en,E5x_pooled,1,0.9794318079948425,1,,,,
D2_00965,G_01626,en,E5x_pooled,1,0.14612551033496857,0,,,,
D2_00966,G_01627,en,E5x_pooled,1,0.10155567526817322,0,,,,
D2_00967,G_01628,en,E5x_pooled,1,0.978318989276886,1,,,,
D2_00968,G_01629,en,E5x_pooled,1,0.7224284410476685,1,,,,
D2_00969,G_01630,en,E5x_pooled,1,0.974561333656311,1,,,,
D2_00970,G_01631,en,E5x_pooled,1,0.9703871607780457,1,,,,
D2_00971,G_01632,en,E5x_pooled,1,0.9632326364517212,1,,,,
D2_00972,G_01633,en,E5x_pooled,1,0.22971296310424805,1,,,,
D2_00973,G_01634,en,E5x_pooled,1,0.08778440952301025,0,,,,
D2_00974,G_01635,en,E5x_pooled,1,0.12975303828716278,0,,,,
D2_00975,G_01636,en,E5x_pooled,1,0.907794713973999,1,,,,
D2_00976,G_01637,en,E5x_pooled,1,0.9784447550773621,1,,,,
D2_00977,G_01638,en,E5x_pooled,1,0.9557375907897949,1,,,,
D2_00978,G_01639,en,E5x_pooled,1,0.9782957434654236,1,,,,
D2_00979,G_01640,en,E5x_pooled,1,0.9112262725830078,1,,,,
D2_00980,G_01641,en,E5x_pooled,1,0.979099452495575,1,,,,
D2_00981,G_01642,en,E5x_pooled,1,0.9034065008163452,1,,,,
D2_00982,G_01643,en,E5x_pooled,1,0.9697797298431396,1,,,,
D2_00983,G_01644,en,E5x_pooled,1,0.12507835030555725,0,,,,
D2_00984,G_01645,en,E5x_pooled,1,0.9750069975852966,1,,,,
D2_00985,G_01646,en,E5x_pooled,1,0.9759893417358398,1,,,,
D2_00986,G_01647,en,E5x_pooled,1,0.9769355058670044,1,,,,
D2_00987,G_01648,en,E5x_pooled,1,0.9750197529792786,1,,,,
D2_00988,G_01649,en,E5x_pooled,1,0.9784860610961914,1,,,,
D2_00989,G_01650,en,E5x_pooled,1,0.9644378423690796,1,,,,
D2_00990,G_01651,en,E5x_pooled,1,0.973551332950592,1,,,,
D2_00991,G_01652,en,E5x_pooled,1,0.9750784635543823,1,,,,
D2_00992,G_01653,en,E5x_pooled,1,0.9763107299804688,1,,,,
D2_00993,G_01654,en,E5x_pooled,1,0.977064311504364,1,,,,
D2_00994,G_01655,en,E5x_pooled,1,0.969257652759552,1,,,,
D2_00995,G_01656,en,E5x_pooled,1,0.44775694608688354,1,,,,
D2_00996,G_01657,en,E5x_pooled,1,0.8244194388389587,1,,,,
D2_00997,G_01658,en,E5x_pooled,1,0.970219075679779,1,,,,
D2_00998,G_01659,en,E5x_pooled,1,0.4135130047798157,1,,,,
D2_00999,G_01660,en,E5x_pooled,1,0.974147617816925,1,,,,
D2_01000,G_01661,en,E5x_pooled,1,0.9769648313522339,1,,,,
D3_00001,G_01662,en,E5x_pooled,0,0.9661248326301575,1,,,,
D3_00002,G_01663,en,E5x_pooled,0,0.9777058959007263,1,,,,
D3_00003,G_01664,en,E5x_pooled,0,0.9672525525093079,1,,,,
D3_00004,G_02959,en,E5x_pooled,0,0.970067024230957,1,,,,
D3_00005,G_01666,en,E5x_pooled,0,0.9630038142204285,1,,,,
D3_00006,G_01667,en,E5x_pooled,0,0.9770902395248413,1,,,,
D3_00007,G_01668,en,E5x_pooled,0,0.974103569984436,1,,,,
D3_00008,G_01669,en,E5x_pooled,0,0.9738627076148987,1,,,,
D3_00009,G_02968,en,E5x_pooled,0,0.9621502757072449,1,,,,
D3_00010,G_01671,en,E5x_pooled,0,0.9627573490142822,1,,,,
D3_00011,G_01691,en,E5x_pooled,0,0.9743947386741638,1,,,,
D3_00012,G_01698,en,E5x_pooled,0,0.9703822135925293,1,,,,
D3_00013,G_01705,en,E5x_pooled,0,0.9769514203071594,1,,,,
D3_00014,G_02971,en,E5x_pooled,0,0.9774373769760132,1,,,,
D3_00015,G_01676,en,E5x_pooled,0,0.975091278553009,1,,,,
D3_00016,G_01677,en,E5x_pooled,0,0.9707534909248352,1,,,,
D3_00017,G_01678,en,E5x_pooled,0,0.9745020270347595,1,,,,
D3_00018,G_01679,en,E5x_pooled,0,0.9768673181533813,1,,,,
D3_00019,G_01680,en,E5x_pooled,0,0.9772464036941528,1,,,,
D3_00020,G_02977,en,E5x_pooled,0,0.9702151417732239,1,,,,
D3_00021,G_01682,en,E5x_pooled,0,0.968296229839325,1,,,,
D3_00022,G_01683,en,E5x_pooled,0,0.9592023491859436,1,,,,
D3_00023,G_01684,en,E5x_pooled,0,0.9784383773803711,1,,,,
D3_00024,G_01685,en,E5x_pooled,0,0.9756448268890381,1,,,,
D3_00025,G_01686,en,E5x_pooled,0,0.9721981883049011,1,,,,
D3_00026,G_01687,en,E5x_pooled,0,0.9787589311599731,1,,,,
D3_00027,G_01664,en,E5x_pooled,0,0.9729865193367004,1,,,,
D3_00028,G_01689,en,E5x_pooled,0,0.9709212183952332,1,,,,
D3_00029,G_01663,en,E5x_pooled,0,0.9784990549087524,1,,,,
D3_00030,G_01691,en,E5x_pooled,0,0.9765581488609314,1,,,,
D3_00031,G_01698,en,E5x_pooled,0,0.9742121696472168,1,,,,
D3_00032,G_01705,en,E5x_pooled,0,0.9781572222709656,1,,,,
D3_00033,G_01664,en,E5x_pooled,0,0.9720283150672913,1,,,,
D3_00034,G_01662,en,E5x_pooled,0,0.9692136645317078,1,,,,
D3_00035,G_01663,en,E5x_pooled,0,0.9773232936859131,1,,,,
D3_00036,G_01691,en,E5x_pooled,0,0.9746100306510925,1,,,,
D3_00037,G_01698,en,E5x_pooled,0,0.9716874361038208,1,,,,
D3_00038,G_01705,en,E5x_pooled,0,0.9782489538192749,1,,,,
D3_00039,G_01664,en,E5x_pooled,0,0.971914529800415,1,,,,
D3_00040,G_01701,en,E5x_pooled,0,0.9758087396621704,1,,,,
D3_00041,G_01663,en,E5x_pooled,0,0.9785647392272949,1,,,,
D3_00042,G_01691,en,E5x_pooled,0,0.9764129519462585,1,,,,
D3_00043,G_01698,en,E5x_pooled,0,0.9730562567710876,1,,,,
D3_00044,G_01705,en,E5x_pooled,0,0.9775757789611816,1,,,,
D3_00045,G_01706,en,E5x_pooled,0,0.9549317955970764,1,,,,
D3_00046,G_01662,en,E5x_pooled,0,0.9709241390228271,1,,,,
D3_00047,G_01708,en,E5x_pooled,0,0.9751522541046143,1,,,,
D3_00048,G_01691,en,E5x_pooled,0,0.9761724472045898,1,,,,
D3_00049,G_01710,en,E5x_pooled,0,0.9741565585136414,1,,,,
D3_00050,G_01705,en,E5x_pooled,0,0.9783812761306763,1,,,,
D3_00051,G_01712,en,E5x_pooled,0,0.9543522000312805,1,,,,
D3_00052,G_01713,en,E5x_pooled,0,0.9684892296791077,1,,,,
D3_00053,G_01714,en,E5x_pooled,0,0.9768407344818115,1,,,,
D3_00055,G_01715,en,E5x_pooled,0,0.9769771099090576,1,,,,
D3_00056,G_01716,en,E5x_pooled,0,0.969375729560852,1,,,,
D3_00057,G_01717,en,E5x_pooled,0,0.9780949950218201,1,,,,
D3_00058,G_01718,other,E5x_pooled,0,0.9510363936424255,1,,,,
D3_00059,G_01719,other,E5x_pooled,0,0.9669856429100037,1,,,,
D3_00060,G_01720,other,E5x_pooled,0,0.9681953191757202,1,,,,
D3_00061,G_01721,other,E5x_pooled,0,0.966632068157196,1,,,,
D3_00062,G_01722,other,E5x_pooled,0,0.9539176821708679,1,,,,
D3_00063,G_01723,other,E5x_pooled,0,0.965792179107666,1,,,,
D3_00064,G_01724,other,E5x_pooled,0,0.9613252878189087,1,,,,
D3_00065,G_01723,other,E5x_pooled,0,0.9587804675102234,1,,,,
D3_00066,G_01726,other,E5x_pooled,0,0.9561992883682251,1,,,,
D3_00068,G_01727,other,E5x_pooled,0,0.9350534677505493,1,,,,
D3_00069,G_01728,other,E5x_pooled,0,0.9674128293991089,1,,,,
D3_00070,G_01729,other,E5x_pooled,0,0.9696550369262695,1,,,,
D3_00071,G_01730,other,E5x_pooled,0,0.9605817794799805,1,,,,
D3_00072,G_01731,other,E5x_pooled,0,0.958425760269165,1,,,,
D3_00073,G_01732,other,E5x_pooled,0,0.9676141738891602,1,,,,
D3_00074,G_01733,other,E5x_pooled,0,0.970649003982544,1,,,,
D3_00075,G_01734,other,E5x_pooled,0,0.9661893844604492,1,,,,
D3_00076,G_01735,other,E5x_pooled,0,0.9659184813499451,1,,,,
D3_00077,G_01736,other,E5x_pooled,0,0.8988726735115051,1,,,,
D3_00078,G_01737,other,E5x_pooled,0,0.9694777727127075,1,,,,
D3_00079,G_01738,other,E5x_pooled,0,0.9645618200302124,1,,,,
D3_00080,G_01739,other,E5x_pooled,0,0.9665437340736389,1,,,,
D3_00081,G_01740,other,E5x_pooled,0,0.959372878074646,1,,,,
D3_00082,G_01741,other,E5x_pooled,0,0.9577112197875977,1,,,,
D3_00083,G_01742,other,E5x_pooled,0,0.9651675224304199,1,,,,
D3_00084,G_01743,other,E5x_pooled,0,0.9684081673622131,1,,,,
D3_00085,G_01744,other,E5x_pooled,0,0.9427419304847717,1,,,,
D3_00086,G_01745,other,E5x_pooled,0,0.9585652947425842,1,,,,
D3_00087,G_01746,other,E5x_pooled,0,0.9681278467178345,1,,,,
D3_00088,G_01747,other,E5x_pooled,0,0.9713268876075745,1,,,,
D3_00089,G_01738,other,E5x_pooled,0,0.9658018350601196,1,,,,
D3_00090,G_01749,other,E5x_pooled,0,0.6700647473335266,1,,,,
D3_00091,G_01750,other,E5x_pooled,0,0.9700716137886047,1,,,,
D3_00092,G_01751,other,E5x_pooled,0,0.9645327925682068,1,,,,
D3_00093,G_01752,other,E5x_pooled,0,0.9648779034614563,1,,,,
D3_00094,G_01753,other,E5x_pooled,0,0.5840869545936584,1,,,,
D3_00095,G_01754,other,E5x_pooled,0,0.6369972825050354,1,,,,
D3_00096,G_01755,other,E5x_pooled,0,0.9730592966079712,1,,,,
D3_00097,G_01756,other,E5x_pooled,0,0.9690138101577759,1,,,,
D3_00098,G_01757,other,E5x_pooled,0,0.9683173894882202,1,,,,
D3_00099,G_01758,other,E5x_pooled,0,0.9685913324356079,1,,,,
D3_00100,G_01759,other,E5x_pooled,0,0.960878849029541,1,,,,
D3_00101,G_01760,other,E5x_pooled,0,0.9463484883308411,1,,,,
D3_00102,G_01761,other,E5x_pooled,0,0.9640649557113647,1,,,,
D3_00103,G_01762,other,E5x_pooled,0,0.9661861658096313,1,,,,
D3_00104,G_01763,other,E5x_pooled,0,0.9622694253921509,1,,,,
D3_00105,G_01764,other,E5x_pooled,0,0.8011316657066345,1,,,,
D3_00106,G_01762,other,E5x_pooled,0,0.9717469811439514,1,,,,
D3_00107,G_01766,other,E5x_pooled,0,0.9514574408531189,1,,,,
D3_00108,G_01767,other,E5x_pooled,0,0.9507099390029907,1,,,,
D3_00109,G_01768,other,E5x_pooled,0,0.9606404304504395,1,,,,
D3_00110,G_01769,other,E5x_pooled,0,0.9456948041915894,1,,,,
D3_00111,G_01770,other,E5x_pooled,0,0.9546089768409729,1,,,,
D3_00112,G_01771,other,E5x_pooled,0,0.9536344408988953,1,,,,
D3_00113,G_01772,other,E5x_pooled,0,0.9478069543838501,1,,,,
D3_00114,G_01773,other,E5x_pooled,0,0.9723997712135315,1,,,,
D3_00115,G_01774,other,E5x_pooled,0,0.8606612682342529,1,,,,
D3_00117,G_01775,other,E5x_pooled,0,0.9714263081550598,1,,,,
D3_00118,G_01803,en,E5x_pooled,0,0.9591833353042603,1,,,,
D3_00119,G_01802,en,E5x_pooled,0,0.9614934325218201,1,,,,
D3_00120,G_01816,en,E5x_pooled,0,0.9748655557632446,1,,,,
D3_00121,G_03017,en,E5x_pooled,0,0.9481210112571716,1,,,,
D3_00122,G_01780,en,E5x_pooled,0,0.9085059762001038,1,,,,
D3_00123,G_03023,en,E5x_pooled,0,0.976067841053009,1,,,,
D3_00124,G_03579,en,E5x_pooled,0,0.9754641056060791,1,,,,
D3_00125,G_01783,en,E5x_pooled,0,0.9262236952781677,1,,,,
D3_00126,G_01784,en,E5x_pooled,0,0.8642861843109131,1,,,,
D3_00127,G_01785,en,E5x_pooled,0,0.8232700228691101,1,,,,
D3_00128,G_01811,en,E5x_pooled,0,0.9669113755226135,1,,,,
D3_00129,G_01819,en,E5x_pooled,0,0.9785807132720947,1,,,,
D3_00130,G_01818,en,E5x_pooled,0,0.9591030478477478,1,,,,
D3_00131,G_01789,en,E5x_pooled,0,0.9645882248878479,1,,,,
D3_00132,G_01790,en,E5x_pooled,0,0.9713963866233826,1,,,,
D3_00133,G_03045,en,E5x_pooled,0,0.9757381081581116,1,,,,
D3_00134,G_03029,en,E5x_pooled,0,0.9688727855682373,1,,,,
D3_00135,G_01793,en,E5x_pooled,0,0.9741859436035156,1,,,,
D3_00136,G_01794,en,E5x_pooled,0,0.9780489206314087,1,,,,
D3_00137,G_01795,en,E5x_pooled,0,0.9541585445404053,1,,,,
D3_00138,G_01796,en,E5x_pooled,0,0.9144750833511353,1,,,,
D3_00139,G_01797,en,E5x_pooled,0,0.9595164656639099,1,,,,
D3_00140,G_01798,en,E5x_pooled,0,0.9697297215461731,1,,,,
D3_00141,G_01799,en,E5x_pooled,0,0.9657215476036072,1,,,,
D3_00142,G_01800,en,E5x_pooled,0,0.9760312438011169,1,,,,
D3_00143,G_01801,en,E5x_pooled,0,0.9656421542167664,1,,,,
D3_00144,G_01802,en,E5x_pooled,0,0.9645873308181763,1,,,,
D3_00145,G_01803,en,E5x_pooled,0,0.9648037552833557,1,,,,
D3_00146,G_01816,en,E5x_pooled,0,0.9766632914543152,1,,,,
D3_00147,G_01811,en,E5x_pooled,0,0.9698182940483093,1,,,,
D3_00148,G_01818,en,E5x_pooled,0,0.9656408429145813,1,,,,
D3_00149,G_01819,en,E5x_pooled,0,0.9789555072784424,1,,,,
D3_00150,G_01808,en,E5x_pooled,0,0.9590179920196533,1,,,,
D3_00151,G_01809,en,E5x_pooled,0,0.9715050458908081,1,,,,
D3_00152,G_01810,en,E5x_pooled,0,0.9595292806625366,1,,,,
D3_00153,G_01811,en,E5x_pooled,0,0.9595131278038025,1,,,,
D3_00154,G_01812,en,E5x_pooled,0,0.7837532162666321,1,,,,
D3_00155,G_01819,en,E5x_pooled,0,0.9789448976516724,1,,,,
D3_00156,G_01814,en,E5x_pooled,0,0.9718483090400696,1,,,,
D3_00157,G_01815,en,E5x_pooled,0,0.9722360372543335,1,,,,
D3_00158,G_01816,en,E5x_pooled,0,0.9759814143180847,1,,,,
D3_00159,G_01811,en,E5x_pooled,0,0.9684685468673706,1,,,,
D3_00160,G_01818,en,E5x_pooled,0,0.962046205997467,1,,,,
D3_00161,G_01819,en,E5x_pooled,0,0.9786995649337769,1,,,,
D3_00162,G_01816,en,E5x_pooled,0,0.9747408628463745,1,,,,
D3_00163,G_01821,en,E5x_pooled,0,0.9527184963226318,1,,,,
D3_00164,G_01822,en,E5x_pooled,0,0.9112277030944824,1,,,,
D3_00165,G_01823,en,E5x_pooled,0,0.9010450839996338,1,,,,
D3_00166,G_01824,en,E5x_pooled,0,0.9756466746330261,1,,,,
D3_00167,G_01825,en,E5x_pooled,0,0.9140015244483948,1,,,,
D3_00168,G_01826,en,E5x_pooled,0,0.9134002923965454,1,,,,
D3_00169,G_01827,en,E5x_pooled,0,0.966925323009491,1,,,,
D3_00170,G_01828,en,E5x_pooled,0,0.9368157386779785,1,,,,
D3_00171,G_01829,en,E5x_pooled,0,0.9549683332443237,1,,,,
D3_00172,G_01830,en,E5x_pooled,0,0.9777637720108032,1,,,,
D3_00173,G_01831,en,E5x_pooled,0,0.9516693949699402,1,,,,
D3_00174,G_01832,other,E5x_pooled,0,0.9574137926101685,1,,,,
D3_00175,G_01833,other,E5x_pooled,0,0.9066091775894165,1,,,,
D3_00176,G_01842,other,E5x_pooled,0,0.9605474472045898,1,,,,
D3_00177,G_01835,other,E5x_pooled,0,0.9734482169151306,1,,,,
D3_00178,G_01842,other,E5x_pooled,0,0.9325786828994751,1,,,,
D3_00179,G_01837,other,E5x_pooled,0,0.967247724533081,1,,,,
D3_00180,G_01838,other,E5x_pooled,0,0.8899770975112915,1,,,,
D3_00182,G_01839,other,E5x_pooled,0,0.88407301902771,1,,,,
D3_00183,G_01838,other,E5x_pooled,0,0.9128822088241577,1,,,,
D3_00184,G_01841,other,E5x_pooled,0,0.9638031125068665,1,,,,
D3_00185,G_01842,other,E5x_pooled,0,0.9363978505134583,1,,,,
D3_00186,G_01843,other,E5x_pooled,0,0.9393462538719177,1,,,,
D3_00187,G_01844,other,E5x_pooled,0,0.9739060401916504,1,,,,
D3_00188,G_01842,other,E5x_pooled,0,0.9497676491737366,1,,,,
D3_00189,G_01844,other,E5x_pooled,0,0.9609217047691345,1,,,,
D3_00190,G_01847,other,E5x_pooled,0,0.9365636706352234,1,,,,
D3_00191,G_01842,other,E5x_pooled,0,0.9565082788467407,1,,,,
D3_00192,G_01849,other,E5x_pooled,0,0.9578319787979126,1,,,,
D3_00193,G_01850,other,E5x_pooled,0,0.9319049119949341,1,,,,
D3_00194,G_01851,other,E5x_pooled,0,0.9733338952064514,1,,,,
D3_00195,G_01833,other,E5x_pooled,0,0.9307456016540527,1,,,,
D3_00196,G_01853,other,E5x_pooled,0,0.9457234740257263,1,,,,
D3_00197,G_01854,other,E5x_pooled,0,0.9696923494338989,1,,,,
D3_00199,G_01855,other,E5x_pooled,0,0.973243772983551,1,,,,
D3_00200,G_01856,other,E5x_pooled,0,0.9424480199813843,1,,,,
D3_00201,G_01842,other,E5x_pooled,0,0.952289342880249,1,,,,
D3_00202,G_01858,other,E5x_pooled,0,0.7058350443840027,1,,,,
D3_00203,G_01859,other,E5x_pooled,0,0.9202945232391357,1,,,,
D3_00204,G_01860,other,E5x_pooled,0,0.9746964573860168,1,,,,
D3_00205,G_01861,other,E5x_pooled,0,0.9658542275428772,1,,,,
D3_00206,G_01862,other,E5x_pooled,0,0.9621435403823853,1,,,,
D3_00207,G_01863,other,E5x_pooled,0,0.9212654829025269,1,,,,
D3_00208,G_01864,other,E5x_pooled,0,0.9469292759895325,1,,,,
D3_00209,G_01865,other,E5x_pooled,0,0.9687848091125488,1,,,,
D3_00210,G_01863,other,E5x_pooled,0,0.9117007851600647,1,,,,
D3_00211,G_01867,other,E5x_pooled,0,0.9707043766975403,1,,,,
D3_00212,G_01862,other,E5x_pooled,0,0.962503969669342,1,,,,
D3_00213,G_01869,other,E5x_pooled,0,0.716899037361145,1,,,,
D3_00214,G_01870,other,E5x_pooled,0,0.971863865852356,1,,,,
D3_00215,G_01870,other,E5x_pooled,0,0.9710400104522705,1,,,,
D3_00216,G_01872,other,E5x_pooled,0,0.9569684267044067,1,,,,
D3_00217,G_01873,other,E5x_pooled,0,0.9698340892791748,1,,,,
D3_00218,G_01874,other,E5x_pooled,0,0.9626080989837646,1,,,,
D3_00219,G_01874,other,E5x_pooled,0,0.9597461819648743,1,,,,
D3_00220,G_01873,other,E5x_pooled,0,0.9726623892784119,1,,,,
D3_00221,G_01874,other,E5x_pooled,0,0.9643205404281616,1,,,,
D3_00222,G_01878,other,E5x_pooled,0,0.9709223508834839,1,,,,
D3_00223,G_01879,other,E5x_pooled,0,0.9746169447898865,1,,,,
D3_00224,G_01833,other,E5x_pooled,0,0.9054330587387085,1,,,,
D3_00225,G_01881,other,E5x_pooled,0,0.9652717113494873,1,,,,
D3_00226,G_01882,other,E5x_pooled,0,0.832916796207428,1,,,,
D3_00227,G_01833,other,E5x_pooled,0,0.8967671394348145,1,,,,
D3_00228,G_01884,other,E5x_pooled,0,0.9681181311607361,1,,,,
D3_00229,G_01885,other,E5x_pooled,0,0.8524097800254822,1,,,,
D3_00230,G_01833,other,E5x_pooled,0,0.9178734421730042,1,,,,
D3_00231,G_01887,other,E5x_pooled,0,0.9483667016029358,1,,,,
D3_00232,G_01888,other,E5x_pooled,0,0.825234591960907,1,,,,
D3_00233,G_01889,other,E5x_pooled,0,0.8790532350540161,1,,,,
D3_00234,G_01890,en,E5x_pooled,0,0.9708003401756287,1,,,,
D3_00235,G_01891,en,E5x_pooled,0,0.9693599939346313,1,,,,
D3_00236,G_01892,en,E5x_pooled,0,0.9734631180763245,1,,,,
D3_00237,G_01893,en,E5x_pooled,0,0.9594861268997192,1,,,,
D3_00238,G_03601,en,E5x_pooled,0,0.973183274269104,1,,,,
D3_00239,G_01895,en,E5x_pooled,0,0.9668010473251343,1,,,,
D3_00240,G_01896,en,E5x_pooled,0,0.969813346862793,1,,,,
D3_00241,G_01897,en,E5x_pooled,0,0.9706041812896729,1,,,,
D3_00242,G_01898,en,E5x_pooled,0,0.9711244702339172,1,,,,
D3_00243,G_01899,en,E5x_pooled,0,0.973709762096405,1,,,,
D3_00244,G_01931,en,E5x_pooled,0,0.972690999507904,1,,,,
D3_00245,G_01901,en,E5x_pooled,0,0.9758288264274597,1,,,,
D3_00246,G_01902,en,E5x_pooled,0,0.9774551391601562,1,,,,
D3_00247,G_01903,en,E5x_pooled,0,0.9720401167869568,1,,,,
D3_00248,G_04476,en,E5x_pooled,0,0.9711171388626099,1,,,,
D3_00249,G_03603,en,E5x_pooled,0,0.9762090444564819,1,,,,
D3_00250,G_01906,en,E5x_pooled,0,0.9742991924285889,1,,,,
D3_00251,G_01907,en,E5x_pooled,0,0.9698795080184937,1,,,,
D3_00252,G_04475,en,E5x_pooled,0,0.973838746547699,1,,,,
D3_00253,G_01909,en,E5x_pooled,0,0.9745907783508301,1,,,,
D3_00254,G_01910,en,E5x_pooled,0,0.9693341255187988,1,,,,
D3_00255,G_01911,en,E5x_pooled,0,0.9671232104301453,1,,,,
D3_00256,G_01912,en,E5x_pooled,0,0.9679706692695618,1,,,,
D3_00257,G_01913,en,E5x_pooled,0,0.9748708009719849,1,,,,
D3_00258,G_01914,en,E5x_pooled,0,0.9783527851104736,1,,,,
D3_00259,G_01915,en,E5x_pooled,0,0.9761374592781067,1,,,,
D3_00260,G_01890,en,E5x_pooled,0,0.9724502563476562,1,,,,
D3_00261,G_01892,en,E5x_pooled,0,0.9746661186218262,1,,,,
D3_00262,G_01891,en,E5x_pooled,0,0.9692432284355164,1,,,,
D3_00263,G_01931,en,E5x_pooled,0,0.9748275876045227,1,,,,
D3_00264,G_01902,en,E5x_pooled,0,0.9779052138328552,1,,,,
D3_00265,G_01901,en,E5x_pooled,0,0.9769766926765442,1,,,,
D3_00266,G_01922,en,E5x_pooled,0,0.9733130931854248,1,,,,
D3_00267,G_01923,en,E5x_pooled,0,0.9733404517173767,1,,,,
D3_00268,G_01924,en,E5x_pooled,0,0.9747089147567749,1,,,,
D3_00269,G_01925,en,E5x_pooled,0,0.9764441251754761,1,,,,
D3_00270,G_01926,en,E5x_pooled,0,0.9786632061004639,1,,,,
D3_00271,G_01901,en,E5x_pooled,0,0.9779062867164612,1,,,,
D3_00272,G_01890,en,E5x_pooled,0,0.972359299659729,1,,,,
D3_00273,G_01929,en,E5x_pooled,0,0.974271833896637,1,,,,
D3_00274,G_01891,en,E5x_pooled,0,0.9705802798271179,1,,,,
D3_00275,G_01931,en,E5x_pooled,0,0.9737183451652527,1,,,,
D3_00276,G_01902,en,E5x_pooled,0,0.9780278205871582,1,,,,
D3_00277,G_01901,en,E5x_pooled,0,0.9770578145980835,1,,,,
D3_00278,G_01890,en,E5x_pooled,0,0.9703456163406372,1,,,,
D3_00279,G_01935,en,E5x_pooled,0,0.9734447002410889,1,,,,
D3_00280,G_01891,en,E5x_pooled,0,0.967674732208252,1,,,,
D3_00281,G_01937,en,E5x_pooled,0,0.9756364226341248,1,,,,
D3_00282,G_01938,en,E5x_pooled,0,0.9792467951774597,1,,,,
D3_00283,G_01939,en,E5x_pooled,0,0.9775531888008118,1,,,,
D3_00284,G_01940,en,E5x_pooled,0,0.9658195972442627,1,,,,
D3_00285,G_01941,en,E5x_pooled,0,0.9531412124633789,1,,,,
D3_00286,G_01942,en,E5x_pooled,0,0.9714896082878113,1,,,,
D3_00287,G_01943,en,E5x_pooled,0,0.9727804660797119,1,,,,
D3_00288,G_01944,en,E5x_pooled,0,0.9792360663414001,1,,,,
D3_00289,G_01945,en,E5x_pooled,0,0.9769492745399475,1,,,,
D3_00290,G_01946,other,E5x_pooled,0,0.9436184763908386,1,,,,
D3_00291,G_01947,other,E5x_pooled,0,0.9667547345161438,1,,,,
D3_00292,G_01948,other,E5x_pooled,0,0.968349814414978,1,,,,
D3_00293,G_01949,other,E5x_pooled,0,0.9680659770965576,1,,,,
D3_00294,G_01950,other,E5x_pooled,0,0.9381107687950134,1,,,,
D3_00295,G_01951,other,E5x_pooled,0,0.9668560028076172,1,,,,
D3_00296,G_01952,other,E5x_pooled,0,0.965552568435669,1,,,,
D3_00297,G_01953,other,E5x_pooled,0,0.9175300002098083,1,,,,
D3_00298,G_01951,other,E5x_pooled,0,0.9697582721710205,1,,,,
D3_00299,G_01955,other,E5x_pooled,0,0.9690552353858948,1,,,,
D3_00300,G_01956,other,E5x_pooled,0,0.9697452783584595,1,,,,
D3_00301,G_01957,other,E5x_pooled,0,0.9454269409179688,1,,,,
D3_00302,G_01951,other,E5x_pooled,0,0.9733777046203613,1,,,,
D3_00303,G_01959,other,E5x_pooled,0,0.9677245616912842,1,,,,
D3_00304,G_01960,other,E5x_pooled,0,0.9529016017913818,1,,,,
D3_00305,G_01961,other,E5x_pooled,0,0.9734703302383423,1,,,,
D3_00306,G_01962,other,E5x_pooled,0,0.9345293045043945,1,,,,
D3_00307,G_01963,other,E5x_pooled,0,0.9657166600227356,1,,,,
D3_00308,G_01951,other,E5x_pooled,0,0.9727333188056946,1,,,,
D3_00309,G_01965,other,E5x_pooled,0,0.9707589745521545,1,,,,
D3_00310,G_01946,other,E5x_pooled,0,0.9673731327056885,1,,,,
D3_00311,G_01967,other,E5x_pooled,0,0.9657365679740906,1,,,,
D3_00312,G_01968,other,E5x_pooled,0,0.9668864011764526,1,,,,
D3_00313,G_01969,other,E5x_pooled,0,0.9717321395874023,1,,,,
D3_00314,G_01970,other,E5x_pooled,0,0.971723735332489,1,,,,
D3_00315,G_01967,other,E5x_pooled,0,0.9640255570411682,1,,,,
D3_00316,G_01972,other,E5x_pooled,0,0.9687963724136353,1,,,,
D3_00317,G_01973,other,E5x_pooled,0,0.9650982618331909,1,,,,
D3_00318,G_01974,other,E5x_pooled,0,0.9719849228858948,1,,,,
D3_00319,G_01975,other,E5x_pooled,0,0.963470458984375,1,,,,
D3_00320,G_01976,other,E5x_pooled,0,0.5940991640090942,1,,,,
D3_00322,G_01977,other,E5x_pooled,0,0.9620372653007507,1,,,,
D3_00323,G_01978,other,E5x_pooled,0,0.9724846482276917,1,,,,
D3_00324,G_01979,other,E5x_pooled,0,0.4789822995662689,1,,,,
D3_00325,G_01980,other,E5x_pooled,0,0.9727779626846313,1,,,,
D3_00326,G_01981,other,E5x_pooled,0,0.8009304404258728,1,,,,
D3_00327,G_01982,other,E5x_pooled,0,0.5863798260688782,1,,,,
D3_00328,G_01983,other,E5x_pooled,0,0.9659268260002136,1,,,,
D3_00329,G_01984,other,E5x_pooled,0,0.9685973525047302,1,,,,
D3_00330,G_01985,other,E5x_pooled,0,0.9452937841415405,1,,,,
D3_00331,G_01986,other,E5x_pooled,0,0.9681118726730347,1,,,,
D3_00332,G_01987,other,E5x_pooled,0,0.9684241414070129,1,,,,
D3_00333,G_01988,other,E5x_pooled,0,0.9703018665313721,1,,,,
D3_00334,G_01989,other,E5x_pooled,0,0.9507037997245789,1,,,,
D3_00335,G_01990,other,E5x_pooled,0,0.9613783955574036,1,,,,
D3_00336,G_01991,other,E5x_pooled,0,0.9669662117958069,1,,,,
D3_00337,G_01992,other,E5x_pooled,0,0.9700992107391357,1,,,,
D3_00338,G_01993,other,E5x_pooled,0,0.9626004695892334,1,,,,
D3_00339,G_01994,other,E5x_pooled,0,0.8703886270523071,1,,,,
D3_00340,G_01995,other,E5x_pooled,0,0.9686776399612427,1,,,,
D3_00341,G_01996,other,E5x_pooled,0,0.970024049282074,1,,,,
D3_00342,G_01997,other,E5x_pooled,0,0.95958012342453,1,,,,
D3_00343,G_01998,other,E5x_pooled,0,0.9652464985847473,1,,,,
D3_00344,G_01999,other,E5x_pooled,0,0.9760204553604126,1,,,,
D3_00345,G_02000,other,E5x_pooled,0,0.966621458530426,1,,,,
D3_00346,G_02001,other,E5x_pooled,0,0.9321014285087585,1,,,,
D3_00347,G_02002,other,E5x_pooled,0,0.948072075843811,1,,,,
D3_00348,G_02003,other,E5x_pooled,0,0.9657712578773499,1,,,,
D3_00349,G_02004,other,E5x_pooled,0,0.9107598066329956,1,,,,
D3_00350,G_02005,en,E5x_pooled,0,0.9733358025550842,1,,,,
D3_00351,G_02032,en,E5x_pooled,0,0.9722703695297241,1,,,,
D3_00352,G_02007,en,E5x_pooled,0,0.9753932356834412,1,,,,
D3_00353,G_02008,en,E5x_pooled,0,0.971390962600708,1,,,,
D3_00354,G_02009,en,E5x_pooled,0,0.9710075259208679,1,,,,
D3_00355,G_03634,en,E5x_pooled,0,0.9745962023735046,1,,,,
D3_00356,G_02011,en,E5x_pooled,0,0.9735132455825806,1,,,,
D3_00357,G_02012,en,E5x_pooled,0,0.9731001853942871,1,,,,
D3_00358,G_02013,en,E5x_pooled,0,0.9737080931663513,1,,,,
D3_00359,G_02014,en,E5x_pooled,0,0.9709774255752563,1,,,,
D3_00360,G_02015,en,E5x_pooled,0,0.9767563343048096,1,,,,
D3_00361,G_02016,en,E5x_pooled,0,0.9722013473510742,1,,,,
D3_00362,G_03116,en,E5x_pooled,0,0.9748822450637817,1,,,,
D3_00363,G_02018,en,E5x_pooled,0,0.9772473573684692,1,,,,
D3_00364,G_02019,en,E5x_pooled,0,0.9758056402206421,1,,,,
D3_00365,G_02020,en,E5x_pooled,0,0.9773699641227722,1,,,,
D3_00366,G_02021,en,E5x_pooled,0,0.9744426012039185,1,,,,
D3_00367,G_04084,en,E5x_pooled,0,0.9723782539367676,1,,,,
D3_00368,G_02023,en,E5x_pooled,0,0.9741883277893066,1,,,,
D3_00369,G_03639,en,E5x_pooled,0,0.9764334559440613,1,,,,
D3_00370,G_02025,en,E5x_pooled,0,0.9733290076255798,1,,,,
D3_00371,G_02026,en,E5x_pooled,0,0.9714280962944031,1,,,,
D3_00372,G_02027,en,E5x_pooled,0,0.976669430732727,1,,,,
D3_00373,G_02028,en,E5x_pooled,0,0.9780073761940002,1,,,,
D3_00374,G_02029,en,E5x_pooled,0,0.9748363494873047,1,,,,
D3_00375,G_02030,en,E5x_pooled,0,0.9745339751243591,1,,,,
D3_00376,G_02005,en,E5x_pooled,0,0.9748206734657288,1,,,,
D3_00377,G_02032,en,E5x_pooled,0,0.9741608500480652,1,,,,
D3_00378,G_02007,en,E5x_pooled,0,0.9763362407684326,1,,,,
D3_00379,G_02015,en,E5x_pooled,0,0.9773014187812805,1,,,,
D3_00380,G_02016,en,E5x_pooled,0,0.9726861715316772,1,,,,
D3_00381,G_03116,en,E5x_pooled,0,0.9754860997200012,1,,,,
D3_00382,G_02005,en,E5x_pooled,0,0.9743996858596802,1,,,,
D3_00383,G_02032,en,E5x_pooled,0,0.9739618897438049,1,,,,
D3_00384,G_02039,en,E5x_pooled,0,0.9751845598220825,1,,,,
D3_00385,G_02040,en,E5x_pooled,0,0.977782130241394,1,,,,
D3_00387,G_02041,en,E5x_pooled,0,0.9728083610534668,1,,,,
D3_00388,G_02005,en,E5x_pooled,0,0.9765992760658264,1,,,,
D3_00389,G_02043,en,E5x_pooled,0,0.9751260876655579,1,,,,
D3_00390,G_02007,en,E5x_pooled,0,0.9782127737998962,1,,,,
D3_00391,G_02015,en,E5x_pooled,0,0.9775927662849426,1,,,,
D3_00392,G_02016,en,E5x_pooled,0,0.9736078381538391,1,,,,
D3_00393,G_03116,en,E5x_pooled,0,0.9751710891723633,1,,,,
D3_00394,G_02048,en,E5x_pooled,0,0.9733133316040039,1,,,,
D3_00395,G_02049,en,E5x_pooled,0,0.9758734107017517,1,,,,
D3_00397,G_02050,en,E5x_pooled,0,0.9766901135444641,1,,,,
D3_00398,G_02051,en,E5x_pooled,0,0.9770979881286621,1,,,,
D3_00399,G_03116,en,E5x_pooled,0,0.9765808582305908,1,,,,
D3_00400,G_02053,en,E5x_pooled,0,0.9701999425888062,1,,,,
D3_00401,G_02054,en,E5x_pooled,0,0.9776809215545654,1,,,,
D3_00402,G_02055,en,E5x_pooled,0,0.9751655459403992,1,,,,
D3_00403,G_02056,en,E5x_pooled,0,0.9770100116729736,1,,,,
D3_00404,G_02057,en,E5x_pooled,0,0.9674041271209717,1,,,,
D3_00405,G_02058,en,E5x_pooled,0,0.9758778810501099,1,,,,
D3_00406,G_02059,other,E5x_pooled,0,0.9752300381660461,1,,,,
D3_00407,G_02060,other,E5x_pooled,0,0.9767370223999023,1,,,,
D3_00408,G_02061,other,E5x_pooled,0,0.9751530885696411,1,,,,
D3_00409,G_02062,other,E5x_pooled,0,0.9745649695396423,1,,,,
D3_00410,G_02063,other,E5x_pooled,0,0.9763719439506531,1,,,,
D3_00411,G_02064,other,E5x_pooled,0,0.9760273694992065,1,,,,
D3_00412,G_02065,other,E5x_pooled,0,0.9773410558700562,1,,,,
D3_00413,G_02066,other,E5x_pooled,0,0.967523992061615,1,,,,
D3_00414,G_02067,other,E5x_pooled,0,0.9752423763275146,1,,,,
D3_00415,G_02068,other,E5x_pooled,0,0.971278965473175,1,,,,
D3_00416,G_02069,other,E5x_pooled,0,0.9710765480995178,1,,,,
D3_00417,G_02070,other,E5x_pooled,0,0.9730758666992188,1,,,,
D3_00418,G_02071,other,E5x_pooled,0,0.9739102125167847,1,,,,
D3_00419,G_02072,other,E5x_pooled,0,0.9752400517463684,1,,,,
D3_00420,G_02073,other,E5x_pooled,0,0.9751881957054138,1,,,,
D3_00421,G_02074,other,E5x_pooled,0,0.9649076461791992,1,,,,
D3_00422,G_02075,other,E5x_pooled,0,0.9753314256668091,1,,,,
D3_00423,G_02076,other,E5x_pooled,0,0.9731025099754333,1,,,,
D3_00424,G_02077,other,E5x_pooled,0,0.9745180010795593,1,,,,
D3_00425,G_02072,other,E5x_pooled,0,0.9744340181350708,1,,,,
D3_00426,G_02079,other,E5x_pooled,0,0.9738688468933105,1,,,,
D3_00427,G_02080,other,E5x_pooled,0,0.9743965268135071,1,,,,
D3_00428,G_02081,other,E5x_pooled,0,0.9728013277053833,1,,,,
D3_00429,G_02082,other,E5x_pooled,0,0.9750628471374512,1,,,,
D3_00430,G_02083,other,E5x_pooled,0,0.9747724533081055,1,,,,
D3_00431,G_02084,other,E5x_pooled,0,0.9740244150161743,1,,,,
D3_00432,G_02085,other,E5x_pooled,0,0.9755905866622925,1,,,,
D3_00433,G_02086,other,E5x_pooled,0,0.969828724861145,1,,,,
D3_00434,G_02087,other,E5x_pooled,0,0.9761705994606018,1,,,,
D3_00435,G_02088,other,E5x_pooled,0,0.974276602268219,1,,,,
D3_00436,G_02089,other,E5x_pooled,0,0.9745529890060425,1,,,,
D3_00437,G_02090,other,E5x_pooled,0,0.9722118973731995,1,,,,
D3_00438,G_02091,other,E5x_pooled,0,0.9664634466171265,1,,,,
D3_00439,G_02092,other,E5x_pooled,0,0.9722903370857239,1,,,,
D3_00440,G_02093,other,E5x_pooled,0,0.9713544249534607,1,,,,
D3_00441,G_02094,other,E5x_pooled,0,0.9632040858268738,1,,,,
D3_00442,G_02095,other,E5x_pooled,0,0.9732949137687683,1,,,,
D3_00443,G_02096,other,E5x_pooled,0,0.9540570974349976,1,,,,
D3_00444,G_02097,other,E5x_pooled,0,0.9735056757926941,1,,,,
D3_00445,G_02098,other,E5x_pooled,0,0.9704266786575317,1,,,,
D3_00446,G_02099,other,E5x_pooled,0,0.9698926210403442,1,,,,
D3_00447,G_02100,other,E5x_pooled,0,0.9731017351150513,1,,,,
D3_00448,G_02099,other,E5x_pooled,0,0.9735623002052307,1,,,,
D3_00449,G_02102,other,E5x_pooled,0,0.9741615056991577,1,,,,
D3_00450,G_02103,other,E5x_pooled,0,0.9697223901748657,1,,,,
D3_00451,G_02104,other,E5x_pooled,0,0.9724670648574829,1,,,,
D3_00452,G_02105,other,E5x_pooled,0,0.9653387069702148,1,,,,
D3_00453,G_02105,other,E5x_pooled,0,0.9721554517745972,1,,,,
D3_00454,G_02103,other,E5x_pooled,0,0.9693259596824646,1,,,,
D3_00455,G_02108,other,E5x_pooled,0,0.9666086435317993,1,,,,
D3_00456,G_02109,other,E5x_pooled,0,0.9725522994995117,1,,,,
D3_00457,G_02110,other,E5x_pooled,0,0.9745895266532898,1,,,,
D3_00458,G_02111,other,E5x_pooled,0,0.9755508899688721,1,,,,
D3_00459,G_02112,other,E5x_pooled,0,0.9742158055305481,1,,,,
D3_00460,G_02113,other,E5x_pooled,0,0.973778486251831,1,,,,
D3_00461,G_02114,other,E5x_pooled,0,0.974097490310669,1,,,,
D3_00462,G_02115,other,E5x_pooled,0,0.9755772352218628,1,,,,
D3_00463,G_02116,other,E5x_pooled,0,0.9696229100227356,1,,,,
D3_00464,G_02117,other,E5x_pooled,0,0.9761208891868591,1,,,,
D3_00465,G_02118,other,E5x_pooled,0,0.974521279335022,1,,,,
D3_00466,G_02119,en,E5x_pooled,0,0.9676229953765869,1,,,,
D3_00467,G_02120,en,E5x_pooled,0,0.9667119383811951,1,,,,
D3_00468,G_02154,en,E5x_pooled,0,0.9669550657272339,1,,,,
D3_00469,G_04962,en,E5x_pooled,0,0.969913125038147,1,,,,
D3_00470,G_02123,en,E5x_pooled,0,0.9722568988800049,1,,,,
D3_00471,G_03150,en,E5x_pooled,0,0.9707399010658264,1,,,,
D3_00472,G_02125,en,E5x_pooled,0,0.9528235197067261,1,,,,
D3_00473,G_02126,en,E5x_pooled,0,0.9734993577003479,1,,,,
D3_00474,G_02127,en,E5x_pooled,0,0.9732085466384888,1,,,,
D3_00475,G_02128,en,E5x_pooled,0,0.9687743186950684,1,,,,
D3_00476,G_02129,en,E5x_pooled,0,0.9690910577774048,1,,,,
D3_00477,G_02130,en,E5x_pooled,0,0.9743562340736389,1,,,,
D3_00478,G_02150,en,E5x_pooled,0,0.976405680179596,1,,,,
D3_00479,G_04106,en,E5x_pooled,0,0.9761282205581665,1,,,,
D3_00480,G_02133,en,E5x_pooled,0,0.9745974540710449,1,,,,
D3_00481,G_03168,en,E5x_pooled,0,0.9760027527809143,1,,,,
D3_00482,G_02135,en,E5x_pooled,0,0.969306468963623,1,,,,
D3_00483,G_02136,en,E5x_pooled,0,0.9746618866920471,1,,,,
D3_00484,G_02137,en,E5x_pooled,0,0.9760901927947998,1,,,,
D3_00485,G_04542,en,E5x_pooled,0,0.9702903032302856,1,,,,
D3_00486,G_03685,en,E5x_pooled,0,0.9753811955451965,1,,,,
D3_00487,G_02140,en,E5x_pooled,0,0.9658884406089783,1,,,,
D3_00488,G_02141,en,E5x_pooled,0,0.9650639295578003,1,,,,
D3_00489,G_02142,en,E5x_pooled,0,0.9580172896385193,1,,,,
D3_00490,G_02143,en,E5x_pooled,0,0.9740698933601379,1,,,,
D3_00491,G_04106,en,E5x_pooled,0,0.9753351807594299,1,,,,
D3_00492,G_02145,en,E5x_pooled,0,0.9752147197723389,1,,,,
D3_00493,G_02119,en,E5x_pooled,0,0.9693871140480042,1,,,,
D3_00494,G_02120,en,E5x_pooled,0,0.9725173711776733,1,,,,
D3_00495,G_02154,en,E5x_pooled,0,0.9677566885948181,1,,,,
D3_00496,G_04106,en,E5x_pooled,0,0.9768928289413452,1,,,,
D3_00497,G_02150,en,E5x_pooled,0,0.9777420163154602,1,,,,
D3_00498,G_02130,en,E5x_pooled,0,0.9752451181411743,1,,,,
D3_00499,G_02152,en,E5x_pooled,0,0.9737055897712708,1,,,,
D3_00500,G_02153,en,E5x_pooled,0,0.971478283405304,1,,,,
D3_00501,G_02154,en,E5x_pooled,0,0.9672586917877197,1,,,,
D3_00502,G_04106,en,E5x_pooled,0,0.9739927649497986,1,,,,
D3_00504,G_02150,en,E5x_pooled,0,0.9790593385696411,1,,,,
D3_00505,G_02120,en,E5x_pooled,0,0.9708272814750671,1,,,,
D3_00506,G_02119,en,E5x_pooled,0,0.9707042574882507,1,,,,
D3_00507,G_02159,en,E5x_pooled,0,0.9671446084976196,1,,,,
D3_00508,G_04106,en,E5x_pooled,0,0.9764562845230103,1,,,,
D3_00509,G_02150,en,E5x_pooled,0,0.9768467545509338,1,,,,
D3_00510,G_02162,en,E5x_pooled,0,0.9747050404548645,1,,,,
D3_00511,G_02163,en,E5x_pooled,0,0.973355770111084,1,,,,
D3_00512,G_02164,en,E5x_pooled,0,0.9729834794998169,1,,,,
D3_00513,G_02154,en,E5x_pooled,0,0.9205164313316345,1,,,,
D3_00514,G_02166,en,E5x_pooled,0,0.9730111956596375,1,,,,
D3_00515,G_02150,en,E5x_pooled,0,0.9768377542495728,1,,,,
D3_00516,G_04106,en,E5x_pooled,0,0.975948691368103,1,,,,
D3_00517,G_02169,en,E5x_pooled,0,0.9656512141227722,1,,,,
D3_00518,G_02170,en,E5x_pooled,0,0.9719359278678894,1,,,,
D3_00519,G_02171,en,E5x_pooled,0,0.9735779166221619,1,,,,
D3_00520,G_02172,en,E5x_pooled,0,0.9755588173866272,1,,,,
D3_00521,G_02173,en,E5x_pooled,0,0.9751434326171875,1,,,,
D3_00522,G_02174,en,E5x_pooled,0,0.9775927662849426,1,,,,
D3_00523,G_02175,other,E5x_pooled,0,0.5618277788162231,1,,,,
D3_00524,G_02176,other,E5x_pooled,0,0.9530168771743774,1,,,,
D3_00525,G_02177,other,E5x_pooled,0,0.6378287076950073,1,,,,
D3_00526,G_02178,other,E5x_pooled,0,0.9595696926116943,1,,,,
D3_00527,G_02179,other,E5x_pooled,0,0.5275666117668152,1,,,,
D3_00528,G_02180,other,E5x_pooled,0,0.5732804536819458,1,,,,
D3_00529,G_02181,other,E5x_pooled,0,0.9680607914924622,1,,,,
D3_00530,G_02182,other,E5x_pooled,0,0.9416582584381104,1,,,,
D3_00531,G_02183,other,E5x_pooled,0,0.4626866281032562,1,,,,
D3_00532,G_02184,other,E5x_pooled,0,0.4847022294998169,1,,,,
D3_00533,G_02185,other,E5x_pooled,0,0.9708167314529419,1,,,,
D3_00534,G_02186,other,E5x_pooled,0,0.949192225933075,1,,,,
D3_00535,G_02187,other,E5x_pooled,0,0.9607005715370178,1,,,,
D3_00536,G_02188,other,E5x_pooled,0,0.9608170390129089,1,,,,
D3_00537,G_02189,other,E5x_pooled,0,0.9634135961532593,1,,,,
D3_00538,G_02190,other,E5x_pooled,0,0.6864343285560608,1,,,,
D3_00539,G_02191,other,E5x_pooled,0,0.95697420835495,1,,,,
D3_00540,G_02192,other,E5x_pooled,0,0.9505722522735596,1,,,,
D3_00541,G_02193,other,E5x_pooled,0,0.9636366367340088,1,,,,
D3_00542,G_02194,other,E5x_pooled,0,0.6620021462440491,1,,,,
D3_00543,G_02195,other,E5x_pooled,0,0.9671609997749329,1,,,,
D3_00544,G_02196,other,E5x_pooled,0,0.9102061986923218,1,,,,
D3_00545,G_02197,other,E5x_pooled,0,0.928967297077179,1,,,,
D3_00546,G_02198,other,E5x_pooled,0,0.8966333270072937,1,,,,
D3_00547,G_02199,other,E5x_pooled,0,0.9428256154060364,1,,,,
D3_00548,G_02200,other,E5x_pooled,0,0.960748553276062,1,,,,
D3_00549,G_02201,other,E5x_pooled,0,0.9310621023178101,1,,,,
D3_00550,G_02202,other,E5x_pooled,0,0.6507903337478638,1,,,,
D3_00551,G_02203,other,E5x_pooled,0,0.9331561326980591,1,,,,
D3_00552,G_02204,other,E5x_pooled,0,0.9514215588569641,1,,,,
D3_00553,G_02205,other,E5x_pooled,0,0.6881920695304871,1,,,,
D3_00554,G_02206,other,E5x_pooled,0,0.968552827835083,1,,,,
D3_00555,G_02207,other,E5x_pooled,0,0.9665602445602417,1,,,,
D3_00556,G_02208,other,E5x_pooled,0,0.9239531755447388,1,,,,
D3_00557,G_02209,other,E5x_pooled,0,0.9568318724632263,1,,,,
D3_00558,G_02210,other,E5x_pooled,0,0.6077886819839478,1,,,,
D3_00559,G_02206,other,E5x_pooled,0,0.9633172750473022,1,,,,
D3_00560,G_02212,other,E5x_pooled,0,0.6267118453979492,1,,,,
D3_00561,G_02213,other,E5x_pooled,0,0.9740539193153381,1,,,,
D3_00562,G_02214,other,E5x_pooled,0,0.9641064405441284,1,,,,
D3_00563,G_02215,other,E5x_pooled,0,0.9675232172012329,1,,,,
D3_00564,G_02216,other,E5x_pooled,0,0.9668803811073303,1,,,,
D3_00565,G_02217,other,E5x_pooled,0,0.9705547094345093,1,,,,
D3_00566,G_02218,other,E5x_pooled,0,0.9677369594573975,1,,,,
D3_00567,G_02219,other,E5x_pooled,0,0.9566627144813538,1,,,,
D3_00568,G_02217,other,E5x_pooled,0,0.9706689119338989,1,,,,
D3_00569,G_02221,other,E5x_pooled,0,0.9699815511703491,1,,,,
D3_00570,G_02222,other,E5x_pooled,0,0.9596491456031799,1,,,,
D3_00571,G_02223,other,E5x_pooled,0,0.9715656042098999,1,,,,
D3_00572,G_02224,other,E5x_pooled,0,0.9738855361938477,1,,,,
D3_00573,G_02225,other,E5x_pooled,0,0.9631240367889404,1,,,,
D3_00574,G_02226,other,E5x_pooled,0,0.9701417088508606,1,,,,
D3_00575,G_02227,other,E5x_pooled,0,0.9626823663711548,1,,,,
D3_00576,G_02228,other,E5x_pooled,0,0.9661879539489746,1,,,,
D3_00577,G_02229,other,E5x_pooled,0,0.9605196118354797,1,,,,
D3_00578,G_02230,other,E5x_pooled,0,0.9657464623451233,1,,,,
D3_00579,G_02231,other,E5x_pooled,0,0.962765634059906,1,,,,
D3_00580,G_02229,other,E5x_pooled,0,0.9598563313484192,1,,,,
D3_00581,G_02233,other,E5x_pooled,0,0.9691091775894165,1,,,,
D3_00582,G_02234,other,E5x_pooled,0,0.968543529510498,1,,,,
D3_00583,G_02235,en,E5x_pooled,0,0.970210611820221,1,,,,
D3_00584,G_02264,en,E5x_pooled,0,0.9676662683486938,1,,,,
D3_00585,G_04639,en,E5x_pooled,0,0.9715561270713806,1,,,,
D3_00586,G_02238,en,E5x_pooled,0,0.9762036800384521,1,,,,
D3_00587,G_02239,en,E5x_pooled,0,0.977208137512207,1,,,,
D3_00588,G_04635,en,E5x_pooled,0,0.9544477462768555,1,,,,
D3_00589,G_02241,en,E5x_pooled,0,0.96926349401474,1,,,,
D3_00590,G_02242,en,E5x_pooled,0,0.9695632457733154,1,,,,
D3_00591,G_02243,en,E5x_pooled,0,0.9772956967353821,1,,,,
D3_00592,G_02244,en,E5x_pooled,0,0.9647831320762634,1,,,,
D3_00593,G_02245,en,E5x_pooled,0,0.9773812294006348,1,,,,
D3_00594,G_02468,en,E5x_pooled,0,0.9761391282081604,1,,,,
D3_00595,G_02278,en,E5x_pooled,0,0.9688259959220886,1,,,,
D3_00596,G_02277,en,E5x_pooled,0,0.974724292755127,1,,,,
D3_00597,G_02249,en,E5x_pooled,0,0.9692245125770569,1,,,,
D3_00598,G_03717,en,E5x_pooled,0,0.9719207286834717,1,,,,
D3_00599,G_03281,en,E5x_pooled,0,0.9789727330207825,1,,,,
D3_00600,G_02252,en,E5x_pooled,0,0.9769227504730225,1,,,,
D3_00601,G_03178,en,E5x_pooled,0,0.9768123030662537,1,,,,
D3_00602,G_03183,en,E5x_pooled,0,0.9739583730697632,1,,,,
D3_00603,G_04642,en,E5x_pooled,0,0.9776645302772522,1,,,,
D3_00604,G_02256,en,E5x_pooled,0,0.9707061648368835,1,,,,
D3_00605,G_02257,en,E5x_pooled,0,0.9724031686782837,1,,,,
D3_00606,G_02258,en,E5x_pooled,0,0.9561898708343506,1,,,,
D3_00607,G_02259,en,E5x_pooled,0,0.9770671725273132,1,,,,
D3_00608,G_02260,en,E5x_pooled,0,0.9709004163742065,1,,,,
D3_00609,G_02261,en,E5x_pooled,0,0.9576441049575806,1,,,,
D3_00610,G_02262,en,E5x_pooled,0,0.9720168113708496,1,,,,
D3_00611,G_04639,en,E5x_pooled,0,0.9733986258506775,1,,,,
D3_00612,G_02264,en,E5x_pooled,0,0.9696851968765259,1,,,,
D3_00613,G_02468,en,E5x_pooled,0,0.9772277474403381,1,,,,
D3_00614,G_02277,en,E5x_pooled,0,0.97507643699646,1,,,,
D3_00615,G_02278,en,E5x_pooled,0,0.9716948866844177,1,,,,
D3_00616,G_02235,en,E5x_pooled,0,0.971137523651123,1,,,,
D3_00617,G_02269,en,E5x_pooled,0,0.9662356972694397,1,,,,
D3_00618,G_04639,en,E5x_pooled,0,0.9717965126037598,1,,,,
D3_00619,G_02271,en,E5x_pooled,0,0.977240264415741,1,,,,
D3_00621,G_02272,en,E5x_pooled,0,0.971091628074646,1,,,,
D3_00622,G_02273,en,E5x_pooled,0,0.9716963768005371,1,,,,
D3_00623,G_02274,en,E5x_pooled,0,0.9723932147026062,1,,,,
D3_00624,G_02275,en,E5x_pooled,0,0.9721242785453796,1,,,,
D3_00625,G_02276,en,E5x_pooled,0,0.9769132137298584,1,,,,
D3_00626,G_02277,en,E5x_pooled,0,0.9753178954124451,1,,,,
D3_00627,G_02278,en,E5x_pooled,0,0.9707093238830566,1,,,,
D3_00628,G_02279,en,E5x_pooled,0,0.9695155024528503,1,,,,
D3_00629,G_02280,en,E5x_pooled,0,0.9693523049354553,1,,,,
D3_00630,G_02281,en,E5x_pooled,0,0.9699455499649048,1,,,,
D3_00631,G_02468,en,E5x_pooled,0,0.9761314392089844,1,,,,
D3_00632,G_02283,en,E5x_pooled,0,0.9730958938598633,1,,,,
D3_00633,G_02277,en,E5x_pooled,0,0.9660263061523438,1,,,,
D3_00634,G_02285,en,E5x_pooled,0,0.973412036895752,1,,,,
D3_00635,G_02286,en,E5x_pooled,0,0.9579406976699829,1,,,,
D3_00636,G_02287,en,E5x_pooled,0,0.9705724120140076,1,,,,
D3_00637,G_02288,en,E5x_pooled,0,0.9762842059135437,1,,,,
D3_00638,G_02289,en,E5x_pooled,0,0.9713892936706543,1,,,,
D3_00639,G_02290,en,E5x_pooled,0,0.9705969095230103,1,,,,
D3_00640,G_02291,other,E5x_pooled,0,0.9696283936500549,1,,,,
D3_00641,G_02292,other,E5x_pooled,0,0.9676957726478577,1,,,,
D3_00642,G_02293,other,E5x_pooled,0,0.9686439633369446,1,,,,
D3_00643,G_02294,other,E5x_pooled,0,0.9625174403190613,1,,,,
D3_00644,G_02295,other,E5x_pooled,0,0.9705275297164917,1,,,,
D3_00645,G_02296,other,E5x_pooled,0,0.9700377583503723,1,,,,
D3_00646,G_02297,other,E5x_pooled,0,0.9700508713722229,1,,,,
D3_00647,G_02298,other,E5x_pooled,0,0.9725219011306763,1,,,,
D3_00648,G_02299,other,E5x_pooled,0,0.9710556268692017,1,,,,
D3_00649,G_02300,other,E5x_pooled,0,0.9699966907501221,1,,,,
D3_00650,G_02301,other,E5x_pooled,0,0.9722141623497009,1,,,,
D3_00651,G_02302,other,E5x_pooled,0,0.9750484228134155,1,,,,
D3_00652,G_02303,other,E5x_pooled,0,0.9700099229812622,1,,,,
D3_00653,G_02304,other,E5x_pooled,0,0.9729238748550415,1,,,,
D3_00654,G_02305,other,E5x_pooled,0,0.9695726633071899,1,,,,
D3_00655,G_02306,other,E5x_pooled,0,0.9680869579315186,1,,,,
D3_00656,G_02307,other,E5x_pooled,0,0.9689963459968567,1,,,,
D3_00657,G_02308,other,E5x_pooled,0,0.9737644791603088,1,,,,
D3_00658,G_02309,other,E5x_pooled,0,0.9685879349708557,1,,,,
D3_00659,G_02310,other,E5x_pooled,0,0.9715811014175415,1,,,,
D3_00660,G_02311,other,E5x_pooled,0,0.9757508635520935,1,,,,
D3_00661,G_02312,other,E5x_pooled,0,0.9709784388542175,1,,,,
D3_00662,G_02313,other,E5x_pooled,0,0.9674378633499146,1,,,,
D3_00663,G_02314,other,E5x_pooled,0,0.9689313173294067,1,,,,
D3_00664,G_02315,other,E5x_pooled,0,0.9666887521743774,1,,,,
D3_00665,G_02316,other,E5x_pooled,0,0.967740535736084,1,,,,
D3_00666,G_02317,other,E5x_pooled,0,0.9700762033462524,1,,,,
D3_00667,G_02318,other,E5x_pooled,0,0.9682449698448181,1,,,,
D3_00668,G_02319,other,E5x_pooled,0,0.974482536315918,1,,,,
D3_00669,G_02320,other,E5x_pooled,0,0.9736208319664001,1,,,,
D3_00670,G_02321,other,E5x_pooled,0,0.9759973287582397,1,,,,
D3_00671,G_02322,other,E5x_pooled,0,0.9691481590270996,1,,,,
D3_00672,G_02323,other,E5x_pooled,0,0.9331002831459045,1,,,,
D3_00673,G_02324,other,E5x_pooled,0,0.9675407409667969,1,,,,
D3_00674,G_02325,other,E5x_pooled,0,0.9682959318161011,1,,,,
D3_00675,G_02326,other,E5x_pooled,0,0.9559006094932556,1,,,,
D3_00676,G_02327,other,E5x_pooled,0,0.968535304069519,1,,,,
D3_00677,G_02328,other,E5x_pooled,0,0.9663653373718262,1,,,,
D3_00678,G_02329,other,E5x_pooled,0,0.9541553854942322,1,,,,
D3_00679,G_02330,other,E5x_pooled,0,0.9589759111404419,1,,,,
D3_00680,G_02331,other,E5x_pooled,0,0.9641351103782654,1,,,,
D3_00681,G_02332,other,E5x_pooled,0,0.9697601795196533,1,,,,
D3_00682,G_02333,other,E5x_pooled,0,0.9686533808708191,1,,,,
D3_00683,G_02334,other,E5x_pooled,0,0.9694440364837646,1,,,,
D3_00684,G_02335,other,E5x_pooled,0,0.9665409326553345,1,,,,
D3_00685,G_02336,other,E5x_pooled,0,0.9638181924819946,1,,,,
D3_00686,G_02337,other,E5x_pooled,0,0.9689446091651917,1,,,,
D3_00687,G_02338,other,E5x_pooled,0,0.9686736464500427,1,,,,
D3_00689,G_02339,other,E5x_pooled,0,0.9699076414108276,1,,,,
D3_00690,G_02340,other,E5x_pooled,0,0.973833441734314,1,,,,
D3_00691,G_02341,other,E5x_pooled,0,0.9645111560821533,1,,,,
D3_00692,G_02342,other,E5x_pooled,0,0.9697965383529663,1,,,,
D3_00693,G_02343,other,E5x_pooled,0,0.9680215716362,1,,,,
D3_00694,G_02344,other,E5x_pooled,0,0.9705304503440857,1,,,,
D3_00695,G_02345,other,E5x_pooled,0,0.9692754745483398,1,,,,
D3_00696,G_02346,other,E5x_pooled,0,0.9558465480804443,1,,,,
D3_00697,G_02347,other,E5x_pooled,0,0.9694985151290894,1,,,,
D3_00698,G_02348,other,E5x_pooled,0,0.9623249769210815,1,,,,
D3_00699,G_02349,other,E5x_pooled,0,0.9676698446273804,1,,,,
D3_00700,G_04180,en,E5x_pooled,0,0.9626677632331848,1,,,,
D3_00701,G_02372,en,E5x_pooled,0,0.9679605960845947,1,,,,
D3_00702,G_03219,en,E5x_pooled,0,0.9683367013931274,1,,,,
D3_00703,G_02353,en,E5x_pooled,0,0.9697377681732178,1,,,,
D3_00704,G_02354,en,E5x_pooled,0,0.9616560935974121,1,,,,
D3_00705,G_02355,en,E5x_pooled,0,0.9605509042739868,1,,,,
D3_00706,G_02356,en,E5x_pooled,0,0.965427815914154,1,,,,
D3_00707,G_02357,en,E5x_pooled,0,0.9683530330657959,1,,,,
D3_00708,G_02358,en,E5x_pooled,0,0.9711061120033264,1,,,,
D3_00709,G_02359,en,E5x_pooled,0,0.3536396324634552,1,,,,
D3_00710,G_02360,en,E5x_pooled,0,0.9723462462425232,1,,,,
D3_00711,G_02390,en,E5x_pooled,0,0.9694477319717407,1,,,,
D3_00712,G_03230,en,E5x_pooled,0,0.9717335104942322,1,,,,
D3_00713,G_02363,en,E5x_pooled,0,0.9683012962341309,1,,,,
D3_00714,G_02364,en,E5x_pooled,0,0.9309223294258118,1,,,,
D3_00715,G_03228,en,E5x_pooled,0,0.9684303998947144,1,,,,
D3_00716,G_02366,en,E5x_pooled,0,0.9709020256996155,1,,,,
D3_00717,G_02367,en,E5x_pooled,0,0.9738882780075073,1,,,,
D3_00718,G_02368,en,E5x_pooled,0,0.9740119576454163,1,,,,
D3_00719,G_02369,en,E5x_pooled,0,0.9716761112213135,1,,,,
D3_00720,G_02370,en,E5x_pooled,0,0.9720906615257263,1,,,,
D3_00721,G_02371,en,E5x_pooled,0,0.9744086265563965,1,,,,
D3_00722,G_02372,en,E5x_pooled,0,0.971235990524292,1,,,,
D3_00723,G_02360,en,E5x_pooled,0,0.9744807481765747,1,,,,
D3_00724,G_02390,en,E5x_pooled,0,0.9726839065551758,1,,,,
D3_00725,G_03230,en,E5x_pooled,0,0.9711863994598389,1,,,,
D3_00726,G_02376,en,E5x_pooled,0,0.9574071168899536,1,,,,
D3_00727,G_02377,en,E5x_pooled,0,0.9726981520652771,1,,,,
D3_00728,G_02378,en,E5x_pooled,0,0.9516374468803406,1,,,,
D3_00729,G_02379,en,E5x_pooled,0,0.9206804633140564,1,,,,
D3_00730,G_02380,en,E5x_pooled,0,0.9730764627456665,1,,,,
D3_00731,G_02381,en,E5x_pooled,0,0.9717883467674255,1,,,,
D3_00732,G_02382,en,E5x_pooled,0,0.9490933418273926,1,,,,
D3_00735,G_02383,en,E5x_pooled,0,0.976302981376648,1,,,,
D3_00736,G_02390,en,E5x_pooled,0,0.9722315073013306,1,,,,
D3_00737,G_02385,en,E5x_pooled,0,0.966494619846344,1,,,,
D3_00738,G_04180,en,E5x_pooled,0,0.972309947013855,1,,,,
D3_00739,G_03219,en,E5x_pooled,0,0.9755961894989014,1,,,,
D3_00740,G_02372,en,E5x_pooled,0,0.9735273718833923,1,,,,
D3_00741,G_02389,en,E5x_pooled,0,0.9726994633674622,1,,,,
D3_00742,G_02390,en,E5x_pooled,0,0.972938060760498,1,,,,
D3_00743,G_02391,en,E5x_pooled,0,0.9724203944206238,1,,,,
D3_00744,G_02392,en,E5x_pooled,0,0.9729342460632324,1,,,,
D3_00745,G_02393,en,E5x_pooled,0,0.9714841246604919,1,,,,
D3_00746,G_02394,en,E5x_pooled,0,0.959876537322998,1,,,,
D3_00747,G_02395,en,E5x_pooled,0,0.9763826131820679,1,,,,
D3_00748,G_02396,en,E5x_pooled,0,0.9694530963897705,1,,,,
D3_00749,G_02397,en,E5x_pooled,0,0.9740731716156006,1,,,,
D3_00750,G_02398,en,E5x_pooled,0,0.9654788970947266,1,,,,
D3_00751,G_02399,en,E5x_pooled,0,0.9652714729309082,1,,,,
D3_00752,G_02400,en,E5x_pooled,0,0.9673277139663696,1,,,,
D3_00753,G_02401,en,E5x_pooled,0,0.9759785532951355,1,,,,
D3_00754,G_02402,en,E5x_pooled,0,0.9562377333641052,1,,,,
D3_00755,G_02403,en,E5x_pooled,0,0.9737860560417175,1,,,,
D3_00756,G_02404,other,E5x_pooled,0,0.9682175517082214,1,,,,
D3_00757,G_02405,other,E5x_pooled,0,0.9611862897872925,1,,,,
D3_00758,G_02406,other,E5x_pooled,0,0.7413649559020996,1,,,,
D3_00759,G_02407,other,E5x_pooled,0,0.9512209296226501,1,,,,
D3_00760,G_02408,other,E5x_pooled,0,0.9640527963638306,1,,,,
D3_00761,G_02409,other,E5x_pooled,0,0.9637726545333862,1,,,,
D3_00762,G_02410,other,E5x_pooled,0,0.9730538725852966,1,,,,
D3_00763,G_02411,other,E5x_pooled,0,0.9462108612060547,1,,,,
D3_00764,G_02412,other,E5x_pooled,0,0.9422025084495544,1,,,,
D3_00765,G_02413,other,E5x_pooled,0,0.9477177262306213,1,,,,
D3_00766,G_02414,other,E5x_pooled,0,0.9222824573516846,1,,,,
D3_00767,G_02415,other,E5x_pooled,0,0.9631805419921875,1,,,,
D3_00768,G_02416,other,E5x_pooled,0,0.9578027725219727,1,,,,
D3_00769,G_02417,other,E5x_pooled,0,0.9686005711555481,1,,,,
D3_00770,G_02418,other,E5x_pooled,0,0.7036944031715393,1,,,,
D3_00771,G_02419,other,E5x_pooled,0,0.9662609696388245,1,,,,
D3_00772,G_02420,other,E5x_pooled,0,0.9644668102264404,1,,,,
D3_00773,G_02421,other,E5x_pooled,0,0.9571077227592468,1,,,,
D3_00774,G_02422,other,E5x_pooled,0,0.961983859539032,1,,,,
D3_00776,G_02423,other,E5x_pooled,0,0.9717222452163696,1,,,,
D3_00777,G_02424,other,E5x_pooled,0,0.2249404937028885,1,,,,
D3_00778,G_02425,other,E5x_pooled,0,0.134805828332901,0,,,,
D3_00779,G_02426,other,E5x_pooled,0,0.07697262614965439,0,,,,
D3_00780,G_02427,other,E5x_pooled,0,0.2345426231622696,1,,,,
D3_00781,G_02428,other,E5x_pooled,0,0.1445840448141098,0,,,,
D3_00782,G_02429,other,E5x_pooled,0,0.13358008861541748,0,,,,
D3_00783,G_02430,other,E5x_pooled,0,0.14094679057598114,0,,,,
D3_00784,G_02429,other,E5x_pooled,0,0.14426235854625702,0,,,,
D3_00785,G_02432,other,E5x_pooled,0,0.22399692237377167,1,,,,
D3_00786,G_02433,other,E5x_pooled,0,0.9514948725700378,1,,,,
D3_00787,G_02434,other,E5x_pooled,0,0.9618112444877625,1,,,,
D3_00788,G_02435,other,E5x_pooled,0,0.9638756513595581,1,,,,
D3_00789,G_02436,other,E5x_pooled,0,0.9675095677375793,1,,,,
D3_00790,G_02437,other,E5x_pooled,0,0.8809971213340759,1,,,,
D3_00791,G_02438,other,E5x_pooled,0,0.9606106281280518,1,,,,
D3_00792,G_02439,other,E5x_pooled,0,0.9744325280189514,1,,,,
D3_00793,G_02440,other,E5x_pooled,0,0.8688425421714783,1,,,,
D3_00794,G_02441,other,E5x_pooled,0,0.4778982996940613,1,,,,
D3_00795,G_02442,other,E5x_pooled,0,0.9680452942848206,1,,,,
D3_00796,G_02443,other,E5x_pooled,0,0.9627369046211243,1,,,,
D3_00797,G_02444,other,E5x_pooled,0,0.6555101871490479,1,,,,
D3_00798,G_02445,other,E5x_pooled,0,0.9655126929283142,1,,,,
D3_00799,G_02446,other,E5x_pooled,0,0.9556082487106323,1,,,,
D3_00800,G_02447,other,E5x_pooled,0,0.9655962586402893,1,,,,
D3_00801,G_02448,other,E5x_pooled,0,0.9662709832191467,1,,,,
D3_00802,G_02445,other,E5x_pooled,0,0.9619312286376953,1,,,,
D3_00803,G_02450,other,E5x_pooled,0,0.954412043094635,1,,,,
D3_00804,G_02451,other,E5x_pooled,0,0.9633996486663818,1,,,,
D3_00805,G_02445,other,E5x_pooled,0,0.9655877351760864,1,,,,
D3_00806,G_02453,other,E5x_pooled,0,0.9618231654167175,1,,,,
D3_00807,G_02454,other,E5x_pooled,0,0.9728952050209045,1,,,,
D3_00808,G_02455,other,E5x_pooled,0,0.9670968651771545,1,,,,
D3_00809,G_02456,other,E5x_pooled,0,0.9715415239334106,1,,,,
D3_00810,G_02457,other,E5x_pooled,0,0.9735061526298523,1,,,,
D3_00811,G_02458,other,E5x_pooled,0,0.9712725281715393,1,,,,
D3_00812,G_02459,other,E5x_pooled,0,0.9657450318336487,1,,,,
D3_00813,G_02460,other,E5x_pooled,0,0.9694206118583679,1,,,,
D3_00814,G_02461,other,E5x_pooled,0,0.9700524210929871,1,,,,
D3_00815,G_02462,other,E5x_pooled,0,0.9700890183448792,1,,,,
D3_00837,G_02463,en,E5x_pooled,0,0.9759448170661926,1,,,,
D3_00838,G_02464,en,E5x_pooled,0,0.9642835259437561,1,,,,
D3_00839,G_02465,en,E5x_pooled,0,0.9692546129226685,1,,,,
D3_00840,G_02466,en,E5x_pooled,0,0.9704943895339966,1,,,,
D3_00841,G_02467,en,E5x_pooled,0,0.9768026471138,1,,,,
D3_00842,G_02468,en,E5x_pooled,0,0.9763388633728027,1,,,,
D3_00843,G_02238,en,E5x_pooled,0,0.9771382808685303,1,,,,
D3_00845,G_02470,en,E5x_pooled,0,0.9711344838142395,1,,,,
D3_00847,G_03178,en,E5x_pooled,0,0.9768123030662537,1,,,,
D3_00848,G_02472,en,E5x_pooled,0,0.976264476776123,1,,,,
D3_00849,G_02473,en,E5x_pooled,0,0.9770684838294983,1,,,,
D3_00851,G_02242,en,E5x_pooled,0,0.9724605679512024,1,,,,
D3_00852,G_02475,en,E5x_pooled,0,0.9757621884346008,1,,,,
D3_00853,G_03178,en,E5x_pooled,0,0.9770495295524597,1,,,,
D3_00855,G_02477,en,E5x_pooled,0,0.9752410650253296,1,,,,
D3_00857,G_02478,en,E5x_pooled,0,0.969691812992096,1,,,,
D3_00858,G_03183,en,E5x_pooled,0,0.9758829474449158,1,,,,
D3_00859,G_02480,en,E5x_pooled,0,0.9751124978065491,1,,,,
D3_00860,G_02468,en,E5x_pooled,0,0.9747920632362366,1,,,,
D3_00861,G_02238,en,E5x_pooled,0,0.9757201075553894,1,,,,
D3_00863,G_02242,en,E5x_pooled,0,0.9708489775657654,1,,,,
D3_00864,G_02484,en,E5x_pooled,0,0.9757593274116516,1,,,,
D3_00865,G_02468,en,E5x_pooled,0,0.9767909049987793,1,,,,
D3_00866,G_03178,en,E5x_pooled,0,0.9774238467216492,1,,,,
D3_00867,G_02487,en,E5x_pooled,0,0.9761335849761963,1,,,,
D3_00868,G_02488,en,E5x_pooled,0,0.9597727656364441,1,,,,
D3_00869,G_02489,en,E5x_pooled,0,0.9692811965942383,1,,,,
D3_00870,G_02490,en,E5x_pooled,0,0.9749962091445923,1,,,,
D3_00871,G_02491,en,E5x_pooled,0,0.9774073362350464,1,,,,
D3_00872,G_02492,en,E5x_pooled,0,0.9762685298919678,1,,,,
D3_00933,G_02493,en,E5x_pooled,0,0.9716097116470337,1,,,,
D3_00934,G_02521,en,E5x_pooled,0,0.9658851027488708,1,,,,
D3_00935,G_02519,en,E5x_pooled,0,0.971302330493927,1,,,,
D3_00936,G_03310,en,E5x_pooled,0,0.972396194934845,1,,,,
D3_00937,G_02497,en,E5x_pooled,0,0.9749996066093445,1,,,,
D3_00938,G_02498,en,E5x_pooled,0,0.973177969455719,1,,,,
D3_00939,G_02499,en,E5x_pooled,0,0.9726596474647522,1,,,,
D3_00940,G_02500,en,E5x_pooled,0,0.9701593518257141,1,,,,
D3_00941,G_02501,en,E5x_pooled,0,0.9525402784347534,1,,,,
D3_00942,G_02502,en,E5x_pooled,0,0.9716047644615173,1,,,,
D3_00943,G_02503,en,E5x_pooled,0,0.9749805927276611,1,,,,
D3_00944,G_02504,en,E5x_pooled,0,0.9746642708778381,1,,,,
D3_00945,G_03808,en,E5x_pooled,0,0.9700115919113159,1,,,,
D3_00946,G_03806,en,E5x_pooled,0,0.9737666249275208,1,,,,
D3_00947,G_02507,en,E5x_pooled,0,0.9757066965103149,1,,,,
D3_00948,G_02508,en,E5x_pooled,0,0.9758598208427429,1,,,,
D3_00949,G_02509,en,E5x_pooled,0,0.9718987941741943,1,,,,
D3_00950,G_02510,en,E5x_pooled,0,0.9760056138038635,1,,,,
D3_00951,G_02511,en,E5x_pooled,0,0.9653095006942749,1,,,,
D3_00952,G_02512,en,E5x_pooled,0,0.9723644852638245,1,,,,
D3_00953,G_02513,en,E5x_pooled,0,0.961194634437561,1,,,,
D3_00954,G_02514,en,E5x_pooled,0,0.9713425040245056,1,,,,
D3_00955,G_02515,en,E5x_pooled,0,0.9691014289855957,1,,,,
D3_00956,G_02516,en,E5x_pooled,0,0.974719762802124,1,,,,
D3_00957,G_02517,en,E5x_pooled,0,0.9765586853027344,1,,,,
D3_00958,G_02518,en,E5x_pooled,0,0.95624178647995,1,,,,
D3_00959,G_02519,en,E5x_pooled,0,0.9713322520256042,1,,,,
D3_00960,G_02520,en,E5x_pooled,0,0.9736541509628296,1,,,,
D3_00961,G_02521,en,E5x_pooled,0,0.9720692038536072,1,,,,
D3_00962,G_03808,en,E5x_pooled,0,0.9737051129341125,1,,,,
D3_00963,G_02503,en,E5x_pooled,0,0.9756364226341248,1,,,,
D3_00964,G_02504,en,E5x_pooled,0,0.9751582741737366,1,,,,
D3_00965,G_02493,en,E5x_pooled,0,0.9728823304176331,1,,,,
D3_00966,G_02526,en,E5x_pooled,0,0.9755827784538269,1,,,,
D3_00967,G_02519,en,E5x_pooled,0,0.9728004336357117,1,,,,
D3_00968,G_03808,en,E5x_pooled,0,0.9741126298904419,1,,,,
D3_00969,G_02503,en,E5x_pooled,0,0.9767163991928101,1,,,,
D3_00970,G_02504,en,E5x_pooled,0,0.9761738181114197,1,,,,
D3_00971,G_02531,en,E5x_pooled,0,0.9701269268989563,1,,,,
D3_00972,G_02532,en,E5x_pooled,0,0.9740476012229919,1,,,,
D3_00973,G_02533,en,E5x_pooled,0,0.9727411866188049,1,,,,
D3_00974,G_02534,en,E5x_pooled,0,0.9760305881500244,1,,,,
D3_00975,G_02535,en,E5x_pooled,0,0.9762428998947144,1,,,,
D3_00976,G_02536,en,E5x_pooled,0,0.9731971621513367,1,,,,
D3_00977,G_02537,en,E5x_pooled,0,0.9711426496505737,1,,,,
D3_00978,G_02538,en,E5x_pooled,0,0.9717735648155212,1,,,,
D3_00979,G_02539,en,E5x_pooled,0,0.9714691638946533,1,,,,
D3_00980,G_02503,en,E5x_pooled,0,0.9764902591705322,1,,,,
D3_00981,G_02541,en,E5x_pooled,0,0.9746412038803101,1,,,,
D3_00982,G_02542,en,E5x_pooled,0,0.971898078918457,1,,,,
D3_00983,G_02543,en,E5x_pooled,0,0.9658905863761902,1,,,,
D3_00984,G_02544,en,E5x_pooled,0,0.9703721404075623,1,,,,
D3_00985,G_02545,en,E5x_pooled,0,0.9704573154449463,1,,,,
D3_00986,G_02546,en,E5x_pooled,0,0.9752272963523865,1,,,,
D3_00987,G_02547,en,E5x_pooled,0,0.9770559668540955,1,,,,
D3_00988,G_02548,en,E5x_pooled,0,0.9721564650535583,1,,,,
D3_00989,G_02549,other,E5x_pooled,0,0.972603976726532,1,,,,
D3_00990,G_02550,other,E5x_pooled,0,0.973254382610321,1,,,,
D3_00991,G_02550,other,E5x_pooled,0,0.9747506976127625,1,,,,
D3_00992,G_02552,other,E5x_pooled,0,0.973128616809845,1,,,,
D3_00993,G_02553,other,E5x_pooled,0,0.9728348255157471,1,,,,
D3_00994,G_02554,other,E5x_pooled,0,0.9724560379981995,1,,,,
D3_00995,G_02550,other,E5x_pooled,0,0.9745404124259949,1,,,,
D3_00997,G_02550,other,E5x_pooled,0,0.9736764430999756,1,,,,
D3_00999,G_02557,other,E5x_pooled,0,0.9734974503517151,1,,,,
D3_01000,G_02558,other,E5x_pooled,0,0.9758161306381226,1,,,,
D3_01001,G_02559,other,E5x_pooled,0,0.9726409316062927,1,,,,
D3_01002,G_02560,other,E5x_pooled,0,0.9741868376731873,1,,,,
D3_01003,G_02561,other,E5x_pooled,0,0.9762313961982727,1,,,,
D3_01004,G_02562,other,E5x_pooled,0,0.9723232388496399,1,,,,
D3_01005,G_02563,other,E5x_pooled,0,0.9752736687660217,1,,,,
D3_01006,G_02564,other,E5x_pooled,0,0.9733055233955383,1,,,,
D3_01007,G_02565,other,E5x_pooled,0,0.976621687412262,1,,,,
D3_01008,G_02566,other,E5x_pooled,0,0.9757140874862671,1,,,,
D3_01009,G_02567,other,E5x_pooled,0,0.9745615720748901,1,,,,
D3_01010,G_02567,other,E5x_pooled,0,0.9738019108772278,1,,,,
D3_01011,G_02567,other,E5x_pooled,0,0.9746580719947815,1,,,,
D3_01012,G_02570,other,E5x_pooled,0,0.9743205904960632,1,,,,
D3_01013,G_02567,other,E5x_pooled,0,0.9739839434623718,1,,,,
D3_01014,G_02572,other,E5x_pooled,0,0.9741909503936768,1,,,,
D3_01015,G_02573,other,E5x_pooled,0,0.9747060537338257,1,,,,
D3_01016,G_02574,other,E5x_pooled,0,0.9741118550300598,1,,,,
D3_01017,G_02575,other,E5x_pooled,0,0.9751470685005188,1,,,,
D3_01019,G_02576,other,E5x_pooled,0,0.971614420413971,1,,,,
D3_01020,G_02577,other,E5x_pooled,0,0.9725925922393799,1,,,,
D3_01022,G_02578,other,E5x_pooled,0,0.9710991382598877,1,,,,
D3_01023,G_02579,other,E5x_pooled,0,0.9706786870956421,1,,,,
D3_01024,G_02580,other,E5x_pooled,0,0.9728143215179443,1,,,,
D3_01025,G_02581,other,E5x_pooled,0,0.9733587503433228,1,,,,
D3_01026,G_02582,other,E5x_pooled,0,0.9695906043052673,1,,,,
D3_01027,G_02583,other,E5x_pooled,0,0.9736407399177551,1,,,,
D3_01028,G_02584,other,E5x_pooled,0,0.9722719788551331,1,,,,
D3_01029,G_02585,other,E5x_pooled,0,0.9706018567085266,1,,,,
D3_01030,G_02586,other,E5x_pooled,0,0.9701509475708008,1,,,,
D3_01031,G_02576,other,E5x_pooled,0,0.9706276655197144,1,,,,
D3_01032,G_02588,other,E5x_pooled,0,0.9701206684112549,1,,,,
D3_01033,G_02589,other,E5x_pooled,0,0.9704848527908325,1,,,,
D3_01034,G_02588,other,E5x_pooled,0,0.9683239459991455,1,,,,
D3_01036,G_02586,other,E5x_pooled,0,0.9697162508964539,1,,,,
D3_01038,G_02592,other,E5x_pooled,0,0.9710647463798523,1,,,,
D3_01039,G_02593,other,E5x_pooled,0,0.9682655334472656,1,,,,
D3_01040,G_02594,other,E5x_pooled,0,0.9631348848342896,1,,,,
D3_01041,G_02595,other,E5x_pooled,0,0.965522825717926,1,,,,
D3_01042,G_02596,other,E5x_pooled,0,0.9613806009292603,1,,,,
D3_01043,G_02596,other,E5x_pooled,0,0.9625766277313232,1,,,,
D3_01044,G_02598,other,E5x_pooled,0,0.9677420854568481,1,,,,
D3_01045,G_02599,other,E5x_pooled,0,0.9755379557609558,1,,,,
D3_01046,G_02600,other,E5x_pooled,0,0.9709179997444153,1,,,,
D3_01047,G_02601,other,E5x_pooled,0,0.9667590856552124,1,,,,
D3_01048,G_02602,other,E5x_pooled,0,0.973097026348114,1,,,,
D3_01049,G_02603,en,E5x_pooled,0,0.9756134152412415,1,,,,
D3_01050,G_02604,en,E5x_pooled,0,0.9765285849571228,1,,,,
D3_01051,G_03338,en,E5x_pooled,0,0.9774104952812195,1,,,,
D3_01052,G_02606,en,E5x_pooled,0,0.9770192503929138,1,,,,
D3_01053,G_02607,en,E5x_pooled,0,0.974418044090271,1,,,,
D3_01054,G_02608,en,E5x_pooled,0,0.9748732447624207,1,,,,
D3_01055,G_04271,en,E5x_pooled,0,0.9743980169296265,1,,,,
D3_01056,G_02610,en,E5x_pooled,0,0.9769766926765442,1,,,,
D3_01057,G_02611,en,E5x_pooled,0,0.9759523272514343,1,,,,
D3_01058,G_02612,en,E5x_pooled,0,0.9761097431182861,1,,,,
D3_01059,G_02613,en,E5x_pooled,0,0.9769682288169861,1,,,,
D3_01060,G_02614,en,E5x_pooled,0,0.977071225643158,1,,,,
D3_01061,G_02615,en,E5x_pooled,0,0.9787742495536804,1,,,,
D3_01062,G_02616,en,E5x_pooled,0,0.9782801866531372,1,,,,
D3_01063,G_02617,en,E5x_pooled,0,0.9778079986572266,1,,,,
D3_01064,G_04699,en,E5x_pooled,0,0.9773858785629272,1,,,,
D3_01065,G_02619,en,E5x_pooled,0,0.9792857766151428,1,,,,
D3_01066,G_02620,en,E5x_pooled,0,0.9780552983283997,1,,,,
D3_01067,G_02621,en,E5x_pooled,0,0.9777510166168213,1,,,,
D3_01068,G_02622,en,E5x_pooled,0,0.9761264324188232,1,,,,
D3_01069,G_02623,en,E5x_pooled,0,0.9754089713096619,1,,,,
D3_01070,G_02624,en,E5x_pooled,0,0.978116512298584,1,,,,
D3_01071,G_02625,en,E5x_pooled,0,0.9787495732307434,1,,,,
D3_01072,G_02626,en,E5x_pooled,0,0.9778701066970825,1,,,,
D3_01073,G_02627,en,E5x_pooled,0,0.9785870909690857,1,,,,
D3_01074,G_02628,en,E5x_pooled,0,0.9793782830238342,1,,,,
D3_01075,G_02603,en,E5x_pooled,0,0.9757755994796753,1,,,,
D3_01076,G_02604,en,E5x_pooled,0,0.9767013788223267,1,,,,
D3_01077,G_03338,en,E5x_pooled,0,0.9772944450378418,1,,,,
D3_01078,G_02614,en,E5x_pooled,0,0.977642297744751,1,,,,
D3_01079,G_02613,en,E5x_pooled,0,0.9789484143257141,1,,,,
D3_01080,G_02615,en,E5x_pooled,0,0.9791361689567566,1,,,,
D3_01081,G_02635,en,E5x_pooled,0,0.9794115424156189,1,,,,
D3_01082,G_03338,en,E5x_pooled,0,0.978390097618103,1,,,,
D3_01083,G_02637,en,E5x_pooled,0,0.9771879315376282,1,,,,
D3_01084,G_02613,en,E5x_pooled,0,0.9773664474487305,1,,,,
D3_01085,G_02639,en,E5x_pooled,0,0.9766573905944824,1,,,,
D3_01086,G_02640,en,E5x_pooled,0,0.9783456921577454,1,,,,
D3_01087,G_02641,en,E5x_pooled,0,0.9760333895683289,1,,,,
D3_01088,G_03338,en,E5x_pooled,0,0.9769747257232666,1,,,,
D3_01089,G_02643,en,E5x_pooled,0,0.9765942692756653,1,,,,
D3_01090,G_02644,en,E5x_pooled,0,0.9768925905227661,1,,,,
D3_01091,G_02614,en,E5x_pooled,0,0.9772021174430847,1,,,,
D3_01092,G_02615,en,E5x_pooled,0,0.9787068367004395,1,,,,
D3_01093,G_02647,en,E5x_pooled,0,0.9767659902572632,1,,,,
D3_01094,G_02648,en,E5x_pooled,0,0.9770098924636841,1,,,,
D3_01095,G_03338,en,E5x_pooled,0,0.9777492880821228,1,,,,
D3_01096,G_02650,en,E5x_pooled,0,0.977288544178009,1,,,,
D3_01097,G_02651,en,E5x_pooled,0,0.9764392375946045,1,,,,
D3_01098,G_02652,en,E5x_pooled,0,0.979808509349823,1,,,,
D3_01099,G_02653,en,E5x_pooled,0,0.9784225821495056,1,,,,
D3_01100,G_02654,en,E5x_pooled,0,0.9730908870697021,1,,,,
D3_01101,G_02655,en,E5x_pooled,0,0.9775811433792114,1,,,,
D3_01102,G_02656,en,E5x_pooled,0,0.9760914444923401,1,,,,
D3_01103,G_02657,en,E5x_pooled,0,0.9791089296340942,1,,,,
D3_01104,G_02658,en,E5x_pooled,0,0.9786645174026489,1,,,,
D3_01105,G_02659,other,E5x_pooled,0,0.9751508235931396,1,,,,
D3_01106,G_02660,other,E5x_pooled,0,0.9783658981323242,1,,,,
D3_01107,G_02660,other,E5x_pooled,0,0.9762417078018188,1,,,,
D3_01108,G_02660,other,E5x_pooled,0,0.9779585599899292,1,,,,
D3_01109,G_02660,other,E5x_pooled,0,0.977272629737854,1,,,,
D3_01110,G_02664,other,E5x_pooled,0,0.976893961429596,1,,,,
D3_01111,G_02660,other,E5x_pooled,0,0.9764273166656494,1,,,,
D3_01112,G_02666,other,E5x_pooled,0,0.9774662852287292,1,,,,
D3_01113,G_02666,other,E5x_pooled,0,0.9738191962242126,1,,,,
D3_01114,G_02668,other,E5x_pooled,0,0.9770400524139404,1,,,,
D3_01115,G_02669,other,E5x_pooled,0,0.9761886596679688,1,,,,
D3_01116,G_02670,other,E5x_pooled,0,0.9766483902931213,1,,,,
D3_01117,G_02669,other,E5x_pooled,0,0.9760997295379639,1,,,,
D3_01118,G_02672,other,E5x_pooled,0,0.9765005111694336,1,,,,
D3_01119,G_02669,other,E5x_pooled,0,0.9765275716781616,1,,,,
D3_01120,G_02674,other,E5x_pooled,0,0.9764010310173035,1,,,,
D3_01121,G_02675,other,E5x_pooled,0,0.976231038570404,1,,,,
D3_01122,G_02670,other,E5x_pooled,0,0.9766383767127991,1,,,,
D3_01123,G_02677,other,E5x_pooled,0,0.9769083857536316,1,,,,
D3_01124,G_02678,other,E5x_pooled,0,0.976475179195404,1,,,,
D3_01125,G_02679,other,E5x_pooled,0,0.9773051738739014,1,,,,
D3_01126,G_02680,other,E5x_pooled,0,0.9767762422561646,1,,,,
D3_01127,G_02681,other,E5x_pooled,0,0.9753071665763855,1,,,,
D3_01128,G_02682,other,E5x_pooled,0,0.9763312935829163,1,,,,
D3_01129,G_02683,other,E5x_pooled,0,0.975883960723877,1,,,,
D3_01130,G_02684,other,E5x_pooled,0,0.9754074215888977,1,,,,
D3_01131,G_02685,other,E5x_pooled,0,0.9743219614028931,1,,,,
D3_01132,G_02686,other,E5x_pooled,0,0.9765616655349731,1,,,,
D3_01133,G_02687,other,E5x_pooled,0,0.9768307209014893,1,,,,
D3_01134,G_02688,other,E5x_pooled,0,0.9773919582366943,1,,,,
D3_01135,G_02689,other,E5x_pooled,0,0.9441357851028442,1,,,,
D3_01136,G_02690,other,E5x_pooled,0,0.972019374370575,1,,,,
D3_01137,G_02691,other,E5x_pooled,0,0.9751753807067871,1,,,,
D3_01138,G_02692,other,E5x_pooled,0,0.9789432883262634,1,,,,
D3_01139,G_02693,other,E5x_pooled,0,0.975629985332489,1,,,,
D3_01140,G_02694,other,E5x_pooled,0,0.9736430644989014,1,,,,
D3_01141,G_02695,other,E5x_pooled,0,0.9775727987289429,1,,,,
D3_01142,G_02696,other,E5x_pooled,0,0.9731311798095703,1,,,,
D3_01143,G_02697,other,E5x_pooled,0,0.9783030152320862,1,,,,
D3_01144,G_02698,other,E5x_pooled,0,0.960610032081604,1,,,,
D3_01145,G_02699,other,E5x_pooled,0,0.9753215312957764,1,,,,
D3_01146,G_02700,other,E5x_pooled,0,0.975588321685791,1,,,,
D3_01147,G_02701,other,E5x_pooled,0,0.975597083568573,1,,,,
D3_01148,G_02702,other,E5x_pooled,0,0.9747079014778137,1,,,,
D3_01149,G_02703,other,E5x_pooled,0,0.9749728441238403,1,,,,
D3_01150,G_02704,other,E5x_pooled,0,0.9749327301979065,1,,,,
D3_01151,G_02705,other,E5x_pooled,0,0.9733538627624512,1,,,,
D3_01152,G_02706,other,E5x_pooled,0,0.9763749241828918,1,,,,
D3_01153,G_02707,other,E5x_pooled,0,0.9744516611099243,1,,,,
D3_01154,G_02702,other,E5x_pooled,0,0.9745079278945923,1,,,,
D3_01155,G_02709,other,E5x_pooled,0,0.975498616695404,1,,,,
D3_01156,G_02710,other,E5x_pooled,0,0.9755069017410278,1,,,,
D3_01157,G_02711,other,E5x_pooled,0,0.9778040051460266,1,,,,
D3_01158,G_02712,other,E5x_pooled,0,0.9757542610168457,1,,,,
D3_01159,G_02713,other,E5x_pooled,0,0.9762182235717773,1,,,,
D3_01160,G_02714,other,E5x_pooled,0,0.9763014912605286,1,,,,
D3_01161,G_02715,other,E5x_pooled,0,0.9751772284507751,1,,,,
D3_01162,G_02716,other,E5x_pooled,0,0.9756139516830444,1,,,,
D3_01163,G_02717,other,E5x_pooled,0,0.9759681224822998,1,,,,
D3_01164,G_02718,other,E5x_pooled,0,0.9757830500602722,1,,,,
D3_01165,G_02752,en,E5x_pooled,0,0.967409074306488,1,,,,
D3_01166,G_02827,en,E5x_pooled,0,0.9708177447319031,1,,,,
D3_01167,G_02721,en,E5x_pooled,0,0.9665451049804688,1,,,,
D3_01168,G_02825,en,E5x_pooled,0,0.9652726054191589,1,,,,
D3_01169,G_03382,en,E5x_pooled,0,0.966993510723114,1,,,,
D3_01170,G_03384,en,E5x_pooled,0,0.9699453115463257,1,,,,
D3_01171,G_02725,en,E5x_pooled,0,0.9654026031494141,1,,,,
D3_01172,G_02726,en,E5x_pooled,0,0.9679663181304932,1,,,,
D3_01173,G_03387,en,E5x_pooled,0,0.9613392949104309,1,,,,
D3_01174,G_03915,en,E5x_pooled,0,0.9703084826469421,1,,,,
D3_01175,G_02760,en,E5x_pooled,0,0.9731568098068237,1,,,,
D3_01176,G_02730,en,E5x_pooled,0,0.9749606251716614,1,,,,
D3_01177,G_02731,en,E5x_pooled,0,0.9742527008056641,1,,,,
D3_01178,G_02732,en,E5x_pooled,0,0.9664158225059509,1,,,,
D3_01179,G_02733,en,E5x_pooled,0,0.9694474935531616,1,,,,
D3_01180,G_02734,en,E5x_pooled,0,0.973139762878418,1,,,,
D3_01181,G_02735,en,E5x_pooled,0,0.9727307558059692,1,,,,
D3_01182,G_02736,en,E5x_pooled,0,0.9214802384376526,1,,,,
D3_01183,G_02737,en,E5x_pooled,0,0.9715203642845154,1,,,,
D3_01184,G_02738,en,E5x_pooled,0,0.9624929428100586,1,,,,
D3_01185,G_02739,en,E5x_pooled,0,0.9665858149528503,1,,,,
D3_01186,G_02740,en,E5x_pooled,0,0.9687161445617676,1,,,,
D3_01187,G_02741,en,E5x_pooled,0,0.9690519571304321,1,,,,
D3_01188,G_02742,en,E5x_pooled,0,0.974946916103363,1,,,,
D3_01189,G_02743,en,E5x_pooled,0,0.9703182578086853,1,,,,
D3_01190,G_02744,en,E5x_pooled,0,0.964753270149231,1,,,,
D3_01191,G_02745,en,E5x_pooled,0,0.9675410389900208,1,,,,
D3_01192,G_02746,en,E5x_pooled,0,0.9673978090286255,1,,,,
D3_01193,G_02747,en,E5x_pooled,0,0.973264753818512,1,,,,
D3_01194,G_02760,en,E5x_pooled,0,0.9736527800559998,1,,,,
D3_01195,G_02749,en,E5x_pooled,0,0.9767521023750305,1,,,,
D3_01196,G_02731,en,E5x_pooled,0,0.9761732220649719,1,,,,
D3_01197,G_02751,en,E5x_pooled,0,0.9697970747947693,1,,,,
D3_01198,G_02752,en,E5x_pooled,0,0.9683611989021301,1,,,,
D3_01199,G_02753,en,E5x_pooled,0,0.9716284871101379,1,,,,
D3_01200,G_02730,en,E5x_pooled,0,0.975985586643219,1,,,,
D3_01201,G_02755,en,E5x_pooled,0,0.9754506349563599,1,,,,
D3_01202,G_02756,en,E5x_pooled,0,0.9747203588485718,1,,,,
D3_01203,G_02757,en,E5x_pooled,0,0.9716128706932068,1,,,,
D3_01204,G_02758,en,E5x_pooled,0,0.9749618768692017,1,,,,
D3_01205,G_02759,en,E5x_pooled,0,0.9700265526771545,1,,,,
D3_01206,G_02760,en,E5x_pooled,0,0.9746052026748657,1,,,,
D3_01207,G_02761,en,E5x_pooled,0,0.9780166149139404,1,,,,
D3_01208,G_02762,en,E5x_pooled,0,0.976610004901886,1,,,,
D3_01209,G_02763,en,E5x_pooled,0,0.9744393229484558,1,,,,
D3_01210,G_02752,en,E5x_pooled,0,0.9691447615623474,1,,,,
D3_01211,G_02765,en,E5x_pooled,0,0.9708254933357239,1,,,,
D3_01212,G_02730,en,E5x_pooled,0,0.9747742414474487,1,,,,
D3_01213,G_02760,en,E5x_pooled,0,0.9740222692489624,1,,,,
D3_01214,G_02731,en,E5x_pooled,0,0.9731453061103821,1,,,,
D3_01215,G_02769,en,E5x_pooled,0,0.9730926156044006,1,,,,
D3_01216,G_02770,en,E5x_pooled,0,0.9701399207115173,1,,,,
D3_01217,G_02771,en,E5x_pooled,0,0.9733386039733887,1,,,,
D3_01218,G_02772,en,E5x_pooled,0,0.9711303114891052,1,,,,
D3_01219,G_02731,en,E5x_pooled,0,0.9737074971199036,1,,,,
D3_01220,G_02774,en,E5x_pooled,0,0.9751423001289368,1,,,,
D3_01221,G_02775,other,E5x_pooled,0,0.9677448868751526,1,,,,
D3_01222,G_02776,other,E5x_pooled,0,0.9659658670425415,1,,,,
D3_01223,G_02777,other,E5x_pooled,0,0.9690993428230286,1,,,,
D3_01224,G_02778,other,E5x_pooled,0,0.9649994373321533,1,,,,
D3_01225,G_02779,other,E5x_pooled,0,0.9683356881141663,1,,,,
D3_01226,G_02780,other,E5x_pooled,0,0.9681428074836731,1,,,,
D3_01227,G_02781,other,E5x_pooled,0,0.9688541889190674,1,,,,
D3_01228,G_02782,other,E5x_pooled,0,0.9624137282371521,1,,,,
D3_01229,G_02783,other,E5x_pooled,0,0.9690853357315063,1,,,,
D3_01230,G_02784,other,E5x_pooled,0,0.9669745564460754,1,,,,
D3_01231,G_02785,other,E5x_pooled,0,0.9704998731613159,1,,,,
D3_01233,G_02786,other,E5x_pooled,0,0.971609354019165,1,,,,
D3_01234,G_02787,other,E5x_pooled,0,0.9644571542739868,1,,,,
D3_01236,G_02788,other,E5x_pooled,0,0.9666758179664612,1,,,,
D3_01237,G_02789,other,E5x_pooled,0,0.971256673336029,1,,,,
D3_01238,G_02790,other,E5x_pooled,0,0.9705029129981995,1,,,,
D3_01239,G_02791,other,E5x_pooled,0,0.971799373626709,1,,,,
D3_01240,G_02792,other,E5x_pooled,0,0.9652014374732971,1,,,,
D3_01241,G_02793,other,E5x_pooled,0,0.9722644090652466,1,,,,
D3_01242,G_02780,other,E5x_pooled,0,0.9686492681503296,1,,,,
D3_01243,G_02795,other,E5x_pooled,0,0.9716344475746155,1,,,,
D3_01244,G_02778,other,E5x_pooled,0,0.9666199088096619,1,,,,
D3_01246,G_02797,other,E5x_pooled,0,0.9665101170539856,1,,,,
D3_01247,G_02789,other,E5x_pooled,0,0.9729794859886169,1,,,,
D3_01249,G_02799,other,E5x_pooled,0,0.971569836139679,1,,,,
D3_01251,G_02800,other,E5x_pooled,0,0.9714736342430115,1,,,,
D3_01253,G_02801,other,E5x_pooled,0,0.9693306684494019,1,,,,
D3_01254,G_02802,other,E5x_pooled,0,0.9718766808509827,1,,,,
D3_01256,G_02803,other,E5x_pooled,0,0.9665836095809937,1,,,,
D3_01257,G_02804,other,E5x_pooled,0,0.9683240652084351,1,,,,
D3_01258,G_02805,other,E5x_pooled,0,0.970986545085907,1,,,,
D3_01259,G_02806,other,E5x_pooled,0,0.9702022075653076,1,,,,
D3_01261,G_02807,other,E5x_pooled,0,0.9669572114944458,1,,,,
D3_01263,G_02808,other,E5x_pooled,0,0.9683997631072998,1,,,,
D3_01264,G_02809,other,E5x_pooled,0,0.9683709144592285,1,,,,
D3_01266,G_02810,other,E5x_pooled,0,0.9640093445777893,1,,,,
D3_01267,G_02811,other,E5x_pooled,0,0.9684447050094604,1,,,,
D3_01269,G_02812,other,E5x_pooled,0,0.9696639180183411,1,,,,
D3_01270,G_02813,other,E5x_pooled,0,0.9645338654518127,1,,,,
D3_01273,G_02814,other,E5x_pooled,0,0.969315767288208,1,,,,
D3_01274,G_02815,other,E5x_pooled,0,0.9653587937355042,1,,,,
D3_01276,G_02816,other,E5x_pooled,0,0.963161826133728,1,,,,
D3_01277,G_02817,other,E5x_pooled,0,0.9700266122817993,1,,,,
D3_01279,G_02818,other,E5x_pooled,0,0.9697347283363342,1,,,,
D3_01301,G_02819,en,E5x_pooled,0,0.9665709137916565,1,,,,
D3_01302,G_02820,en,E5x_pooled,0,0.9693644046783447,1,,,,
D3_01303,G_02821,en,E5x_pooled,0,0.9692522883415222,1,,,,
D3_01304,G_02822,en,E5x_pooled,0,0.9708625674247742,1,,,,
D3_01305,G_02823,en,E5x_pooled,0,0.9756070375442505,1,,,,
D3_01306,G_02824,en,E5x_pooled,0,0.9687930941581726,1,,,,
D3_01307,G_02825,en,E5x_pooled,0,0.9654184579849243,1,,,,
D3_01308,G_03384,en,E5x_pooled,0,0.9701638221740723,1,,,,
D3_01309,G_02827,en,E5x_pooled,0,0.9740831255912781,1,,,,
D3_01310,G_02730,en,E5x_pooled,0,0.9762864708900452,1,,,,
D3_01311,G_02733,en,E5x_pooled,0,0.9695749282836914,1,,,,
D3_01312,G_02830,en,E5x_pooled,0,0.9724269509315491,1,,,,
D3_01313,G_02831,en,E5x_pooled,0,0.9713817238807678,1,,,,
D3_01314,G_02832,en,E5x_pooled,0,0.9729152917861938,1,,,,
D3_01315,G_02833,en,E5x_pooled,0,0.9685032963752747,1,,,,
D3_01316,G_02733,en,E5x_pooled,0,0.970421552658081,1,,,,
D3_01317,G_02835,en,E5x_pooled,0,0.9754069447517395,1,,,,
D3_01318,G_02737,en,E5x_pooled,0,0.9742934107780457,1,,,,
D3_01319,G_02837,en,E5x_pooled,0,0.9712324142456055,1,,,,
D3_01320,G_02838,en,E5x_pooled,0,0.9708004593849182,1,,,,
D3_01322,G_04773,en,E5x_pooled,0,0.9739829301834106,1,,,,
D3_01323,G_02733,en,E5x_pooled,0,0.9727521538734436,1,,,,
D3_01324,G_02761,en,E5x_pooled,0,0.9767986536026001,1,,,,
D3_01325,G_02842,en,E5x_pooled,0,0.973671555519104,1,,,,
D3_01326,G_02843,en,E5x_pooled,0,0.9718880653381348,1,,,,
D3_01327,G_02844,en,E5x_pooled,0,0.9675830006599426,1,,,,
D3_01328,G_02845,en,E5x_pooled,0,0.9738717675209045,1,,,,
D3_01329,G_02846,en,E5x_pooled,0,0.9771036505699158,1,,,,
D3_01330,G_02847,en,E5x_pooled,0,0.9764701724052429,1,,,,
D3_01331,G_02848,en,E5x_pooled,0,0.967782735824585,1,,,,
D3_01332,G_02849,en,E5x_pooled,0,0.9734042286872864,1,,,,
D3_01333,G_02850,en,E5x_pooled,0,0.9753526449203491,1,,,,
D3_01334,G_02851,en,E5x_pooled,0,0.9645275473594666,1,,,,
D3_01335,G_02852,en,E5x_pooled,0,0.973972737789154,1,,,,
D3_01336,G_02853,en,E5x_pooled,0,0.9773593544960022,1,,,,
D3_01397,G_02854,en,E5x_pooled,0,0.9652177691459656,1,,,,
D3_01398,G_02855,en,E5x_pooled,0,0.9607922434806824,1,,,,
D3_01399,G_03470,en,E5x_pooled,0,0.9686505794525146,1,,,,
D3_01400,G_04786,en,E5x_pooled,0,0.9639468789100647,1,,,,
D3_01401,G_02858,en,E5x_pooled,0,0.9370555281639099,1,,,,
D3_01402,G_02859,en,E5x_pooled,0,0.9122406840324402,1,,,,
D3_01403,G_02860,en,E5x_pooled,0,0.9472638964653015,1,,,,
D3_01404,G_02861,en,E5x_pooled,0,0.9616993069648743,1,,,,
D3_01405,G_02862,en,E5x_pooled,0,0.9566035866737366,1,,,,
D3_01406,G_02863,en,E5x_pooled,0,0.9405561685562134,1,,,,
D3_01407,G_02864,en,E5x_pooled,0,0.9676113724708557,1,,,,
D3_01408,G_02865,en,E5x_pooled,0,0.9689576029777527,1,,,,
D3_01409,G_02866,en,E5x_pooled,0,0.9718191623687744,1,,,,
D3_01410,G_02867,en,E5x_pooled,0,0.9470446705818176,1,,,,
D3_01411,G_02868,en,E5x_pooled,0,0.9767248034477234,1,,,,
D3_01412,G_02869,en,E5x_pooled,0,0.9663066864013672,1,,,,
D3_01413,G_03481,en,E5x_pooled,0,0.9689621925354004,1,,,,
D3_01414,G_02871,en,E5x_pooled,0,0.9707236289978027,1,,,,
D3_01415,G_02872,en,E5x_pooled,0,0.9701918959617615,1,,,,
D3_01416,G_02873,en,E5x_pooled,0,0.9733832478523254,1,,,,
D3_01417,G_02874,en,E5x_pooled,0,0.9619922637939453,1,,,,
D3_01418,G_02875,en,E5x_pooled,0,0.9686809778213501,1,,,,
D3_01419,G_02876,en,E5x_pooled,0,0.9626678824424744,1,,,,
D3_01421,G_02877,en,E5x_pooled,0,0.9675072431564331,1,,,,
D3_01422,G_02878,en,E5x_pooled,0,0.9711365103721619,1,,,,
D3_01423,G_02879,en,E5x_pooled,0,0.9745780825614929,1,,,,
D3_01424,G_02880,en,E5x_pooled,0,0.9705754518508911,1,,,,
D3_01425,G_02881,en,E5x_pooled,0,0.9606450200080872,1,,,,
D3_01426,G_02882,en,E5x_pooled,0,0.9657484889030457,1,,,,
D3_01427,G_02883,en,E5x_pooled,0,0.967791736125946,1,,,,
D3_01428,G_02866,en,E5x_pooled,0,0.9725817441940308,1,,,,
D3_01429,G_02885,en,E5x_pooled,0,0.9701463580131531,1,,,,
D3_01430,G_02886,en,E5x_pooled,0,0.9651516675949097,1,,,,
D3_01431,G_02855,en,E5x_pooled,0,0.9571177959442139,1,,,,
D3_01432,G_02888,en,E5x_pooled,0,0.9682069420814514,1,,,,
D3_01433,G_02889,en,E5x_pooled,0,0.9665365219116211,1,,,,
D3_01434,G_02877,en,E5x_pooled,0,0.9652075171470642,1,,,,
D3_01436,G_02891,en,E5x_pooled,0,0.970802903175354,1,,,,
D3_01437,G_02892,en,E5x_pooled,0,0.9693529605865479,1,,,,
D3_01438,G_02893,en,E5x_pooled,0,0.966147780418396,1,,,,
D3_01439,G_02894,en,E5x_pooled,0,0.9707372188568115,1,,,,
D3_01440,G_02895,en,E5x_pooled,0,0.9735606908798218,1,,,,
D3_01441,G_02896,en,E5x_pooled,0,0.9728231430053711,1,,,,
D3_01442,G_02855,en,E5x_pooled,0,0.8855565786361694,1,,,,
D3_01444,G_02898,en,E5x_pooled,0,0.9660061597824097,1,,,,
D3_01445,G_02899,en,E5x_pooled,0,0.962574303150177,1,,,,
D3_01446,G_02900,en,E5x_pooled,0,0.9680423736572266,1,,,,
D3_01447,G_02901,en,E5x_pooled,0,0.9732522368431091,1,,,,
D3_01448,G_02902,en,E5x_pooled,0,0.9604374766349792,1,,,,
D3_01449,G_02903,en,E5x_pooled,0,0.9449841380119324,1,,,,
D3_01450,G_02904,en,E5x_pooled,0,0.9625172019004822,1,,,,
D3_01451,G_02905,en,E5x_pooled,0,0.9711734652519226,1,,,,
D3_01452,G_02906,en,E5x_pooled,0,0.9647793769836426,1,,,,
D3_01453,G_02907,en,E5x_pooled,0,0.9715255498886108,1,,,,
D3_01454,G_02908,other,E5x_pooled,0,0.9657084345817566,1,,,,
D3_01455,G_02909,other,E5x_pooled,0,0.9472569227218628,1,,,,
D3_01456,G_02910,other,E5x_pooled,0,0.95122230052948,1,,,,
D3_01457,G_02911,other,E5x_pooled,0,0.9532424807548523,1,,,,
D3_01458,G_02912,other,E5x_pooled,0,0.9622670412063599,1,,,,
D3_01459,G_02913,other,E5x_pooled,0,0.9241032004356384,1,,,,
D3_01460,G_02914,other,E5x_pooled,0,0.9566402435302734,1,,,,
D3_01461,G_02915,other,E5x_pooled,0,0.9527140259742737,1,,,,
D3_01462,G_02916,other,E5x_pooled,0,0.9560655355453491,1,,,,
D3_01463,G_02917,other,E5x_pooled,0,0.9654471278190613,1,,,,
D3_01464,G_02918,other,E5x_pooled,0,0.9664479494094849,1,,,,
D3_01465,G_02919,other,E5x_pooled,0,0.9503166079521179,1,,,,
D3_01466,G_02920,other,E5x_pooled,0,0.9422064423561096,1,,,,
D3_01468,G_02921,other,E5x_pooled,0,0.9524310827255249,1,,,,
D3_01469,G_02922,other,E5x_pooled,0,0.9354925751686096,1,,,,
D3_01470,G_02923,other,E5x_pooled,0,0.953275203704834,1,,,,
D3_01471,G_02924,other,E5x_pooled,0,0.9612206220626831,1,,,,
D3_01472,G_02925,other,E5x_pooled,0,0.964428722858429,1,,,,
D3_01473,G_02926,other,E5x_pooled,0,0.9639432430267334,1,,,,
D3_01474,G_02927,other,E5x_pooled,0,0.9677997827529907,1,,,,
D3_01475,G_02928,other,E5x_pooled,0,0.9228543639183044,1,,,,
D3_01476,G_02929,other,E5x_pooled,0,0.9282784461975098,1,,,,
D3_01478,G_02930,other,E5x_pooled,0,0.9586016535758972,1,,,,
D3_01479,G_02931,other,E5x_pooled,0,0.5961000323295593,1,,,,
D3_01480,G_02932,other,E5x_pooled,0,0.9590084552764893,1,,,,
D3_01481,G_02933,other,E5x_pooled,0,0.9658806920051575,1,,,,
D3_01482,G_02934,other,E5x_pooled,0,0.9649946689605713,1,,,,
D3_01483,G_02926,other,E5x_pooled,0,0.9654064774513245,1,,,,
D3_01484,G_02936,other,E5x_pooled,0,0.9653042554855347,1,,,,
D3_01485,G_02937,other,E5x_pooled,0,0.9565820693969727,1,,,,
D3_01487,G_02938,other,E5x_pooled,0,0.7452915906906128,1,,,,
D3_01488,G_02939,other,E5x_pooled,0,0.9442534446716309,1,,,,
D3_01491,G_02940,other,E5x_pooled,0,0.966980516910553,1,,,,
D3_01493,G_02941,other,E5x_pooled,0,0.9654814600944519,1,,,,
D3_01494,G_02942,other,E5x_pooled,0,0.9660772085189819,1,,,,
D3_01496,G_02943,other,E5x_pooled,0,0.9530595541000366,1,,,,
D3_01497,G_02944,other,E5x_pooled,0,0.9037818908691406,1,,,,
D3_01498,G_02945,other,E5x_pooled,0,0.9617770910263062,1,,,,
D3_01499,G_02946,other,E5x_pooled,0,0.9509556293487549,1,,,,
D3_01500,G_02947,other,E5x_pooled,0,0.9469365477561951,1,,,,
D3_01501,G_02948,other,E5x_pooled,0,0.9558532238006592,1,,,,
D3_01502,G_02949,other,E5x_pooled,0,0.9577387571334839,1,,,,
D3_01503,G_02950,other,E5x_pooled,0,0.9620232582092285,1,,,,
D3_01504,G_02951,other,E5x_pooled,0,0.9595224857330322,1,,,,
D3_01507,G_02952,other,E5x_pooled,0,0.9260439276695251,1,,,,
D3_01508,G_02953,other,E5x_pooled,0,0.9641134142875671,1,,,,
D3_01509,G_02954,other,E5x_pooled,0,0.9282141327857971,1,,,,
D3_01510,G_02955,other,E5x_pooled,0,0.9596796631813049,1,,,,
D3_01511,G_02956,other,E5x_pooled,0,0.9568619728088379,1,,,,
D3_01512,G_02957,other,E5x_pooled,0,0.9611532092094421,1,,,,
D3_01513,G_02958,other,E5x_pooled,0,0.9496447443962097,1,,,,
D3_01514,G_02959,en,E5x_pooled,0,0.9716792702674866,1,,,,
D3_01515,G_01671,en,E5x_pooled,0,0.968959629535675,1,,,,
D3_01516,G_01664,en,E5x_pooled,0,0.9698904752731323,1,,,,
D3_01517,G_01669,en,E5x_pooled,0,0.9740410447120667,1,,,,
D3_01518,G_01663,en,E5x_pooled,0,0.9777032732963562,1,,,,
D3_01519,G_01667,en,E5x_pooled,0,0.9767009615898132,1,,,,
D3_01520,G_01668,en,E5x_pooled,0,0.9757163524627686,1,,,,
D3_01521,G_01662,en,E5x_pooled,0,0.9693104028701782,1,,,,
D3_01522,G_01666,en,E5x_pooled,0,0.9649186134338379,1,,,,
D3_01523,G_02968,en,E5x_pooled,0,0.9671743512153625,1,,,,
D3_01524,G_01691,en,E5x_pooled,0,0.9761080145835876,1,,,,
D3_01525,G_01698,en,E5x_pooled,0,0.9721105098724365,1,,,,
D3_01526,G_02971,en,E5x_pooled,0,0.9777904748916626,1,,,,
D3_01527,G_01677,en,E5x_pooled,0,0.9734922647476196,1,,,,
D3_01528,G_01678,en,E5x_pooled,0,0.9768266081809998,1,,,,
D3_01529,G_01705,en,E5x_pooled,0,0.9778962135314941,1,,,,
D3_01530,G_01679,en,E5x_pooled,0,0.977378249168396,1,,,,
D3_01531,G_01680,en,E5x_pooled,0,0.9775359034538269,1,,,,
D3_01532,G_02977,en,E5x_pooled,0,0.9727842807769775,1,,,,
D3_01533,G_01676,en,E5x_pooled,0,0.9765197038650513,1,,,,
D3_01534,G_02979,en,E5x_pooled,0,0.9743298888206482,1,,,,
D3_01535,G_02980,en,E5x_pooled,0,0.9725192785263062,1,,,,
D3_01536,G_02981,en,E5x_pooled,0,0.913425862789154,1,,,,
D3_01537,G_02982,en,E5x_pooled,0,0.9723131060600281,1,,,,
D3_01538,G_02983,en,E5x_pooled,0,0.9758121371269226,1,,,,
D3_01539,G_02984,en,E5x_pooled,0,0.9749383926391602,1,,,,
D3_01540,G_02959,en,E5x_pooled,0,0.9754407405853271,1,,,,
D3_01541,G_01671,en,E5x_pooled,0,0.9745211601257324,1,,,,
D3_01542,G_01664,en,E5x_pooled,0,0.9741291403770447,1,,,,
D3_01543,G_01698,en,E5x_pooled,0,0.9744800925254822,1,,,,
D3_01544,G_02971,en,E5x_pooled,0,0.9786402583122253,1,,,,
D3_01545,G_01691,en,E5x_pooled,0,0.9782123565673828,1,,,,
D3_01546,G_02959,en,E5x_pooled,0,0.9717848300933838,1,,,,
D3_01547,G_01671,en,E5x_pooled,0,0.9684943556785583,1,,,,
D3_01548,G_02993,en,E5x_pooled,0,0.9666260480880737,1,,,,
D3_01549,G_02994,en,E5x_pooled,0,0.9728994965553284,1,,,,
D3_01550,G_02995,en,E5x_pooled,0,0.9790349006652832,1,,,,
D3_01551,G_02971,en,E5x_pooled,0,0.9773066639900208,1,,,,
D3_01552,G_02997,en,E5x_pooled,0,0.974428117275238,1,,,,
D3_01553,G_01671,en,E5x_pooled,0,0.9726195335388184,1,,,,
D3_01554,G_02999,en,E5x_pooled,0,0.9739805459976196,1,,,,
D3_01555,G_01691,en,E5x_pooled,0,0.9777792692184448,1,,,,
D3_01556,G_01698,en,E5x_pooled,0,0.9734982252120972,1,,,,
D3_01557,G_03002,en,E5x_pooled,0,0.9781879186630249,1,,,,
D3_01558,G_03003,en,E5x_pooled,0,0.9660829901695251,1,,,,
D3_01559,G_03004,en,E5x_pooled,0,0.9709450602531433,1,,,,
D3_01560,G_03005,en,E5x_pooled,0,0.9735198020935059,1,,,,
D3_01561,G_03006,en,E5x_pooled,0,0.9744580984115601,1,,,,
D3_01562,G_03007,en,E5x_pooled,0,0.9787182807922363,1,,,,
D3_01563,G_03008,en,E5x_pooled,0,0.9777998924255371,1,,,,
D3_01564,G_03009,en,E5x_pooled,0,0.956585705280304,1,,,,
D3_01565,G_03010,en,E5x_pooled,0,0.9688000679016113,1,,,,
D3_01566,G_03011,en,E5x_pooled,0,0.9550415873527527,1,,,,
D3_01567,G_03012,en,E5x_pooled,0,0.9785061478614807,1,,,,
D3_01568,G_03013,en,E5x_pooled,0,0.972290575504303,1,,,,
D3_01569,G_03014,en,E5x_pooled,0,0.977349579334259,1,,,,
D3_01630,G_01803,en,E5x_pooled,0,0.9642022848129272,1,,,,
D3_01631,G_01784,en,E5x_pooled,0,0.9463610649108887,1,,,,
D3_01632,G_03017,en,E5x_pooled,0,0.9627884030342102,1,,,,
D3_01633,G_01816,en,E5x_pooled,0,0.9756056070327759,1,,,,
D3_01634,G_01780,en,E5x_pooled,0,0.9484147429466248,1,,,,
D3_01635,G_03579,en,E5x_pooled,0,0.9757266640663147,1,,,,
D3_01636,G_01785,en,E5x_pooled,0,0.9539097547531128,1,,,,
D3_01637,G_01802,en,E5x_pooled,0,0.9623197913169861,1,,,,
D3_01638,G_03023,en,E5x_pooled,0,0.9764675498008728,1,,,,
D3_01639,G_01783,en,E5x_pooled,0,0.9620162844657898,1,,,,
D3_01640,G_01811,en,E5x_pooled,0,0.969325840473175,1,,,,
D3_01641,G_01789,en,E5x_pooled,0,0.9706674218177795,1,,,,
D3_01642,G_03045,en,E5x_pooled,0,0.9756198525428772,1,,,,
D3_01643,G_01818,en,E5x_pooled,0,0.9662444591522217,1,,,,
D3_01644,G_03029,en,E5x_pooled,0,0.9733077883720398,1,,,,
D3_01645,G_01793,en,E5x_pooled,0,0.9761871099472046,1,,,,
D3_01646,G_01790,en,E5x_pooled,0,0.9723538160324097,1,,,,
D3_01647,G_01819,en,E5x_pooled,0,0.9783268570899963,1,,,,
D3_01648,G_01794,en,E5x_pooled,0,0.977735161781311,1,,,,
D3_01649,G_01795,en,E5x_pooled,0,0.9679147005081177,1,,,,
D3_01650,G_03035,en,E5x_pooled,0,0.9707867503166199,1,,,,
D3_01651,G_03036,en,E5x_pooled,0,0.9596315622329712,1,,,,
D3_01652,G_03037,en,E5x_pooled,0,0.9667260646820068,1,,,,
D3_01653,G_03038,en,E5x_pooled,0,0.9313337802886963,1,,,,
D3_01654,G_03039,en,E5x_pooled,0,0.9724226593971252,1,,,,
D3_01655,G_03040,en,E5x_pooled,0,0.9771572947502136,1,,,,
D3_01656,G_01794,en,E5x_pooled,0,0.978322446346283,1,,,,
D3_01657,G_01784,en,E5x_pooled,0,0.9620015025138855,1,,,,
D3_01658,G_03017,en,E5x_pooled,0,0.9689605236053467,1,,,,
D3_01659,G_01811,en,E5x_pooled,0,0.9724352955818176,1,,,,
D3_01660,G_03045,en,E5x_pooled,0,0.9765409827232361,1,,,,
D3_01661,G_01789,en,E5x_pooled,0,0.9736170768737793,1,,,,
D3_01662,G_03047,en,E5x_pooled,0,0.9629714488983154,1,,,,
D3_01663,G_03048,en,E5x_pooled,0,0.9712717533111572,1,,,,
D3_01664,G_03049,en,E5x_pooled,0,0.9627384543418884,1,,,,
D3_01665,G_03050,en,E5x_pooled,0,0.9644397497177124,1,,,,
D3_01666,G_03045,en,E5x_pooled,0,0.9768862128257751,1,,,,
D3_01667,G_01789,en,E5x_pooled,0,0.9706618189811707,1,,,,
D3_01668,G_03053,en,E5x_pooled,0,0.9656380414962769,1,,,,
D3_01669,G_01815,en,E5x_pooled,0,0.9697986245155334,1,,,,
D3_01670,G_03055,en,E5x_pooled,0,0.9699329733848572,1,,,,
D3_01671,G_01811,en,E5x_pooled,0,0.9734728336334229,1,,,,
D3_01672,G_03057,en,E5x_pooled,0,0.9713810682296753,1,,,,
D3_01673,G_03058,en,E5x_pooled,0,0.9764696955680847,1,,,,
D3_01674,G_01784,en,E5x_pooled,0,0.9531863331794739,1,,,,
D3_01675,G_03060,en,E5x_pooled,0,0.9607019424438477,1,,,,
D3_01676,G_03061,en,E5x_pooled,0,0.9639369249343872,1,,,,
D3_01677,G_03062,en,E5x_pooled,0,0.9745917916297913,1,,,,
D3_01678,G_03063,en,E5x_pooled,0,0.945756733417511,1,,,,
D3_01679,G_03064,en,E5x_pooled,0,0.978718638420105,1,,,,
D3_01680,G_03065,en,E5x_pooled,0,0.9637451171875,1,,,,
D3_01681,G_03066,en,E5x_pooled,0,0.9564108848571777,1,,,,
D3_01682,G_03067,en,E5x_pooled,0,0.9444923400878906,1,,,,
D3_01683,G_03068,en,E5x_pooled,0,0.9679809212684631,1,,,,
D3_01684,G_03069,en,E5x_pooled,0,0.9702693223953247,1,,,,
D3_01685,G_03070,en,E5x_pooled,0,0.974147617816925,1,,,,
D3_01766,G_03071,en,E5x_pooled,0,0.9742608666419983,1,,,,
D3_01767,G_03072,en,E5x_pooled,0,0.9566213488578796,1,,,,
D3_01768,G_03073,en,E5x_pooled,0,0.9731664061546326,1,,,,
D3_01769,G_03074,en,E5x_pooled,0,0.9754554629325867,1,,,,
D3_01770,G_03075,en,E5x_pooled,0,0.9734823107719421,1,,,,
D3_01771,G_03076,en,E5x_pooled,0,0.9697578549385071,1,,,,
D3_01772,G_03601,en,E5x_pooled,0,0.9733400940895081,1,,,,
D3_01773,G_01892,en,E5x_pooled,0,0.9739965796470642,1,,,,
D3_01774,G_01898,en,E5x_pooled,0,0.9717310070991516,1,,,,
D3_01775,G_01909,en,E5x_pooled,0,0.9756579995155334,1,,,,
D3_01776,G_01903,en,E5x_pooled,0,0.9741487503051758,1,,,,
D3_01777,G_01931,en,E5x_pooled,0,0.9740880727767944,1,,,,
D3_01778,G_03601,en,E5x_pooled,0,0.9761792421340942,1,,,,
D3_01779,G_01892,en,E5x_pooled,0,0.9740895628929138,1,,,,
D3_01780,G_01898,en,E5x_pooled,0,0.9728055000305176,1,,,,
D3_01781,G_03086,en,E5x_pooled,0,0.9779144525527954,1,,,,
D3_01782,G_03087,en,E5x_pooled,0,0.971864640712738,1,,,,
D3_01783,G_03088,en,E5x_pooled,0,0.9751024842262268,1,,,,
D3_01784,G_03089,en,E5x_pooled,0,0.9746982455253601,1,,,,
D3_01785,G_01892,en,E5x_pooled,0,0.9752386808395386,1,,,,
D3_01786,G_01898,en,E5x_pooled,0,0.9722709655761719,1,,,,
D3_01787,G_01903,en,E5x_pooled,0,0.9732444286346436,1,,,,
D3_01788,G_01909,en,E5x_pooled,0,0.9758721590042114,1,,,,
D3_01789,G_01931,en,E5x_pooled,0,0.9732845425605774,1,,,,
D3_01790,G_03095,en,E5x_pooled,0,0.9692846536636353,1,,,,
D3_01791,G_03096,en,E5x_pooled,0,0.9720146656036377,1,,,,
D3_01792,G_03097,en,E5x_pooled,0,0.9714760184288025,1,,,,
D3_01793,G_03098,en,E5x_pooled,0,0.9739050269126892,1,,,,
D3_01794,G_03099,en,E5x_pooled,0,0.9750971794128418,1,,,,
D3_01795,G_03100,en,E5x_pooled,0,0.9766629338264465,1,,,,
D3_01796,G_03101,en,E5x_pooled,0,0.9719431400299072,1,,,,
D3_01797,G_03102,en,E5x_pooled,0,0.9708127975463867,1,,,,
D3_01798,G_03103,en,E5x_pooled,0,0.9737216234207153,1,,,,
D3_01799,G_03104,en,E5x_pooled,0,0.9754804372787476,1,,,,
D3_01800,G_03105,en,E5x_pooled,0,0.9737200736999512,1,,,,
D3_01801,G_03106,en,E5x_pooled,0,0.9738582968711853,1,,,,
D3_01882,G_03107,en,E5x_pooled,0,0.9677681922912598,1,,,,
D3_01883,G_03108,en,E5x_pooled,0,0.9664679169654846,1,,,,
D3_01884,G_03109,en,E5x_pooled,0,0.972604513168335,1,,,,
D3_01885,G_03110,en,E5x_pooled,0,0.9708573222160339,1,,,,
D3_01886,G_03111,en,E5x_pooled,0,0.9747753739356995,1,,,,
D3_01887,G_03112,en,E5x_pooled,0,0.9172595143318176,1,,,,
D3_01888,G_02011,en,E5x_pooled,0,0.9735661149024963,1,,,,
D3_01889,G_02009,en,E5x_pooled,0,0.9721282124519348,1,,,,
D3_01890,G_02032,en,E5x_pooled,0,0.9732537269592285,1,,,,
D3_01891,G_03116,en,E5x_pooled,0,0.9753305315971375,1,,,,
D3_01892,G_02019,en,E5x_pooled,0,0.9774288535118103,1,,,,
D3_01893,G_02016,en,E5x_pooled,0,0.9733842611312866,1,,,,
D3_01894,G_02009,en,E5x_pooled,0,0.9666929841041565,1,,,,
D3_01895,G_03120,en,E5x_pooled,0,0.9760730266571045,1,,,,
D3_01896,G_03121,en,E5x_pooled,0,0.9688300490379333,1,,,,
D3_01897,G_03122,en,E5x_pooled,0,0.972440242767334,1,,,,
D3_01898,G_03123,en,E5x_pooled,0,0.9734688401222229,1,,,,
D3_01899,G_03124,en,E5x_pooled,0,0.9777505397796631,1,,,,
D3_01900,G_02009,en,E5x_pooled,0,0.9704917073249817,1,,,,
D3_01901,G_03126,en,E5x_pooled,0,0.9727112054824829,1,,,,
D3_01902,G_02043,en,E5x_pooled,0,0.9734247922897339,1,,,,
D3_01903,G_02016,en,E5x_pooled,0,0.9744400978088379,1,,,,
D3_01904,G_02019,en,E5x_pooled,0,0.9761278033256531,1,,,,
D3_01905,G_03116,en,E5x_pooled,0,0.9767010807991028,1,,,,
D3_01906,G_03131,en,E5x_pooled,0,0.9734035730361938,1,,,,
D3_01907,G_03132,en,E5x_pooled,0,0.972085177898407,1,,,,
D3_01908,G_03133,en,E5x_pooled,0,0.9722825884819031,1,,,,
D3_01909,G_03134,en,E5x_pooled,0,0.9705624580383301,1,,,,
D3_01910,G_03135,en,E5x_pooled,0,0.974519670009613,1,,,,
D3_01911,G_02016,en,E5x_pooled,0,0.9737370014190674,1,,,,
D3_01912,G_03137,en,E5x_pooled,0,0.9679136872291565,1,,,,
D3_01913,G_03138,en,E5x_pooled,0,0.9645810127258301,1,,,,
D3_01914,G_03139,en,E5x_pooled,0,0.9684650301933289,1,,,,
D3_01915,G_03140,en,E5x_pooled,0,0.9755773544311523,1,,,,
D3_01916,G_03141,en,E5x_pooled,0,0.9682514071464539,1,,,,
D3_01917,G_03142,en,E5x_pooled,0,0.9762834310531616,1,,,,
D3_01999,G_03143,en,E5x_pooled,0,0.9650471806526184,1,,,,
D3_02000,G_03144,en,E5x_pooled,0,0.9564223289489746,1,,,,
D3_02001,G_03145,en,E5x_pooled,0,0.9330902099609375,1,,,,
D3_02002,G_03146,en,E5x_pooled,0,0.9691345691680908,1,,,,
D3_02003,G_03147,en,E5x_pooled,0,0.9755576848983765,1,,,,
D3_02004,G_03148,en,E5x_pooled,0,0.9757914543151855,1,,,,
D3_02005,G_02119,en,E5x_pooled,0,0.9680383801460266,1,,,,
D3_02006,G_03150,en,E5x_pooled,0,0.9716328978538513,1,,,,
D3_02007,G_02154,en,E5x_pooled,0,0.9665396213531494,1,,,,
D3_02009,G_04542,en,E5x_pooled,0,0.9716798067092896,1,,,,
D3_02010,G_03168,en,E5x_pooled,0,0.9772099852561951,1,,,,
D3_02011,G_03154,en,E5x_pooled,0,0.9667889475822449,1,,,,
D3_02012,G_03155,en,E5x_pooled,0,0.9719469547271729,1,,,,
D3_02014,G_02150,en,E5x_pooled,0,0.9788155555725098,1,,,,
D3_02015,G_04542,en,E5x_pooled,0,0.9700325727462769,1,,,,
D3_02017,G_02119,en,E5x_pooled,0,0.9691137671470642,1,,,,
D3_02018,G_03159,en,E5x_pooled,0,0.9715023636817932,1,,,,
D3_02020,G_03160,en,E5x_pooled,0,0.9717493653297424,1,,,,
D3_02021,G_03161,en,E5x_pooled,0,0.9765541553497314,1,,,,
D3_02022,G_03168,en,E5x_pooled,0,0.9775750637054443,1,,,,
D3_02023,G_03163,en,E5x_pooled,0,0.9520596265792847,1,,,,
D3_02024,G_03164,en,E5x_pooled,0,0.9707848429679871,1,,,,
D3_02025,G_02154,en,E5x_pooled,0,0.9670645594596863,1,,,,
D3_02026,G_03166,en,E5x_pooled,0,0.9764745831489563,1,,,,
D3_02027,G_03167,en,E5x_pooled,0,0.9736533761024475,1,,,,
D3_02028,G_03168,en,E5x_pooled,0,0.977172315120697,1,,,,
D3_02029,G_03169,en,E5x_pooled,0,0.9506204128265381,1,,,,
D3_02030,G_03170,en,E5x_pooled,0,0.9503574967384338,1,,,,
D3_02031,G_03171,en,E5x_pooled,0,0.9645988941192627,1,,,,
D3_02032,G_03172,en,E5x_pooled,0,0.9772613048553467,1,,,,
D3_02033,G_03173,en,E5x_pooled,0,0.9713578820228577,1,,,,
D3_02034,G_03168,en,E5x_pooled,0,0.9735516905784607,1,,,,
D3_02106,G_03281,en,E5x_pooled,0,0.9787352681159973,1,,,,
D3_02107,G_02252,en,E5x_pooled,0,0.9762484431266785,1,,,,
D3_02108,G_04642,en,E5x_pooled,0,0.9774198532104492,1,,,,
D3_02109,G_03178,en,E5x_pooled,0,0.9765480160713196,1,,,,
D3_02110,G_02278,en,E5x_pooled,0,0.9711146950721741,1,,,,
D3_02111,G_03717,en,E5x_pooled,0,0.9724393486976624,1,,,,
D3_02112,G_02468,en,E5x_pooled,0,0.9768620133399963,1,,,,
D3_02113,G_02249,en,E5x_pooled,0,0.9705849885940552,1,,,,
D3_02114,G_03183,en,E5x_pooled,0,0.9752522706985474,1,,,,
D3_02115,G_02277,en,E5x_pooled,0,0.9746151566505432,1,,,,
D3_02116,G_03185,en,E5x_pooled,0,0.9760801196098328,1,,,,
D3_02117,G_03186,en,E5x_pooled,0,0.9739105105400085,1,,,,
D3_02118,G_03187,en,E5x_pooled,0,0.9737104177474976,1,,,,
D3_02119,G_03188,en,E5x_pooled,0,0.9762638807296753,1,,,,
D3_02120,G_03189,en,E5x_pooled,0,0.9735391139984131,1,,,,
D3_02121,G_03190,en,E5x_pooled,0,0.9786900877952576,1,,,,
D3_02123,G_02239,en,E5x_pooled,0,0.9776623845100403,1,,,,
D3_02124,G_02243,en,E5x_pooled,0,0.978129506111145,1,,,,
D3_02125,G_03281,en,E5x_pooled,0,0.9791651964187622,1,,,,
D3_02126,G_02252,en,E5x_pooled,0,0.976768970489502,1,,,,
D3_02127,G_04642,en,E5x_pooled,0,0.9778591990470886,1,,,,
D3_02128,G_03196,en,E5x_pooled,0,0.9754309058189392,1,,,,
D3_02129,G_02238,en,E5x_pooled,0,0.9782211184501648,1,,,,
D3_02130,G_02243,en,E5x_pooled,0,0.976682722568512,1,,,,
D3_02131,G_03281,en,E5x_pooled,0,0.9786314964294434,1,,,,
D3_02133,G_02252,en,E5x_pooled,0,0.9791256189346313,1,,,,
D3_02134,G_03201,en,E5x_pooled,0,0.9773284196853638,1,,,,
D3_02135,G_03202,en,E5x_pooled,0,0.9760972261428833,1,,,,
D3_02136,G_02243,en,E5x_pooled,0,0.9780921339988708,1,,,,
D3_02137,G_03281,en,E5x_pooled,0,0.9780557155609131,1,,,,
D3_02138,G_04642,en,E5x_pooled,0,0.9781358242034912,1,,,,
D3_02139,G_02252,en,E5x_pooled,0,0.9753318428993225,1,,,,
D3_02140,G_03207,en,E5x_pooled,0,0.975517749786377,1,,,,
D3_02141,G_02238,en,E5x_pooled,0,0.9775233864784241,1,,,,
D3_02142,G_03209,en,E5x_pooled,0,0.9777941107749939,1,,,,
D3_02143,G_03210,en,E5x_pooled,0,0.9793704748153687,1,,,,
D3_02144,G_03211,en,E5x_pooled,0,0.978469729423523,1,,,,
D3_02145,G_03212,en,E5x_pooled,0,0.9766308069229126,1,,,,
D3_02146,G_03213,en,E5x_pooled,0,0.9750195741653442,1,,,,
D3_02147,G_03214,en,E5x_pooled,0,0.97348952293396,1,,,,
D3_02148,G_03215,en,E5x_pooled,0,0.9758180379867554,1,,,,
D3_02149,G_03216,en,E5x_pooled,0,0.9747653007507324,1,,,,
D3_02150,G_03217,en,E5x_pooled,0,0.9766552448272705,1,,,,
D3_02151,G_03218,en,E5x_pooled,0,0.9783129692077637,1,,,,
D3_02212,G_03219,en,E5x_pooled,0,0.9728503227233887,1,,,,
D3_02213,G_02355,en,E5x_pooled,0,0.965086042881012,1,,,,
D3_02214,G_02354,en,E5x_pooled,0,0.9697385430335999,1,,,,
D3_02215,G_02353,en,E5x_pooled,0,0.9719841480255127,1,,,,
D3_02217,G_04180,en,E5x_pooled,0,0.9707889556884766,1,,,,
D3_02218,G_02358,en,E5x_pooled,0,0.9728319048881531,1,,,,
D3_02219,G_02372,en,E5x_pooled,0,0.9696663618087769,1,,,,
D3_02220,G_02357,en,E5x_pooled,0,0.9711800217628479,1,,,,
D3_02222,G_02390,en,E5x_pooled,0,0.9749501943588257,1,,,,
D3_02223,G_03228,en,E5x_pooled,0,0.9749116897583008,1,,,,
D3_02224,G_02367,en,E5x_pooled,0,0.9768396019935608,1,,,,
D3_02225,G_03230,en,E5x_pooled,0,0.9713061451911926,1,,,,
D3_02226,G_02364,en,E5x_pooled,0,0.9716233015060425,1,,,,
D3_02227,G_02363,en,E5x_pooled,0,0.972228467464447,1,,,,
D3_02228,G_02366,en,E5x_pooled,0,0.9761719703674316,1,,,,
D3_02229,G_02360,en,E5x_pooled,0,0.9766839742660522,1,,,,
D3_02230,G_02368,en,E5x_pooled,0,0.9763201475143433,1,,,,
D3_02231,G_02369,en,E5x_pooled,0,0.9774121046066284,1,,,,
D3_02232,G_03237,en,E5x_pooled,0,0.9738436341285706,1,,,,
D3_02233,G_03238,en,E5x_pooled,0,0.6990633606910706,1,,,,
D3_02234,G_03239,en,E5x_pooled,0,0.531897783279419,1,,,,
D3_02235,G_03240,en,E5x_pooled,0,0.9762968420982361,1,,,,
D3_02236,G_03241,en,E5x_pooled,0,0.9763545393943787,1,,,,
D3_02237,G_03242,en,E5x_pooled,0,0.9755476117134094,1,,,,
D3_02238,G_03219,en,E5x_pooled,0,0.9758203029632568,1,,,,
D3_02239,G_02355,en,E5x_pooled,0,0.9718549847602844,1,,,,
D3_02240,G_02354,en,E5x_pooled,0,0.9730699062347412,1,,,,
D3_02241,G_02390,en,E5x_pooled,0,0.9761949181556702,1,,,,
D3_02242,G_02367,en,E5x_pooled,0,0.9769132137298584,1,,,,
D3_02243,G_03228,en,E5x_pooled,0,0.975394606590271,1,,,,
D3_02244,G_03249,en,E5x_pooled,0,0.9752508997917175,1,,,,
D3_02245,G_03250,en,E5x_pooled,0,0.9673298597335815,1,,,,
D3_02247,G_03251,en,E5x_pooled,0,0.975151002407074,1,,,,
D3_02248,G_03252,en,E5x_pooled,0,0.9761868715286255,1,,,,
D3_02249,G_03253,en,E5x_pooled,0,0.9767226576805115,1,,,,
D3_02250,G_03254,en,E5x_pooled,0,0.9768813252449036,1,,,,
D3_02251,G_03255,en,E5x_pooled,0,0.9721279740333557,1,,,,
D3_02252,G_02354,en,E5x_pooled,0,0.9732133746147156,1,,,,
D3_02253,G_03257,en,E5x_pooled,0,0.9754399657249451,1,,,,
D3_02254,G_02390,en,E5x_pooled,0,0.976033627986908,1,,,,
D3_02255,G_03259,en,E5x_pooled,0,0.9768235683441162,1,,,,
D3_02256,G_03260,en,E5x_pooled,0,0.972279965877533,1,,,,
D3_02257,G_03261,en,E5x_pooled,0,0.9584397673606873,1,,,,
D3_02258,G_03262,en,E5x_pooled,0,0.970264732837677,1,,,,
D3_02259,G_03263,en,E5x_pooled,0,0.9708918929100037,1,,,,
D3_02260,G_03264,en,E5x_pooled,0,0.9757888317108154,1,,,,
D3_02261,G_03265,en,E5x_pooled,0,0.9734375476837158,1,,,,
D3_02262,G_03266,en,E5x_pooled,0,0.9734217524528503,1,,,,
D3_02263,G_03267,en,E5x_pooled,0,0.9434102773666382,1,,,,
D3_02264,G_03268,en,E5x_pooled,0,0.9640700817108154,1,,,,
D3_02265,G_03269,en,E5x_pooled,0,0.9706799983978271,1,,,,
D3_02266,G_03270,en,E5x_pooled,0,0.9726650714874268,1,,,,
D3_02267,G_03271,en,E5x_pooled,0,0.9589635133743286,1,,,,
D3_02349,G_03272,en,E5x_pooled,0,0.9744340181350708,1,,,,
D3_02350,G_03273,en,E5x_pooled,0,0.9785935878753662,1,,,,
D3_02351,G_03274,en,E5x_pooled,0,0.9740442037582397,1,,,,
D3_02352,G_03275,en,E5x_pooled,0,0.9751262068748474,1,,,,
D3_02353,G_03276,en,E5x_pooled,0,0.9771337509155273,1,,,,
D3_02354,G_03277,en,E5x_pooled,0,0.9776057600975037,1,,,,
D3_02355,G_02239,en,E5x_pooled,0,0.9775545597076416,1,,,,
D3_02356,G_03279,en,E5x_pooled,0,0.9761969447135925,1,,,,
D3_02357,G_02245,en,E5x_pooled,0,0.9779878854751587,1,,,,
D3_02358,G_03281,en,E5x_pooled,0,0.9790782332420349,1,,,,
D3_02359,G_03178,en,E5x_pooled,0,0.9771061539649963,1,,,,
D3_02360,G_04642,en,E5x_pooled,0,0.9773775935173035,1,,,,
D3_02361,G_03284,en,E5x_pooled,0,0.9785251021385193,1,,,,
D3_02362,G_03285,en,E5x_pooled,0,0.9770002365112305,1,,,,
D3_02363,G_02238,en,E5x_pooled,0,0.9757958054542542,1,,,,
D3_02364,G_03287,en,E5x_pooled,0,0.9771072268486023,1,,,,
D3_02365,G_03178,en,E5x_pooled,0,0.9784916639328003,1,,,,
D3_02368,G_03289,en,E5x_pooled,0,0.9777154326438904,1,,,,
D3_02371,G_03178,en,E5x_pooled,0,0.9768641591072083,1,,,,
D3_02372,G_04642,en,E5x_pooled,0,0.9779636263847351,1,,,,
D3_02373,G_03292,en,E5x_pooled,0,0.9789888858795166,1,,,,
D3_02374,G_03293,en,E5x_pooled,0,0.9778637290000916,1,,,,
D3_02376,G_03281,en,E5x_pooled,0,0.9792966246604919,1,,,,
D3_02377,G_03295,en,E5x_pooled,0,0.9780599474906921,1,,,,
D3_02378,G_03296,en,E5x_pooled,0,0.9772049784660339,1,,,,
D3_02379,G_03297,en,E5x_pooled,0,0.9753167629241943,1,,,,
D3_02381,G_02245,en,E5x_pooled,0,0.9786110520362854,1,,,,
D3_02382,G_03299,en,E5x_pooled,0,0.9788033366203308,1,,,,
D3_02383,G_03178,en,E5x_pooled,0,0.9753684997558594,1,,,,
D3_02384,G_03301,en,E5x_pooled,0,0.977313220500946,1,,,,
D3_02465,G_03302,en,E5x_pooled,0,0.9730271100997925,1,,,,
D3_02466,G_03303,en,E5x_pooled,0,0.9454637169837952,1,,,,
D3_02467,G_03304,en,E5x_pooled,0,0.9749976992607117,1,,,,
D3_02468,G_03305,en,E5x_pooled,0,0.9743083715438843,1,,,,
D3_02469,G_03306,en,E5x_pooled,0,0.9760215878486633,1,,,,
D3_02470,G_03307,en,E5x_pooled,0,0.976371705532074,1,,,,
D3_02471,G_02521,en,E5x_pooled,0,0.9704345464706421,1,,,,
D3_02472,G_02519,en,E5x_pooled,0,0.9728932976722717,1,,,,
D3_02473,G_03310,en,E5x_pooled,0,0.9734610915184021,1,,,,
D3_02474,G_02504,en,E5x_pooled,0,0.9750886559486389,1,,,,
D3_02475,G_02511,en,E5x_pooled,0,0.9707219004631042,1,,,,
D3_02476,G_02512,en,E5x_pooled,0,0.9747712016105652,1,,,,
D3_02477,G_02521,en,E5x_pooled,0,0.9753531813621521,1,,,,
D3_02478,G_02519,en,E5x_pooled,0,0.9708555936813354,1,,,,
D3_02479,G_03316,en,E5x_pooled,0,0.9735349416732788,1,,,,
D3_02481,G_02504,en,E5x_pooled,0,0.9758456349372864,1,,,,
D3_02482,G_02512,en,E5x_pooled,0,0.9744447469711304,1,,,,
D3_02483,G_03319,en,E5x_pooled,0,0.9697145819664001,1,,,,
D3_02484,G_02519,en,E5x_pooled,0,0.9719852805137634,1,,,,
D3_02485,G_03321,en,E5x_pooled,0,0.9736594557762146,1,,,,
D3_02487,G_03322,en,E5x_pooled,0,0.9711325764656067,1,,,,
D3_02488,G_03323,en,E5x_pooled,0,0.9750753045082092,1,,,,
D3_02489,G_03324,en,E5x_pooled,0,0.9675218462944031,1,,,,
D3_02490,G_03325,en,E5x_pooled,0,0.9729937314987183,1,,,,
D3_02491,G_03326,en,E5x_pooled,0,0.9737537503242493,1,,,,
D3_02492,G_03327,en,E5x_pooled,0,0.9764010310173035,1,,,,
D3_02493,G_03328,en,E5x_pooled,0,0.971871554851532,1,,,,
D3_02494,G_02512,en,E5x_pooled,0,0.9725440740585327,1,,,,
D3_02495,G_03330,en,E5x_pooled,0,0.9754649996757507,1,,,,
D3_02496,G_03331,en,E5x_pooled,0,0.9719244241714478,1,,,,
D3_02497,G_03332,en,E5x_pooled,0,0.9707427024841309,1,,,,
D3_02498,G_03333,en,E5x_pooled,0,0.9745094180107117,1,,,,
D3_02499,G_03334,en,E5x_pooled,0,0.9703812003135681,1,,,,
D3_02500,G_03335,en,E5x_pooled,0,0.974261999130249,1,,,,
D3_02561,G_03336,en,E5x_pooled,0,0.9764788150787354,1,,,,
D3_02562,G_03337,en,E5x_pooled,0,0.9767122864723206,1,,,,
D3_02563,G_03338,en,E5x_pooled,0,0.9768190979957581,1,,,,
D3_02564,G_03339,en,E5x_pooled,0,0.976310133934021,1,,,,
D3_02565,G_03340,en,E5x_pooled,0,0.9761536717414856,1,,,,
D3_02569,G_02610,en,E5x_pooled,0,0.975862979888916,1,,,,
D3_02570,G_03342,en,E5x_pooled,0,0.9762352705001831,1,,,,
D3_02581,G_03343,en,E5x_pooled,0,0.9755910634994507,1,,,,
D3_02582,G_03344,en,E5x_pooled,0,0.9776256680488586,1,,,,
D3_02583,G_03345,en,E5x_pooled,0,0.97934889793396,1,,,,
D3_02584,G_03346,en,E5x_pooled,0,0.9796492457389832,1,,,,
D3_02585,G_03347,en,E5x_pooled,0,0.9791160225868225,1,,,,
D3_02586,G_03348,en,E5x_pooled,0,0.9792143106460571,1,,,,
D3_02587,G_03336,en,E5x_pooled,0,0.9763253331184387,1,,,,
D3_02588,G_03337,en,E5x_pooled,0,0.9771790504455566,1,,,,
D3_02589,G_03338,en,E5x_pooled,0,0.9770259261131287,1,,,,
D3_02590,G_02616,en,E5x_pooled,0,0.9783598184585571,1,,,,
D3_02591,G_02620,en,E5x_pooled,0,0.9780098795890808,1,,,,
D3_02592,G_02617,en,E5x_pooled,0,0.978278636932373,1,,,,
D3_02593,G_03355,en,E5x_pooled,0,0.9763058423995972,1,,,,
D3_02594,G_03356,en,E5x_pooled,0,0.977581799030304,1,,,,
D3_02595,G_03357,en,E5x_pooled,0,0.9787355065345764,1,,,,
D3_02596,G_03358,en,E5x_pooled,0,0.9800610542297363,1,,,,
D3_02597,G_03359,en,E5x_pooled,0,0.9796200394630432,1,,,,
D3_02598,G_03360,en,E5x_pooled,0,0.9765327572822571,1,,,,
D3_02599,G_03361,en,E5x_pooled,0,0.9777315258979797,1,,,,
D3_02600,G_03362,en,E5x_pooled,0,0.9769695997238159,1,,,,
D3_02601,G_03338,en,E5x_pooled,0,0.9765997529029846,1,,,,
D3_02602,G_02616,en,E5x_pooled,0,0.9785749912261963,1,,,,
D3_02603,G_02620,en,E5x_pooled,0,0.9781388640403748,1,,,,
D3_02604,G_03366,en,E5x_pooled,0,0.9775404334068298,1,,,,
D3_02605,G_03367,en,E5x_pooled,0,0.9777402877807617,1,,,,
D3_02606,G_03368,en,E5x_pooled,0,0.9775750637054443,1,,,,
D3_02607,G_03369,en,E5x_pooled,0,0.9750980734825134,1,,,,
D3_02608,G_03370,en,E5x_pooled,0,0.9777656197547913,1,,,,
D3_02609,G_03371,en,E5x_pooled,0,0.9602000117301941,1,,,,
D3_02610,G_03372,en,E5x_pooled,0,0.9770464301109314,1,,,,
D3_02611,G_03373,en,E5x_pooled,0,0.9758297204971313,1,,,,
D3_02612,G_03374,en,E5x_pooled,0,0.9740990400314331,1,,,,
D3_02613,G_03375,en,E5x_pooled,0,0.970966100692749,1,,,,
D3_02614,G_03376,en,E5x_pooled,0,0.9799456596374512,1,,,,
D3_02615,G_03377,en,E5x_pooled,0,0.97642982006073,1,,,,
D3_02616,G_03378,en,E5x_pooled,0,0.977799654006958,1,,,,
D3_02677,G_02726,en,E5x_pooled,0,0.967814564704895,1,,,,
D3_02678,G_03915,en,E5x_pooled,0,0.9718584418296814,1,,,,
D3_02679,G_02752,en,E5x_pooled,0,0.9663193821907043,1,,,,
D3_02680,G_03382,en,E5x_pooled,0,0.9683551788330078,1,,,,
D3_02681,G_02725,en,E5x_pooled,0,0.9658800959587097,1,,,,
D3_02682,G_03384,en,E5x_pooled,0,0.9695620536804199,1,,,,
D3_02683,G_02825,en,E5x_pooled,0,0.9647224545478821,1,,,,
D3_02684,G_02721,en,E5x_pooled,0,0.9660785794258118,1,,,,
D3_02685,G_03387,en,E5x_pooled,0,0.9661888480186462,1,,,,
D3_02686,G_02827,en,E5x_pooled,0,0.9714791774749756,1,,,,
D3_02687,G_02738,en,E5x_pooled,0,0.9676001071929932,1,,,,
D3_02688,G_02731,en,E5x_pooled,0,0.9747142195701599,1,,,,
D3_02689,G_02733,en,E5x_pooled,0,0.970949649810791,1,,,,
D3_02690,G_02735,en,E5x_pooled,0,0.973124086856842,1,,,,
D3_02691,G_02732,en,E5x_pooled,0,0.969011664390564,1,,,,
D3_02692,G_02760,en,E5x_pooled,0,0.9738820195198059,1,,,,
D3_02693,G_02730,en,E5x_pooled,0,0.9756438136100769,1,,,,
D3_02694,G_02737,en,E5x_pooled,0,0.9736756086349487,1,,,,
D3_02695,G_02734,en,E5x_pooled,0,0.9735621809959412,1,,,,
D3_02696,G_02736,en,E5x_pooled,0,0.9543476700782776,1,,,,
D3_02697,G_03399,en,E5x_pooled,0,0.9712749123573303,1,,,,
D3_02698,G_03400,en,E5x_pooled,0,0.9727510213851929,1,,,,
D3_02699,G_03401,en,E5x_pooled,0,0.9654415845870972,1,,,,
D3_02700,G_03402,en,E5x_pooled,0,0.973602294921875,1,,,,
D3_02701,G_03403,en,E5x_pooled,0,0.9688392281532288,1,,,,
D3_02702,G_03404,en,E5x_pooled,0,0.9766337275505066,1,,,,
D3_02703,G_02726,en,E5x_pooled,0,0.9685473442077637,1,,,,
D3_02704,G_03915,en,E5x_pooled,0,0.9728329181671143,1,,,,
D3_02705,G_03407,en,E5x_pooled,0,0.9689249396324158,1,,,,
D3_02706,G_02738,en,E5x_pooled,0,0.9707350730895996,1,,,,
D3_02707,G_02731,en,E5x_pooled,0,0.9759218096733093,1,,,,
D3_02708,G_02733,en,E5x_pooled,0,0.972093939781189,1,,,,
D3_02709,G_03411,en,E5x_pooled,0,0.9725244641304016,1,,,,
D3_02710,G_03412,en,E5x_pooled,0,0.972203254699707,1,,,,
D3_02711,G_03413,en,E5x_pooled,0,0.9712058305740356,1,,,,
D3_02712,G_03414,en,E5x_pooled,0,0.9681097269058228,1,,,,
D3_02713,G_03415,en,E5x_pooled,0,0.9671055674552917,1,,,,
D3_02714,G_02733,en,E5x_pooled,0,0.9682804942131042,1,,,,
D3_02715,G_03417,en,E5x_pooled,0,0.9727493524551392,1,,,,
D3_02716,G_03418,en,E5x_pooled,0,0.9704670906066895,1,,,,
D3_02717,G_02757,en,E5x_pooled,0,0.9704405069351196,1,,,,
D3_02718,G_03420,en,E5x_pooled,0,0.9763374924659729,1,,,,
D3_02719,G_02762,en,E5x_pooled,0,0.976337194442749,1,,,,
D3_02720,G_02733,en,E5x_pooled,0,0.9731613397598267,1,,,,
D3_02721,G_03423,en,E5x_pooled,0,0.9753594398498535,1,,,,
D3_02722,G_03424,en,E5x_pooled,0,0.9724960327148438,1,,,,
D3_02723,G_03425,en,E5x_pooled,0,0.9694024920463562,1,,,,
D3_02724,G_03426,en,E5x_pooled,0,0.9671555161476135,1,,,,
D3_02725,G_03427,en,E5x_pooled,0,0.9746511578559875,1,,,,
D3_02726,G_03428,en,E5x_pooled,0,0.9751336574554443,1,,,,
D3_02727,G_03429,en,E5x_pooled,0,0.9742839336395264,1,,,,
D3_02728,G_03430,en,E5x_pooled,0,0.9717528820037842,1,,,,
D3_02729,G_03431,en,E5x_pooled,0,0.9693393111228943,1,,,,
D3_02730,G_03432,en,E5x_pooled,0,0.9564862251281738,1,,,,
D3_02731,G_03433,en,E5x_pooled,0,0.9732378721237183,1,,,,
D3_02732,G_03434,en,E5x_pooled,0,0.9718307852745056,1,,,,
D3_02813,G_03435,en,E5x_pooled,0,0.9684906601905823,1,,,,
D3_02814,G_03436,en,E5x_pooled,0,0.9683654308319092,1,,,,
D3_02815,G_03437,en,E5x_pooled,0,0.9697450399398804,1,,,,
D3_02816,G_03438,en,E5x_pooled,0,0.9735780954360962,1,,,,
D3_02817,G_03439,en,E5x_pooled,0,0.9743955135345459,1,,,,
D3_02818,G_03440,en,E5x_pooled,0,0.9689156413078308,1,,,,
D3_02819,G_03441,en,E5x_pooled,0,0.9685913920402527,1,,,,
D3_02820,G_03384,en,E5x_pooled,0,0.969969630241394,1,,,,
D3_02821,G_03382,en,E5x_pooled,0,0.9695811867713928,1,,,,
D3_02822,G_03444,en,E5x_pooled,0,0.9744565486907959,1,,,,
D3_02823,G_02760,en,E5x_pooled,0,0.9744914770126343,1,,,,
D3_02824,G_03446,en,E5x_pooled,0,0.9734276533126831,1,,,,
D3_02825,G_02825,en,E5x_pooled,0,0.9656187295913696,1,,,,
D3_02827,G_03382,en,E5x_pooled,0,0.9689434766769409,1,,,,
D3_02828,G_03449,en,E5x_pooled,0,0.9753803014755249,1,,,,
D3_02829,G_03450,en,E5x_pooled,0,0.9724457859992981,1,,,,
D3_02830,G_03451,en,E5x_pooled,0,0.9740249514579773,1,,,,
D3_02831,G_03452,en,E5x_pooled,0,0.9686719179153442,1,,,,
D3_02832,G_02837,en,E5x_pooled,0,0.9707146286964417,1,,,,
D3_02833,G_03454,en,E5x_pooled,0,0.9707051515579224,1,,,,
D3_02834,G_03455,en,E5x_pooled,0,0.9748240113258362,1,,,,
D3_02835,G_03456,en,E5x_pooled,0,0.9741724729537964,1,,,,
D3_02836,G_02760,en,E5x_pooled,0,0.974966287612915,1,,,,
D3_02837,G_03458,en,E5x_pooled,0,0.9592001438140869,1,,,,
D3_02838,G_03459,en,E5x_pooled,0,0.971143901348114,1,,,,
D3_02839,G_03460,en,E5x_pooled,0,0.9712798595428467,1,,,,
D3_02840,G_03461,en,E5x_pooled,0,0.972331702709198,1,,,,
D3_02841,G_03462,en,E5x_pooled,0,0.9707569479942322,1,,,,
D3_02842,G_03463,en,E5x_pooled,0,0.9781553149223328,1,,,,
D3_02843,G_03464,en,E5x_pooled,0,0.9731460809707642,1,,,,
D3_02844,G_03465,en,E5x_pooled,0,0.9687789082527161,1,,,,
D3_02845,G_03466,en,E5x_pooled,0,0.9705877900123596,1,,,,
D3_02846,G_03467,en,E5x_pooled,0,0.9720335602760315,1,,,,
D3_02847,G_03468,en,E5x_pooled,0,0.97334223985672,1,,,,
D3_02848,G_03469,en,E5x_pooled,0,0.9739242196083069,1,,,,
D3_02909,G_03470,en,E5x_pooled,0,0.9668442010879517,1,,,,
D3_02910,G_02855,en,E5x_pooled,0,0.9567563533782959,1,,,,
D3_02911,G_02861,en,E5x_pooled,0,0.960328221321106,1,,,,
D3_02912,G_04786,en,E5x_pooled,0,0.9617561101913452,1,,,,
D3_02913,G_02854,en,E5x_pooled,0,0.9645344018936157,1,,,,
D3_02914,G_02860,en,E5x_pooled,0,0.9515710473060608,1,,,,
D3_02915,G_02858,en,E5x_pooled,0,0.9387341141700745,1,,,,
D3_02916,G_02863,en,E5x_pooled,0,0.9377065896987915,1,,,,
D3_02917,G_02859,en,E5x_pooled,0,0.9184688329696655,1,,,,
D3_02918,G_02862,en,E5x_pooled,0,0.9510231614112854,1,,,,
D3_02919,G_02864,en,E5x_pooled,0,0.9687755107879639,1,,,,
D3_02920,G_03481,en,E5x_pooled,0,0.9710471034049988,1,,,,
D3_02921,G_02866,en,E5x_pooled,0,0.9719082117080688,1,,,,
D3_02922,G_02871,en,E5x_pooled,0,0.9705864787101746,1,,,,
D3_02923,G_02865,en,E5x_pooled,0,0.9686357975006104,1,,,,
D3_02924,G_02872,en,E5x_pooled,0,0.9700132608413696,1,,,,
D3_02925,G_02873,en,E5x_pooled,0,0.9731326699256897,1,,,,
D3_02926,G_02867,en,E5x_pooled,0,0.9531474709510803,1,,,,
D3_02927,G_02869,en,E5x_pooled,0,0.9691374897956848,1,,,,
D3_02928,G_02868,en,E5x_pooled,0,0.9769729375839233,1,,,,
D3_02929,G_03490,en,E5x_pooled,0,0.9650046825408936,1,,,,
D3_02930,G_03491,en,E5x_pooled,0,0.9535900950431824,1,,,,
D3_02931,G_03492,en,E5x_pooled,0,0.9591249823570251,1,,,,
D3_02932,G_03493,en,E5x_pooled,0,0.9641627073287964,1,,,,
D3_02933,G_03494,en,E5x_pooled,0,0.9667196273803711,1,,,,
D3_02934,G_03495,en,E5x_pooled,0,0.9722965359687805,1,,,,
D3_02935,G_03496,en,E5x_pooled,0,0.9693716764450073,1,,,,
D3_02936,G_03497,en,E5x_pooled,0,0.9617683291435242,1,,,,
D3_02937,G_03498,en,E5x_pooled,0,0.9608076810836792,1,,,,
D3_02938,G_03499,en,E5x_pooled,0,0.9712581634521484,1,,,,
D3_02939,G_02864,en,E5x_pooled,0,0.9699048399925232,1,,,,
D3_02940,G_02866,en,E5x_pooled,0,0.9731987118721008,1,,,,
D3_02941,G_03470,en,E5x_pooled,0,0.968855082988739,1,,,,
D3_02942,G_03503,en,E5x_pooled,0,0.9566247463226318,1,,,,
D3_02943,G_03504,en,E5x_pooled,0,0.9674390554428101,1,,,,
D3_02944,G_03505,en,E5x_pooled,0,0.968690037727356,1,,,,
D3_02945,G_03506,en,E5x_pooled,0,0.9695485830307007,1,,,,
D3_02946,G_03507,en,E5x_pooled,0,0.9689870476722717,1,,,,
D3_02947,G_03508,en,E5x_pooled,0,0.9706582427024841,1,,,,
D3_02948,G_02893,en,E5x_pooled,0,0.9647286534309387,1,,,,
D3_02949,G_03510,en,E5x_pooled,0,0.9707725644111633,1,,,,
D3_02950,G_03511,en,E5x_pooled,0,0.9708612561225891,1,,,,
D3_02951,G_03512,en,E5x_pooled,0,0.9739757776260376,1,,,,
D3_02952,G_02896,en,E5x_pooled,0,0.9740971326828003,1,,,,
D3_02953,G_03470,en,E5x_pooled,0,0.9644441604614258,1,,,,
D3_02954,G_03515,en,E5x_pooled,0,0.8849706649780273,1,,,,
D3_02955,G_03516,en,E5x_pooled,0,0.9532659649848938,1,,,,
D3_02956,G_03517,en,E5x_pooled,0,0.9708092212677002,1,,,,
D3_02957,G_03518,en,E5x_pooled,0,0.974629282951355,1,,,,
D3_02958,G_03519,en,E5x_pooled,0,0.9695583581924438,1,,,,
D3_02959,G_03520,en,E5x_pooled,0,0.9700667858123779,1,,,,
D3_02960,G_03521,en,E5x_pooled,0,0.9616742730140686,1,,,,
D3_02961,G_03522,en,E5x_pooled,0,0.9308121204376221,1,,,,
D3_02962,G_03523,en,E5x_pooled,0,0.9692322015762329,1,,,,
D3_02963,G_03524,en,E5x_pooled,0,0.9702758193016052,1,,,,
D3_02964,G_03525,en,E5x_pooled,0,0.970014214515686,1,,,,
D3_03045,G_03526,en,E5x_pooled,0,0.9773783683776855,1,,,,
D3_03046,G_03527,en,E5x_pooled,0,0.9792237281799316,1,,,,
D3_03047,G_03528,en,E5x_pooled,0,0.9703394770622253,1,,,,
D3_03048,G_03529,en,E5x_pooled,0,0.9767321944236755,1,,,,
D3_03049,G_03530,en,E5x_pooled,0,0.9756507277488708,1,,,,
D3_03050,G_03531,en,E5x_pooled,0,0.9745869636535645,1,,,,
D3_03051,G_01667,en,E5x_pooled,0,0.9778353571891785,1,,,,
D3_03052,G_01663,en,E5x_pooled,0,0.9784221649169922,1,,,,
D3_03053,G_02968,en,E5x_pooled,0,0.9702487587928772,1,,,,
D3_03054,G_02971,en,E5x_pooled,0,0.9784397482872009,1,,,,
D3_03055,G_01679,en,E5x_pooled,0,0.9780929088592529,1,,,,
D3_03056,G_01698,en,E5x_pooled,0,0.9743329286575317,1,,,,
D3_03057,G_03538,en,E5x_pooled,0,0.9778851866722107,1,,,,
D3_03058,G_03539,en,E5x_pooled,0,0.9803429245948792,1,,,,
D3_03059,G_03540,en,E5x_pooled,0,0.9146486520767212,1,,,,
D3_03060,G_03541,en,E5x_pooled,0,0.9758505821228027,1,,,,
D3_03061,G_03542,en,E5x_pooled,0,0.9770134091377258,1,,,,
D3_03062,G_03543,en,E5x_pooled,0,0.9731235504150391,1,,,,
D3_03063,G_03544,en,E5x_pooled,0,0.9773808717727661,1,,,,
D3_03064,G_01663,en,E5x_pooled,0,0.9781437516212463,1,,,,
D3_03065,G_03546,en,E5x_pooled,0,0.9694534540176392,1,,,,
D3_03066,G_03002,en,E5x_pooled,0,0.9780858159065247,1,,,,
D3_03067,G_03548,en,E5x_pooled,0,0.9766392111778259,1,,,,
D3_03069,G_03549,en,E5x_pooled,0,0.9788107872009277,1,,,,
D3_03070,G_03550,en,E5x_pooled,0,0.9798556566238403,1,,,,
D3_03071,G_03551,en,E5x_pooled,0,0.9467427134513855,1,,,,
D3_03072,G_03552,en,E5x_pooled,0,0.9778828620910645,1,,,,
D3_03073,G_03553,en,E5x_pooled,0,0.9768324494361877,1,,,,
D3_03074,G_03554,en,E5x_pooled,0,0.9655110239982605,1,,,,
D3_03075,G_03555,en,E5x_pooled,0,0.9745960235595703,1,,,,
D3_03076,G_03556,en,E5x_pooled,0,0.977156400680542,1,,,,
D3_03077,G_03557,en,E5x_pooled,0,0.9693601131439209,1,,,,
D3_03078,G_03558,en,E5x_pooled,0,0.9786914587020874,1,,,,
D3_03079,G_03559,en,E5x_pooled,0,0.978416919708252,1,,,,
D3_03080,G_03560,en,E5x_pooled,0,0.97555011510849,1,,,,
D3_03161,G_03561,en,E5x_pooled,0,0.9674550294876099,1,,,,
D3_03162,G_03562,en,E5x_pooled,0,0.9719254374504089,1,,,,
D3_03163,G_03563,en,E5x_pooled,0,0.9746304154396057,1,,,,
D3_03164,G_03564,en,E5x_pooled,0,0.9766870737075806,1,,,,
D3_03165,G_03565,en,E5x_pooled,0,0.9759513139724731,1,,,,
D3_03166,G_03566,en,E5x_pooled,0,0.9767033457756042,1,,,,
D3_03167,G_03023,en,E5x_pooled,0,0.976426362991333,1,,,,
D3_03168,G_03579,en,E5x_pooled,0,0.9765690565109253,1,,,,
D3_03169,G_01816,en,E5x_pooled,0,0.975583016872406,1,,,,
D3_03170,G_01819,en,E5x_pooled,0,0.978783130645752,1,,,,
D3_03171,G_01794,en,E5x_pooled,0,0.9781612157821655,1,,,,
D3_03172,G_03045,en,E5x_pooled,0,0.9771090149879456,1,,,,
D3_03173,G_03573,en,E5x_pooled,0,0.9724206328392029,1,,,,
D3_03174,G_03574,en,E5x_pooled,0,0.9777025580406189,1,,,,
D3_03175,G_03575,en,E5x_pooled,0,0.9760480523109436,1,,,,
D3_03176,G_03576,en,E5x_pooled,0,0.9788460731506348,1,,,,
D3_03177,G_03577,en,E5x_pooled,0,0.9777231216430664,1,,,,
D3_03179,G_03578,en,E5x_pooled,0,0.9777920246124268,1,,,,
D3_03180,G_03579,en,E5x_pooled,0,0.9772921800613403,1,,,,
D3_03181,G_01816,en,E5x_pooled,0,0.9774988889694214,1,,,,
D3_03183,G_03581,en,E5x_pooled,0,0.9785025119781494,1,,,,
D3_03184,G_03058,en,E5x_pooled,0,0.9764556884765625,1,,,,
D3_03185,G_03583,en,E5x_pooled,0,0.978500247001648,1,,,,
D3_03186,G_03584,en,E5x_pooled,0,0.9657147526741028,1,,,,
D3_03187,G_03585,en,E5x_pooled,0,0.9579806327819824,1,,,,
D3_03188,G_03586,en,E5x_pooled,0,0.9754499197006226,1,,,,
D3_03189,G_03587,en,E5x_pooled,0,0.9780007600784302,1,,,,
D3_03191,G_03588,en,E5x_pooled,0,0.9541425704956055,1,,,,
D3_03192,G_03589,en,E5x_pooled,0,0.9698096513748169,1,,,,
D3_03193,G_03590,en,E5x_pooled,0,0.9156889319419861,1,,,,
D3_03194,G_03591,en,E5x_pooled,0,0.9767047166824341,1,,,,
D3_03195,G_03592,en,E5x_pooled,0,0.9769396781921387,1,,,,
D3_03277,G_03593,en,E5x_pooled,0,0.9655706286430359,1,,,,
D3_03278,G_01897,en,E5x_pooled,0,0.9722520112991333,1,,,,
D3_03279,G_03595,en,E5x_pooled,0,0.971356213092804,1,,,,
D3_03280,G_03596,en,E5x_pooled,0,0.9724183678627014,1,,,,
D3_03281,G_03597,en,E5x_pooled,0,0.975013792514801,1,,,,
D3_03282,G_03598,en,E5x_pooled,0,0.9759246110916138,1,,,,
D3_03283,G_03599,en,E5x_pooled,0,0.9723902940750122,1,,,,
D3_03284,G_01897,en,E5x_pooled,0,0.9735748171806335,1,,,,
D3_03285,G_03601,en,E5x_pooled,0,0.973909854888916,1,,,,
D3_03286,G_01907,en,E5x_pooled,0,0.9719854593276978,1,,,,
D3_03287,G_03603,en,E5x_pooled,0,0.9777571558952332,1,,,,
D3_03288,G_01906,en,E5x_pooled,0,0.9755607843399048,1,,,,
D3_03289,G_03605,en,E5x_pooled,0,0.9707636833190918,1,,,,
D3_03290,G_03606,en,E5x_pooled,0,0.9727796912193298,1,,,,
D3_03291,G_03601,en,E5x_pooled,0,0.9720892310142517,1,,,,
D3_03292,G_03608,en,E5x_pooled,0,0.9716532230377197,1,,,,
D3_03294,G_03609,en,E5x_pooled,0,0.9774987697601318,1,,,,
D3_03295,G_01898,en,E5x_pooled,0,0.9739994406700134,1,,,,
D3_03296,G_01897,en,E5x_pooled,0,0.9739988446235657,1,,,,
D3_03297,G_03601,en,E5x_pooled,0,0.9746454954147339,1,,,,
D3_03298,G_01907,en,E5x_pooled,0,0.9725316762924194,1,,,,
D3_03299,G_03603,en,E5x_pooled,0,0.9776797890663147,1,,,,
D3_03300,G_01906,en,E5x_pooled,0,0.975615918636322,1,,,,
D3_03301,G_03616,en,E5x_pooled,0,0.9628833532333374,1,,,,
D3_03302,G_03617,en,E5x_pooled,0,0.9748038053512573,1,,,,
D3_03303,G_03601,en,E5x_pooled,0,0.9715808629989624,1,,,,
D3_03304,G_03619,en,E5x_pooled,0,0.9719541668891907,1,,,,
D3_03305,G_03603,en,E5x_pooled,0,0.9773740768432617,1,,,,
D3_03306,G_03621,en,E5x_pooled,0,0.9762770533561707,1,,,,
D3_03307,G_03622,en,E5x_pooled,0,0.9686142206192017,1,,,,
D3_03308,G_03623,en,E5x_pooled,0,0.9620678424835205,1,,,,
D3_03309,G_03624,en,E5x_pooled,0,0.9657278060913086,1,,,,
D3_03310,G_03625,en,E5x_pooled,0,0.973220944404602,1,,,,
D3_03311,G_03626,en,E5x_pooled,0,0.9759220480918884,1,,,,
D3_03312,G_03627,en,E5x_pooled,0,0.9750874638557434,1,,,,
D3_03393,G_03628,en,E5x_pooled,0,0.9740449786186218,1,,,,
D3_03394,G_03629,en,E5x_pooled,0,0.971744954586029,1,,,,
D3_03395,G_03630,en,E5x_pooled,0,0.974199652671814,1,,,,
D3_03396,G_03631,en,E5x_pooled,0,0.9782377481460571,1,,,,
D3_03397,G_03632,en,E5x_pooled,0,0.974324107170105,1,,,,
D3_03398,G_03633,en,E5x_pooled,0,0.9765633344650269,1,,,,
D3_03399,G_03634,en,E5x_pooled,0,0.9749572277069092,1,,,,
D3_03400,G_02011,en,E5x_pooled,0,0.973949670791626,1,,,,
D3_03401,G_02008,en,E5x_pooled,0,0.9733597636222839,1,,,,
D3_03402,G_02018,en,E5x_pooled,0,0.9777191281318665,1,,,,
D3_03403,G_02015,en,E5x_pooled,0,0.9771621823310852,1,,,,
D3_03404,G_03639,en,E5x_pooled,0,0.9770106077194214,1,,,,
D3_03405,G_03640,en,E5x_pooled,0,0.9750852584838867,1,,,,
D3_03406,G_03641,en,E5x_pooled,0,0.9748588800430298,1,,,,
D3_03407,G_03642,en,E5x_pooled,0,0.973223090171814,1,,,,
D3_03408,G_03643,en,E5x_pooled,0,0.9785299897193909,1,,,,
D3_03409,G_03644,en,E5x_pooled,0,0.9793363213539124,1,,,,
D3_03410,G_03645,en,E5x_pooled,0,0.9789303541183472,1,,,,
D3_03411,G_03634,en,E5x_pooled,0,0.9755628108978271,1,,,,
D3_03413,G_03647,en,E5x_pooled,0,0.9730468988418579,1,,,,
D3_03414,G_02018,en,E5x_pooled,0,0.9779462814331055,1,,,,
D3_03416,G_03639,en,E5x_pooled,0,0.9770813584327698,1,,,,
D3_03417,G_03650,en,E5x_pooled,0,0.9742178320884705,1,,,,
D3_03418,G_03651,en,E5x_pooled,0,0.9707453846931458,1,,,,
D3_03419,G_03652,en,E5x_pooled,0,0.9708480834960938,1,,,,
D3_03420,G_03653,en,E5x_pooled,0,0.9784324169158936,1,,,,
D3_03421,G_03654,en,E5x_pooled,0,0.9777777791023254,1,,,,
D3_03422,G_03655,en,E5x_pooled,0,0.9788985848426819,1,,,,
D3_03423,G_03656,en,E5x_pooled,0,0.9772714376449585,1,,,,
D3_03424,G_03657,en,E5x_pooled,0,0.9652503132820129,1,,,,
D3_03425,G_03658,en,E5x_pooled,0,0.9736829996109009,1,,,,
D3_03426,G_03659,en,E5x_pooled,0,0.9764793515205383,1,,,,
D3_03427,G_03660,en,E5x_pooled,0,0.9781497120857239,1,,,,
D3_03428,G_03661,en,E5x_pooled,0,0.9746705293655396,1,,,,
D3_03510,G_03662,en,E5x_pooled,0,0.967886209487915,1,,,,
D3_03511,G_03663,en,E5x_pooled,0,0.9618728160858154,1,,,,
D3_03512,G_03664,en,E5x_pooled,0,0.9652295112609863,1,,,,
D3_03513,G_03665,en,E5x_pooled,0,0.9760482907295227,1,,,,
D3_03514,G_03666,en,E5x_pooled,0,0.9770786166191101,1,,,,
D3_03515,G_03667,en,E5x_pooled,0,0.9775165319442749,1,,,,
D3_03516,G_02120,en,E5x_pooled,0,0.9707791805267334,1,,,,
D3_03517,G_02125,en,E5x_pooled,0,0.9691519141197205,1,,,,
D3_03518,G_02154,en,E5x_pooled,0,0.9679918885231018,1,,,,
D3_03519,G_02133,en,E5x_pooled,0,0.9756407737731934,1,,,,
D3_03520,G_02150,en,E5x_pooled,0,0.9777270555496216,1,,,,
D3_03521,G_03685,en,E5x_pooled,0,0.9769834876060486,1,,,,
D3_03522,G_03674,en,E5x_pooled,0,0.9740603566169739,1,,,,
D3_03523,G_03675,en,E5x_pooled,0,0.9678071737289429,1,,,,
D3_03524,G_02154,en,E5x_pooled,0,0.9691165685653687,1,,,,
D3_03525,G_03677,en,E5x_pooled,0,0.9774446487426758,1,,,,
D3_03526,G_03678,en,E5x_pooled,0,0.9763829708099365,1,,,,
D3_03527,G_03679,en,E5x_pooled,0,0.9749758243560791,1,,,,
D3_03528,G_03680,en,E5x_pooled,0,0.9716100096702576,1,,,,
D3_03529,G_03681,en,E5x_pooled,0,0.9664987325668335,1,,,,
D3_03530,G_02154,en,E5x_pooled,0,0.9686296582221985,1,,,,
D3_03531,G_03683,en,E5x_pooled,0,0.9747571349143982,1,,,,
D3_03532,G_02150,en,E5x_pooled,0,0.9763156771659851,1,,,,
D3_03533,G_03685,en,E5x_pooled,0,0.9767166376113892,1,,,,
D3_03534,G_03686,en,E5x_pooled,0,0.9606742858886719,1,,,,
D3_03535,G_03687,en,E5x_pooled,0,0.9649727940559387,1,,,,
D3_03536,G_03688,en,E5x_pooled,0,0.9443147778511047,1,,,,
D3_03537,G_03689,en,E5x_pooled,0,0.9759737849235535,1,,,,
D3_03538,G_03690,en,E5x_pooled,0,0.9747908115386963,1,,,,
D3_03539,G_03691,en,E5x_pooled,0,0.9753329157829285,1,,,,
D3_03540,G_03692,en,E5x_pooled,0,0.8589592576026917,1,,,,
D3_03541,G_03693,en,E5x_pooled,0,0.9642549157142639,1,,,,
D3_03542,G_03694,en,E5x_pooled,0,0.9768069386482239,1,,,,
D3_03543,G_03695,en,E5x_pooled,0,0.9767728447914124,1,,,,
D3_03544,G_03696,en,E5x_pooled,0,0.9755154848098755,1,,,,
D3_03626,G_03697,en,E5x_pooled,0,0.9762762784957886,1,,,,
D3_03627,G_03698,en,E5x_pooled,0,0.976294219493866,1,,,,
D3_03628,G_03699,en,E5x_pooled,0,0.9636215567588806,1,,,,
D3_03629,G_03700,en,E5x_pooled,0,0.9779050946235657,1,,,,
D3_03630,G_03701,en,E5x_pooled,0,0.9719050526618958,1,,,,
D3_03631,G_03702,en,E5x_pooled,0,0.97847980260849,1,,,,
D3_03632,G_02238,en,E5x_pooled,0,0.9768434762954712,1,,,,
D3_03634,G_02264,en,E5x_pooled,0,0.9685583114624023,1,,,,
D3_03635,G_03281,en,E5x_pooled,0,0.9796513915061951,1,,,,
D3_03636,G_03717,en,E5x_pooled,0,0.9727000594139099,1,,,,
D3_03637,G_02252,en,E5x_pooled,0,0.9776124358177185,1,,,,
D3_03638,G_03708,en,E5x_pooled,0,0.9756386876106262,1,,,,
D3_03639,G_02239,en,E5x_pooled,0,0.9779765009880066,1,,,,
D3_03640,G_03710,en,E5x_pooled,0,0.9592150449752808,1,,,,
D3_03641,G_03281,en,E5x_pooled,0,0.9760143160820007,1,,,,
D3_03642,G_03717,en,E5x_pooled,0,0.9665144681930542,1,,,,
D3_03643,G_02252,en,E5x_pooled,0,0.9782800078392029,1,,,,
D3_03645,G_02239,en,E5x_pooled,0,0.9779582619667053,1,,,,
D3_03646,G_03715,en,E5x_pooled,0,0.972371518611908,1,,,,
D3_03647,G_03281,en,E5x_pooled,0,0.978945791721344,1,,,,
D3_03648,G_03717,en,E5x_pooled,0,0.9729362726211548,1,,,,
D3_03649,G_02252,en,E5x_pooled,0,0.9760501980781555,1,,,,
D3_03650,G_02238,en,E5x_pooled,0,0.9771161675453186,1,,,,
D3_03651,G_03720,en,E5x_pooled,0,0.9744244813919067,1,,,,
D3_03652,G_03721,en,E5x_pooled,0,0.9046481847763062,1,,,,
D3_03653,G_03281,en,E5x_pooled,0,0.9796552062034607,1,,,,
D3_03654,G_03723,en,E5x_pooled,0,0.9742751121520996,1,,,,
D3_03655,G_03724,en,E5x_pooled,0,0.9765680432319641,1,,,,
D3_03656,G_03725,en,E5x_pooled,0,0.9768275022506714,1,,,,
D3_03657,G_03726,en,E5x_pooled,0,0.9746018052101135,1,,,,
D3_03658,G_03727,en,E5x_pooled,0,0.9693231582641602,1,,,,
D3_03659,G_03728,en,E5x_pooled,0,0.9783101081848145,1,,,,
D3_03660,G_03729,en,E5x_pooled,0,0.9693370461463928,1,,,,
D3_03661,G_03730,en,E5x_pooled,0,0.9762291312217712,1,,,,
D3_03742,G_03731,en,E5x_pooled,0,0.9522388577461243,1,,,,
D3_03743,G_03732,en,E5x_pooled,0,0.9608823657035828,1,,,,
D3_03744,G_03733,en,E5x_pooled,0,0.9646637439727783,1,,,,
D3_03745,G_03734,en,E5x_pooled,0,0.972519040107727,1,,,,
D3_03746,G_03735,en,E5x_pooled,0,0.9562787413597107,1,,,,
D3_03747,G_03736,en,E5x_pooled,0,0.9744884371757507,1,,,,
D3_03748,G_02359,en,E5x_pooled,0,0.910774827003479,1,,,,
D3_03749,G_02354,en,E5x_pooled,0,0.9709646105766296,1,,,,
D3_03750,G_02353,en,E5x_pooled,0,0.975324809551239,1,,,,
D3_03751,G_02363,en,E5x_pooled,0,0.9755629301071167,1,,,,
D3_03752,G_03741,en,E5x_pooled,0,0.9732564091682434,1,,,,
D3_03753,G_03742,en,E5x_pooled,0,0.9743313193321228,1,,,,
D3_03754,G_03743,en,E5x_pooled,0,0.94302898645401,1,,,,
D3_03755,G_03744,en,E5x_pooled,0,0.9720678329467773,1,,,,
D3_03756,G_02353,en,E5x_pooled,0,0.9722883105278015,1,,,,
D3_03757,G_02363,en,E5x_pooled,0,0.960529088973999,1,,,,
D3_03758,G_03747,en,E5x_pooled,0,0.963736355304718,1,,,,
D3_03759,G_03748,en,E5x_pooled,0,0.9723821878433228,1,,,,
D3_03760,G_03749,en,E5x_pooled,0,0.945598304271698,1,,,,
D3_03761,G_03750,en,E5x_pooled,0,0.972521185874939,1,,,,
D3_03762,G_03751,en,E5x_pooled,0,0.9746057391166687,1,,,,
D3_03763,G_02363,en,E5x_pooled,0,0.9697182774543762,1,,,,
D3_03764,G_03753,en,E5x_pooled,0,0.9722068309783936,1,,,,
D3_03765,G_03754,en,E5x_pooled,0,0.9742934107780457,1,,,,
D3_03766,G_03755,en,E5x_pooled,0,0.7324703335762024,1,,,,
D3_03767,G_03756,en,E5x_pooled,0,0.9629492163658142,1,,,,
D3_03768,G_03757,en,E5x_pooled,0,0.9673420190811157,1,,,,
D3_03769,G_03758,en,E5x_pooled,0,0.9703543782234192,1,,,,
D3_03770,G_03759,en,E5x_pooled,0,0.9627246856689453,1,,,,
D3_03771,G_03760,en,E5x_pooled,0,0.97061687707901,1,,,,
D3_03772,G_03761,en,E5x_pooled,0,0.32904544472694397,1,,,,
D3_03773,G_03762,en,E5x_pooled,0,0.9601123332977295,1,,,,
D3_03774,G_03763,en,E5x_pooled,0,0.9304503202438354,1,,,,
D3_03775,G_03764,en,E5x_pooled,0,0.9722413420677185,1,,,,
D3_03776,G_03765,en,E5x_pooled,0,0.9690665006637573,1,,,,
D3_03777,G_03766,en,E5x_pooled,0,0.9700455665588379,1,,,,
D3_03859,G_03767,en,E5x_pooled,0,0.9732229709625244,1,,,,
D3_03860,G_03768,en,E5x_pooled,0,0.9711472988128662,1,,,,
D3_03861,G_03769,en,E5x_pooled,0,0.9717558026313782,1,,,,
D3_03862,G_03770,en,E5x_pooled,0,0.9757770299911499,1,,,,
D3_03863,G_03771,en,E5x_pooled,0,0.9760260581970215,1,,,,
D3_03864,G_03772,en,E5x_pooled,0,0.9725172519683838,1,,,,
D3_03866,G_03773,en,E5x_pooled,0,0.9705566167831421,1,,,,
D3_03867,G_04639,en,E5x_pooled,0,0.9734799265861511,1,,,,
D3_03868,G_02277,en,E5x_pooled,0,0.9752891063690186,1,,,,
D3_03869,G_03776,en,E5x_pooled,0,0.9748387336730957,1,,,,
D3_03870,G_03717,en,E5x_pooled,0,0.9732419848442078,1,,,,
D3_03871,G_02238,en,E5x_pooled,0,0.977242112159729,1,,,,
D3_03872,G_03779,en,E5x_pooled,0,0.9718098044395447,1,,,,
D3_03873,G_03780,en,E5x_pooled,0,0.971192479133606,1,,,,
D3_03874,G_03781,en,E5x_pooled,0,0.9783573150634766,1,,,,
D3_03875,G_03782,en,E5x_pooled,0,0.9751675724983215,1,,,,
D3_03876,G_03783,en,E5x_pooled,0,0.9702005386352539,1,,,,
D3_03878,G_03784,en,E5x_pooled,0,0.97322016954422,1,,,,
D3_03883,G_02238,en,E5x_pooled,0,0.9778263568878174,1,,,,
D3_03884,G_03786,en,E5x_pooled,0,0.9704678654670715,1,,,,
D3_03885,G_03787,en,E5x_pooled,0,0.9720182418823242,1,,,,
D3_03886,G_03788,en,E5x_pooled,0,0.9733821153640747,1,,,,
D3_03887,G_03789,en,E5x_pooled,0,0.9752328991889954,1,,,,
D3_03888,G_03790,en,E5x_pooled,0,0.9739088416099548,1,,,,
D3_03889,G_02238,en,E5x_pooled,0,0.97630375623703,1,,,,
D3_03890,G_03792,en,E5x_pooled,0,0.9688054323196411,1,,,,
D3_03891,G_03793,en,E5x_pooled,0,0.9720611572265625,1,,,,
D3_03892,G_03794,en,E5x_pooled,0,0.9746379852294922,1,,,,
D3_03893,G_03795,en,E5x_pooled,0,0.9747992753982544,1,,,,
D3_03894,G_03796,en,E5x_pooled,0,0.9675218462944031,1,,,,
D3_03975,G_03797,en,E5x_pooled,0,0.9729348421096802,1,,,,
D3_03976,G_03798,en,E5x_pooled,0,0.9765893816947937,1,,,,
D3_03977,G_03799,en,E5x_pooled,0,0.9714306592941284,1,,,,
D3_03978,G_03800,en,E5x_pooled,0,0.9706771969795227,1,,,,
D3_03979,G_03801,en,E5x_pooled,0,0.9748932123184204,1,,,,
D3_03980,G_03802,en,E5x_pooled,0,0.9745914936065674,1,,,,
D3_03981,G_02521,en,E5x_pooled,0,0.9704561233520508,1,,,,
D3_03982,G_03310,en,E5x_pooled,0,0.9739246964454651,1,,,,
D3_03983,G_02500,en,E5x_pooled,0,0.9717246294021606,1,,,,
D3_03984,G_03806,en,E5x_pooled,0,0.9749405384063721,1,,,,
D3_03985,G_02503,en,E5x_pooled,0,0.9750348329544067,1,,,,
D3_03986,G_03808,en,E5x_pooled,0,0.9731955528259277,1,,,,
D3_03987,G_03809,en,E5x_pooled,0,0.9742829203605652,1,,,,
D3_03988,G_03810,en,E5x_pooled,0,0.9738718867301941,1,,,,
D3_03989,G_03811,en,E5x_pooled,0,0.9709705710411072,1,,,,
D3_03990,G_03812,en,E5x_pooled,0,0.9711229801177979,1,,,,
D3_03991,G_03813,en,E5x_pooled,0,0.9746222496032715,1,,,,
D3_03992,G_03814,en,E5x_pooled,0,0.9740307331085205,1,,,,
D3_03994,G_03815,en,E5x_pooled,0,0.9740463495254517,1,,,,
D3_03995,G_03816,en,E5x_pooled,0,0.9723749756813049,1,,,,
D3_03996,G_03817,en,E5x_pooled,0,0.9745185375213623,1,,,,
D3_03997,G_03818,en,E5x_pooled,0,0.975106954574585,1,,,,
D3_03999,G_03819,en,E5x_pooled,0,0.9739975929260254,1,,,,
D3_04000,G_03820,en,E5x_pooled,0,0.9757503867149353,1,,,,
D3_04001,G_03821,en,E5x_pooled,0,0.966948926448822,1,,,,
D3_04002,G_03806,en,E5x_pooled,0,0.9751298427581787,1,,,,
D3_04003,G_03823,en,E5x_pooled,0,0.9743392467498779,1,,,,
D3_04004,G_03824,en,E5x_pooled,0,0.9742676615715027,1,,,,
D3_04005,G_03825,en,E5x_pooled,0,0.9723886251449585,1,,,,
D3_04006,G_03826,en,E5x_pooled,0,0.9730984568595886,1,,,,
D3_04007,G_03827,en,E5x_pooled,0,0.9740691184997559,1,,,,
D3_04008,G_03828,en,E5x_pooled,0,0.976184606552124,1,,,,
D3_04009,G_03829,en,E5x_pooled,0,0.973926842212677,1,,,,
D3_04010,G_03830,en,E5x_pooled,0,0.972068727016449,1,,,,
D3_04091,G_03831,en,E5x_pooled,0,0.9769806861877441,1,,,,
D3_04092,G_03832,en,E5x_pooled,0,0.9780941605567932,1,,,,
D3_04093,G_03833,en,E5x_pooled,0,0.9763463735580444,1,,,,
D3_04094,G_02615,en,E5x_pooled,0,0.9795031547546387,1,,,,
D3_04095,G_03835,en,E5x_pooled,0,0.9778723120689392,1,,,,
D3_04096,G_03836,en,E5x_pooled,0,0.977715015411377,1,,,,
D3_04097,G_02612,en,E5x_pooled,0,0.9765006303787231,1,,,,
D3_04098,G_02610,en,E5x_pooled,0,0.9766508936882019,1,,,,
D3_04099,G_02608,en,E5x_pooled,0,0.9750908613204956,1,,,,
D3_04100,G_02615,en,E5x_pooled,0,0.9792038202285767,1,,,,
D3_04101,G_04699,en,E5x_pooled,0,0.9772304892539978,1,,,,
D3_04102,G_02614,en,E5x_pooled,0,0.977648913860321,1,,,,
D3_04103,G_02612,en,E5x_pooled,0,0.9773941040039062,1,,,,
D3_04105,G_02608,en,E5x_pooled,0,0.9758275747299194,1,,,,
D3_04106,G_02615,en,E5x_pooled,0,0.9788772463798523,1,,,,
D3_04107,G_04699,en,E5x_pooled,0,0.9777281284332275,1,,,,
D3_04108,G_03847,en,E5x_pooled,0,0.9784154295921326,1,,,,
D3_04109,G_03848,en,E5x_pooled,0,0.9759204387664795,1,,,,
D3_04110,G_04281,en,E5x_pooled,0,0.9778479933738708,1,,,,
D3_04111,G_03850,en,E5x_pooled,0,0.9759846925735474,1,,,,
D3_04112,G_03851,en,E5x_pooled,0,0.979154109954834,1,,,,
D3_04113,G_03852,en,E5x_pooled,0,0.9780031442642212,1,,,,
D3_04114,G_02614,en,E5x_pooled,0,0.9777882695198059,1,,,,
D3_04115,G_02612,en,E5x_pooled,0,0.9759558439254761,1,,,,
D3_04117,G_03855,en,E5x_pooled,0,0.9752795696258545,1,,,,
D3_04118,G_03856,en,E5x_pooled,0,0.9785990715026855,1,,,,
D3_04119,G_03857,en,E5x_pooled,0,0.977251410484314,1,,,,
D3_04120,G_03858,en,E5x_pooled,0,0.9770809412002563,1,,,,
D3_04121,G_03859,en,E5x_pooled,0,0.9751760959625244,1,,,,
D3_04122,G_02610,en,E5x_pooled,0,0.9774707555770874,1,,,,
D3_04123,G_03861,en,E5x_pooled,0,0.9755799174308777,1,,,,
D3_04124,G_03862,en,E5x_pooled,0,0.9790635704994202,1,,,,
D3_04125,G_03863,en,E5x_pooled,0,0.9776745438575745,1,,,,
D3_04126,G_02614,en,E5x_pooled,0,0.9774641394615173,1,,,,
D3_04207,G_03865,en,E5x_pooled,0,0.9673624038696289,1,,,,
D3_04208,G_03866,en,E5x_pooled,0,0.9691362380981445,1,,,,
D3_04209,G_03867,en,E5x_pooled,0,0.969550371170044,1,,,,
D3_04210,G_03868,en,E5x_pooled,0,0.9698858857154846,1,,,,
D3_04211,G_03869,en,E5x_pooled,0,0.9743708372116089,1,,,,
D3_04212,G_03870,en,E5x_pooled,0,0.9704751968383789,1,,,,
D3_04213,G_03871,en,E5x_pooled,0,0.9678812026977539,1,,,,
D3_04214,G_02726,en,E5x_pooled,0,0.9690031409263611,1,,,,
D3_04215,G_03873,en,E5x_pooled,0,0.9733309745788574,1,,,,
D3_04216,G_03874,en,E5x_pooled,0,0.9714263081550598,1,,,,
D3_04218,G_03875,en,E5x_pooled,0,0.9700483083724976,1,,,,
D3_04219,G_02752,en,E5x_pooled,0,0.9674484133720398,1,,,,
D3_04220,G_03877,en,E5x_pooled,0,0.9678019285202026,1,,,,
D3_04221,G_02827,en,E5x_pooled,0,0.9701522588729858,1,,,,
D3_04222,G_03879,en,E5x_pooled,0,0.9683049917221069,1,,,,
D3_04223,G_03880,en,E5x_pooled,0,0.9740476012229919,1,,,,
D3_04224,G_02738,en,E5x_pooled,0,0.9727811217308044,1,,,,
D3_04225,G_03882,en,E5x_pooled,0,0.9699199795722961,1,,,,
D3_04226,G_03418,en,E5x_pooled,0,0.9705919623374939,1,,,,
D3_04230,G_03456,en,E5x_pooled,0,0.9718447327613831,1,,,,
D3_04231,G_03885,en,E5x_pooled,0,0.9673833847045898,1,,,,
D3_04232,G_03886,en,E5x_pooled,0,0.9708861708641052,1,,,,
D3_04233,G_03887,en,E5x_pooled,0,0.9729265570640564,1,,,,
D3_04234,G_03888,en,E5x_pooled,0,0.9663476943969727,1,,,,
D3_04235,G_03889,en,E5x_pooled,0,0.9738222360610962,1,,,,
D3_04236,G_03890,en,E5x_pooled,0,0.9713407158851624,1,,,,
D3_04237,G_03891,en,E5x_pooled,0,0.9689581394195557,1,,,,
D3_04238,G_03892,en,E5x_pooled,0,0.9723212122917175,1,,,,
D3_04239,G_03893,en,E5x_pooled,0,0.9727590680122375,1,,,,
D3_04240,G_03894,en,E5x_pooled,0,0.9673795104026794,1,,,,
D3_04241,G_03895,en,E5x_pooled,0,0.9704743027687073,1,,,,
D3_04242,G_03896,en,E5x_pooled,0,0.9740779399871826,1,,,,
D3_04323,G_03897,en,E5x_pooled,0,0.9679515361785889,1,,,,
D3_04324,G_03898,en,E5x_pooled,0,0.9667690992355347,1,,,,
D3_04325,G_03899,en,E5x_pooled,0,0.9667169451713562,1,,,,
D3_04326,G_03900,en,E5x_pooled,0,0.96905118227005,1,,,,
D3_04327,G_03901,en,E5x_pooled,0,0.95768803358078,1,,,,
D3_04328,G_03902,en,E5x_pooled,0,0.9683553576469421,1,,,,
D3_04329,G_03915,en,E5x_pooled,0,0.9713124632835388,1,,,,
D3_04330,G_03904,en,E5x_pooled,0,0.9684099555015564,1,,,,
D3_04331,G_03905,en,E5x_pooled,0,0.9670774936676025,1,,,,
D3_04332,G_03906,en,E5x_pooled,0,0.9702023267745972,1,,,,
D3_04333,G_02738,en,E5x_pooled,0,0.9707388877868652,1,,,,
D3_04334,G_02731,en,E5x_pooled,0,0.9753109812736511,1,,,,
D3_04335,G_03909,en,E5x_pooled,0,0.971206784248352,1,,,,
D3_04336,G_02752,en,E5x_pooled,0,0.9654349088668823,1,,,,
D3_04337,G_03911,en,E5x_pooled,0,0.9712376594543457,1,,,,
D3_04338,G_03912,en,E5x_pooled,0,0.9709176421165466,1,,,,
D3_04339,G_02738,en,E5x_pooled,0,0.9717589616775513,1,,,,
D3_04340,G_03914,en,E5x_pooled,0,0.9676530957221985,1,,,,
D3_04341,G_03915,en,E5x_pooled,0,0.9746111631393433,1,,,,
D3_04344,G_02733,en,E5x_pooled,0,0.9715045094490051,1,,,,
D3_04347,G_03917,en,E5x_pooled,0,0.9721419215202332,1,,,,
D3_04348,G_03918,en,E5x_pooled,0,0.9676528573036194,1,,,,
D3_04349,G_03919,en,E5x_pooled,0,0.9692790508270264,1,,,,
D3_04350,G_03920,en,E5x_pooled,0,0.9714055061340332,1,,,,
D3_04351,G_03921,en,E5x_pooled,0,0.9706714749336243,1,,,,
D3_04352,G_03922,en,E5x_pooled,0,0.9697781205177307,1,,,,
D3_04353,G_03923,en,E5x_pooled,0,0.972761869430542,1,,,,
D3_04354,G_03924,en,E5x_pooled,0,0.971396803855896,1,,,,
D3_04355,G_03925,en,E5x_pooled,0,0.9687209129333496,1,,,,
D3_04356,G_03926,en,E5x_pooled,0,0.97356116771698,1,,,,
D3_04357,G_03927,en,E5x_pooled,0,0.9602932333946228,1,,,,
D3_04358,G_03928,en,E5x_pooled,0,0.9739661812782288,1,,,,
D3_04439,G_03929,en,E5x_pooled,0,0.9325523972511292,1,,,,
D3_04440,G_03930,en,E5x_pooled,0,0.622139036655426,1,,,,
D3_04441,G_03931,en,E5x_pooled,0,0.9508923888206482,1,,,,
D3_04442,G_03932,en,E5x_pooled,0,0.973501980304718,1,,,,
D3_04443,G_03933,en,E5x_pooled,0,0.9654707908630371,1,,,,
D3_04444,G_03934,en,E5x_pooled,0,0.9713876247406006,1,,,,
D3_04445,G_03935,en,E5x_pooled,0,0.9405623078346252,1,,,,
D3_04446,G_03936,en,E5x_pooled,0,0.9627206921577454,1,,,,
D3_04447,G_03937,en,E5x_pooled,0,0.9493498206138611,1,,,,
D3_04448,G_02866,en,E5x_pooled,0,0.9744121432304382,1,,,,
D3_04449,G_03939,en,E5x_pooled,0,0.9682338833808899,1,,,,
D3_04450,G_02865,en,E5x_pooled,0,0.9700741767883301,1,,,,
D3_04451,G_03941,en,E5x_pooled,0,0.962213397026062,1,,,,
D3_04452,G_02855,en,E5x_pooled,0,0.9570258259773254,1,,,,
D3_04453,G_03943,en,E5x_pooled,0,0.9638609290122986,1,,,,
D3_04454,G_02866,en,E5x_pooled,0,0.9733668565750122,1,,,,
D3_04455,G_03945,en,E5x_pooled,0,0.9746677875518799,1,,,,
D3_04457,G_03946,en,E5x_pooled,0,0.9549661874771118,1,,,,
D3_04458,G_03947,en,E5x_pooled,0,0.967272162437439,1,,,,
D3_04459,G_03948,en,E5x_pooled,0,0.9607830047607422,1,,,,
D3_04460,G_03949,en,E5x_pooled,0,0.9733641743659973,1,,,,
D3_04462,G_03950,en,E5x_pooled,0,0.9726668000221252,1,,,,
D3_04463,G_03951,en,E5x_pooled,0,0.9357263445854187,1,,,,
D3_04464,G_03952,en,E5x_pooled,0,0.958641767501831,1,,,,
D3_04465,G_03953,en,E5x_pooled,0,0.9555455446243286,1,,,,
D3_04466,G_03954,en,E5x_pooled,0,0.9663215279579163,1,,,,
D3_04467,G_03955,en,E5x_pooled,0,0.9649280905723572,1,,,,
D3_04468,G_02865,en,E5x_pooled,0,0.9631844162940979,1,,,,
D3_04469,G_03957,en,E5x_pooled,0,0.862766683101654,1,,,,
D3_04470,G_03958,en,E5x_pooled,0,0.9579921960830688,1,,,,
D3_04471,G_03959,en,E5x_pooled,0,0.9620546102523804,1,,,,
D3_04472,G_03960,en,E5x_pooled,0,0.9728514552116394,1,,,,
D3_04473,G_03961,en,E5x_pooled,0,0.9663960933685303,1,,,,
D3_04474,G_03962,en,E5x_pooled,0,0.9728073477745056,1,,,,
D3_04555,G_03963,en,E5x_pooled,0,0.9787710309028625,1,,,,
D3_04556,G_03964,en,E5x_pooled,0,0.9782919883728027,1,,,,
D3_04557,G_03965,en,E5x_pooled,0,0.9618712663650513,1,,,,
D3_04558,G_03966,en,E5x_pooled,0,0.9630322456359863,1,,,,
D3_04559,G_03967,en,E5x_pooled,0,0.9787487387657166,1,,,,
D3_04560,G_03968,en,E5x_pooled,0,0.9769381284713745,1,,,,
D3_04561,G_01667,en,E5x_pooled,0,0.9787357449531555,1,,,,
D3_04562,G_01663,en,E5x_pooled,0,0.9795235991477966,1,,,,
D3_04563,G_01666,en,E5x_pooled,0,0.9694957733154297,1,,,,
D3_04564,G_01691,en,E5x_pooled,0,0.977680504322052,1,,,,
D3_04565,G_01679,en,E5x_pooled,0,0.978286623954773,1,,,,
D3_04566,G_02971,en,E5x_pooled,0,0.9782695770263672,1,,,,
D3_04567,G_03975,en,E5x_pooled,0,0.9736286401748657,1,,,,
D3_04568,G_03976,en,E5x_pooled,0,0.9774395227432251,1,,,,
D3_04569,G_03977,en,E5x_pooled,0,0.9657590389251709,1,,,,
D3_04570,G_03978,en,E5x_pooled,0,0.9748479723930359,1,,,,
D3_04571,G_03979,en,E5x_pooled,0,0.9755789041519165,1,,,,
D3_04572,G_03980,en,E5x_pooled,0,0.9770737290382385,1,,,,
D3_04573,G_03544,en,E5x_pooled,0,0.9772520065307617,1,,,,
D3_04574,G_01663,en,E5x_pooled,0,0.9775336384773254,1,,,,
D3_04575,G_03983,en,E5x_pooled,0,0.969127893447876,1,,,,
D3_04576,G_01691,en,E5x_pooled,0,0.9784093499183655,1,,,,
D3_04577,G_01679,en,E5x_pooled,0,0.9774270057678223,1,,,,
D3_04578,G_02971,en,E5x_pooled,0,0.9789150357246399,1,,,,
D3_04579,G_03987,en,E5x_pooled,0,0.9769259095191956,1,,,,
D3_04580,G_03988,en,E5x_pooled,0,0.9792360663414001,1,,,,
D3_04581,G_03989,en,E5x_pooled,0,0.9572353959083557,1,,,,
D3_04582,G_03990,en,E5x_pooled,0,0.9781242609024048,1,,,,
D3_04583,G_03991,en,E5x_pooled,0,0.9779627919197083,1,,,,
D3_04584,G_03992,en,E5x_pooled,0,0.9756215810775757,1,,,,
D3_04585,G_03993,en,E5x_pooled,0,0.976608157157898,1,,,,
D3_04586,G_03994,en,E5x_pooled,0,0.9714575409889221,1,,,,
D3_04587,G_03995,en,E5x_pooled,0,0.8840972185134888,1,,,,
D3_04588,G_03996,en,E5x_pooled,0,0.9773467183113098,1,,,,
D3_04589,G_03997,en,E5x_pooled,0,0.9763644337654114,1,,,,
D3_04590,G_03998,en,E5x_pooled,0,0.9767748713493347,1,,,,
D3_04671,G_03999,en,E5x_pooled,0,0.9718871712684631,1,,,,
D3_04672,G_04000,en,E5x_pooled,0,0.9741747379302979,1,,,,
D3_04673,G_04001,en,E5x_pooled,0,0.9757274389266968,1,,,,
D3_04674,G_04002,en,E5x_pooled,0,0.9765739440917969,1,,,,
D3_04675,G_04003,en,E5x_pooled,0,0.974722146987915,1,,,,
D3_04676,G_04004,en,E5x_pooled,0,0.977327823638916,1,,,,
D3_04677,G_01816,en,E5x_pooled,0,0.9763405919075012,1,,,,
D3_04678,G_03023,en,E5x_pooled,0,0.9776026606559753,1,,,,
D3_04679,G_03579,en,E5x_pooled,0,0.9765592813491821,1,,,,
D3_04680,G_01819,en,E5x_pooled,0,0.9789239764213562,1,,,,
D3_04681,G_01794,en,E5x_pooled,0,0.9781618118286133,1,,,,
D3_04682,G_03045,en,E5x_pooled,0,0.9768176078796387,1,,,,
D3_04683,G_04011,en,E5x_pooled,0,0.9752232432365417,1,,,,
D3_04684,G_04012,en,E5x_pooled,0,0.9720749258995056,1,,,,
D3_04685,G_03579,en,E5x_pooled,0,0.9771073460578918,1,,,,
D3_04686,G_04014,en,E5x_pooled,0,0.9766579866409302,1,,,,
D3_04687,G_04015,en,E5x_pooled,0,0.9770458340644836,1,,,,
D3_04689,G_01816,en,E5x_pooled,0,0.9775095582008362,1,,,,
D3_04690,G_03578,en,E5x_pooled,0,0.9776081442832947,1,,,,
D3_04691,G_03579,en,E5x_pooled,0,0.9768952131271362,1,,,,
D3_04692,G_01819,en,E5x_pooled,0,0.9784277677536011,1,,,,
D3_04693,G_03581,en,E5x_pooled,0,0.9783226251602173,1,,,,
D3_04695,G_04021,en,E5x_pooled,0,0.9759864211082458,1,,,,
D3_04696,G_03023,en,E5x_pooled,0,0.9773918390274048,1,,,,
D3_04697,G_03579,en,E5x_pooled,0,0.9748687148094177,1,,,,
D3_04698,G_04024,en,E5x_pooled,0,0.9796410799026489,1,,,,
D3_04699,G_04025,en,E5x_pooled,0,0.9768635630607605,1,,,,
D3_04701,G_04026,en,E5x_pooled,0,0.975951075553894,1,,,,
D3_04702,G_04027,en,E5x_pooled,0,0.9696897864341736,1,,,,
D3_04703,G_04028,en,E5x_pooled,0,0.9760170578956604,1,,,,
D3_04704,G_04029,en,E5x_pooled,0,0.9761016964912415,1,,,,
D3_04705,G_04030,en,E5x_pooled,0,0.978044331073761,1,,,,
D3_04706,G_04031,en,E5x_pooled,0,0.9772341251373291,1,,,,
D3_04787,G_04032,en,E5x_pooled,0,0.9725897312164307,1,,,,
D3_04788,G_04033,en,E5x_pooled,0,0.9671635627746582,1,,,,
D3_04789,G_04034,en,E5x_pooled,0,0.9724852442741394,1,,,,
D3_04790,G_04035,en,E5x_pooled,0,0.9717879891395569,1,,,,
D3_04791,G_04036,en,E5x_pooled,0,0.9773732423782349,1,,,,
D3_04792,G_04037,en,E5x_pooled,0,0.9737600684165955,1,,,,
D3_04793,G_01890,en,E5x_pooled,0,0.9717406034469604,1,,,,
D3_04794,G_01896,en,E5x_pooled,0,0.9718029499053955,1,,,,
D3_04795,G_01899,en,E5x_pooled,0,0.9749211668968201,1,,,,
D3_04796,G_01907,en,E5x_pooled,0,0.9720626473426819,1,,,,
D3_04797,G_01902,en,E5x_pooled,0,0.9788784980773926,1,,,,
D3_04798,G_03603,en,E5x_pooled,0,0.976875901222229,1,,,,
D3_04799,G_04044,en,E5x_pooled,0,0.971838653087616,1,,,,
D3_04800,G_04045,en,E5x_pooled,0,0.9466385245323181,1,,,,
D3_04801,G_04046,en,E5x_pooled,0,0.9727243185043335,1,,,,
D3_04802,G_04047,en,E5x_pooled,0,0.9720564484596252,1,,,,
D3_04803,G_04048,en,E5x_pooled,0,0.979105532169342,1,,,,
D3_04804,G_04049,en,E5x_pooled,0,0.9745422005653381,1,,,,
D3_04806,G_01896,en,E5x_pooled,0,0.9717921614646912,1,,,,
D3_04807,G_01899,en,E5x_pooled,0,0.9746221303939819,1,,,,
D3_04809,G_01902,en,E5x_pooled,0,0.9782401919364929,1,,,,
D3_04811,G_04053,en,E5x_pooled,0,0.9722080826759338,1,,,,
D3_04812,G_04054,en,E5x_pooled,0,0.9719770550727844,1,,,,
D3_04813,G_04055,en,E5x_pooled,0,0.9708859324455261,1,,,,
D3_04814,G_04056,en,E5x_pooled,0,0.9732611775398254,1,,,,
D3_04815,G_04057,en,E5x_pooled,0,0.9787040948867798,1,,,,
D3_04816,G_04058,en,E5x_pooled,0,0.975397527217865,1,,,,
D3_04817,G_04059,en,E5x_pooled,0,0.9720479846000671,1,,,,
D3_04818,G_04060,en,E5x_pooled,0,0.9128762483596802,1,,,,
D3_04819,G_04061,en,E5x_pooled,0,0.9733957648277283,1,,,,
D3_04820,G_04062,en,E5x_pooled,0,0.9689554572105408,1,,,,
D3_04821,G_04063,en,E5x_pooled,0,0.9773933291435242,1,,,,
D3_04822,G_04064,en,E5x_pooled,0,0.9748945832252502,1,,,,
D3_04903,G_04065,en,E5x_pooled,0,0.9722718596458435,1,,,,
D3_04905,G_04066,en,E5x_pooled,0,0.9736196994781494,1,,,,
D3_04906,G_04067,en,E5x_pooled,0,0.9797097444534302,1,,,,
D3_04907,G_04068,en,E5x_pooled,0,0.9713463187217712,1,,,,
D3_04908,G_04069,en,E5x_pooled,0,0.9758279323577881,1,,,,
D3_04909,G_02011,en,E5x_pooled,0,0.9733510613441467,1,,,,
D3_04910,G_02008,en,E5x_pooled,0,0.9722355604171753,1,,,,
D3_04911,G_03634,en,E5x_pooled,0,0.9750416278839111,1,,,,
D3_04912,G_02020,en,E5x_pooled,0,0.9782654643058777,1,,,,
D3_04913,G_04084,en,E5x_pooled,0,0.9728865027427673,1,,,,
D3_04914,G_02015,en,E5x_pooled,0,0.9772431254386902,1,,,,
D3_04915,G_04076,en,E5x_pooled,0,0.9725395441055298,1,,,,
D3_04916,G_04077,en,E5x_pooled,0,0.969889223575592,1,,,,
D3_04917,G_04078,en,E5x_pooled,0,0.9766849279403687,1,,,,
D3_04918,G_04079,en,E5x_pooled,0,0.9794092774391174,1,,,,
D3_04919,G_04080,en,E5x_pooled,0,0.9758704900741577,1,,,,
D3_04920,G_04081,en,E5x_pooled,0,0.9750842452049255,1,,,,
D3_04921,G_03126,en,E5x_pooled,0,0.9755316972732544,1,,,,
D3_04924,G_02020,en,E5x_pooled,0,0.9778598546981812,1,,,,
D3_04925,G_04084,en,E5x_pooled,0,0.9737052321434021,1,,,,
D3_04927,G_04085,en,E5x_pooled,0,0.973125696182251,1,,,,
D3_04928,G_04086,en,E5x_pooled,0,0.9739587306976318,1,,,,
D3_04929,G_04087,en,E5x_pooled,0,0.9755119681358337,1,,,,
D3_04930,G_04088,en,E5x_pooled,0,0.9790534377098083,1,,,,
D3_04931,G_04089,en,E5x_pooled,0,0.9733493328094482,1,,,,
D3_04932,G_04090,en,E5x_pooled,0,0.9753069281578064,1,,,,
D3_04933,G_04091,en,E5x_pooled,0,0.9598056077957153,1,,,,
D3_04934,G_04092,en,E5x_pooled,0,0.9749023914337158,1,,,,
D3_04935,G_04093,en,E5x_pooled,0,0.9764969944953918,1,,,,
D3_04936,G_04094,en,E5x_pooled,0,0.9770681858062744,1,,,,
D3_04937,G_04095,en,E5x_pooled,0,0.9728794097900391,1,,,,
D3_04938,G_04096,en,E5x_pooled,0,0.9789103865623474,1,,,,
D3_05020,G_04097,en,E5x_pooled,0,0.9749262928962708,1,,,,
D3_05021,G_04098,en,E5x_pooled,0,0.9677387475967407,1,,,,
D3_05022,G_04099,en,E5x_pooled,0,0.9663999676704407,1,,,,
D3_05023,G_04100,en,E5x_pooled,0,0.975033700466156,1,,,,
D3_05024,G_04101,en,E5x_pooled,0,0.9763058423995972,1,,,,
D3_05025,G_04102,en,E5x_pooled,0,0.9759589433670044,1,,,,
D3_05026,G_02120,en,E5x_pooled,0,0.9697837233543396,1,,,,
D3_05027,G_02154,en,E5x_pooled,0,0.9673075079917908,1,,,,
D3_05028,G_02119,en,E5x_pooled,0,0.9690935015678406,1,,,,
D3_05029,G_04106,en,E5x_pooled,0,0.976760983467102,1,,,,
D3_05030,G_02133,en,E5x_pooled,0,0.975451648235321,1,,,,
D3_05031,G_03168,en,E5x_pooled,0,0.9766885638237,1,,,,
D3_05032,G_04109,en,E5x_pooled,0,0.9730445146560669,1,,,,
D3_05033,G_04110,en,E5x_pooled,0,0.9623101949691772,1,,,,
D3_05034,G_04111,en,E5x_pooled,0,0.9477452635765076,1,,,,
D3_05035,G_04112,en,E5x_pooled,0,0.9770205020904541,1,,,,
D3_05036,G_02133,en,E5x_pooled,0,0.9776065349578857,1,,,,
D3_05037,G_04114,en,E5x_pooled,0,0.9771336317062378,1,,,,
D3_05040,G_03159,en,E5x_pooled,0,0.9738959670066833,1,,,,
D3_05041,G_04106,en,E5x_pooled,0,0.9770135283470154,1,,,,
D3_05044,G_04117,en,E5x_pooled,0,0.9637349247932434,1,,,,
D3_05045,G_04118,en,E5x_pooled,0,0.9532250165939331,1,,,,
D3_05046,G_04119,en,E5x_pooled,0,0.9689017534255981,1,,,,
D3_05047,G_04120,en,E5x_pooled,0,0.9765244722366333,1,,,,
D3_05048,G_02133,en,E5x_pooled,0,0.9788321256637573,1,,,,
D3_05049,G_04122,en,E5x_pooled,0,0.9759188294410706,1,,,,
D3_05050,G_04123,en,E5x_pooled,0,0.970824122428894,1,,,,
D3_05051,G_04124,en,E5x_pooled,0,0.8437703847885132,1,,,,
D3_05052,G_04125,en,E5x_pooled,0,0.9505841135978699,1,,,,
D3_05053,G_04126,en,E5x_pooled,0,0.9781314730644226,1,,,,
D3_05054,G_04127,en,E5x_pooled,0,0.9755960702896118,1,,,,
D3_05055,G_04128,en,E5x_pooled,0,0.9771376848220825,1,,,,
D3_05137,G_04129,en,E5x_pooled,0,0.9744458794593811,1,,,,
D3_05138,G_04130,en,E5x_pooled,0,0.9710727334022522,1,,,,
D3_05139,G_04131,en,E5x_pooled,0,0.9652984738349915,1,,,,
D3_05140,G_04132,en,E5x_pooled,0,0.9784997701644897,1,,,,
D3_05141,G_04133,en,E5x_pooled,0,0.9697365164756775,1,,,,
D3_05142,G_03717,en,E5x_pooled,0,0.9719288349151611,1,,,,
D3_05143,G_02238,en,E5x_pooled,0,0.9764888882637024,1,,,,
D3_05144,G_02241,en,E5x_pooled,0,0.9707411527633667,1,,,,
D3_05145,G_02242,en,E5x_pooled,0,0.9711297154426575,1,,,,
D3_05146,G_02252,en,E5x_pooled,0,0.9770625829696655,1,,,,
D3_05147,G_02278,en,E5x_pooled,0,0.9726632833480835,1,,,,
D3_05148,G_03717,en,E5x_pooled,0,0.9738150238990784,1,,,,
D3_05149,G_04141,en,E5x_pooled,0,0.975371778011322,1,,,,
D3_05150,G_04142,en,E5x_pooled,0,0.9674657583236694,1,,,,
D3_05151,G_04143,en,E5x_pooled,0,0.9593890309333801,1,,,,
D3_05152,G_02252,en,E5x_pooled,0,0.977245032787323,1,,,,
D3_05153,G_04145,en,E5x_pooled,0,0.9744911789894104,1,,,,
D3_05154,G_03717,en,E5x_pooled,0,0.9710602760314941,1,,,,
D3_05155,G_03202,en,E5x_pooled,0,0.976118266582489,1,,,,
D3_05159,G_02278,en,E5x_pooled,0,0.9720635414123535,1,,,,
D3_05160,G_03717,en,E5x_pooled,0,0.9738033413887024,1,,,,
D3_05161,G_04150,en,E5x_pooled,0,0.9753715395927429,1,,,,
D3_05162,G_04151,en,E5x_pooled,0,0.9486685991287231,1,,,,
D3_05163,G_04152,en,E5x_pooled,0,0.9702151417732239,1,,,,
D3_05164,G_02252,en,E5x_pooled,0,0.977297306060791,1,,,,
D3_05165,G_04154,en,E5x_pooled,0,0.9746783375740051,1,,,,
D3_05166,G_03790,en,E5x_pooled,0,0.9728416204452515,1,,,,
D3_05167,G_04156,en,E5x_pooled,0,0.9764713048934937,1,,,,
D3_05168,G_04157,en,E5x_pooled,0,0.9362198710441589,1,,,,
D3_05169,G_04158,en,E5x_pooled,0,0.9657580256462097,1,,,,
D3_05170,G_04159,en,E5x_pooled,0,0.9786834716796875,1,,,,
D3_05171,G_04160,en,E5x_pooled,0,0.9728142023086548,1,,,,
D3_05172,G_04161,en,E5x_pooled,0,0.966180145740509,1,,,,
D3_05253,G_04162,en,E5x_pooled,0,0.9128625392913818,1,,,,
D3_05254,G_04163,en,E5x_pooled,0,0.9558951258659363,1,,,,
D3_05255,G_04164,en,E5x_pooled,0,0.9122511148452759,1,,,,
D3_05256,G_04165,en,E5x_pooled,0,0.9666034579277039,1,,,,
D3_05257,G_04166,en,E5x_pooled,0,0.9756755828857422,1,,,,
D3_05258,G_04167,en,E5x_pooled,0,0.974743127822876,1,,,,
D3_05259,G_04180,en,E5x_pooled,0,0.9759352803230286,1,,,,
D3_05260,G_02357,en,E5x_pooled,0,0.9732555150985718,1,,,,
D3_05261,G_02353,en,E5x_pooled,0,0.9752103090286255,1,,,,
D3_05262,G_02363,en,E5x_pooled,0,0.976111888885498,1,,,,
D3_05263,G_03228,en,E5x_pooled,0,0.9739316701889038,1,,,,
D3_05264,G_02366,en,E5x_pooled,0,0.975068986415863,1,,,,
D3_05265,G_04180,en,E5x_pooled,0,0.9713638424873352,1,,,,
D3_05266,G_04175,en,E5x_pooled,0,0.9644924998283386,1,,,,
D3_05267,G_04176,en,E5x_pooled,0,0.9660966992378235,1,,,,
D3_05268,G_04177,en,E5x_pooled,0,0.9751063585281372,1,,,,
D3_05269,G_04178,en,E5x_pooled,0,0.9764482378959656,1,,,,
D3_05270,G_04179,en,E5x_pooled,0,0.9676554799079895,1,,,,
D3_05271,G_04180,en,E5x_pooled,0,0.9751684665679932,1,,,,
D3_05272,G_04181,en,E5x_pooled,0,0.9732305407524109,1,,,,
D3_05273,G_02353,en,E5x_pooled,0,0.9754795432090759,1,,,,
D3_05274,G_04183,en,E5x_pooled,0,0.9746983647346497,1,,,,
D3_05276,G_04184,en,E5x_pooled,0,0.9760865569114685,1,,,,
D3_05277,G_04185,en,E5x_pooled,0,0.9636237621307373,1,,,,
D3_05278,G_04186,en,E5x_pooled,0,0.9728968143463135,1,,,,
D3_05279,G_04187,en,E5x_pooled,0,0.9695666432380676,1,,,,
D3_05280,G_04188,en,E5x_pooled,0,0.9645482897758484,1,,,,
D3_05281,G_04189,en,E5x_pooled,0,0.9743547439575195,1,,,,
D3_05282,G_04190,en,E5x_pooled,0,0.9664855003356934,1,,,,
D3_05283,G_04191,en,E5x_pooled,0,0.9130444526672363,1,,,,
D3_05284,G_04192,en,E5x_pooled,0,0.933027446269989,1,,,,
D3_05285,G_04193,en,E5x_pooled,0,0.9285280108451843,1,,,,
D3_05286,G_04194,en,E5x_pooled,0,0.9654837846755981,1,,,,
D3_05287,G_04195,en,E5x_pooled,0,0.9749676585197449,1,,,,
D3_05288,G_04196,en,E5x_pooled,0,0.9420951008796692,1,,,,
D3_05370,G_04197,en,E5x_pooled,0,0.973669171333313,1,,,,
D3_05371,G_04198,en,E5x_pooled,0,0.9694432616233826,1,,,,
D3_05372,G_04199,en,E5x_pooled,0,0.9699623584747314,1,,,,
D3_05373,G_04200,en,E5x_pooled,0,0.9728425145149231,1,,,,
D3_05374,G_04201,en,E5x_pooled,0,0.9705982804298401,1,,,,
D3_05375,G_04202,en,E5x_pooled,0,0.9777929782867432,1,,,,
D3_05377,G_02241,en,E5x_pooled,0,0.9709329009056091,1,,,,
D3_05378,G_04204,en,E5x_pooled,0,0.9713780283927917,1,,,,
D3_05379,G_02277,en,E5x_pooled,0,0.9744052290916443,1,,,,
D3_05380,G_03717,en,E5x_pooled,0,0.9736734628677368,1,,,,
D3_05381,G_02252,en,E5x_pooled,0,0.9767333269119263,1,,,,
D3_05382,G_04208,en,E5x_pooled,0,0.9771058559417725,1,,,,
D3_05383,G_04209,en,E5x_pooled,0,0.9737902283668518,1,,,,
D3_05384,G_02242,en,E5x_pooled,0,0.9661919474601746,1,,,,
D3_05385,G_04211,en,E5x_pooled,0,0.9747787714004517,1,,,,
D3_05386,G_04212,en,E5x_pooled,0,0.9748224020004272,1,,,,
D3_05387,G_02252,en,E5x_pooled,0,0.9776192903518677,1,,,,
D3_05391,G_02277,en,E5x_pooled,0,0.9750892519950867,1,,,,
D3_05393,G_02252,en,E5x_pooled,0,0.9756894111633301,1,,,,
D3_05394,G_02238,en,E5x_pooled,0,0.9772101044654846,1,,,,
D3_05395,G_04217,en,E5x_pooled,0,0.9684269428253174,1,,,,
D3_05396,G_04218,en,E5x_pooled,0,0.9672867655754089,1,,,,
D3_05397,G_04219,en,E5x_pooled,0,0.970106840133667,1,,,,
D3_05398,G_03717,en,E5x_pooled,0,0.9725922346115112,1,,,,
D3_05399,G_04221,en,E5x_pooled,0,0.977059543132782,1,,,,
D3_05400,G_04222,en,E5x_pooled,0,0.9734976887702942,1,,,,
D3_05401,G_04223,en,E5x_pooled,0,0.9683052897453308,1,,,,
D3_05402,G_04224,en,E5x_pooled,0,0.9599580764770508,1,,,,
D3_05403,G_04225,en,E5x_pooled,0,0.9727364778518677,1,,,,
D3_05404,G_04226,en,E5x_pooled,0,0.970024049282074,1,,,,
D3_05405,G_04227,en,E5x_pooled,0,0.9771604537963867,1,,,,
D3_05486,G_04228,en,E5x_pooled,0,0.973469078540802,1,,,,
D3_05487,G_04229,en,E5x_pooled,0,0.9531214833259583,1,,,,
D3_05488,G_04230,en,E5x_pooled,0,0.9705274105072021,1,,,,
D3_05489,G_04231,en,E5x_pooled,0,0.9747267961502075,1,,,,
D3_05490,G_04232,en,E5x_pooled,0,0.9754722714424133,1,,,,
D3_05491,G_04233,en,E5x_pooled,0,0.9748084545135498,1,,,,
D3_05492,G_03310,en,E5x_pooled,0,0.9734308123588562,1,,,,
D3_05493,G_02501,en,E5x_pooled,0,0.9653569459915161,1,,,,
D3_05494,G_02493,en,E5x_pooled,0,0.9734452366828918,1,,,,
D3_05495,G_03808,en,E5x_pooled,0,0.9731875658035278,1,,,,
D3_05496,G_02507,en,E5x_pooled,0,0.9754129648208618,1,,,,
D3_05497,G_02510,en,E5x_pooled,0,0.9764782190322876,1,,,,
D3_05498,G_04240,en,E5x_pooled,0,0.9752121567726135,1,,,,
D3_05499,G_04241,en,E5x_pooled,0,0.9715968370437622,1,,,,
D3_05500,G_02493,en,E5x_pooled,0,0.9732877016067505,1,,,,
D3_05501,G_04243,en,E5x_pooled,0,0.973960280418396,1,,,,
D3_05502,G_04244,en,E5x_pooled,0,0.974840521812439,1,,,,
D3_05503,G_04245,en,E5x_pooled,0,0.9760125279426575,1,,,,
D3_05505,G_04246,en,E5x_pooled,0,0.9656707644462585,1,,,,
D3_05506,G_04247,en,E5x_pooled,0,0.9738551378250122,1,,,,
D3_05507,G_04248,en,E5x_pooled,0,0.975996196269989,1,,,,
D3_05508,G_04249,en,E5x_pooled,0,0.9763261675834656,1,,,,
D3_05509,G_04250,en,E5x_pooled,0,0.9773226976394653,1,,,,
D3_05510,G_04251,en,E5x_pooled,0,0.97260981798172,1,,,,
D3_05511,G_04252,en,E5x_pooled,0,0.9615483283996582,1,,,,
D3_05512,G_04253,en,E5x_pooled,0,0.9732557535171509,1,,,,
D3_05513,G_04254,en,E5x_pooled,0,0.9729814529418945,1,,,,
D3_05514,G_04255,en,E5x_pooled,0,0.9742414951324463,1,,,,
D3_05515,G_04256,en,E5x_pooled,0,0.9774639010429382,1,,,,
D3_05516,G_04257,en,E5x_pooled,0,0.9757490158081055,1,,,,
D3_05517,G_04258,en,E5x_pooled,0,0.9699535965919495,1,,,,
D3_05518,G_04259,en,E5x_pooled,0,0.9753136038780212,1,,,,
D3_05519,G_04260,en,E5x_pooled,0,0.9712851643562317,1,,,,
D3_05520,G_04261,en,E5x_pooled,0,0.9762921929359436,1,,,,
D3_05521,G_04262,en,E5x_pooled,0,0.9758121371269226,1,,,,
D3_05602,G_04263,en,E5x_pooled,0,0.9769236445426941,1,,,,
D3_05603,G_04264,en,E5x_pooled,0,0.9743152856826782,1,,,,
D3_05604,G_04265,en,E5x_pooled,0,0.9763859510421753,1,,,,
D3_05605,G_04266,en,E5x_pooled,0,0.9779826402664185,1,,,,
D3_05606,G_04267,en,E5x_pooled,0,0.9788838624954224,1,,,,
D3_05607,G_04268,en,E5x_pooled,0,0.9785088896751404,1,,,,
D3_05608,G_04269,en,E5x_pooled,0,0.9758033752441406,1,,,,
D3_05609,G_03339,en,E5x_pooled,0,0.9766051769256592,1,,,,
D3_05610,G_04271,en,E5x_pooled,0,0.9760414958000183,1,,,,
D3_05611,G_02615,en,E5x_pooled,0,0.9790734052658081,1,,,,
D3_05612,G_02621,en,E5x_pooled,0,0.9781055450439453,1,,,,
D3_05613,G_02617,en,E5x_pooled,0,0.9784488677978516,1,,,,
D3_05614,G_02610,en,E5x_pooled,0,0.9776545166969299,1,,,,
D3_05615,G_03339,en,E5x_pooled,0,0.9763111472129822,1,,,,
D3_05616,G_04277,en,E5x_pooled,0,0.9772936701774597,1,,,,
D3_05617,G_04278,en,E5x_pooled,0,0.9785803556442261,1,,,,
D3_05618,G_02621,en,E5x_pooled,0,0.9784501194953918,1,,,,
D3_05619,G_02617,en,E5x_pooled,0,0.9787254929542542,1,,,,
D3_05620,G_04281,en,E5x_pooled,0,0.9775044322013855,1,,,,
D3_05621,G_02641,en,E5x_pooled,0,0.9765157103538513,1,,,,
D3_05622,G_04283,en,E5x_pooled,0,0.9775322675704956,1,,,,
D3_05624,G_04284,en,E5x_pooled,0,0.9773509502410889,1,,,,
D3_05625,G_03366,en,E5x_pooled,0,0.977250874042511,1,,,,
D3_05626,G_04286,en,E5x_pooled,0,0.9787343740463257,1,,,,
D3_05627,G_04287,en,E5x_pooled,0,0.9771596789360046,1,,,,
D3_05628,G_04288,en,E5x_pooled,0,0.9758836627006531,1,,,,
D3_05629,G_04289,en,E5x_pooled,0,0.9791770577430725,1,,,,
D3_05630,G_04290,en,E5x_pooled,0,0.9744898080825806,1,,,,
D3_05631,G_04291,en,E5x_pooled,0,0.9764201641082764,1,,,,
D3_05632,G_04292,en,E5x_pooled,0,0.9724153280258179,1,,,,
D3_05633,G_04293,en,E5x_pooled,0,0.9786596894264221,1,,,,
D3_05634,G_04294,en,E5x_pooled,0,0.9739039540290833,1,,,,
D3_05635,G_04295,en,E5x_pooled,0,0.9790191650390625,1,,,,
D3_05636,G_04296,en,E5x_pooled,0,0.9767067432403564,1,,,,
D3_05637,G_04297,en,E5x_pooled,0,0.9780038595199585,1,,,,
D3_05718,G_04298,en,E5x_pooled,0,0.9717226028442383,1,,,,
D3_05719,G_04299,en,E5x_pooled,0,0.9702994227409363,1,,,,
D3_05720,G_04300,en,E5x_pooled,0,0.9669432640075684,1,,,,
D3_05721,G_04301,en,E5x_pooled,0,0.974577784538269,1,,,,
D3_05722,G_04302,en,E5x_pooled,0,0.974002480506897,1,,,,
D3_05723,G_04303,en,E5x_pooled,0,0.9740800857543945,1,,,,
D3_05724,G_04304,en,E5x_pooled,0,0.973755419254303,1,,,,
D3_05725,G_03384,en,E5x_pooled,0,0.9712620973587036,1,,,,
D3_05726,G_03382,en,E5x_pooled,0,0.9695404171943665,1,,,,
D3_05727,G_02760,en,E5x_pooled,0,0.9745277166366577,1,,,,
D3_05728,G_04308,en,E5x_pooled,0,0.9760924577713013,1,,,,
D3_05729,G_04309,en,E5x_pooled,0,0.9735562801361084,1,,,,
D3_05730,G_04310,en,E5x_pooled,0,0.9706746339797974,1,,,,
D3_05731,G_04311,en,E5x_pooled,0,0.9732945561408997,1,,,,
D3_05732,G_04312,en,E5x_pooled,0,0.9664875268936157,1,,,,
D3_05733,G_04313,en,E5x_pooled,0,0.9770128726959229,1,,,,
D3_05734,G_04314,en,E5x_pooled,0,0.9728595614433289,1,,,,
D3_05735,G_04315,en,E5x_pooled,0,0.9750863313674927,1,,,,
D3_05736,G_02758,en,E5x_pooled,0,0.9740685224533081,1,,,,
D3_05737,G_04317,en,E5x_pooled,0,0.9720279574394226,1,,,,
D3_05738,G_04318,en,E5x_pooled,0,0.9735805988311768,1,,,,
D3_05739,G_02760,en,E5x_pooled,0,0.9759405255317688,1,,,,
D3_05740,G_04320,en,E5x_pooled,0,0.9759147763252258,1,,,,
D3_05742,G_04321,en,E5x_pooled,0,0.9729406833648682,1,,,,
D3_05743,G_04322,en,E5x_pooled,0,0.9665987491607666,1,,,,
D3_05744,G_04323,en,E5x_pooled,0,0.9716327786445618,1,,,,
D3_05745,G_04324,en,E5x_pooled,0,0.9727139472961426,1,,,,
D3_05746,G_04325,en,E5x_pooled,0,0.9753416180610657,1,,,,
D3_05747,G_04326,en,E5x_pooled,0,0.9735952615737915,1,,,,
D3_05748,G_04327,en,E5x_pooled,0,0.9738132953643799,1,,,,
D3_05749,G_04328,en,E5x_pooled,0,0.9699330925941467,1,,,,
D3_05750,G_04329,en,E5x_pooled,0,0.969982922077179,1,,,,
D3_05751,G_04330,en,E5x_pooled,0,0.976059079170227,1,,,,
D3_05752,G_04331,en,E5x_pooled,0,0.9776257872581482,1,,,,
D3_05753,G_04332,en,E5x_pooled,0,0.9757747650146484,1,,,,
D3_05834,G_04333,en,E5x_pooled,0,0.969673752784729,1,,,,
D3_05835,G_04334,en,E5x_pooled,0,0.9747917056083679,1,,,,
D3_05836,G_04335,en,E5x_pooled,0,0.9648112058639526,1,,,,
D3_05837,G_04336,en,E5x_pooled,0,0.9763333201408386,1,,,,
D3_05838,G_04337,en,E5x_pooled,0,0.9710001349449158,1,,,,
D3_05839,G_04338,en,E5x_pooled,0,0.9703567624092102,1,,,,
D3_05840,G_04339,en,E5x_pooled,0,0.967048704624176,1,,,,
D3_05841,G_04340,en,E5x_pooled,0,0.9733335375785828,1,,,,
D3_05842,G_04341,en,E5x_pooled,0,0.9684907793998718,1,,,,
D3_05843,G_02735,en,E5x_pooled,0,0.9754898548126221,1,,,,
D3_05844,G_04343,en,E5x_pooled,0,0.9722856283187866,1,,,,
D3_05845,G_02760,en,E5x_pooled,0,0.9751911759376526,1,,,,
D3_05846,G_04345,en,E5x_pooled,0,0.9693403244018555,1,,,,
D3_05847,G_04346,en,E5x_pooled,0,0.9736745357513428,1,,,,
D3_05848,G_04347,en,E5x_pooled,0,0.9687927961349487,1,,,,
D3_05849,G_04348,en,E5x_pooled,0,0.9765421152114868,1,,,,
D3_05850,G_04349,en,E5x_pooled,0,0.9714664816856384,1,,,,
D3_05851,G_04350,en,E5x_pooled,0,0.9729793071746826,1,,,,
D3_05852,G_03882,en,E5x_pooled,0,0.9718434810638428,1,,,,
D3_05853,G_04352,en,E5x_pooled,0,0.9756563901901245,1,,,,
D3_05854,G_04353,en,E5x_pooled,0,0.967641294002533,1,,,,
D3_05855,G_04354,en,E5x_pooled,0,0.9747095704078674,1,,,,
D3_05858,G_04355,en,E5x_pooled,0,0.9676482081413269,1,,,,
D3_05859,G_04356,en,E5x_pooled,0,0.9736987948417664,1,,,,
D3_05860,G_04357,en,E5x_pooled,0,0.9661718010902405,1,,,,
D3_05861,G_04358,en,E5x_pooled,0,0.9771872162818909,1,,,,
D3_05862,G_04359,en,E5x_pooled,0,0.9770359396934509,1,,,,
D3_05863,G_04360,en,E5x_pooled,0,0.9722489714622498,1,,,,
D3_05864,G_04361,en,E5x_pooled,0,0.9683799743652344,1,,,,
D3_05865,G_04362,en,E5x_pooled,0,0.9757485389709473,1,,,,
D3_05866,G_04363,en,E5x_pooled,0,0.9759798049926758,1,,,,
D3_05867,G_04364,en,E5x_pooled,0,0.9771839380264282,1,,,,
D3_05868,G_04365,en,E5x_pooled,0,0.9724546670913696,1,,,,
D3_05869,G_04366,en,E5x_pooled,0,0.974942147731781,1,,,,
D3_05950,G_04367,en,E5x_pooled,0,0.9567500948905945,1,,,,
D3_05951,G_04368,en,E5x_pooled,0,0.9616785049438477,1,,,,
D3_05952,G_04369,en,E5x_pooled,0,0.9329848885536194,1,,,,
D3_05953,G_04370,en,E5x_pooled,0,0.9708799719810486,1,,,,
D3_05954,G_04371,en,E5x_pooled,0,0.9720625281333923,1,,,,
D3_05955,G_04372,en,E5x_pooled,0,0.9648763537406921,1,,,,
D3_05956,G_04373,en,E5x_pooled,0,0.955584704875946,1,,,,
D3_05957,G_04374,en,E5x_pooled,0,0.9626703262329102,1,,,,
D3_05958,G_04375,en,E5x_pooled,0,0.9552175998687744,1,,,,
D3_05959,G_04376,en,E5x_pooled,0,0.9723208546638489,1,,,,
D3_05960,G_04377,en,E5x_pooled,0,0.9729001522064209,1,,,,
D3_05961,G_04378,en,E5x_pooled,0,0.9693631529808044,1,,,,
D3_05962,G_04379,en,E5x_pooled,0,0.9577922821044922,1,,,,
D3_05963,G_04380,en,E5x_pooled,0,0.9615150094032288,1,,,,
D3_05964,G_04381,en,E5x_pooled,0,0.9638360142707825,1,,,,
D3_05965,G_03481,en,E5x_pooled,0,0.9733585119247437,1,,,,
D3_05966,G_04383,en,E5x_pooled,0,0.9684253931045532,1,,,,
D3_05967,G_04384,en,E5x_pooled,0,0.9605622291564941,1,,,,
D3_05968,G_04385,en,E5x_pooled,0,0.9592817425727844,1,,,,
D3_05969,G_04386,en,E5x_pooled,0,0.9685889482498169,1,,,,
D3_05970,G_04387,en,E5x_pooled,0,0.9656071662902832,1,,,,
D3_05972,G_04388,en,E5x_pooled,0,0.9750221371650696,1,,,,
D3_05973,G_02894,en,E5x_pooled,0,0.970544695854187,1,,,,
D3_05974,G_02862,en,E5x_pooled,0,0.9510345458984375,1,,,,
D3_05975,G_04391,en,E5x_pooled,0,0.9625034332275391,1,,,,
D3_05976,G_04392,en,E5x_pooled,0,0.9441924691200256,1,,,,
D3_05977,G_04393,en,E5x_pooled,0,0.9748038053512573,1,,,,
D3_05978,G_04394,en,E5x_pooled,0,0.9743384718894958,1,,,,
D3_05979,G_04395,en,E5x_pooled,0,0.9640663266181946,1,,,,
D3_05980,G_04396,en,E5x_pooled,0,0.9377415180206299,1,,,,
D3_05981,G_04397,en,E5x_pooled,0,0.9575309753417969,1,,,,
D3_05982,G_04398,en,E5x_pooled,0,0.9591953158378601,1,,,,
D3_05983,G_04399,en,E5x_pooled,0,0.9717698693275452,1,,,,
D3_05984,G_04400,en,E5x_pooled,0,0.9741955399513245,1,,,,
D3_05985,G_04401,en,E5x_pooled,0,0.9657744765281677,1,,,,
D3_06066,G_04402,en,E5x_pooled,0,0.9784706830978394,1,,,,
D3_06067,G_04403,en,E5x_pooled,0,0.9733789563179016,1,,,,
D3_06068,G_04404,en,E5x_pooled,0,0.9729167819023132,1,,,,
D3_06069,G_04405,en,E5x_pooled,0,0.9753744006156921,1,,,,
D3_06070,G_04406,en,E5x_pooled,0,0.977899432182312,1,,,,
D3_06071,G_04407,en,E5x_pooled,0,0.974025309085846,1,,,,
D3_06072,G_01667,en,E5x_pooled,0,0.9776610136032104,1,,,,
D3_06073,G_02959,en,E5x_pooled,0,0.9731414914131165,1,,,,
D3_06074,G_04410,en,E5x_pooled,0,0.9747554659843445,1,,,,
D3_06075,G_02977,en,E5x_pooled,0,0.9720808863639832,1,,,,
D3_06076,G_01676,en,E5x_pooled,0,0.9772670269012451,1,,,,
D3_06077,G_01698,en,E5x_pooled,0,0.9734442234039307,1,,,,
D3_06078,G_04414,en,E5x_pooled,0,0.9767087697982788,1,,,,
D3_06079,G_04415,en,E5x_pooled,0,0.9736160635948181,1,,,,
D3_06080,G_04416,en,E5x_pooled,0,0.9714836478233337,1,,,,
D3_06081,G_04417,en,E5x_pooled,0,0.973622739315033,1,,,,
D3_06082,G_01676,en,E5x_pooled,0,0.9763383269309998,1,,,,
D3_06083,G_04419,en,E5x_pooled,0,0.9681493043899536,1,,,,
D3_06084,G_01667,en,E5x_pooled,0,0.9771257638931274,1,,,,
D3_06085,G_02997,en,E5x_pooled,0,0.9765205979347229,1,,,,
D3_06086,G_01669,en,E5x_pooled,0,0.9767906665802002,1,,,,
D3_06087,G_02977,en,E5x_pooled,0,0.9715691804885864,1,,,,
D3_06088,G_01676,en,E5x_pooled,0,0.9763951301574707,1,,,,
D3_06089,G_01698,en,E5x_pooled,0,0.9726769328117371,1,,,,
D3_06090,G_04426,en,E5x_pooled,0,0.9726574420928955,1,,,,
D3_06091,G_04427,en,E5x_pooled,0,0.9783822298049927,1,,,,
D3_06092,G_04428,en,E5x_pooled,0,0.9794348478317261,1,,,,
D3_06093,G_04429,en,E5x_pooled,0,0.9695802927017212,1,,,,
D3_06094,G_04430,en,E5x_pooled,0,0.9758272171020508,1,,,,
D3_06095,G_04431,en,E5x_pooled,0,0.9743925929069519,1,,,,
D3_06096,G_04432,en,E5x_pooled,0,0.9604204297065735,1,,,,
D3_06097,G_04433,en,E5x_pooled,0,0.9770551919937134,1,,,,
D3_06098,G_04434,en,E5x_pooled,0,0.9783696532249451,1,,,,
D3_06099,G_04435,en,E5x_pooled,0,0.9704269170761108,1,,,,
D3_06100,G_04436,en,E5x_pooled,0,0.9750604629516602,1,,,,
D3_06101,G_04437,en,E5x_pooled,0,0.9715509414672852,1,,,,
D3_06182,G_04438,en,E5x_pooled,0,0.9500480890274048,1,,,,
D3_06183,G_04439,en,E5x_pooled,0,0.9728613495826721,1,,,,
D3_06184,G_04440,en,E5x_pooled,0,0.964445173740387,1,,,,
D3_06185,G_04441,en,E5x_pooled,0,0.9755550622940063,1,,,,
D3_06186,G_04442,en,E5x_pooled,0,0.9778447151184082,1,,,,
D3_06187,G_04443,en,E5x_pooled,0,0.9765997529029846,1,,,,
D3_06188,G_01783,en,E5x_pooled,0,0.9581385850906372,1,,,,
D3_06189,G_03579,en,E5x_pooled,0,0.9776870608329773,1,,,,
D3_06190,G_01816,en,E5x_pooled,0,0.9764518737792969,1,,,,
D3_06191,G_03045,en,E5x_pooled,0,0.9773024320602417,1,,,,
D3_06192,G_01819,en,E5x_pooled,0,0.9790483713150024,1,,,,
D3_06194,G_01783,en,E5x_pooled,0,0.9468308687210083,1,,,,
D3_06197,G_04450,en,E5x_pooled,0,0.9767165184020996,1,,,,
D3_06199,G_04451,en,E5x_pooled,0,0.9776496887207031,1,,,,
D3_06200,G_01783,en,E5x_pooled,0,0.9520444273948669,1,,,,
D3_06203,G_03058,en,E5x_pooled,0,0.9760560393333435,1,,,,
D3_06204,G_01819,en,E5x_pooled,0,0.9786112904548645,1,,,,
D3_06205,G_03581,en,E5x_pooled,0,0.9782857894897461,1,,,,
D3_06206,G_04456,en,E5x_pooled,0,0.9225173592567444,1,,,,
D3_06207,G_04457,en,E5x_pooled,0,0.9714255928993225,1,,,,
D3_06208,G_04458,en,E5x_pooled,0,0.9720720052719116,1,,,,
D3_06209,G_03045,en,E5x_pooled,0,0.9732170104980469,1,,,,
D3_06211,G_04460,en,E5x_pooled,0,0.9784834384918213,1,,,,
D3_06212,G_04461,en,E5x_pooled,0,0.8123766779899597,1,,,,
D3_06213,G_04462,en,E5x_pooled,0,0.9740104079246521,1,,,,
D3_06215,G_04463,en,E5x_pooled,0,0.9768997430801392,1,,,,
D3_06217,G_04464,en,E5x_pooled,0,0.9751219153404236,1,,,,
D3_06298,G_04465,en,E5x_pooled,0,0.9706636071205139,1,,,,
D3_06299,G_04466,en,E5x_pooled,0,0.9672359228134155,1,,,,
D3_06300,G_04467,en,E5x_pooled,0,0.9736058115959167,1,,,,
D3_06301,G_04468,en,E5x_pooled,0,0.9715003371238708,1,,,,
D3_06302,G_04469,en,E5x_pooled,0,0.9751625061035156,1,,,,
D3_06303,G_04470,en,E5x_pooled,0,0.9704170227050781,1,,,,
D3_06304,G_03601,en,E5x_pooled,0,0.9744272232055664,1,,,,
D3_06305,G_01890,en,E5x_pooled,0,0.971595287322998,1,,,,
D3_06306,G_01896,en,E5x_pooled,0,0.9715749025344849,1,,,,
D3_06307,G_01903,en,E5x_pooled,0,0.9740501046180725,1,,,,
D3_06308,G_04475,en,E5x_pooled,0,0.9744485020637512,1,,,,
D3_06309,G_04476,en,E5x_pooled,0,0.9725871682167053,1,,,,
D3_06310,G_03601,en,E5x_pooled,0,0.973791241645813,1,,,,
D3_06311,G_01890,en,E5x_pooled,0,0.9734246730804443,1,,,,
D3_06312,G_01896,en,E5x_pooled,0,0.9696435332298279,1,,,,
D3_06313,G_04480,en,E5x_pooled,0,0.9727398753166199,1,,,,
D3_06315,G_04476,en,E5x_pooled,0,0.9721385836601257,1,,,,
D3_06317,G_04482,en,E5x_pooled,0,0.9722070693969727,1,,,,
D3_06318,G_04483,en,E5x_pooled,0,0.9708293080329895,1,,,,
D3_06319,G_01903,en,E5x_pooled,0,0.9737716913223267,1,,,,
D3_06320,G_04485,en,E5x_pooled,0,0.9763106107711792,1,,,,
D3_06321,G_04476,en,E5x_pooled,0,0.9729227423667908,1,,,,
D3_06322,G_04487,en,E5x_pooled,0,0.9734191298484802,1,,,,
D3_06323,G_04488,en,E5x_pooled,0,0.9719914793968201,1,,,,
D3_06324,G_04489,en,E5x_pooled,0,0.9684146046638489,1,,,,
D3_06325,G_04490,en,E5x_pooled,0,0.9727395176887512,1,,,,
D3_06326,G_04491,en,E5x_pooled,0,0.9765002727508545,1,,,,
D3_06327,G_04492,en,E5x_pooled,0,0.9731497168540955,1,,,,
D3_06328,G_04493,en,E5x_pooled,0,0.973414421081543,1,,,,
D3_06329,G_04494,en,E5x_pooled,0,0.9722514748573303,1,,,,
D3_06330,G_04495,en,E5x_pooled,0,0.9738796949386597,1,,,,
D3_06331,G_04496,en,E5x_pooled,0,0.9720730185508728,1,,,,
D3_06333,G_04497,en,E5x_pooled,0,0.9771237969398499,1,,,,
D3_06414,G_04498,en,E5x_pooled,0,0.9667646288871765,1,,,,
D3_06415,G_04499,en,E5x_pooled,0,0.9732720255851746,1,,,,
D3_06416,G_04500,en,E5x_pooled,0,0.9770962595939636,1,,,,
D3_06417,G_04501,en,E5x_pooled,0,0.9731249809265137,1,,,,
D3_06418,G_04502,en,E5x_pooled,0,0.9750826954841614,1,,,,
D3_06419,G_04503,en,E5x_pooled,0,0.969379723072052,1,,,,
D3_06420,G_03634,en,E5x_pooled,0,0.9754870533943176,1,,,,
D3_06421,G_02013,en,E5x_pooled,0,0.9752556681632996,1,,,,
D3_06422,G_02007,en,E5x_pooled,0,0.9768772125244141,1,,,,
D3_06423,G_02016,en,E5x_pooled,0,0.9735537171363831,1,,,,
D3_06424,G_03639,en,E5x_pooled,0,0.9766185283660889,1,,,,
D3_06425,G_04084,en,E5x_pooled,0,0.973193883895874,1,,,,
D3_06426,G_04510,en,E5x_pooled,0,0.9767215251922607,1,,,,
D3_06428,G_04511,en,E5x_pooled,0,0.9766098856925964,1,,,,
D3_06429,G_04512,en,E5x_pooled,0,0.9756735563278198,1,,,,
D3_06430,G_03639,en,E5x_pooled,0,0.977551281452179,1,,,,
D3_06431,G_04084,en,E5x_pooled,0,0.9712285995483398,1,,,,
D3_06432,G_03634,en,E5x_pooled,0,0.9752134680747986,1,,,,
D3_06433,G_02013,en,E5x_pooled,0,0.9767334461212158,1,,,,
D3_06434,G_02007,en,E5x_pooled,0,0.976983368396759,1,,,,
D3_06435,G_02016,en,E5x_pooled,0,0.9730005860328674,1,,,,
D3_06437,G_04084,en,E5x_pooled,0,0.9723748564720154,1,,,,
D3_06438,G_04520,en,E5x_pooled,0,0.975241482257843,1,,,,
D3_06439,G_02013,en,E5x_pooled,0,0.9733747839927673,1,,,,
D3_06440,G_04522,en,E5x_pooled,0,0.9748315811157227,1,,,,
D3_06441,G_04523,en,E5x_pooled,0,0.9733704924583435,1,,,,
D3_06442,G_04524,en,E5x_pooled,0,0.9769296646118164,1,,,,
D3_06443,G_04525,en,E5x_pooled,0,0.9748148322105408,1,,,,
D3_06444,G_04526,en,E5x_pooled,0,0.9751890897750854,1,,,,
D3_06445,G_04527,en,E5x_pooled,0,0.9537523984909058,1,,,,
D3_06446,G_04528,en,E5x_pooled,0,0.930916428565979,1,,,,
D3_06447,G_04529,en,E5x_pooled,0,0.9721587300300598,1,,,,
D3_06448,G_04530,en,E5x_pooled,0,0.9785028696060181,1,,,,
D3_06449,G_04531,en,E5x_pooled,0,0.9621998071670532,1,,,,
D3_06531,G_04532,en,E5x_pooled,0,0.9683493375778198,1,,,,
D3_06532,G_04533,en,E5x_pooled,0,0.9730141758918762,1,,,,
D3_06533,G_04534,en,E5x_pooled,0,0.9609678983688354,1,,,,
D3_06534,G_04535,en,E5x_pooled,0,0.9699805378913879,1,,,,
D3_06535,G_04536,en,E5x_pooled,0,0.9703977108001709,1,,,,
D3_06536,G_04537,en,E5x_pooled,0,0.9784265756607056,1,,,,
D3_06537,G_02119,en,E5x_pooled,0,0.9702123403549194,1,,,,
D3_06538,G_02126,en,E5x_pooled,0,0.9732576608657837,1,,,,
D3_06539,G_04540,en,E5x_pooled,0,0.9711017608642578,1,,,,
D3_06540,G_04541,en,E5x_pooled,0,0.971808910369873,1,,,,
D3_06541,G_04542,en,E5x_pooled,0,0.9710392355918884,1,,,,
D3_06542,G_03168,en,E5x_pooled,0,0.9765411019325256,1,,,,
D3_06543,G_04544,en,E5x_pooled,0,0.9586432576179504,1,,,,
D3_06544,G_04545,en,E5x_pooled,0,0.9756801128387451,1,,,,
D3_06546,G_02135,en,E5x_pooled,0,0.9516230821609497,1,,,,
D3_06547,G_04542,en,E5x_pooled,0,0.9710839986801147,1,,,,
D3_06548,G_04548,en,E5x_pooled,0,0.9762493371963501,1,,,,
D3_06550,G_04549,en,E5x_pooled,0,0.9745233058929443,1,,,,
D3_06552,G_02135,en,E5x_pooled,0,0.9726689457893372,1,,,,
D3_06553,G_04542,en,E5x_pooled,0,0.97162926197052,1,,,,
D3_06554,G_04552,en,E5x_pooled,0,0.9774519801139832,1,,,,
D3_06555,G_04553,en,E5x_pooled,0,0.9624375700950623,1,,,,
D3_06556,G_02126,en,E5x_pooled,0,0.9747442603111267,1,,,,
D3_06558,G_04555,en,E5x_pooled,0,0.9746511578559875,1,,,,
D3_06559,G_04556,en,E5x_pooled,0,0.9721546769142151,1,,,,
D3_06560,G_04557,en,E5x_pooled,0,0.976736307144165,1,,,,
D3_06561,G_04558,en,E5x_pooled,0,0.9601688981056213,1,,,,
D3_06562,G_04559,en,E5x_pooled,0,0.9724536538124084,1,,,,
D3_06563,G_04560,en,E5x_pooled,0,0.9693117141723633,1,,,,
D3_06564,G_04561,en,E5x_pooled,0,0.9717612862586975,1,,,,
D3_06565,G_04562,en,E5x_pooled,0,0.9700296521186829,1,,,,
D3_06566,G_04563,en,E5x_pooled,0,0.9770969748497009,1,,,,
D3_06648,G_04564,en,E5x_pooled,0,0.9734877347946167,1,,,,
D3_06649,G_04565,en,E5x_pooled,0,0.972022294998169,1,,,,
D3_06650,G_04566,en,E5x_pooled,0,0.9758387804031372,1,,,,
D3_06651,G_04567,en,E5x_pooled,0,0.978105902671814,1,,,,
D3_06652,G_04568,en,E5x_pooled,0,0.976803183555603,1,,,,
D3_06653,G_04569,en,E5x_pooled,0,0.9649850130081177,1,,,,
D3_06654,G_02235,en,E5x_pooled,0,0.9722842574119568,1,,,,
D3_06655,G_02239,en,E5x_pooled,0,0.9776028990745544,1,,,,
D3_06656,G_02243,en,E5x_pooled,0,0.9779208302497864,1,,,,
D3_06657,G_04642,en,E5x_pooled,0,0.9777387380599976,1,,,,
D3_06658,G_03281,en,E5x_pooled,0,0.9793300032615662,1,,,,
D3_06659,G_02249,en,E5x_pooled,0,0.9712551236152649,1,,,,
D3_06660,G_02235,en,E5x_pooled,0,0.9748907089233398,1,,,,
D3_06661,G_02239,en,E5x_pooled,0,0.9777444005012512,1,,,,
D3_06662,G_04578,en,E5x_pooled,0,0.9777194261550903,1,,,,
D3_06663,G_04579,en,E5x_pooled,0,0.976639449596405,1,,,,
D3_06665,G_02249,en,E5x_pooled,0,0.9675626754760742,1,,,,
D3_06666,G_04581,en,E5x_pooled,0,0.9727835059165955,1,,,,
D3_06669,G_04642,en,E5x_pooled,0,0.9782770276069641,1,,,,
D3_06671,G_02249,en,E5x_pooled,0,0.9704185128211975,1,,,,
D3_06672,G_04584,en,E5x_pooled,0,0.9705753326416016,1,,,,
D3_06673,G_04585,en,E5x_pooled,0,0.9781596064567566,1,,,,
D3_06674,G_02243,en,E5x_pooled,0,0.978339672088623,1,,,,
D3_06675,G_04587,en,E5x_pooled,0,0.9778940677642822,1,,,,
D3_06676,G_03281,en,E5x_pooled,0,0.9782835245132446,1,,,,
D3_06677,G_04589,en,E5x_pooled,0,0.9737313389778137,1,,,,
D3_06678,G_04590,en,E5x_pooled,0,0.9705761075019836,1,,,,
D3_06679,G_04591,en,E5x_pooled,0,0.978524386882782,1,,,,
D3_06680,G_04592,en,E5x_pooled,0,0.9784581065177917,1,,,,
D3_06681,G_04593,en,E5x_pooled,0,0.9793202877044678,1,,,,
D3_06682,G_03281,en,E5x_pooled,0,0.9788111448287964,1,,,,
D3_06683,G_04595,en,E5x_pooled,0,0.9726657867431641,1,,,,
D3_06764,G_04596,en,E5x_pooled,0,0.9668951034545898,1,,,,
D3_06765,G_04597,en,E5x_pooled,0,0.9533333778381348,1,,,,
D3_06766,G_04598,en,E5x_pooled,0,0.9652003049850464,1,,,,
D3_06767,G_04599,en,E5x_pooled,0,0.9647555351257324,1,,,,
D3_06768,G_04600,en,E5x_pooled,0,0.9709898829460144,1,,,,
D3_06769,G_04601,en,E5x_pooled,0,0.9609717726707458,1,,,,
D3_06770,G_04180,en,E5x_pooled,0,0.9714251756668091,1,,,,
D3_06771,G_02355,en,E5x_pooled,0,0.9700507521629333,1,,,,
D3_06772,G_03219,en,E5x_pooled,0,0.9753022789955139,1,,,,
D3_06773,G_04605,en,E5x_pooled,0,0.9658241868019104,1,,,,
D3_06774,G_03230,en,E5x_pooled,0,0.972224771976471,1,,,,
D3_06775,G_02363,en,E5x_pooled,0,0.9739108681678772,1,,,,
D3_06776,G_04180,en,E5x_pooled,0,0.9595921635627747,1,,,,
D3_06777,G_02355,en,E5x_pooled,0,0.9679514765739441,1,,,,
D3_06779,G_04610,en,E5x_pooled,0,0.9640222191810608,1,,,,
D3_06780,G_03230,en,E5x_pooled,0,0.9749640226364136,1,,,,
D3_06782,G_04612,en,E5x_pooled,0,0.9733635783195496,1,,,,
D3_06783,G_03255,en,E5x_pooled,0,0.9699499011039734,1,,,,
D3_06785,G_02364,en,E5x_pooled,0,0.9627882838249207,1,,,,
D3_06787,G_02363,en,E5x_pooled,0,0.9726980328559875,1,,,,
D3_06788,G_04180,en,E5x_pooled,0,0.8885250687599182,1,,,,
D3_06789,G_04617,en,E5x_pooled,0,0.9292752146720886,1,,,,
D3_06790,G_03219,en,E5x_pooled,0,0.9325647354125977,1,,,,
D3_06791,G_04619,en,E5x_pooled,0,0.9741371870040894,1,,,,
D3_06792,G_04620,en,E5x_pooled,0,0.7301440834999084,1,,,,
D3_06793,G_04621,en,E5x_pooled,0,0.9709974527359009,1,,,,
D3_06794,G_04622,en,E5x_pooled,0,0.8899818062782288,1,,,,
D3_06795,G_04623,en,E5x_pooled,0,0.9496086239814758,1,,,,
D3_06796,G_04624,en,E5x_pooled,0,0.9662021994590759,1,,,,
D3_06797,G_04625,en,E5x_pooled,0,0.8877491354942322,1,,,,
D3_06798,G_04626,en,E5x_pooled,0,0.9614785313606262,1,,,,
D3_06799,G_04627,en,E5x_pooled,0,0.9593967199325562,1,,,,
D3_06881,G_04628,en,E5x_pooled,0,0.9638598561286926,1,,,,
D3_06882,G_04629,en,E5x_pooled,0,0.967190682888031,1,,,,
D3_06883,G_04630,en,E5x_pooled,0,0.9694450497627258,1,,,,
D3_06884,G_04631,en,E5x_pooled,0,0.9775660037994385,1,,,,
D3_06885,G_04632,en,E5x_pooled,0,0.976811945438385,1,,,,
D3_06886,G_04633,en,E5x_pooled,0,0.9739336967468262,1,,,,
D3_06887,G_04639,en,E5x_pooled,0,0.9735071659088135,1,,,,
D3_06888,G_04635,en,E5x_pooled,0,0.9672496318817139,1,,,,
D3_06889,G_04636,en,E5x_pooled,0,0.9710245132446289,1,,,,
D3_06890,G_04637,en,E5x_pooled,0,0.9778202176094055,1,,,,
D3_06891,G_02468,en,E5x_pooled,0,0.9767672419548035,1,,,,
D3_06893,G_04639,en,E5x_pooled,0,0.9636811017990112,1,,,,
D3_06894,G_04635,en,E5x_pooled,0,0.9593958258628845,1,,,,
D3_06895,G_02242,en,E5x_pooled,0,0.9700404405593872,1,,,,
D3_06896,G_04642,en,E5x_pooled,0,0.9781344532966614,1,,,,
D3_06899,G_04643,en,E5x_pooled,0,0.9732874631881714,1,,,,
D3_06900,G_04644,en,E5x_pooled,0,0.9665539860725403,1,,,,
D3_06901,G_04645,en,E5x_pooled,0,0.9715574979782104,1,,,,
D3_06902,G_04642,en,E5x_pooled,0,0.9783148765563965,1,,,,
D3_06903,G_04647,en,E5x_pooled,0,0.9770916104316711,1,,,,
D3_06905,G_04639,en,E5x_pooled,0,0.9705336689949036,1,,,,
D3_06906,G_04635,en,E5x_pooled,0,0.9699772000312805,1,,,,
D3_06907,G_02242,en,E5x_pooled,0,0.9696486592292786,1,,,,
D3_06908,G_04651,en,E5x_pooled,0,0.9790202975273132,1,,,,
D3_06909,G_04652,en,E5x_pooled,0,0.9766555428504944,1,,,,
D3_06911,G_04653,en,E5x_pooled,0,0.9644001126289368,1,,,,
D3_06912,G_04654,en,E5x_pooled,0,0.9653621315956116,1,,,,
D3_06913,G_04655,en,E5x_pooled,0,0.970575213432312,1,,,,
D3_06914,G_04656,en,E5x_pooled,0,0.9790856242179871,1,,,,
D3_06915,G_02468,en,E5x_pooled,0,0.9770346879959106,1,,,,
D3_06997,G_04658,en,E5x_pooled,0,0.9440494179725647,1,,,,
D3_06998,G_04659,en,E5x_pooled,0,0.9747942090034485,1,,,,
D3_06999,G_04660,en,E5x_pooled,0,0.9736107587814331,1,,,,
D3_07000,G_04661,en,E5x_pooled,0,0.9738155603408813,1,,,,
D3_07001,G_04662,en,E5x_pooled,0,0.9745627045631409,1,,,,
D3_07002,G_04663,en,E5x_pooled,0,0.9738323092460632,1,,,,
D3_07003,G_02501,en,E5x_pooled,0,0.9683061838150024,1,,,,
D3_07004,G_02497,en,E5x_pooled,0,0.9762409329414368,1,,,,
D3_07005,G_02519,en,E5x_pooled,0,0.9720311164855957,1,,,,
D3_07006,G_02503,en,E5x_pooled,0,0.9747553467750549,1,,,,
D3_07007,G_03806,en,E5x_pooled,0,0.9747547507286072,1,,,,
D3_07008,G_02509,en,E5x_pooled,0,0.9754320979118347,1,,,,
D3_07009,G_02501,en,E5x_pooled,0,0.9728409647941589,1,,,,
D3_07010,G_04671,en,E5x_pooled,0,0.9767714738845825,1,,,,
D3_07011,G_04672,en,E5x_pooled,0,0.9730907082557678,1,,,,
D3_07012,G_04673,en,E5x_pooled,0,0.9750443696975708,1,,,,
D3_07013,G_04674,en,E5x_pooled,0,0.970452070236206,1,,,,
D3_07014,G_02509,en,E5x_pooled,0,0.9714990854263306,1,,,,
D3_07015,G_04676,en,E5x_pooled,0,0.9670544266700745,1,,,,
D3_07016,G_04677,en,E5x_pooled,0,0.976444661617279,1,,,,
D3_07020,G_04678,en,E5x_pooled,0,0.9748895764350891,1,,,,
D3_07021,G_02501,en,E5x_pooled,0,0.9630229473114014,1,,,,
D3_07022,G_04680,en,E5x_pooled,0,0.9775488972663879,1,,,,
D3_07023,G_02519,en,E5x_pooled,0,0.9738033413887024,1,,,,
D3_07024,G_04682,en,E5x_pooled,0,0.9754664897918701,1,,,,
D3_07025,G_03806,en,E5x_pooled,0,0.972586452960968,1,,,,
D3_07027,G_04684,en,E5x_pooled,0,0.9658969044685364,1,,,,
D3_07028,G_04685,en,E5x_pooled,0,0.9735199213027954,1,,,,
D3_07029,G_04686,en,E5x_pooled,0,0.9665928483009338,1,,,,
D3_07030,G_02503,en,E5x_pooled,0,0.972981870174408,1,,,,
D3_07031,G_04688,en,E5x_pooled,0,0.9730245471000671,1,,,,
D3_07032,G_04689,en,E5x_pooled,0,0.9714440703392029,1,,,,
D3_07113,G_04690,en,E5x_pooled,0,0.9761560559272766,1,,,,
D3_07114,G_04691,en,E5x_pooled,0,0.9768460988998413,1,,,,
D3_07115,G_04692,en,E5x_pooled,0,0.9756445288658142,1,,,,
D3_07116,G_02613,en,E5x_pooled,0,0.9750784635543823,1,,,,
D3_07117,G_04694,en,E5x_pooled,0,0.9790627956390381,1,,,,
D3_07118,G_04695,en,E5x_pooled,0,0.9787197709083557,1,,,,
D3_07119,G_02607,en,E5x_pooled,0,0.9745085835456848,1,,,,
D3_07120,G_02603,en,E5x_pooled,0,0.975936233997345,1,,,,
D3_07121,G_02610,en,E5x_pooled,0,0.9765620231628418,1,,,,
D3_07122,G_04699,en,E5x_pooled,0,0.9775670170783997,1,,,,
D3_07123,G_02613,en,E5x_pooled,0,0.9776332974433899,1,,,,
D3_07124,G_02621,en,E5x_pooled,0,0.9777852296829224,1,,,,
D3_07125,G_04702,en,E5x_pooled,0,0.9780558347702026,1,,,,
D3_07126,G_04703,en,E5x_pooled,0,0.9790442585945129,1,,,,
D3_07127,G_04704,en,E5x_pooled,0,0.977763295173645,1,,,,
D3_07128,G_04699,en,E5x_pooled,0,0.9782206416130066,1,,,,
D3_07129,G_04706,en,E5x_pooled,0,0.9790905714035034,1,,,,
D3_07131,G_04707,en,E5x_pooled,0,0.9746012091636658,1,,,,
D3_07132,G_04708,en,E5x_pooled,0,0.9765354990959167,1,,,,
D3_07133,G_02610,en,E5x_pooled,0,0.977371335029602,1,,,,
D3_07135,G_02613,en,E5x_pooled,0,0.97771155834198,1,,,,
D3_07137,G_04711,en,E5x_pooled,0,0.9752745032310486,1,,,,
D3_07138,G_02603,en,E5x_pooled,0,0.9748903512954712,1,,,,
D3_07139,G_04713,en,E5x_pooled,0,0.977728545665741,1,,,,
D3_07140,G_04714,en,E5x_pooled,0,0.9761868715286255,1,,,,
D3_07141,G_04715,en,E5x_pooled,0,0.9794045686721802,1,,,,
D3_07142,G_04716,en,E5x_pooled,0,0.9775854349136353,1,,,,
D3_07143,G_04717,en,E5x_pooled,0,0.9765055179595947,1,,,,
D3_07144,G_04718,en,E5x_pooled,0,0.9770781993865967,1,,,,
D3_07145,G_04719,en,E5x_pooled,0,0.9786938428878784,1,,,,
D3_07146,G_04720,en,E5x_pooled,0,0.9773015379905701,1,,,,
D3_07147,G_04721,en,E5x_pooled,0,0.9784940481185913,1,,,,
D3_07148,G_04722,en,E5x_pooled,0,0.9776850342750549,1,,,,
D3_07229,G_04723,en,E5x_pooled,0,0.9697771072387695,1,,,,
D3_07231,G_04724,en,E5x_pooled,0,0.9694378972053528,1,,,,
D3_07232,G_04725,en,E5x_pooled,0,0.9168881773948669,1,,,,
D3_07233,G_04726,en,E5x_pooled,0,0.9771340489387512,1,,,,
D3_07234,G_04727,en,E5x_pooled,0,0.9722676873207092,1,,,,
D3_07235,G_03387,en,E5x_pooled,0,0.970652163028717,1,,,,
D3_07236,G_04729,en,E5x_pooled,0,0.9684123992919922,1,,,,
D3_07237,G_03384,en,E5x_pooled,0,0.9699848890304565,1,,,,
D3_07238,G_04731,en,E5x_pooled,0,0.9753634929656982,1,,,,
D3_07239,G_04732,en,E5x_pooled,0,0.9762973785400391,1,,,,
D3_07240,G_02732,en,E5x_pooled,0,0.9668385982513428,1,,,,
D3_07241,G_04734,en,E5x_pooled,0,0.9758099913597107,1,,,,
D3_07243,G_04735,en,E5x_pooled,0,0.9708795547485352,1,,,,
D3_07244,G_04736,en,E5x_pooled,0,0.9742963910102844,1,,,,
D3_07245,G_04737,en,E5x_pooled,0,0.9740262031555176,1,,,,
D3_07246,G_04738,en,E5x_pooled,0,0.9778875708580017,1,,,,
D3_07247,G_04352,en,E5x_pooled,0,0.9747104644775391,1,,,,
D3_07249,G_04317,en,E5x_pooled,0,0.9728428721427917,1,,,,
D3_07252,G_04741,en,E5x_pooled,0,0.9742360711097717,1,,,,
D3_07253,G_04742,en,E5x_pooled,0,0.9635012745857239,1,,,,
D3_07255,G_04743,en,E5x_pooled,0,0.9710716009140015,1,,,,
D3_07256,G_04744,en,E5x_pooled,0,0.9757528901100159,1,,,,
D3_07257,G_02730,en,E5x_pooled,0,0.9744568467140198,1,,,,
D3_07258,G_04746,en,E5x_pooled,0,0.9720712900161743,1,,,,
D3_07259,G_04747,en,E5x_pooled,0,0.9768018126487732,1,,,,
D3_07261,G_04748,en,E5x_pooled,0,0.967484712600708,1,,,,
D3_07262,G_04749,en,E5x_pooled,0,0.9727474451065063,1,,,,
D3_07263,G_04750,en,E5x_pooled,0,0.9738028049468994,1,,,,
D3_07264,G_04751,en,E5x_pooled,0,0.9710958003997803,1,,,,
D3_07345,G_04752,en,E5x_pooled,0,0.9693214893341064,1,,,,
D3_07346,G_04753,en,E5x_pooled,0,0.9554873108863831,1,,,,
D3_07347,G_04754,en,E5x_pooled,0,0.9667338728904724,1,,,,
D3_07348,G_04755,en,E5x_pooled,0,0.9741290211677551,1,,,,
D3_07349,G_04756,en,E5x_pooled,0,0.9740204811096191,1,,,,
D3_07350,G_04757,en,E5x_pooled,0,0.9690204858779907,1,,,,
D3_07351,G_03384,en,E5x_pooled,0,0.9705159664154053,1,,,,
D3_07352,G_04759,en,E5x_pooled,0,0.9685007333755493,1,,,,
D3_07353,G_04760,en,E5x_pooled,0,0.966112494468689,1,,,,
D3_07354,G_04761,en,E5x_pooled,0,0.9550666213035583,1,,,,
D3_07355,G_04309,en,E5x_pooled,0,0.9727286100387573,1,,,,
D3_07356,G_04763,en,E5x_pooled,0,0.9745358824729919,1,,,,
D3_07357,G_04764,en,E5x_pooled,0,0.9680714011192322,1,,,,
D3_07358,G_02721,en,E5x_pooled,0,0.9698567390441895,1,,,,
D3_07359,G_04766,en,E5x_pooled,0,0.9648670554161072,1,,,,
D3_07360,G_04767,en,E5x_pooled,0,0.9746101498603821,1,,,,
D3_07361,G_04768,en,E5x_pooled,0,0.977350115776062,1,,,,
D3_07362,G_04769,en,E5x_pooled,0,0.9741916060447693,1,,,,
D3_07364,G_02759,en,E5x_pooled,0,0.9672679305076599,1,,,,
D3_07365,G_04771,en,E5x_pooled,0,0.9701934456825256,1,,,,
D3_07366,G_04772,en,E5x_pooled,0,0.9558724164962769,1,,,,
D3_07368,G_04773,en,E5x_pooled,0,0.9765396118164062,1,,,,
D3_07369,G_04774,en,E5x_pooled,0,0.9711788892745972,1,,,,
D3_07370,G_04775,en,E5x_pooled,0,0.9716501832008362,1,,,,
D3_07371,G_04776,en,E5x_pooled,0,0.9666475653648376,1,,,,
D3_07372,G_04777,en,E5x_pooled,0,0.9667208194732666,1,,,,
D3_07373,G_02738,en,E5x_pooled,0,0.9591431021690369,1,,,,
D3_07374,G_02737,en,E5x_pooled,0,0.975153386592865,1,,,,
D3_07375,G_04780,en,E5x_pooled,0,0.9689167737960815,1,,,,
D3_07376,G_04781,en,E5x_pooled,0,0.9721206426620483,1,,,,
D3_07377,G_04782,en,E5x_pooled,0,0.966459333896637,1,,,,
D3_07378,G_04783,en,E5x_pooled,0,0.9323662519454956,1,,,,
D3_07379,G_04784,en,E5x_pooled,0,0.9549808502197266,1,,,,
D3_07380,G_04785,en,E5x_pooled,0,0.9729659557342529,1,,,,
D3_07462,G_04786,en,E5x_pooled,0,0.9603348970413208,1,,,,
D3_07463,G_04787,en,E5x_pooled,0,0.9647755026817322,1,,,,
D3_07464,G_04788,en,E5x_pooled,0,0.9766464829444885,1,,,,
D3_07465,G_04789,en,E5x_pooled,0,0.9735089540481567,1,,,,
D3_07466,G_04790,en,E5x_pooled,0,0.9567684531211853,1,,,,
D3_07467,G_04791,en,E5x_pooled,0,0.9408150315284729,1,,,,
D3_07468,G_04792,en,E5x_pooled,0,0.9635780453681946,1,,,,
D3_07470,G_04793,en,E5x_pooled,0,0.9772816896438599,1,,,,
D3_07471,G_04794,en,E5x_pooled,0,0.9707932472229004,1,,,,
D3_07472,G_04795,en,E5x_pooled,0,0.9382269382476807,1,,,,
D3_07473,G_04796,en,E5x_pooled,0,0.9560773968696594,1,,,,
D3_07475,G_03470,en,E5x_pooled,0,0.9699186086654663,1,,,,
D3_07476,G_04798,en,E5x_pooled,0,0.9775393009185791,1,,,,
D3_07477,G_02872,en,E5x_pooled,0,0.9681493043899536,1,,,,
D3_07478,G_02867,en,E5x_pooled,0,0.9644570350646973,1,,,,
D3_07480,G_04801,en,E5x_pooled,0,0.9706414937973022,1,,,,
D3_07481,G_03508,en,E5x_pooled,0,0.972209632396698,1,,,,
D3_07482,G_04803,en,E5x_pooled,0,0.9779232740402222,1,,,,
D3_07483,G_04804,en,E5x_pooled,0,0.9737555384635925,1,,,,
D3_07484,G_04805,en,E5x_pooled,0,0.9640903472900391,1,,,,
D3_07485,G_02863,en,E5x_pooled,0,0.9480459094047546,1,,,,
D3_07486,G_04786,en,E5x_pooled,0,0.9558297991752625,1,,,,
D3_07487,G_04808,en,E5x_pooled,0,0.9691266417503357,1,,,,
D3_07488,G_04809,en,E5x_pooled,0,0.9783397912979126,1,,,,
D3_07490,G_04810,en,E5x_pooled,0,0.9664314985275269,1,,,,
D3_07491,G_04811,en,E5x_pooled,0,0.9621608257293701,1,,,,
D3_07493,G_04812,en,E5x_pooled,0,0.9671357870101929,1,,,,
D3_07494,G_02868,en,E5x_pooled,0,0.9764662981033325,1,,,,
D3_07495,G_04814,en,E5x_pooled,0,0.9653072953224182,1,,,,
D3_07576,G_04815,en,E5x_pooled,0,0.977218508720398,1,,,,
D3_07577,G_04816,en,E5x_pooled,0,0.9620069265365601,1,,,,
D3_07578,G_04817,en,E5x_pooled,0,0.9770448207855225,1,,,,
D3_07579,G_04818,en,E5x_pooled,0,0.9785037636756897,1,,,,
D3_07580,G_04819,en,E5x_pooled,0,0.9773275852203369,1,,,,
D3_07581,G_04820,en,E5x_pooled,0,0.9748714566230774,1,,,,
D3_07582,G_01667,en,E5x_pooled,0,0.9776901602745056,1,,,,
D3_07583,G_01663,en,E5x_pooled,0,0.9784925580024719,1,,,,
D3_07584,G_01666,en,E5x_pooled,0,0.9716199636459351,1,,,,
D3_07585,G_01679,en,E5x_pooled,0,0.9778555035591125,1,,,,
D3_07586,G_01680,en,E5x_pooled,0,0.9777215123176575,1,,,,
D3_07587,G_01676,en,E5x_pooled,0,0.9776111841201782,1,,,,
D3_07588,G_04827,en,E5x_pooled,0,0.9769437909126282,1,,,,
D3_07589,G_04828,en,E5x_pooled,0,0.9783531427383423,1,,,,
D3_07590,G_04829,en,E5x_pooled,0,0.9619110822677612,1,,,,
D3_07591,G_04830,en,E5x_pooled,0,0.9767107367515564,1,,,,
D3_07592,G_04831,en,E5x_pooled,0,0.9766237139701843,1,,,,
D3_07593,G_01676,en,E5x_pooled,0,0.9749754667282104,1,,,,
D3_07594,G_01667,en,E5x_pooled,0,0.9773724675178528,1,,,,
D3_07595,G_01663,en,E5x_pooled,0,0.9781477451324463,1,,,,
D3_07596,G_04835,en,E5x_pooled,0,0.9698365330696106,1,,,,
D3_07598,G_01680,en,E5x_pooled,0,0.9782159924507141,1,,,,
D3_07599,G_01676,en,E5x_pooled,0,0.977283775806427,1,,,,
D3_07600,G_04838,en,E5x_pooled,0,0.975911021232605,1,,,,
D3_07601,G_04839,en,E5x_pooled,0,0.946129322052002,1,,,,
D3_07602,G_04840,en,E5x_pooled,0,0.9789092540740967,1,,,,
D3_07603,G_04841,en,E5x_pooled,0,0.9778047204017639,1,,,,
D3_07604,G_04842,en,E5x_pooled,0,0.9764361381530762,1,,,,
D3_07605,G_04843,en,E5x_pooled,0,0.9775568842887878,1,,,,
D3_07606,G_04844,en,E5x_pooled,0,0.9750751852989197,1,,,,
D3_07607,G_04845,en,E5x_pooled,0,0.955864429473877,1,,,,
D3_07608,G_04846,en,E5x_pooled,0,0.9725245833396912,1,,,,
D3_07609,G_04847,en,E5x_pooled,0,0.9756121635437012,1,,,,
D3_07610,G_04848,en,E5x_pooled,0,0.9781572222709656,1,,,,
D3_07611,G_04849,en,E5x_pooled,0,0.9741887450218201,1,,,,
D3_07692,G_04850,en,E5x_pooled,0,0.9615456461906433,1,,,,
D3_07693,G_04851,en,E5x_pooled,0,0.9713161587715149,1,,,,
D3_07694,G_04852,en,E5x_pooled,0,0.9747722148895264,1,,,,
D3_07695,G_04853,en,E5x_pooled,0,0.9772486090660095,1,,,,
D3_07696,G_04854,en,E5x_pooled,0,0.9765750765800476,1,,,,
D3_07697,G_04855,en,E5x_pooled,0,0.978268027305603,1,,,,
D3_07698,G_01783,en,E5x_pooled,0,0.9686211943626404,1,,,,
D3_07699,G_03579,en,E5x_pooled,0,0.9770439267158508,1,,,,
D3_07700,G_01816,en,E5x_pooled,0,0.9769063591957092,1,,,,
D3_07701,G_03045,en,E5x_pooled,0,0.9768962264060974,1,,,,
D3_07702,G_01819,en,E5x_pooled,0,0.9788309931755066,1,,,,
D3_07703,G_01794,en,E5x_pooled,0,0.9782628417015076,1,,,,
D3_07704,G_04862,en,E5x_pooled,0,0.9666918516159058,1,,,,
D3_07706,G_04863,en,E5x_pooled,0,0.9734510183334351,1,,,,
D3_07707,G_04864,en,E5x_pooled,0,0.9738759398460388,1,,,,
D3_07709,G_04865,en,E5x_pooled,0,0.976284921169281,1,,,,
D3_07710,G_01783,en,E5x_pooled,0,0.9678845405578613,1,,,,
D3_07711,G_04867,en,E5x_pooled,0,0.9765318632125854,1,,,,
D3_07713,G_03045,en,E5x_pooled,0,0.976426362991333,1,,,,
D3_07714,G_01819,en,E5x_pooled,0,0.977605938911438,1,,,,
D3_07715,G_03581,en,E5x_pooled,0,0.9778856039047241,1,,,,
D3_07716,G_04871,en,E5x_pooled,0,0.8848530054092407,1,,,,
D3_07718,G_04872,en,E5x_pooled,0,0.9683830142021179,1,,,,
D3_07719,G_04873,en,E5x_pooled,0,0.9743036031723022,1,,,,
D3_07721,G_04874,en,E5x_pooled,0,0.9743556976318359,1,,,,
D3_07722,G_04875,en,E5x_pooled,0,0.9286254644393921,1,,,,
D3_07724,G_04876,en,E5x_pooled,0,0.9754794239997864,1,,,,
D3_07725,G_04877,en,E5x_pooled,0,0.9772045016288757,1,,,,
D3_07727,G_04878,en,E5x_pooled,0,0.977403461933136,1,,,,
D3_07809,G_04879,en,E5x_pooled,0,0.9733840227127075,1,,,,
D3_07810,G_04880,en,E5x_pooled,0,0.9776466488838196,1,,,,
D3_07811,G_04881,en,E5x_pooled,0,0.9741102457046509,1,,,,
D3_07812,G_04882,en,E5x_pooled,0,0.9648531675338745,1,,,,
D3_07813,G_04883,en,E5x_pooled,0,0.9679144620895386,1,,,,
D3_07814,G_04884,en,E5x_pooled,0,0.9716812968254089,1,,,,
D3_07815,G_01893,en,E5x_pooled,0,0.9612568616867065,1,,,,
D3_07816,G_03601,en,E5x_pooled,0,0.9753818511962891,1,,,,
D3_07817,G_01897,en,E5x_pooled,0,0.974428653717041,1,,,,
D3_07818,G_01903,en,E5x_pooled,0,0.973404586315155,1,,,,
D3_07819,G_04475,en,E5x_pooled,0,0.9742858409881592,1,,,,
D3_07820,G_04476,en,E5x_pooled,0,0.9716899394989014,1,,,,
D3_07821,G_04891,en,E5x_pooled,0,0.9592108726501465,1,,,,
D3_07822,G_04892,en,E5x_pooled,0,0.968582034111023,1,,,,
D3_07823,G_04893,en,E5x_pooled,0,0.9650142192840576,1,,,,
D3_07824,G_04894,en,E5x_pooled,0,0.9748073220252991,1,,,,
D3_07825,G_04895,en,E5x_pooled,0,0.9742393493652344,1,,,,
D3_07826,G_04476,en,E5x_pooled,0,0.9733692407608032,1,,,,
D3_07827,G_04897,en,E5x_pooled,0,0.9660638570785522,1,,,,
D3_07829,G_04898,en,E5x_pooled,0,0.9739058017730713,1,,,,
D3_07830,G_04899,en,E5x_pooled,0,0.9740400314331055,1,,,,
D3_07833,G_04900,en,E5x_pooled,0,0.9659634232521057,1,,,,
D3_07834,G_04901,en,E5x_pooled,0,0.9687645435333252,1,,,,
D3_07835,G_04902,en,E5x_pooled,0,0.9758007526397705,1,,,,
D3_07836,G_01903,en,E5x_pooled,0,0.9739869832992554,1,,,,
D3_07837,G_04904,en,E5x_pooled,0,0.9763801097869873,1,,,,
D3_07838,G_04905,en,E5x_pooled,0,0.9708960652351379,1,,,,
D3_07839,G_04906,en,E5x_pooled,0,0.9249619841575623,1,,,,
D3_07840,G_04907,en,E5x_pooled,0,0.9700377583503723,1,,,,
D3_07841,G_04908,en,E5x_pooled,0,0.9693698883056641,1,,,,
D3_07842,G_04909,en,E5x_pooled,0,0.973909318447113,1,,,,
D3_07843,G_04910,en,E5x_pooled,0,0.9764674305915833,1,,,,
D3_07844,G_04911,en,E5x_pooled,0,0.9688198566436768,1,,,,
D3_07925,G_04912,en,E5x_pooled,0,0.9724836349487305,1,,,,
D3_07926,G_04913,en,E5x_pooled,0,0.97358238697052,1,,,,
D3_07927,G_04914,en,E5x_pooled,0,0.9723652005195618,1,,,,
D3_07928,G_04915,en,E5x_pooled,0,0.9743713140487671,1,,,,
D3_07929,G_04916,en,E5x_pooled,0,0.9756684303283691,1,,,,
D3_07930,G_04917,en,E5x_pooled,0,0.9775298833847046,1,,,,
D3_07932,G_02011,en,E5x_pooled,0,0.9736218452453613,1,,,,
D3_07933,G_02014,en,E5x_pooled,0,0.9716807007789612,1,,,,
D3_07934,G_02016,en,E5x_pooled,0,0.9727861285209656,1,,,,
D3_07935,G_02020,en,E5x_pooled,0,0.9778882265090942,1,,,,
D3_07936,G_03639,en,E5x_pooled,0,0.9766809344291687,1,,,,
D3_07937,G_04923,en,E5x_pooled,0,0.9766339659690857,1,,,,
D3_07939,G_02014,en,E5x_pooled,0,0.9683862328529358,1,,,,
D3_07940,G_04925,en,E5x_pooled,0,0.9768142104148865,1,,,,
D3_07941,G_02020,en,E5x_pooled,0,0.9771910905838013,1,,,,
D3_07942,G_03639,en,E5x_pooled,0,0.9785499572753906,1,,,,
D3_07943,G_03634,en,E5x_pooled,0,0.9744869470596313,1,,,,
D3_07945,G_02014,en,E5x_pooled,0,0.9706675410270691,1,,,,
D3_07948,G_03639,en,E5x_pooled,0,0.9762675166130066,1,,,,
D3_07949,G_04931,en,E5x_pooled,0,0.971245527267456,1,,,,
D3_07950,G_04932,en,E5x_pooled,0,0.9748355150222778,1,,,,
D3_07951,G_04933,en,E5x_pooled,0,0.9693928360939026,1,,,,
D3_07952,G_04934,en,E5x_pooled,0,0.9767138957977295,1,,,,
D3_07953,G_04935,en,E5x_pooled,0,0.9771585464477539,1,,,,
D3_07954,G_04936,en,E5x_pooled,0,0.9781154990196228,1,,,,
D3_07955,G_04937,en,E5x_pooled,0,0.9766024947166443,1,,,,
D3_07956,G_04938,en,E5x_pooled,0,0.9725248217582703,1,,,,
D3_07957,G_04939,en,E5x_pooled,0,0.9673654437065125,1,,,,
D3_07958,G_04940,en,E5x_pooled,0,0.9753411412239075,1,,,,
D3_07959,G_04941,en,E5x_pooled,0,0.9759171605110168,1,,,,
D3_07960,G_04942,en,E5x_pooled,0,0.9727939963340759,1,,,,
D3_08042,G_04943,en,E5x_pooled,0,0.9637847542762756,1,,,,
D3_08043,G_04944,en,E5x_pooled,0,0.9661549925804138,1,,,,
D3_08044,G_04945,en,E5x_pooled,0,0.9632798433303833,1,,,,
D3_08045,G_04946,en,E5x_pooled,0,0.973120391368866,1,,,,
D3_08046,G_04947,en,E5x_pooled,0,0.9696827530860901,1,,,,
D3_08047,G_04948,en,E5x_pooled,0,0.9766942262649536,1,,,,
D3_08048,G_02119,en,E5x_pooled,0,0.9699108004570007,1,,,,
D3_08049,G_02128,en,E5x_pooled,0,0.9706087112426758,1,,,,
D3_08050,G_04962,en,E5x_pooled,0,0.9719486832618713,1,,,,
D3_08051,G_04542,en,E5x_pooled,0,0.9730719327926636,1,,,,
D3_08052,G_02135,en,E5x_pooled,0,0.9721924066543579,1,,,,
D3_08053,G_02150,en,E5x_pooled,0,0.9766057729721069,1,,,,
D3_08054,G_04955,en,E5x_pooled,0,0.9697889089584351,1,,,,
D3_08055,G_04956,en,E5x_pooled,0,0.966939389705658,1,,,,
D3_08056,G_04957,en,E5x_pooled,0,0.9671741724014282,1,,,,
D3_08057,G_04958,en,E5x_pooled,0,0.9722703695297241,1,,,,
D3_08058,G_04959,en,E5x_pooled,0,0.9752389788627625,1,,,,
D3_08059,G_02150,en,E5x_pooled,0,0.9784247875213623,1,,,,
D3_08061,G_04961,en,E5x_pooled,0,0.9699363708496094,1,,,,
D3_08062,G_04962,en,E5x_pooled,0,0.9712926745414734,1,,,,
D3_08064,G_02135,en,E5x_pooled,0,0.9723520874977112,1,,,,
D3_08066,G_04964,en,E5x_pooled,0,0.9622178077697754,1,,,,
D3_08067,G_04965,en,E5x_pooled,0,0.9706557393074036,1,,,,
D3_08068,G_04966,en,E5x_pooled,0,0.9687446355819702,1,,,,
D3_08069,G_04967,en,E5x_pooled,0,0.9711535573005676,1,,,,
D3_08070,G_04968,en,E5x_pooled,0,0.9689548015594482,1,,,,
D3_08071,G_04969,en,E5x_pooled,0,0.9777702689170837,1,,,,
D3_08072,G_04970,en,E5x_pooled,0,0.9627448916435242,1,,,,
D3_08073,G_04971,en,E5x_pooled,0,0.96875,1,,,,
D3_08074,G_04972,en,E5x_pooled,0,0.9692143201828003,1,,,,
D3_08075,G_04973,en,E5x_pooled,0,0.9714452028274536,1,,,,
D3_08076,G_04974,en,E5x_pooled,0,0.961533784866333,1,,,,
D3_08077,G_04975,en,E5x_pooled,0,0.9770900011062622,1,,,,
D3_08159,G_04976,en,E5x_pooled,0,0.9750246405601501,1,,,,
D3_08160,G_04977,en,E5x_pooled,0,0.976887047290802,1,,,,
D3_08161,G_04978,en,E5x_pooled,0,0.9751523733139038,1,,,,
D3_08162,G_04979,en,E5x_pooled,0,0.9757334589958191,1,,,,
D3_08163,G_04980,en,E5x_pooled,0,0.9777867794036865,1,,,,
D3_08164,G_04981,en,E5x_pooled,0,0.9773750901222229,1,,,,
D3_08165,G_02238,en,E5x_pooled,0,0.9754031896591187,1,,,,
D3_08166,G_02245,en,E5x_pooled,0,0.9776840209960938,1,,,,
D3_08167,G_04984,en,E5x_pooled,0,0.9777485132217407,1,,,,
D3_08168,G_04642,en,E5x_pooled,0,0.9775092601776123,1,,,,
D3_08169,G_03281,en,E5x_pooled,0,0.9793452024459839,1,,,,
D3_08171,G_02238,en,E5x_pooled,0,0.97772616147995,1,,,,
D3_08172,G_04988,en,E5x_pooled,0,0.9796527624130249,1,,,,
D3_08173,G_02239,en,E5x_pooled,0,0.9769465327262878,1,,,,
D3_08174,G_04642,en,E5x_pooled,0,0.9780054688453674,1,,,,
D3_08176,G_02252,en,E5x_pooled,0,0.9763261675834656,1,,,,
D3_08178,G_02245,en,E5x_pooled,0,0.9778849482536316,1,,,,
D3_08181,G_04993,en,E5x_pooled,0,0.9784963130950928,1,,,,
D3_08183,G_04994,en,E5x_pooled,0,0.9768704175949097,1,,,,
D3_08184,G_02245,en,E5x_pooled,0,0.9784024357795715,1,,,,
D3_08185,G_02239,en,E5x_pooled,0,0.9789397120475769,1,,,,
D3_08186,G_04651,en,E5x_pooled,0,0.9787171483039856,1,,,,
D3_08187,G_04998,en,E5x_pooled,0,0.9774096012115479,1,,,,
D3_08188,G_03281,en,E5x_pooled,0,0.9773083329200745,1,,,,
D3_08189,G_05000,en,E5x_pooled,0,0.975655734539032,1,,,,
D3_08190,G_05001,en,E5x_pooled,0,0.9779517650604248,1,,,,
D3_08191,G_05002,en,E5x_pooled,0,0.9781387448310852,1,,,,
D3_08192,G_05003,en,E5x_pooled,0,0.9758132696151733,1,,,,
D3_08193,G_05004,en,E5x_pooled,0,0.9777745008468628,1,,,,
D3_08194,G_05005,en,E5x_pooled,0,0.9755915999412537,1,,,,
D3_08275,G_05006,en,E5x_pooled,0,0.968643307685852,1,,,,
D3_08276,G_05007,en,E5x_pooled,0,0.9742110371589661,1,,,,
D3_08277,G_05008,en,E5x_pooled,0,0.9630118012428284,1,,,,
D3_08278,G_05009,en,E5x_pooled,0,0.9727287888526917,1,,,,
D3_08279,G_05010,en,E5x_pooled,0,0.9759038686752319,1,,,,
D3_08280,G_05011,en,E5x_pooled,0,0.9652413129806519,1,,,,
D3_08282,G_03219,en,E5x_pooled,0,0.9767873883247375,1,,,,
D3_08283,G_05013,en,E5x_pooled,0,0.9744634032249451,1,,,,
D3_08284,G_02363,en,E5x_pooled,0,0.9753343462944031,1,,,,
D3_08285,G_05015,en,E5x_pooled,0,0.9721828699111938,1,,,,
D3_08286,G_02364,en,E5x_pooled,0,0.9739503264427185,1,,,,
D3_08287,G_05017,en,E5x_pooled,0,0.9552661776542664,1,,,,
D3_08289,G_02354,en,E5x_pooled,0,0.970000147819519,1,,,,
D3_08290,G_05019,en,E5x_pooled,0,0.9664887189865112,1,,,,
D3_08291,G_03230,en,E5x_pooled,0,0.9688933491706848,1,,,,
D3_08292,G_05021,en,E5x_pooled,0,0.9740380048751831,1,,,,
D3_08293,G_03751,en,E5x_pooled,0,0.9751137495040894,1,,,,
D3_08295,G_03750,en,E5x_pooled,0,0.9738996624946594,1,,,,
D3_08297,G_02391,en,E5x_pooled,0,0.9757393598556519,1,,,,
D3_08298,G_02364,en,E5x_pooled,0,0.976070761680603,1,,,,
D3_08299,G_05026,en,E5x_pooled,0,0.9670435786247253,1,,,,
D3_08300,G_05027,en,E5x_pooled,0,0.9718756675720215,1,,,,
D3_08301,G_05028,en,E5x_pooled,0,0.9748558402061462,1,,,,
D3_08302,G_05029,en,E5x_pooled,0,0.9662200212478638,1,,,,
D3_08303,G_05030,en,E5x_pooled,0,0.9767025113105774,1,,,,
D3_08304,G_05031,en,E5x_pooled,0,0.9758824110031128,1,,,,
D3_08305,G_05032,en,E5x_pooled,0,0.9587812423706055,1,,,,
D3_08306,G_05033,en,E5x_pooled,0,0.9694905281066895,1,,,,
D3_08307,G_05034,en,E5x_pooled,0,0.9709538221359253,1,,,,
D3_08308,G_05035,en,E5x_pooled,0,0.9709581136703491,1,,,,
D3_08309,G_05036,en,E5x_pooled,0,0.9707272052764893,1,,,,
D3_08310,G_05037,en,E5x_pooled,0,0.9767574667930603,1,,,,
D3_08392,G_05038,en,E5x_pooled,0,0.9635729789733887,1,,,,
D3_08393,G_05039,en,E5x_pooled,0,0.9751895666122437,1,,,,
D3_08394,G_05040,en,E5x_pooled,0,0.9693212509155273,1,,,,
D3_08395,G_05041,en,E5x_pooled,0,0.9756693243980408,1,,,,
D3_08396,G_05042,en,E5x_pooled,0,0.9755452275276184,1,,,,
D3_08397,G_05043,en,E5x_pooled,0,0.9763784408569336,1,,,,
D3_08398,G_04639,en,E5x_pooled,0,0.9735797047615051,1,,,,
D3_08400,G_02235,en,E5x_pooled,0,0.971805989742279,1,,,,
D3_08402,G_03183,en,E5x_pooled,0,0.9756104350090027,1,,,,
D3_08403,G_04642,en,E5x_pooled,0,0.9775325059890747,1,,,,
D3_08404,G_04639,en,E5x_pooled,0,0.9663761854171753,1,,,,
D3_08405,G_02238,en,E5x_pooled,0,0.9759467840194702,1,,,,
D3_08407,G_02277,en,E5x_pooled,0,0.9771364331245422,1,,,,
D3_08408,G_05051,en,E5x_pooled,0,0.9776118993759155,1,,,,
D3_08409,G_04642,en,E5x_pooled,0,0.9772602915763855,1,,,,
D3_08414,G_05053,en,E5x_pooled,0,0.9766380786895752,1,,,,
D3_08416,G_04639,en,E5x_pooled,0,0.9743471741676331,1,,,,
D3_08417,G_05055,en,E5x_pooled,0,0.9766653776168823,1,,,,
D3_08419,G_05056,en,E5x_pooled,0,0.9742531776428223,1,,,,
D3_08420,G_05057,en,E5x_pooled,0,0.9756115078926086,1,,,,
D3_08421,G_02468,en,E5x_pooled,0,0.9773329496383667,1,,,,
D3_08422,G_05059,en,E5x_pooled,0,0.9706120491027832,1,,,,
D3_08423,G_05060,en,E5x_pooled,0,0.9732626080513,1,,,,
D3_08424,G_02235,en,E5x_pooled,0,0.9709383249282837,1,,,,
D3_08425,G_05062,en,E5x_pooled,0,0.9736011624336243,1,,,,
D3_08426,G_05063,en,E5x_pooled,0,0.9769468903541565,1,,,,
D3_08427,G_05064,en,E5x_pooled,0,0.9771280288696289,1,,,,
D3_08508,G_05065,en,E5x_pooled,0,0.9691599011421204,1,,,,
D3_08509,G_05066,en,E5x_pooled,0,0.9693558812141418,1,,,,
D3_08510,G_05067,en,E5x_pooled,0,0.9727101922035217,1,,,,
D3_08511,G_03806,en,E5x_pooled,0,0.9748507142066956,1,,,,
D3_08512,G_05069,en,E5x_pooled,0,0.9740259051322937,1,,,,
D3_08513,G_05070,en,E5x_pooled,0,0.9743146896362305,1,,,,
D3_08514,G_02501,en,E5x_pooled,0,0.9679543375968933,1,,,,
D3_08515,G_02493,en,E5x_pooled,0,0.9730768799781799,1,,,,
D3_08516,G_02502,en,E5x_pooled,0,0.9744268655776978,1,,,,
D3_08517,G_03806,en,E5x_pooled,0,0.9758527874946594,1,,,,
D3_08518,G_02508,en,E5x_pooled,0,0.9761999249458313,1,,,,
D3_08519,G_02509,en,E5x_pooled,0,0.9741702079772949,1,,,,
D3_08520,G_02501,en,E5x_pooled,0,0.9721966981887817,1,,,,
D3_08521,G_02493,en,E5x_pooled,0,0.9708845019340515,1,,,,
D3_08522,G_02502,en,E5x_pooled,0,0.9734156727790833,1,,,,
D3_08523,G_03806,en,E5x_pooled,0,0.9733913540840149,1,,,,
D3_08524,G_02508,en,E5x_pooled,0,0.9768124222755432,1,,,,
D3_08525,G_05082,en,E5x_pooled,0,0.975151002407074,1,,,,
D3_08528,G_05083,en,E5x_pooled,0,0.9752042889595032,1,,,,
D3_08529,G_05084,en,E5x_pooled,0,0.9744763374328613,1,,,,
D3_08530,G_05085,en,E5x_pooled,0,0.9770678281784058,1,,,,
D3_08532,G_05086,en,E5x_pooled,0,0.9718263745307922,1,,,,
D3_08533,G_02493,en,E5x_pooled,0,0.9735299944877625,1,,,,
D3_08534,G_05088,en,E5x_pooled,0,0.9690641760826111,1,,,,
D3_08535,G_03806,en,E5x_pooled,0,0.9731695652008057,1,,,,
D3_08536,G_05090,en,E5x_pooled,0,0.9737721681594849,1,,,,
D3_08537,G_02509,en,E5x_pooled,0,0.9767186641693115,1,,,,
D3_08538,G_05092,en,E5x_pooled,0,0.9661573171615601,1,,,,
D3_08539,G_05093,en,E5x_pooled,0,0.9725456833839417,1,,,,
D3_08540,G_05094,en,E5x_pooled,0,0.9735236763954163,1,,,,
D3_08541,G_05095,en,E5x_pooled,0,0.9733964800834656,1,,,,
D3_08542,G_05096,en,E5x_pooled,0,0.9770066142082214,1,,,,
D3_08543,G_05097,en,E5x_pooled,0,0.9743009209632874,1,,,,
D3_08624,G_05098,en,E5x_pooled,0,0.9768301248550415,1,,,,
D3_08625,G_05099,en,E5x_pooled,0,0.9759376049041748,1,,,,
D3_08626,G_05100,en,E5x_pooled,0,0.9763665199279785,1,,,,
D3_08627,G_05101,en,E5x_pooled,0,0.9766256809234619,1,,,,
D3_08628,G_05102,en,E5x_pooled,0,0.9785753488540649,1,,,,
D3_08629,G_05103,en,E5x_pooled,0,0.9792683720588684,1,,,,
D3_08630,G_03339,en,E5x_pooled,0,0.9762300252914429,1,,,,
D3_08631,G_02610,en,E5x_pooled,0,0.9766173958778381,1,,,,
D3_08632,G_04271,en,E5x_pooled,0,0.9766422510147095,1,,,,
D3_08633,G_02622,en,E5x_pooled,0,0.9777635335922241,1,,,,
D3_08634,G_02619,en,E5x_pooled,0,0.9795096516609192,1,,,,
D3_08635,G_05109,en,E5x_pooled,0,0.9788410663604736,1,,,,
D3_08636,G_05110,en,E5x_pooled,0,0.9782004952430725,1,,,,
D3_08637,G_05111,en,E5x_pooled,0,0.9773290753364563,1,,,,
D3_08638,G_04271,en,E5x_pooled,0,0.9753647446632385,1,,,,
D3_08639,G_05113,en,E5x_pooled,0,0.9787539839744568,1,,,,
D3_08640,G_02619,en,E5x_pooled,0,0.9798334836959839,1,,,,
D3_08641,G_02615,en,E5x_pooled,0,0.978500247001648,1,,,,
D3_08642,G_04708,en,E5x_pooled,0,0.9764684438705444,1,,,,
D3_08643,G_04281,en,E5x_pooled,0,0.976328432559967,1,,,,
D3_08644,G_04271,en,E5x_pooled,0,0.9756761789321899,1,,,,
D3_08645,G_05119,en,E5x_pooled,0,0.976334810256958,1,,,,
D3_08646,G_05120,en,E5x_pooled,0,0.9796969294548035,1,,,,
D3_08647,G_03851,en,E5x_pooled,0,0.9788418412208557,1,,,,
D3_08648,G_05122,en,E5x_pooled,0,0.9771249294281006,1,,,,
D3_08649,G_05123,en,E5x_pooled,0,0.9767814874649048,1,,,,
D3_08650,G_03339,en,E5x_pooled,0,0.9769741892814636,1,,,,
D3_08651,G_05125,en,E5x_pooled,0,0.9763595461845398,1,,,,
D3_08652,G_02619,en,E5x_pooled,0,0.9796273708343506,1,,,,
D3_08653,G_02615,en,E5x_pooled,0,0.9797747731208801,1,,,,
D3_08654,G_05128,en,E5x_pooled,0,0.9781027436256409,1,,,,
D3_08655,G_05129,en,E5x_pooled,0,0.9780067205429077,1,,,,
D3_08656,G_05130,en,E5x_pooled,0,0.9731873273849487,1,,,,
D3_08657,G_05131,en,E5x_pooled,0,0.9761222004890442,1,,,,
D3_08658,G_05132,en,E5x_pooled,0,0.9788001775741577,1,,,,
D3_08659,G_05133,en,E5x_pooled,0,0.9772157669067383,1,,,,
D3_08740,G_05134,en,E5x_pooled,0,0.9669319987297058,1,,,,
D3_08741,G_05135,en,E5x_pooled,0,0.9716594219207764,1,,,,
D3_08742,G_05136,en,E5x_pooled,0,0.9671638011932373,1,,,,
D3_08743,G_05137,en,E5x_pooled,0,0.9720008969306946,1,,,,
D3_08744,G_05138,en,E5x_pooled,0,0.97577965259552,1,,,,
D3_08745,G_05139,en,E5x_pooled,0,0.975510835647583,1,,,,
D3_08746,G_03387,en,E5x_pooled,0,0.971983015537262,1,,,,
D3_08747,G_03384,en,E5x_pooled,0,0.9689722657203674,1,,,,
D3_08748,G_05142,en,E5x_pooled,0,0.9684736728668213,1,,,,
D3_08749,G_02760,en,E5x_pooled,0,0.9740210175514221,1,,,,
D3_08750,G_05144,en,E5x_pooled,0,0.9746713042259216,1,,,,
D3_08751,G_05145,en,E5x_pooled,0,0.9743994474411011,1,,,,
D3_08752,G_05146,en,E5x_pooled,0,0.9656648635864258,1,,,,
D3_08753,G_03384,en,E5x_pooled,0,0.9693088531494141,1,,,,
D3_08754,G_05148,en,E5x_pooled,0,0.9685795903205872,1,,,,
D3_08755,G_05149,en,E5x_pooled,0,0.971866250038147,1,,,,
D3_08756,G_05150,en,E5x_pooled,0,0.9763156175613403,1,,,,
D3_08757,G_05151,en,E5x_pooled,0,0.9728785157203674,1,,,,
D3_08762,G_05152,en,E5x_pooled,0,0.9754155874252319,1,,,,
D3_08763,G_04773,en,E5x_pooled,0,0.9758544564247131,1,,,,
D3_08764,G_05154,en,E5x_pooled,0,0.9730411171913147,1,,,,
D3_08765,G_05155,en,E5x_pooled,0,0.9724938869476318,1,,,,
D3_08766,G_05156,en,E5x_pooled,0,0.9670703411102295,1,,,,
D3_08767,G_05157,en,E5x_pooled,0,0.9737278819084167,1,,,,
D3_08768,G_02735,en,E5x_pooled,0,0.9731787443161011,1,,,,
D3_08769,G_05159,en,E5x_pooled,0,0.9743461608886719,1,,,,
D3_08770,G_05160,en,E5x_pooled,0,0.9747093319892883,1,,,,
D3_08771,G_05161,en,E5x_pooled,0,0.9758559465408325,1,,,,
D3_08772,G_05162,en,E5x_pooled,0,0.9760773777961731,1,,,,
D3_08773,G_05163,en,E5x_pooled,0,0.9738373756408691,1,,,,
D3_08774,G_05164,en,E5x_pooled,0,0.9740887880325317,1,,,,
D3_08775,G_05165,en,E5x_pooled,0,0.9746526479721069,1,,,,
D3_08856,G_05166,en,E5x_pooled,0,0.9677910804748535,1,,,,
D3_08857,G_05167,en,E5x_pooled,0,0.9714012145996094,1,,,,
D3_08858,G_02726,en,E5x_pooled,0,0.9685536026954651,1,,,,
D3_08859,G_05169,en,E5x_pooled,0,0.9737755656242371,1,,,,
D3_08860,G_05170,en,E5x_pooled,0,0.9753222465515137,1,,,,
D3_08861,G_05171,en,E5x_pooled,0,0.9722148180007935,1,,,,
D3_08862,G_02827,en,E5x_pooled,0,0.9738141298294067,1,,,,
D3_08863,G_05173,en,E5x_pooled,0,0.9726516604423523,1,,,,
D3_08864,G_05174,en,E5x_pooled,0,0.9670249819755554,1,,,,
D3_08865,G_02732,en,E5x_pooled,0,0.9698439240455627,1,,,,
D3_08866,G_02730,en,E5x_pooled,0,0.9768834114074707,1,,,,
D3_08867,G_05177,en,E5x_pooled,0,0.9722752571105957,1,,,,
D3_08868,G_02827,en,E5x_pooled,0,0.9727838635444641,1,,,,
D3_08869,G_03915,en,E5x_pooled,0,0.9722919464111328,1,,,,
D3_08870,G_05180,en,E5x_pooled,0,0.9762268662452698,1,,,,
D3_08871,G_05181,en,E5x_pooled,0,0.9728542566299438,1,,,,
D3_08872,G_05182,en,E5x_pooled,0,0.9751802682876587,1,,,,
D3_08873,G_02738,en,E5x_pooled,0,0.9765598177909851,1,,,,
D3_08875,G_03915,en,E5x_pooled,0,0.9743247628211975,1,,,,
D3_08876,G_05185,en,E5x_pooled,0,0.9697908163070679,1,,,,
D3_08877,G_04741,en,E5x_pooled,0,0.9741685390472412,1,,,,
D3_08878,G_02761,en,E5x_pooled,0,0.9779070615768433,1,,,,
D3_08880,G_05188,en,E5x_pooled,0,0.9706404805183411,1,,,,
D3_08881,G_05189,en,E5x_pooled,0,0.9736012816429138,1,,,,
D3_08882,G_05190,en,E5x_pooled,0,0.9680820107460022,1,,,,
D3_08883,G_05191,en,E5x_pooled,0,0.9727908372879028,1,,,,
D3_08884,G_05192,en,E5x_pooled,0,0.9780173301696777,1,,,,
D3_08885,G_05193,en,E5x_pooled,0,0.97533118724823,1,,,,
D3_08886,G_05194,en,E5x_pooled,0,0.9717331528663635,1,,,,
D3_08887,G_05195,en,E5x_pooled,0,0.9731569290161133,1,,,,
D3_08888,G_05196,en,E5x_pooled,0,0.967025876045227,1,,,,
D3_08889,G_05197,en,E5x_pooled,0,0.9696834087371826,1,,,,
D3_08890,G_05198,en,E5x_pooled,0,0.9760034084320068,1,,,,
D3_08891,G_05199,en,E5x_pooled,0,0.9635128974914551,1,,,,
D3_08972,G_05200,en,E5x_pooled,0,0.9431539177894592,1,,,,
D3_08973,G_05201,en,E5x_pooled,0,0.9320282936096191,1,,,,
D3_08974,G_05202,en,E5x_pooled,0,0.9571712613105774,1,,,,
D3_08975,G_05203,en,E5x_pooled,0,0.9681662917137146,1,,,,
D3_08976,G_05204,en,E5x_pooled,0,0.967886209487915,1,,,,
D3_08977,G_05205,en,E5x_pooled,0,0.9661444425582886,1,,,,
D3_08978,G_05206,en,E5x_pooled,0,0.9647236466407776,1,,,,
D3_08979,G_05207,en,E5x_pooled,0,0.944857120513916,1,,,,
D3_08980,G_05208,en,E5x_pooled,0,0.9683455228805542,1,,,,
D3_08981,G_05209,en,E5x_pooled,0,0.9705434441566467,1,,,,
D3_08982,G_05210,en,E5x_pooled,0,0.9687003493309021,1,,,,
D3_08983,G_02871,en,E5x_pooled,0,0.9727599620819092,1,,,,
D3_08984,G_05212,en,E5x_pooled,0,0.9636444449424744,1,,,,
D3_08985,G_05213,en,E5x_pooled,0,0.9472926259040833,1,,,,
D3_08986,G_03470,en,E5x_pooled,0,0.967470645904541,1,,,,
D3_08987,G_02872,en,E5x_pooled,0,0.9646608829498291,1,,,,
D3_08988,G_02864,en,E5x_pooled,0,0.9660421013832092,1,,,,
D3_08989,G_05217,en,E5x_pooled,0,0.9688491821289062,1,,,,
D3_08990,G_05218,en,E5x_pooled,0,0.9701101183891296,1,,,,
D3_08991,G_05219,en,E5x_pooled,0,0.9557886123657227,1,,,,
D3_08993,G_05220,en,E5x_pooled,0,0.9747236371040344,1,,,,
D3_08995,G_05221,en,E5x_pooled,0,0.9720978736877441,1,,,,
D3_08996,G_05222,en,E5x_pooled,0,0.9647542834281921,1,,,,
D3_08997,G_05223,en,E5x_pooled,0,0.9359826445579529,1,,,,
D3_08998,G_05224,en,E5x_pooled,0,0.9703969359397888,1,,,,
D3_08999,G_05225,en,E5x_pooled,0,0.9695995450019836,1,,,,
D3_09000,G_05226,en,E5x_pooled,0,0.9690881371498108,1,,,,
D3_09001,G_05227,en,E5x_pooled,0,0.9703815579414368,1,,,,
D3_09002,G_05228,en,E5x_pooled,0,0.9645804762840271,1,,,,
D3_09003,G_05229,en,E5x_pooled,0,0.9659075736999512,1,,,,
D3_09004,G_05230,en,E5x_pooled,0,0.9632102847099304,1,,,,
D3_09005,G_05231,en,E5x_pooled,0,0.971071720123291,1,,,,
D3_09006,G_05232,en,E5x_pooled,0,0.9759447574615479,1,,,,
D3_09007,G_05233,en,E5x_pooled,0,0.9750387072563171,1,,,,
D3_09088,G_05234,en,E5x_pooled,0,0.9568044543266296,1,,,,
D3_09089,G_05235,en,E5x_pooled,0,0.9652649760246277,1,,,,
D3_09090,G_05236,en,E5x_pooled,0,0.9587160348892212,1,,,,
D3_09091,G_05237,en,E5x_pooled,0,0.974854588508606,1,,,,
D3_09092,G_05238,en,E5x_pooled,0,0.9662847518920898,1,,,,
D3_09093,G_05239,en,E5x_pooled,0,0.9757969379425049,1,,,,
D3_09094,G_01666,en,E5x_pooled,0,0.9685462117195129,1,,,,
D3_09095,G_01671,en,E5x_pooled,0,0.9703720211982727,1,,,,
D3_09096,G_01662,en,E5x_pooled,0,0.9710899591445923,1,,,,
D3_09097,G_01677,en,E5x_pooled,0,0.9745941758155823,1,,,,
D3_09098,G_01698,en,E5x_pooled,0,0.9728701710700989,1,,,,
D3_09099,G_01678,en,E5x_pooled,0,0.9763254523277283,1,,,,
D3_09100,G_05246,en,E5x_pooled,0,0.9336220622062683,1,,,,
D3_09101,G_05247,en,E5x_pooled,0,0.9518632292747498,1,,,,
D3_09102,G_05248,en,E5x_pooled,0,0.9616327285766602,1,,,,
D3_09103,G_05249,en,E5x_pooled,0,0.9761645793914795,1,,,,
D3_09104,G_05250,en,E5x_pooled,0,0.9742783904075623,1,,,,
D3_09105,G_05251,en,E5x_pooled,0,0.9756019711494446,1,,,,
D3_09106,G_03983,en,E5x_pooled,0,0.9727852940559387,1,,,,
D3_09107,G_01671,en,E5x_pooled,0,0.9738879203796387,1,,,,
D3_09109,G_01677,en,E5x_pooled,0,0.9728459119796753,1,,,,
D3_09110,G_01698,en,E5x_pooled,0,0.9727048873901367,1,,,,
D3_09111,G_01678,en,E5x_pooled,0,0.9775688052177429,1,,,,
D3_09112,G_05257,en,E5x_pooled,0,0.9708535671234131,1,,,,
D3_09113,G_05258,en,E5x_pooled,0,0.967678427696228,1,,,,
D3_09114,G_05259,en,E5x_pooled,0,0.8933607339859009,1,,,,
D3_09115,G_05260,en,E5x_pooled,0,0.9745410680770874,1,,,,
D3_09116,G_05261,en,E5x_pooled,0,0.9741966724395752,1,,,,
D3_09117,G_01678,en,E5x_pooled,0,0.9750535488128662,1,,,,
D3_09118,G_05263,en,E5x_pooled,0,0.8400091528892517,1,,,,
D3_09119,G_05264,en,E5x_pooled,0,0.9572285413742065,1,,,,
D3_09120,G_05265,en,E5x_pooled,0,0.9420450925827026,1,,,,
D3_09121,G_05266,en,E5x_pooled,0,0.9698542356491089,1,,,,
D3_09122,G_05267,en,E5x_pooled,0,0.9706995487213135,1,,,,
D3_09123,G_05268,en,E5x_pooled,0,0.9738556146621704,1,,,,
D3_09203,G_05269,en,E5x_pooled,0,0.9259439706802368,1,,,,
D3_09204,G_05270,en,E5x_pooled,0,0.8476334810256958,1,,,,
D3_09206,G_05271,en,E5x_pooled,0,0.9718181490898132,1,,,,
D3_09207,G_05272,en,E5x_pooled,0,0.9735797047615051,1,,,,
D3_09208,G_05273,en,E5x_pooled,0,0.9748806357383728,1,,,,
D3_09209,G_01803,en,E5x_pooled,0,0.9671859741210938,1,,,,
D3_09210,G_01785,en,E5x_pooled,0,0.9332419037818909,1,,,,
D3_09211,G_01780,en,E5x_pooled,0,0.944667398929596,1,,,,
D3_09212,G_01793,en,E5x_pooled,0,0.9751847982406616,1,,,,
D3_09213,G_01790,en,E5x_pooled,0,0.9753401279449463,1,,,,
D3_09214,G_03045,en,E5x_pooled,0,0.9774401187896729,1,,,,
D3_09215,G_01815,en,E5x_pooled,0,0.9688723087310791,1,,,,
D3_09216,G_05281,en,E5x_pooled,0,0.9653624892234802,1,,,,
D3_09217,G_05282,en,E5x_pooled,0,0.961361289024353,1,,,,
D3_09218,G_05283,en,E5x_pooled,0,0.9762541055679321,1,,,,
D3_09219,G_05284,en,E5x_pooled,0,0.9726382493972778,1,,,,
D3_09221,G_05285,en,E5x_pooled,0,0.9630207419395447,1,,,,
D3_09222,G_05286,en,E5x_pooled,0,0.9029074311256409,1,,,,
D3_09224,G_05287,en,E5x_pooled,0,0.9761008620262146,1,,,,
D3_09225,G_05288,en,E5x_pooled,0,0.9750032424926758,1,,,,
D3_09226,G_05289,en,E5x_pooled,0,0.9750320315361023,1,,,,
D3_09227,G_05290,en,E5x_pooled,0,0.8992531299591064,1,,,,
D3_09228,G_05291,en,E5x_pooled,0,0.7645236253738403,1,,,,
D3_09230,G_05292,en,E5x_pooled,0,0.9654579162597656,1,,,,
D3_09231,G_05293,en,E5x_pooled,0,0.972246527671814,1,,,,
D3_09232,G_05294,en,E5x_pooled,0,0.9759340286254883,1,,,,
D3_09253,G_05295,en,E5x_pooled,0,0.9677355885505676,1,,,,
D3_09254,G_05296,en,E5x_pooled,0,0.9674819111824036,1,,,,
D3_09255,G_05297,en,E5x_pooled,0,0.974514365196228,1,,,,
D3_09256,G_05298,en,E5x_pooled,0,0.9741931557655334,1,,,,
D3_09257,G_05299,en,E5x_pooled,0,0.973510205745697,1,,,,
D3_09258,G_05300,en,E5x_pooled,0,0.9762411713600159,1,,,,
D3_09259,G_01895,en,E5x_pooled,0,0.9678410887718201,1,,,,
D3_09260,G_05302,en,E5x_pooled,0,0.9716472625732422,1,,,,
D3_09261,G_01899,en,E5x_pooled,0,0.97333163022995,1,,,,
D3_09262,G_01909,en,E5x_pooled,0,0.9751681685447693,1,,,,
D3_09263,G_05305,en,E5x_pooled,0,0.9727521538734436,1,,,,
D3_09264,G_01906,en,E5x_pooled,0,0.9763181805610657,1,,,,
D3_09265,G_05307,en,E5x_pooled,0,0.9588035941123962,1,,,,
D3_09266,G_05308,en,E5x_pooled,0,0.9591971635818481,1,,,,
D3_09267,G_05309,en,E5x_pooled,0,0.9736300706863403,1,,,,
D3_09268,G_05310,en,E5x_pooled,0,0.9765716791152954,1,,,,
D3_09269,G_05311,en,E5x_pooled,0,0.9753956198692322,1,,,,
D3_09270,G_05312,en,E5x_pooled,0,0.9781352281570435,1,,,,
D3_09271,G_01895,en,E5x_pooled,0,0.9670172929763794,1,,,,
D3_09273,G_05314,en,E5x_pooled,0,0.9745522737503052,1,,,,
D3_09274,G_01909,en,E5x_pooled,0,0.976647138595581,1,,,,
D3_09275,G_05316,en,E5x_pooled,0,0.9719840288162231,1,,,,
D3_09276,G_05317,en,E5x_pooled,0,0.9759292006492615,1,,,,
D3_09277,G_05318,en,E5x_pooled,0,0.958210289478302,1,,,,
D3_09278,G_05319,en,E5x_pooled,0,0.9653398990631104,1,,,,
D3_09279,G_05320,en,E5x_pooled,0,0.9744351506233215,1,,,,
D3_09280,G_01909,en,E5x_pooled,0,0.975226104259491,1,,,,
D3_09281,G_05322,en,E5x_pooled,0,0.9742522239685059,1,,,,
D3_09282,G_05323,en,E5x_pooled,0,0.9786602854728699,1,,,,
D3_09283,G_05324,en,E5x_pooled,0,0.9684532284736633,1,,,,
D3_09284,G_05325,en,E5x_pooled,0,0.8840779662132263,1,,,,
D3_09285,G_05326,en,E5x_pooled,0,0.9775206446647644,1,,,,
D3_09286,G_05327,en,E5x_pooled,0,0.9777104258537292,1,,,,
D3_09287,G_05328,en,E5x_pooled,0,0.9698737859725952,1,,,,
D3_09288,G_05329,en,E5x_pooled,0,0.9731801152229309,1,,,,
D3_09369,G_05330,en,E5x_pooled,0,0.9771081209182739,1,,,,
D3_09370,G_05331,en,E5x_pooled,0,0.9707983136177063,1,,,,
D3_09371,G_05332,en,E5x_pooled,0,0.9703163504600525,1,,,,
D3_09372,G_05333,en,E5x_pooled,0,0.9726903438568115,1,,,,
D3_09373,G_05334,en,E5x_pooled,0,0.9669957756996155,1,,,,
D3_09374,G_05335,en,E5x_pooled,0,0.9747627973556519,1,,,,
D3_09375,G_02007,en,E5x_pooled,0,0.9775505065917969,1,,,,
D3_09376,G_02008,en,E5x_pooled,0,0.9722954034805298,1,,,,
D3_09377,G_02013,en,E5x_pooled,0,0.9755890369415283,1,,,,
D3_09378,G_02023,en,E5x_pooled,0,0.975416362285614,1,,,,
D3_09379,G_02016,en,E5x_pooled,0,0.9727084040641785,1,,,,
D3_09380,G_03116,en,E5x_pooled,0,0.9755703806877136,1,,,,
D3_09381,G_05342,en,E5x_pooled,0,0.9739620089530945,1,,,,
D3_09382,G_05343,en,E5x_pooled,0,0.9733361601829529,1,,,,
D3_09383,G_05344,en,E5x_pooled,0,0.9752527475357056,1,,,,
D3_09384,G_02023,en,E5x_pooled,0,0.9756518602371216,1,,,,
D3_09385,G_05346,en,E5x_pooled,0,0.9721517562866211,1,,,,
D3_09386,G_05347,en,E5x_pooled,0,0.9762627482414246,1,,,,
D3_09390,G_02023,en,E5x_pooled,0,0.9757177829742432,1,,,,
D3_09393,G_05349,en,E5x_pooled,0,0.9775959253311157,1,,,,
D3_09394,G_05350,en,E5x_pooled,0,0.9718453884124756,1,,,,
D3_09395,G_05351,en,E5x_pooled,0,0.9732983112335205,1,,,,
D3_09396,G_05352,en,E5x_pooled,0,0.9758290648460388,1,,,,
D3_09397,G_05353,en,E5x_pooled,0,0.96986985206604,1,,,,
D3_09398,G_05354,en,E5x_pooled,0,0.9723733067512512,1,,,,
D3_09399,G_05355,en,E5x_pooled,0,0.9744831323623657,1,,,,
D3_09400,G_05356,en,E5x_pooled,0,0.9726806282997131,1,,,,
D3_09401,G_05357,en,E5x_pooled,0,0.9629687666893005,1,,,,
D3_09402,G_05358,en,E5x_pooled,0,0.9758314490318298,1,,,,
D3_09403,G_05359,en,E5x_pooled,0,0.9483333826065063,1,,,,
D3_09404,G_05360,en,E5x_pooled,0,0.9791081547737122,1,,,,
D3_09486,G_05361,en,E5x_pooled,0,0.9708749651908875,1,,,,
D3_09487,G_05362,en,E5x_pooled,0,0.9729016423225403,1,,,,
D3_09488,G_05363,en,E5x_pooled,0,0.9723157286643982,1,,,,
D3_09489,G_05364,en,E5x_pooled,0,0.9771203994750977,1,,,,
D3_09490,G_05365,en,E5x_pooled,0,0.9764851331710815,1,,,,
D3_09491,G_05366,en,E5x_pooled,0,0.9745056629180908,1,,,,
D3_09492,G_02123,en,E5x_pooled,0,0.9723695516586304,1,,,,
D3_09493,G_03150,en,E5x_pooled,0,0.9717980027198792,1,,,,
D3_09494,G_02126,en,E5x_pooled,0,0.9736018180847168,1,,,,
D3_09495,G_02130,en,E5x_pooled,0,0.9759889245033264,1,,,,
D3_09496,G_02137,en,E5x_pooled,0,0.9760202169418335,1,,,,
D3_09497,G_02136,en,E5x_pooled,0,0.9764953851699829,1,,,,
D3_09498,G_05373,en,E5x_pooled,0,0.9746637344360352,1,,,,
D3_09499,G_05374,en,E5x_pooled,0,0.9658090472221375,1,,,,
D3_09500,G_05375,en,E5x_pooled,0,0.9761378765106201,1,,,,
D3_09501,G_05376,en,E5x_pooled,0,0.969788134098053,1,,,,
D3_09502,G_05377,en,E5x_pooled,0,0.9780181050300598,1,,,,
D3_09503,G_05378,en,E5x_pooled,0,0.9797230362892151,1,,,,
D3_09504,G_05379,en,E5x_pooled,0,0.9736872911453247,1,,,,
D3_09506,G_02126,en,E5x_pooled,0,0.9751927256584167,1,,,,
D3_09507,G_02130,en,E5x_pooled,0,0.9760445356369019,1,,,,
D3_09508,G_02137,en,E5x_pooled,0,0.9772214889526367,1,,,,
D3_09510,G_05383,en,E5x_pooled,0,0.9730980396270752,1,,,,
D3_09511,G_03150,en,E5x_pooled,0,0.9682788252830505,1,,,,
D3_09512,G_05385,en,E5x_pooled,0,0.9753137230873108,1,,,,
D3_09513,G_05386,en,E5x_pooled,0,0.9744437336921692,1,,,,
D3_09514,G_05387,en,E5x_pooled,0,0.9766910672187805,1,,,,
D3_09515,G_05388,en,E5x_pooled,0,0.9758971333503723,1,,,,
D3_09516,G_05389,en,E5x_pooled,0,0.973915159702301,1,,,,
D3_09517,G_05390,en,E5x_pooled,0,0.9614552855491638,1,,,,
D3_09518,G_05391,en,E5x_pooled,0,0.9731033444404602,1,,,,
D3_09519,G_05392,en,E5x_pooled,0,0.9700591564178467,1,,,,
D3_09520,G_05393,en,E5x_pooled,0,0.9767480492591858,1,,,,
D3_09521,G_05394,en,E5x_pooled,0,0.9757999777793884,1,,,,
D3_09603,G_05395,en,E5x_pooled,0,0.9772529006004333,1,,,,
D3_09604,G_05396,en,E5x_pooled,0,0.9576501250267029,1,,,,
D3_09605,G_05397,en,E5x_pooled,0,0.8928272128105164,1,,,,
D3_09606,G_05398,en,E5x_pooled,0,0.9769759774208069,1,,,,
D3_09607,G_05399,en,E5x_pooled,0,0.9730457663536072,1,,,,
D3_09608,G_05400,en,E5x_pooled,0,0.9782472252845764,1,,,,
D3_09609,G_02238,en,E5x_pooled,0,0.9756804704666138,1,,,,
D3_09610,G_02235,en,E5x_pooled,0,0.9706165790557861,1,,,,
D3_09611,G_02264,en,E5x_pooled,0,0.9734870791435242,1,,,,
D3_09612,G_02468,en,E5x_pooled,0,0.9765099287033081,1,,,,
D3_09613,G_02277,en,E5x_pooled,0,0.9745595455169678,1,,,,
D3_09614,G_03178,en,E5x_pooled,0,0.9770947694778442,1,,,,
D3_09615,G_02238,en,E5x_pooled,0,0.9771998524665833,1,,,,
D3_09616,G_02235,en,E5x_pooled,0,0.9680679440498352,1,,,,
D3_09617,G_05409,en,E5x_pooled,0,0.9654428958892822,1,,,,
D3_09618,G_05410,en,E5x_pooled,0,0.9768643975257874,1,,,,
D3_09619,G_05411,en,E5x_pooled,0,0.9727224707603455,1,,,,
D3_09620,G_05412,en,E5x_pooled,0,0.9779571294784546,1,,,,
D3_09625,G_02277,en,E5x_pooled,0,0.9743243455886841,1,,,,
D3_09627,G_05414,en,E5x_pooled,0,0.9756103754043579,1,,,,
D3_09628,G_05702,en,E5x_pooled,0,0.9699862599372864,1,,,,
D3_09629,G_05416,en,E5x_pooled,0,0.9626728296279907,1,,,,
D3_09630,G_05417,en,E5x_pooled,0,0.9748426675796509,1,,,,
D3_09631,G_05418,en,E5x_pooled,0,0.9780314564704895,1,,,,
D3_09632,G_05419,en,E5x_pooled,0,0.9770983457565308,1,,,,
D3_09633,G_05420,en,E5x_pooled,0,0.9752042889595032,1,,,,
D3_09634,G_05421,en,E5x_pooled,0,0.9721706509590149,1,,,,
D3_09635,G_05397,en,E5x_pooled,0,0.9352571964263916,1,,,,
D3_09636,G_05423,en,E5x_pooled,0,0.9772851467132568,1,,,,
D3_09637,G_05424,en,E5x_pooled,0,0.9771634340286255,1,,,,
D3_09638,G_05425,en,E5x_pooled,0,0.978099524974823,1,,,,
D3_09719,G_05426,en,E5x_pooled,0,0.969067394733429,1,,,,
D3_09720,G_05427,en,E5x_pooled,0,0.9526038765907288,1,,,,
D3_09721,G_05428,en,E5x_pooled,0,0.9703004360198975,1,,,,
D3_09722,G_05429,en,E5x_pooled,0,0.9758519530296326,1,,,,
D3_09723,G_05430,en,E5x_pooled,0,0.973686933517456,1,,,,
D3_09724,G_05431,en,E5x_pooled,0,0.9690771698951721,1,,,,
D3_09725,G_04180,en,E5x_pooled,0,0.9722139239311218,1,,,,
D3_09726,G_02354,en,E5x_pooled,0,0.9728652238845825,1,,,,
D3_09727,G_02372,en,E5x_pooled,0,0.9715757966041565,1,,,,
D3_09728,G_02368,en,E5x_pooled,0,0.9733167290687561,1,,,,
D3_09729,G_02390,en,E5x_pooled,0,0.9702975749969482,1,,,,
D3_09730,G_02363,en,E5x_pooled,0,0.9734993577003479,1,,,,
D3_09731,G_05438,en,E5x_pooled,0,0.9677498936653137,1,,,,
D3_09732,G_05439,en,E5x_pooled,0,0.9584070444107056,1,,,,
D3_09733,G_05440,en,E5x_pooled,0,0.9719955325126648,1,,,,
D3_09734,G_05441,en,E5x_pooled,0,0.9740440845489502,1,,,,
D3_09735,G_05442,en,E5x_pooled,0,0.9744543433189392,1,,,,
D3_09736,G_05443,en,E5x_pooled,0,0.9688857793807983,1,,,,
D3_09737,G_04180,en,E5x_pooled,0,0.9758524298667908,1,,,,
D3_09738,G_02354,en,E5x_pooled,0,0.9760857820510864,1,,,,
D3_09740,G_05446,en,E5x_pooled,0,0.9750422239303589,1,,,,
D3_09741,G_02390,en,E5x_pooled,0,0.9748261570930481,1,,,,
D3_09743,G_05448,en,E5x_pooled,0,0.9697166085243225,1,,,,
D3_09744,G_05449,en,E5x_pooled,0,0.9685319066047668,1,,,,
D3_09745,G_05450,en,E5x_pooled,0,0.967470645904541,1,,,,
D3_09746,G_05451,en,E5x_pooled,0,0.9744523167610168,1,,,,
D3_09747,G_05452,en,E5x_pooled,0,0.9734326004981995,1,,,,
D3_09748,G_05453,en,E5x_pooled,0,0.9747195243835449,1,,,,
D3_09749,G_05454,en,E5x_pooled,0,0.8471330404281616,1,,,,
D3_09750,G_05455,en,E5x_pooled,0,0.9689704775810242,1,,,,
D3_09751,G_05456,en,E5x_pooled,0,0.9599299430847168,1,,,,
D3_09752,G_05457,en,E5x_pooled,0,0.9709908962249756,1,,,,
D3_09753,G_05458,en,E5x_pooled,0,0.9663515686988831,1,,,,
D3_09754,G_05459,en,E5x_pooled,0,0.9728148579597473,1,,,,
D3_09836,G_05460,en,E5x_pooled,0,0.9778785705566406,1,,,,
D3_09837,G_04635,en,E5x_pooled,0,0.9315105080604553,1,,,,
D3_09838,G_02235,en,E5x_pooled,0,0.9612879157066345,1,,,,
D3_09839,G_02468,en,E5x_pooled,0,0.9780365824699402,1,,,,
D3_09840,G_05464,en,E5x_pooled,0,0.974351704120636,1,,,,
D3_09841,G_05465,en,E5x_pooled,0,0.9724175930023193,1,,,,
D3_09842,G_02238,en,E5x_pooled,0,0.9760622382164001,1,,,,
D3_09843,G_04635,en,E5x_pooled,0,0.9690641760826111,1,,,,
D3_09844,G_02235,en,E5x_pooled,0,0.9722684621810913,1,,,,
D3_09845,G_02468,en,E5x_pooled,0,0.9767298102378845,1,,,,
D3_09846,G_02277,en,E5x_pooled,0,0.9751498103141785,1,,,,
D3_09847,G_03183,en,E5x_pooled,0,0.9752028584480286,1,,,,
D3_09848,G_05472,en,E5x_pooled,0,0.9752590656280518,1,,,,
D3_09849,G_05473,en,E5x_pooled,0,0.9499868154525757,1,,,,
D3_09850,G_02235,en,E5x_pooled,0,0.9653529524803162,1,,,,
D3_09851,G_05475,en,E5x_pooled,0,0.9775871634483337,1,,,,
D3_09852,G_02277,en,E5x_pooled,0,0.9766911864280701,1,,,,
D3_09853,G_03183,en,E5x_pooled,0,0.9736948609352112,1,,,,
D3_09855,G_04635,en,E5x_pooled,0,0.9691215753555298,1,,,,
D3_09858,G_02277,en,E5x_pooled,0,0.974677562713623,1,,,,
D3_09860,G_02238,en,E5x_pooled,0,0.9765470027923584,1,,,,
D3_09861,G_04635,en,E5x_pooled,0,0.9600096940994263,1,,,,
D3_09862,G_05482,en,E5x_pooled,0,0.9669817090034485,1,,,,
D3_09863,G_05483,en,E5x_pooled,0,0.9777805209159851,1,,,,
D3_09864,G_05484,en,E5x_pooled,0,0.9721733927726746,1,,,,
D3_09865,G_03183,en,E5x_pooled,0,0.9754907488822937,1,,,,
D3_09866,G_05486,en,E5x_pooled,0,0.9754887223243713,1,,,,
D3_09867,G_05487,en,E5x_pooled,0,0.9642988443374634,1,,,,
D3_09868,G_05488,en,E5x_pooled,0,0.971213698387146,1,,,,
D3_09869,G_05489,en,E5x_pooled,0,0.9775218963623047,1,,,,
D3_09870,G_05490,en,E5x_pooled,0,0.9766244292259216,1,,,,
D3_09952,G_05491,en,E5x_pooled,0,0.9738214612007141,1,,,,
D3_09953,G_05492,en,E5x_pooled,0,0.9754763841629028,1,,,,
D3_09954,G_05493,en,E5x_pooled,0,0.9700422286987305,1,,,,
D3_09955,G_05494,en,E5x_pooled,0,0.9765623211860657,1,,,,
D3_09956,G_05495,en,E5x_pooled,0,0.9710314869880676,1,,,,
D3_09957,G_05496,en,E5x_pooled,0,0.976904571056366,1,,,,
D3_09958,G_02499,en,E5x_pooled,0,0.9734975695610046,1,,,,
D3_09959,G_02500,en,E5x_pooled,0,0.971342921257019,1,,,,
D3_09960,G_02504,en,E5x_pooled,0,0.9749577045440674,1,,,,
D3_09961,G_02510,en,E5x_pooled,0,0.9767522215843201,1,,,,
D3_09962,G_03808,en,E5x_pooled,0,0.9735941886901855,1,,,,
D3_09963,G_02499,en,E5x_pooled,0,0.9740248918533325,1,,,,
D3_09964,G_05503,en,E5x_pooled,0,0.975193440914154,1,,,,
D3_09965,G_05504,en,E5x_pooled,0,0.9705095291137695,1,,,,
D3_09966,G_05505,en,E5x_pooled,0,0.9777541160583496,1,,,,
D3_09967,G_02510,en,E5x_pooled,0,0.9753164649009705,1,,,,
D3_09968,G_03808,en,E5x_pooled,0,0.9758598208427429,1,,,,
D3_09969,G_05508,en,E5x_pooled,0,0.9734105467796326,1,,,,
D3_09970,G_03319,en,E5x_pooled,0,0.9729983806610107,1,,,,
D3_09971,G_05510,en,E5x_pooled,0,0.9750351905822754,1,,,,
D3_09972,G_05511,en,E5x_pooled,0,0.9763012528419495,1,,,,
D3_09973,G_05512,en,E5x_pooled,0,0.9777169227600098,1,,,,
D3_09975,G_05513,en,E5x_pooled,0,0.9736977815628052,1,,,,
D3_09976,G_05514,en,E5x_pooled,0,0.974910318851471,1,,,,
D3_09977,G_05515,en,E5x_pooled,0,0.97244793176651,1,,,,
D3_09978,G_05516,en,E5x_pooled,0,0.976353645324707,1,,,,
D3_09979,G_05517,en,E5x_pooled,0,0.9788779616355896,1,,,,
D3_09980,G_05518,en,E5x_pooled,0,0.9754530191421509,1,,,,
D3_09981,G_05519,en,E5x_pooled,0,0.9695053100585938,1,,,,
D3_09982,G_05520,en,E5x_pooled,0,0.9682231545448303,1,,,,
D3_09983,G_05521,en,E5x_pooled,0,0.9726212024688721,1,,,,
D3_09984,G_05522,en,E5x_pooled,0,0.9766860604286194,1,,,,
D3_09985,G_05523,en,E5x_pooled,0,0.9715414047241211,1,,,,
D3_09986,G_05524,en,E5x_pooled,0,0.9744402170181274,1,,,,
D3_10067,G_05525,en,E5x_pooled,0,0.9773298501968384,1,,,,
D3_10068,G_05526,en,E5x_pooled,0,0.972111165523529,1,,,,
D3_10069,G_05527,en,E5x_pooled,0,0.9698636531829834,1,,,,
D3_10070,G_05528,en,E5x_pooled,0,0.977594792842865,1,,,,
D3_10071,G_05529,en,E5x_pooled,0,0.9744386672973633,1,,,,
D3_10072,G_05530,en,E5x_pooled,0,0.9786136746406555,1,,,,
D3_10073,G_01667,en,E5x_pooled,0,0.9770517945289612,1,,,,
D3_10074,G_01664,en,E5x_pooled,0,0.9743043184280396,1,,,,
D3_10075,G_02968,en,E5x_pooled,0,0.9715062975883484,1,,,,
D3_10076,G_01691,en,E5x_pooled,0,0.9773768782615662,1,,,,
D3_10077,G_01677,en,E5x_pooled,0,0.9758391380310059,1,,,,
D3_10078,G_01705,en,E5x_pooled,0,0.9784281849861145,1,,,,
D3_10079,G_05537,en,E5x_pooled,0,0.9777116775512695,1,,,,
D3_10081,G_05538,en,E5x_pooled,0,0.9709611535072327,1,,,,
D3_10082,G_05539,en,E5x_pooled,0,0.9771685600280762,1,,,,
D3_10083,G_05540,en,E5x_pooled,0,0.9751494526863098,1,,,,
D3_10084,G_01705,en,E5x_pooled,0,0.9792810678482056,1,,,,
D3_10086,G_01664,en,E5x_pooled,0,0.9750134348869324,1,,,,
D3_10087,G_03546,en,E5x_pooled,0,0.9717314839363098,1,,,,
D3_10089,G_05544,en,E5x_pooled,0,0.9751902222633362,1,,,,
D3_10090,G_01705,en,E5x_pooled,0,0.978429913520813,1,,,,
D3_10091,G_05546,en,E5x_pooled,0,0.975339949131012,1,,,,
D3_10092,G_01664,en,E5x_pooled,0,0.9681105017662048,1,,,,
D3_10093,G_02968,en,E5x_pooled,0,0.9673259258270264,1,,,,
D3_10094,G_05549,en,E5x_pooled,0,0.9776058197021484,1,,,,
D3_10095,G_05550,en,E5x_pooled,0,0.9722805619239807,1,,,,
D3_10096,G_01705,en,E5x_pooled,0,0.9784128069877625,1,,,,
D3_10097,G_05552,en,E5x_pooled,0,0.9775068759918213,1,,,,
D3_10098,G_05553,en,E5x_pooled,0,0.9714105725288391,1,,,,
D3_10099,G_05554,en,E5x_pooled,0,0.9367550611495972,1,,,,
D3_10100,G_05555,en,E5x_pooled,0,0.9778276085853577,1,,,,
D3_10101,G_05556,en,E5x_pooled,0,0.9770330190658569,1,,,,
D3_10102,G_05557,en,E5x_pooled,0,0.9788897037506104,1,,,,
D3_10183,G_05558,en,E5x_pooled,0,0.9611034393310547,1,,,,
D3_10184,G_05559,en,E5x_pooled,0,0.9394760727882385,1,,,,
D3_10185,G_05560,en,E5x_pooled,0,0.9440640807151794,1,,,,
D3_10186,G_05561,en,E5x_pooled,0,0.9734688401222229,1,,,,
D3_10187,G_05562,en,E5x_pooled,0,0.9724974036216736,1,,,,
D3_10188,G_05563,en,E5x_pooled,0,0.9762657284736633,1,,,,
D3_10189,G_01803,en,E5x_pooled,0,0.968151867389679,1,,,,
D3_10190,G_05565,en,E5x_pooled,0,0.9682179093360901,1,,,,
D3_10191,G_01802,en,E5x_pooled,0,0.9669162034988403,1,,,,
D3_10192,G_03029,en,E5x_pooled,0,0.9757657051086426,1,,,,
D3_10193,G_01790,en,E5x_pooled,0,0.9746047258377075,1,,,,
D3_10194,G_01794,en,E5x_pooled,0,0.9783073663711548,1,,,,
D3_10195,G_01815,en,E5x_pooled,0,0.9721534252166748,1,,,,
D3_10196,G_05571,en,E5x_pooled,0,0.9689905047416687,1,,,,
D3_10197,G_05572,en,E5x_pooled,0,0.9681858420372009,1,,,,
D3_10198,G_05573,en,E5x_pooled,0,0.9758557081222534,1,,,,
D3_10199,G_05284,en,E5x_pooled,0,0.9737953543663025,1,,,,
D3_10201,G_05575,en,E5x_pooled,0,0.963729739189148,1,,,,
D3_10202,G_01785,en,E5x_pooled,0,0.9348191618919373,1,,,,
D3_10203,G_01802,en,E5x_pooled,0,0.9641402363777161,1,,,,
D3_10204,G_03029,en,E5x_pooled,0,0.9706069231033325,1,,,,
D3_10205,G_05579,en,E5x_pooled,0,0.9728546142578125,1,,,,
D3_10206,G_01794,en,E5x_pooled,0,0.978133499622345,1,,,,
D3_10207,G_05581,en,E5x_pooled,0,0.9476640820503235,1,,,,
D3_10208,G_05582,en,E5x_pooled,0,0.9460174441337585,1,,,,
D3_10209,G_05583,en,E5x_pooled,0,0.9536747336387634,1,,,,
D3_10210,G_05584,en,E5x_pooled,0,0.973288357257843,1,,,,
D3_10211,G_05585,en,E5x_pooled,0,0.9725010395050049,1,,,,
D3_10212,G_05586,en,E5x_pooled,0,0.9762319922447205,1,,,,
D3_10233,G_05587,en,E5x_pooled,0,0.9286329746246338,1,,,,
D3_10234,G_05588,en,E5x_pooled,0,0.9730595350265503,1,,,,
D3_10235,G_05589,en,E5x_pooled,0,0.9596664905548096,1,,,,
D3_10236,G_05590,en,E5x_pooled,0,0.9741355776786804,1,,,,
D3_10237,G_01902,en,E5x_pooled,0,0.9790239334106445,1,,,,
D3_10238,G_05592,en,E5x_pooled,0,0.9733344316482544,1,,,,
D3_10239,G_01893,en,E5x_pooled,0,0.963744580745697,1,,,,
D3_10240,G_01890,en,E5x_pooled,0,0.9719973206520081,1,,,,
D3_10241,G_01896,en,E5x_pooled,0,0.9709005355834961,1,,,,
D3_10242,G_01906,en,E5x_pooled,0,0.975781261920929,1,,,,
D3_10243,G_01902,en,E5x_pooled,0,0.9784064292907715,1,,,,
D3_10244,G_01901,en,E5x_pooled,0,0.9770054817199707,1,,,,
D3_10245,G_05599,en,E5x_pooled,0,0.9692240357398987,1,,,,
D3_10246,G_05600,en,E5x_pooled,0,0.9746807217597961,1,,,,
D3_10247,G_05601,en,E5x_pooled,0,0.9728615880012512,1,,,,
D3_10248,G_05602,en,E5x_pooled,0,0.9742463827133179,1,,,,
D3_10249,G_05603,en,E5x_pooled,0,0.9775235056877136,1,,,,
D3_10250,G_05604,en,E5x_pooled,0,0.9782769083976746,1,,,,
D3_10251,G_01893,en,E5x_pooled,0,0.9707745909690857,1,,,,
D3_10256,G_01901,en,E5x_pooled,0,0.977319061756134,1,,,,
D3_10257,G_04900,en,E5x_pooled,0,0.9644080996513367,1,,,,
D3_10258,G_05608,en,E5x_pooled,0,0.9716439247131348,1,,,,
D3_10259,G_05609,en,E5x_pooled,0,0.9211174249649048,1,,,,
D3_10260,G_01906,en,E5x_pooled,0,0.9744713306427002,1,,,,
D3_10261,G_01902,en,E5x_pooled,0,0.978242814540863,1,,,,
D3_10262,G_01901,en,E5x_pooled,0,0.978380024433136,1,,,,
D3_10263,G_05613,en,E5x_pooled,0,0.9379645586013794,1,,,,
D3_10264,G_05614,en,E5x_pooled,0,0.9723396897315979,1,,,,
D3_10265,G_05615,en,E5x_pooled,0,0.9677327275276184,1,,,,
D3_10266,G_05616,en,E5x_pooled,0,0.9751919507980347,1,,,,
D3_10267,G_05617,en,E5x_pooled,0,0.9790309071540833,1,,,,
D3_10268,G_05618,en,E5x_pooled,0,0.9764153361320496,1,,,,
D3_10349,G_05619,en,E5x_pooled,0,0.965752124786377,1,,,,
D3_10350,G_05620,en,E5x_pooled,0,0.9730421304702759,1,,,,
D3_10351,G_05621,en,E5x_pooled,0,0.9769185185432434,1,,,,
D3_10352,G_05622,en,E5x_pooled,0,0.9751234650611877,1,,,,
D3_10353,G_05623,en,E5x_pooled,0,0.9789206385612488,1,,,,
D3_10354,G_05624,en,E5x_pooled,0,0.9719647765159607,1,,,,
D3_10355,G_02011,en,E5x_pooled,0,0.9731395840644836,1,,,,
D3_10356,G_03634,en,E5x_pooled,0,0.9751830101013184,1,,,,
D3_10357,G_02007,en,E5x_pooled,0,0.9767675995826721,1,,,,
D3_10358,G_03116,en,E5x_pooled,0,0.9757573008537292,1,,,,
D3_10359,G_02020,en,E5x_pooled,0,0.9779896140098572,1,,,,
D3_10360,G_02021,en,E5x_pooled,0,0.9759843349456787,1,,,,
D3_10361,G_05631,en,E5x_pooled,0,0.9672368168830872,1,,,,
D3_10362,G_05632,en,E5x_pooled,0,0.9732730984687805,1,,,,
D3_10363,G_05633,en,E5x_pooled,0,0.9753856062889099,1,,,,
D3_10364,G_05634,en,E5x_pooled,0,0.9751536250114441,1,,,,
D3_10365,G_05635,en,E5x_pooled,0,0.9788605570793152,1,,,,
D3_10366,G_05636,en,E5x_pooled,0,0.9717209935188293,1,,,,
D3_10371,G_02020,en,E5x_pooled,0,0.9772447943687439,1,,,,
D3_10372,G_02021,en,E5x_pooled,0,0.9754865765571594,1,,,,
D3_10373,G_02011,en,E5x_pooled,0,0.9719076752662659,1,,,,
D3_10374,G_05640,en,E5x_pooled,0,0.9747092723846436,1,,,,
D3_10375,G_05641,en,E5x_pooled,0,0.9741007685661316,1,,,,
D3_10376,G_05642,en,E5x_pooled,0,0.9770205020904541,1,,,,
D3_10377,G_05643,en,E5x_pooled,0,0.9773823618888855,1,,,,
D3_10378,G_05644,en,E5x_pooled,0,0.9740549325942993,1,,,,
D3_10379,G_05645,en,E5x_pooled,0,0.9633121490478516,1,,,,
D3_10380,G_05646,en,E5x_pooled,0,0.9749869108200073,1,,,,
D3_10381,G_05647,en,E5x_pooled,0,0.9327704310417175,1,,,,
D3_10382,G_05648,en,E5x_pooled,0,0.9749614000320435,1,,,,
D3_10383,G_05649,en,E5x_pooled,0,0.9769896268844604,1,,,,
D3_10384,G_05650,en,E5x_pooled,0,0.9721052050590515,1,,,,
D3_10466,G_05651,en,E5x_pooled,0,0.97043377161026,1,,,,
D3_10467,G_05652,en,E5x_pooled,0,0.9525191187858582,1,,,,
D3_10468,G_05653,en,E5x_pooled,0,0.9267828464508057,1,,,,
D3_10469,G_04962,en,E5x_pooled,0,0.9719820022583008,1,,,,
D3_10470,G_02129,en,E5x_pooled,0,0.9709268808364868,1,,,,
D3_10471,G_05656,en,E5x_pooled,0,0.9668212532997131,1,,,,
D3_10472,G_02150,en,E5x_pooled,0,0.977583646774292,1,,,,
D3_10473,G_03685,en,E5x_pooled,0,0.977187991142273,1,,,,
D3_10474,G_04106,en,E5x_pooled,0,0.9772343635559082,1,,,,
D3_10475,G_05660,en,E5x_pooled,0,0.9728493094444275,1,,,,
D3_10476,G_05661,en,E5x_pooled,0,0.9701533913612366,1,,,,
D3_10477,G_05662,en,E5x_pooled,0,0.9664950966835022,1,,,,
D3_10478,G_05663,en,E5x_pooled,0,0.979840874671936,1,,,,
D3_10479,G_05664,en,E5x_pooled,0,0.9766165614128113,1,,,,
D3_10480,G_04106,en,E5x_pooled,0,0.9769196510314941,1,,,,
D3_10481,G_04962,en,E5x_pooled,0,0.9716148972511292,1,,,,
D3_10482,G_05667,en,E5x_pooled,0,0.9701279401779175,1,,,,
D3_10487,G_05668,en,E5x_pooled,0,0.9722456932067871,1,,,,
D3_10488,G_05669,en,E5x_pooled,0,0.9689735174179077,1,,,,
D3_10489,G_05670,en,E5x_pooled,0,0.9708425998687744,1,,,,
D3_10490,G_05671,en,E5x_pooled,0,0.9753240346908569,1,,,,
D3_10491,G_03685,en,E5x_pooled,0,0.9764452576637268,1,,,,
D3_10492,G_05673,en,E5x_pooled,0,0.9776151776313782,1,,,,
D3_10493,G_05674,en,E5x_pooled,0,0.969411313533783,1,,,,
D3_10494,G_05675,en,E5x_pooled,0,0.9682620763778687,1,,,,
D3_10495,G_05676,en,E5x_pooled,0,0.9689055681228638,1,,,,
D3_10496,G_05677,en,E5x_pooled,0,0.9773818254470825,1,,,,
D3_10497,G_05678,en,E5x_pooled,0,0.9758480191230774,1,,,,
D3_10498,G_05679,en,E5x_pooled,0,0.974791944026947,1,,,,
D3_10580,G_05680,en,E5x_pooled,0,0.9643107652664185,1,,,,
D3_10581,G_05702,en,E5x_pooled,0,0.9736171960830688,1,,,,
D3_10582,G_05682,en,E5x_pooled,0,0.9767031073570251,1,,,,
D3_10583,G_05683,en,E5x_pooled,0,0.9769731760025024,1,,,,
D3_10584,G_05684,en,E5x_pooled,0,0.9768656492233276,1,,,,
D3_10585,G_05685,en,E5x_pooled,0,0.9744715690612793,1,,,,
D3_10586,G_04635,en,E5x_pooled,0,0.9698264598846436,1,,,,
D3_10587,G_02235,en,E5x_pooled,0,0.9720436334609985,1,,,,
D3_10588,G_02243,en,E5x_pooled,0,0.9780046343803406,1,,,,
D3_10589,G_03178,en,E5x_pooled,0,0.9776091575622559,1,,,,
D3_10590,G_04642,en,E5x_pooled,0,0.9780007600784302,1,,,,
D3_10591,G_02277,en,E5x_pooled,0,0.9755325317382812,1,,,,
D3_10592,G_05692,en,E5x_pooled,0,0.963411271572113,1,,,,
D3_10593,G_05693,en,E5x_pooled,0,0.9729755520820618,1,,,,
D3_10594,G_05694,en,E5x_pooled,0,0.9740554094314575,1,,,,
D3_10595,G_05695,en,E5x_pooled,0,0.9778487086296082,1,,,,
D3_10596,G_05696,en,E5x_pooled,0,0.9776816368103027,1,,,,
D3_10597,G_05697,en,E5x_pooled,0,0.9759597182273865,1,,,,
D3_10600,G_05698,en,E5x_pooled,0,0.9780069589614868,1,,,,
D3_10601,G_03178,en,E5x_pooled,0,0.9770997166633606,1,,,,
D3_10603,G_02277,en,E5x_pooled,0,0.9740961194038391,1,,,,
D3_10604,G_04635,en,E5x_pooled,0,0.9658119678497314,1,,,,
D3_10605,G_05702,en,E5x_pooled,0,0.97389155626297,1,,,,
D3_10606,G_05703,en,E5x_pooled,0,0.9779447913169861,1,,,,
D3_10607,G_05704,en,E5x_pooled,0,0.9753113389015198,1,,,,
D3_10608,G_05705,en,E5x_pooled,0,0.9779928922653198,1,,,,
D3_10609,G_02277,en,E5x_pooled,0,0.9754776954650879,1,,,,
D3_10610,G_05707,en,E5x_pooled,0,0.9555734992027283,1,,,,
D3_10611,G_05702,en,E5x_pooled,0,0.9736218452453613,1,,,,
D3_10612,G_05709,en,E5x_pooled,0,0.9773418307304382,1,,,,
D3_10613,G_05710,en,E5x_pooled,0,0.9779700040817261,1,,,,
D3_10614,G_05711,en,E5x_pooled,0,0.9782213568687439,1,,,,
D3_10615,G_05712,en,E5x_pooled,0,0.9670391082763672,1,,,,
D3_10696,G_05713,en,E5x_pooled,0,0.9553656578063965,1,,,,
D3_10697,G_05714,en,E5x_pooled,0,0.9738213419914246,1,,,,
D3_10698,G_05715,en,E5x_pooled,0,0.9514579772949219,1,,,,
D3_10699,G_05716,en,E5x_pooled,0,0.9651728868484497,1,,,,
D3_10700,G_05717,en,E5x_pooled,0,0.9716836214065552,1,,,,
D3_10701,G_05718,en,E5x_pooled,0,0.9742044806480408,1,,,,
D3_10702,G_02356,en,E5x_pooled,0,0.9668897390365601,1,,,,
D3_10703,G_02372,en,E5x_pooled,0,0.9728686809539795,1,,,,
D3_10704,G_02353,en,E5x_pooled,0,0.9743679165840149,1,,,,
D3_10705,G_02364,en,E5x_pooled,0,0.9739438891410828,1,,,,
D3_10706,G_03228,en,E5x_pooled,0,0.9747911095619202,1,,,,
D3_10707,G_02369,en,E5x_pooled,0,0.9777653813362122,1,,,,
D3_10708,G_05725,en,E5x_pooled,0,0.9635630249977112,1,,,,
D3_10709,G_05726,en,E5x_pooled,0,0.9730883240699768,1,,,,
D3_10710,G_05727,en,E5x_pooled,0,0.9700489640235901,1,,,,
D3_10711,G_02364,en,E5x_pooled,0,0.9718446135520935,1,,,,
D3_10712,G_05729,en,E5x_pooled,0,0.9744454026222229,1,,,,
D3_10713,G_05730,en,E5x_pooled,0,0.9773804545402527,1,,,,
D3_10714,G_05731,en,E5x_pooled,0,0.9743725657463074,1,,,,
D3_10715,G_05732,en,E5x_pooled,0,0.9742773771286011,1,,,,
D3_10719,G_02369,en,E5x_pooled,0,0.9777376651763916,1,,,,
D3_10720,G_05734,en,E5x_pooled,0,0.9651899933815002,1,,,,
D3_10721,G_05735,en,E5x_pooled,0,0.9511358141899109,1,,,,
D3_10722,G_02372,en,E5x_pooled,0,0.9700695872306824,1,,,,
D3_10723,G_05737,en,E5x_pooled,0,0.9772960543632507,1,,,,
D3_10724,G_05738,en,E5x_pooled,0,0.9767435789108276,1,,,,
D3_10725,G_05739,en,E5x_pooled,0,0.9777513742446899,1,,,,
D3_10726,G_05740,en,E5x_pooled,0,0.9595004320144653,1,,,,
D3_10727,G_05741,en,E5x_pooled,0,0.9544602632522583,1,,,,
D3_10728,G_05742,en,E5x_pooled,0,0.9638281464576721,1,,,,
D3_10729,G_02364,en,E5x_pooled,0,0.9564099907875061,1,,,,
D3_10730,G_05744,en,E5x_pooled,0,0.9705999493598938,1,,,,
D3_10731,G_05745,en,E5x_pooled,0,0.9743383526802063,1,,,,
D3_10813,G_05746,en,E5x_pooled,0,0.9709305763244629,1,,,,
D3_10814,G_05747,en,E5x_pooled,0,0.9770002365112305,1,,,,
D3_10815,G_05748,en,E5x_pooled,0,0.9705795049667358,1,,,,
D3_10816,G_05749,en,E5x_pooled,0,0.9758515357971191,1,,,,
D3_10817,G_05750,en,E5x_pooled,0,0.9757282733917236,1,,,,
D3_10818,G_05751,en,E5x_pooled,0,0.9754902124404907,1,,,,
D3_10819,G_02235,en,E5x_pooled,0,0.9725621342658997,1,,,,
D3_10820,G_02243,en,E5x_pooled,0,0.9773879647254944,1,,,,
D3_10821,G_04639,en,E5x_pooled,0,0.973461389541626,1,,,,
D3_10822,G_02468,en,E5x_pooled,0,0.977344810962677,1,,,,
D3_10823,G_02277,en,E5x_pooled,0,0.9751976132392883,1,,,,
D3_10824,G_03183,en,E5x_pooled,0,0.9757217764854431,1,,,,
D3_10825,G_05758,en,E5x_pooled,0,0.9742352962493896,1,,,,
D3_10826,G_05759,en,E5x_pooled,0,0.9742506742477417,1,,,,
D3_10827,G_05760,en,E5x_pooled,0,0.968808114528656,1,,,,
D3_10828,G_05761,en,E5x_pooled,0,0.977150022983551,1,,,,
D3_10829,G_05762,en,E5x_pooled,0,0.9774073362350464,1,,,,
D3_10830,G_05763,en,E5x_pooled,0,0.9759816527366638,1,,,,
D3_10833,G_02275,en,E5x_pooled,0,0.9735403656959534,1,,,,
D3_10834,G_02276,en,E5x_pooled,0,0.9772854447364807,1,,,,
D3_10836,G_02475,en,E5x_pooled,0,0.9766520261764526,1,,,,
D3_10837,G_05702,en,E5x_pooled,0,0.9746296405792236,1,,,,
D3_10838,G_05768,en,E5x_pooled,0,0.9788139462471008,1,,,,
D3_10839,G_04639,en,E5x_pooled,0,0.9729861617088318,1,,,,
D3_10840,G_05770,en,E5x_pooled,0,0.9764261841773987,1,,,,
D3_10841,G_05771,en,E5x_pooled,0,0.9758853316307068,1,,,,
D3_10842,G_03183,en,E5x_pooled,0,0.9750775694847107,1,,,,
D3_10843,G_05773,en,E5x_pooled,0,0.9733456373214722,1,,,,
D3_10844,G_05774,en,E5x_pooled,0,0.9762109518051147,1,,,,
D3_10845,G_05775,en,E5x_pooled,0,0.9694327116012573,1,,,,
D3_10846,G_05776,en,E5x_pooled,0,0.977592945098877,1,,,,
D3_10847,G_05777,en,E5x_pooled,0,0.975295901298523,1,,,,
D3_10848,G_05778,en,E5x_pooled,0,0.9739712476730347,1,,,,
D3_10929,G_05779,en,E5x_pooled,0,0.974636435508728,1,,,,
D3_10930,G_05780,en,E5x_pooled,0,0.9722372889518738,1,,,,
D3_10931,G_05781,en,E5x_pooled,0,0.9733947515487671,1,,,,
D3_10932,G_05782,en,E5x_pooled,0,0.9749001264572144,1,,,,
D3_10933,G_05783,en,E5x_pooled,0,0.9736045598983765,1,,,,
D3_10934,G_05784,en,E5x_pooled,0,0.9731963276863098,1,,,,
D3_10935,G_03310,en,E5x_pooled,0,0.9738543629646301,1,,,,
D3_10936,G_02502,en,E5x_pooled,0,0.9731624722480774,1,,,,
D3_10937,G_02500,en,E5x_pooled,0,0.9711549282073975,1,,,,
D3_10938,G_02508,en,E5x_pooled,0,0.9763617515563965,1,,,,
D3_10939,G_03806,en,E5x_pooled,0,0.9745641946792603,1,,,,
D3_10940,G_02504,en,E5x_pooled,0,0.9749600291252136,1,,,,
D3_10941,G_05791,en,E5x_pooled,0,0.9724986553192139,1,,,,
D3_10942,G_05792,en,E5x_pooled,0,0.9762715101242065,1,,,,
D3_10943,G_02500,en,E5x_pooled,0,0.9714637398719788,1,,,,
D3_10944,G_05794,en,E5x_pooled,0,0.9734520316123962,1,,,,
D3_10945,G_05795,en,E5x_pooled,0,0.9724613428115845,1,,,,
D3_10946,G_05796,en,E5x_pooled,0,0.9763929843902588,1,,,,
D3_10947,G_03321,en,E5x_pooled,0,0.9751715660095215,1,,,,
D3_10948,G_05798,en,E5x_pooled,0,0.9773038029670715,1,,,,
D3_10951,G_05084,en,E5x_pooled,0,0.9756582379341125,1,,,,
D3_10953,G_05800,en,E5x_pooled,0,0.9689664244651794,1,,,,
D3_10954,G_02502,en,E5x_pooled,0,0.9717668294906616,1,,,,
D3_10955,G_05802,en,E5x_pooled,0,0.9715931415557861,1,,,,
D3_10956,G_05803,en,E5x_pooled,0,0.9777976274490356,1,,,,
D3_10957,G_05804,en,E5x_pooled,0,0.9737034440040588,1,,,,
D3_10958,G_05805,en,E5x_pooled,0,0.9718232154846191,1,,,,
D3_10959,G_05806,en,E5x_pooled,0,0.9679825901985168,1,,,,
D3_10960,G_05807,en,E5x_pooled,0,0.9747354984283447,1,,,,
D3_10961,G_05808,en,E5x_pooled,0,0.9651328921318054,1,,,,
D3_10962,G_05809,en,E5x_pooled,0,0.9766760468482971,1,,,,
D3_10963,G_05810,en,E5x_pooled,0,0.9697027802467346,1,,,,
D3_10964,G_05811,en,E5x_pooled,0,0.9757412075996399,1,,,,
