id,group_id,language,condition,label,score,pred,parent_id,method,technique,perturbation_rate
D1_00003,G_00002,en,E1_clean,0,0.01651506091005601,0,,,,
D1_00007,G_00006,en,E1_clean,0,0.054465348517929675,0,,,,
D1_00011,G_00010,en,E1_clean,1,0.9788341521620451,1,,,,
D1_00031,G_00030,en,E1_clean,0,0.006242563613851361,0,,,,
D1_00032,G_00031,en,E1_clean,0,0.014820002932026096,0,,,,
D1_00040,G_00039,en,E1_clean,0,0.006544648899386439,0,,,,
D1_00042,G_00041,en,E1_clean,0,0.012068070365526555,0,,,,
D1_00045,G_00044,en,E1_clean,0,0.0974326705456889,0,,,,
D1_00050,G_00049,en,E1_clean,0,0.19497708273138337,0,,,,
D1_00055,G_00054,en,E1_clean,0,0.006445463167671868,0,,,,
D1_00056,G_00055,en,E1_clean,0,0.012347316481704264,0,,,,
D1_00057,G_00056,en,E1_clean,1,0.9990975714134998,1,,,,
D1_00064,G_00063,en,E1_clean,0,0.008389907421620648,0,,,,
D1_00066,G_00065,en,E1_clean,0,0.023306035447074738,0,,,,
D1_00070,G_00069,en,E1_clean,1,0.9980408681893452,1,,,,
D1_00073,G_00072,en,E1_clean,0,0.013412908196207005,0,,,,
D1_00077,G_00076,en,E1_clean,0,0.1870318645881848,0,,,,
D1_00079,G_00078,en,E1_clean,1,0.9928966256242023,1,,,,
D1_00082,G_00081,en,E1_clean,0,0.003290881032559044,0,,,,
D1_00087,G_00086,en,E1_clean,1,0.9991394518184342,1,,,,
D1_00091,G_00090,en,E1_clean,0,0.005487386271864369,0,,,,
D1_00102,G_00101,en,E1_clean,0,0.041743330265843925,0,,,,
D1_00105,G_00055,en,E1_clean,0,0.010642604549229167,0,,,,
D1_00111,G_00110,en,E1_clean,0,0.01699166072493236,0,,,,
D1_00112,G_00111,en,E1_clean,0,0.09632582941096399,0,,,,
D1_00133,G_00132,en,E1_clean,0,0.17230916734024365,0,,,,
D1_00150,G_00149,en,E1_clean,0,0.11734642644349096,0,,,,
D1_00160,G_00159,en,E1_clean,0,0.05227104956025417,0,,,,
D1_00165,G_00164,en,E1_clean,0,0.10889454169968037,0,,,,
D1_00167,G_00166,en,E1_clean,0,0.2481050144712699,0,,,,
D1_00176,G_00175,en,E1_clean,0,0.0778368895025204,0,,,,
D1_00178,G_00177,en,E1_clean,0,0.023892283606832508,0,,,,
D1_00179,G_00178,en,E1_clean,1,0.9444549278153886,1,,,,
D1_00183,G_00182,other,E1_clean,0,0.22745330312446815,0,,,,
D1_00206,G_00205,en,E1_clean,0,0.005109658259812444,0,,,,
D1_00211,G_00210,other,E1_clean,0,0.0026891181312093337,0,,,,
D1_00212,G_00211,other,E1_clean,0,0.03411029773342699,0,,,,
D1_00220,G_00219,other,E1_clean,0,0.012623814172176595,0,,,,
D1_00222,G_00221,other,E1_clean,0,0.1989594216347948,0,,,,
D1_00233,G_00232,other,E1_clean,0,0.0030242353418089086,0,,,,
D1_00249,G_00248,other,E1_clean,0,0.03412831864823645,0,,,,
D1_00251,G_00250,other,E1_clean,1,0.980935638622041,1,,,,
D1_00259,G_00258,other,E1_clean,1,0.9895759092083029,1,,,,
D1_00266,G_00265,other,E1_clean,0,0.0011789208876386611,0,,,,
D1_00267,G_00266,other,E1_clean,1,0.9894417063123405,1,,,,
D1_00273,G_00272,other,E1_clean,0,0.001660916496149681,0,,,,
D1_00279,G_00278,other,E1_clean,0,0.6702678890940208,0,,,,
D1_00283,G_00282,other,E1_clean,0,0.006771128401301417,0,,,,
D1_00294,G_00293,other,E1_clean,0,0.0006689214623245683,0,,,,
D1_00300,G_00299,other,E1_clean,0,0.02061731024469766,0,,,,
D1_00302,G_00301,other,E1_clean,0,0.01698982799462034,0,,,,
D1_00313,G_00312,en,E1_clean,0,0.1391952367002536,0,,,,
D1_00323,G_00322,other,E1_clean,0,0.01702973790598903,0,,,,
D1_00329,G_00328,other,E1_clean,0,0.042791957215236806,0,,,,
D1_00343,G_00342,other,E1_clean,0,0.004697373489623484,0,,,,
D1_00344,G_00343,other,E1_clean,0,0.0018148368882551094,0,,,,
D1_00347,G_00346,other,E1_clean,0,0.07120478104483402,0,,,,
D1_00349,G_00348,other,E1_clean,1,0.9973784386167796,1,,,,
D1_00352,G_00351,other,E1_clean,1,0.8122847287361585,1,,,,
D1_00353,G_00352,other,E1_clean,0,0.8724560397450071,1,,,,
D1_00364,G_00363,en,E1_clean,1,0.45234138270624913,0,,,,
D1_00365,G_00364,other,E1_clean,0,0.07031293715450516,0,,,,
D1_00367,G_00366,en,E1_clean,1,0.8930649882370968,1,,,,
D1_00370,G_00369,other,E1_clean,1,0.9117613928504265,1,,,,
D1_00378,G_00377,en,E1_clean,1,0.99460570677981,1,,,,
D1_00406,G_00405,en,E1_clean,1,0.9962200776160008,1,,,,
D1_00408,G_00407,en,E1_clean,0,0.334454722082587,0,,,,
D1_00423,G_00422,en,E1_clean,1,0.9932910719038825,1,,,,
D1_00432,G_00431,other,E1_clean,0,0.061262980284001484,0,,,,
D1_00433,G_00432,other,E1_clean,0,0.06312493695563705,0,,,,
D1_00440,G_00439,en,E1_clean,0,0.7586318809149881,1,,,,
D1_00449,G_00448,en,E1_clean,1,0.9999826529351371,1,,,,
D1_00450,G_00449,en,E1_clean,0,0.01698414765509688,0,,,,
D1_00451,G_00450,en,E1_clean,1,0.9984778738485108,1,,,,
D1_00466,G_00465,en,E1_clean,1,0.9987398130714531,1,,,,
D1_00481,G_00480,en,E1_clean,0,0.9946514964301817,1,,,,
D1_00484,G_00483,en,E1_clean,1,0.9995997808487188,1,,,,
D1_00498,G_00497,other,E1_clean,1,0.970235080443352,1,,,,
D1_00502,G_00501,other,E1_clean,1,0.9862386528773563,1,,,,
D1_00505,G_00504,en,E1_clean,1,0.9679551435404488,1,,,,
D1_00512,G_00258,other,E1_clean,1,0.9813220548687929,1,,,,
D1_00514,G_00513,en,E1_clean,1,0.9014189119931517,1,,,,
D1_00530,G_00529,en,E1_clean,1,0.7133398652048987,1,,,,
D1_00544,G_00543,other,E1_clean,1,0.955238607688538,1,,,,
D1_00560,G_00559,en,E1_clean,0,0.012843486667013496,0,,,,
D1_00569,G_00568,en,E1_clean,0,0.45895693574219887,0,,,,
D1_00582,G_00581,en,E1_clean,0,0.011862466636071455,0,,,,
D1_00605,G_00604,other,E1_clean,0,0.004251918232313062,0,,,,
D1_00606,G_00605,other,E1_clean,0,0.009443794630988435,0,,,,
D1_00611,G_00610,other,E1_clean,0,0.03316821259074574,0,,,,
D1_00615,G_00614,other,E1_clean,0,0.003926087633000953,0,,,,
D1_00619,G_00618,other,E1_clean,0,0.6277807458753792,0,,,,
D1_00620,G_00619,other,E1_clean,0,0.016825268537525327,0,,,,
D1_00629,G_00628,en,E1_clean,0,0.8928267395355309,1,,,,
D1_00630,G_00629,other,E1_clean,1,0.9148843993244549,1,,,,
D1_00633,G_00632,en,E1_clean,1,0.9816199139289482,1,,,,
D1_00636,G_00635,en,E1_clean,1,0.9908866839582584,1,,,,
D1_00649,G_00648,en,E1_clean,1,0.21732081588047197,0,,,,
D1_00658,G_00657,en,E1_clean,1,0.2651061805703794,0,,,,
D1_00659,G_00658,en,E1_clean,1,0.20963971553897812,0,,,,
D1_00011__P1_back_translation,G_00010,en,E2_paraphrase,1,0.9826191727057826,1,D1_00011,P1_back_translation,,
D1_00031__P1_back_translation,G_00030,en,E2_paraphrase,0,0.013379769987976228,0,D1_00031,P1_back_translation,,
D1_00040__P1_back_translation,G_00039,en,E2_paraphrase,0,0.0055475825543015184,0,D1_00040,P1_back_translation,,
D1_00042__P1_back_translation,G_00041,en,E2_paraphrase,0,0.01997803015385528,0,D1_00042,P1_back_translation,,
D1_00070__P1_back_translation,G_00069,en,E2_paraphrase,1,0.9979824907185723,1,D1_00070,P1_back_translation,,
D1_00079__P1_back_translation,G_00078,en,E2_paraphrase,1,0.9880288408501902,1,D1_00079,P1_back_translation,,
D1_00091__P1_back_translation,G_00090,en,E2_paraphrase,0,0.004049781389252762,0,D1_00091,P1_back_translation,,
D1_00150__P1_back_translation,G_00149,en,E2_paraphrase,0,0.08129279992889683,0,D1_00150,P1_back_translation,,
D1_00206__P1_back_translation,G_00205,en,E2_paraphrase,0,0.009568652597122652,0,D1_00206,P1_back_translation,,
D1_00251__P1_back_translation,G_00250,other,E2_paraphrase,1,0.9886096271728546,1,D1_00251,P1_back_translation,,
D1_00267__P1_back_translation,G_00266,other,E2_paraphrase,1,0.9970937577280611,1,D1_00267,P1_back_translation,,
D1_00313__P1_back_translation,G_00312,en,E2_paraphrase,0,0.11028805232220057,0,D1_00313,P1_back_translation,,
D1_00344__P1_back_translation,G_00343,other,E2_paraphrase,0,0.0011244578471611864,0,D1_00344,P1_back_translation,,
D1_00349__P1_back_translation,G_00348,other,E2_paraphrase,1,0.9875742411256923,1,D1_00349,P1_back_translation,,
D1_00352__P1_back_translation,G_00351,other,E2_paraphrase,1,0.6237176617199567,0,D1_00352,P1_back_translation,,
D1_00364__P1_back_translation,G_00363,en,E2_paraphrase,1,0.7457452877602863,1,D1_00364,P1_back_translation,,
D1_00370__P1_back_translation,G_00369,other,E2_paraphrase,1,0.6347977794083409,0,D1_00370,P1_back_translation,,
D1_00378__P1_back_translation,G_00377,en,E2_paraphrase,1,0.9924106126971646,1,D1_00378,P1_back_translation,,
D1_00406__P1_back_translation,G_00405,en,E2_paraphrase,1,0.993635339406676,1,D1_00406,P1_back_translation,,
D1_00432__P1_back_translation,G_00431,other,E2_paraphrase,0,0.034223484826869176,0,D1_00432,P1_back_translation,,
D1_00440__P1_back_translation,G_00439,en,E2_paraphrase,0,0.9088695202274791,1,D1_00440,P1_back_translation,,
D1_00451__P1_back_translation,G_00450,en,E2_paraphrase,1,0.99307370263348,1,D1_00451,P1_back_translation,,
D1_00466__P1_back_translation,G_00465,en,E2_paraphrase,1,0.9930954454934005,1,D1_00466,P1_back_translation,,
D1_00498__P1_back_translation,G_00497,other,E2_paraphrase,1,0.9204094105734716,1,D1_00498,P1_back_translation,,
D1_00502__P1_back_translation,G_00501,other,E2_paraphrase,1,0.8978425520620961,1,D1_00502,P1_back_translation,,
D1_00505__P1_back_translation,G_00504,en,E2_paraphrase,1,0.9605519542941532,1,D1_00505,P1_back_translation,,
D1_00530__P1_back_translation,G_00529,en,E2_paraphrase,1,0.05674213067448795,0,D1_00530,P1_back_translation,,
D1_00544__P1_back_translation,G_00543,other,E2_paraphrase,1,0.9495663404797655,1,D1_00544,P1_back_translation,,
D1_00615__P1_back_translation,G_00614,other,E2_paraphrase,0,0.007302023374418212,0,D1_00615,P1_back_translation,,
D1_00629__P1_back_translation,G_00628,en,E2_paraphrase,0,0.7666513067425981,1,D1_00629,P1_back_translation,,
D1_00630__P1_back_translation,G_00629,other,E2_paraphrase,1,0.8938638702995364,1,D1_00630,P1_back_translation,,
D1_00633__P1_back_translation,G_00632,en,E2_paraphrase,1,0.9925434695153734,1,D1_00633,P1_back_translation,,
D1_00636__P1_back_translation,G_00635,en,E2_paraphrase,1,0.9867477305375084,1,D1_00636,P1_back_translation,,
D1_00659__P1_back_translation,G_00658,en,E2_paraphrase,1,0.1571460187952036,0,D1_00659,P1_back_translation,,
D1_00003__P3_wordnet,G_00002,en,E2_paraphrase,0,0.0494348505175648,0,D1_00003,P3_wordnet,,
D1_00007__P3_wordnet,G_00006,en,E2_paraphrase,0,0.18135943076202546,0,D1_00007,P3_wordnet,,
D1_00011__P3_wordnet,G_00010,en,E2_paraphrase,1,0.9892797441139449,1,D1_00011,P3_wordnet,,
D1_00031__P3_wordnet,G_00030,en,E2_paraphrase,0,0.005405999843127921,0,D1_00031,P3_wordnet,,
D1_00032__P3_wordnet,G_00031,en,E2_paraphrase,0,0.039118684881656464,0,D1_00032,P3_wordnet,,
D1_00040__P3_wordnet,G_00039,en,E2_paraphrase,0,0.009561747974212225,0,D1_00040,P3_wordnet,,
D1_00045__P3_wordnet,G_00044,en,E2_paraphrase,0,0.06789712170128358,0,D1_00045,P3_wordnet,,
D1_00050__P3_wordnet,G_00049,en,E2_paraphrase,0,0.1748864575079509,0,D1_00050,P3_wordnet,,
D1_00056__P3_wordnet,G_00055,en,E2_paraphrase,0,0.011679003625667334,0,D1_00056,P3_wordnet,,
D1_00057__P3_wordnet,G_00056,en,E2_paraphrase,1,0.9994655030328062,1,D1_00057,P3_wordnet,,
D1_00064__P3_wordnet,G_00063,en,E2_paraphrase,0,0.011460650798326394,0,D1_00064,P3_wordnet,,
D1_00066__P3_wordnet,G_00065,en,E2_paraphrase,0,0.12934940663975694,0,D1_00066,P3_wordnet,,
D1_00070__P3_wordnet,G_00069,en,E2_paraphrase,1,0.997983300153149,1,D1_00070,P3_wordnet,,
D1_00077__P3_wordnet,G_00076,en,E2_paraphrase,0,0.286977113990263,0,D1_00077,P3_wordnet,,
D1_00079__P3_wordnet,G_00078,en,E2_paraphrase,1,0.9963894816542063,1,D1_00079,P3_wordnet,,
D1_00082__P3_wordnet,G_00081,en,E2_paraphrase,0,0.04261961605220126,0,D1_00082,P3_wordnet,,
D1_00087__P3_wordnet,G_00086,en,E2_paraphrase,1,0.9957182702111685,1,D1_00087,P3_wordnet,,
D1_00102__P3_wordnet,G_00101,en,E2_paraphrase,0,0.0930791503729777,0,D1_00102,P3_wordnet,,
D1_00105__P3_wordnet,G_00055,en,E2_paraphrase,0,0.007846849410114876,0,D1_00105,P3_wordnet,,
D1_00112__P3_wordnet,G_00111,en,E2_paraphrase,0,0.1718029765519548,0,D1_00112,P3_wordnet,,
D1_00150__P3_wordnet,G_00149,en,E2_paraphrase,0,0.13321559077840087,0,D1_00150,P3_wordnet,,
D1_00160__P3_wordnet,G_00159,en,E2_paraphrase,0,0.04875907680673261,0,D1_00160,P3_wordnet,,
D1_00165__P3_wordnet,G_00164,en,E2_paraphrase,0,0.2655607148810602,0,D1_00165,P3_wordnet,,
D1_00167__P3_wordnet,G_00166,en,E2_paraphrase,0,0.2327183529766729,0,D1_00167,P3_wordnet,,
D1_00176__P3_wordnet,G_00175,en,E2_paraphrase,0,0.2224026112325765,0,D1_00176,P3_wordnet,,
D1_00179__P3_wordnet,G_00178,en,E2_paraphrase,1,0.9704544631640765,1,D1_00179,P3_wordnet,,
D1_00313__P3_wordnet,G_00312,en,E2_paraphrase,0,0.10729391006368022,0,D1_00313,P3_wordnet,,
D1_00364__P3_wordnet,G_00363,en,E2_paraphrase,1,0.5006605780350303,0,D1_00364,P3_wordnet,,
D1_00367__P3_wordnet,G_00366,en,E2_paraphrase,1,0.6488886953678623,0,D1_00367,P3_wordnet,,
D1_00406__P3_wordnet,G_00405,en,E2_paraphrase,1,0.9924569559456855,1,D1_00406,P3_wordnet,,
D1_00408__P3_wordnet,G_00407,en,E2_paraphrase,0,0.4440208682540158,0,D1_00408,P3_wordnet,,
D1_00440__P3_wordnet,G_00439,en,E2_paraphrase,0,0.8904013706395533,1,D1_00440,P3_wordnet,,
D1_00449__P3_wordnet,G_00448,en,E2_paraphrase,1,0.9996996296243579,1,D1_00449,P3_wordnet,,
D1_00451__P3_wordnet,G_00450,en,E2_paraphrase,1,0.9945974880466817,1,D1_00451,P3_wordnet,,
D1_00466__P3_wordnet,G_00465,en,E2_paraphrase,1,0.9972727613735388,1,D1_00466,P3_wordnet,,
D1_00481__P3_wordnet,G_00480,en,E2_paraphrase,0,0.613369207418366,0,D1_00481,P3_wordnet,,
D1_00484__P3_wordnet,G_00483,en,E2_paraphrase,1,0.9990760822433187,1,D1_00484,P3_wordnet,,
D1_00514__P3_wordnet,G_00513,en,E2_paraphrase,1,0.8883201429492744,1,D1_00514,P3_wordnet,,
D1_00530__P3_wordnet,G_00529,en,E2_paraphrase,1,0.8423204568954896,1,D1_00530,P3_wordnet,,
D1_00560__P3_wordnet,G_00559,en,E2_paraphrase,0,0.012136564756141242,0,D1_00560,P3_wordnet,,
D1_00569__P3_wordnet,G_00568,en,E2_paraphrase,0,0.23955532417118433,0,D1_00569,P3_wordnet,,
D1_00582__P3_wordnet,G_00581,en,E2_paraphrase,0,0.009354878988671003,0,D1_00582,P3_wordnet,,
D1_00633__P3_wordnet,G_00632,en,E2_paraphrase,1,0.9918469784355336,1,D1_00633,P3_wordnet,,
D1_00649__P3_wordnet,G_00648,en,E2_paraphrase,1,0.32212376045884616,0,D1_00649,P3_wordnet,,
D1_00658__P3_wordnet,G_00657,en,E2_paraphrase,1,0.15676284605129434,0,D1_00658,P3_wordnet,,
D1_00659__P3_wordnet,G_00658,en,E2_paraphrase,1,0.25633084270613316,0,D1_00659,P3_wordnet,,
D1_00003__O1_leetspeak_10,G_00002,en,E3_obfuscated,0,0.026383769382629478,0,D1_00003,,O1_leetspeak,0.1
D1_00003__O1_leetspeak_20,G_00002,en,E3_obfuscated,0,0.031606664265661555,0,D1_00003,,O1_leetspeak,0.2
D1_00003__O1_leetspeak_30,G_00002,en,E3_obfuscated,0,0.013409519657032791,0,D1_00003,,O1_leetspeak,0.3
D1_00003__O2_char_spacing_10,G_00002,en,E3_obfuscated,0,0.02867469460342042,0,D1_00003,,O2_char_spacing,0.1
D1_00003__O2_char_spacing_20,G_00002,en,E3_obfuscated,0,0.03824758724025741,0,D1_00003,,O2_char_spacing,0.2
D1_00003__O2_char_spacing_30,G_00002,en,E3_obfuscated,0,0.22485151936175052,0,D1_00003,,O2_char_spacing,0.3
D1_00003__O3_zero_width_10,G_00002,en,E3_obfuscated,0,0.020858658447518816,0,D1_00003,,O3_zero_width,0.1
D1_00003__O3_zero_width_20,G_00002,en,E3_obfuscated,0,0.22873992216090336,0,D1_00003,,O3_zero_width,0.2
D1_00003__O3_zero_width_30,G_00002,en,E3_obfuscated,0,0.48094105257293457,0,D1_00003,,O3_zero_width,0.3
D1_00003__O4_homoglyph_10,G_00002,en,E3_obfuscated,0,0.009260685090713396,0,D1_00003,,O4_homoglyph,0.1
D1_00003__O4_homoglyph_20,G_00002,en,E3_obfuscated,0,0.014422063907847735,0,D1_00003,,O4_homoglyph,0.2
D1_00003__O4_homoglyph_30,G_00002,en,E3_obfuscated,0,0.03552388508439787,0,D1_00003,,O4_homoglyph,0.3
D1_00003__O6_random_case_10,G_00002,en,E3_obfuscated,0,0.01651506091005601,0,D1_00003,,O6_random_case,0.1
D1_00003__O6_random_case_20,G_00002,en,E3_obfuscated,0,0.01651506091005601,0,D1_00003,,O6_random_case,0.2
D1_00003__O6_random_case_30,G_00002,en,E3_obfuscated,0,0.01651506091005601,0,D1_00003,,O6_random_case,0.3
D1_00003__O7_typo_10,G_00002,en,E3_obfuscated,0,0.017295276522374024,0,D1_00003,,O7_typo,0.1
D1_00003__O7_typo_20,G_00002,en,E3_obfuscated,0,0.027531591431076138,0,D1_00003,,O7_typo,0.2
D1_00003__O7_typo_30,G_00002,en,E3_obfuscated,0,0.043667094736945945,0,D1_00003,,O7_typo,0.3
D1_00003__O5_base64_100,G_00002,en,E3_obfuscated,0,0.8738194808000218,1,D1_00003,,O5_base64,1.0
D1_00007__O1_leetspeak_10,G_00006,en,E3_obfuscated,0,0.04064003282833006,0,D1_00007,,O1_leetspeak,0.1
D1_00007__O1_leetspeak_20,G_00006,en,E3_obfuscated,0,0.10518695481173336,0,D1_00007,,O1_leetspeak,0.2
D1_00007__O1_leetspeak_30,G_00006,en,E3_obfuscated,0,0.030921101843504085,0,D1_00007,,O1_leetspeak,0.3
D1_00007__O2_char_spacing_10,G_00006,en,E3_obfuscated,0,0.13147534613253337,0,D1_00007,,O2_char_spacing,0.1
D1_00007__O2_char_spacing_20,G_00006,en,E3_obfuscated,0,0.15451582484716447,0,D1_00007,,O2_char_spacing,0.2
D1_00007__O2_char_spacing_30,G_00006,en,E3_obfuscated,0,0.28848116000829493,0,D1_00007,,O2_char_spacing,0.3
D1_00007__O3_zero_width_10,G_00006,en,E3_obfuscated,0,0.13260614197535248,0,D1_00007,,O3_zero_width,0.1
D1_00007__O3_zero_width_20,G_00006,en,E3_obfuscated,0,0.12172777092291544,0,D1_00007,,O3_zero_width,0.2
D1_00007__O3_zero_width_30,G_00006,en,E3_obfuscated,0,0.5403078705914803,0,D1_00007,,O3_zero_width,0.3
D1_00007__O4_homoglyph_10,G_00006,en,E3_obfuscated,0,0.054812374017433836,0,D1_00007,,O4_homoglyph,0.1
D1_00007__O4_homoglyph_20,G_00006,en,E3_obfuscated,0,0.1985529432258799,0,D1_00007,,O4_homoglyph,0.2
D1_00007__O4_homoglyph_30,G_00006,en,E3_obfuscated,0,0.05380171611667406,0,D1_00007,,O4_homoglyph,0.3
D1_00007__O6_random_case_10,G_00006,en,E3_obfuscated,0,0.054465348517929675,0,D1_00007,,O6_random_case,0.1
D1_00007__O6_random_case_20,G_00006,en,E3_obfuscated,0,0.054465348517929675,0,D1_00007,,O6_random_case,0.2
D1_00007__O6_random_case_30,G_00006,en,E3_obfuscated,0,0.054465348517929675,0,D1_00007,,O6_random_case,0.3
D1_00007__O7_typo_10,G_00006,en,E3_obfuscated,0,0.06056891725844378,0,D1_00007,,O7_typo,0.1
D1_00007__O7_typo_20,G_00006,en,E3_obfuscated,0,0.20664861897223297,0,D1_00007,,O7_typo,0.2
D1_00007__O7_typo_30,G_00006,en,E3_obfuscated,0,0.07656438783931366,0,D1_00007,,O7_typo,0.3
D1_00007__O5_base64_100,G_00006,en,E3_obfuscated,0,0.8790575160746918,1,D1_00007,,O5_base64,1.0
D1_00011__O1_leetspeak_10,G_00010,en,E3_obfuscated,1,0.9675099989883534,1,D1_00011,,O1_leetspeak,0.1
D1_00011__O1_leetspeak_20,G_00010,en,E3_obfuscated,1,0.9741605084744586,1,D1_00011,,O1_leetspeak,0.2
D1_00011__O1_leetspeak_30,G_00010,en,E3_obfuscated,1,0.9138083126016444,1,D1_00011,,O1_leetspeak,0.3
D1_00011__O2_char_spacing_10,G_00010,en,E3_obfuscated,1,0.9940991311842299,1,D1_00011,,O2_char_spacing,0.1
D1_00011__O2_char_spacing_20,G_00010,en,E3_obfuscated,1,0.9940766624450431,1,D1_00011,,O2_char_spacing,0.2
D1_00011__O2_char_spacing_30,G_00010,en,E3_obfuscated,1,0.9924712725071411,1,D1_00011,,O2_char_spacing,0.3
D1_00011__O3_zero_width_10,G_00010,en,E3_obfuscated,1,0.9062623718206277,1,D1_00011,,O3_zero_width,0.1
D1_00011__O3_zero_width_20,G_00010,en,E3_obfuscated,1,0.9548066680604523,1,D1_00011,,O3_zero_width,0.2
D1_00011__O3_zero_width_30,G_00010,en,E3_obfuscated,1,0.8362146541124084,1,D1_00011,,O3_zero_width,0.3
D1_00011__O4_homoglyph_10,G_00010,en,E3_obfuscated,1,0.988022904138473,1,D1_00011,,O4_homoglyph,0.1
D1_00011__O4_homoglyph_20,G_00010,en,E3_obfuscated,1,0.9707548965931467,1,D1_00011,,O4_homoglyph,0.2
D1_00011__O4_homoglyph_30,G_00010,en,E3_obfuscated,1,0.9724967726165707,1,D1_00011,,O4_homoglyph,0.3
D1_00011__O6_random_case_10,G_00010,en,E3_obfuscated,1,0.9788341521620451,1,D1_00011,,O6_random_case,0.1
D1_00011__O6_random_case_20,G_00010,en,E3_obfuscated,1,0.9788341521620451,1,D1_00011,,O6_random_case,0.2
D1_00011__O6_random_case_30,G_00010,en,E3_obfuscated,1,0.9788341521620451,1,D1_00011,,O6_random_case,0.3
D1_00011__O7_typo_10,G_00010,en,E3_obfuscated,1,0.9836648880035864,1,D1_00011,,O7_typo,0.1
D1_00011__O7_typo_20,G_00010,en,E3_obfuscated,1,0.9619324825411518,1,D1_00011,,O7_typo,0.2
D1_00011__O7_typo_30,G_00010,en,E3_obfuscated,1,0.9634893447458808,1,D1_00011,,O7_typo,0.3
D1_00011__O5_base64_100,G_00010,en,E3_obfuscated,1,0.8701215519256258,1,D1_00011,,O5_base64,1.0
D1_00031__O1_leetspeak_10,G_00030,en,E3_obfuscated,0,0.005197577317775077,0,D1_00031,,O1_leetspeak,0.1
D1_00031__O1_leetspeak_20,G_00030,en,E3_obfuscated,0,0.0223104155197294,0,D1_00031,,O1_leetspeak,0.2
D1_00031__O1_leetspeak_30,G_00030,en,E3_obfuscated,0,0.013614921184203923,0,D1_00031,,O1_leetspeak,0.3
D1_00031__O2_char_spacing_10,G_00030,en,E3_obfuscated,0,0.008526385146947134,0,D1_00031,,O2_char_spacing,0.1
D1_00031__O2_char_spacing_20,G_00030,en,E3_obfuscated,0,0.06815917887751795,0,D1_00031,,O2_char_spacing,0.2
D1_00031__O2_char_spacing_30,G_00030,en,E3_obfuscated,0,0.008526385146947134,0,D1_00031,,O2_char_spacing,0.3
D1_00031__O3_zero_width_10,G_00030,en,E3_obfuscated,0,0.003950330931447945,0,D1_00031,,O3_zero_width,0.1
D1_00031__O3_zero_width_20,G_00030,en,E3_obfuscated,0,0.014763277197773853,0,D1_00031,,O3_zero_width,0.2
D1_00031__O3_zero_width_30,G_00030,en,E3_obfuscated,0,0.005385244109386802,0,D1_00031,,O3_zero_width,0.3
D1_00031__O4_homoglyph_10,G_00030,en,E3_obfuscated,0,0.02062088821375152,0,D1_00031,,O4_homoglyph,0.1
D1_00031__O4_homoglyph_20,G_00030,en,E3_obfuscated,0,0.03081188369175418,0,D1_00031,,O4_homoglyph,0.2
D1_00031__O4_homoglyph_30,G_00030,en,E3_obfuscated,0,0.0025893046241972522,0,D1_00031,,O4_homoglyph,0.3
D1_00031__O6_random_case_10,G_00030,en,E3_obfuscated,0,0.006242563613851361,0,D1_00031,,O6_random_case,0.1
D1_00031__O6_random_case_20,G_00030,en,E3_obfuscated,0,0.006242563613851361,0,D1_00031,,O6_random_case,0.2
D1_00031__O6_random_case_30,G_00030,en,E3_obfuscated,0,0.006242563613851361,0,D1_00031,,O6_random_case,0.3
D1_00031__O7_typo_10,G_00030,en,E3_obfuscated,0,0.021584369870990584,0,D1_00031,,O7_typo,0.1
D1_00031__O7_typo_20,G_00030,en,E3_obfuscated,0,0.0053295753963281366,0,D1_00031,,O7_typo,0.2
D1_00031__O7_typo_30,G_00030,en,E3_obfuscated,0,0.006057413111726136,0,D1_00031,,O7_typo,0.3
D1_00031__O5_base64_100,G_00030,en,E3_obfuscated,0,0.8877669479024467,1,D1_00031,,O5_base64,1.0
D1_00032__O1_leetspeak_10,G_00031,en,E3_obfuscated,0,0.019484864460163318,0,D1_00032,,O1_leetspeak,0.1
D1_00032__O1_leetspeak_20,G_00031,en,E3_obfuscated,0,0.06517659914913987,0,D1_00032,,O1_leetspeak,0.2
D1_00032__O1_leetspeak_30,G_00031,en,E3_obfuscated,0,0.05204770387995299,0,D1_00032,,O1_leetspeak,0.3
D1_00032__O2_char_spacing_10,G_00031,en,E3_obfuscated,0,0.0505065779756767,0,D1_00032,,O2_char_spacing,0.1
D1_00032__O2_char_spacing_20,G_00031,en,E3_obfuscated,0,0.07269588970574754,0,D1_00032,,O2_char_spacing,0.2
D1_00032__O2_char_spacing_30,G_00031,en,E3_obfuscated,0,0.12462421011728214,0,D1_00032,,O2_char_spacing,0.3
D1_00032__O3_zero_width_10,G_00031,en,E3_obfuscated,0,0.037218216573407174,0,D1_00032,,O3_zero_width,0.1
D1_00032__O3_zero_width_20,G_00031,en,E3_obfuscated,0,0.43300098714677276,0,D1_00032,,O3_zero_width,0.2
D1_00032__O3_zero_width_30,G_00031,en,E3_obfuscated,0,0.10139630895722047,0,D1_00032,,O3_zero_width,0.3
D1_00032__O4_homoglyph_10,G_00031,en,E3_obfuscated,0,0.009473151458051417,0,D1_00032,,O4_homoglyph,0.1
D1_00032__O4_homoglyph_20,G_00031,en,E3_obfuscated,0,0.047868597739981464,0,D1_00032,,O4_homoglyph,0.2
D1_00032__O4_homoglyph_30,G_00031,en,E3_obfuscated,0,0.04567245807029513,0,D1_00032,,O4_homoglyph,0.3
D1_00032__O6_random_case_10,G_00031,en,E3_obfuscated,0,0.014820002932026096,0,D1_00032,,O6_random_case,0.1
D1_00032__O6_random_case_20,G_00031,en,E3_obfuscated,0,0.014820002932026096,0,D1_00032,,O6_random_case,0.2
D1_00032__O6_random_case_30,G_00031,en,E3_obfuscated,0,0.014820002932026096,0,D1_00032,,O6_random_case,0.3
D1_00032__O7_typo_10,G_00031,en,E3_obfuscated,0,0.019101115726420703,0,D1_00032,,O7_typo,0.1
D1_00032__O7_typo_20,G_00031,en,E3_obfuscated,0,0.020889938138543077,0,D1_00032,,O7_typo,0.2
D1_00032__O7_typo_30,G_00031,en,E3_obfuscated,0,0.01417150750400025,0,D1_00032,,O7_typo,0.3
D1_00032__O5_base64_100,G_00031,en,E3_obfuscated,0,0.8657101466471432,1,D1_00032,,O5_base64,1.0
D1_00040__O1_leetspeak_10,G_00039,en,E3_obfuscated,0,0.007447162387983001,0,D1_00040,,O1_leetspeak,0.1
D1_00040__O1_leetspeak_20,G_00039,en,E3_obfuscated,0,0.030580962794548913,0,D1_00040,,O1_leetspeak,0.2
D1_00040__O1_leetspeak_30,G_00039,en,E3_obfuscated,0,0.020873789713515497,0,D1_00040,,O1_leetspeak,0.3
D1_00040__O2_char_spacing_10,G_00039,en,E3_obfuscated,0,0.009480276486477231,0,D1_00040,,O2_char_spacing,0.1
D1_00040__O2_char_spacing_20,G_00039,en,E3_obfuscated,0,0.05779261813811917,0,D1_00040,,O2_char_spacing,0.2
D1_00040__O2_char_spacing_30,G_00039,en,E3_obfuscated,0,0.08593933707989387,0,D1_00040,,O2_char_spacing,0.3
D1_00040__O3_zero_width_10,G_00039,en,E3_obfuscated,0,0.01905597786730607,0,D1_00040,,O3_zero_width,0.1
D1_00040__O3_zero_width_20,G_00039,en,E3_obfuscated,0,0.021002179673438152,0,D1_00040,,O3_zero_width,0.2
D1_00040__O3_zero_width_30,G_00039,en,E3_obfuscated,0,0.21776563507082147,0,D1_00040,,O3_zero_width,0.3
D1_00040__O4_homoglyph_10,G_00039,en,E3_obfuscated,0,0.012277368292939964,0,D1_00040,,O4_homoglyph,0.1
D1_00040__O4_homoglyph_20,G_00039,en,E3_obfuscated,0,0.008735427067343947,0,D1_00040,,O4_homoglyph,0.2
D1_00040__O4_homoglyph_30,G_00039,en,E3_obfuscated,0,0.041161887060867534,0,D1_00040,,O4_homoglyph,0.3
D1_00040__O6_random_case_10,G_00039,en,E3_obfuscated,0,0.006544648899386439,0,D1_00040,,O6_random_case,0.1
D1_00040__O6_random_case_20,G_00039,en,E3_obfuscated,0,0.006544648899386439,0,D1_00040,,O6_random_case,0.2
D1_00040__O6_random_case_30,G_00039,en,E3_obfuscated,0,0.006544648899386439,0,D1_00040,,O6_random_case,0.3
D1_00040__O7_typo_10,G_00039,en,E3_obfuscated,0,0.0071318911130551985,0,D1_00040,,O7_typo,0.1
D1_00040__O7_typo_20,G_00039,en,E3_obfuscated,0,0.02382436841928312,0,D1_00040,,O7_typo,0.2
D1_00040__O7_typo_30,G_00039,en,E3_obfuscated,0,0.007292113933026,0,D1_00040,,O7_typo,0.3
D1_00040__O5_base64_100,G_00039,en,E3_obfuscated,0,0.8492029019266811,1,D1_00040,,O5_base64,1.0
D1_00042__O1_leetspeak_10,G_00041,en,E3_obfuscated,0,0.004964569856630276,0,D1_00042,,O1_leetspeak,0.1
D1_00042__O1_leetspeak_20,G_00041,en,E3_obfuscated,0,0.03593205956838055,0,D1_00042,,O1_leetspeak,0.2
D1_00042__O1_leetspeak_30,G_00041,en,E3_obfuscated,0,0.007830851945835318,0,D1_00042,,O1_leetspeak,0.3
D1_00042__O2_char_spacing_10,G_00041,en,E3_obfuscated,0,0.04094276702162051,0,D1_00042,,O2_char_spacing,0.1
D1_00042__O2_char_spacing_20,G_00041,en,E3_obfuscated,0,0.04094276702162051,0,D1_00042,,O2_char_spacing,0.2
D1_00042__O2_char_spacing_30,G_00041,en,E3_obfuscated,0,0.0346235316629829,0,D1_00042,,O2_char_spacing,0.3
D1_00042__O3_zero_width_10,G_00041,en,E3_obfuscated,0,0.04234033444668848,0,D1_00042,,O3_zero_width,0.1
D1_00042__O3_zero_width_20,G_00041,en,E3_obfuscated,0,0.12505150933549483,0,D1_00042,,O3_zero_width,0.2
D1_00042__O3_zero_width_30,G_00041,en,E3_obfuscated,0,0.03733700023761197,0,D1_00042,,O3_zero_width,0.3
D1_00042__O4_homoglyph_10,G_00041,en,E3_obfuscated,0,0.02158494595282747,0,D1_00042,,O4_homoglyph,0.1
D1_00042__O4_homoglyph_20,G_00041,en,E3_obfuscated,0,0.014732434888346552,0,D1_00042,,O4_homoglyph,0.2
D1_00042__O4_homoglyph_30,G_00041,en,E3_obfuscated,0,0.002718186042983681,0,D1_00042,,O4_homoglyph,0.3
D1_00042__O6_random_case_10,G_00041,en,E3_obfuscated,0,0.012068070365526555,0,D1_00042,,O6_random_case,0.1
D1_00042__O6_random_case_20,G_00041,en,E3_obfuscated,0,0.012068070365526555,0,D1_00042,,O6_random_case,0.2
D1_00042__O6_random_case_30,G_00041,en,E3_obfuscated,0,0.012068070365526555,0,D1_00042,,O6_random_case,0.3
D1_00042__O7_typo_10,G_00041,en,E3_obfuscated,0,0.022497093621031125,0,D1_00042,,O7_typo,0.1
D1_00042__O7_typo_20,G_00041,en,E3_obfuscated,0,0.011215869933007433,0,D1_00042,,O7_typo,0.2
D1_00042__O7_typo_30,G_00041,en,E3_obfuscated,0,0.012068070365526555,0,D1_00042,,O7_typo,0.3
D1_00042__O5_base64_100,G_00041,en,E3_obfuscated,0,0.8955742719420527,1,D1_00042,,O5_base64,1.0
D1_00045__O1_leetspeak_10,G_00044,en,E3_obfuscated,0,0.08562248258475141,0,D1_00045,,O1_leetspeak,0.1
D1_00045__O1_leetspeak_20,G_00044,en,E3_obfuscated,0,0.032491007994742686,0,D1_00045,,O1_leetspeak,0.2
D1_00045__O1_leetspeak_30,G_00044,en,E3_obfuscated,0,0.01746154738485559,0,D1_00045,,O1_leetspeak,0.3
D1_00045__O2_char_spacing_10,G_00044,en,E3_obfuscated,0,0.527563047942305,0,D1_00045,,O2_char_spacing,0.1
D1_00045__O2_char_spacing_20,G_00044,en,E3_obfuscated,0,0.11149511383564654,0,D1_00045,,O2_char_spacing,0.2
D1_00045__O2_char_spacing_30,G_00044,en,E3_obfuscated,0,0.23169113418862378,0,D1_00045,,O2_char_spacing,0.3
D1_00045__O3_zero_width_10,G_00044,en,E3_obfuscated,0,0.15633214897597075,0,D1_00045,,O3_zero_width,0.1
D1_00045__O3_zero_width_20,G_00044,en,E3_obfuscated,0,0.019789132486724138,0,D1_00045,,O3_zero_width,0.2
D1_00045__O3_zero_width_30,G_00044,en,E3_obfuscated,0,0.08451063594466308,0,D1_00045,,O3_zero_width,0.3
D1_00045__O4_homoglyph_10,G_00044,en,E3_obfuscated,0,0.05267600049604771,0,D1_00045,,O4_homoglyph,0.1
D1_00045__O4_homoglyph_20,G_00044,en,E3_obfuscated,0,0.21762372365484658,0,D1_00045,,O4_homoglyph,0.2
D1_00045__O4_homoglyph_30,G_00044,en,E3_obfuscated,0,0.04265697040568894,0,D1_00045,,O4_homoglyph,0.3
D1_00045__O6_random_case_10,G_00044,en,E3_obfuscated,0,0.0974326705456889,0,D1_00045,,O6_random_case,0.1
D1_00045__O6_random_case_20,G_00044,en,E3_obfuscated,0,0.0974326705456889,0,D1_00045,,O6_random_case,0.2
D1_00045__O6_random_case_30,G_00044,en,E3_obfuscated,0,0.0974326705456889,0,D1_00045,,O6_random_case,0.3
D1_00045__O7_typo_10,G_00044,en,E3_obfuscated,0,0.09262525610646723,0,D1_00045,,O7_typo,0.1
D1_00045__O7_typo_20,G_00044,en,E3_obfuscated,0,0.0951704986721465,0,D1_00045,,O7_typo,0.2
D1_00045__O7_typo_30,G_00044,en,E3_obfuscated,0,0.08839773958468704,0,D1_00045,,O7_typo,0.3
D1_00045__O5_base64_100,G_00044,en,E3_obfuscated,0,0.8316526812724686,1,D1_00045,,O5_base64,1.0
D1_00050__O1_leetspeak_10,G_00049,en,E3_obfuscated,0,0.0768758526943844,0,D1_00050,,O1_leetspeak,0.1
D1_00050__O1_leetspeak_20,G_00049,en,E3_obfuscated,0,0.06650772335633548,0,D1_00050,,O1_leetspeak,0.2
D1_00050__O1_leetspeak_30,G_00049,en,E3_obfuscated,0,0.19186905680023164,0,D1_00050,,O1_leetspeak,0.3
D1_00050__O2_char_spacing_10,G_00049,en,E3_obfuscated,0,0.46202173041936945,0,D1_00050,,O2_char_spacing,0.1
D1_00050__O2_char_spacing_20,G_00049,en,E3_obfuscated,0,0.26428938457722206,0,D1_00050,,O2_char_spacing,0.2
D1_00050__O2_char_spacing_30,G_00049,en,E3_obfuscated,0,0.6104525980788844,0,D1_00050,,O2_char_spacing,0.3
D1_00050__O3_zero_width_10,G_00049,en,E3_obfuscated,0,0.12043577535554227,0,D1_00050,,O3_zero_width,0.1
D1_00050__O3_zero_width_20,G_00049,en,E3_obfuscated,0,0.06930541425153848,0,D1_00050,,O3_zero_width,0.2
D1_00050__O3_zero_width_30,G_00049,en,E3_obfuscated,0,0.17126230859110586,0,D1_00050,,O3_zero_width,0.3
D1_00050__O4_homoglyph_10,G_00049,en,E3_obfuscated,0,0.3694047891368156,0,D1_00050,,O4_homoglyph,0.1
D1_00050__O4_homoglyph_20,G_00049,en,E3_obfuscated,0,0.07978784263177542,0,D1_00050,,O4_homoglyph,0.2
D1_00050__O4_homoglyph_30,G_00049,en,E3_obfuscated,0,0.17243291801138366,0,D1_00050,,O4_homoglyph,0.3
D1_00050__O6_random_case_10,G_00049,en,E3_obfuscated,0,0.19497708273138337,0,D1_00050,,O6_random_case,0.1
D1_00050__O6_random_case_20,G_00049,en,E3_obfuscated,0,0.19497708273138337,0,D1_00050,,O6_random_case,0.2
D1_00050__O6_random_case_30,G_00049,en,E3_obfuscated,0,0.19497708273138337,0,D1_00050,,O6_random_case,0.3
D1_00050__O7_typo_10,G_00049,en,E3_obfuscated,0,0.15222517613900552,0,D1_00050,,O7_typo,0.1
D1_00050__O7_typo_20,G_00049,en,E3_obfuscated,0,0.15222517613900552,0,D1_00050,,O7_typo,0.2
D1_00050__O7_typo_30,G_00049,en,E3_obfuscated,0,0.15222517613900552,0,D1_00050,,O7_typo,0.3
D1_00050__O5_base64_100,G_00049,en,E3_obfuscated,0,0.8733994070885881,1,D1_00050,,O5_base64,1.0
D1_00055__O1_leetspeak_10,G_00054,en,E3_obfuscated,0,0.011512989537287174,0,D1_00055,,O1_leetspeak,0.1
D1_00055__O1_leetspeak_20,G_00054,en,E3_obfuscated,0,0.023847067026338493,0,D1_00055,,O1_leetspeak,0.2
D1_00055__O1_leetspeak_30,G_00054,en,E3_obfuscated,0,0.02362429618453977,0,D1_00055,,O1_leetspeak,0.3
D1_00055__O2_char_spacing_10,G_00054,en,E3_obfuscated,0,0.0076714780331645594,0,D1_00055,,O2_char_spacing,0.1
D1_00055__O2_char_spacing_20,G_00054,en,E3_obfuscated,0,0.016210461980391274,0,D1_00055,,O2_char_spacing,0.2
D1_00055__O2_char_spacing_30,G_00054,en,E3_obfuscated,0,0.05083127001139234,0,D1_00055,,O2_char_spacing,0.3
D1_00055__O3_zero_width_10,G_00054,en,E3_obfuscated,0,0.008947604737695725,0,D1_00055,,O3_zero_width,0.1
D1_00055__O3_zero_width_20,G_00054,en,E3_obfuscated,0,0.025521210601919985,0,D1_00055,,O3_zero_width,0.2
D1_00055__O3_zero_width_30,G_00054,en,E3_obfuscated,0,0.019955004462728444,0,D1_00055,,O3_zero_width,0.3
D1_00055__O4_homoglyph_10,G_00054,en,E3_obfuscated,0,0.010018602774077064,0,D1_00055,,O4_homoglyph,0.1
D1_00055__O4_homoglyph_20,G_00054,en,E3_obfuscated,0,0.005809054278813397,0,D1_00055,,O4_homoglyph,0.2
D1_00055__O4_homoglyph_30,G_00054,en,E3_obfuscated,0,0.025193774056502093,0,D1_00055,,O4_homoglyph,0.3
D1_00055__O6_random_case_10,G_00054,en,E3_obfuscated,0,0.006445463167671868,0,D1_00055,,O6_random_case,0.1
D1_00055__O6_random_case_20,G_00054,en,E3_obfuscated,0,0.006445463167671868,0,D1_00055,,O6_random_case,0.2
D1_00055__O6_random_case_30,G_00054,en,E3_obfuscated,0,0.006445463167671868,0,D1_00055,,O6_random_case,0.3
D1_00055__O7_typo_10,G_00054,en,E3_obfuscated,0,0.005802360376216719,0,D1_00055,,O7_typo,0.1
D1_00055__O7_typo_20,G_00054,en,E3_obfuscated,0,0.006454108886197133,0,D1_00055,,O7_typo,0.2
D1_00055__O7_typo_30,G_00054,en,E3_obfuscated,0,0.00859474461015246,0,D1_00055,,O7_typo,0.3
D1_00055__O5_base64_100,G_00054,en,E3_obfuscated,0,0.8563434797465233,1,D1_00055,,O5_base64,1.0
D1_00056__O1_leetspeak_10,G_00055,en,E3_obfuscated,0,0.006432326711581541,0,D1_00056,,O1_leetspeak,0.1
D1_00056__O1_leetspeak_20,G_00055,en,E3_obfuscated,0,0.004489397865066751,0,D1_00056,,O1_leetspeak,0.2
D1_00056__O1_leetspeak_30,G_00055,en,E3_obfuscated,0,0.04699013900249984,0,D1_00056,,O1_leetspeak,0.3
D1_00056__O2_char_spacing_10,G_00055,en,E3_obfuscated,0,0.038541380406431326,0,D1_00056,,O2_char_spacing,0.1
D1_00056__O2_char_spacing_20,G_00055,en,E3_obfuscated,0,0.038541380406431326,0,D1_00056,,O2_char_spacing,0.2
D1_00056__O2_char_spacing_30,G_00055,en,E3_obfuscated,0,0.019004655469185127,0,D1_00056,,O2_char_spacing,0.3
D1_00056__O3_zero_width_10,G_00055,en,E3_obfuscated,0,0.012082351402791474,0,D1_00056,,O3_zero_width,0.1
D1_00056__O3_zero_width_20,G_00055,en,E3_obfuscated,0,0.052240544071277595,0,D1_00056,,O3_zero_width,0.2
D1_00056__O3_zero_width_30,G_00055,en,E3_obfuscated,0,0.0341456438410045,0,D1_00056,,O3_zero_width,0.3
D1_00056__O4_homoglyph_10,G_00055,en,E3_obfuscated,0,0.0117038393533967,0,D1_00056,,O4_homoglyph,0.1
D1_00056__O4_homoglyph_20,G_00055,en,E3_obfuscated,0,0.006086043541087219,0,D1_00056,,O4_homoglyph,0.2
D1_00056__O4_homoglyph_30,G_00055,en,E3_obfuscated,0,0.020745139098539388,0,D1_00056,,O4_homoglyph,0.3
D1_00056__O6_random_case_10,G_00055,en,E3_obfuscated,0,0.012347316481704264,0,D1_00056,,O6_random_case,0.1
D1_00056__O6_random_case_20,G_00055,en,E3_obfuscated,0,0.012347316481704264,0,D1_00056,,O6_random_case,0.2
D1_00056__O6_random_case_30,G_00055,en,E3_obfuscated,0,0.012347316481704264,0,D1_00056,,O6_random_case,0.3
D1_00056__O7_typo_10,G_00055,en,E3_obfuscated,0,0.012513494397109668,0,D1_00056,,O7_typo,0.1
D1_00056__O7_typo_20,G_00055,en,E3_obfuscated,0,0.009635934773678998,0,D1_00056,,O7_typo,0.2
D1_00056__O7_typo_30,G_00055,en,E3_obfuscated,0,0.05106929653933858,0,D1_00056,,O7_typo,0.3
D1_00056__O5_base64_100,G_00055,en,E3_obfuscated,0,0.8955742719420527,1,D1_00056,,O5_base64,1.0
D1_00057__O1_leetspeak_10,G_00056,en,E3_obfuscated,1,0.9994002508124189,1,D1_00057,,O1_leetspeak,0.1
D1_00057__O1_leetspeak_20,G_00056,en,E3_obfuscated,1,0.993474320503312,1,D1_00057,,O1_leetspeak,0.2
D1_00057__O1_leetspeak_30,G_00056,en,E3_obfuscated,1,0.9817159768479901,1,D1_00057,,O1_leetspeak,0.3
D1_00057__O2_char_spacing_10,G_00056,en,E3_obfuscated,1,0.9995764311075894,1,D1_00057,,O2_char_spacing,0.1
D1_00057__O2_char_spacing_20,G_00056,en,E3_obfuscated,1,0.999403885535493,1,D1_00057,,O2_char_spacing,0.2
D1_00057__O2_char_spacing_30,G_00056,en,E3_obfuscated,1,0.998767504103537,1,D1_00057,,O2_char_spacing,0.3
D1_00057__O3_zero_width_10,G_00056,en,E3_obfuscated,1,0.9976554224480694,1,D1_00057,,O3_zero_width,0.1
D1_00057__O3_zero_width_20,G_00056,en,E3_obfuscated,1,0.985379475182746,1,D1_00057,,O3_zero_width,0.2
D1_00057__O3_zero_width_30,G_00056,en,E3_obfuscated,1,0.9744338113636105,1,D1_00057,,O3_zero_width,0.3
D1_00057__O4_homoglyph_10,G_00056,en,E3_obfuscated,1,0.9948836450096136,1,D1_00057,,O4_homoglyph,0.1
D1_00057__O4_homoglyph_20,G_00056,en,E3_obfuscated,1,0.9976478624130676,1,D1_00057,,O4_homoglyph,0.2
D1_00057__O4_homoglyph_30,G_00056,en,E3_obfuscated,1,0.9991371103544829,1,D1_00057,,O4_homoglyph,0.3
D1_00057__O6_random_case_10,G_00056,en,E3_obfuscated,1,0.9990975714134998,1,D1_00057,,O6_random_case,0.1
D1_00057__O6_random_case_20,G_00056,en,E3_obfuscated,1,0.9990975714134998,1,D1_00057,,O6_random_case,0.2
D1_00057__O6_random_case_30,G_00056,en,E3_obfuscated,1,0.9990975714134998,1,D1_00057,,O6_random_case,0.3
D1_00057__O7_typo_10,G_00056,en,E3_obfuscated,1,0.9988669189042895,1,D1_00057,,O7_typo,0.1
D1_00057__O7_typo_20,G_00056,en,E3_obfuscated,1,0.9990510176671447,1,D1_00057,,O7_typo,0.2
D1_00057__O7_typo_30,G_00056,en,E3_obfuscated,1,0.9983565933646007,1,D1_00057,,O7_typo,0.3
D1_00057__O5_base64_100,G_00056,en,E3_obfuscated,1,0.8043817699383996,1,D1_00057,,O5_base64,1.0
D1_00064__O1_leetspeak_10,G_00063,en,E3_obfuscated,0,0.021893786774995934,0,D1_00064,,O1_leetspeak,0.1
D1_00064__O1_leetspeak_20,G_00063,en,E3_obfuscated,0,0.0047104606200749025,0,D1_00064,,O1_leetspeak,0.2
D1_00064__O1_leetspeak_30,G_00063,en,E3_obfuscated,0,0.02006116921895417,0,D1_00064,,O1_leetspeak,0.3
D1_00064__O2_char_spacing_10,G_00063,en,E3_obfuscated,0,0.023323571295136125,0,D1_00064,,O2_char_spacing,0.1
D1_00064__O2_char_spacing_20,G_00063,en,E3_obfuscated,0,0.07299616459582423,0,D1_00064,,O2_char_spacing,0.2
D1_00064__O2_char_spacing_30,G_00063,en,E3_obfuscated,0,0.023323571295136125,0,D1_00064,,O2_char_spacing,0.3
D1_00064__O3_zero_width_10,G_00063,en,E3_obfuscated,0,0.010435466696185338,0,D1_00064,,O3_zero_width,0.1
D1_00064__O3_zero_width_20,G_00063,en,E3_obfuscated,0,0.007363210365407489,0,D1_00064,,O3_zero_width,0.2
D1_00064__O3_zero_width_30,G_00063,en,E3_obfuscated,0,0.06089997673855969,0,D1_00064,,O3_zero_width,0.3
D1_00064__O4_homoglyph_10,G_00063,en,E3_obfuscated,0,0.008636633232227752,0,D1_00064,,O4_homoglyph,0.1
D1_00064__O4_homoglyph_20,G_00063,en,E3_obfuscated,0,0.008835524792433337,0,D1_00064,,O4_homoglyph,0.2
D1_00064__O4_homoglyph_30,G_00063,en,E3_obfuscated,0,0.009035734001331149,0,D1_00064,,O4_homoglyph,0.3
D1_00064__O6_random_case_10,G_00063,en,E3_obfuscated,0,0.008389907421620648,0,D1_00064,,O6_random_case,0.1
D1_00064__O6_random_case_20,G_00063,en,E3_obfuscated,0,0.008389907421620648,0,D1_00064,,O6_random_case,0.2
D1_00064__O6_random_case_30,G_00063,en,E3_obfuscated,0,0.008389907421620648,0,D1_00064,,O6_random_case,0.3
D1_00064__O7_typo_10,G_00063,en,E3_obfuscated,0,0.00817286491521685,0,D1_00064,,O7_typo,0.1
D1_00064__O7_typo_20,G_00063,en,E3_obfuscated,0,0.00916880310562891,0,D1_00064,,O7_typo,0.2
D1_00064__O7_typo_30,G_00063,en,E3_obfuscated,0,0.009515868740262673,0,D1_00064,,O7_typo,0.3
D1_00064__O5_base64_100,G_00063,en,E3_obfuscated,0,0.8955742719420527,1,D1_00064,,O5_base64,1.0
D1_00066__O1_leetspeak_10,G_00065,en,E3_obfuscated,0,0.06724843262828782,0,D1_00066,,O1_leetspeak,0.1
D1_00066__O1_leetspeak_20,G_00065,en,E3_obfuscated,0,0.09519357202770032,0,D1_00066,,O1_leetspeak,0.2
D1_00066__O1_leetspeak_30,G_00065,en,E3_obfuscated,0,0.05521012774248322,0,D1_00066,,O1_leetspeak,0.3
D1_00066__O2_char_spacing_10,G_00065,en,E3_obfuscated,0,0.07479122340844664,0,D1_00066,,O2_char_spacing,0.1
D1_00066__O2_char_spacing_20,G_00065,en,E3_obfuscated,0,0.07479122340844664,0,D1_00066,,O2_char_spacing,0.2
D1_00066__O2_char_spacing_30,G_00065,en,E3_obfuscated,0,0.34827931131749656,0,D1_00066,,O2_char_spacing,0.3
D1_00066__O3_zero_width_10,G_00065,en,E3_obfuscated,0,0.019055174750905887,0,D1_00066,,O3_zero_width,0.1
D1_00066__O3_zero_width_20,G_00065,en,E3_obfuscated,0,0.031192551606203225,0,D1_00066,,O3_zero_width,0.2
D1_00066__O3_zero_width_30,G_00065,en,E3_obfuscated,0,0.09509079114198686,0,D1_00066,,O3_zero_width,0.3
D1_00066__O4_homoglyph_10,G_00065,en,E3_obfuscated,0,0.0660448722809434,0,D1_00066,,O4_homoglyph,0.1
D1_00066__O4_homoglyph_20,G_00065,en,E3_obfuscated,0,0.011117881739482272,0,D1_00066,,O4_homoglyph,0.2
D1_00066__O4_homoglyph_30,G_00065,en,E3_obfuscated,0,0.1105903082081031,0,D1_00066,,O4_homoglyph,0.3
D1_00066__O6_random_case_10,G_00065,en,E3_obfuscated,0,0.023306035447074738,0,D1_00066,,O6_random_case,0.1
D1_00066__O6_random_case_20,G_00065,en,E3_obfuscated,0,0.023306035447074738,0,D1_00066,,O6_random_case,0.2
D1_00066__O6_random_case_30,G_00065,en,E3_obfuscated,0,0.023306035447074738,0,D1_00066,,O6_random_case,0.3
D1_00066__O7_typo_10,G_00065,en,E3_obfuscated,0,0.039362253426313,0,D1_00066,,O7_typo,0.1
D1_00066__O7_typo_20,G_00065,en,E3_obfuscated,0,0.012629779944940245,0,D1_00066,,O7_typo,0.2
D1_00066__O7_typo_30,G_00065,en,E3_obfuscated,0,0.13741537985671265,0,D1_00066,,O7_typo,0.3
D1_00066__O5_base64_100,G_00065,en,E3_obfuscated,0,0.8812800104121834,1,D1_00066,,O5_base64,1.0
D1_00070__O1_leetspeak_10,G_00069,en,E3_obfuscated,1,0.9976363293509676,1,D1_00070,,O1_leetspeak,0.1
D1_00070__O1_leetspeak_20,G_00069,en,E3_obfuscated,1,0.9618031151421697,1,D1_00070,,O1_leetspeak,0.2
D1_00070__O1_leetspeak_30,G_00069,en,E3_obfuscated,1,0.9605215881032878,1,D1_00070,,O1_leetspeak,0.3
D1_00070__O2_char_spacing_10,G_00069,en,E3_obfuscated,1,0.9952486443909975,1,D1_00070,,O2_char_spacing,0.1
D1_00070__O2_char_spacing_20,G_00069,en,E3_obfuscated,1,0.9986168034142098,1,D1_00070,,O2_char_spacing,0.2
D1_00070__O2_char_spacing_30,G_00069,en,E3_obfuscated,1,0.9994757236621,1,D1_00070,,O2_char_spacing,0.3
D1_00070__O3_zero_width_10,G_00069,en,E3_obfuscated,1,0.9656749363353403,1,D1_00070,,O3_zero_width,0.1
D1_00070__O3_zero_width_20,G_00069,en,E3_obfuscated,1,0.9658737891876488,1,D1_00070,,O3_zero_width,0.2
D1_00070__O3_zero_width_30,G_00069,en,E3_obfuscated,1,0.9468829114926712,1,D1_00070,,O3_zero_width,0.3
D1_00070__O4_homoglyph_10,G_00069,en,E3_obfuscated,1,0.9937238178523475,1,D1_00070,,O4_homoglyph,0.1
D1_00070__O4_homoglyph_20,G_00069,en,E3_obfuscated,1,0.9929369678071828,1,D1_00070,,O4_homoglyph,0.2
D1_00070__O4_homoglyph_30,G_00069,en,E3_obfuscated,1,0.995495025391027,1,D1_00070,,O4_homoglyph,0.3
D1_00070__O6_random_case_10,G_00069,en,E3_obfuscated,1,0.9980408681893452,1,D1_00070,,O6_random_case,0.1
D1_00070__O6_random_case_20,G_00069,en,E3_obfuscated,1,0.9980408681893452,1,D1_00070,,O6_random_case,0.2
D1_00070__O6_random_case_30,G_00069,en,E3_obfuscated,1,0.9980408681893452,1,D1_00070,,O6_random_case,0.3
D1_00070__O7_typo_10,G_00069,en,E3_obfuscated,1,0.9972571070835743,1,D1_00070,,O7_typo,0.1
D1_00070__O7_typo_20,G_00069,en,E3_obfuscated,1,0.9907813396136534,1,D1_00070,,O7_typo,0.2
D1_00070__O7_typo_30,G_00069,en,E3_obfuscated,1,0.9960380651923839,1,D1_00070,,O7_typo,0.3
D1_00070__O5_base64_100,G_00069,en,E3_obfuscated,1,0.8612156486858812,1,D1_00070,,O5_base64,1.0
D1_00073__O1_leetspeak_10,G_00072,en,E3_obfuscated,0,0.0058404361063710995,0,D1_00073,,O1_leetspeak,0.1
D1_00073__O1_leetspeak_20,G_00072,en,E3_obfuscated,0,0.019199847088242867,0,D1_00073,,O1_leetspeak,0.2
D1_00073__O1_leetspeak_30,G_00072,en,E3_obfuscated,0,0.02571297223912868,0,D1_00073,,O1_leetspeak,0.3
D1_00073__O2_char_spacing_10,G_00072,en,E3_obfuscated,0,0.07976823894226422,0,D1_00073,,O2_char_spacing,0.1
D1_00073__O2_char_spacing_20,G_00072,en,E3_obfuscated,0,0.2723372458341646,0,D1_00073,,O2_char_spacing,0.2
D1_00073__O2_char_spacing_30,G_00072,en,E3_obfuscated,0,0.07976823894226422,0,D1_00073,,O2_char_spacing,0.3
D1_00073__O3_zero_width_10,G_00072,en,E3_obfuscated,0,0.07658915022578022,0,D1_00073,,O3_zero_width,0.1
D1_00073__O3_zero_width_20,G_00072,en,E3_obfuscated,0,0.004668101361180467,0,D1_00073,,O3_zero_width,0.2
D1_00073__O3_zero_width_30,G_00072,en,E3_obfuscated,0,0.03406017817065046,0,D1_00073,,O3_zero_width,0.3
D1_00073__O4_homoglyph_10,G_00072,en,E3_obfuscated,0,0.00820923821241617,0,D1_00073,,O4_homoglyph,0.1
D1_00073__O4_homoglyph_20,G_00072,en,E3_obfuscated,0,0.00820923821241617,0,D1_00073,,O4_homoglyph,0.2
D1_00073__O4_homoglyph_30,G_00072,en,E3_obfuscated,0,0.004668101361180467,0,D1_00073,,O4_homoglyph,0.3
D1_00073__O6_random_case_10,G_00072,en,E3_obfuscated,0,0.013412908196207005,0,D1_00073,,O6_random_case,0.1
D1_00073__O6_random_case_20,G_00072,en,E3_obfuscated,0,0.013412908196207005,0,D1_00073,,O6_random_case,0.2
D1_00073__O6_random_case_30,G_00072,en,E3_obfuscated,0,0.013412908196207005,0,D1_00073,,O6_random_case,0.3
D1_00073__O7_typo_10,G_00072,en,E3_obfuscated,0,0.06908037605322377,0,D1_00073,,O7_typo,0.1
D1_00073__O7_typo_20,G_00072,en,E3_obfuscated,0,0.08978777398968714,0,D1_00073,,O7_typo,0.2
D1_00073__O7_typo_30,G_00072,en,E3_obfuscated,0,0.013846095411522008,0,D1_00073,,O7_typo,0.3
D1_00073__O5_base64_100,G_00072,en,E3_obfuscated,0,0.8938794521057623,1,D1_00073,,O5_base64,1.0
D1_00077__O1_leetspeak_10,G_00076,en,E3_obfuscated,0,0.18717259406089068,0,D1_00077,,O1_leetspeak,0.1
D1_00077__O1_leetspeak_20,G_00076,en,E3_obfuscated,0,0.2092355906315833,0,D1_00077,,O1_leetspeak,0.2
D1_00077__O1_leetspeak_30,G_00076,en,E3_obfuscated,0,0.04230531373639026,0,D1_00077,,O1_leetspeak,0.3
D1_00077__O2_char_spacing_10,G_00076,en,E3_obfuscated,0,0.21336659228694424,0,D1_00077,,O2_char_spacing,0.1
D1_00077__O2_char_spacing_20,G_00076,en,E3_obfuscated,0,0.21336659228694424,0,D1_00077,,O2_char_spacing,0.2
D1_00077__O2_char_spacing_30,G_00076,en,E3_obfuscated,0,0.15797565473802747,0,D1_00077,,O2_char_spacing,0.3
D1_00077__O3_zero_width_10,G_00076,en,E3_obfuscated,0,0.17250625641826386,0,D1_00077,,O3_zero_width,0.1
D1_00077__O3_zero_width_20,G_00076,en,E3_obfuscated,0,0.05614722136289349,0,D1_00077,,O3_zero_width,0.2
D1_00077__O3_zero_width_30,G_00076,en,E3_obfuscated,0,0.03666745648525323,0,D1_00077,,O3_zero_width,0.3
D1_00077__O4_homoglyph_10,G_00076,en,E3_obfuscated,0,0.1785608101150759,0,D1_00077,,O4_homoglyph,0.1
D1_00077__O4_homoglyph_20,G_00076,en,E3_obfuscated,0,0.2413613663349664,0,D1_00077,,O4_homoglyph,0.2
D1_00077__O4_homoglyph_30,G_00076,en,E3_obfuscated,0,0.26403663157944735,0,D1_00077,,O4_homoglyph,0.3
D1_00077__O6_random_case_10,G_00076,en,E3_obfuscated,0,0.1870318645881848,0,D1_00077,,O6_random_case,0.1
D1_00077__O6_random_case_20,G_00076,en,E3_obfuscated,0,0.1870318645881848,0,D1_00077,,O6_random_case,0.2
D1_00077__O6_random_case_30,G_00076,en,E3_obfuscated,0,0.1870318645881848,0,D1_00077,,O6_random_case,0.3
D1_00077__O7_typo_10,G_00076,en,E3_obfuscated,0,0.058671780785762295,0,D1_00077,,O7_typo,0.1
D1_00077__O7_typo_20,G_00076,en,E3_obfuscated,0,0.04963460173696198,0,D1_00077,,O7_typo,0.2
D1_00077__O7_typo_30,G_00076,en,E3_obfuscated,0,0.060159844377513004,0,D1_00077,,O7_typo,0.3
D1_00077__O5_base64_100,G_00076,en,E3_obfuscated,0,0.886018058638303,1,D1_00077,,O5_base64,1.0
D1_00079__O1_leetspeak_10,G_00078,en,E3_obfuscated,1,0.9897868291147682,1,D1_00079,,O1_leetspeak,0.1
D1_00079__O1_leetspeak_20,G_00078,en,E3_obfuscated,1,0.9957703117589913,1,D1_00079,,O1_leetspeak,0.2
D1_00079__O1_leetspeak_30,G_00078,en,E3_obfuscated,1,0.9864994836118056,1,D1_00079,,O1_leetspeak,0.3
D1_00079__O2_char_spacing_10,G_00078,en,E3_obfuscated,1,0.9928368877373615,1,D1_00079,,O2_char_spacing,0.1
D1_00079__O2_char_spacing_20,G_00078,en,E3_obfuscated,1,0.9958661937530019,1,D1_00079,,O2_char_spacing,0.2
D1_00079__O2_char_spacing_30,G_00078,en,E3_obfuscated,1,0.9957112771732703,1,D1_00079,,O2_char_spacing,0.3
D1_00079__O3_zero_width_10,G_00078,en,E3_obfuscated,1,0.9879529153598923,1,D1_00079,,O3_zero_width,0.1
D1_00079__O3_zero_width_20,G_00078,en,E3_obfuscated,1,0.9760660771127856,1,D1_00079,,O3_zero_width,0.2
D1_00079__O3_zero_width_30,G_00078,en,E3_obfuscated,1,0.9969293571885368,1,D1_00079,,O3_zero_width,0.3
D1_00079__O4_homoglyph_10,G_00078,en,E3_obfuscated,1,0.9912536852093885,1,D1_00079,,O4_homoglyph,0.1
D1_00079__O4_homoglyph_20,G_00078,en,E3_obfuscated,1,0.9834939893599679,1,D1_00079,,O4_homoglyph,0.2
D1_00079__O4_homoglyph_30,G_00078,en,E3_obfuscated,1,0.9696460849994079,1,D1_00079,,O4_homoglyph,0.3
D1_00079__O6_random_case_10,G_00078,en,E3_obfuscated,1,0.9928966256242023,1,D1_00079,,O6_random_case,0.1
D1_00079__O6_random_case_20,G_00078,en,E3_obfuscated,1,0.9928966256242023,1,D1_00079,,O6_random_case,0.2
D1_00079__O6_random_case_30,G_00078,en,E3_obfuscated,1,0.9928966256242023,1,D1_00079,,O6_random_case,0.3
D1_00079__O7_typo_10,G_00078,en,E3_obfuscated,1,0.9910555790972059,1,D1_00079,,O7_typo,0.1
D1_00079__O7_typo_20,G_00078,en,E3_obfuscated,1,0.9893632813529163,1,D1_00079,,O7_typo,0.2
D1_00079__O7_typo_30,G_00078,en,E3_obfuscated,1,0.9904850591679674,1,D1_00079,,O7_typo,0.3
D1_00079__O5_base64_100,G_00078,en,E3_obfuscated,1,0.7504595964422109,1,D1_00079,,O5_base64,1.0
D1_00082__O1_leetspeak_10,G_00081,en,E3_obfuscated,0,0.0031182767265494926,0,D1_00082,,O1_leetspeak,0.1
D1_00082__O1_leetspeak_20,G_00081,en,E3_obfuscated,0,0.0038087509972590267,0,D1_00082,,O1_leetspeak,0.2
D1_00082__O1_leetspeak_30,G_00081,en,E3_obfuscated,0,0.01295793485825324,0,D1_00082,,O1_leetspeak,0.3
D1_00082__O2_char_spacing_10,G_00081,en,E3_obfuscated,0,0.14278002453849803,0,D1_00082,,O2_char_spacing,0.1
D1_00082__O2_char_spacing_20,G_00081,en,E3_obfuscated,0,0.14278002453849803,0,D1_00082,,O2_char_spacing,0.2
D1_00082__O2_char_spacing_30,G_00081,en,E3_obfuscated,0,0.14278002453849803,0,D1_00082,,O2_char_spacing,0.3
D1_00082__O3_zero_width_10,G_00081,en,E3_obfuscated,0,0.022884700035442466,0,D1_00082,,O3_zero_width,0.1
D1_00082__O3_zero_width_20,G_00081,en,E3_obfuscated,0,0.006059612751402317,0,D1_00082,,O3_zero_width,0.2
D1_00082__O3_zero_width_30,G_00081,en,E3_obfuscated,0,0.008815644317406026,0,D1_00082,,O3_zero_width,0.3
D1_00082__O4_homoglyph_10,G_00081,en,E3_obfuscated,0,0.023537163327250036,0,D1_00082,,O4_homoglyph,0.1
D1_00082__O4_homoglyph_20,G_00081,en,E3_obfuscated,0,0.03436152270694401,0,D1_00082,,O4_homoglyph,0.2
D1_00082__O4_homoglyph_30,G_00081,en,E3_obfuscated,0,0.03833150500312547,0,D1_00082,,O4_homoglyph,0.3
D1_00082__O6_random_case_10,G_00081,en,E3_obfuscated,0,0.003290881032559044,0,D1_00082,,O6_random_case,0.1
D1_00082__O6_random_case_20,G_00081,en,E3_obfuscated,0,0.003290881032559044,0,D1_00082,,O6_random_case,0.2
D1_00082__O6_random_case_30,G_00081,en,E3_obfuscated,0,0.003290881032559044,0,D1_00082,,O6_random_case,0.3
D1_00082__O7_typo_10,G_00081,en,E3_obfuscated,0,0.004845031785652556,0,D1_00082,,O7_typo,0.1
D1_00082__O7_typo_20,G_00081,en,E3_obfuscated,0,0.004205274790675934,0,D1_00082,,O7_typo,0.2
D1_00082__O7_typo_30,G_00081,en,E3_obfuscated,0,0.003982455150018289,0,D1_00082,,O7_typo,0.3
D1_00082__O5_base64_100,G_00081,en,E3_obfuscated,0,0.8846183253830309,1,D1_00082,,O5_base64,1.0
D1_00087__O1_leetspeak_10,G_00086,en,E3_obfuscated,1,0.9990109342901817,1,D1_00087,,O1_leetspeak,0.1
D1_00087__O1_leetspeak_20,G_00086,en,E3_obfuscated,1,0.9942756528592845,1,D1_00087,,O1_leetspeak,0.2
D1_00087__O1_leetspeak_30,G_00086,en,E3_obfuscated,1,0.9669023005320552,1,D1_00087,,O1_leetspeak,0.3
D1_00087__O2_char_spacing_10,G_00086,en,E3_obfuscated,1,0.9960213451436567,1,D1_00087,,O2_char_spacing,0.1
D1_00087__O2_char_spacing_20,G_00086,en,E3_obfuscated,1,0.9994444535749203,1,D1_00087,,O2_char_spacing,0.2
D1_00087__O2_char_spacing_30,G_00086,en,E3_obfuscated,1,0.9932235751596412,1,D1_00087,,O2_char_spacing,0.3
D1_00087__O3_zero_width_10,G_00086,en,E3_obfuscated,1,0.9955001411723338,1,D1_00087,,O3_zero_width,0.1
D1_00087__O3_zero_width_20,G_00086,en,E3_obfuscated,1,0.9798138682052305,1,D1_00087,,O3_zero_width,0.2
D1_00087__O3_zero_width_30,G_00086,en,E3_obfuscated,1,0.9621507662553221,1,D1_00087,,O3_zero_width,0.3
D1_00087__O4_homoglyph_10,G_00086,en,E3_obfuscated,1,0.9983645171945323,1,D1_00087,,O4_homoglyph,0.1
D1_00087__O4_homoglyph_20,G_00086,en,E3_obfuscated,1,0.9909392329662858,1,D1_00087,,O4_homoglyph,0.2
D1_00087__O4_homoglyph_30,G_00086,en,E3_obfuscated,1,0.897932067426379,1,D1_00087,,O4_homoglyph,0.3
D1_00087__O6_random_case_10,G_00086,en,E3_obfuscated,1,0.9991394518184342,1,D1_00087,,O6_random_case,0.1
D1_00087__O6_random_case_20,G_00086,en,E3_obfuscated,1,0.9991394518184342,1,D1_00087,,O6_random_case,0.2
D1_00087__O6_random_case_30,G_00086,en,E3_obfuscated,1,0.9991394518184342,1,D1_00087,,O6_random_case,0.3
D1_00087__O7_typo_10,G_00086,en,E3_obfuscated,1,0.9989891018074495,1,D1_00087,,O7_typo,0.1
D1_00087__O7_typo_20,G_00086,en,E3_obfuscated,1,0.9986264382093192,1,D1_00087,,O7_typo,0.2
D1_00087__O7_typo_30,G_00086,en,E3_obfuscated,1,0.9991723474397514,1,D1_00087,,O7_typo,0.3
D1_00087__O5_base64_100,G_00086,en,E3_obfuscated,1,0.8843596031187192,1,D1_00087,,O5_base64,1.0
D1_00091__O1_leetspeak_10,G_00090,en,E3_obfuscated,0,0.06724643524029164,0,D1_00091,,O1_leetspeak,0.1
D1_00091__O1_leetspeak_20,G_00090,en,E3_obfuscated,0,0.019472256345745,0,D1_00091,,O1_leetspeak,0.2
D1_00091__O1_leetspeak_30,G_00090,en,E3_obfuscated,0,0.07952520364717247,0,D1_00091,,O1_leetspeak,0.3
D1_00091__O2_char_spacing_10,G_00090,en,E3_obfuscated,0,0.012058100217668977,0,D1_00091,,O2_char_spacing,0.1
D1_00091__O2_char_spacing_20,G_00090,en,E3_obfuscated,0,0.021617695797729916,0,D1_00091,,O2_char_spacing,0.2
D1_00091__O2_char_spacing_30,G_00090,en,E3_obfuscated,0,0.012058100217668977,0,D1_00091,,O2_char_spacing,0.3
D1_00091__O3_zero_width_10,G_00090,en,E3_obfuscated,0,0.005237069585068699,0,D1_00091,,O3_zero_width,0.1
D1_00091__O3_zero_width_20,G_00090,en,E3_obfuscated,0,0.04449649165969623,0,D1_00091,,O3_zero_width,0.2
D1_00091__O3_zero_width_30,G_00090,en,E3_obfuscated,0,0.024579328166738214,0,D1_00091,,O3_zero_width,0.3
D1_00091__O4_homoglyph_10,G_00090,en,E3_obfuscated,0,0.002923106528576681,0,D1_00091,,O4_homoglyph,0.1
D1_00091__O4_homoglyph_20,G_00090,en,E3_obfuscated,0,0.08348746024846102,0,D1_00091,,O4_homoglyph,0.2
D1_00091__O4_homoglyph_30,G_00090,en,E3_obfuscated,0,0.0441696279509662,0,D1_00091,,O4_homoglyph,0.3
D1_00091__O6_random_case_10,G_00090,en,E3_obfuscated,0,0.005487386271864369,0,D1_00091,,O6_random_case,0.1
D1_00091__O6_random_case_20,G_00090,en,E3_obfuscated,0,0.005487386271864369,0,D1_00091,,O6_random_case,0.2
D1_00091__O6_random_case_30,G_00090,en,E3_obfuscated,0,0.005487386271864369,0,D1_00091,,O6_random_case,0.3
D1_00091__O7_typo_10,G_00090,en,E3_obfuscated,0,0.004800219862179733,0,D1_00091,,O7_typo,0.1
D1_00091__O7_typo_20,G_00090,en,E3_obfuscated,0,0.003538352957219622,0,D1_00091,,O7_typo,0.2
D1_00091__O7_typo_30,G_00090,en,E3_obfuscated,0,0.0058277911624634625,0,D1_00091,,O7_typo,0.3
D1_00091__O5_base64_100,G_00090,en,E3_obfuscated,0,0.8955742719420527,1,D1_00091,,O5_base64,1.0
D1_00102__O1_leetspeak_10,G_00101,en,E3_obfuscated,0,0.025271139762564686,0,D1_00102,,O1_leetspeak,0.1
D1_00102__O1_leetspeak_20,G_00101,en,E3_obfuscated,0,0.047866980426241997,0,D1_00102,,O1_leetspeak,0.2
D1_00102__O1_leetspeak_30,G_00101,en,E3_obfuscated,0,0.08867467355339256,0,D1_00102,,O1_leetspeak,0.3
D1_00102__O2_char_spacing_10,G_00101,en,E3_obfuscated,0,0.06413707463522535,0,D1_00102,,O2_char_spacing,0.1
D1_00102__O2_char_spacing_20,G_00101,en,E3_obfuscated,0,0.2989014846438639,0,D1_00102,,O2_char_spacing,0.2
D1_00102__O2_char_spacing_30,G_00101,en,E3_obfuscated,0,0.16379474626839283,0,D1_00102,,O2_char_spacing,0.3
D1_00102__O3_zero_width_10,G_00101,en,E3_obfuscated,0,0.20188862992471932,0,D1_00102,,O3_zero_width,0.1
D1_00102__O3_zero_width_20,G_00101,en,E3_obfuscated,0,0.1994054983569442,0,D1_00102,,O3_zero_width,0.2
D1_00102__O3_zero_width_30,G_00101,en,E3_obfuscated,0,0.1967154643780488,0,D1_00102,,O3_zero_width,0.3
D1_00102__O4_homoglyph_10,G_00101,en,E3_obfuscated,0,0.05545007092818607,0,D1_00102,,O4_homoglyph,0.1
D1_00102__O4_homoglyph_20,G_00101,en,E3_obfuscated,0,0.0204338528028338,0,D1_00102,,O4_homoglyph,0.2
D1_00102__O4_homoglyph_30,G_00101,en,E3_obfuscated,0,0.1290172022478869,0,D1_00102,,O4_homoglyph,0.3
D1_00102__O6_random_case_10,G_00101,en,E3_obfuscated,0,0.041743330265843925,0,D1_00102,,O6_random_case,0.1
D1_00102__O6_random_case_20,G_00101,en,E3_obfuscated,0,0.041743330265843925,0,D1_00102,,O6_random_case,0.2
D1_00102__O6_random_case_30,G_00101,en,E3_obfuscated,0,0.041743330265843925,0,D1_00102,,O6_random_case,0.3
D1_00102__O7_typo_10,G_00101,en,E3_obfuscated,0,0.06633123243297144,0,D1_00102,,O7_typo,0.1
D1_00102__O7_typo_20,G_00101,en,E3_obfuscated,0,0.11351578268912536,0,D1_00102,,O7_typo,0.2
D1_00102__O7_typo_30,G_00101,en,E3_obfuscated,0,0.16292718033786735,0,D1_00102,,O7_typo,0.3
D1_00102__O5_base64_100,G_00101,en,E3_obfuscated,0,0.8564189096126864,1,D1_00102,,O5_base64,1.0
D1_00105__O1_leetspeak_10,G_00055,en,E3_obfuscated,0,0.010571412694475944,0,D1_00105,,O1_leetspeak,0.1
D1_00105__O1_leetspeak_20,G_00055,en,E3_obfuscated,0,0.060544159088989295,0,D1_00105,,O1_leetspeak,0.2
D1_00105__O1_leetspeak_30,G_00055,en,E3_obfuscated,0,0.008453152661910457,0,D1_00105,,O1_leetspeak,0.3
D1_00105__O2_char_spacing_10,G_00055,en,E3_obfuscated,0,0.18123340786943765,0,D1_00105,,O2_char_spacing,0.1
D1_00105__O2_char_spacing_20,G_00055,en,E3_obfuscated,0,0.034881450057115536,0,D1_00105,,O2_char_spacing,0.2
D1_00105__O2_char_spacing_30,G_00055,en,E3_obfuscated,0,0.007811143822281256,0,D1_00105,,O2_char_spacing,0.3
D1_00105__O3_zero_width_10,G_00055,en,E3_obfuscated,0,0.008267224254338687,0,D1_00105,,O3_zero_width,0.1
D1_00105__O3_zero_width_20,G_00055,en,E3_obfuscated,0,0.002372212519859571,0,D1_00105,,O3_zero_width,0.2
D1_00105__O3_zero_width_30,G_00055,en,E3_obfuscated,0,0.008934018397299836,0,D1_00105,,O3_zero_width,0.3
D1_00105__O4_homoglyph_10,G_00055,en,E3_obfuscated,0,0.010503242212959481,0,D1_00105,,O4_homoglyph,0.1
D1_00105__O4_homoglyph_20,G_00055,en,E3_obfuscated,0,0.004391692093559628,0,D1_00105,,O4_homoglyph,0.2
D1_00105__O4_homoglyph_30,G_00055,en,E3_obfuscated,0,0.02309830937821276,0,D1_00105,,O4_homoglyph,0.3
D1_00105__O6_random_case_10,G_00055,en,E3_obfuscated,0,0.010642604549229167,0,D1_00105,,O6_random_case,0.1
D1_00105__O6_random_case_20,G_00055,en,E3_obfuscated,0,0.010642604549229167,0,D1_00105,,O6_random_case,0.2
D1_00105__O6_random_case_30,G_00055,en,E3_obfuscated,0,0.010642604549229167,0,D1_00105,,O6_random_case,0.3
D1_00105__O7_typo_10,G_00055,en,E3_obfuscated,0,0.04828668165568442,0,D1_00105,,O7_typo,0.1
D1_00105__O7_typo_20,G_00055,en,E3_obfuscated,0,0.011418009502049194,0,D1_00105,,O7_typo,0.2
D1_00105__O7_typo_30,G_00055,en,E3_obfuscated,0,0.010494382848103148,0,D1_00105,,O7_typo,0.3
D1_00105__O5_base64_100,G_00055,en,E3_obfuscated,0,0.8955742719420527,1,D1_00105,,O5_base64,1.0
D1_00111__O1_leetspeak_10,G_00110,en,E3_obfuscated,0,0.01057199350138977,0,D1_00111,,O1_leetspeak,0.1
D1_00111__O1_leetspeak_20,G_00110,en,E3_obfuscated,0,0.09586440905501417,0,D1_00111,,O1_leetspeak,0.2
D1_00111__O1_leetspeak_30,G_00110,en,E3_obfuscated,0,0.008982460738310374,0,D1_00111,,O1_leetspeak,0.3
D1_00111__O2_char_spacing_10,G_00110,en,E3_obfuscated,0,0.03105275244978099,0,D1_00111,,O2_char_spacing,0.1
D1_00111__O2_char_spacing_20,G_00110,en,E3_obfuscated,0,0.010920418040725096,0,D1_00111,,O2_char_spacing,0.2
D1_00111__O2_char_spacing_30,G_00110,en,E3_obfuscated,0,0.18009064276392736,0,D1_00111,,O2_char_spacing,0.3
D1_00111__O3_zero_width_10,G_00110,en,E3_obfuscated,0,0.026305900143159464,0,D1_00111,,O3_zero_width,0.1
D1_00111__O3_zero_width_20,G_00110,en,E3_obfuscated,0,0.05306647747599195,0,D1_00111,,O3_zero_width,0.2
D1_00111__O3_zero_width_30,G_00110,en,E3_obfuscated,0,0.1219028485635603,0,D1_00111,,O3_zero_width,0.3
D1_00111__O4_homoglyph_10,G_00110,en,E3_obfuscated,0,0.007633806333796033,0,D1_00111,,O4_homoglyph,0.1
D1_00111__O4_homoglyph_20,G_00110,en,E3_obfuscated,0,0.015181626339103938,0,D1_00111,,O4_homoglyph,0.2
D1_00111__O4_homoglyph_30,G_00110,en,E3_obfuscated,0,0.09015852235775691,0,D1_00111,,O4_homoglyph,0.3
D1_00111__O6_random_case_10,G_00110,en,E3_obfuscated,0,0.01699166072493236,0,D1_00111,,O6_random_case,0.1
D1_00111__O6_random_case_20,G_00110,en,E3_obfuscated,0,0.01699166072493236,0,D1_00111,,O6_random_case,0.2
D1_00111__O6_random_case_30,G_00110,en,E3_obfuscated,0,0.01699166072493236,0,D1_00111,,O6_random_case,0.3
D1_00111__O7_typo_10,G_00110,en,E3_obfuscated,0,0.051605278545289825,0,D1_00111,,O7_typo,0.1
D1_00111__O7_typo_20,G_00110,en,E3_obfuscated,0,0.03916033103275343,0,D1_00111,,O7_typo,0.2
D1_00111__O7_typo_30,G_00110,en,E3_obfuscated,0,0.02546560192838042,0,D1_00111,,O7_typo,0.3
D1_00111__O5_base64_100,G_00110,en,E3_obfuscated,0,0.888076341288586,1,D1_00111,,O5_base64,1.0
D1_00112__O1_leetspeak_10,G_00111,en,E3_obfuscated,0,0.09390060783281767,0,D1_00112,,O1_leetspeak,0.1
D1_00112__O1_leetspeak_20,G_00111,en,E3_obfuscated,0,0.26787396425526844,0,D1_00112,,O1_leetspeak,0.2
D1_00112__O1_leetspeak_30,G_00111,en,E3_obfuscated,0,0.07715694224813123,0,D1_00112,,O1_leetspeak,0.3
D1_00112__O2_char_spacing_10,G_00111,en,E3_obfuscated,0,0.29163393843663943,0,D1_00112,,O2_char_spacing,0.1
D1_00112__O2_char_spacing_20,G_00111,en,E3_obfuscated,0,0.284523854477788,0,D1_00112,,O2_char_spacing,0.2
D1_00112__O2_char_spacing_30,G_00111,en,E3_obfuscated,0,0.6180760043475744,0,D1_00112,,O2_char_spacing,0.3
D1_00112__O3_zero_width_10,G_00111,en,E3_obfuscated,0,0.3817625088917343,0,D1_00112,,O3_zero_width,0.1
D1_00112__O3_zero_width_20,G_00111,en,E3_obfuscated,0,0.16204971086591533,0,D1_00112,,O3_zero_width,0.2
D1_00112__O3_zero_width_30,G_00111,en,E3_obfuscated,0,0.5679110271583799,0,D1_00112,,O3_zero_width,0.3
D1_00112__O4_homoglyph_10,G_00111,en,E3_obfuscated,0,0.12100521285705679,0,D1_00112,,O4_homoglyph,0.1
D1_00112__O4_homoglyph_20,G_00111,en,E3_obfuscated,0,0.18611469793270075,0,D1_00112,,O4_homoglyph,0.2
D1_00112__O4_homoglyph_30,G_00111,en,E3_obfuscated,0,0.5669442406773484,0,D1_00112,,O4_homoglyph,0.3
D1_00112__O6_random_case_10,G_00111,en,E3_obfuscated,0,0.09632582941096399,0,D1_00112,,O6_random_case,0.1
D1_00112__O6_random_case_20,G_00111,en,E3_obfuscated,0,0.09632582941096399,0,D1_00112,,O6_random_case,0.2
D1_00112__O6_random_case_30,G_00111,en,E3_obfuscated,0,0.09632582941096399,0,D1_00112,,O6_random_case,0.3
D1_00112__O7_typo_10,G_00111,en,E3_obfuscated,0,0.10265190385653059,0,D1_00112,,O7_typo,0.1
D1_00112__O7_typo_20,G_00111,en,E3_obfuscated,0,0.11606061219687624,0,D1_00112,,O7_typo,0.2
D1_00112__O7_typo_30,G_00111,en,E3_obfuscated,0,0.3139932385012623,0,D1_00112,,O7_typo,0.3
D1_00112__O5_base64_100,G_00111,en,E3_obfuscated,0,0.8297200251687115,1,D1_00112,,O5_base64,1.0
D1_00133__O1_leetspeak_10,G_00132,en,E3_obfuscated,0,0.08129088605732122,0,D1_00133,,O1_leetspeak,0.1
D1_00133__O1_leetspeak_20,G_00132,en,E3_obfuscated,0,0.15903248549289506,0,D1_00133,,O1_leetspeak,0.2
D1_00133__O1_leetspeak_30,G_00132,en,E3_obfuscated,0,0.1210460485962549,0,D1_00133,,O1_leetspeak,0.3
D1_00133__O2_char_spacing_10,G_00132,en,E3_obfuscated,0,0.22398321488997855,0,D1_00133,,O2_char_spacing,0.1
D1_00133__O2_char_spacing_20,G_00132,en,E3_obfuscated,0,0.19597078275432506,0,D1_00133,,O2_char_spacing,0.2
D1_00133__O2_char_spacing_30,G_00132,en,E3_obfuscated,0,0.11174028018785195,0,D1_00133,,O2_char_spacing,0.3
D1_00133__O3_zero_width_10,G_00132,en,E3_obfuscated,0,0.12382192864874504,0,D1_00133,,O3_zero_width,0.1
D1_00133__O3_zero_width_20,G_00132,en,E3_obfuscated,0,0.03794310584346914,0,D1_00133,,O3_zero_width,0.2
D1_00133__O3_zero_width_30,G_00132,en,E3_obfuscated,0,0.19550539247467064,0,D1_00133,,O3_zero_width,0.3
D1_00133__O4_homoglyph_10,G_00132,en,E3_obfuscated,0,0.21137103926701398,0,D1_00133,,O4_homoglyph,0.1
D1_00133__O4_homoglyph_20,G_00132,en,E3_obfuscated,0,0.06981455242459396,0,D1_00133,,O4_homoglyph,0.2
D1_00133__O4_homoglyph_30,G_00132,en,E3_obfuscated,0,0.07434181554603637,0,D1_00133,,O4_homoglyph,0.3
D1_00133__O6_random_case_10,G_00132,en,E3_obfuscated,0,0.17230916734024365,0,D1_00133,,O6_random_case,0.1
D1_00133__O6_random_case_20,G_00132,en,E3_obfuscated,0,0.17230916734024365,0,D1_00133,,O6_random_case,0.2
D1_00133__O6_random_case_30,G_00132,en,E3_obfuscated,0,0.17230916734024365,0,D1_00133,,O6_random_case,0.3
D1_00133__O7_typo_10,G_00132,en,E3_obfuscated,0,0.16670032929178494,0,D1_00133,,O7_typo,0.1
D1_00133__O7_typo_20,G_00132,en,E3_obfuscated,0,0.14624011951249952,0,D1_00133,,O7_typo,0.2
D1_00133__O7_typo_30,G_00132,en,E3_obfuscated,0,0.12447196363706933,0,D1_00133,,O7_typo,0.3
D1_00133__O5_base64_100,G_00132,en,E3_obfuscated,0,0.8716776684231903,1,D1_00133,,O5_base64,1.0
D1_00150__O1_leetspeak_10,G_00149,en,E3_obfuscated,0,0.2547621464120394,0,D1_00150,,O1_leetspeak,0.1
D1_00150__O1_leetspeak_20,G_00149,en,E3_obfuscated,0,0.19822466900406754,0,D1_00150,,O1_leetspeak,0.2
D1_00150__O1_leetspeak_30,G_00149,en,E3_obfuscated,0,0.3295596552915191,0,D1_00150,,O1_leetspeak,0.3
D1_00150__O2_char_spacing_10,G_00149,en,E3_obfuscated,0,0.14027878993147155,0,D1_00150,,O2_char_spacing,0.1
D1_00150__O2_char_spacing_20,G_00149,en,E3_obfuscated,0,0.2156863959093856,0,D1_00150,,O2_char_spacing,0.2
D1_00150__O2_char_spacing_30,G_00149,en,E3_obfuscated,0,0.20265669050435417,0,D1_00150,,O2_char_spacing,0.3
D1_00150__O3_zero_width_10,G_00149,en,E3_obfuscated,0,0.27742054634949903,0,D1_00150,,O3_zero_width,0.1
D1_00150__O3_zero_width_20,G_00149,en,E3_obfuscated,0,0.10480801558162832,0,D1_00150,,O3_zero_width,0.2
D1_00150__O3_zero_width_30,G_00149,en,E3_obfuscated,0,0.04899328038245512,0,D1_00150,,O3_zero_width,0.3
D1_00150__O4_homoglyph_10,G_00149,en,E3_obfuscated,0,0.07577025249189903,0,D1_00150,,O4_homoglyph,0.1
D1_00150__O4_homoglyph_20,G_00149,en,E3_obfuscated,0,0.053996996400653106,0,D1_00150,,O4_homoglyph,0.2
D1_00150__O4_homoglyph_30,G_00149,en,E3_obfuscated,0,0.03229577304030079,0,D1_00150,,O4_homoglyph,0.3
D1_00150__O6_random_case_10,G_00149,en,E3_obfuscated,0,0.11734642644349096,0,D1_00150,,O6_random_case,0.1
D1_00150__O6_random_case_20,G_00149,en,E3_obfuscated,0,0.11734642644349096,0,D1_00150,,O6_random_case,0.2
D1_00150__O6_random_case_30,G_00149,en,E3_obfuscated,0,0.11734642644349096,0,D1_00150,,O6_random_case,0.3
D1_00150__O7_typo_10,G_00149,en,E3_obfuscated,0,0.03309323831253675,0,D1_00150,,O7_typo,0.1
D1_00150__O7_typo_20,G_00149,en,E3_obfuscated,0,0.13884796586439846,0,D1_00150,,O7_typo,0.2
D1_00150__O7_typo_30,G_00149,en,E3_obfuscated,0,0.0768392899453923,0,D1_00150,,O7_typo,0.3
D1_00150__O5_base64_100,G_00149,en,E3_obfuscated,0,0.888076341288586,1,D1_00150,,O5_base64,1.0
D1_00160__O1_leetspeak_10,G_00159,en,E3_obfuscated,0,0.04835377104075408,0,D1_00160,,O1_leetspeak,0.1
D1_00160__O1_leetspeak_20,G_00159,en,E3_obfuscated,0,0.036875042618137184,0,D1_00160,,O1_leetspeak,0.2
D1_00160__O1_leetspeak_30,G_00159,en,E3_obfuscated,0,0.1302745862968163,0,D1_00160,,O1_leetspeak,0.3
D1_00160__O2_char_spacing_10,G_00159,en,E3_obfuscated,0,0.14510074054307684,0,D1_00160,,O2_char_spacing,0.1
D1_00160__O2_char_spacing_20,G_00159,en,E3_obfuscated,0,0.11726113025332931,0,D1_00160,,O2_char_spacing,0.2
D1_00160__O2_char_spacing_30,G_00159,en,E3_obfuscated,0,0.08188382287174738,0,D1_00160,,O2_char_spacing,0.3
D1_00160__O3_zero_width_10,G_00159,en,E3_obfuscated,0,0.03452460365810005,0,D1_00160,,O3_zero_width,0.1
D1_00160__O3_zero_width_20,G_00159,en,E3_obfuscated,0,0.030918523990374973,0,D1_00160,,O3_zero_width,0.2
D1_00160__O3_zero_width_30,G_00159,en,E3_obfuscated,0,0.03862775570063222,0,D1_00160,,O3_zero_width,0.3
D1_00160__O4_homoglyph_10,G_00159,en,E3_obfuscated,0,0.051864793404022634,0,D1_00160,,O4_homoglyph,0.1
D1_00160__O4_homoglyph_20,G_00159,en,E3_obfuscated,0,0.036794456361653106,0,D1_00160,,O4_homoglyph,0.2
D1_00160__O4_homoglyph_30,G_00159,en,E3_obfuscated,0,0.021078442843431286,0,D1_00160,,O4_homoglyph,0.3
D1_00160__O6_random_case_10,G_00159,en,E3_obfuscated,0,0.05227104956025417,0,D1_00160,,O6_random_case,0.1
D1_00160__O6_random_case_20,G_00159,en,E3_obfuscated,0,0.05227104956025417,0,D1_00160,,O6_random_case,0.2
D1_00160__O6_random_case_30,G_00159,en,E3_obfuscated,0,0.05227104956025417,0,D1_00160,,O6_random_case,0.3
D1_00160__O7_typo_10,G_00159,en,E3_obfuscated,0,0.10706860401692306,0,D1_00160,,O7_typo,0.1
D1_00160__O7_typo_20,G_00159,en,E3_obfuscated,0,0.10706860401692306,0,D1_00160,,O7_typo,0.2
D1_00160__O7_typo_30,G_00159,en,E3_obfuscated,0,0.042012523116857665,0,D1_00160,,O7_typo,0.3
D1_00160__O5_base64_100,G_00159,en,E3_obfuscated,0,0.8928519872269177,1,D1_00160,,O5_base64,1.0
D1_00165__O1_leetspeak_10,G_00164,en,E3_obfuscated,0,0.2047969821741813,0,D1_00165,,O1_leetspeak,0.1
D1_00165__O1_leetspeak_20,G_00164,en,E3_obfuscated,0,0.16916586778090423,0,D1_00165,,O1_leetspeak,0.2
D1_00165__O1_leetspeak_30,G_00164,en,E3_obfuscated,0,0.20794976444461166,0,D1_00165,,O1_leetspeak,0.3
D1_00165__O2_char_spacing_10,G_00164,en,E3_obfuscated,0,0.2703320610780446,0,D1_00165,,O2_char_spacing,0.1
D1_00165__O2_char_spacing_20,G_00164,en,E3_obfuscated,0,0.41488981133287267,0,D1_00165,,O2_char_spacing,0.2
D1_00165__O2_char_spacing_30,G_00164,en,E3_obfuscated,0,0.6052863581429208,0,D1_00165,,O2_char_spacing,0.3
D1_00165__O3_zero_width_10,G_00164,en,E3_obfuscated,0,0.49744103125004147,0,D1_00165,,O3_zero_width,0.1
D1_00165__O3_zero_width_20,G_00164,en,E3_obfuscated,0,0.2061674060450216,0,D1_00165,,O3_zero_width,0.2
D1_00165__O3_zero_width_30,G_00164,en,E3_obfuscated,0,0.8001498316735699,1,D1_00165,,O3_zero_width,0.3
D1_00165__O4_homoglyph_10,G_00164,en,E3_obfuscated,0,0.10185578467683458,0,D1_00165,,O4_homoglyph,0.1
D1_00165__O4_homoglyph_20,G_00164,en,E3_obfuscated,0,0.3477779220110083,0,D1_00165,,O4_homoglyph,0.2
D1_00165__O4_homoglyph_30,G_00164,en,E3_obfuscated,0,0.05574273238375201,0,D1_00165,,O4_homoglyph,0.3
D1_00165__O6_random_case_10,G_00164,en,E3_obfuscated,0,0.10889454169968037,0,D1_00165,,O6_random_case,0.1
D1_00165__O6_random_case_20,G_00164,en,E3_obfuscated,0,0.10889454169968037,0,D1_00165,,O6_random_case,0.2
D1_00165__O6_random_case_30,G_00164,en,E3_obfuscated,0,0.10889454169968037,0,D1_00165,,O6_random_case,0.3
D1_00165__O7_typo_10,G_00164,en,E3_obfuscated,0,0.19129540067227876,0,D1_00165,,O7_typo,0.1
D1_00165__O7_typo_20,G_00164,en,E3_obfuscated,0,0.15948621601781884,0,D1_00165,,O7_typo,0.2
D1_00165__O7_typo_30,G_00164,en,E3_obfuscated,0,0.06953701829806648,0,D1_00165,,O7_typo,0.3
D1_00165__O5_base64_100,G_00164,en,E3_obfuscated,0,0.8716480848877534,1,D1_00165,,O5_base64,1.0
D1_00167__O1_leetspeak_10,G_00166,en,E3_obfuscated,0,0.5662035162442485,0,D1_00167,,O1_leetspeak,0.1
D1_00167__O1_leetspeak_20,G_00166,en,E3_obfuscated,0,0.41385747401849504,0,D1_00167,,O1_leetspeak,0.2
D1_00167__O1_leetspeak_30,G_00166,en,E3_obfuscated,0,0.5573305652045467,0,D1_00167,,O1_leetspeak,0.3
D1_00167__O2_char_spacing_10,G_00166,en,E3_obfuscated,0,0.7378710362729016,1,D1_00167,,O2_char_spacing,0.1
D1_00167__O2_char_spacing_20,G_00166,en,E3_obfuscated,0,0.5658413637016682,0,D1_00167,,O2_char_spacing,0.2
D1_00167__O2_char_spacing_30,G_00166,en,E3_obfuscated,0,0.30439036106851086,0,D1_00167,,O2_char_spacing,0.3
D1_00167__O3_zero_width_10,G_00166,en,E3_obfuscated,0,0.5395639770082967,0,D1_00167,,O3_zero_width,0.1
D1_00167__O3_zero_width_20,G_00166,en,E3_obfuscated,0,0.6766899297296056,0,D1_00167,,O3_zero_width,0.2
D1_00167__O3_zero_width_30,G_00166,en,E3_obfuscated,0,0.5103448275739584,0,D1_00167,,O3_zero_width,0.3
D1_00167__O4_homoglyph_10,G_00166,en,E3_obfuscated,0,0.5196316491218745,0,D1_00167,,O4_homoglyph,0.1
D1_00167__O4_homoglyph_20,G_00166,en,E3_obfuscated,0,0.06390704370891158,0,D1_00167,,O4_homoglyph,0.2
D1_00167__O4_homoglyph_30,G_00166,en,E3_obfuscated,0,0.728079100391634,1,D1_00167,,O4_homoglyph,0.3
D1_00167__O6_random_case_10,G_00166,en,E3_obfuscated,0,0.2481050144712699,0,D1_00167,,O6_random_case,0.1
D1_00167__O6_random_case_20,G_00166,en,E3_obfuscated,0,0.2481050144712699,0,D1_00167,,O6_random_case,0.2
D1_00167__O6_random_case_30,G_00166,en,E3_obfuscated,0,0.2481050144712699,0,D1_00167,,O6_random_case,0.3
D1_00167__O7_typo_10,G_00166,en,E3_obfuscated,0,0.16741025419558533,0,D1_00167,,O7_typo,0.1
D1_00167__O7_typo_20,G_00166,en,E3_obfuscated,0,0.247612299276328,0,D1_00167,,O7_typo,0.2
D1_00167__O7_typo_30,G_00166,en,E3_obfuscated,0,0.43580404677954643,0,D1_00167,,O7_typo,0.3
D1_00167__O5_base64_100,G_00166,en,E3_obfuscated,0,0.8040181873685306,1,D1_00167,,O5_base64,1.0
D1_00176__O1_leetspeak_10,G_00175,en,E3_obfuscated,0,0.05898987385441556,0,D1_00176,,O1_leetspeak,0.1
D1_00176__O1_leetspeak_20,G_00175,en,E3_obfuscated,0,0.15704477485520058,0,D1_00176,,O1_leetspeak,0.2
D1_00176__O1_leetspeak_30,G_00175,en,E3_obfuscated,0,0.383591628390432,0,D1_00176,,O1_leetspeak,0.3
D1_00176__O2_char_spacing_10,G_00175,en,E3_obfuscated,0,0.3232838424039317,0,D1_00176,,O2_char_spacing,0.1
D1_00176__O2_char_spacing_20,G_00175,en,E3_obfuscated,0,0.4144994264624308,0,D1_00176,,O2_char_spacing,0.2
D1_00176__O2_char_spacing_30,G_00175,en,E3_obfuscated,0,0.37699766317999134,0,D1_00176,,O2_char_spacing,0.3
D1_00176__O3_zero_width_10,G_00175,en,E3_obfuscated,0,0.2912662703488783,0,D1_00176,,O3_zero_width,0.1
D1_00176__O3_zero_width_20,G_00175,en,E3_obfuscated,0,0.5285445684564228,0,D1_00176,,O3_zero_width,0.2
D1_00176__O3_zero_width_30,G_00175,en,E3_obfuscated,0,0.33184585662001603,0,D1_00176,,O3_zero_width,0.3
D1_00176__O4_homoglyph_10,G_00175,en,E3_obfuscated,0,0.11048276461286594,0,D1_00176,,O4_homoglyph,0.1
D1_00176__O4_homoglyph_20,G_00175,en,E3_obfuscated,0,0.35206551841682626,0,D1_00176,,O4_homoglyph,0.2
D1_00176__O4_homoglyph_30,G_00175,en,E3_obfuscated,0,0.6452648084833852,0,D1_00176,,O4_homoglyph,0.3
D1_00176__O6_random_case_10,G_00175,en,E3_obfuscated,0,0.0778368895025204,0,D1_00176,,O6_random_case,0.1
D1_00176__O6_random_case_20,G_00175,en,E3_obfuscated,0,0.0778368895025204,0,D1_00176,,O6_random_case,0.2
D1_00176__O6_random_case_30,G_00175,en,E3_obfuscated,0,0.0778368895025204,0,D1_00176,,O6_random_case,0.3
D1_00176__O7_typo_10,G_00175,en,E3_obfuscated,0,0.0869081845345901,0,D1_00176,,O7_typo,0.1
D1_00176__O7_typo_20,G_00175,en,E3_obfuscated,0,0.1269151596086896,0,D1_00176,,O7_typo,0.2
D1_00176__O7_typo_30,G_00175,en,E3_obfuscated,0,0.08779939007848594,0,D1_00176,,O7_typo,0.3
D1_00176__O5_base64_100,G_00175,en,E3_obfuscated,0,0.8746590374470616,1,D1_00176,,O5_base64,1.0
D1_00178__O1_leetspeak_10,G_00177,en,E3_obfuscated,0,0.020123266609841935,0,D1_00178,,O1_leetspeak,0.1
D1_00178__O1_leetspeak_20,G_00177,en,E3_obfuscated,0,0.06075270823423611,0,D1_00178,,O1_leetspeak,0.2
D1_00178__O1_leetspeak_30,G_00177,en,E3_obfuscated,0,0.019018845931627847,0,D1_00178,,O1_leetspeak,0.3
D1_00178__O2_char_spacing_10,G_00177,en,E3_obfuscated,0,0.10480189590166351,0,D1_00178,,O2_char_spacing,0.1
D1_00178__O2_char_spacing_20,G_00177,en,E3_obfuscated,0,0.14717698840843516,0,D1_00178,,O2_char_spacing,0.2
D1_00178__O2_char_spacing_30,G_00177,en,E3_obfuscated,0,0.5361089260208183,0,D1_00178,,O2_char_spacing,0.3
D1_00178__O3_zero_width_10,G_00177,en,E3_obfuscated,0,0.03447946893000533,0,D1_00178,,O3_zero_width,0.1
D1_00178__O3_zero_width_20,G_00177,en,E3_obfuscated,0,0.015069479419442885,0,D1_00178,,O3_zero_width,0.2
D1_00178__O3_zero_width_30,G_00177,en,E3_obfuscated,0,0.056674870229557736,0,D1_00178,,O3_zero_width,0.3
D1_00178__O4_homoglyph_10,G_00177,en,E3_obfuscated,0,0.01064833575314028,0,D1_00178,,O4_homoglyph,0.1
D1_00178__O4_homoglyph_20,G_00177,en,E3_obfuscated,0,0.04795564286361298,0,D1_00178,,O4_homoglyph,0.2
D1_00178__O4_homoglyph_30,G_00177,en,E3_obfuscated,0,0.1407439756495546,0,D1_00178,,O4_homoglyph,0.3
D1_00178__O6_random_case_10,G_00177,en,E3_obfuscated,0,0.023892283606832508,0,D1_00178,,O6_random_case,0.1
D1_00178__O6_random_case_20,G_00177,en,E3_obfuscated,0,0.023892283606832508,0,D1_00178,,O6_random_case,0.2
D1_00178__O6_random_case_30,G_00177,en,E3_obfuscated,0,0.023892283606832508,0,D1_00178,,O6_random_case,0.3
D1_00178__O7_typo_10,G_00177,en,E3_obfuscated,0,0.02415357618326422,0,D1_00178,,O7_typo,0.1
D1_00178__O7_typo_20,G_00177,en,E3_obfuscated,0,0.017300218607795084,0,D1_00178,,O7_typo,0.2
D1_00178__O7_typo_30,G_00177,en,E3_obfuscated,0,0.012996150862466848,0,D1_00178,,O7_typo,0.3
D1_00178__O5_base64_100,G_00177,en,E3_obfuscated,0,0.8657781318868246,1,D1_00178,,O5_base64,1.0
D1_00179__O1_leetspeak_10,G_00178,en,E3_obfuscated,1,0.8461800728601253,1,D1_00179,,O1_leetspeak,0.1
D1_00179__O1_leetspeak_20,G_00178,en,E3_obfuscated,1,0.9419779515653038,1,D1_00179,,O1_leetspeak,0.2
D1_00179__O1_leetspeak_30,G_00178,en,E3_obfuscated,1,0.9562780560864231,1,D1_00179,,O1_leetspeak,0.3
D1_00179__O2_char_spacing_10,G_00178,en,E3_obfuscated,1,0.9622593330324111,1,D1_00179,,O2_char_spacing,0.1
D1_00179__O2_char_spacing_20,G_00178,en,E3_obfuscated,1,0.9565293257901208,1,D1_00179,,O2_char_spacing,0.2
D1_00179__O2_char_spacing_30,G_00178,en,E3_obfuscated,1,0.9721197012086504,1,D1_00179,,O2_char_spacing,0.3
D1_00179__O3_zero_width_10,G_00178,en,E3_obfuscated,1,0.9181665164859599,1,D1_00179,,O3_zero_width,0.1
D1_00179__O3_zero_width_20,G_00178,en,E3_obfuscated,1,0.957813055465195,1,D1_00179,,O3_zero_width,0.2
D1_00179__O3_zero_width_30,G_00178,en,E3_obfuscated,1,0.931067878264415,1,D1_00179,,O3_zero_width,0.3
D1_00179__O4_homoglyph_10,G_00178,en,E3_obfuscated,1,0.9145345298832551,1,D1_00179,,O4_homoglyph,0.1
D1_00179__O4_homoglyph_20,G_00178,en,E3_obfuscated,1,0.9067424168564776,1,D1_00179,,O4_homoglyph,0.2
D1_00179__O4_homoglyph_30,G_00178,en,E3_obfuscated,1,0.9625905908230229,1,D1_00179,,O4_homoglyph,0.3
D1_00179__O6_random_case_10,G_00178,en,E3_obfuscated,1,0.9444549278153886,1,D1_00179,,O6_random_case,0.1
D1_00179__O6_random_case_20,G_00178,en,E3_obfuscated,1,0.9444549278153886,1,D1_00179,,O6_random_case,0.2
D1_00179__O6_random_case_30,G_00178,en,E3_obfuscated,1,0.9444549278153886,1,D1_00179,,O6_random_case,0.3
D1_00179__O7_typo_10,G_00178,en,E3_obfuscated,1,0.9150485006737538,1,D1_00179,,O7_typo,0.1
D1_00179__O7_typo_20,G_00178,en,E3_obfuscated,1,0.9095504975123571,1,D1_00179,,O7_typo,0.2
D1_00179__O7_typo_30,G_00178,en,E3_obfuscated,1,0.937672600309802,1,D1_00179,,O7_typo,0.3
D1_00179__O5_base64_100,G_00178,en,E3_obfuscated,1,0.7908103455912416,1,D1_00179,,O5_base64,1.0
D1_00183__O1_leetspeak_10,G_00182,other,E3_obfuscated,0,0.08029624563879594,0,D1_00183,,O1_leetspeak,0.1
D1_00183__O1_leetspeak_20,G_00182,other,E3_obfuscated,0,0.12828443744173398,0,D1_00183,,O1_leetspeak,0.2
D1_00183__O1_leetspeak_30,G_00182,other,E3_obfuscated,0,0.2361158029849089,0,D1_00183,,O1_leetspeak,0.3
D1_00183__O2_char_spacing_10,G_00182,other,E3_obfuscated,0,0.31778487669118277,0,D1_00183,,O2_char_spacing,0.1
D1_00183__O2_char_spacing_20,G_00182,other,E3_obfuscated,0,0.2675704518590093,0,D1_00183,,O2_char_spacing,0.2
D1_00183__O2_char_spacing_30,G_00182,other,E3_obfuscated,0,0.49823562307823793,0,D1_00183,,O2_char_spacing,0.3
D1_00183__O3_zero_width_10,G_00182,other,E3_obfuscated,0,0.458997573776187,0,D1_00183,,O3_zero_width,0.1
D1_00183__O3_zero_width_20,G_00182,other,E3_obfuscated,0,0.03798574308508638,0,D1_00183,,O3_zero_width,0.2
D1_00183__O3_zero_width_30,G_00182,other,E3_obfuscated,0,0.15188752956105134,0,D1_00183,,O3_zero_width,0.3
D1_00183__O4_homoglyph_10,G_00182,other,E3_obfuscated,0,0.05329632766040244,0,D1_00183,,O4_homoglyph,0.1
D1_00183__O4_homoglyph_20,G_00182,other,E3_obfuscated,0,0.025746187566540166,0,D1_00183,,O4_homoglyph,0.2
D1_00183__O4_homoglyph_30,G_00182,other,E3_obfuscated,0,0.06248270465447319,0,D1_00183,,O4_homoglyph,0.3
D1_00183__O6_random_case_10,G_00182,other,E3_obfuscated,0,0.22745330312446815,0,D1_00183,,O6_random_case,0.1
D1_00183__O6_random_case_20,G_00182,other,E3_obfuscated,0,0.22745330312446815,0,D1_00183,,O6_random_case,0.2
D1_00183__O6_random_case_30,G_00182,other,E3_obfuscated,0,0.22745330312446815,0,D1_00183,,O6_random_case,0.3
D1_00183__O7_typo_10,G_00182,other,E3_obfuscated,0,0.12388728873327699,0,D1_00183,,O7_typo,0.1
D1_00183__O7_typo_20,G_00182,other,E3_obfuscated,0,0.03855674656397298,0,D1_00183,,O7_typo,0.2
D1_00183__O7_typo_30,G_00182,other,E3_obfuscated,0,0.6245605894212417,0,D1_00183,,O7_typo,0.3
D1_00183__O5_base64_100,G_00182,other,E3_obfuscated,0,0.8592063525018003,1,D1_00183,,O5_base64,1.0
D1_00206__O1_leetspeak_10,G_00205,en,E3_obfuscated,0,0.0035653914172721355,0,D1_00206,,O1_leetspeak,0.1
D1_00206__O1_leetspeak_20,G_00205,en,E3_obfuscated,0,0.019328209665644577,0,D1_00206,,O1_leetspeak,0.2
D1_00206__O1_leetspeak_30,G_00205,en,E3_obfuscated,0,0.006509181786158484,0,D1_00206,,O1_leetspeak,0.3
D1_00206__O2_char_spacing_10,G_00205,en,E3_obfuscated,0,0.007996268320939774,0,D1_00206,,O2_char_spacing,0.1
D1_00206__O2_char_spacing_20,G_00205,en,E3_obfuscated,0,0.024948382835547275,0,D1_00206,,O2_char_spacing,0.2
D1_00206__O2_char_spacing_30,G_00205,en,E3_obfuscated,0,0.26150040904933125,0,D1_00206,,O2_char_spacing,0.3
D1_00206__O3_zero_width_10,G_00205,en,E3_obfuscated,0,0.02450662438778231,0,D1_00206,,O3_zero_width,0.1
D1_00206__O3_zero_width_20,G_00205,en,E3_obfuscated,0,0.01316434975138087,0,D1_00206,,O3_zero_width,0.2
D1_00206__O3_zero_width_30,G_00205,en,E3_obfuscated,0,0.023685118808159156,0,D1_00206,,O3_zero_width,0.3
D1_00206__O4_homoglyph_10,G_00205,en,E3_obfuscated,0,0.0066670423594836015,0,D1_00206,,O4_homoglyph,0.1
D1_00206__O4_homoglyph_20,G_00205,en,E3_obfuscated,0,0.021669839556132907,0,D1_00206,,O4_homoglyph,0.2
D1_00206__O4_homoglyph_30,G_00205,en,E3_obfuscated,0,0.029813071290341338,0,D1_00206,,O4_homoglyph,0.3
D1_00206__O6_random_case_10,G_00205,en,E3_obfuscated,0,0.005109658259812444,0,D1_00206,,O6_random_case,0.1
D1_00206__O6_random_case_20,G_00205,en,E3_obfuscated,0,0.005109658259812444,0,D1_00206,,O6_random_case,0.2
D1_00206__O6_random_case_30,G_00205,en,E3_obfuscated,0,0.005109658259812444,0,D1_00206,,O6_random_case,0.3
D1_00206__O7_typo_10,G_00205,en,E3_obfuscated,0,0.030931497117175494,0,D1_00206,,O7_typo,0.1
D1_00206__O7_typo_20,G_00205,en,E3_obfuscated,0,0.02594067919081803,0,D1_00206,,O7_typo,0.2
D1_00206__O7_typo_30,G_00205,en,E3_obfuscated,0,0.00452328665999152,0,D1_00206,,O7_typo,0.3
D1_00206__O5_base64_100,G_00205,en,E3_obfuscated,0,0.8840575198195724,1,D1_00206,,O5_base64,1.0
D1_00211__O1_leetspeak_10,G_00210,other,E3_obfuscated,0,0.002929820716368663,0,D1_00211,,O1_leetspeak,0.1
D1_00211__O1_leetspeak_20,G_00210,other,E3_obfuscated,0,0.0059561461941337246,0,D1_00211,,O1_leetspeak,0.2
D1_00211__O1_leetspeak_30,G_00210,other,E3_obfuscated,0,0.003117622296342542,0,D1_00211,,O1_leetspeak,0.3
D1_00211__O2_char_spacing_10,G_00210,other,E3_obfuscated,0,0.0063678253683169365,0,D1_00211,,O2_char_spacing,0.1
D1_00211__O2_char_spacing_20,G_00210,other,E3_obfuscated,0,0.0040315241481097,0,D1_00211,,O2_char_spacing,0.2
D1_00211__O2_char_spacing_30,G_00210,other,E3_obfuscated,0,0.007515636906769626,0,D1_00211,,O2_char_spacing,0.3
D1_00211__O3_zero_width_10,G_00210,other,E3_obfuscated,0,0.09484459816942417,0,D1_00211,,O3_zero_width,0.1
D1_00211__O3_zero_width_20,G_00210,other,E3_obfuscated,0,0.024852194355655298,0,D1_00211,,O3_zero_width,0.2
D1_00211__O3_zero_width_30,G_00210,other,E3_obfuscated,0,0.01079264881656311,0,D1_00211,,O3_zero_width,0.3
D1_00211__O4_homoglyph_10,G_00210,other,E3_obfuscated,0,0.004099043741817673,0,D1_00211,,O4_homoglyph,0.1
D1_00211__O4_homoglyph_20,G_00210,other,E3_obfuscated,0,0.001334410537723915,0,D1_00211,,O4_homoglyph,0.2
D1_00211__O4_homoglyph_30,G_00210,other,E3_obfuscated,0,0.004592308965629693,0,D1_00211,,O4_homoglyph,0.3
D1_00211__O6_random_case_10,G_00210,other,E3_obfuscated,0,0.0026891181312093337,0,D1_00211,,O6_random_case,0.1
D1_00211__O6_random_case_20,G_00210,other,E3_obfuscated,0,0.0026891181312093337,0,D1_00211,,O6_random_case,0.2
D1_00211__O6_random_case_30,G_00210,other,E3_obfuscated,0,0.0026891181312093337,0,D1_00211,,O6_random_case,0.3
D1_00211__O7_typo_10,G_00210,other,E3_obfuscated,0,0.002516564386984654,0,D1_00211,,O7_typo,0.1
D1_00211__O7_typo_20,G_00210,other,E3_obfuscated,0,0.0030782875506478995,0,D1_00211,,O7_typo,0.2
D1_00211__O7_typo_30,G_00210,other,E3_obfuscated,0,0.002932417463584897,0,D1_00211,,O7_typo,0.3
D1_00211__O5_base64_100,G_00210,other,E3_obfuscated,0,0.8853526695599425,1,D1_00211,,O5_base64,1.0
D1_00212__O1_leetspeak_10,G_00211,other,E3_obfuscated,0,0.052818461532587575,0,D1_00212,,O1_leetspeak,0.1
D1_00212__O1_leetspeak_20,G_00211,other,E3_obfuscated,0,0.03377733932023852,0,D1_00212,,O1_leetspeak,0.2
D1_00212__O1_leetspeak_30,G_00211,other,E3_obfuscated,0,0.06636798981052638,0,D1_00212,,O1_leetspeak,0.3
D1_00212__O2_char_spacing_10,G_00211,other,E3_obfuscated,0,0.06120867335520866,0,D1_00212,,O2_char_spacing,0.1
D1_00212__O2_char_spacing_20,G_00211,other,E3_obfuscated,0,0.16296629128227144,0,D1_00212,,O2_char_spacing,0.2
D1_00212__O2_char_spacing_30,G_00211,other,E3_obfuscated,0,0.10881232012163974,0,D1_00212,,O2_char_spacing,0.3
D1_00212__O3_zero_width_10,G_00211,other,E3_obfuscated,0,0.06293551458816998,0,D1_00212,,O3_zero_width,0.1
D1_00212__O3_zero_width_20,G_00211,other,E3_obfuscated,0,0.11775611845609252,0,D1_00212,,O3_zero_width,0.2
D1_00212__O3_zero_width_30,G_00211,other,E3_obfuscated,0,0.04875288788651959,0,D1_00212,,O3_zero_width,0.3
D1_00212__O4_homoglyph_10,G_00211,other,E3_obfuscated,0,0.028625451719021915,0,D1_00212,,O4_homoglyph,0.1
D1_00212__O4_homoglyph_20,G_00211,other,E3_obfuscated,0,0.06543856257279293,0,D1_00212,,O4_homoglyph,0.2
D1_00212__O4_homoglyph_30,G_00211,other,E3_obfuscated,0,0.10724206202580001,0,D1_00212,,O4_homoglyph,0.3
D1_00212__O6_random_case_10,G_00211,other,E3_obfuscated,0,0.03411029773342699,0,D1_00212,,O6_random_case,0.1
D1_00212__O6_random_case_20,G_00211,other,E3_obfuscated,0,0.03411029773342699,0,D1_00212,,O6_random_case,0.2
D1_00212__O6_random_case_30,G_00211,other,E3_obfuscated,0,0.03411029773342699,0,D1_00212,,O6_random_case,0.3
D1_00212__O7_typo_10,G_00211,other,E3_obfuscated,0,0.06054458458084454,0,D1_00212,,O7_typo,0.1
D1_00212__O7_typo_20,G_00211,other,E3_obfuscated,0,0.04062016858884667,0,D1_00212,,O7_typo,0.2
D1_00212__O7_typo_30,G_00211,other,E3_obfuscated,0,0.09429843782086837,0,D1_00212,,O7_typo,0.3
D1_00212__O5_base64_100,G_00211,other,E3_obfuscated,0,0.8388420646241772,1,D1_00212,,O5_base64,1.0
D1_00220__O1_leetspeak_10,G_00219,other,E3_obfuscated,0,0.016655332135443665,0,D1_00220,,O1_leetspeak,0.1
D1_00220__O1_leetspeak_20,G_00219,other,E3_obfuscated,0,0.005505113454132177,0,D1_00220,,O1_leetspeak,0.2
D1_00220__O1_leetspeak_30,G_00219,other,E3_obfuscated,0,0.042391676091973494,0,D1_00220,,O1_leetspeak,0.3
D1_00220__O2_char_spacing_10,G_00219,other,E3_obfuscated,0,0.017157855070032226,0,D1_00220,,O2_char_spacing,0.1
D1_00220__O2_char_spacing_20,G_00219,other,E3_obfuscated,0,0.018090477446951397,0,D1_00220,,O2_char_spacing,0.2
D1_00220__O2_char_spacing_30,G_00219,other,E3_obfuscated,0,0.051110684670687995,0,D1_00220,,O2_char_spacing,0.3
D1_00220__O3_zero_width_10,G_00219,other,E3_obfuscated,0,0.05940300839574596,0,D1_00220,,O3_zero_width,0.1
D1_00220__O3_zero_width_20,G_00219,other,E3_obfuscated,0,0.1562552237878676,0,D1_00220,,O3_zero_width,0.2
D1_00220__O3_zero_width_30,G_00219,other,E3_obfuscated,0,0.22250399311979127,0,D1_00220,,O3_zero_width,0.3
D1_00220__O4_homoglyph_10,G_00219,other,E3_obfuscated,0,0.018846522134391763,0,D1_00220,,O4_homoglyph,0.1
D1_00220__O4_homoglyph_20,G_00219,other,E3_obfuscated,0,0.013735623303588285,0,D1_00220,,O4_homoglyph,0.2
D1_00220__O4_homoglyph_30,G_00219,other,E3_obfuscated,0,0.005857759862544053,0,D1_00220,,O4_homoglyph,0.3
D1_00220__O6_random_case_10,G_00219,other,E3_obfuscated,0,0.012623814172176595,0,D1_00220,,O6_random_case,0.1
D1_00220__O6_random_case_20,G_00219,other,E3_obfuscated,0,0.012623814172176595,0,D1_00220,,O6_random_case,0.2
D1_00220__O6_random_case_30,G_00219,other,E3_obfuscated,0,0.012623814172176595,0,D1_00220,,O6_random_case,0.3
D1_00220__O7_typo_10,G_00219,other,E3_obfuscated,0,0.016756014106187506,0,D1_00220,,O7_typo,0.1
D1_00220__O7_typo_20,G_00219,other,E3_obfuscated,0,0.03264258032975788,0,D1_00220,,O7_typo,0.2
D1_00220__O7_typo_30,G_00219,other,E3_obfuscated,0,0.040852811820571856,0,D1_00220,,O7_typo,0.3
D1_00220__O5_base64_100,G_00219,other,E3_obfuscated,0,0.8358410762701531,1,D1_00220,,O5_base64,1.0
D1_00222__O1_leetspeak_10,G_00221,other,E3_obfuscated,0,0.27551511008699314,0,D1_00222,,O1_leetspeak,0.1
D1_00222__O1_leetspeak_20,G_00221,other,E3_obfuscated,0,0.1983300655656676,0,D1_00222,,O1_leetspeak,0.2
D1_00222__O1_leetspeak_30,G_00221,other,E3_obfuscated,0,0.049604534778179984,0,D1_00222,,O1_leetspeak,0.3
D1_00222__O2_char_spacing_10,G_00221,other,E3_obfuscated,0,0.19953390241905822,0,D1_00222,,O2_char_spacing,0.1
D1_00222__O2_char_spacing_20,G_00221,other,E3_obfuscated,0,0.3197372477033063,0,D1_00222,,O2_char_spacing,0.2
D1_00222__O2_char_spacing_30,G_00221,other,E3_obfuscated,0,0.3197372477033063,0,D1_00222,,O2_char_spacing,0.3
D1_00222__O3_zero_width_10,G_00221,other,E3_obfuscated,0,0.07353912671539636,0,D1_00222,,O3_zero_width,0.1
D1_00222__O3_zero_width_20,G_00221,other,E3_obfuscated,0,0.08092363738391199,0,D1_00222,,O3_zero_width,0.2
D1_00222__O3_zero_width_30,G_00221,other,E3_obfuscated,0,0.07231120641193692,0,D1_00222,,O3_zero_width,0.3
D1_00222__O4_homoglyph_10,G_00221,other,E3_obfuscated,0,0.06025553604669471,0,D1_00222,,O4_homoglyph,0.1
D1_00222__O4_homoglyph_20,G_00221,other,E3_obfuscated,0,0.24907152785562806,0,D1_00222,,O4_homoglyph,0.2
D1_00222__O4_homoglyph_30,G_00221,other,E3_obfuscated,0,0.05817468326749473,0,D1_00222,,O4_homoglyph,0.3
D1_00222__O6_random_case_10,G_00221,other,E3_obfuscated,0,0.1989594216347948,0,D1_00222,,O6_random_case,0.1
D1_00222__O6_random_case_20,G_00221,other,E3_obfuscated,0,0.1989594216347948,0,D1_00222,,O6_random_case,0.2
D1_00222__O6_random_case_30,G_00221,other,E3_obfuscated,0,0.1989594216347948,0,D1_00222,,O6_random_case,0.3
D1_00222__O7_typo_10,G_00221,other,E3_obfuscated,0,0.2066131579538346,0,D1_00222,,O7_typo,0.1
D1_00222__O7_typo_20,G_00221,other,E3_obfuscated,0,0.16725717008871044,0,D1_00222,,O7_typo,0.2
D1_00222__O7_typo_30,G_00221,other,E3_obfuscated,0,0.16725717008871044,0,D1_00222,,O7_typo,0.3
D1_00222__O5_base64_100,G_00221,other,E3_obfuscated,0,0.8955742719420527,1,D1_00222,,O5_base64,1.0
D1_00233__O1_leetspeak_10,G_00232,other,E3_obfuscated,0,0.004392864166776093,0,D1_00233,,O1_leetspeak,0.1
D1_00233__O1_leetspeak_20,G_00232,other,E3_obfuscated,0,0.003303377256866773,0,D1_00233,,O1_leetspeak,0.2
D1_00233__O1_leetspeak_30,G_00232,other,E3_obfuscated,0,0.007044140987995252,0,D1_00233,,O1_leetspeak,0.3
D1_00233__O2_char_spacing_10,G_00232,other,E3_obfuscated,0,0.003051154097311704,0,D1_00233,,O2_char_spacing,0.1
D1_00233__O2_char_spacing_20,G_00232,other,E3_obfuscated,0,0.017667983791969485,0,D1_00233,,O2_char_spacing,0.2
D1_00233__O2_char_spacing_30,G_00232,other,E3_obfuscated,0,0.014410584651635085,0,D1_00233,,O2_char_spacing,0.3
D1_00233__O3_zero_width_10,G_00232,other,E3_obfuscated,0,0.0042105327034227934,0,D1_00233,,O3_zero_width,0.1
D1_00233__O3_zero_width_20,G_00232,other,E3_obfuscated,0,0.02567036320306237,0,D1_00233,,O3_zero_width,0.2
D1_00233__O3_zero_width_30,G_00232,other,E3_obfuscated,0,0.05022698668414077,0,D1_00233,,O3_zero_width,0.3
D1_00233__O4_homoglyph_10,G_00232,other,E3_obfuscated,0,0.0032234435928752527,0,D1_00233,,O4_homoglyph,0.1
D1_00233__O4_homoglyph_20,G_00232,other,E3_obfuscated,0,0.002055368876906979,0,D1_00233,,O4_homoglyph,0.2
D1_00233__O4_homoglyph_30,G_00232,other,E3_obfuscated,0,0.016808057795248996,0,D1_00233,,O4_homoglyph,0.3
D1_00233__O6_random_case_10,G_00232,other,E3_obfuscated,0,0.0030242353418089086,0,D1_00233,,O6_random_case,0.1
D1_00233__O6_random_case_20,G_00232,other,E3_obfuscated,0,0.0030242353418089086,0,D1_00233,,O6_random_case,0.2
D1_00233__O6_random_case_30,G_00232,other,E3_obfuscated,0,0.0030242353418089086,0,D1_00233,,O6_random_case,0.3
D1_00233__O7_typo_10,G_00232,other,E3_obfuscated,0,0.007394941318996928,0,D1_00233,,O7_typo,0.1
D1_00233__O7_typo_20,G_00232,other,E3_obfuscated,0,0.010181873456911822,0,D1_00233,,O7_typo,0.2
D1_00233__O7_typo_30,G_00232,other,E3_obfuscated,0,0.0034117496905803992,0,D1_00233,,O7_typo,0.3
D1_00233__O5_base64_100,G_00232,other,E3_obfuscated,0,0.8819018863348282,1,D1_00233,,O5_base64,1.0
D1_00249__O1_leetspeak_10,G_00248,other,E3_obfuscated,0,0.030285736067039375,0,D1_00249,,O1_leetspeak,0.1
D1_00249__O1_leetspeak_20,G_00248,other,E3_obfuscated,0,0.03645979010704834,0,D1_00249,,O1_leetspeak,0.2
D1_00249__O1_leetspeak_30,G_00248,other,E3_obfuscated,0,0.09376989608411161,0,D1_00249,,O1_leetspeak,0.3
D1_00249__O2_char_spacing_10,G_00248,other,E3_obfuscated,0,0.046348748342039725,0,D1_00249,,O2_char_spacing,0.1
D1_00249__O2_char_spacing_20,G_00248,other,E3_obfuscated,0,0.0368257840013991,0,D1_00249,,O2_char_spacing,0.2
D1_00249__O2_char_spacing_30,G_00248,other,E3_obfuscated,0,0.03682326561729836,0,D1_00249,,O2_char_spacing,0.3
D1_00249__O3_zero_width_10,G_00248,other,E3_obfuscated,0,0.044247861264697576,0,D1_00249,,O3_zero_width,0.1
D1_00249__O3_zero_width_20,G_00248,other,E3_obfuscated,0,0.007379650163521784,0,D1_00249,,O3_zero_width,0.2
D1_00249__O3_zero_width_30,G_00248,other,E3_obfuscated,0,0.028336072207834465,0,D1_00249,,O3_zero_width,0.3
D1_00249__O4_homoglyph_10,G_00248,other,E3_obfuscated,0,0.031036645484550093,0,D1_00249,,O4_homoglyph,0.1
D1_00249__O4_homoglyph_20,G_00248,other,E3_obfuscated,0,0.07226331693184546,0,D1_00249,,O4_homoglyph,0.2
D1_00249__O4_homoglyph_30,G_00248,other,E3_obfuscated,0,0.02304215121524465,0,D1_00249,,O4_homoglyph,0.3
D1_00249__O6_random_case_10,G_00248,other,E3_obfuscated,0,0.03412831864823645,0,D1_00249,,O6_random_case,0.1
D1_00249__O6_random_case_20,G_00248,other,E3_obfuscated,0,0.03412831864823645,0,D1_00249,,O6_random_case,0.2
D1_00249__O6_random_case_30,G_00248,other,E3_obfuscated,0,0.03412831864823645,0,D1_00249,,O6_random_case,0.3
D1_00249__O7_typo_10,G_00248,other,E3_obfuscated,0,0.021147982366504798,0,D1_00249,,O7_typo,0.1
D1_00249__O7_typo_20,G_00248,other,E3_obfuscated,0,0.02943722316900801,0,D1_00249,,O7_typo,0.2
D1_00249__O7_typo_30,G_00248,other,E3_obfuscated,0,0.03418248473256187,0,D1_00249,,O7_typo,0.3
D1_00249__O5_base64_100,G_00248,other,E3_obfuscated,0,0.8544300650644245,1,D1_00249,,O5_base64,1.0
D1_00251__O1_leetspeak_10,G_00250,other,E3_obfuscated,1,0.981674655563197,1,D1_00251,,O1_leetspeak,0.1
D1_00251__O1_leetspeak_20,G_00250,other,E3_obfuscated,1,0.9442636703871415,1,D1_00251,,O1_leetspeak,0.2
D1_00251__O1_leetspeak_30,G_00250,other,E3_obfuscated,1,0.7669653671617926,1,D1_00251,,O1_leetspeak,0.3
D1_00251__O2_char_spacing_10,G_00250,other,E3_obfuscated,1,0.9973371656965628,1,D1_00251,,O2_char_spacing,0.1
D1_00251__O2_char_spacing_20,G_00250,other,E3_obfuscated,1,0.9746266352830513,1,D1_00251,,O2_char_spacing,0.2
D1_00251__O2_char_spacing_30,G_00250,other,E3_obfuscated,1,0.9852269021841078,1,D1_00251,,O2_char_spacing,0.3
D1_00251__O3_zero_width_10,G_00250,other,E3_obfuscated,1,0.9760202877966678,1,D1_00251,,O3_zero_width,0.1
D1_00251__O3_zero_width_20,G_00250,other,E3_obfuscated,1,0.8812885925258748,1,D1_00251,,O3_zero_width,0.2
D1_00251__O3_zero_width_30,G_00250,other,E3_obfuscated,1,0.9058365338356154,1,D1_00251,,O3_zero_width,0.3
D1_00251__O4_homoglyph_10,G_00250,other,E3_obfuscated,1,0.8930528087728532,1,D1_00251,,O4_homoglyph,0.1
D1_00251__O4_homoglyph_20,G_00250,other,E3_obfuscated,1,0.9413080768770544,1,D1_00251,,O4_homoglyph,0.2
D1_00251__O4_homoglyph_30,G_00250,other,E3_obfuscated,1,0.4789089582065632,0,D1_00251,,O4_homoglyph,0.3
D1_00251__O6_random_case_10,G_00250,other,E3_obfuscated,1,0.980935638622041,1,D1_00251,,O6_random_case,0.1
D1_00251__O6_random_case_20,G_00250,other,E3_obfuscated,1,0.980935638622041,1,D1_00251,,O6_random_case,0.2
D1_00251__O6_random_case_30,G_00250,other,E3_obfuscated,1,0.980935638622041,1,D1_00251,,O6_random_case,0.3
D1_00251__O7_typo_10,G_00250,other,E3_obfuscated,1,0.97920660648985,1,D1_00251,,O7_typo,0.1
D1_00251__O7_typo_20,G_00250,other,E3_obfuscated,1,0.9694932860733048,1,D1_00251,,O7_typo,0.2
D1_00251__O7_typo_30,G_00250,other,E3_obfuscated,1,0.9768552439105528,1,D1_00251,,O7_typo,0.3
D1_00251__O5_base64_100,G_00250,other,E3_obfuscated,1,0.852491918310638,1,D1_00251,,O5_base64,1.0
D1_00259__O1_leetspeak_10,G_00258,other,E3_obfuscated,1,0.9813999916679235,1,D1_00259,,O1_leetspeak,0.1
D1_00259__O1_leetspeak_20,G_00258,other,E3_obfuscated,1,0.9668680615201658,1,D1_00259,,O1_leetspeak,0.2
D1_00259__O1_leetspeak_30,G_00258,other,E3_obfuscated,1,0.8926355163235042,1,D1_00259,,O1_leetspeak,0.3
D1_00259__O2_char_spacing_10,G_00258,other,E3_obfuscated,1,0.993324943117242,1,D1_00259,,O2_char_spacing,0.1
D1_00259__O2_char_spacing_20,G_00258,other,E3_obfuscated,1,0.9919515272005803,1,D1_00259,,O2_char_spacing,0.2
D1_00259__O2_char_spacing_30,G_00258,other,E3_obfuscated,1,0.9903129362345516,1,D1_00259,,O2_char_spacing,0.3
D1_00259__O3_zero_width_10,G_00258,other,E3_obfuscated,1,0.9827785050677988,1,D1_00259,,O3_zero_width,0.1
D1_00259__O3_zero_width_20,G_00258,other,E3_obfuscated,1,0.9835454500619973,1,D1_00259,,O3_zero_width,0.2
D1_00259__O3_zero_width_30,G_00258,other,E3_obfuscated,1,0.8939284029076857,1,D1_00259,,O3_zero_width,0.3
D1_00259__O4_homoglyph_10,G_00258,other,E3_obfuscated,1,0.9843040250280971,1,D1_00259,,O4_homoglyph,0.1
D1_00259__O4_homoglyph_20,G_00258,other,E3_obfuscated,1,0.985574903721946,1,D1_00259,,O4_homoglyph,0.2
D1_00259__O4_homoglyph_30,G_00258,other,E3_obfuscated,1,0.9225187971496427,1,D1_00259,,O4_homoglyph,0.3
D1_00259__O6_random_case_10,G_00258,other,E3_obfuscated,1,0.9895759092083029,1,D1_00259,,O6_random_case,0.1
D1_00259__O6_random_case_20,G_00258,other,E3_obfuscated,1,0.9895759092083029,1,D1_00259,,O6_random_case,0.2
D1_00259__O6_random_case_30,G_00258,other,E3_obfuscated,1,0.9895759092083029,1,D1_00259,,O6_random_case,0.3
D1_00259__O7_typo_10,G_00258,other,E3_obfuscated,1,0.9896761753033816,1,D1_00259,,O7_typo,0.1
D1_00259__O7_typo_20,G_00258,other,E3_obfuscated,1,0.988646607912856,1,D1_00259,,O7_typo,0.2
D1_00259__O7_typo_30,G_00258,other,E3_obfuscated,1,0.9858926844730592,1,D1_00259,,O7_typo,0.3
D1_00259__O5_base64_100,G_00258,other,E3_obfuscated,1,0.6464949860166296,0,D1_00259,,O5_base64,1.0
D1_00266__O1_leetspeak_10,G_00265,other,E3_obfuscated,0,0.006273846813440259,0,D1_00266,,O1_leetspeak,0.1
D1_00266__O1_leetspeak_20,G_00265,other,E3_obfuscated,0,0.0019247684537380197,0,D1_00266,,O1_leetspeak,0.2
D1_00266__O1_leetspeak_30,G_00265,other,E3_obfuscated,0,0.011744799710489367,0,D1_00266,,O1_leetspeak,0.3
D1_00266__O2_char_spacing_10,G_00265,other,E3_obfuscated,0,0.00224415634912498,0,D1_00266,,O2_char_spacing,0.1
D1_00266__O2_char_spacing_20,G_00265,other,E3_obfuscated,0,0.0033597705326642675,0,D1_00266,,O2_char_spacing,0.2
D1_00266__O2_char_spacing_30,G_00265,other,E3_obfuscated,0,0.03352459197984023,0,D1_00266,,O2_char_spacing,0.3
D1_00266__O3_zero_width_10,G_00265,other,E3_obfuscated,0,0.01301599933498712,0,D1_00266,,O3_zero_width,0.1
D1_00266__O3_zero_width_20,G_00265,other,E3_obfuscated,0,0.04144707161617082,0,D1_00266,,O3_zero_width,0.2
D1_00266__O3_zero_width_30,G_00265,other,E3_obfuscated,0,0.012911381935801927,0,D1_00266,,O3_zero_width,0.3
D1_00266__O4_homoglyph_10,G_00265,other,E3_obfuscated,0,0.0009474363801331906,0,D1_00266,,O4_homoglyph,0.1
D1_00266__O4_homoglyph_20,G_00265,other,E3_obfuscated,0,0.002859419949574422,0,D1_00266,,O4_homoglyph,0.2
D1_00266__O4_homoglyph_30,G_00265,other,E3_obfuscated,0,0.006598294339133982,0,D1_00266,,O4_homoglyph,0.3
D1_00266__O6_random_case_10,G_00265,other,E3_obfuscated,0,0.0011789208876386611,0,D1_00266,,O6_random_case,0.1
D1_00266__O6_random_case_20,G_00265,other,E3_obfuscated,0,0.0011789208876386611,0,D1_00266,,O6_random_case,0.2
D1_00266__O6_random_case_30,G_00265,other,E3_obfuscated,0,0.0011789208876386611,0,D1_00266,,O6_random_case,0.3
D1_00266__O7_typo_10,G_00265,other,E3_obfuscated,0,0.0031450591725841258,0,D1_00266,,O7_typo,0.1
D1_00266__O7_typo_20,G_00265,other,E3_obfuscated,0,0.009853832995456937,0,D1_00266,,O7_typo,0.2
D1_00266__O7_typo_30,G_00265,other,E3_obfuscated,0,0.007082640656308929,0,D1_00266,,O7_typo,0.3
D1_00266__O5_base64_100,G_00265,other,E3_obfuscated,0,0.8704913486101432,1,D1_00266,,O5_base64,1.0
D1_00267__O1_leetspeak_10,G_00266,other,E3_obfuscated,1,0.994017937462615,1,D1_00267,,O1_leetspeak,0.1
D1_00267__O1_leetspeak_20,G_00266,other,E3_obfuscated,1,0.9358478059629094,1,D1_00267,,O1_leetspeak,0.2
D1_00267__O1_leetspeak_30,G_00266,other,E3_obfuscated,1,0.9002173055855457,1,D1_00267,,O1_leetspeak,0.3
D1_00267__O2_char_spacing_10,G_00266,other,E3_obfuscated,1,0.9942330743951391,1,D1_00267,,O2_char_spacing,0.1
D1_00267__O2_char_spacing_20,G_00266,other,E3_obfuscated,1,0.9986797696268017,1,D1_00267,,O2_char_spacing,0.2
D1_00267__O2_char_spacing_30,G_00266,other,E3_obfuscated,1,0.9938401869274885,1,D1_00267,,O2_char_spacing,0.3
D1_00267__O3_zero_width_10,G_00266,other,E3_obfuscated,1,0.9938228812154387,1,D1_00267,,O3_zero_width,0.1
D1_00267__O3_zero_width_20,G_00266,other,E3_obfuscated,1,0.9621577834799718,1,D1_00267,,O3_zero_width,0.2
D1_00267__O3_zero_width_30,G_00266,other,E3_obfuscated,1,0.9875568618126208,1,D1_00267,,O3_zero_width,0.3
D1_00267__O4_homoglyph_10,G_00266,other,E3_obfuscated,1,0.9905099097350555,1,D1_00267,,O4_homoglyph,0.1
D1_00267__O4_homoglyph_20,G_00266,other,E3_obfuscated,1,0.9085104608965082,1,D1_00267,,O4_homoglyph,0.2
D1_00267__O4_homoglyph_30,G_00266,other,E3_obfuscated,1,0.8958342354759266,1,D1_00267,,O4_homoglyph,0.3
D1_00267__O6_random_case_10,G_00266,other,E3_obfuscated,1,0.9894417063123405,1,D1_00267,,O6_random_case,0.1
D1_00267__O6_random_case_20,G_00266,other,E3_obfuscated,1,0.9894417063123405,1,D1_00267,,O6_random_case,0.2
D1_00267__O6_random_case_30,G_00266,other,E3_obfuscated,1,0.9894417063123405,1,D1_00267,,O6_random_case,0.3
D1_00267__O7_typo_10,G_00266,other,E3_obfuscated,1,0.9689356792159094,1,D1_00267,,O7_typo,0.1
D1_00267__O7_typo_20,G_00266,other,E3_obfuscated,1,0.9750313949713654,1,D1_00267,,O7_typo,0.2
D1_00267__O7_typo_30,G_00266,other,E3_obfuscated,1,0.9829108153794315,1,D1_00267,,O7_typo,0.3
D1_00267__O5_base64_100,G_00266,other,E3_obfuscated,1,0.8680513835934716,1,D1_00267,,O5_base64,1.0
D1_00273__O1_leetspeak_10,G_00272,other,E3_obfuscated,0,0.0260068285793725,0,D1_00273,,O1_leetspeak,0.1
D1_00273__O1_leetspeak_20,G_00272,other,E3_obfuscated,0,0.00154800168015998,0,D1_00273,,O1_leetspeak,0.2
D1_00273__O1_leetspeak_30,G_00272,other,E3_obfuscated,0,0.0014707324495104638,0,D1_00273,,O1_leetspeak,0.3
D1_00273__O2_char_spacing_10,G_00272,other,E3_obfuscated,0,0.004907231432918205,0,D1_00273,,O2_char_spacing,0.1
D1_00273__O2_char_spacing_20,G_00272,other,E3_obfuscated,0,0.004907231432918205,0,D1_00273,,O2_char_spacing,0.2
D1_00273__O2_char_spacing_30,G_00272,other,E3_obfuscated,0,0.0021441793251049503,0,D1_00273,,O2_char_spacing,0.3
D1_00273__O3_zero_width_10,G_00272,other,E3_obfuscated,0,0.0874444623352487,0,D1_00273,,O3_zero_width,0.1
D1_00273__O3_zero_width_20,G_00272,other,E3_obfuscated,0,0.17311480706971596,0,D1_00273,,O3_zero_width,0.2
D1_00273__O3_zero_width_30,G_00272,other,E3_obfuscated,0,0.2991521013225259,0,D1_00273,,O3_zero_width,0.3
D1_00273__O4_homoglyph_10,G_00272,other,E3_obfuscated,0,0.0013398214504068068,0,D1_00273,,O4_homoglyph,0.1
D1_00273__O4_homoglyph_20,G_00272,other,E3_obfuscated,0,0.001594732859809986,0,D1_00273,,O4_homoglyph,0.2
D1_00273__O4_homoglyph_30,G_00272,other,E3_obfuscated,0,0.0013528342828073327,0,D1_00273,,O4_homoglyph,0.3
D1_00273__O6_random_case_10,G_00272,other,E3_obfuscated,0,0.001660916496149681,0,D1_00273,,O6_random_case,0.1
D1_00273__O6_random_case_20,G_00272,other,E3_obfuscated,0,0.001660916496149681,0,D1_00273,,O6_random_case,0.2
D1_00273__O6_random_case_30,G_00272,other,E3_obfuscated,0,0.001660916496149681,0,D1_00273,,O6_random_case,0.3
D1_00273__O7_typo_10,G_00272,other,E3_obfuscated,0,0.030245003892642924,0,D1_00273,,O7_typo,0.1
D1_00273__O7_typo_20,G_00272,other,E3_obfuscated,0,0.030896163278424822,0,D1_00273,,O7_typo,0.2
D1_00273__O7_typo_30,G_00272,other,E3_obfuscated,0,0.03166968220563171,0,D1_00273,,O7_typo,0.3
D1_00273__O5_base64_100,G_00272,other,E3_obfuscated,0,0.8906378586410488,1,D1_00273,,O5_base64,1.0
D1_00279__O1_leetspeak_10,G_00278,other,E3_obfuscated,0,0.7904378399333153,1,D1_00279,,O1_leetspeak,0.1
D1_00279__O1_leetspeak_20,G_00278,other,E3_obfuscated,0,0.2115067977798149,0,D1_00279,,O1_leetspeak,0.2
D1_00279__O1_leetspeak_30,G_00278,other,E3_obfuscated,0,0.19805072258816456,0,D1_00279,,O1_leetspeak,0.3
D1_00279__O2_char_spacing_10,G_00278,other,E3_obfuscated,0,0.6153760309377035,0,D1_00279,,O2_char_spacing,0.1
D1_00279__O2_char_spacing_20,G_00278,other,E3_obfuscated,0,0.7039800784044542,0,D1_00279,,O2_char_spacing,0.2
D1_00279__O2_char_spacing_30,G_00278,other,E3_obfuscated,0,0.6341423899937306,0,D1_00279,,O2_char_spacing,0.3
D1_00279__O3_zero_width_10,G_00278,other,E3_obfuscated,0,0.6655732648761842,0,D1_00279,,O3_zero_width,0.1
D1_00279__O3_zero_width_20,G_00278,other,E3_obfuscated,0,0.24673624528399668,0,D1_00279,,O3_zero_width,0.2
D1_00279__O3_zero_width_30,G_00278,other,E3_obfuscated,0,0.20172989904521996,0,D1_00279,,O3_zero_width,0.3
D1_00279__O4_homoglyph_10,G_00278,other,E3_obfuscated,0,0.6133112304340145,0,D1_00279,,O4_homoglyph,0.1
D1_00279__O4_homoglyph_20,G_00278,other,E3_obfuscated,0,0.2319554066525187,0,D1_00279,,O4_homoglyph,0.2
D1_00279__O4_homoglyph_30,G_00278,other,E3_obfuscated,0,0.09529165081105524,0,D1_00279,,O4_homoglyph,0.3
D1_00279__O6_random_case_10,G_00278,other,E3_obfuscated,0,0.6702678890940208,0,D1_00279,,O6_random_case,0.1
D1_00279__O6_random_case_20,G_00278,other,E3_obfuscated,0,0.6702678890940208,0,D1_00279,,O6_random_case,0.2
D1_00279__O6_random_case_30,G_00278,other,E3_obfuscated,0,0.6702678890940208,0,D1_00279,,O6_random_case,0.3
D1_00279__O7_typo_10,G_00278,other,E3_obfuscated,0,0.7806150675192387,1,D1_00279,,O7_typo,0.1
D1_00279__O7_typo_20,G_00278,other,E3_obfuscated,0,0.45613730575675737,0,D1_00279,,O7_typo,0.2
D1_00279__O7_typo_30,G_00278,other,E3_obfuscated,0,0.5186574062391848,0,D1_00279,,O7_typo,0.3
D1_00279__O5_base64_100,G_00278,other,E3_obfuscated,0,0.8640392826380829,1,D1_00279,,O5_base64,1.0
D1_00283__O1_leetspeak_10,G_00282,other,E3_obfuscated,0,0.04365757950579221,0,D1_00283,,O1_leetspeak,0.1
D1_00283__O1_leetspeak_20,G_00282,other,E3_obfuscated,0,0.005515801121293093,0,D1_00283,,O1_leetspeak,0.2
D1_00283__O1_leetspeak_30,G_00282,other,E3_obfuscated,0,0.0030792021293001197,0,D1_00283,,O1_leetspeak,0.3
D1_00283__O2_char_spacing_10,G_00282,other,E3_obfuscated,0,0.006451055839644746,0,D1_00283,,O2_char_spacing,0.1
D1_00283__O2_char_spacing_20,G_00282,other,E3_obfuscated,0,0.006451055839644746,0,D1_00283,,O2_char_spacing,0.2
D1_00283__O2_char_spacing_30,G_00282,other,E3_obfuscated,0,0.006451055839644746,0,D1_00283,,O2_char_spacing,0.3
D1_00283__O3_zero_width_10,G_00282,other,E3_obfuscated,0,0.015042902195933449,0,D1_00283,,O3_zero_width,0.1
D1_00283__O3_zero_width_20,G_00282,other,E3_obfuscated,0,0.024891022069576527,0,D1_00283,,O3_zero_width,0.2
D1_00283__O3_zero_width_30,G_00282,other,E3_obfuscated,0,0.021498439306425934,0,D1_00283,,O3_zero_width,0.3
D1_00283__O4_homoglyph_10,G_00282,other,E3_obfuscated,0,0.04365757950579221,0,D1_00283,,O4_homoglyph,0.1
D1_00283__O4_homoglyph_20,G_00282,other,E3_obfuscated,0,0.05164275863036218,0,D1_00283,,O4_homoglyph,0.2
D1_00283__O4_homoglyph_30,G_00282,other,E3_obfuscated,0,0.00611330221539668,0,D1_00283,,O4_homoglyph,0.3
D1_00283__O6_random_case_10,G_00282,other,E3_obfuscated,0,0.006771128401301417,0,D1_00283,,O6_random_case,0.1
D1_00283__O6_random_case_20,G_00282,other,E3_obfuscated,0,0.006771128401301417,0,D1_00283,,O6_random_case,0.2
D1_00283__O6_random_case_30,G_00282,other,E3_obfuscated,0,0.006771128401301417,0,D1_00283,,O6_random_case,0.3
D1_00283__O7_typo_10,G_00282,other,E3_obfuscated,0,0.003656015757858847,0,D1_00283,,O7_typo,0.1
D1_00283__O7_typo_20,G_00282,other,E3_obfuscated,0,0.005456196561422654,0,D1_00283,,O7_typo,0.2
D1_00283__O7_typo_30,G_00282,other,E3_obfuscated,0,0.044988431310676,0,D1_00283,,O7_typo,0.3
D1_00283__O5_base64_100,G_00282,other,E3_obfuscated,0,0.8914896162634689,1,D1_00283,,O5_base64,1.0
D1_00294__O1_leetspeak_10,G_00293,other,E3_obfuscated,0,0.0005494230347493377,0,D1_00294,,O1_leetspeak,0.1
D1_00294__O1_leetspeak_20,G_00293,other,E3_obfuscated,0,0.0005040878043708432,0,D1_00294,,O1_leetspeak,0.2
D1_00294__O1_leetspeak_30,G_00293,other,E3_obfuscated,0,0.020700585308833477,0,D1_00294,,O1_leetspeak,0.3
D1_00294__O2_char_spacing_10,G_00293,other,E3_obfuscated,0,0.042690248954246064,0,D1_00294,,O2_char_spacing,0.1
D1_00294__O2_char_spacing_20,G_00293,other,E3_obfuscated,0,0.042690248954246064,0,D1_00294,,O2_char_spacing,0.2
D1_00294__O2_char_spacing_30,G_00293,other,E3_obfuscated,0,0.0024871415000044766,0,D1_00294,,O2_char_spacing,0.3
D1_00294__O3_zero_width_10,G_00293,other,E3_obfuscated,0,0.014900597011139697,0,D1_00294,,O3_zero_width,0.1
D1_00294__O3_zero_width_20,G_00293,other,E3_obfuscated,0,0.09288608802460928,0,D1_00294,,O3_zero_width,0.2
D1_00294__O3_zero_width_30,G_00293,other,E3_obfuscated,0,0.010035931217305066,0,D1_00294,,O3_zero_width,0.3
D1_00294__O4_homoglyph_10,G_00293,other,E3_obfuscated,0,0.012063117444180309,0,D1_00294,,O4_homoglyph,0.1
D1_00294__O4_homoglyph_20,G_00293,other,E3_obfuscated,0,0.012918541026325493,0,D1_00294,,O4_homoglyph,0.2
D1_00294__O4_homoglyph_30,G_00293,other,E3_obfuscated,0,0.012370154239186604,0,D1_00294,,O4_homoglyph,0.3
D1_00294__O6_random_case_10,G_00293,other,E3_obfuscated,0,0.0006689214623245683,0,D1_00294,,O6_random_case,0.1
D1_00294__O6_random_case_20,G_00293,other,E3_obfuscated,0,0.0006689214623245683,0,D1_00294,,O6_random_case,0.2
D1_00294__O6_random_case_30,G_00293,other,E3_obfuscated,0,0.0006689214623245683,0,D1_00294,,O6_random_case,0.3
D1_00294__O7_typo_10,G_00293,other,E3_obfuscated,0,0.013939373471865182,0,D1_00294,,O7_typo,0.1
D1_00294__O7_typo_20,G_00293,other,E3_obfuscated,0,0.013569883916877733,0,D1_00294,,O7_typo,0.2
D1_00294__O7_typo_30,G_00293,other,E3_obfuscated,0,0.0006316567743719968,0,D1_00294,,O7_typo,0.3
D1_00294__O5_base64_100,G_00293,other,E3_obfuscated,0,0.8806418446089125,1,D1_00294,,O5_base64,1.0
D1_00300__O1_leetspeak_10,G_00299,other,E3_obfuscated,0,0.04315515464948401,0,D1_00300,,O1_leetspeak,0.1
D1_00300__O1_leetspeak_20,G_00299,other,E3_obfuscated,0,0.014973167562503486,0,D1_00300,,O1_leetspeak,0.2
D1_00300__O1_leetspeak_30,G_00299,other,E3_obfuscated,0,0.12516293821543753,0,D1_00300,,O1_leetspeak,0.3
D1_00300__O2_char_spacing_10,G_00299,other,E3_obfuscated,0,0.01998610220683014,0,D1_00300,,O2_char_spacing,0.1
D1_00300__O2_char_spacing_20,G_00299,other,E3_obfuscated,0,0.026185325751388655,0,D1_00300,,O2_char_spacing,0.2
D1_00300__O2_char_spacing_30,G_00299,other,E3_obfuscated,0,0.0718549311013074,0,D1_00300,,O2_char_spacing,0.3
D1_00300__O3_zero_width_10,G_00299,other,E3_obfuscated,0,0.016584449063794585,0,D1_00300,,O3_zero_width,0.1
D1_00300__O3_zero_width_20,G_00299,other,E3_obfuscated,0,0.019891369821975667,0,D1_00300,,O3_zero_width,0.2
D1_00300__O3_zero_width_30,G_00299,other,E3_obfuscated,0,0.011268594593722994,0,D1_00300,,O3_zero_width,0.3
D1_00300__O4_homoglyph_10,G_00299,other,E3_obfuscated,0,0.011158877802924181,0,D1_00300,,O4_homoglyph,0.1
D1_00300__O4_homoglyph_20,G_00299,other,E3_obfuscated,0,0.04315515464948401,0,D1_00300,,O4_homoglyph,0.2
D1_00300__O4_homoglyph_30,G_00299,other,E3_obfuscated,0,0.013575846572468377,0,D1_00300,,O4_homoglyph,0.3
D1_00300__O6_random_case_10,G_00299,other,E3_obfuscated,0,0.02061731024469766,0,D1_00300,,O6_random_case,0.1
D1_00300__O6_random_case_20,G_00299,other,E3_obfuscated,0,0.02061731024469766,0,D1_00300,,O6_random_case,0.2
D1_00300__O6_random_case_30,G_00299,other,E3_obfuscated,0,0.02061731024469766,0,D1_00300,,O6_random_case,0.3
D1_00300__O7_typo_10,G_00299,other,E3_obfuscated,0,0.04881569836927368,0,D1_00300,,O7_typo,0.1
D1_00300__O7_typo_20,G_00299,other,E3_obfuscated,0,0.046178101332892484,0,D1_00300,,O7_typo,0.2
D1_00300__O7_typo_30,G_00299,other,E3_obfuscated,0,0.04881569836927368,0,D1_00300,,O7_typo,0.3
D1_00300__O5_base64_100,G_00299,other,E3_obfuscated,0,0.8865607027998513,1,D1_00300,,O5_base64,1.0
D1_00302__O1_leetspeak_10,G_00301,other,E3_obfuscated,0,0.01818772861322404,0,D1_00302,,O1_leetspeak,0.1
D1_00302__O1_leetspeak_20,G_00301,other,E3_obfuscated,0,0.03579519149734673,0,D1_00302,,O1_leetspeak,0.2
D1_00302__O1_leetspeak_30,G_00301,other,E3_obfuscated,0,0.0228062080348166,0,D1_00302,,O1_leetspeak,0.3
D1_00302__O2_char_spacing_10,G_00301,other,E3_obfuscated,0,0.024605130458033947,0,D1_00302,,O2_char_spacing,0.1
D1_00302__O2_char_spacing_20,G_00301,other,E3_obfuscated,0,0.024943319658616566,0,D1_00302,,O2_char_spacing,0.2
D1_00302__O2_char_spacing_30,G_00301,other,E3_obfuscated,0,0.07870802027434498,0,D1_00302,,O2_char_spacing,0.3
D1_00302__O3_zero_width_10,G_00301,other,E3_obfuscated,0,0.027066602397935777,0,D1_00302,,O3_zero_width,0.1
D1_00302__O3_zero_width_20,G_00301,other,E3_obfuscated,0,0.027780245454445546,0,D1_00302,,O3_zero_width,0.2
D1_00302__O3_zero_width_30,G_00301,other,E3_obfuscated,0,0.017178889419695472,0,D1_00302,,O3_zero_width,0.3
D1_00302__O4_homoglyph_10,G_00301,other,E3_obfuscated,0,0.01713258053722815,0,D1_00302,,O4_homoglyph,0.1
D1_00302__O4_homoglyph_20,G_00301,other,E3_obfuscated,0,0.029862353172146906,0,D1_00302,,O4_homoglyph,0.2
D1_00302__O4_homoglyph_30,G_00301,other,E3_obfuscated,0,0.020476192387704272,0,D1_00302,,O4_homoglyph,0.3
D1_00302__O6_random_case_10,G_00301,other,E3_obfuscated,0,0.01698982799462034,0,D1_00302,,O6_random_case,0.1
D1_00302__O6_random_case_20,G_00301,other,E3_obfuscated,0,0.018644668715336002,0,D1_00302,,O6_random_case,0.2
D1_00302__O6_random_case_30,G_00301,other,E3_obfuscated,0,0.01698982799462034,0,D1_00302,,O6_random_case,0.3
D1_00302__O7_typo_10,G_00301,other,E3_obfuscated,0,0.016593445474783856,0,D1_00302,,O7_typo,0.1
D1_00302__O7_typo_20,G_00301,other,E3_obfuscated,0,0.027719339016948858,0,D1_00302,,O7_typo,0.2
D1_00302__O7_typo_30,G_00301,other,E3_obfuscated,0,0.020797675676307383,0,D1_00302,,O7_typo,0.3
D1_00302__O5_base64_100,G_00301,other,E3_obfuscated,0,0.7773256269968413,1,D1_00302,,O5_base64,1.0
D1_00313__O1_leetspeak_10,G_00312,en,E3_obfuscated,0,0.1477333212914476,0,D1_00313,,O1_leetspeak,0.1
D1_00313__O1_leetspeak_20,G_00312,en,E3_obfuscated,0,0.08968781636727108,0,D1_00313,,O1_leetspeak,0.2
D1_00313__O1_leetspeak_30,G_00312,en,E3_obfuscated,0,0.08208763656813468,0,D1_00313,,O1_leetspeak,0.3
D1_00313__O2_char_spacing_10,G_00312,en,E3_obfuscated,0,0.20943841369432412,0,D1_00313,,O2_char_spacing,0.1
D1_00313__O2_char_spacing_20,G_00312,en,E3_obfuscated,0,0.18355688239091386,0,D1_00313,,O2_char_spacing,0.2
D1_00313__O2_char_spacing_30,G_00312,en,E3_obfuscated,0,0.1636139731193811,0,D1_00313,,O2_char_spacing,0.3
D1_00313__O3_zero_width_10,G_00312,en,E3_obfuscated,0,0.2482715332948511,0,D1_00313,,O3_zero_width,0.1
D1_00313__O3_zero_width_20,G_00312,en,E3_obfuscated,0,0.09183494393137286,0,D1_00313,,O3_zero_width,0.2
D1_00313__O3_zero_width_30,G_00312,en,E3_obfuscated,0,0.11045012231432619,0,D1_00313,,O3_zero_width,0.3
D1_00313__O4_homoglyph_10,G_00312,en,E3_obfuscated,0,0.1314688659685329,0,D1_00313,,O4_homoglyph,0.1
D1_00313__O4_homoglyph_20,G_00312,en,E3_obfuscated,0,0.12704128361768563,0,D1_00313,,O4_homoglyph,0.2
D1_00313__O4_homoglyph_30,G_00312,en,E3_obfuscated,0,0.16894051540067548,0,D1_00313,,O4_homoglyph,0.3
D1_00313__O6_random_case_10,G_00312,en,E3_obfuscated,0,0.1391952367002536,0,D1_00313,,O6_random_case,0.1
D1_00313__O6_random_case_20,G_00312,en,E3_obfuscated,0,0.1391952367002536,0,D1_00313,,O6_random_case,0.2
D1_00313__O6_random_case_30,G_00312,en,E3_obfuscated,0,0.1391952367002536,0,D1_00313,,O6_random_case,0.3
D1_00313__O7_typo_10,G_00312,en,E3_obfuscated,0,0.1130546497065132,0,D1_00313,,O7_typo,0.1
D1_00313__O7_typo_20,G_00312,en,E3_obfuscated,0,0.1391952367002536,0,D1_00313,,O7_typo,0.2
D1_00313__O7_typo_30,G_00312,en,E3_obfuscated,0,0.13988064383134105,0,D1_00313,,O7_typo,0.3
D1_00313__O5_base64_100,G_00312,en,E3_obfuscated,0,0.8853794446715348,1,D1_00313,,O5_base64,1.0
D1_00323__O1_leetspeak_10,G_00322,other,E3_obfuscated,0,0.053469891817243875,0,D1_00323,,O1_leetspeak,0.1
D1_00323__O1_leetspeak_20,G_00322,other,E3_obfuscated,0,0.01613047972205475,0,D1_00323,,O1_leetspeak,0.2
D1_00323__O1_leetspeak_30,G_00322,other,E3_obfuscated,0,0.003004610540823569,0,D1_00323,,O1_leetspeak,0.3
D1_00323__O2_char_spacing_10,G_00322,other,E3_obfuscated,0,0.23126239310965255,0,D1_00323,,O2_char_spacing,0.1
D1_00323__O2_char_spacing_20,G_00322,other,E3_obfuscated,0,0.23126239310965255,0,D1_00323,,O2_char_spacing,0.2
D1_00323__O2_char_spacing_30,G_00322,other,E3_obfuscated,0,0.4117972852357616,0,D1_00323,,O2_char_spacing,0.3
D1_00323__O3_zero_width_10,G_00322,other,E3_obfuscated,0,0.013211463493208396,0,D1_00323,,O3_zero_width,0.1
D1_00323__O3_zero_width_20,G_00322,other,E3_obfuscated,0,0.16252206426652865,0,D1_00323,,O3_zero_width,0.2
D1_00323__O3_zero_width_30,G_00322,other,E3_obfuscated,0,0.007806364459316323,0,D1_00323,,O3_zero_width,0.3
D1_00323__O4_homoglyph_10,G_00322,other,E3_obfuscated,0,0.03249733629019705,0,D1_00323,,O4_homoglyph,0.1
D1_00323__O4_homoglyph_20,G_00322,other,E3_obfuscated,0,0.006667667359252751,0,D1_00323,,O4_homoglyph,0.2
D1_00323__O4_homoglyph_30,G_00322,other,E3_obfuscated,0,0.08047315205212886,0,D1_00323,,O4_homoglyph,0.3
D1_00323__O6_random_case_10,G_00322,other,E3_obfuscated,0,0.01702973790598903,0,D1_00323,,O6_random_case,0.1
D1_00323__O6_random_case_20,G_00322,other,E3_obfuscated,0,0.01702973790598903,0,D1_00323,,O6_random_case,0.2
D1_00323__O6_random_case_30,G_00322,other,E3_obfuscated,0,0.01702973790598903,0,D1_00323,,O6_random_case,0.3
D1_00323__O7_typo_10,G_00322,other,E3_obfuscated,0,0.011548748528558967,0,D1_00323,,O7_typo,0.1
D1_00323__O7_typo_20,G_00322,other,E3_obfuscated,0,0.0040061627107585785,0,D1_00323,,O7_typo,0.2
D1_00323__O7_typo_30,G_00322,other,E3_obfuscated,0,0.011548748528558967,0,D1_00323,,O7_typo,0.3
D1_00323__O5_base64_100,G_00322,other,E3_obfuscated,0,0.8955742719420527,1,D1_00323,,O5_base64,1.0
D1_00329__O1_leetspeak_10,G_00328,other,E3_obfuscated,0,0.031905789538031824,0,D1_00329,,O1_leetspeak,0.1
D1_00329__O1_leetspeak_20,G_00328,other,E3_obfuscated,0,0.0543972949770568,0,D1_00329,,O1_leetspeak,0.2
D1_00329__O1_leetspeak_30,G_00328,other,E3_obfuscated,0,0.05970578153084521,0,D1_00329,,O1_leetspeak,0.3
D1_00329__O2_char_spacing_10,G_00328,other,E3_obfuscated,0,0.07691260035377975,0,D1_00329,,O2_char_spacing,0.1
D1_00329__O2_char_spacing_20,G_00328,other,E3_obfuscated,0,0.26861473730951035,0,D1_00329,,O2_char_spacing,0.2
D1_00329__O2_char_spacing_30,G_00328,other,E3_obfuscated,0,0.33349039193056385,0,D1_00329,,O2_char_spacing,0.3
D1_00329__O3_zero_width_10,G_00328,other,E3_obfuscated,0,0.1606873208853262,0,D1_00329,,O3_zero_width,0.1
D1_00329__O3_zero_width_20,G_00328,other,E3_obfuscated,0,0.35293759685129283,0,D1_00329,,O3_zero_width,0.2
D1_00329__O3_zero_width_30,G_00328,other,E3_obfuscated,0,0.03897799214038355,0,D1_00329,,O3_zero_width,0.3
D1_00329__O4_homoglyph_10,G_00328,other,E3_obfuscated,0,0.04382212015441936,0,D1_00329,,O4_homoglyph,0.1
D1_00329__O4_homoglyph_20,G_00328,other,E3_obfuscated,0,0.04404927022886502,0,D1_00329,,O4_homoglyph,0.2
D1_00329__O4_homoglyph_30,G_00328,other,E3_obfuscated,0,0.04861205269831739,0,D1_00329,,O4_homoglyph,0.3
D1_00329__O6_random_case_10,G_00328,other,E3_obfuscated,0,0.042791957215236806,0,D1_00329,,O6_random_case,0.1
D1_00329__O6_random_case_20,G_00328,other,E3_obfuscated,0,0.042791957215236806,0,D1_00329,,O6_random_case,0.2
D1_00329__O6_random_case_30,G_00328,other,E3_obfuscated,0,0.042791957215236806,0,D1_00329,,O6_random_case,0.3
D1_00329__O7_typo_10,G_00328,other,E3_obfuscated,0,0.06615590165463672,0,D1_00329,,O7_typo,0.1
D1_00329__O7_typo_20,G_00328,other,E3_obfuscated,0,0.030430817523427325,0,D1_00329,,O7_typo,0.2
D1_00329__O7_typo_30,G_00328,other,E3_obfuscated,0,0.02322349256928929,0,D1_00329,,O7_typo,0.3
D1_00329__O5_base64_100,G_00328,other,E3_obfuscated,0,0.8302767824988238,1,D1_00329,,O5_base64,1.0
D1_00343__O1_leetspeak_10,G_00342,other,E3_obfuscated,0,0.01117690939460409,0,D1_00343,,O1_leetspeak,0.1
D1_00343__O1_leetspeak_20,G_00342,other,E3_obfuscated,0,0.0024827218761304276,0,D1_00343,,O1_leetspeak,0.2
D1_00343__O1_leetspeak_30,G_00342,other,E3_obfuscated,0,0.004180501787940875,0,D1_00343,,O1_leetspeak,0.3
D1_00343__O2_char_spacing_10,G_00342,other,E3_obfuscated,0,0.004418649694466534,0,D1_00343,,O2_char_spacing,0.1
D1_00343__O2_char_spacing_20,G_00342,other,E3_obfuscated,0,0.006910531958955833,0,D1_00343,,O2_char_spacing,0.2
D1_00343__O2_char_spacing_30,G_00342,other,E3_obfuscated,0,0.014226282652504132,0,D1_00343,,O2_char_spacing,0.3
D1_00343__O3_zero_width_10,G_00342,other,E3_obfuscated,0,0.0223314860056127,0,D1_00343,,O3_zero_width,0.1
D1_00343__O3_zero_width_20,G_00342,other,E3_obfuscated,0,0.04464561199051599,0,D1_00343,,O3_zero_width,0.2
D1_00343__O3_zero_width_30,G_00342,other,E3_obfuscated,0,0.00858415239045459,0,D1_00343,,O3_zero_width,0.3
D1_00343__O4_homoglyph_10,G_00342,other,E3_obfuscated,0,0.013481699820189293,0,D1_00343,,O4_homoglyph,0.1
D1_00343__O4_homoglyph_20,G_00342,other,E3_obfuscated,0,0.10852608329958002,0,D1_00343,,O4_homoglyph,0.2
D1_00343__O4_homoglyph_30,G_00342,other,E3_obfuscated,0,0.03551026513876389,0,D1_00343,,O4_homoglyph,0.3
D1_00343__O6_random_case_10,G_00342,other,E3_obfuscated,0,0.004697373489623484,0,D1_00343,,O6_random_case,0.1
D1_00343__O6_random_case_20,G_00342,other,E3_obfuscated,0,0.004697373489623484,0,D1_00343,,O6_random_case,0.2
D1_00343__O6_random_case_30,G_00342,other,E3_obfuscated,0,0.004697373489623484,0,D1_00343,,O6_random_case,0.3
D1_00343__O7_typo_10,G_00342,other,E3_obfuscated,0,0.0020858343667250726,0,D1_00343,,O7_typo,0.1
D1_00343__O7_typo_20,G_00342,other,E3_obfuscated,0,0.013841541389051878,0,D1_00343,,O7_typo,0.2
D1_00343__O7_typo_30,G_00342,other,E3_obfuscated,0,0.004508326032425698,0,D1_00343,,O7_typo,0.3
D1_00343__O5_base64_100,G_00342,other,E3_obfuscated,0,0.8851907398287789,1,D1_00343,,O5_base64,1.0
D1_00344__O1_leetspeak_10,G_00343,other,E3_obfuscated,0,0.0011630371193012197,0,D1_00344,,O1_leetspeak,0.1
D1_00344__O1_leetspeak_20,G_00343,other,E3_obfuscated,0,0.04208687173336275,0,D1_00344,,O1_leetspeak,0.2
D1_00344__O1_leetspeak_30,G_00343,other,E3_obfuscated,0,0.020805516533540205,0,D1_00344,,O1_leetspeak,0.3
D1_00344__O2_char_spacing_10,G_00343,other,E3_obfuscated,0,0.009352338751476274,0,D1_00344,,O2_char_spacing,0.1
D1_00344__O2_char_spacing_20,G_00343,other,E3_obfuscated,0,0.003171329111522045,0,D1_00344,,O2_char_spacing,0.2
D1_00344__O2_char_spacing_30,G_00343,other,E3_obfuscated,0,0.009352338751476274,0,D1_00344,,O2_char_spacing,0.3
D1_00344__O3_zero_width_10,G_00343,other,E3_obfuscated,0,0.001990779980330129,0,D1_00344,,O3_zero_width,0.1
D1_00344__O3_zero_width_20,G_00343,other,E3_obfuscated,0,0.0248595341345689,0,D1_00344,,O3_zero_width,0.2
D1_00344__O3_zero_width_30,G_00343,other,E3_obfuscated,0,0.04155713910189446,0,D1_00344,,O3_zero_width,0.3
D1_00344__O4_homoglyph_10,G_00343,other,E3_obfuscated,0,0.036726576576984915,0,D1_00344,,O4_homoglyph,0.1
D1_00344__O4_homoglyph_20,G_00343,other,E3_obfuscated,0,0.050427636441018366,0,D1_00344,,O4_homoglyph,0.2
D1_00344__O4_homoglyph_30,G_00343,other,E3_obfuscated,0,0.035636834129264695,0,D1_00344,,O4_homoglyph,0.3
D1_00344__O6_random_case_10,G_00343,other,E3_obfuscated,0,0.0018148368882551094,0,D1_00344,,O6_random_case,0.1
D1_00344__O6_random_case_20,G_00343,other,E3_obfuscated,0,0.0018148368882551094,0,D1_00344,,O6_random_case,0.2
D1_00344__O6_random_case_30,G_00343,other,E3_obfuscated,0,0.0018148368882551094,0,D1_00344,,O6_random_case,0.3
D1_00344__O7_typo_10,G_00343,other,E3_obfuscated,0,0.001839229956116051,0,D1_00344,,O7_typo,0.1
D1_00344__O7_typo_20,G_00343,other,E3_obfuscated,0,0.04507493037772714,0,D1_00344,,O7_typo,0.2
D1_00344__O7_typo_30,G_00343,other,E3_obfuscated,0,0.0016328575603013708,0,D1_00344,,O7_typo,0.3
D1_00344__O5_base64_100,G_00343,other,E3_obfuscated,0,0.8853474046645453,1,D1_00344,,O5_base64,1.0
D1_00347__O1_leetspeak_10,G_00346,other,E3_obfuscated,0,0.06697186726908995,0,D1_00347,,O1_leetspeak,0.1
D1_00347__O1_leetspeak_20,G_00346,other,E3_obfuscated,0,0.07078415602570354,0,D1_00347,,O1_leetspeak,0.2
D1_00347__O1_leetspeak_30,G_00346,other,E3_obfuscated,0,0.021483657936073465,0,D1_00347,,O1_leetspeak,0.3
D1_00347__O2_char_spacing_10,G_00346,other,E3_obfuscated,0,0.05865648991123463,0,D1_00347,,O2_char_spacing,0.1
D1_00347__O2_char_spacing_20,G_00346,other,E3_obfuscated,0,0.1908477258961662,0,D1_00347,,O2_char_spacing,0.2
D1_00347__O2_char_spacing_30,G_00346,other,E3_obfuscated,0,0.1486602204124773,0,D1_00347,,O2_char_spacing,0.3
D1_00347__O3_zero_width_10,G_00346,other,E3_obfuscated,0,0.1162821566466109,0,D1_00347,,O3_zero_width,0.1
D1_00347__O3_zero_width_20,G_00346,other,E3_obfuscated,0,0.09007807074241744,0,D1_00347,,O3_zero_width,0.2
D1_00347__O3_zero_width_30,G_00346,other,E3_obfuscated,0,0.21251724046576045,0,D1_00347,,O3_zero_width,0.3
D1_00347__O4_homoglyph_10,G_00346,other,E3_obfuscated,0,0.08858674869008995,0,D1_00347,,O4_homoglyph,0.1
D1_00347__O4_homoglyph_20,G_00346,other,E3_obfuscated,0,0.14669622572778834,0,D1_00347,,O4_homoglyph,0.2
D1_00347__O4_homoglyph_30,G_00346,other,E3_obfuscated,0,0.13620977665013914,0,D1_00347,,O4_homoglyph,0.3
D1_00347__O6_random_case_10,G_00346,other,E3_obfuscated,0,0.07120478104483402,0,D1_00347,,O6_random_case,0.1
D1_00347__O6_random_case_20,G_00346,other,E3_obfuscated,0,0.07120478104483402,0,D1_00347,,O6_random_case,0.2
D1_00347__O6_random_case_30,G_00346,other,E3_obfuscated,0,0.07120478104483402,0,D1_00347,,O6_random_case,0.3
D1_00347__O7_typo_10,G_00346,other,E3_obfuscated,0,0.1387371452536495,0,D1_00347,,O7_typo,0.1
D1_00347__O7_typo_20,G_00346,other,E3_obfuscated,0,0.08861596084472996,0,D1_00347,,O7_typo,0.2
D1_00347__O7_typo_30,G_00346,other,E3_obfuscated,0,0.10589384308458742,0,D1_00347,,O7_typo,0.3
D1_00347__O5_base64_100,G_00346,other,E3_obfuscated,0,0.7797657827341211,1,D1_00347,,O5_base64,1.0
D1_00349__O1_leetspeak_10,G_00348,other,E3_obfuscated,1,0.9916763942852657,1,D1_00349,,O1_leetspeak,0.1
D1_00349__O1_leetspeak_20,G_00348,other,E3_obfuscated,1,0.9820972602627409,1,D1_00349,,O1_leetspeak,0.2
D1_00349__O1_leetspeak_30,G_00348,other,E3_obfuscated,1,0.9529890318426052,1,D1_00349,,O1_leetspeak,0.3
D1_00349__O2_char_spacing_10,G_00348,other,E3_obfuscated,1,0.9965937732109209,1,D1_00349,,O2_char_spacing,0.1
D1_00349__O2_char_spacing_20,G_00348,other,E3_obfuscated,1,0.994542071951411,1,D1_00349,,O2_char_spacing,0.2
D1_00349__O2_char_spacing_30,G_00348,other,E3_obfuscated,1,0.9962872155620939,1,D1_00349,,O2_char_spacing,0.3
D1_00349__O3_zero_width_10,G_00348,other,E3_obfuscated,1,0.9871118936515608,1,D1_00349,,O3_zero_width,0.1
D1_00349__O3_zero_width_20,G_00348,other,E3_obfuscated,1,0.9646138566307118,1,D1_00349,,O3_zero_width,0.2
D1_00349__O3_zero_width_30,G_00348,other,E3_obfuscated,1,0.8558873853709081,1,D1_00349,,O3_zero_width,0.3
D1_00349__O4_homoglyph_10,G_00348,other,E3_obfuscated,1,0.991949571023278,1,D1_00349,,O4_homoglyph,0.1
D1_00349__O4_homoglyph_20,G_00348,other,E3_obfuscated,1,0.9908641322554625,1,D1_00349,,O4_homoglyph,0.2
D1_00349__O4_homoglyph_30,G_00348,other,E3_obfuscated,1,0.9740684979448673,1,D1_00349,,O4_homoglyph,0.3
D1_00349__O6_random_case_10,G_00348,other,E3_obfuscated,1,0.9973784386167796,1,D1_00349,,O6_random_case,0.1
D1_00349__O6_random_case_20,G_00348,other,E3_obfuscated,1,0.9973784386167796,1,D1_00349,,O6_random_case,0.2
D1_00349__O6_random_case_30,G_00348,other,E3_obfuscated,1,0.9973784386167796,1,D1_00349,,O6_random_case,0.3
D1_00349__O7_typo_10,G_00348,other,E3_obfuscated,1,0.9959424064138707,1,D1_00349,,O7_typo,0.1
D1_00349__O7_typo_20,G_00348,other,E3_obfuscated,1,0.9968994861090054,1,D1_00349,,O7_typo,0.2
D1_00349__O7_typo_30,G_00348,other,E3_obfuscated,1,0.9886688271943384,1,D1_00349,,O7_typo,0.3
D1_00349__O5_base64_100,G_00348,other,E3_obfuscated,1,0.8781712114422333,1,D1_00349,,O5_base64,1.0
D1_00352__O1_leetspeak_10,G_00351,other,E3_obfuscated,1,0.6803635889831855,0,D1_00352,,O1_leetspeak,0.1
D1_00352__O1_leetspeak_20,G_00351,other,E3_obfuscated,1,0.6060254738672033,0,D1_00352,,O1_leetspeak,0.2
D1_00352__O1_leetspeak_30,G_00351,other,E3_obfuscated,1,0.14411172815642262,0,D1_00352,,O1_leetspeak,0.3
D1_00352__O2_char_spacing_10,G_00351,other,E3_obfuscated,1,0.5959763700702453,0,D1_00352,,O2_char_spacing,0.1
D1_00352__O2_char_spacing_20,G_00351,other,E3_obfuscated,1,0.5959763700702453,0,D1_00352,,O2_char_spacing,0.2
D1_00352__O2_char_spacing_30,G_00351,other,E3_obfuscated,1,0.5959763700702453,0,D1_00352,,O2_char_spacing,0.3
D1_00352__O3_zero_width_10,G_00351,other,E3_obfuscated,1,0.7100254836991996,1,D1_00352,,O3_zero_width,0.1
D1_00352__O3_zero_width_20,G_00351,other,E3_obfuscated,1,0.3297346793373593,0,D1_00352,,O3_zero_width,0.2
D1_00352__O3_zero_width_30,G_00351,other,E3_obfuscated,1,0.31707062658570156,0,D1_00352,,O3_zero_width,0.3
D1_00352__O4_homoglyph_10,G_00351,other,E3_obfuscated,1,0.4085030555784712,0,D1_00352,,O4_homoglyph,0.1
D1_00352__O4_homoglyph_20,G_00351,other,E3_obfuscated,1,0.33804992445694515,0,D1_00352,,O4_homoglyph,0.2
D1_00352__O4_homoglyph_30,G_00351,other,E3_obfuscated,1,0.614653587507537,0,D1_00352,,O4_homoglyph,0.3
D1_00352__O6_random_case_10,G_00351,other,E3_obfuscated,1,0.8122847287361585,1,D1_00352,,O6_random_case,0.1
D1_00352__O6_random_case_20,G_00351,other,E3_obfuscated,1,0.8122847287361585,1,D1_00352,,O6_random_case,0.2
D1_00352__O6_random_case_30,G_00351,other,E3_obfuscated,1,0.8122847287361585,1,D1_00352,,O6_random_case,0.3
D1_00352__O7_typo_10,G_00351,other,E3_obfuscated,1,0.7384643442045647,1,D1_00352,,O7_typo,0.1
D1_00352__O7_typo_20,G_00351,other,E3_obfuscated,1,0.4950355642062144,0,D1_00352,,O7_typo,0.2
D1_00352__O7_typo_30,G_00351,other,E3_obfuscated,1,0.4333696986341582,0,D1_00352,,O7_typo,0.3
D1_00352__O5_base64_100,G_00351,other,E3_obfuscated,1,0.8955126169852837,1,D1_00352,,O5_base64,1.0
D1_00353__O1_leetspeak_10,G_00352,other,E3_obfuscated,0,0.5661031123133946,0,D1_00353,,O1_leetspeak,0.1
D1_00353__O1_leetspeak_20,G_00352,other,E3_obfuscated,0,0.8567352969962174,1,D1_00353,,O1_leetspeak,0.2
D1_00353__O1_leetspeak_30,G_00352,other,E3_obfuscated,0,0.12506840726131832,0,D1_00353,,O1_leetspeak,0.3
D1_00353__O2_char_spacing_10,G_00352,other,E3_obfuscated,0,0.8948523803979443,1,D1_00353,,O2_char_spacing,0.1
D1_00353__O2_char_spacing_20,G_00352,other,E3_obfuscated,0,0.8948523803979443,1,D1_00353,,O2_char_spacing,0.2
D1_00353__O2_char_spacing_30,G_00352,other,E3_obfuscated,0,0.9704135382900321,1,D1_00353,,O2_char_spacing,0.3
D1_00353__O3_zero_width_10,G_00352,other,E3_obfuscated,0,0.7265444844852839,1,D1_00353,,O3_zero_width,0.1
D1_00353__O3_zero_width_20,G_00352,other,E3_obfuscated,0,0.8205642265489596,1,D1_00353,,O3_zero_width,0.2
D1_00353__O3_zero_width_30,G_00352,other,E3_obfuscated,0,0.2871732426522344,0,D1_00353,,O3_zero_width,0.3
D1_00353__O4_homoglyph_10,G_00352,other,E3_obfuscated,0,0.8464370183460502,1,D1_00353,,O4_homoglyph,0.1
D1_00353__O4_homoglyph_20,G_00352,other,E3_obfuscated,0,0.6616463455307944,0,D1_00353,,O4_homoglyph,0.2
D1_00353__O4_homoglyph_30,G_00352,other,E3_obfuscated,0,0.44723639466947795,0,D1_00353,,O4_homoglyph,0.3
D1_00353__O6_random_case_10,G_00352,other,E3_obfuscated,0,0.8724560397450071,1,D1_00353,,O6_random_case,0.1
D1_00353__O6_random_case_20,G_00352,other,E3_obfuscated,0,0.8724560397450071,1,D1_00353,,O6_random_case,0.2
D1_00353__O6_random_case_30,G_00352,other,E3_obfuscated,0,0.8724560397450071,1,D1_00353,,O6_random_case,0.3
D1_00353__O7_typo_10,G_00352,other,E3_obfuscated,0,0.7313245985797671,1,D1_00353,,O7_typo,0.1
D1_00353__O7_typo_20,G_00352,other,E3_obfuscated,0,0.5634917769728228,0,D1_00353,,O7_typo,0.2
D1_00353__O7_typo_30,G_00352,other,E3_obfuscated,0,0.8902744253944961,1,D1_00353,,O7_typo,0.3
D1_00353__O5_base64_100,G_00352,other,E3_obfuscated,0,0.878402863839374,1,D1_00353,,O5_base64,1.0
D1_00364__O1_leetspeak_10,G_00363,en,E3_obfuscated,1,0.4122630315659322,0,D1_00364,,O1_leetspeak,0.1
D1_00364__O1_leetspeak_20,G_00363,en,E3_obfuscated,1,0.3717217318079342,0,D1_00364,,O1_leetspeak,0.2
D1_00364__O1_leetspeak_30,G_00363,en,E3_obfuscated,1,0.5575329734730351,0,D1_00364,,O1_leetspeak,0.3
D1_00364__O2_char_spacing_10,G_00363,en,E3_obfuscated,1,0.5042476675976455,0,D1_00364,,O2_char_spacing,0.1
D1_00364__O2_char_spacing_20,G_00363,en,E3_obfuscated,1,0.5861856063244163,0,D1_00364,,O2_char_spacing,0.2
D1_00364__O2_char_spacing_30,G_00363,en,E3_obfuscated,1,0.7615616906177199,1,D1_00364,,O2_char_spacing,0.3
D1_00364__O3_zero_width_10,G_00363,en,E3_obfuscated,1,0.5175965017803988,0,D1_00364,,O3_zero_width,0.1
D1_00364__O3_zero_width_20,G_00363,en,E3_obfuscated,1,0.5432375371248584,0,D1_00364,,O3_zero_width,0.2
D1_00364__O3_zero_width_30,G_00363,en,E3_obfuscated,1,0.11642602799381363,0,D1_00364,,O3_zero_width,0.3
D1_00364__O4_homoglyph_10,G_00363,en,E3_obfuscated,1,0.5021743686313759,0,D1_00364,,O4_homoglyph,0.1
D1_00364__O4_homoglyph_20,G_00363,en,E3_obfuscated,1,0.5289717782670265,0,D1_00364,,O4_homoglyph,0.2
D1_00364__O4_homoglyph_30,G_00363,en,E3_obfuscated,1,0.01983538442328307,0,D1_00364,,O4_homoglyph,0.3
D1_00364__O6_random_case_10,G_00363,en,E3_obfuscated,1,0.45234138270624913,0,D1_00364,,O6_random_case,0.1
D1_00364__O6_random_case_20,G_00363,en,E3_obfuscated,1,0.45234138270624913,0,D1_00364,,O6_random_case,0.2
D1_00364__O6_random_case_30,G_00363,en,E3_obfuscated,1,0.45234138270624913,0,D1_00364,,O6_random_case,0.3
D1_00364__O7_typo_10,G_00363,en,E3_obfuscated,1,0.5997113379523314,0,D1_00364,,O7_typo,0.1
D1_00364__O7_typo_20,G_00363,en,E3_obfuscated,1,0.5615630122259674,0,D1_00364,,O7_typo,0.2
D1_00364__O7_typo_30,G_00363,en,E3_obfuscated,1,0.44969318282416215,0,D1_00364,,O7_typo,0.3
D1_00364__O5_base64_100,G_00363,en,E3_obfuscated,1,0.8938172641518779,1,D1_00364,,O5_base64,1.0
D1_00365__O1_leetspeak_10,G_00364,other,E3_obfuscated,0,0.08109173816379434,0,D1_00365,,O1_leetspeak,0.1
D1_00365__O1_leetspeak_20,G_00364,other,E3_obfuscated,0,0.05479275447285273,0,D1_00365,,O1_leetspeak,0.2
D1_00365__O1_leetspeak_30,G_00364,other,E3_obfuscated,0,0.1344777666446144,0,D1_00365,,O1_leetspeak,0.3
D1_00365__O2_char_spacing_10,G_00364,other,E3_obfuscated,0,0.1395990810701416,0,D1_00365,,O2_char_spacing,0.1
D1_00365__O2_char_spacing_20,G_00364,other,E3_obfuscated,0,0.3190264449565406,0,D1_00365,,O2_char_spacing,0.2
D1_00365__O2_char_spacing_30,G_00364,other,E3_obfuscated,0,0.09391384840436981,0,D1_00365,,O2_char_spacing,0.3
D1_00365__O3_zero_width_10,G_00364,other,E3_obfuscated,0,0.1828631990128204,0,D1_00365,,O3_zero_width,0.1
D1_00365__O3_zero_width_20,G_00364,other,E3_obfuscated,0,0.16916945919077292,0,D1_00365,,O3_zero_width,0.2
D1_00365__O3_zero_width_30,G_00364,other,E3_obfuscated,0,0.031640917481334255,0,D1_00365,,O3_zero_width,0.3
D1_00365__O4_homoglyph_10,G_00364,other,E3_obfuscated,0,0.13328074276277663,0,D1_00365,,O4_homoglyph,0.1
D1_00365__O4_homoglyph_20,G_00364,other,E3_obfuscated,0,0.021639763032305543,0,D1_00365,,O4_homoglyph,0.2
D1_00365__O4_homoglyph_30,G_00364,other,E3_obfuscated,0,0.1272482515653338,0,D1_00365,,O4_homoglyph,0.3
D1_00365__O6_random_case_10,G_00364,other,E3_obfuscated,0,0.07031293715450516,0,D1_00365,,O6_random_case,0.1
D1_00365__O6_random_case_20,G_00364,other,E3_obfuscated,0,0.07031293715450516,0,D1_00365,,O6_random_case,0.2
D1_00365__O6_random_case_30,G_00364,other,E3_obfuscated,0,0.07031293715450516,0,D1_00365,,O6_random_case,0.3
D1_00365__O7_typo_10,G_00364,other,E3_obfuscated,0,0.027247098434880945,0,D1_00365,,O7_typo,0.1
D1_00365__O7_typo_20,G_00364,other,E3_obfuscated,0,0.07445231159761345,0,D1_00365,,O7_typo,0.2
D1_00365__O7_typo_30,G_00364,other,E3_obfuscated,0,0.02977129840655519,0,D1_00365,,O7_typo,0.3
D1_00365__O5_base64_100,G_00364,other,E3_obfuscated,0,0.890687041437202,1,D1_00365,,O5_base64,1.0
D1_00367__O1_leetspeak_10,G_00366,en,E3_obfuscated,1,0.8399700495784936,1,D1_00367,,O1_leetspeak,0.1
D1_00367__O1_leetspeak_20,G_00366,en,E3_obfuscated,1,0.8232498061849097,1,D1_00367,,O1_leetspeak,0.2
D1_00367__O1_leetspeak_30,G_00366,en,E3_obfuscated,1,0.7284376628699183,1,D1_00367,,O1_leetspeak,0.3
D1_00367__O2_char_spacing_10,G_00366,en,E3_obfuscated,1,0.9373285476399303,1,D1_00367,,O2_char_spacing,0.1
D1_00367__O2_char_spacing_20,G_00366,en,E3_obfuscated,1,0.9498279713214456,1,D1_00367,,O2_char_spacing,0.2
D1_00367__O2_char_spacing_30,G_00366,en,E3_obfuscated,1,0.9835940803752752,1,D1_00367,,O2_char_spacing,0.3
D1_00367__O3_zero_width_10,G_00366,en,E3_obfuscated,1,0.8226563220236969,1,D1_00367,,O3_zero_width,0.1
D1_00367__O3_zero_width_20,G_00366,en,E3_obfuscated,1,0.552009597938349,0,D1_00367,,O3_zero_width,0.2
D1_00367__O3_zero_width_30,G_00366,en,E3_obfuscated,1,0.5867283566117827,0,D1_00367,,O3_zero_width,0.3
D1_00367__O4_homoglyph_10,G_00366,en,E3_obfuscated,1,0.9182904667890656,1,D1_00367,,O4_homoglyph,0.1
D1_00367__O4_homoglyph_20,G_00366,en,E3_obfuscated,1,0.7907744367961731,1,D1_00367,,O4_homoglyph,0.2
D1_00367__O4_homoglyph_30,G_00366,en,E3_obfuscated,1,0.6675924951443001,0,D1_00367,,O4_homoglyph,0.3
D1_00367__O6_random_case_10,G_00366,en,E3_obfuscated,1,0.8930649882370968,1,D1_00367,,O6_random_case,0.1
D1_00367__O6_random_case_20,G_00366,en,E3_obfuscated,1,0.8930649882370968,1,D1_00367,,O6_random_case,0.2
D1_00367__O6_random_case_30,G_00366,en,E3_obfuscated,1,0.8930649882370968,1,D1_00367,,O6_random_case,0.3
D1_00367__O7_typo_10,G_00366,en,E3_obfuscated,1,0.901847788778601,1,D1_00367,,O7_typo,0.1
D1_00367__O7_typo_20,G_00366,en,E3_obfuscated,1,0.8806082307739427,1,D1_00367,,O7_typo,0.2
D1_00367__O7_typo_30,G_00366,en,E3_obfuscated,1,0.842720383628459,1,D1_00367,,O7_typo,0.3
D1_00367__O5_base64_100,G_00366,en,E3_obfuscated,1,0.8955742719420527,1,D1_00367,,O5_base64,1.0
D1_00370__O1_leetspeak_10,G_00369,other,E3_obfuscated,1,0.8380233727805839,1,D1_00370,,O1_leetspeak,0.1
D1_00370__O1_leetspeak_20,G_00369,other,E3_obfuscated,1,0.23157762122830122,0,D1_00370,,O1_leetspeak,0.2
D1_00370__O1_leetspeak_30,G_00369,other,E3_obfuscated,1,0.8184547703173749,1,D1_00370,,O1_leetspeak,0.3
D1_00370__O2_char_spacing_10,G_00369,other,E3_obfuscated,1,0.9518465367957257,1,D1_00370,,O2_char_spacing,0.1
D1_00370__O2_char_spacing_20,G_00369,other,E3_obfuscated,1,0.9901194402738951,1,D1_00370,,O2_char_spacing,0.2
D1_00370__O2_char_spacing_30,G_00369,other,E3_obfuscated,1,0.9887488487086341,1,D1_00370,,O2_char_spacing,0.3
D1_00370__O3_zero_width_10,G_00369,other,E3_obfuscated,1,0.8528955883708842,1,D1_00370,,O3_zero_width,0.1
D1_00370__O3_zero_width_20,G_00369,other,E3_obfuscated,1,0.27964180396996985,0,D1_00370,,O3_zero_width,0.2
D1_00370__O3_zero_width_30,G_00369,other,E3_obfuscated,1,0.9714612028951075,1,D1_00370,,O3_zero_width,0.3
D1_00370__O4_homoglyph_10,G_00369,other,E3_obfuscated,1,0.5253416741608448,0,D1_00370,,O4_homoglyph,0.1
D1_00370__O4_homoglyph_20,G_00369,other,E3_obfuscated,1,0.9694730440245138,1,D1_00370,,O4_homoglyph,0.2
D1_00370__O4_homoglyph_30,G_00369,other,E3_obfuscated,1,0.1190660789459726,0,D1_00370,,O4_homoglyph,0.3
D1_00370__O6_random_case_10,G_00369,other,E3_obfuscated,1,0.9117613928504265,1,D1_00370,,O6_random_case,0.1
D1_00370__O6_random_case_20,G_00369,other,E3_obfuscated,1,0.9117613928504265,1,D1_00370,,O6_random_case,0.2
D1_00370__O6_random_case_30,G_00369,other,E3_obfuscated,1,0.9117613928504265,1,D1_00370,,O6_random_case,0.3
D1_00370__O7_typo_10,G_00369,other,E3_obfuscated,1,0.9117613928504265,1,D1_00370,,O7_typo,0.1
D1_00370__O7_typo_20,G_00369,other,E3_obfuscated,1,0.9067675351520991,1,D1_00370,,O7_typo,0.2
D1_00370__O7_typo_30,G_00369,other,E3_obfuscated,1,0.854374260487482,1,D1_00370,,O7_typo,0.3
D1_00370__O5_base64_100,G_00369,other,E3_obfuscated,1,0.8849632521838781,1,D1_00370,,O5_base64,1.0
D1_00378__O1_leetspeak_10,G_00377,en,E3_obfuscated,1,0.9913048056917085,1,D1_00378,,O1_leetspeak,0.1
D1_00378__O1_leetspeak_20,G_00377,en,E3_obfuscated,1,0.9937869889770903,1,D1_00378,,O1_leetspeak,0.2
D1_00378__O1_leetspeak_30,G_00377,en,E3_obfuscated,1,0.9230970023687018,1,D1_00378,,O1_leetspeak,0.3
D1_00378__O2_char_spacing_10,G_00377,en,E3_obfuscated,1,0.996227625124118,1,D1_00378,,O2_char_spacing,0.1
D1_00378__O2_char_spacing_20,G_00377,en,E3_obfuscated,1,0.9974513881021627,1,D1_00378,,O2_char_spacing,0.2
D1_00378__O2_char_spacing_30,G_00377,en,E3_obfuscated,1,0.9961847267614841,1,D1_00378,,O2_char_spacing,0.3
D1_00378__O3_zero_width_10,G_00377,en,E3_obfuscated,1,0.967729528908651,1,D1_00378,,O3_zero_width,0.1
D1_00378__O3_zero_width_20,G_00377,en,E3_obfuscated,1,0.9605110688483164,1,D1_00378,,O3_zero_width,0.2
D1_00378__O3_zero_width_30,G_00377,en,E3_obfuscated,1,0.906739319899417,1,D1_00378,,O3_zero_width,0.3
D1_00378__O4_homoglyph_10,G_00377,en,E3_obfuscated,1,0.9779671634735916,1,D1_00378,,O4_homoglyph,0.1
D1_00378__O4_homoglyph_20,G_00377,en,E3_obfuscated,1,0.9456834870200665,1,D1_00378,,O4_homoglyph,0.2
D1_00378__O4_homoglyph_30,G_00377,en,E3_obfuscated,1,0.9545035959512888,1,D1_00378,,O4_homoglyph,0.3
D1_00378__O6_random_case_10,G_00377,en,E3_obfuscated,1,0.99460570677981,1,D1_00378,,O6_random_case,0.1
D1_00378__O6_random_case_20,G_00377,en,E3_obfuscated,1,0.99460570677981,1,D1_00378,,O6_random_case,0.2
D1_00378__O6_random_case_30,G_00377,en,E3_obfuscated,1,0.99460570677981,1,D1_00378,,O6_random_case,0.3
D1_00378__O7_typo_10,G_00377,en,E3_obfuscated,1,0.9933300148016232,1,D1_00378,,O7_typo,0.1
D1_00378__O7_typo_20,G_00377,en,E3_obfuscated,1,0.9939789694357242,1,D1_00378,,O7_typo,0.2
D1_00378__O7_typo_30,G_00377,en,E3_obfuscated,1,0.9826597501153684,1,D1_00378,,O7_typo,0.3
D1_00378__O5_base64_100,G_00377,en,E3_obfuscated,1,0.8565381194579609,1,D1_00378,,O5_base64,1.0
D1_00406__O1_leetspeak_10,G_00405,en,E3_obfuscated,1,0.9931013266182058,1,D1_00406,,O1_leetspeak,0.1
D1_00406__O1_leetspeak_20,G_00405,en,E3_obfuscated,1,0.9913229901327789,1,D1_00406,,O1_leetspeak,0.2
D1_00406__O1_leetspeak_30,G_00405,en,E3_obfuscated,1,0.9916711250485485,1,D1_00406,,O1_leetspeak,0.3
D1_00406__O2_char_spacing_10,G_00405,en,E3_obfuscated,1,0.9985680905219554,1,D1_00406,,O2_char_spacing,0.1
D1_00406__O2_char_spacing_20,G_00405,en,E3_obfuscated,1,0.9988136661925922,1,D1_00406,,O2_char_spacing,0.2
D1_00406__O2_char_spacing_30,G_00405,en,E3_obfuscated,1,0.998427885865907,1,D1_00406,,O2_char_spacing,0.3
D1_00406__O3_zero_width_10,G_00405,en,E3_obfuscated,1,0.9894982566520668,1,D1_00406,,O3_zero_width,0.1
D1_00406__O3_zero_width_20,G_00405,en,E3_obfuscated,1,0.9878293392730523,1,D1_00406,,O3_zero_width,0.2
D1_00406__O3_zero_width_30,G_00405,en,E3_obfuscated,1,0.9947608714863123,1,D1_00406,,O3_zero_width,0.3
D1_00406__O4_homoglyph_10,G_00405,en,E3_obfuscated,1,0.9924252045741774,1,D1_00406,,O4_homoglyph,0.1
D1_00406__O4_homoglyph_20,G_00405,en,E3_obfuscated,1,0.9865000931215069,1,D1_00406,,O4_homoglyph,0.2
D1_00406__O4_homoglyph_30,G_00405,en,E3_obfuscated,1,0.9910033061537395,1,D1_00406,,O4_homoglyph,0.3
D1_00406__O6_random_case_10,G_00405,en,E3_obfuscated,1,0.9962200776160008,1,D1_00406,,O6_random_case,0.1
D1_00406__O6_random_case_20,G_00405,en,E3_obfuscated,1,0.9962200776160008,1,D1_00406,,O6_random_case,0.2
D1_00406__O6_random_case_30,G_00405,en,E3_obfuscated,1,0.9962200776160008,1,D1_00406,,O6_random_case,0.3
D1_00406__O7_typo_10,G_00405,en,E3_obfuscated,1,0.9967160675989878,1,D1_00406,,O7_typo,0.1
D1_00406__O7_typo_20,G_00405,en,E3_obfuscated,1,0.9960894549331516,1,D1_00406,,O7_typo,0.2
D1_00406__O7_typo_30,G_00405,en,E3_obfuscated,1,0.9959034558672477,1,D1_00406,,O7_typo,0.3
D1_00406__O5_base64_100,G_00405,en,E3_obfuscated,1,0.667070969415388,0,D1_00406,,O5_base64,1.0
D1_00408__O1_leetspeak_10,G_00407,en,E3_obfuscated,0,0.23115889362241074,0,D1_00408,,O1_leetspeak,0.1
D1_00408__O1_leetspeak_20,G_00407,en,E3_obfuscated,0,0.3387381692090831,0,D1_00408,,O1_leetspeak,0.2
D1_00408__O1_leetspeak_30,G_00407,en,E3_obfuscated,0,0.13521654966272784,0,D1_00408,,O1_leetspeak,0.3
D1_00408__O2_char_spacing_10,G_00407,en,E3_obfuscated,0,0.32580707295569666,0,D1_00408,,O2_char_spacing,0.1
D1_00408__O2_char_spacing_20,G_00407,en,E3_obfuscated,0,0.32580707295569666,0,D1_00408,,O2_char_spacing,0.2
D1_00408__O2_char_spacing_30,G_00407,en,E3_obfuscated,0,0.31839046493997125,0,D1_00408,,O2_char_spacing,0.3
D1_00408__O3_zero_width_10,G_00407,en,E3_obfuscated,0,0.07493388967706574,0,D1_00408,,O3_zero_width,0.1
D1_00408__O3_zero_width_20,G_00407,en,E3_obfuscated,0,0.06556179416104514,0,D1_00408,,O3_zero_width,0.2
D1_00408__O3_zero_width_30,G_00407,en,E3_obfuscated,0,0.19995400289977647,0,D1_00408,,O3_zero_width,0.3
D1_00408__O4_homoglyph_10,G_00407,en,E3_obfuscated,0,0.3185520051912165,0,D1_00408,,O4_homoglyph,0.1
D1_00408__O4_homoglyph_20,G_00407,en,E3_obfuscated,0,0.3739000592189432,0,D1_00408,,O4_homoglyph,0.2
D1_00408__O4_homoglyph_30,G_00407,en,E3_obfuscated,0,0.13459166749822363,0,D1_00408,,O4_homoglyph,0.3
D1_00408__O6_random_case_10,G_00407,en,E3_obfuscated,0,0.334454722082587,0,D1_00408,,O6_random_case,0.1
D1_00408__O6_random_case_20,G_00407,en,E3_obfuscated,0,0.334454722082587,0,D1_00408,,O6_random_case,0.2
D1_00408__O6_random_case_30,G_00407,en,E3_obfuscated,0,0.334454722082587,0,D1_00408,,O6_random_case,0.3
D1_00408__O7_typo_10,G_00407,en,E3_obfuscated,0,0.16201509073929932,0,D1_00408,,O7_typo,0.1
D1_00408__O7_typo_20,G_00407,en,E3_obfuscated,0,0.35797976557816225,0,D1_00408,,O7_typo,0.2
D1_00408__O7_typo_30,G_00407,en,E3_obfuscated,0,0.3180894724223126,0,D1_00408,,O7_typo,0.3
D1_00408__O5_base64_100,G_00407,en,E3_obfuscated,0,0.9023302575139424,1,D1_00408,,O5_base64,1.0
D1_00423__O1_leetspeak_10,G_00422,en,E3_obfuscated,1,0.9932910719038825,1,D1_00423,,O1_leetspeak,0.1
D1_00423__O1_leetspeak_20,G_00422,en,E3_obfuscated,1,0.9877992741057983,1,D1_00423,,O1_leetspeak,0.2
D1_00423__O1_leetspeak_30,G_00422,en,E3_obfuscated,1,0.9804330197184585,1,D1_00423,,O1_leetspeak,0.3
D1_00423__O2_char_spacing_10,G_00422,en,E3_obfuscated,1,0.9932910719038825,1,D1_00423,,O2_char_spacing,0.1
D1_00423__O2_char_spacing_20,G_00422,en,E3_obfuscated,1,0.9932910719038825,1,D1_00423,,O2_char_spacing,0.2
D1_00423__O2_char_spacing_30,G_00422,en,E3_obfuscated,1,0.9932910719038825,1,D1_00423,,O2_char_spacing,0.3
D1_00423__O3_zero_width_10,G_00422,en,E3_obfuscated,1,0.9932910719038825,1,D1_00423,,O3_zero_width,0.1
D1_00423__O3_zero_width_20,G_00422,en,E3_obfuscated,1,0.9893787426866641,1,D1_00423,,O3_zero_width,0.2
D1_00423__O3_zero_width_30,G_00422,en,E3_obfuscated,1,0.9768878924943495,1,D1_00423,,O3_zero_width,0.3
D1_00423__O4_homoglyph_10,G_00422,en,E3_obfuscated,1,0.9878429951846044,1,D1_00423,,O4_homoglyph,0.1
D1_00423__O4_homoglyph_20,G_00422,en,E3_obfuscated,1,0.9910182625346151,1,D1_00423,,O4_homoglyph,0.2
D1_00423__O4_homoglyph_30,G_00422,en,E3_obfuscated,1,0.9887270790346723,1,D1_00423,,O4_homoglyph,0.3
D1_00423__O6_random_case_10,G_00422,en,E3_obfuscated,1,0.9932910719038825,1,D1_00423,,O6_random_case,0.1
D1_00423__O6_random_case_20,G_00422,en,E3_obfuscated,1,0.9932910719038825,1,D1_00423,,O6_random_case,0.2
D1_00423__O6_random_case_30,G_00422,en,E3_obfuscated,1,0.9932910719038825,1,D1_00423,,O6_random_case,0.3
D1_00423__O7_typo_10,G_00422,en,E3_obfuscated,1,0.9932910719038825,1,D1_00423,,O7_typo,0.1
D1_00423__O7_typo_20,G_00422,en,E3_obfuscated,1,0.9932910719038825,1,D1_00423,,O7_typo,0.2
D1_00423__O7_typo_30,G_00422,en,E3_obfuscated,1,0.9932910719038825,1,D1_00423,,O7_typo,0.3
D1_00423__O5_base64_100,G_00422,en,E3_obfuscated,1,0.872578317700334,1,D1_00423,,O5_base64,1.0
D1_00432__O1_leetspeak_10,G_00431,other,E3_obfuscated,0,0.03373077944351742,0,D1_00432,,O1_leetspeak,0.1
D1_00432__O1_leetspeak_20,G_00431,other,E3_obfuscated,0,0.039535449320947574,0,D1_00432,,O1_leetspeak,0.2
D1_00432__O1_leetspeak_30,G_00431,other,E3_obfuscated,0,0.028471602720876135,0,D1_00432,,O1_leetspeak,0.3
D1_00432__O2_char_spacing_10,G_00431,other,E3_obfuscated,0,0.10989980362977253,0,D1_00432,,O2_char_spacing,0.1
D1_00432__O2_char_spacing_20,G_00431,other,E3_obfuscated,0,0.13072827800385034,0,D1_00432,,O2_char_spacing,0.2
D1_00432__O2_char_spacing_30,G_00431,other,E3_obfuscated,0,0.15713618240973265,0,D1_00432,,O2_char_spacing,0.3
D1_00432__O3_zero_width_10,G_00431,other,E3_obfuscated,0,0.06387847798408214,0,D1_00432,,O3_zero_width,0.1
D1_00432__O3_zero_width_20,G_00431,other,E3_obfuscated,0,0.01610563887606606,0,D1_00432,,O3_zero_width,0.2
D1_00432__O3_zero_width_30,G_00431,other,E3_obfuscated,0,0.06518330961008971,0,D1_00432,,O3_zero_width,0.3
D1_00432__O4_homoglyph_10,G_00431,other,E3_obfuscated,0,0.04999729555296314,0,D1_00432,,O4_homoglyph,0.1
D1_00432__O4_homoglyph_20,G_00431,other,E3_obfuscated,0,0.08555235705358911,0,D1_00432,,O4_homoglyph,0.2
D1_00432__O4_homoglyph_30,G_00431,other,E3_obfuscated,0,0.042878476532249354,0,D1_00432,,O4_homoglyph,0.3
D1_00432__O6_random_case_10,G_00431,other,E3_obfuscated,0,0.061262980284001484,0,D1_00432,,O6_random_case,0.1
D1_00432__O6_random_case_20,G_00431,other,E3_obfuscated,0,0.061262980284001484,0,D1_00432,,O6_random_case,0.2
D1_00432__O6_random_case_30,G_00431,other,E3_obfuscated,0,0.061262980284001484,0,D1_00432,,O6_random_case,0.3
D1_00432__O7_typo_10,G_00431,other,E3_obfuscated,0,0.061896498644727516,0,D1_00432,,O7_typo,0.1
D1_00432__O7_typo_20,G_00431,other,E3_obfuscated,0,0.044105625461568695,0,D1_00432,,O7_typo,0.2
D1_00432__O7_typo_30,G_00431,other,E3_obfuscated,0,0.06218207370197843,0,D1_00432,,O7_typo,0.3
D1_00432__O5_base64_100,G_00431,other,E3_obfuscated,0,0.867930140211539,1,D1_00432,,O5_base64,1.0
D1_00433__O1_leetspeak_10,G_00432,other,E3_obfuscated,0,0.0600924253231084,0,D1_00433,,O1_leetspeak,0.1
D1_00433__O1_leetspeak_20,G_00432,other,E3_obfuscated,0,0.049161932881410325,0,D1_00433,,O1_leetspeak,0.2
D1_00433__O1_leetspeak_30,G_00432,other,E3_obfuscated,0,0.0784576214069422,0,D1_00433,,O1_leetspeak,0.3
D1_00433__O2_char_spacing_10,G_00432,other,E3_obfuscated,0,0.07603991515503188,0,D1_00433,,O2_char_spacing,0.1
D1_00433__O2_char_spacing_20,G_00432,other,E3_obfuscated,0,0.3263347233904735,0,D1_00433,,O2_char_spacing,0.2
D1_00433__O2_char_spacing_30,G_00432,other,E3_obfuscated,0,0.1288751565469222,0,D1_00433,,O2_char_spacing,0.3
D1_00433__O3_zero_width_10,G_00432,other,E3_obfuscated,0,0.06314258405115222,0,D1_00433,,O3_zero_width,0.1
D1_00433__O3_zero_width_20,G_00432,other,E3_obfuscated,0,0.06472263733089893,0,D1_00433,,O3_zero_width,0.2
D1_00433__O3_zero_width_30,G_00432,other,E3_obfuscated,0,0.1485268969131692,0,D1_00433,,O3_zero_width,0.3
D1_00433__O4_homoglyph_10,G_00432,other,E3_obfuscated,0,0.06350162706313431,0,D1_00433,,O4_homoglyph,0.1
D1_00433__O4_homoglyph_20,G_00432,other,E3_obfuscated,0,0.06276421786384308,0,D1_00433,,O4_homoglyph,0.2
D1_00433__O4_homoglyph_30,G_00432,other,E3_obfuscated,0,0.04838334316616294,0,D1_00433,,O4_homoglyph,0.3
D1_00433__O6_random_case_10,G_00432,other,E3_obfuscated,0,0.06312493695563705,0,D1_00433,,O6_random_case,0.1
D1_00433__O6_random_case_20,G_00432,other,E3_obfuscated,0,0.06312493695563705,0,D1_00433,,O6_random_case,0.2
D1_00433__O6_random_case_30,G_00432,other,E3_obfuscated,0,0.06312493695563705,0,D1_00433,,O6_random_case,0.3
D1_00433__O7_typo_10,G_00432,other,E3_obfuscated,0,0.056625342567722864,0,D1_00433,,O7_typo,0.1
D1_00433__O7_typo_20,G_00432,other,E3_obfuscated,0,0.07184099457566752,0,D1_00433,,O7_typo,0.2
D1_00433__O7_typo_30,G_00432,other,E3_obfuscated,0,0.05966890460203151,0,D1_00433,,O7_typo,0.3
D1_00433__O5_base64_100,G_00432,other,E3_obfuscated,0,0.835114509854546,1,D1_00433,,O5_base64,1.0
D1_00440__O1_leetspeak_10,G_00439,en,E3_obfuscated,0,0.3464595745957595,0,D1_00440,,O1_leetspeak,0.1
D1_00440__O1_leetspeak_20,G_00439,en,E3_obfuscated,0,0.8450724739342612,1,D1_00440,,O1_leetspeak,0.2
D1_00440__O1_leetspeak_30,G_00439,en,E3_obfuscated,0,0.752516176520911,1,D1_00440,,O1_leetspeak,0.3
D1_00440__O2_char_spacing_10,G_00439,en,E3_obfuscated,0,0.671300536570607,0,D1_00440,,O2_char_spacing,0.1
D1_00440__O2_char_spacing_20,G_00439,en,E3_obfuscated,0,0.9260032120055549,1,D1_00440,,O2_char_spacing,0.2
D1_00440__O2_char_spacing_30,G_00439,en,E3_obfuscated,0,0.5404097134147752,0,D1_00440,,O2_char_spacing,0.3
D1_00440__O3_zero_width_10,G_00439,en,E3_obfuscated,0,0.4420529605557594,0,D1_00440,,O3_zero_width,0.1
D1_00440__O3_zero_width_20,G_00439,en,E3_obfuscated,0,0.6411476365019667,0,D1_00440,,O3_zero_width,0.2
D1_00440__O3_zero_width_30,G_00439,en,E3_obfuscated,0,0.5166183883470055,0,D1_00440,,O3_zero_width,0.3
D1_00440__O4_homoglyph_10,G_00439,en,E3_obfuscated,0,0.6193130529248917,0,D1_00440,,O4_homoglyph,0.1
D1_00440__O4_homoglyph_20,G_00439,en,E3_obfuscated,0,0.30026071303763674,0,D1_00440,,O4_homoglyph,0.2
D1_00440__O4_homoglyph_30,G_00439,en,E3_obfuscated,0,0.40326737073379065,0,D1_00440,,O4_homoglyph,0.3
D1_00440__O6_random_case_10,G_00439,en,E3_obfuscated,0,0.7586318809149881,1,D1_00440,,O6_random_case,0.1
D1_00440__O6_random_case_20,G_00439,en,E3_obfuscated,0,0.7586318809149881,1,D1_00440,,O6_random_case,0.2
D1_00440__O6_random_case_30,G_00439,en,E3_obfuscated,0,0.7586318809149881,1,D1_00440,,O6_random_case,0.3
D1_00440__O7_typo_10,G_00439,en,E3_obfuscated,0,0.7884499758401874,1,D1_00440,,O7_typo,0.1
D1_00440__O7_typo_20,G_00439,en,E3_obfuscated,0,0.6568588135990737,0,D1_00440,,O7_typo,0.2
D1_00440__O7_typo_30,G_00439,en,E3_obfuscated,0,0.7732200240544191,1,D1_00440,,O7_typo,0.3
D1_00440__O5_base64_100,G_00439,en,E3_obfuscated,0,0.8454845213084765,1,D1_00440,,O5_base64,1.0
D1_00449__O1_leetspeak_10,G_00448,en,E3_obfuscated,1,0.9999288123092972,1,D1_00449,,O1_leetspeak,0.1
D1_00449__O1_leetspeak_20,G_00448,en,E3_obfuscated,1,0.9944180734634197,1,D1_00449,,O1_leetspeak,0.2
D1_00449__O1_leetspeak_30,G_00448,en,E3_obfuscated,1,0.9995738901416409,1,D1_00449,,O1_leetspeak,0.3
D1_00449__O2_char_spacing_10,G_00448,en,E3_obfuscated,1,0.9998841509096047,1,D1_00449,,O2_char_spacing,0.1
D1_00449__O2_char_spacing_20,G_00448,en,E3_obfuscated,1,0.9999697238504954,1,D1_00449,,O2_char_spacing,0.2
D1_00449__O2_char_spacing_30,G_00448,en,E3_obfuscated,1,0.9999733440884823,1,D1_00449,,O2_char_spacing,0.3
D1_00449__O3_zero_width_10,G_00448,en,E3_obfuscated,1,0.9998454924088681,1,D1_00449,,O3_zero_width,0.1
D1_00449__O3_zero_width_20,G_00448,en,E3_obfuscated,1,0.9903968924197216,1,D1_00449,,O3_zero_width,0.2
D1_00449__O3_zero_width_30,G_00448,en,E3_obfuscated,1,0.9993148151006394,1,D1_00449,,O3_zero_width,0.3
D1_00449__O4_homoglyph_10,G_00448,en,E3_obfuscated,1,0.9998148236596909,1,D1_00449,,O4_homoglyph,0.1
D1_00449__O4_homoglyph_20,G_00448,en,E3_obfuscated,1,0.9999166866754143,1,D1_00449,,O4_homoglyph,0.2
D1_00449__O4_homoglyph_30,G_00448,en,E3_obfuscated,1,0.9954863259052347,1,D1_00449,,O4_homoglyph,0.3
D1_00449__O6_random_case_10,G_00448,en,E3_obfuscated,1,0.9999826529351371,1,D1_00449,,O6_random_case,0.1
D1_00449__O6_random_case_20,G_00448,en,E3_obfuscated,1,0.9999826529351371,1,D1_00449,,O6_random_case,0.2
D1_00449__O6_random_case_30,G_00448,en,E3_obfuscated,1,0.9999826529351371,1,D1_00449,,O6_random_case,0.3
D1_00449__O7_typo_10,G_00448,en,E3_obfuscated,1,0.999966411578584,1,D1_00449,,O7_typo,0.1
D1_00449__O7_typo_20,G_00448,en,E3_obfuscated,1,0.9999421642462709,1,D1_00449,,O7_typo,0.2
D1_00449__O7_typo_30,G_00448,en,E3_obfuscated,1,0.9999596486109817,1,D1_00449,,O7_typo,0.3
D1_00449__O5_base64_100,G_00448,en,E3_obfuscated,1,0.8462122112838345,1,D1_00449,,O5_base64,1.0
D1_00450__O1_leetspeak_10,G_00449,en,E3_obfuscated,0,0.057027693624729085,0,D1_00450,,O1_leetspeak,0.1
D1_00450__O1_leetspeak_20,G_00449,en,E3_obfuscated,0,0.03911356934224534,0,D1_00450,,O1_leetspeak,0.2
D1_00450__O1_leetspeak_30,G_00449,en,E3_obfuscated,0,0.04757676581434202,0,D1_00450,,O1_leetspeak,0.3
D1_00450__O2_char_spacing_10,G_00449,en,E3_obfuscated,0,0.0510276561160836,0,D1_00450,,O2_char_spacing,0.1
D1_00450__O2_char_spacing_20,G_00449,en,E3_obfuscated,0,0.11433811072491637,0,D1_00450,,O2_char_spacing,0.2
D1_00450__O2_char_spacing_30,G_00449,en,E3_obfuscated,0,0.0510276561160836,0,D1_00450,,O2_char_spacing,0.3
D1_00450__O3_zero_width_10,G_00449,en,E3_obfuscated,0,0.012516064663036532,0,D1_00450,,O3_zero_width,0.1
D1_00450__O3_zero_width_20,G_00449,en,E3_obfuscated,0,0.04684016693681981,0,D1_00450,,O3_zero_width,0.2
D1_00450__O3_zero_width_30,G_00449,en,E3_obfuscated,0,0.28198899765408153,0,D1_00450,,O3_zero_width,0.3
D1_00450__O4_homoglyph_10,G_00449,en,E3_obfuscated,0,0.007223126040671482,0,D1_00450,,O4_homoglyph,0.1
D1_00450__O4_homoglyph_20,G_00449,en,E3_obfuscated,0,0.057027693624729085,0,D1_00450,,O4_homoglyph,0.2
D1_00450__O4_homoglyph_30,G_00449,en,E3_obfuscated,0,0.051727555658798705,0,D1_00450,,O4_homoglyph,0.3
D1_00450__O6_random_case_10,G_00449,en,E3_obfuscated,0,0.01698414765509688,0,D1_00450,,O6_random_case,0.1
D1_00450__O6_random_case_20,G_00449,en,E3_obfuscated,0,0.01698414765509688,0,D1_00450,,O6_random_case,0.2
D1_00450__O6_random_case_30,G_00449,en,E3_obfuscated,0,0.01698414765509688,0,D1_00450,,O6_random_case,0.3
D1_00450__O7_typo_10,G_00449,en,E3_obfuscated,0,0.008196878303325432,0,D1_00450,,O7_typo,0.1
D1_00450__O7_typo_20,G_00449,en,E3_obfuscated,0,0.06612731091069964,0,D1_00450,,O7_typo,0.2
D1_00450__O7_typo_30,G_00449,en,E3_obfuscated,0,0.008196878303325432,0,D1_00450,,O7_typo,0.3
D1_00450__O5_base64_100,G_00449,en,E3_obfuscated,0,0.8955742719420527,1,D1_00450,,O5_base64,1.0
D1_00451__O1_leetspeak_10,G_00450,en,E3_obfuscated,1,0.9978684503777469,1,D1_00451,,O1_leetspeak,0.1
D1_00451__O1_leetspeak_20,G_00450,en,E3_obfuscated,1,0.9889430414829461,1,D1_00451,,O1_leetspeak,0.2
D1_00451__O1_leetspeak_30,G_00450,en,E3_obfuscated,1,0.993799729739108,1,D1_00451,,O1_leetspeak,0.3
D1_00451__O2_char_spacing_10,G_00450,en,E3_obfuscated,1,0.999393138747373,1,D1_00451,,O2_char_spacing,0.1
D1_00451__O2_char_spacing_20,G_00450,en,E3_obfuscated,1,0.998567989781292,1,D1_00451,,O2_char_spacing,0.2
D1_00451__O2_char_spacing_30,G_00450,en,E3_obfuscated,1,0.999703673666617,1,D1_00451,,O2_char_spacing,0.3
D1_00451__O3_zero_width_10,G_00450,en,E3_obfuscated,1,0.9985900740235922,1,D1_00451,,O3_zero_width,0.1
D1_00451__O3_zero_width_20,G_00450,en,E3_obfuscated,1,0.9979851662244947,1,D1_00451,,O3_zero_width,0.2
D1_00451__O3_zero_width_30,G_00450,en,E3_obfuscated,1,0.9934002291271942,1,D1_00451,,O3_zero_width,0.3
D1_00451__O4_homoglyph_10,G_00450,en,E3_obfuscated,1,0.9969243861038378,1,D1_00451,,O4_homoglyph,0.1
D1_00451__O4_homoglyph_20,G_00450,en,E3_obfuscated,1,0.9981249557346681,1,D1_00451,,O4_homoglyph,0.2
D1_00451__O4_homoglyph_30,G_00450,en,E3_obfuscated,1,0.9842863577923595,1,D1_00451,,O4_homoglyph,0.3
D1_00451__O6_random_case_10,G_00450,en,E3_obfuscated,1,0.9984778738485108,1,D1_00451,,O6_random_case,0.1
D1_00451__O6_random_case_20,G_00450,en,E3_obfuscated,1,0.9984778738485108,1,D1_00451,,O6_random_case,0.2
D1_00451__O6_random_case_30,G_00450,en,E3_obfuscated,1,0.9984778738485108,1,D1_00451,,O6_random_case,0.3
D1_00451__O7_typo_10,G_00450,en,E3_obfuscated,1,0.9986278349056863,1,D1_00451,,O7_typo,0.1
D1_00451__O7_typo_20,G_00450,en,E3_obfuscated,1,0.9966340516177784,1,D1_00451,,O7_typo,0.2
D1_00451__O7_typo_30,G_00450,en,E3_obfuscated,1,0.9976828702256021,1,D1_00451,,O7_typo,0.3
D1_00451__O5_base64_100,G_00450,en,E3_obfuscated,1,0.7937133185674846,1,D1_00451,,O5_base64,1.0
D1_00466__O1_leetspeak_10,G_00465,en,E3_obfuscated,1,0.9980423437811851,1,D1_00466,,O1_leetspeak,0.1
D1_00466__O1_leetspeak_20,G_00465,en,E3_obfuscated,1,0.9864755886483385,1,D1_00466,,O1_leetspeak,0.2
D1_00466__O1_leetspeak_30,G_00465,en,E3_obfuscated,1,0.9826806941667481,1,D1_00466,,O1_leetspeak,0.3
D1_00466__O2_char_spacing_10,G_00465,en,E3_obfuscated,1,0.9988733354459582,1,D1_00466,,O2_char_spacing,0.1
D1_00466__O2_char_spacing_20,G_00465,en,E3_obfuscated,1,0.9993308787426244,1,D1_00466,,O2_char_spacing,0.2
D1_00466__O2_char_spacing_30,G_00465,en,E3_obfuscated,1,0.9993047014572081,1,D1_00466,,O2_char_spacing,0.3
D1_00466__O3_zero_width_10,G_00465,en,E3_obfuscated,1,0.9815928932251323,1,D1_00466,,O3_zero_width,0.1
D1_00466__O3_zero_width_20,G_00465,en,E3_obfuscated,1,0.9072059827931748,1,D1_00466,,O3_zero_width,0.2
D1_00466__O3_zero_width_30,G_00465,en,E3_obfuscated,1,0.8991296734024316,1,D1_00466,,O3_zero_width,0.3
D1_00466__O4_homoglyph_10,G_00465,en,E3_obfuscated,1,0.9975508154374925,1,D1_00466,,O4_homoglyph,0.1
D1_00466__O4_homoglyph_20,G_00465,en,E3_obfuscated,1,0.9952736734793648,1,D1_00466,,O4_homoglyph,0.2
D1_00466__O4_homoglyph_30,G_00465,en,E3_obfuscated,1,0.9669384564452461,1,D1_00466,,O4_homoglyph,0.3
D1_00466__O6_random_case_10,G_00465,en,E3_obfuscated,1,0.9987398130714531,1,D1_00466,,O6_random_case,0.1
D1_00466__O6_random_case_20,G_00465,en,E3_obfuscated,1,0.9987398130714531,1,D1_00466,,O6_random_case,0.2
D1_00466__O6_random_case_30,G_00465,en,E3_obfuscated,1,0.9987398130714531,1,D1_00466,,O6_random_case,0.3
D1_00466__O7_typo_10,G_00465,en,E3_obfuscated,1,0.997543308913452,1,D1_00466,,O7_typo,0.1
D1_00466__O7_typo_20,G_00465,en,E3_obfuscated,1,0.9967999890020082,1,D1_00466,,O7_typo,0.2
D1_00466__O7_typo_30,G_00465,en,E3_obfuscated,1,0.9972450717194714,1,D1_00466,,O7_typo,0.3
D1_00466__O5_base64_100,G_00465,en,E3_obfuscated,1,0.8836102680999668,1,D1_00466,,O5_base64,1.0
D1_00481__O1_leetspeak_10,G_00480,en,E3_obfuscated,0,0.6778752581592006,0,D1_00481,,O1_leetspeak,0.1
D1_00481__O1_leetspeak_20,G_00480,en,E3_obfuscated,0,0.6778752581592006,0,D1_00481,,O1_leetspeak,0.2
D1_00481__O1_leetspeak_30,G_00480,en,E3_obfuscated,0,0.9959623084763829,1,D1_00481,,O1_leetspeak,0.3
D1_00481__O2_char_spacing_10,G_00480,en,E3_obfuscated,0,0.8632436094341451,1,D1_00481,,O2_char_spacing,0.1
D1_00481__O2_char_spacing_20,G_00480,en,E3_obfuscated,0,0.8632436094341451,1,D1_00481,,O2_char_spacing,0.2
D1_00481__O2_char_spacing_30,G_00480,en,E3_obfuscated,0,0.997115694051369,1,D1_00481,,O2_char_spacing,0.3
D1_00481__O3_zero_width_10,G_00480,en,E3_obfuscated,0,0.989866790082517,1,D1_00481,,O3_zero_width,0.1
D1_00481__O3_zero_width_20,G_00480,en,E3_obfuscated,0,0.20488155258161628,0,D1_00481,,O3_zero_width,0.2
D1_00481__O3_zero_width_30,G_00480,en,E3_obfuscated,0,0.9197761387910818,1,D1_00481,,O3_zero_width,0.3
D1_00481__O4_homoglyph_10,G_00480,en,E3_obfuscated,0,0.9558910502366771,1,D1_00481,,O4_homoglyph,0.1
D1_00481__O4_homoglyph_20,G_00480,en,E3_obfuscated,0,0.989866790082517,1,D1_00481,,O4_homoglyph,0.2
D1_00481__O4_homoglyph_30,G_00480,en,E3_obfuscated,0,0.074356729934246,0,D1_00481,,O4_homoglyph,0.3
D1_00481__O6_random_case_10,G_00480,en,E3_obfuscated,0,0.9946514964301817,1,D1_00481,,O6_random_case,0.1
D1_00481__O6_random_case_20,G_00480,en,E3_obfuscated,0,0.9946514964301817,1,D1_00481,,O6_random_case,0.2
D1_00481__O6_random_case_30,G_00480,en,E3_obfuscated,0,0.9946514964301817,1,D1_00481,,O6_random_case,0.3
D1_00481__O7_typo_10,G_00480,en,E3_obfuscated,0,0.9921415337764031,1,D1_00481,,O7_typo,0.1
D1_00481__O7_typo_20,G_00480,en,E3_obfuscated,0,0.6074753006195405,0,D1_00481,,O7_typo,0.2
D1_00481__O7_typo_30,G_00480,en,E3_obfuscated,0,0.9954854156384595,1,D1_00481,,O7_typo,0.3
D1_00481__O5_base64_100,G_00480,en,E3_obfuscated,0,0.880643929854491,1,D1_00481,,O5_base64,1.0
D1_00484__O1_leetspeak_10,G_00483,en,E3_obfuscated,1,0.998109695736049,1,D1_00484,,O1_leetspeak,0.1
D1_00484__O1_leetspeak_20,G_00483,en,E3_obfuscated,1,0.9950172824816488,1,D1_00484,,O1_leetspeak,0.2
D1_00484__O1_leetspeak_30,G_00483,en,E3_obfuscated,1,0.9925982593653251,1,D1_00484,,O1_leetspeak,0.3
D1_00484__O2_char_spacing_10,G_00483,en,E3_obfuscated,1,0.9996386760049115,1,D1_00484,,O2_char_spacing,0.1
D1_00484__O2_char_spacing_20,G_00483,en,E3_obfuscated,1,0.9997080731421014,1,D1_00484,,O2_char_spacing,0.2
D1_00484__O2_char_spacing_30,G_00483,en,E3_obfuscated,1,0.9998662456560753,1,D1_00484,,O2_char_spacing,0.3
D1_00484__O3_zero_width_10,G_00483,en,E3_obfuscated,1,0.9986034845507138,1,D1_00484,,O3_zero_width,0.1
D1_00484__O3_zero_width_20,G_00483,en,E3_obfuscated,1,0.999291000182339,1,D1_00484,,O3_zero_width,0.2
D1_00484__O3_zero_width_30,G_00483,en,E3_obfuscated,1,0.994828683137039,1,D1_00484,,O3_zero_width,0.3
D1_00484__O4_homoglyph_10,G_00483,en,E3_obfuscated,1,0.9969802495067597,1,D1_00484,,O4_homoglyph,0.1
D1_00484__O4_homoglyph_20,G_00483,en,E3_obfuscated,1,0.9939293171505702,1,D1_00484,,O4_homoglyph,0.2
D1_00484__O4_homoglyph_30,G_00483,en,E3_obfuscated,1,0.9855591037818758,1,D1_00484,,O4_homoglyph,0.3
D1_00484__O6_random_case_10,G_00483,en,E3_obfuscated,1,0.9995997808487188,1,D1_00484,,O6_random_case,0.1
D1_00484__O6_random_case_20,G_00483,en,E3_obfuscated,1,0.9995997808487188,1,D1_00484,,O6_random_case,0.2
D1_00484__O6_random_case_30,G_00483,en,E3_obfuscated,1,0.9995997808487188,1,D1_00484,,O6_random_case,0.3
D1_00484__O7_typo_10,G_00483,en,E3_obfuscated,1,0.9991970964698741,1,D1_00484,,O7_typo,0.1
D1_00484__O7_typo_20,G_00483,en,E3_obfuscated,1,0.9993873579706847,1,D1_00484,,O7_typo,0.2
D1_00484__O7_typo_30,G_00483,en,E3_obfuscated,1,0.9998329299088243,1,D1_00484,,O7_typo,0.3
D1_00484__O5_base64_100,G_00483,en,E3_obfuscated,1,0.8439843736293221,1,D1_00484,,O5_base64,1.0
D1_00498__O1_leetspeak_10,G_00497,other,E3_obfuscated,1,0.94691833445662,1,D1_00498,,O1_leetspeak,0.1
D1_00498__O1_leetspeak_20,G_00497,other,E3_obfuscated,1,0.6227898240253994,0,D1_00498,,O1_leetspeak,0.2
D1_00498__O1_leetspeak_30,G_00497,other,E3_obfuscated,1,0.6581214952535173,0,D1_00498,,O1_leetspeak,0.3
D1_00498__O2_char_spacing_10,G_00497,other,E3_obfuscated,1,0.9742173892630724,1,D1_00498,,O2_char_spacing,0.1
D1_00498__O2_char_spacing_20,G_00497,other,E3_obfuscated,1,0.9838377546263195,1,D1_00498,,O2_char_spacing,0.2
D1_00498__O2_char_spacing_30,G_00497,other,E3_obfuscated,1,0.9839214361987451,1,D1_00498,,O2_char_spacing,0.3
D1_00498__O3_zero_width_10,G_00497,other,E3_obfuscated,1,0.9564153306068717,1,D1_00498,,O3_zero_width,0.1
D1_00498__O3_zero_width_20,G_00497,other,E3_obfuscated,1,0.8247829109280514,1,D1_00498,,O3_zero_width,0.2
D1_00498__O3_zero_width_30,G_00497,other,E3_obfuscated,1,0.7674783783264332,1,D1_00498,,O3_zero_width,0.3
D1_00498__O4_homoglyph_10,G_00497,other,E3_obfuscated,1,0.9438827839397491,1,D1_00498,,O4_homoglyph,0.1
D1_00498__O4_homoglyph_20,G_00497,other,E3_obfuscated,1,0.8527794961812015,1,D1_00498,,O4_homoglyph,0.2
D1_00498__O4_homoglyph_30,G_00497,other,E3_obfuscated,1,0.9167287065873273,1,D1_00498,,O4_homoglyph,0.3
D1_00498__O6_random_case_10,G_00497,other,E3_obfuscated,1,0.970235080443352,1,D1_00498,,O6_random_case,0.1
D1_00498__O6_random_case_20,G_00497,other,E3_obfuscated,1,0.9605747698168108,1,D1_00498,,O6_random_case,0.2
D1_00498__O6_random_case_30,G_00497,other,E3_obfuscated,1,0.9605747698168108,1,D1_00498,,O6_random_case,0.3
D1_00498__O7_typo_10,G_00497,other,E3_obfuscated,1,0.9461166675846447,1,D1_00498,,O7_typo,0.1
D1_00498__O7_typo_20,G_00497,other,E3_obfuscated,1,0.9700819246053275,1,D1_00498,,O7_typo,0.2
D1_00498__O7_typo_30,G_00497,other,E3_obfuscated,1,0.9439336867117288,1,D1_00498,,O7_typo,0.3
D1_00498__O5_base64_100,G_00497,other,E3_obfuscated,1,0.7516025835859484,1,D1_00498,,O5_base64,1.0
D1_00502__O1_leetspeak_10,G_00501,other,E3_obfuscated,1,0.977293283590808,1,D1_00502,,O1_leetspeak,0.1
D1_00502__O1_leetspeak_20,G_00501,other,E3_obfuscated,1,0.9477054691927571,1,D1_00502,,O1_leetspeak,0.2
D1_00502__O1_leetspeak_30,G_00501,other,E3_obfuscated,1,0.8969528082651496,1,D1_00502,,O1_leetspeak,0.3
D1_00502__O2_char_spacing_10,G_00501,other,E3_obfuscated,1,0.979181297948529,1,D1_00502,,O2_char_spacing,0.1
D1_00502__O2_char_spacing_20,G_00501,other,E3_obfuscated,1,0.976454541028221,1,D1_00502,,O2_char_spacing,0.2
D1_00502__O2_char_spacing_30,G_00501,other,E3_obfuscated,1,0.9844925672468243,1,D1_00502,,O2_char_spacing,0.3
D1_00502__O3_zero_width_10,G_00501,other,E3_obfuscated,1,0.919466888337097,1,D1_00502,,O3_zero_width,0.1
D1_00502__O3_zero_width_20,G_00501,other,E3_obfuscated,1,0.9803316702763787,1,D1_00502,,O3_zero_width,0.2
D1_00502__O3_zero_width_30,G_00501,other,E3_obfuscated,1,0.9909734329325731,1,D1_00502,,O3_zero_width,0.3
D1_00502__O4_homoglyph_10,G_00501,other,E3_obfuscated,1,0.9778489211228862,1,D1_00502,,O4_homoglyph,0.1
D1_00502__O4_homoglyph_20,G_00501,other,E3_obfuscated,1,0.9518174483954387,1,D1_00502,,O4_homoglyph,0.2
D1_00502__O4_homoglyph_30,G_00501,other,E3_obfuscated,1,0.9912278733836253,1,D1_00502,,O4_homoglyph,0.3
D1_00502__O6_random_case_10,G_00501,other,E3_obfuscated,1,0.9862386528773563,1,D1_00502,,O6_random_case,0.1
D1_00502__O6_random_case_20,G_00501,other,E3_obfuscated,1,0.9862386528773563,1,D1_00502,,O6_random_case,0.2
D1_00502__O6_random_case_30,G_00501,other,E3_obfuscated,1,0.9862386528773563,1,D1_00502,,O6_random_case,0.3
D1_00502__O7_typo_10,G_00501,other,E3_obfuscated,1,0.9810906670053012,1,D1_00502,,O7_typo,0.1
D1_00502__O7_typo_20,G_00501,other,E3_obfuscated,1,0.9703515395446277,1,D1_00502,,O7_typo,0.2
D1_00502__O7_typo_30,G_00501,other,E3_obfuscated,1,0.9743589493911924,1,D1_00502,,O7_typo,0.3
D1_00502__O5_base64_100,G_00501,other,E3_obfuscated,1,0.8160763212392701,1,D1_00502,,O5_base64,1.0
D1_00505__O1_leetspeak_10,G_00504,en,E3_obfuscated,1,0.9599589386351554,1,D1_00505,,O1_leetspeak,0.1
D1_00505__O1_leetspeak_20,G_00504,en,E3_obfuscated,1,0.951907923783415,1,D1_00505,,O1_leetspeak,0.2
D1_00505__O1_leetspeak_30,G_00504,en,E3_obfuscated,1,0.4825137772657759,0,D1_00505,,O1_leetspeak,0.3
D1_00505__O2_char_spacing_10,G_00504,en,E3_obfuscated,1,0.940697118888962,1,D1_00505,,O2_char_spacing,0.1
D1_00505__O2_char_spacing_20,G_00504,en,E3_obfuscated,1,0.9718550085926865,1,D1_00505,,O2_char_spacing,0.2
D1_00505__O2_char_spacing_30,G_00504,en,E3_obfuscated,1,0.5872743961708206,0,D1_00505,,O2_char_spacing,0.3
D1_00505__O3_zero_width_10,G_00504,en,E3_obfuscated,1,0.7406843732086165,1,D1_00505,,O3_zero_width,0.1
D1_00505__O3_zero_width_20,G_00504,en,E3_obfuscated,1,0.7690995831088147,1,D1_00505,,O3_zero_width,0.2
D1_00505__O3_zero_width_30,G_00504,en,E3_obfuscated,1,0.45753836769888395,0,D1_00505,,O3_zero_width,0.3
D1_00505__O4_homoglyph_10,G_00504,en,E3_obfuscated,1,0.9257392347939948,1,D1_00505,,O4_homoglyph,0.1
D1_00505__O4_homoglyph_20,G_00504,en,E3_obfuscated,1,0.7035904258667393,0,D1_00505,,O4_homoglyph,0.2
D1_00505__O4_homoglyph_30,G_00504,en,E3_obfuscated,1,0.7395175518059907,1,D1_00505,,O4_homoglyph,0.3
D1_00505__O6_random_case_10,G_00504,en,E3_obfuscated,1,0.9679551435404488,1,D1_00505,,O6_random_case,0.1
D1_00505__O6_random_case_20,G_00504,en,E3_obfuscated,1,0.9679551435404488,1,D1_00505,,O6_random_case,0.2
D1_00505__O6_random_case_30,G_00504,en,E3_obfuscated,1,0.9679551435404488,1,D1_00505,,O6_random_case,0.3
D1_00505__O7_typo_10,G_00504,en,E3_obfuscated,1,0.9806928489096346,1,D1_00505,,O7_typo,0.1
D1_00505__O7_typo_20,G_00504,en,E3_obfuscated,1,0.9485072092911503,1,D1_00505,,O7_typo,0.2
D1_00505__O7_typo_30,G_00504,en,E3_obfuscated,1,0.89063000463208,1,D1_00505,,O7_typo,0.3
D1_00505__O5_base64_100,G_00504,en,E3_obfuscated,1,0.8560702941332168,1,D1_00505,,O5_base64,1.0
D1_00512__O1_leetspeak_10,G_00258,other,E3_obfuscated,1,0.9768806575645304,1,D1_00512,,O1_leetspeak,0.1
D1_00512__O1_leetspeak_20,G_00258,other,E3_obfuscated,1,0.5762751469427069,0,D1_00512,,O1_leetspeak,0.2
D1_00512__O1_leetspeak_30,G_00258,other,E3_obfuscated,1,0.6684147332241515,0,D1_00512,,O1_leetspeak,0.3
D1_00512__O2_char_spacing_10,G_00258,other,E3_obfuscated,1,0.9916498618707197,1,D1_00512,,O2_char_spacing,0.1
D1_00512__O2_char_spacing_20,G_00258,other,E3_obfuscated,1,0.9792260903606893,1,D1_00512,,O2_char_spacing,0.2
D1_00512__O2_char_spacing_30,G_00258,other,E3_obfuscated,1,0.9760114474001956,1,D1_00512,,O2_char_spacing,0.3
D1_00512__O3_zero_width_10,G_00258,other,E3_obfuscated,1,0.9608848638611304,1,D1_00512,,O3_zero_width,0.1
D1_00512__O3_zero_width_20,G_00258,other,E3_obfuscated,1,0.9699161063913073,1,D1_00512,,O3_zero_width,0.2
D1_00512__O3_zero_width_30,G_00258,other,E3_obfuscated,1,0.9864468589742592,1,D1_00512,,O3_zero_width,0.3
D1_00512__O4_homoglyph_10,G_00258,other,E3_obfuscated,1,0.974387534786336,1,D1_00512,,O4_homoglyph,0.1
D1_00512__O4_homoglyph_20,G_00258,other,E3_obfuscated,1,0.9340888758949458,1,D1_00512,,O4_homoglyph,0.2
D1_00512__O4_homoglyph_30,G_00258,other,E3_obfuscated,1,0.8831731635708361,1,D1_00512,,O4_homoglyph,0.3
D1_00512__O6_random_case_10,G_00258,other,E3_obfuscated,1,0.9813220548687929,1,D1_00512,,O6_random_case,0.1
D1_00512__O6_random_case_20,G_00258,other,E3_obfuscated,1,0.9813220548687929,1,D1_00512,,O6_random_case,0.2
D1_00512__O6_random_case_30,G_00258,other,E3_obfuscated,1,0.9813220548687929,1,D1_00512,,O6_random_case,0.3
D1_00512__O7_typo_10,G_00258,other,E3_obfuscated,1,0.9842262312052112,1,D1_00512,,O7_typo,0.1
D1_00512__O7_typo_20,G_00258,other,E3_obfuscated,1,0.9737835055053115,1,D1_00512,,O7_typo,0.2
D1_00512__O7_typo_30,G_00258,other,E3_obfuscated,1,0.983813266824506,1,D1_00512,,O7_typo,0.3
D1_00512__O5_base64_100,G_00258,other,E3_obfuscated,1,0.6344522689980981,0,D1_00512,,O5_base64,1.0
D1_00514__O1_leetspeak_10,G_00513,en,E3_obfuscated,1,0.9167710783714687,1,D1_00514,,O1_leetspeak,0.1
D1_00514__O1_leetspeak_20,G_00513,en,E3_obfuscated,1,0.8981403560331606,1,D1_00514,,O1_leetspeak,0.2
D1_00514__O1_leetspeak_30,G_00513,en,E3_obfuscated,1,0.8467601690313667,1,D1_00514,,O1_leetspeak,0.3
D1_00514__O2_char_spacing_10,G_00513,en,E3_obfuscated,1,0.9397244482126123,1,D1_00514,,O2_char_spacing,0.1
D1_00514__O2_char_spacing_20,G_00513,en,E3_obfuscated,1,0.970432253863712,1,D1_00514,,O2_char_spacing,0.2
D1_00514__O2_char_spacing_30,G_00513,en,E3_obfuscated,1,0.9756293361520965,1,D1_00514,,O2_char_spacing,0.3
D1_00514__O3_zero_width_10,G_00513,en,E3_obfuscated,1,0.9024919898730625,1,D1_00514,,O3_zero_width,0.1
D1_00514__O3_zero_width_20,G_00513,en,E3_obfuscated,1,0.9568136167665027,1,D1_00514,,O3_zero_width,0.2
D1_00514__O3_zero_width_30,G_00513,en,E3_obfuscated,1,0.9566150670726972,1,D1_00514,,O3_zero_width,0.3
D1_00514__O4_homoglyph_10,G_00513,en,E3_obfuscated,1,0.9393080710420206,1,D1_00514,,O4_homoglyph,0.1
D1_00514__O4_homoglyph_20,G_00513,en,E3_obfuscated,1,0.6428519951940658,0,D1_00514,,O4_homoglyph,0.2
D1_00514__O4_homoglyph_30,G_00513,en,E3_obfuscated,1,0.8848013403671843,1,D1_00514,,O4_homoglyph,0.3
D1_00514__O6_random_case_10,G_00513,en,E3_obfuscated,1,0.9014189119931517,1,D1_00514,,O6_random_case,0.1
D1_00514__O6_random_case_20,G_00513,en,E3_obfuscated,1,0.9014189119931517,1,D1_00514,,O6_random_case,0.2
D1_00514__O6_random_case_30,G_00513,en,E3_obfuscated,1,0.9014189119931517,1,D1_00514,,O6_random_case,0.3
D1_00514__O7_typo_10,G_00513,en,E3_obfuscated,1,0.8973925979840998,1,D1_00514,,O7_typo,0.1
D1_00514__O7_typo_20,G_00513,en,E3_obfuscated,1,0.9219784632301682,1,D1_00514,,O7_typo,0.2
D1_00514__O7_typo_30,G_00513,en,E3_obfuscated,1,0.9369545580281204,1,D1_00514,,O7_typo,0.3
D1_00514__O5_base64_100,G_00513,en,E3_obfuscated,1,0.7135468975252252,1,D1_00514,,O5_base64,1.0
D1_00530__O1_leetspeak_10,G_00529,en,E3_obfuscated,1,0.5084044880586974,0,D1_00530,,O1_leetspeak,0.1
D1_00530__O1_leetspeak_20,G_00529,en,E3_obfuscated,1,0.7057907811035814,0,D1_00530,,O1_leetspeak,0.2
D1_00530__O1_leetspeak_30,G_00529,en,E3_obfuscated,1,0.3704674332553395,0,D1_00530,,O1_leetspeak,0.3
D1_00530__O2_char_spacing_10,G_00529,en,E3_obfuscated,1,0.4734662323571213,0,D1_00530,,O2_char_spacing,0.1
D1_00530__O2_char_spacing_20,G_00529,en,E3_obfuscated,1,0.8517171864823977,1,D1_00530,,O2_char_spacing,0.2
D1_00530__O2_char_spacing_30,G_00529,en,E3_obfuscated,1,0.7341382138114149,1,D1_00530,,O2_char_spacing,0.3
D1_00530__O3_zero_width_10,G_00529,en,E3_obfuscated,1,0.3503430635280749,0,D1_00530,,O3_zero_width,0.1
D1_00530__O3_zero_width_20,G_00529,en,E3_obfuscated,1,0.7541334145238859,1,D1_00530,,O3_zero_width,0.2
D1_00530__O3_zero_width_30,G_00529,en,E3_obfuscated,1,0.7188457692012803,1,D1_00530,,O3_zero_width,0.3
D1_00530__O4_homoglyph_10,G_00529,en,E3_obfuscated,1,0.6895232327482758,0,D1_00530,,O4_homoglyph,0.1
D1_00530__O4_homoglyph_20,G_00529,en,E3_obfuscated,1,0.23108068763064238,0,D1_00530,,O4_homoglyph,0.2
D1_00530__O4_homoglyph_30,G_00529,en,E3_obfuscated,1,0.43156143766153043,0,D1_00530,,O4_homoglyph,0.3
D1_00530__O6_random_case_10,G_00529,en,E3_obfuscated,1,0.7133398652048987,1,D1_00530,,O6_random_case,0.1
D1_00530__O6_random_case_20,G_00529,en,E3_obfuscated,1,0.7133398652048987,1,D1_00530,,O6_random_case,0.2
D1_00530__O6_random_case_30,G_00529,en,E3_obfuscated,1,0.7133398652048987,1,D1_00530,,O6_random_case,0.3
D1_00530__O7_typo_10,G_00529,en,E3_obfuscated,1,0.5573187691914285,0,D1_00530,,O7_typo,0.1
D1_00530__O7_typo_20,G_00529,en,E3_obfuscated,1,0.2942821501475303,0,D1_00530,,O7_typo,0.2
D1_00530__O7_typo_30,G_00529,en,E3_obfuscated,1,0.9097638498437217,1,D1_00530,,O7_typo,0.3
D1_00530__O5_base64_100,G_00529,en,E3_obfuscated,1,0.8549471281091804,1,D1_00530,,O5_base64,1.0
D1_00544__O1_leetspeak_10,G_00543,other,E3_obfuscated,1,0.9451933543437784,1,D1_00544,,O1_leetspeak,0.1
D1_00544__O1_leetspeak_20,G_00543,other,E3_obfuscated,1,0.8998236629400136,1,D1_00544,,O1_leetspeak,0.2
D1_00544__O1_leetspeak_30,G_00543,other,E3_obfuscated,1,0.9521316200273836,1,D1_00544,,O1_leetspeak,0.3
D1_00544__O2_char_spacing_10,G_00543,other,E3_obfuscated,1,0.9668474261996637,1,D1_00544,,O2_char_spacing,0.1
D1_00544__O2_char_spacing_20,G_00543,other,E3_obfuscated,1,0.9670027183370128,1,D1_00544,,O2_char_spacing,0.2
D1_00544__O2_char_spacing_30,G_00543,other,E3_obfuscated,1,0.942067837232505,1,D1_00544,,O2_char_spacing,0.3
D1_00544__O3_zero_width_10,G_00543,other,E3_obfuscated,1,0.918825902313231,1,D1_00544,,O3_zero_width,0.1
D1_00544__O3_zero_width_20,G_00543,other,E3_obfuscated,1,0.9371204739030269,1,D1_00544,,O3_zero_width,0.2
D1_00544__O3_zero_width_30,G_00543,other,E3_obfuscated,1,0.9346463366731967,1,D1_00544,,O3_zero_width,0.3
D1_00544__O4_homoglyph_10,G_00543,other,E3_obfuscated,1,0.9614625200580583,1,D1_00544,,O4_homoglyph,0.1
D1_00544__O4_homoglyph_20,G_00543,other,E3_obfuscated,1,0.8812410142594516,1,D1_00544,,O4_homoglyph,0.2
D1_00544__O4_homoglyph_30,G_00543,other,E3_obfuscated,1,0.8698803128728092,1,D1_00544,,O4_homoglyph,0.3
D1_00544__O6_random_case_10,G_00543,other,E3_obfuscated,1,0.955238607688538,1,D1_00544,,O6_random_case,0.1
D1_00544__O6_random_case_20,G_00543,other,E3_obfuscated,1,0.955238607688538,1,D1_00544,,O6_random_case,0.2
D1_00544__O6_random_case_30,G_00543,other,E3_obfuscated,1,0.955238607688538,1,D1_00544,,O6_random_case,0.3
D1_00544__O7_typo_10,G_00543,other,E3_obfuscated,1,0.9621841162517484,1,D1_00544,,O7_typo,0.1
D1_00544__O7_typo_20,G_00543,other,E3_obfuscated,1,0.9384759320119809,1,D1_00544,,O7_typo,0.2
D1_00544__O7_typo_30,G_00543,other,E3_obfuscated,1,0.9707500126255049,1,D1_00544,,O7_typo,0.3
D1_00544__O5_base64_100,G_00543,other,E3_obfuscated,1,0.7017835703102592,0,D1_00544,,O5_base64,1.0
D1_00560__O1_leetspeak_10,G_00559,en,E3_obfuscated,0,0.012250904788954412,0,D1_00560,,O1_leetspeak,0.1
D1_00560__O1_leetspeak_20,G_00559,en,E3_obfuscated,0,0.007588329599428048,0,D1_00560,,O1_leetspeak,0.2
D1_00560__O1_leetspeak_30,G_00559,en,E3_obfuscated,0,0.01672767676196252,0,D1_00560,,O1_leetspeak,0.3
D1_00560__O2_char_spacing_10,G_00559,en,E3_obfuscated,0,0.030387191283371067,0,D1_00560,,O2_char_spacing,0.1
D1_00560__O2_char_spacing_20,G_00559,en,E3_obfuscated,0,0.00776783886510974,0,D1_00560,,O2_char_spacing,0.2
D1_00560__O2_char_spacing_30,G_00559,en,E3_obfuscated,0,0.014683919219443032,0,D1_00560,,O2_char_spacing,0.3
D1_00560__O3_zero_width_10,G_00559,en,E3_obfuscated,0,0.09006952383395246,0,D1_00560,,O3_zero_width,0.1
D1_00560__O3_zero_width_20,G_00559,en,E3_obfuscated,0,0.003727601580241625,0,D1_00560,,O3_zero_width,0.2
D1_00560__O3_zero_width_30,G_00559,en,E3_obfuscated,0,0.0030438468919553913,0,D1_00560,,O3_zero_width,0.3
D1_00560__O4_homoglyph_10,G_00559,en,E3_obfuscated,0,0.007845637142358778,0,D1_00560,,O4_homoglyph,0.1
D1_00560__O4_homoglyph_20,G_00559,en,E3_obfuscated,0,0.014040153304908974,0,D1_00560,,O4_homoglyph,0.2
D1_00560__O4_homoglyph_30,G_00559,en,E3_obfuscated,0,0.007761099137593594,0,D1_00560,,O4_homoglyph,0.3
D1_00560__O6_random_case_10,G_00559,en,E3_obfuscated,0,0.012843486667013496,0,D1_00560,,O6_random_case,0.1
D1_00560__O6_random_case_20,G_00559,en,E3_obfuscated,0,0.012843486667013496,0,D1_00560,,O6_random_case,0.2
D1_00560__O6_random_case_30,G_00559,en,E3_obfuscated,0,0.012843486667013496,0,D1_00560,,O6_random_case,0.3
D1_00560__O7_typo_10,G_00559,en,E3_obfuscated,0,0.007588329599428048,0,D1_00560,,O7_typo,0.1
D1_00560__O7_typo_20,G_00559,en,E3_obfuscated,0,0.007588329599428048,0,D1_00560,,O7_typo,0.2
D1_00560__O7_typo_30,G_00559,en,E3_obfuscated,0,0.014084829684736873,0,D1_00560,,O7_typo,0.3
D1_00560__O5_base64_100,G_00559,en,E3_obfuscated,0,0.8907153494339809,1,D1_00560,,O5_base64,1.0
D1_00569__O1_leetspeak_10,G_00568,en,E3_obfuscated,0,0.3019316275679918,0,D1_00569,,O1_leetspeak,0.1
D1_00569__O1_leetspeak_20,G_00568,en,E3_obfuscated,0,0.2395895215930974,0,D1_00569,,O1_leetspeak,0.2
D1_00569__O1_leetspeak_30,G_00568,en,E3_obfuscated,0,0.10384454418777753,0,D1_00569,,O1_leetspeak,0.3
D1_00569__O2_char_spacing_10,G_00568,en,E3_obfuscated,0,0.5162910492630605,0,D1_00569,,O2_char_spacing,0.1
D1_00569__O2_char_spacing_20,G_00568,en,E3_obfuscated,0,0.7870389058128295,1,D1_00569,,O2_char_spacing,0.2
D1_00569__O2_char_spacing_30,G_00568,en,E3_obfuscated,0,0.36704013224011084,0,D1_00569,,O2_char_spacing,0.3
D1_00569__O3_zero_width_10,G_00568,en,E3_obfuscated,0,0.13414690841732432,0,D1_00569,,O3_zero_width,0.1
D1_00569__O3_zero_width_20,G_00568,en,E3_obfuscated,0,0.06217103698191401,0,D1_00569,,O3_zero_width,0.2
D1_00569__O3_zero_width_30,G_00568,en,E3_obfuscated,0,0.14677381848230828,0,D1_00569,,O3_zero_width,0.3
D1_00569__O4_homoglyph_10,G_00568,en,E3_obfuscated,0,0.3439303540997378,0,D1_00569,,O4_homoglyph,0.1
D1_00569__O4_homoglyph_20,G_00568,en,E3_obfuscated,0,0.05772911400503996,0,D1_00569,,O4_homoglyph,0.2
D1_00569__O4_homoglyph_30,G_00568,en,E3_obfuscated,0,0.10130401342576184,0,D1_00569,,O4_homoglyph,0.3
D1_00569__O6_random_case_10,G_00568,en,E3_obfuscated,0,0.45895693574219887,0,D1_00569,,O6_random_case,0.1
D1_00569__O6_random_case_20,G_00568,en,E3_obfuscated,0,0.45895693574219887,0,D1_00569,,O6_random_case,0.2
D1_00569__O6_random_case_30,G_00568,en,E3_obfuscated,0,0.45895693574219887,0,D1_00569,,O6_random_case,0.3
D1_00569__O7_typo_10,G_00568,en,E3_obfuscated,0,0.2997982670901767,0,D1_00569,,O7_typo,0.1
D1_00569__O7_typo_20,G_00568,en,E3_obfuscated,0,0.2997982670901767,0,D1_00569,,O7_typo,0.2
D1_00569__O7_typo_30,G_00568,en,E3_obfuscated,0,0.26721099635988016,0,D1_00569,,O7_typo,0.3
D1_00569__O5_base64_100,G_00568,en,E3_obfuscated,0,0.9082475301826408,1,D1_00569,,O5_base64,1.0
D1_00582__O1_leetspeak_10,G_00581,en,E3_obfuscated,0,0.00955169934938359,0,D1_00582,,O1_leetspeak,0.1
D1_00582__O1_leetspeak_20,G_00581,en,E3_obfuscated,0,0.01687456925066919,0,D1_00582,,O1_leetspeak,0.2
D1_00582__O1_leetspeak_30,G_00581,en,E3_obfuscated,0,0.0035862659873620254,0,D1_00582,,O1_leetspeak,0.3
D1_00582__O2_char_spacing_10,G_00581,en,E3_obfuscated,0,0.03453301865758926,0,D1_00582,,O2_char_spacing,0.1
D1_00582__O2_char_spacing_20,G_00581,en,E3_obfuscated,0,0.037615204028506585,0,D1_00582,,O2_char_spacing,0.2
D1_00582__O2_char_spacing_30,G_00581,en,E3_obfuscated,0,0.3317498542627448,0,D1_00582,,O2_char_spacing,0.3
D1_00582__O3_zero_width_10,G_00581,en,E3_obfuscated,0,0.03379366462806549,0,D1_00582,,O3_zero_width,0.1
D1_00582__O3_zero_width_20,G_00581,en,E3_obfuscated,0,0.008502635036183676,0,D1_00582,,O3_zero_width,0.2
D1_00582__O3_zero_width_30,G_00581,en,E3_obfuscated,0,0.016408379739208,0,D1_00582,,O3_zero_width,0.3
D1_00582__O4_homoglyph_10,G_00581,en,E3_obfuscated,0,0.007727008206144601,0,D1_00582,,O4_homoglyph,0.1
D1_00582__O4_homoglyph_20,G_00581,en,E3_obfuscated,0,0.005873672825382563,0,D1_00582,,O4_homoglyph,0.2
D1_00582__O4_homoglyph_30,G_00581,en,E3_obfuscated,0,0.0074536146891459746,0,D1_00582,,O4_homoglyph,0.3
D1_00582__O6_random_case_10,G_00581,en,E3_obfuscated,0,0.011862466636071455,0,D1_00582,,O6_random_case,0.1
D1_00582__O6_random_case_20,G_00581,en,E3_obfuscated,0,0.011862466636071455,0,D1_00582,,O6_random_case,0.2
D1_00582__O6_random_case_30,G_00581,en,E3_obfuscated,0,0.011862466636071455,0,D1_00582,,O6_random_case,0.3
D1_00582__O7_typo_10,G_00581,en,E3_obfuscated,0,0.025958961765842052,0,D1_00582,,O7_typo,0.1
D1_00582__O7_typo_20,G_00581,en,E3_obfuscated,0,0.01628361070565201,0,D1_00582,,O7_typo,0.2
D1_00582__O7_typo_30,G_00581,en,E3_obfuscated,0,0.024784022397512206,0,D1_00582,,O7_typo,0.3
D1_00582__O5_base64_100,G_00581,en,E3_obfuscated,0,0.888076341288586,1,D1_00582,,O5_base64,1.0
D1_00605__O1_leetspeak_10,G_00604,other,E3_obfuscated,0,0.06213078838956864,0,D1_00605,,O1_leetspeak,0.1
D1_00605__O1_leetspeak_20,G_00604,other,E3_obfuscated,0,0.0907981586580727,0,D1_00605,,O1_leetspeak,0.2
D1_00605__O1_leetspeak_30,G_00604,other,E3_obfuscated,0,0.04802594548676905,0,D1_00605,,O1_leetspeak,0.3
D1_00605__O2_char_spacing_10,G_00604,other,E3_obfuscated,0,0.253484413817871,0,D1_00605,,O2_char_spacing,0.1
D1_00605__O2_char_spacing_20,G_00604,other,E3_obfuscated,0,0.253484413817871,0,D1_00605,,O2_char_spacing,0.2
D1_00605__O2_char_spacing_30,G_00604,other,E3_obfuscated,0,0.253484413817871,0,D1_00605,,O2_char_spacing,0.3
D1_00605__O3_zero_width_10,G_00604,other,E3_obfuscated,0,0.061457508283280546,0,D1_00605,,O3_zero_width,0.1
D1_00605__O3_zero_width_20,G_00604,other,E3_obfuscated,0,0.12335133646260896,0,D1_00605,,O3_zero_width,0.2
D1_00605__O3_zero_width_30,G_00604,other,E3_obfuscated,0,0.04304875235737629,0,D1_00605,,O3_zero_width,0.3
D1_00605__O4_homoglyph_10,G_00604,other,E3_obfuscated,0,0.0037014539780304296,0,D1_00605,,O4_homoglyph,0.1
D1_00605__O4_homoglyph_20,G_00604,other,E3_obfuscated,0,0.002793430475730237,0,D1_00605,,O4_homoglyph,0.2
D1_00605__O4_homoglyph_30,G_00604,other,E3_obfuscated,0,0.12487871370756752,0,D1_00605,,O4_homoglyph,0.3
D1_00605__O6_random_case_10,G_00604,other,E3_obfuscated,0,0.004251918232313062,0,D1_00605,,O6_random_case,0.1
D1_00605__O6_random_case_20,G_00604,other,E3_obfuscated,0,0.004251918232313062,0,D1_00605,,O6_random_case,0.2
D1_00605__O6_random_case_30,G_00604,other,E3_obfuscated,0,0.004251918232313062,0,D1_00605,,O6_random_case,0.3
D1_00605__O7_typo_10,G_00604,other,E3_obfuscated,0,0.08763231082588176,0,D1_00605,,O7_typo,0.1
D1_00605__O7_typo_20,G_00604,other,E3_obfuscated,0,0.0039436266635351986,0,D1_00605,,O7_typo,0.2
D1_00605__O7_typo_30,G_00604,other,E3_obfuscated,0,0.0038303767939870718,0,D1_00605,,O7_typo,0.3
D1_00605__O5_base64_100,G_00604,other,E3_obfuscated,0,0.8934884313332461,1,D1_00605,,O5_base64,1.0
D1_00606__O1_leetspeak_10,G_00605,other,E3_obfuscated,0,0.0033835710731321463,0,D1_00606,,O1_leetspeak,0.1
D1_00606__O1_leetspeak_20,G_00605,other,E3_obfuscated,0,0.06610787806967858,0,D1_00606,,O1_leetspeak,0.2
D1_00606__O1_leetspeak_30,G_00605,other,E3_obfuscated,0,0.04727194043752929,0,D1_00606,,O1_leetspeak,0.3
D1_00606__O2_char_spacing_10,G_00605,other,E3_obfuscated,0,0.020867695717234645,0,D1_00606,,O2_char_spacing,0.1
D1_00606__O2_char_spacing_20,G_00605,other,E3_obfuscated,0,0.13572086383010523,0,D1_00606,,O2_char_spacing,0.2
D1_00606__O2_char_spacing_30,G_00605,other,E3_obfuscated,0,0.027057532629368202,0,D1_00606,,O2_char_spacing,0.3
D1_00606__O3_zero_width_10,G_00605,other,E3_obfuscated,0,0.05116433540867118,0,D1_00606,,O3_zero_width,0.1
D1_00606__O3_zero_width_20,G_00605,other,E3_obfuscated,0,0.07466911260820781,0,D1_00606,,O3_zero_width,0.2
D1_00606__O3_zero_width_30,G_00605,other,E3_obfuscated,0,0.07949261014632389,0,D1_00606,,O3_zero_width,0.3
D1_00606__O4_homoglyph_10,G_00605,other,E3_obfuscated,0,0.012188477019895935,0,D1_00606,,O4_homoglyph,0.1
D1_00606__O4_homoglyph_20,G_00605,other,E3_obfuscated,0,0.07903483018525563,0,D1_00606,,O4_homoglyph,0.2
D1_00606__O4_homoglyph_30,G_00605,other,E3_obfuscated,0,0.03662524117456557,0,D1_00606,,O4_homoglyph,0.3
D1_00606__O6_random_case_10,G_00605,other,E3_obfuscated,0,0.009443794630988435,0,D1_00606,,O6_random_case,0.1
D1_00606__O6_random_case_20,G_00605,other,E3_obfuscated,0,0.009443794630988435,0,D1_00606,,O6_random_case,0.2
D1_00606__O6_random_case_30,G_00605,other,E3_obfuscated,0,0.009443794630988435,0,D1_00606,,O6_random_case,0.3
D1_00606__O7_typo_10,G_00605,other,E3_obfuscated,0,0.011067938389368221,0,D1_00606,,O7_typo,0.1
D1_00606__O7_typo_20,G_00605,other,E3_obfuscated,0,0.00958965933381606,0,D1_00606,,O7_typo,0.2
D1_00606__O7_typo_30,G_00605,other,E3_obfuscated,0,0.010274473588008468,0,D1_00606,,O7_typo,0.3
D1_00606__O5_base64_100,G_00605,other,E3_obfuscated,0,0.8505043036317176,1,D1_00606,,O5_base64,1.0
D1_00611__O1_leetspeak_10,G_00610,other,E3_obfuscated,0,0.05892203968853362,0,D1_00611,,O1_leetspeak,0.1
D1_00611__O1_leetspeak_20,G_00610,other,E3_obfuscated,0,0.029377511694223594,0,D1_00611,,O1_leetspeak,0.2
D1_00611__O1_leetspeak_30,G_00610,other,E3_obfuscated,0,0.36265624531444696,0,D1_00611,,O1_leetspeak,0.3
D1_00611__O2_char_spacing_10,G_00610,other,E3_obfuscated,0,0.06880384313253117,0,D1_00611,,O2_char_spacing,0.1
D1_00611__O2_char_spacing_20,G_00610,other,E3_obfuscated,0,0.06698548098960354,0,D1_00611,,O2_char_spacing,0.2
D1_00611__O2_char_spacing_30,G_00610,other,E3_obfuscated,0,0.054226416923616176,0,D1_00611,,O2_char_spacing,0.3
D1_00611__O3_zero_width_10,G_00610,other,E3_obfuscated,0,0.10929687357260263,0,D1_00611,,O3_zero_width,0.1
D1_00611__O3_zero_width_20,G_00610,other,E3_obfuscated,0,0.02756732400957405,0,D1_00611,,O3_zero_width,0.2
D1_00611__O3_zero_width_30,G_00610,other,E3_obfuscated,0,0.46415452339004076,0,D1_00611,,O3_zero_width,0.3
D1_00611__O4_homoglyph_10,G_00610,other,E3_obfuscated,0,0.03125885382511561,0,D1_00611,,O4_homoglyph,0.1
D1_00611__O4_homoglyph_20,G_00610,other,E3_obfuscated,0,0.057400586027571206,0,D1_00611,,O4_homoglyph,0.2
D1_00611__O4_homoglyph_30,G_00610,other,E3_obfuscated,0,0.005735006042766898,0,D1_00611,,O4_homoglyph,0.3
D1_00611__O6_random_case_10,G_00610,other,E3_obfuscated,0,0.03316821259074574,0,D1_00611,,O6_random_case,0.1
D1_00611__O6_random_case_20,G_00610,other,E3_obfuscated,0,0.03316821259074574,0,D1_00611,,O6_random_case,0.2
D1_00611__O6_random_case_30,G_00610,other,E3_obfuscated,0,0.03316821259074574,0,D1_00611,,O6_random_case,0.3
D1_00611__O7_typo_10,G_00610,other,E3_obfuscated,0,0.03316821259074574,0,D1_00611,,O7_typo,0.1
D1_00611__O7_typo_20,G_00610,other,E3_obfuscated,0,0.029857034573643963,0,D1_00611,,O7_typo,0.2
D1_00611__O7_typo_30,G_00610,other,E3_obfuscated,0,0.06330801658715987,0,D1_00611,,O7_typo,0.3
D1_00611__O5_base64_100,G_00610,other,E3_obfuscated,0,0.8955742719420527,1,D1_00611,,O5_base64,1.0
D1_00615__O1_leetspeak_10,G_00614,other,E3_obfuscated,0,0.011033399224671598,0,D1_00615,,O1_leetspeak,0.1
D1_00615__O1_leetspeak_20,G_00614,other,E3_obfuscated,0,0.00463124059332581,0,D1_00615,,O1_leetspeak,0.2
D1_00615__O1_leetspeak_30,G_00614,other,E3_obfuscated,0,0.015985851450617747,0,D1_00615,,O1_leetspeak,0.3
D1_00615__O2_char_spacing_10,G_00614,other,E3_obfuscated,0,0.01008685206840023,0,D1_00615,,O2_char_spacing,0.1
D1_00615__O2_char_spacing_20,G_00614,other,E3_obfuscated,0,0.005907198840207329,0,D1_00615,,O2_char_spacing,0.2
D1_00615__O2_char_spacing_30,G_00614,other,E3_obfuscated,0,0.034800369447194855,0,D1_00615,,O2_char_spacing,0.3
D1_00615__O3_zero_width_10,G_00614,other,E3_obfuscated,0,0.006233357746702452,0,D1_00615,,O3_zero_width,0.1
D1_00615__O3_zero_width_20,G_00614,other,E3_obfuscated,0,0.07237962687955585,0,D1_00615,,O3_zero_width,0.2
D1_00615__O3_zero_width_30,G_00614,other,E3_obfuscated,0,0.015506057330140903,0,D1_00615,,O3_zero_width,0.3
D1_00615__O4_homoglyph_10,G_00614,other,E3_obfuscated,0,0.008219433980894333,0,D1_00615,,O4_homoglyph,0.1
D1_00615__O4_homoglyph_20,G_00614,other,E3_obfuscated,0,0.003853713204745491,0,D1_00615,,O4_homoglyph,0.2
D1_00615__O4_homoglyph_30,G_00614,other,E3_obfuscated,0,0.003626375862860461,0,D1_00615,,O4_homoglyph,0.3
D1_00615__O6_random_case_10,G_00614,other,E3_obfuscated,0,0.003926087633000953,0,D1_00615,,O6_random_case,0.1
D1_00615__O6_random_case_20,G_00614,other,E3_obfuscated,0,0.003926087633000953,0,D1_00615,,O6_random_case,0.2
D1_00615__O6_random_case_30,G_00614,other,E3_obfuscated,0,0.003926087633000953,0,D1_00615,,O6_random_case,0.3
D1_00615__O7_typo_10,G_00614,other,E3_obfuscated,0,0.004023042228278626,0,D1_00615,,O7_typo,0.1
D1_00615__O7_typo_20,G_00614,other,E3_obfuscated,0,0.004023042228278626,0,D1_00615,,O7_typo,0.2
D1_00615__O7_typo_30,G_00614,other,E3_obfuscated,0,0.012702544410664806,0,D1_00615,,O7_typo,0.3
D1_00615__O5_base64_100,G_00614,other,E3_obfuscated,0,0.8894551694142909,1,D1_00615,,O5_base64,1.0
D1_00619__O1_leetspeak_10,G_00618,other,E3_obfuscated,0,0.48852103959125837,0,D1_00619,,O1_leetspeak,0.1
D1_00619__O1_leetspeak_20,G_00618,other,E3_obfuscated,0,0.07881785261618539,0,D1_00619,,O1_leetspeak,0.2
D1_00619__O1_leetspeak_30,G_00618,other,E3_obfuscated,0,0.38097315555555267,0,D1_00619,,O1_leetspeak,0.3
D1_00619__O2_char_spacing_10,G_00618,other,E3_obfuscated,0,0.5453063442220447,0,D1_00619,,O2_char_spacing,0.1
D1_00619__O2_char_spacing_20,G_00618,other,E3_obfuscated,0,0.5213131164657521,0,D1_00619,,O2_char_spacing,0.2
D1_00619__O2_char_spacing_30,G_00618,other,E3_obfuscated,0,0.3189744116458912,0,D1_00619,,O2_char_spacing,0.3
D1_00619__O3_zero_width_10,G_00618,other,E3_obfuscated,0,0.6717435661638296,0,D1_00619,,O3_zero_width,0.1
D1_00619__O3_zero_width_20,G_00618,other,E3_obfuscated,0,0.11376939565974238,0,D1_00619,,O3_zero_width,0.2
D1_00619__O3_zero_width_30,G_00618,other,E3_obfuscated,0,0.33023578404270293,0,D1_00619,,O3_zero_width,0.3
D1_00619__O4_homoglyph_10,G_00618,other,E3_obfuscated,0,0.6357973416745282,0,D1_00619,,O4_homoglyph,0.1
D1_00619__O4_homoglyph_20,G_00618,other,E3_obfuscated,0,0.6684722844494169,0,D1_00619,,O4_homoglyph,0.2
D1_00619__O4_homoglyph_30,G_00618,other,E3_obfuscated,0,0.47564917555756825,0,D1_00619,,O4_homoglyph,0.3
D1_00619__O6_random_case_10,G_00618,other,E3_obfuscated,0,0.6277807458753792,0,D1_00619,,O6_random_case,0.1
D1_00619__O6_random_case_20,G_00618,other,E3_obfuscated,0,0.6277807458753792,0,D1_00619,,O6_random_case,0.2
D1_00619__O6_random_case_30,G_00618,other,E3_obfuscated,0,0.6277807458753792,0,D1_00619,,O6_random_case,0.3
D1_00619__O7_typo_10,G_00618,other,E3_obfuscated,0,0.46648199054686496,0,D1_00619,,O7_typo,0.1
D1_00619__O7_typo_20,G_00618,other,E3_obfuscated,0,0.46504536953958,0,D1_00619,,O7_typo,0.2
D1_00619__O7_typo_30,G_00618,other,E3_obfuscated,0,0.6670480715910018,0,D1_00619,,O7_typo,0.3
D1_00619__O5_base64_100,G_00618,other,E3_obfuscated,0,0.8736182911318274,1,D1_00619,,O5_base64,1.0
D1_00620__O1_leetspeak_10,G_00619,other,E3_obfuscated,0,0.012564950997104815,0,D1_00620,,O1_leetspeak,0.1
D1_00620__O1_leetspeak_20,G_00619,other,E3_obfuscated,0,0.06568318588774913,0,D1_00620,,O1_leetspeak,0.2
D1_00620__O1_leetspeak_30,G_00619,other,E3_obfuscated,0,0.08443416311352231,0,D1_00620,,O1_leetspeak,0.3
D1_00620__O2_char_spacing_10,G_00619,other,E3_obfuscated,0,0.029666852164045517,0,D1_00620,,O2_char_spacing,0.1
D1_00620__O2_char_spacing_20,G_00619,other,E3_obfuscated,0,0.10232293838601833,0,D1_00620,,O2_char_spacing,0.2
D1_00620__O2_char_spacing_30,G_00619,other,E3_obfuscated,0,0.03835836338753146,0,D1_00620,,O2_char_spacing,0.3
D1_00620__O3_zero_width_10,G_00619,other,E3_obfuscated,0,0.019205466687609786,0,D1_00620,,O3_zero_width,0.1
D1_00620__O3_zero_width_20,G_00619,other,E3_obfuscated,0,0.014666787773015366,0,D1_00620,,O3_zero_width,0.2
D1_00620__O3_zero_width_30,G_00619,other,E3_obfuscated,0,0.2340473086649591,0,D1_00620,,O3_zero_width,0.3
D1_00620__O4_homoglyph_10,G_00619,other,E3_obfuscated,0,0.016328604995362612,0,D1_00620,,O4_homoglyph,0.1
D1_00620__O4_homoglyph_20,G_00619,other,E3_obfuscated,0,0.011928797355257467,0,D1_00620,,O4_homoglyph,0.2
D1_00620__O4_homoglyph_30,G_00619,other,E3_obfuscated,0,0.06301370033408898,0,D1_00620,,O4_homoglyph,0.3
D1_00620__O6_random_case_10,G_00619,other,E3_obfuscated,0,0.016825268537525327,0,D1_00620,,O6_random_case,0.1
D1_00620__O6_random_case_20,G_00619,other,E3_obfuscated,0,0.016825268537525327,0,D1_00620,,O6_random_case,0.2
D1_00620__O6_random_case_30,G_00619,other,E3_obfuscated,0,0.016825268537525327,0,D1_00620,,O6_random_case,0.3
D1_00620__O7_typo_10,G_00619,other,E3_obfuscated,0,0.01188195253372574,0,D1_00620,,O7_typo,0.1
D1_00620__O7_typo_20,G_00619,other,E3_obfuscated,0,0.026620807586978035,0,D1_00620,,O7_typo,0.2
D1_00620__O7_typo_30,G_00619,other,E3_obfuscated,0,0.021806709333383356,0,D1_00620,,O7_typo,0.3
D1_00620__O5_base64_100,G_00619,other,E3_obfuscated,0,0.8267509153359535,1,D1_00620,,O5_base64,1.0
D1_00629__O1_leetspeak_10,G_00628,en,E3_obfuscated,0,0.8672098704402627,1,D1_00629,,O1_leetspeak,0.1
D1_00629__O1_leetspeak_20,G_00628,en,E3_obfuscated,0,0.7828223007106946,1,D1_00629,,O1_leetspeak,0.2
D1_00629__O1_leetspeak_30,G_00628,en,E3_obfuscated,0,0.5470462683847179,0,D1_00629,,O1_leetspeak,0.3
D1_00629__O2_char_spacing_10,G_00628,en,E3_obfuscated,0,0.874329405827279,1,D1_00629,,O2_char_spacing,0.1
D1_00629__O2_char_spacing_20,G_00628,en,E3_obfuscated,0,0.9056168538375242,1,D1_00629,,O2_char_spacing,0.2
D1_00629__O2_char_spacing_30,G_00628,en,E3_obfuscated,0,0.9523604888271227,1,D1_00629,,O2_char_spacing,0.3
D1_00629__O3_zero_width_10,G_00628,en,E3_obfuscated,0,0.6845521782013623,0,D1_00629,,O3_zero_width,0.1
D1_00629__O3_zero_width_20,G_00628,en,E3_obfuscated,0,0.44921468590287106,0,D1_00629,,O3_zero_width,0.2
D1_00629__O3_zero_width_30,G_00628,en,E3_obfuscated,0,0.8642125837901764,1,D1_00629,,O3_zero_width,0.3
D1_00629__O4_homoglyph_10,G_00628,en,E3_obfuscated,0,0.8848582536458063,1,D1_00629,,O4_homoglyph,0.1
D1_00629__O4_homoglyph_20,G_00628,en,E3_obfuscated,0,0.698201694911178,0,D1_00629,,O4_homoglyph,0.2
D1_00629__O4_homoglyph_30,G_00628,en,E3_obfuscated,0,0.7559352718259916,1,D1_00629,,O4_homoglyph,0.3
D1_00629__O6_random_case_10,G_00628,en,E3_obfuscated,0,0.8928267395355309,1,D1_00629,,O6_random_case,0.1
D1_00629__O6_random_case_20,G_00628,en,E3_obfuscated,0,0.8928267395355309,1,D1_00629,,O6_random_case,0.2
D1_00629__O6_random_case_30,G_00628,en,E3_obfuscated,0,0.8928267395355309,1,D1_00629,,O6_random_case,0.3
D1_00629__O7_typo_10,G_00628,en,E3_obfuscated,0,0.8902754721671243,1,D1_00629,,O7_typo,0.1
D1_00629__O7_typo_20,G_00628,en,E3_obfuscated,0,0.8439061642245129,1,D1_00629,,O7_typo,0.2
D1_00629__O7_typo_30,G_00628,en,E3_obfuscated,0,0.9221032609553571,1,D1_00629,,O7_typo,0.3
D1_00629__O5_base64_100,G_00628,en,E3_obfuscated,0,0.8839139595545557,1,D1_00629,,O5_base64,1.0
D1_00630__O1_leetspeak_10,G_00629,other,E3_obfuscated,1,0.6537191034097916,0,D1_00630,,O1_leetspeak,0.1
D1_00630__O1_leetspeak_20,G_00629,other,E3_obfuscated,1,0.4569665600074816,0,D1_00630,,O1_leetspeak,0.2
D1_00630__O1_leetspeak_30,G_00629,other,E3_obfuscated,1,0.2596626994158009,0,D1_00630,,O1_leetspeak,0.3
D1_00630__O2_char_spacing_10,G_00629,other,E3_obfuscated,1,0.9566012394338402,1,D1_00630,,O2_char_spacing,0.1
D1_00630__O2_char_spacing_20,G_00629,other,E3_obfuscated,1,0.9416003712542601,1,D1_00630,,O2_char_spacing,0.2
D1_00630__O2_char_spacing_30,G_00629,other,E3_obfuscated,1,0.9252500401862352,1,D1_00630,,O2_char_spacing,0.3
D1_00630__O3_zero_width_10,G_00629,other,E3_obfuscated,1,0.9097777992210226,1,D1_00630,,O3_zero_width,0.1
D1_00630__O3_zero_width_20,G_00629,other,E3_obfuscated,1,0.6966473067559055,0,D1_00630,,O3_zero_width,0.2
D1_00630__O3_zero_width_30,G_00629,other,E3_obfuscated,1,0.9162411497368037,1,D1_00630,,O3_zero_width,0.3
D1_00630__O4_homoglyph_10,G_00629,other,E3_obfuscated,1,0.9030183583660144,1,D1_00630,,O4_homoglyph,0.1
D1_00630__O4_homoglyph_20,G_00629,other,E3_obfuscated,1,0.7875194472742328,1,D1_00630,,O4_homoglyph,0.2
D1_00630__O4_homoglyph_30,G_00629,other,E3_obfuscated,1,0.5227080018232004,0,D1_00630,,O4_homoglyph,0.3
D1_00630__O6_random_case_10,G_00629,other,E3_obfuscated,1,0.9148843993244549,1,D1_00630,,O6_random_case,0.1
D1_00630__O6_random_case_20,G_00629,other,E3_obfuscated,1,0.9148843993244549,1,D1_00630,,O6_random_case,0.2
D1_00630__O6_random_case_30,G_00629,other,E3_obfuscated,1,0.9148843993244549,1,D1_00630,,O6_random_case,0.3
D1_00630__O7_typo_10,G_00629,other,E3_obfuscated,1,0.9108324468027924,1,D1_00630,,O7_typo,0.1
D1_00630__O7_typo_20,G_00629,other,E3_obfuscated,1,0.9016262158002879,1,D1_00630,,O7_typo,0.2
D1_00630__O7_typo_30,G_00629,other,E3_obfuscated,1,0.8320347540980075,1,D1_00630,,O7_typo,0.3
D1_00630__O5_base64_100,G_00629,other,E3_obfuscated,1,0.8751539533927691,1,D1_00630,,O5_base64,1.0
D1_00633__O1_leetspeak_10,G_00632,en,E3_obfuscated,1,0.9682862405650149,1,D1_00633,,O1_leetspeak,0.1
D1_00633__O1_leetspeak_20,G_00632,en,E3_obfuscated,1,0.9465437266515867,1,D1_00633,,O1_leetspeak,0.2
D1_00633__O1_leetspeak_30,G_00632,en,E3_obfuscated,1,0.9292232993059689,1,D1_00633,,O1_leetspeak,0.3
D1_00633__O2_char_spacing_10,G_00632,en,E3_obfuscated,1,0.9918635981739653,1,D1_00633,,O2_char_spacing,0.1
D1_00633__O2_char_spacing_20,G_00632,en,E3_obfuscated,1,0.9887543987552478,1,D1_00633,,O2_char_spacing,0.2
D1_00633__O2_char_spacing_30,G_00632,en,E3_obfuscated,1,0.9951519193046144,1,D1_00633,,O2_char_spacing,0.3
D1_00633__O3_zero_width_10,G_00632,en,E3_obfuscated,1,0.9264624310062562,1,D1_00633,,O3_zero_width,0.1
D1_00633__O3_zero_width_20,G_00632,en,E3_obfuscated,1,0.8776274974243757,1,D1_00633,,O3_zero_width,0.2
D1_00633__O3_zero_width_30,G_00632,en,E3_obfuscated,1,0.7725160702247212,1,D1_00633,,O3_zero_width,0.3
D1_00633__O4_homoglyph_10,G_00632,en,E3_obfuscated,1,0.9606290747403361,1,D1_00633,,O4_homoglyph,0.1
D1_00633__O4_homoglyph_20,G_00632,en,E3_obfuscated,1,0.7480698547925596,1,D1_00633,,O4_homoglyph,0.2
D1_00633__O4_homoglyph_30,G_00632,en,E3_obfuscated,1,0.4657919204965837,0,D1_00633,,O4_homoglyph,0.3
D1_00633__O6_random_case_10,G_00632,en,E3_obfuscated,1,0.9816199139289482,1,D1_00633,,O6_random_case,0.1
D1_00633__O6_random_case_20,G_00632,en,E3_obfuscated,1,0.9816199139289482,1,D1_00633,,O6_random_case,0.2
D1_00633__O6_random_case_30,G_00632,en,E3_obfuscated,1,0.9816199139289482,1,D1_00633,,O6_random_case,0.3
D1_00633__O7_typo_10,G_00632,en,E3_obfuscated,1,0.9816199139289482,1,D1_00633,,O7_typo,0.1
D1_00633__O7_typo_20,G_00632,en,E3_obfuscated,1,0.9856638434088763,1,D1_00633,,O7_typo,0.2
D1_00633__O7_typo_30,G_00632,en,E3_obfuscated,1,0.9505249966462331,1,D1_00633,,O7_typo,0.3
D1_00633__O5_base64_100,G_00632,en,E3_obfuscated,1,0.8596549791218885,1,D1_00633,,O5_base64,1.0
D1_00636__O1_leetspeak_10,G_00635,en,E3_obfuscated,1,0.9717876410709323,1,D1_00636,,O1_leetspeak,0.1
D1_00636__O1_leetspeak_20,G_00635,en,E3_obfuscated,1,0.9691986718275931,1,D1_00636,,O1_leetspeak,0.2
D1_00636__O1_leetspeak_30,G_00635,en,E3_obfuscated,1,0.9544172343588406,1,D1_00636,,O1_leetspeak,0.3
D1_00636__O2_char_spacing_10,G_00635,en,E3_obfuscated,1,0.9955417753842595,1,D1_00636,,O2_char_spacing,0.1
D1_00636__O2_char_spacing_20,G_00635,en,E3_obfuscated,1,0.9929647543879534,1,D1_00636,,O2_char_spacing,0.2
D1_00636__O2_char_spacing_30,G_00635,en,E3_obfuscated,1,0.9929647543879534,1,D1_00636,,O2_char_spacing,0.3
D1_00636__O3_zero_width_10,G_00635,en,E3_obfuscated,1,0.9804626910605945,1,D1_00636,,O3_zero_width,0.1
D1_00636__O3_zero_width_20,G_00635,en,E3_obfuscated,1,0.9442434009867801,1,D1_00636,,O3_zero_width,0.2
D1_00636__O3_zero_width_30,G_00635,en,E3_obfuscated,1,0.8912384023537835,1,D1_00636,,O3_zero_width,0.3
D1_00636__O4_homoglyph_10,G_00635,en,E3_obfuscated,1,0.9839930185248612,1,D1_00636,,O4_homoglyph,0.1
D1_00636__O4_homoglyph_20,G_00635,en,E3_obfuscated,1,0.8344167906822089,1,D1_00636,,O4_homoglyph,0.2
D1_00636__O4_homoglyph_30,G_00635,en,E3_obfuscated,1,0.9506393206893394,1,D1_00636,,O4_homoglyph,0.3
D1_00636__O6_random_case_10,G_00635,en,E3_obfuscated,1,0.9908866839582584,1,D1_00636,,O6_random_case,0.1
D1_00636__O6_random_case_20,G_00635,en,E3_obfuscated,1,0.9908866839582584,1,D1_00636,,O6_random_case,0.2
D1_00636__O6_random_case_30,G_00635,en,E3_obfuscated,1,0.9908866839582584,1,D1_00636,,O6_random_case,0.3
D1_00636__O7_typo_10,G_00635,en,E3_obfuscated,1,0.9905385776704062,1,D1_00636,,O7_typo,0.1
D1_00636__O7_typo_20,G_00635,en,E3_obfuscated,1,0.988295996334846,1,D1_00636,,O7_typo,0.2
D1_00636__O7_typo_30,G_00635,en,E3_obfuscated,1,0.9706127711044956,1,D1_00636,,O7_typo,0.3
D1_00636__O5_base64_100,G_00635,en,E3_obfuscated,1,0.8660827077595156,1,D1_00636,,O5_base64,1.0
D1_00649__O1_leetspeak_10,G_00648,en,E3_obfuscated,1,0.6408720982494035,0,D1_00649,,O1_leetspeak,0.1
D1_00649__O1_leetspeak_20,G_00648,en,E3_obfuscated,1,0.5479051173859101,0,D1_00649,,O1_leetspeak,0.2
D1_00649__O1_leetspeak_30,G_00648,en,E3_obfuscated,1,0.027992588149201775,0,D1_00649,,O1_leetspeak,0.3
D1_00649__O2_char_spacing_10,G_00648,en,E3_obfuscated,1,0.311445004530466,0,D1_00649,,O2_char_spacing,0.1
D1_00649__O2_char_spacing_20,G_00648,en,E3_obfuscated,1,0.27125721280736753,0,D1_00649,,O2_char_spacing,0.2
D1_00649__O2_char_spacing_30,G_00648,en,E3_obfuscated,1,0.46051800858929043,0,D1_00649,,O2_char_spacing,0.3
D1_00649__O3_zero_width_10,G_00648,en,E3_obfuscated,1,0.4719205617138971,0,D1_00649,,O3_zero_width,0.1
D1_00649__O3_zero_width_20,G_00648,en,E3_obfuscated,1,0.614288810840511,0,D1_00649,,O3_zero_width,0.2
D1_00649__O3_zero_width_30,G_00648,en,E3_obfuscated,1,0.7280414204907681,1,D1_00649,,O3_zero_width,0.3
D1_00649__O4_homoglyph_10,G_00648,en,E3_obfuscated,1,0.23273894646277432,0,D1_00649,,O4_homoglyph,0.1
D1_00649__O4_homoglyph_20,G_00648,en,E3_obfuscated,1,0.25743011118755493,0,D1_00649,,O4_homoglyph,0.2
D1_00649__O4_homoglyph_30,G_00648,en,E3_obfuscated,1,0.10646005696790879,0,D1_00649,,O4_homoglyph,0.3
D1_00649__O6_random_case_10,G_00648,en,E3_obfuscated,1,0.21732081588047197,0,D1_00649,,O6_random_case,0.1
D1_00649__O6_random_case_20,G_00648,en,E3_obfuscated,1,0.21732081588047197,0,D1_00649,,O6_random_case,0.2
D1_00649__O6_random_case_30,G_00648,en,E3_obfuscated,1,0.21732081588047197,0,D1_00649,,O6_random_case,0.3
D1_00649__O7_typo_10,G_00648,en,E3_obfuscated,1,0.2441100651375381,0,D1_00649,,O7_typo,0.1
D1_00649__O7_typo_20,G_00648,en,E3_obfuscated,1,0.3072002865781689,0,D1_00649,,O7_typo,0.2
D1_00649__O7_typo_30,G_00648,en,E3_obfuscated,1,0.2959374545433102,0,D1_00649,,O7_typo,0.3
D1_00649__O5_base64_100,G_00648,en,E3_obfuscated,1,0.8717291151777257,1,D1_00649,,O5_base64,1.0
D1_00658__O1_leetspeak_10,G_00657,en,E3_obfuscated,1,0.28699815528943257,0,D1_00658,,O1_leetspeak,0.1
D1_00658__O1_leetspeak_20,G_00657,en,E3_obfuscated,1,0.5239077329630565,0,D1_00658,,O1_leetspeak,0.2
D1_00658__O1_leetspeak_30,G_00657,en,E3_obfuscated,1,0.08197789900257496,0,D1_00658,,O1_leetspeak,0.3
D1_00658__O2_char_spacing_10,G_00657,en,E3_obfuscated,1,0.3965052024946109,0,D1_00658,,O2_char_spacing,0.1
D1_00658__O2_char_spacing_20,G_00657,en,E3_obfuscated,1,0.8284841908420187,1,D1_00658,,O2_char_spacing,0.2
D1_00658__O2_char_spacing_30,G_00657,en,E3_obfuscated,1,0.748283776726547,1,D1_00658,,O2_char_spacing,0.3
D1_00658__O3_zero_width_10,G_00657,en,E3_obfuscated,1,0.34138933796513393,0,D1_00658,,O3_zero_width,0.1
D1_00658__O3_zero_width_20,G_00657,en,E3_obfuscated,1,0.05394172861625396,0,D1_00658,,O3_zero_width,0.2
D1_00658__O3_zero_width_30,G_00657,en,E3_obfuscated,1,0.3209897781768461,0,D1_00658,,O3_zero_width,0.3
D1_00658__O4_homoglyph_10,G_00657,en,E3_obfuscated,1,0.41851973218405675,0,D1_00658,,O4_homoglyph,0.1
D1_00658__O4_homoglyph_20,G_00657,en,E3_obfuscated,1,0.3953817969318276,0,D1_00658,,O4_homoglyph,0.2
D1_00658__O4_homoglyph_30,G_00657,en,E3_obfuscated,1,0.9047227615085914,1,D1_00658,,O4_homoglyph,0.3
D1_00658__O6_random_case_10,G_00657,en,E3_obfuscated,1,0.2651061805703794,0,D1_00658,,O6_random_case,0.1
D1_00658__O6_random_case_20,G_00657,en,E3_obfuscated,1,0.2651061805703794,0,D1_00658,,O6_random_case,0.2
D1_00658__O6_random_case_30,G_00657,en,E3_obfuscated,1,0.2651061805703794,0,D1_00658,,O6_random_case,0.3
D1_00658__O7_typo_10,G_00657,en,E3_obfuscated,1,0.2895143952064658,0,D1_00658,,O7_typo,0.1
D1_00658__O7_typo_20,G_00657,en,E3_obfuscated,1,0.29480698220029994,0,D1_00658,,O7_typo,0.2
D1_00658__O7_typo_30,G_00657,en,E3_obfuscated,1,0.1220542707680857,0,D1_00658,,O7_typo,0.3
D1_00658__O5_base64_100,G_00657,en,E3_obfuscated,1,0.8338193629567858,1,D1_00658,,O5_base64,1.0
D1_00659__O1_leetspeak_10,G_00658,en,E3_obfuscated,1,0.3284088132385856,0,D1_00659,,O1_leetspeak,0.1
D1_00659__O1_leetspeak_20,G_00658,en,E3_obfuscated,1,0.11194762810132826,0,D1_00659,,O1_leetspeak,0.2
D1_00659__O1_leetspeak_30,G_00658,en,E3_obfuscated,1,0.437065968122434,0,D1_00659,,O1_leetspeak,0.3
D1_00659__O2_char_spacing_10,G_00658,en,E3_obfuscated,1,0.23303312805903786,0,D1_00659,,O2_char_spacing,0.1
D1_00659__O2_char_spacing_20,G_00658,en,E3_obfuscated,1,0.41660602987447226,0,D1_00659,,O2_char_spacing,0.2
D1_00659__O2_char_spacing_30,G_00658,en,E3_obfuscated,1,0.5012477497346847,0,D1_00659,,O2_char_spacing,0.3
D1_00659__O3_zero_width_10,G_00658,en,E3_obfuscated,1,0.27113735779667764,0,D1_00659,,O3_zero_width,0.1
D1_00659__O3_zero_width_20,G_00658,en,E3_obfuscated,1,0.598631468124344,0,D1_00659,,O3_zero_width,0.2
D1_00659__O3_zero_width_30,G_00658,en,E3_obfuscated,1,0.7230258510543541,1,D1_00659,,O3_zero_width,0.3
D1_00659__O4_homoglyph_10,G_00658,en,E3_obfuscated,1,0.19826499428003388,0,D1_00659,,O4_homoglyph,0.1
D1_00659__O4_homoglyph_20,G_00658,en,E3_obfuscated,1,0.10503105087826929,0,D1_00659,,O4_homoglyph,0.2
D1_00659__O4_homoglyph_30,G_00658,en,E3_obfuscated,1,0.16326859097071858,0,D1_00659,,O4_homoglyph,0.3
D1_00659__O6_random_case_10,G_00658,en,E3_obfuscated,1,0.20963971553897812,0,D1_00659,,O6_random_case,0.1
D1_00659__O6_random_case_20,G_00658,en,E3_obfuscated,1,0.20963971553897812,0,D1_00659,,O6_random_case,0.2
D1_00659__O6_random_case_30,G_00658,en,E3_obfuscated,1,0.20963971553897812,0,D1_00659,,O6_random_case,0.3
D1_00659__O7_typo_10,G_00658,en,E3_obfuscated,1,0.34343739315932675,0,D1_00659,,O7_typo,0.1
D1_00659__O7_typo_20,G_00658,en,E3_obfuscated,1,0.30659973606429003,0,D1_00659,,O7_typo,0.2
D1_00659__O7_typo_30,G_00658,en,E3_obfuscated,1,0.23464026548121997,0,D1_00659,,O7_typo,0.3
D1_00659__O5_base64_100,G_00658,en,E3_obfuscated,1,0.8665475229143785,1,D1_00659,,O5_base64,1.0
BNEN_0001,BNEN_G001,en,E4_codemix,1,0.998331736173174,1,,,,
BNEN_0002,BNEN_G001,bn,E4_codemix,1,0.03537943141942641,0,,,,
BNEN_0003,BNEN_G001,bn-en,E4_codemix,1,0.908276610157848,1,,,,
BNEN_0004,BNEN_G002,en,E4_codemix,1,0.9999704805957108,1,,,,
BNEN_0005,BNEN_G002,bn,E4_codemix,1,0.03537943141942641,0,,,,
BNEN_0006,BNEN_G002,bn-en,E4_codemix,1,0.9965303738837767,1,,,,
BNEN_0007,BNEN_G003,en,E4_codemix,1,0.8021566335967036,1,,,,
BNEN_0008,BNEN_G003,bn,E4_codemix,1,0.03537943141942641,0,,,,
BNEN_0009,BNEN_G003,bn-en,E4_codemix,1,0.025078153972255858,0,,,,
BNEN_0010,BNEN_G004,en,E4_codemix,1,0.9728953368056543,1,,,,
BNEN_0011,BNEN_G004,bn,E4_codemix,1,0.03537943141942641,0,,,,
BNEN_0012,BNEN_G004,bn-en,E4_codemix,1,0.5467711813322467,0,,,,
BNEN_0013,BNEN_G005,en,E4_codemix,1,0.998481966044509,1,,,,
BNEN_0014,BNEN_G005,bn,E4_codemix,1,0.03537943141942641,0,,,,
BNEN_0015,BNEN_G005,bn-en,E4_codemix,1,0.8751625891345798,1,,,,
BNEN_0016,BNEN_G006,en,E4_codemix,1,0.987193194036306,1,,,,
BNEN_0017,BNEN_G006,bn,E4_codemix,1,0.03537943141942641,0,,,,
BNEN_0018,BNEN_G006,bn-en,E4_codemix,1,0.0785620809668474,0,,,,
BNEN_0019,BNEN_G007,en,E4_codemix,1,0.9995507667513126,1,,,,
BNEN_0020,BNEN_G007,bn,E4_codemix,1,0.03537943141942641,0,,,,
BNEN_0021,BNEN_G007,bn-en,E4_codemix,1,0.9391597162911955,1,,,,
BNEN_0022,BNEN_G008,en,E4_codemix,1,0.9985937853932907,1,,,,
BNEN_0023,BNEN_G008,bn,E4_codemix,1,0.03537943141942641,0,,,,
BNEN_0024,BNEN_G008,bn-en,E4_codemix,1,0.9840980110685903,1,,,,
BNEN_0025,BNEN_G009,en,E4_codemix,1,0.8818825189237196,1,,,,
BNEN_0026,BNEN_G009,bn,E4_codemix,1,0.03537943141942641,0,,,,
BNEN_0027,BNEN_G009,bn-en,E4_codemix,1,0.7950091343502219,1,,,,
BNEN_0028,BNEN_G010,en,E4_codemix,1,0.9971514711608443,1,,,,
BNEN_0029,BNEN_G010,bn,E4_codemix,1,0.03537943141942641,0,,,,
BNEN_0030,BNEN_G010,bn-en,E4_codemix,1,0.7830478718124636,1,,,,
BNEN_0031,BNEN_G011,en,E4_codemix,1,0.9987328254972431,1,,,,
BNEN_0032,BNEN_G011,bn,E4_codemix,1,0.03537943141942641,0,,,,
BNEN_0033,BNEN_G011,bn-en,E4_codemix,1,0.24569524842432372,0,,,,
BNEN_0034,BNEN_G012,en,E4_codemix,1,0.9985963799592574,1,,,,
BNEN_0035,BNEN_G012,bn,E4_codemix,1,0.03537943141942641,0,,,,
BNEN_0036,BNEN_G012,bn-en,E4_codemix,1,0.7307269890030298,1,,,,
BNEN_0037,BNEN_G013,en,E4_codemix,1,0.7644332730049207,1,,,,
BNEN_0038,BNEN_G013,bn,E4_codemix,1,0.03537943141942641,0,,,,
BNEN_0039,BNEN_G013,bn-en,E4_codemix,1,0.7662547775080081,1,,,,
BNEN_0040,BNEN_G014,en,E4_codemix,1,0.9999115798885844,1,,,,
BNEN_0041,BNEN_G014,bn,E4_codemix,1,0.03537943141942641,0,,,,
BNEN_0042,BNEN_G014,bn-en,E4_codemix,1,0.9717151575004928,1,,,,
BNEN_0043,BNEN_G015,en,E4_codemix,1,0.9713139569374374,1,,,,
BNEN_0044,BNEN_G015,bn,E4_codemix,1,0.03537943141942641,0,,,,
BNEN_0045,BNEN_G015,bn-en,E4_codemix,1,0.06667270670385816,0,,,,
BNEN_0046,BNEN_G016,en,E4_codemix,1,0.9694442400998207,1,,,,
BNEN_0047,BNEN_G016,bn,E4_codemix,1,0.03537943141942641,0,,,,
BNEN_0048,BNEN_G016,bn-en,E4_codemix,1,0.7515499794451466,1,,,,
BNEN_0049,BNEN_G017,en,E4_codemix,1,0.9833794648164949,1,,,,
BNEN_0050,BNEN_G017,bn,E4_codemix,1,0.03537943141942641,0,,,,
BNEN_0051,BNEN_G017,bn-en,E4_codemix,1,0.39041341485922426,0,,,,
BNEN_0052,BNEN_G018,en,E4_codemix,1,0.8048886188184894,1,,,,
BNEN_0053,BNEN_G018,bn,E4_codemix,1,0.03537943141942641,0,,,,
BNEN_0054,BNEN_G018,bn-en,E4_codemix,1,0.12178810263091419,0,,,,
BNEN_0055,BNEN_G019,en,E4_codemix,1,0.9995315137943283,1,,,,
BNEN_0056,BNEN_G019,bn,E4_codemix,1,0.03537943141942641,0,,,,
BNEN_0057,BNEN_G019,bn-en,E4_codemix,1,0.0832866928082321,0,,,,
BNEN_0058,BNEN_G020,en,E4_codemix,1,0.9859227893008843,1,,,,
BNEN_0059,BNEN_G020,bn,E4_codemix,1,0.03537943141942641,0,,,,
BNEN_0060,BNEN_G020,bn-en,E4_codemix,1,0.22242368308828286,0,,,,
BNEN_0061,BNEN_G021,en,E4_codemix,1,0.6171152672023434,0,,,,
BNEN_0062,BNEN_G021,bn,E4_codemix,1,0.03537943141942641,0,,,,
BNEN_0063,BNEN_G021,bn-en,E4_codemix,1,0.20437592798135404,0,,,,
BNEN_0064,BNEN_G022,en,E4_codemix,1,0.9998733446656454,1,,,,
BNEN_0065,BNEN_G022,bn,E4_codemix,1,0.03537943141942641,0,,,,
BNEN_0066,BNEN_G022,bn-en,E4_codemix,1,0.956268706673079,1,,,,
BNEN_0067,BNEN_G023,en,E4_codemix,1,0.99290118405463,1,,,,
BNEN_0068,BNEN_G023,bn,E4_codemix,1,0.03537943141942641,0,,,,
BNEN_0069,BNEN_G023,bn-en,E4_codemix,1,0.31478084455502614,0,,,,
BNEN_0070,BNEN_G024,en,E4_codemix,1,0.9734641736484995,1,,,,
BNEN_0071,BNEN_G024,bn,E4_codemix,1,0.03537943141942641,0,,,,
BNEN_0072,BNEN_G024,bn-en,E4_codemix,1,0.9848113610372539,1,,,,
BNEN_0073,BNEN_G025,en,E4_codemix,1,0.26867413552336594,0,,,,
BNEN_0074,BNEN_G025,bn,E4_codemix,1,0.03537943141942641,0,,,,
BNEN_0075,BNEN_G025,bn-en,E4_codemix,1,0.030465901630306172,0,,,,
BNEN_0076,BNEN_G026,en,E4_codemix,1,0.9806461986600536,1,,,,
BNEN_0077,BNEN_G026,bn,E4_codemix,1,0.03537943141942641,0,,,,
BNEN_0078,BNEN_G026,bn-en,E4_codemix,1,0.24310258726735587,0,,,,
BNEN_0079,BNEN_G027,en,E4_codemix,1,0.9486813744174062,1,,,,
BNEN_0080,BNEN_G027,bn,E4_codemix,1,0.03537943141942641,0,,,,
BNEN_0081,BNEN_G027,bn-en,E4_codemix,1,0.21606100845610682,0,,,,
BNEN_0082,BNEN_G028,en,E4_codemix,1,0.9920010607620464,1,,,,
BNEN_0083,BNEN_G028,bn,E4_codemix,1,0.03537943141942641,0,,,,
BNEN_0084,BNEN_G028,bn-en,E4_codemix,1,0.14854424474732297,0,,,,
BNEN_0085,BNEN_G029,en,E4_codemix,1,0.9924705622957826,1,,,,
BNEN_0086,BNEN_G029,bn,E4_codemix,1,0.03537943141942641,0,,,,
BNEN_0087,BNEN_G029,bn-en,E4_codemix,1,0.9334928727793599,1,,,,
BNEN_0088,BNEN_G030,en,E4_codemix,1,0.8266792097618594,1,,,,
BNEN_0089,BNEN_G030,bn,E4_codemix,1,0.03537943141942641,0,,,,
BNEN_0090,BNEN_G030,bn-en,E4_codemix,1,0.4731472406439394,0,,,,
BNEN_0091,BNEN_G031,en,E4_codemix,1,0.9994448915113973,1,,,,
BNEN_0092,BNEN_G031,bn,E4_codemix,1,0.03537943141942641,0,,,,
BNEN_0093,BNEN_G031,bn-en,E4_codemix,1,0.9402180038050237,1,,,,
BNEN_0094,BNEN_G032,en,E4_codemix,1,0.8928081776191172,1,,,,
BNEN_0095,BNEN_G032,bn,E4_codemix,1,0.03537943141942641,0,,,,
BNEN_0096,BNEN_G032,bn-en,E4_codemix,1,0.09701965994690115,0,,,,
BNEN_0097,BNEN_G033,en,E4_codemix,1,0.8376861133942654,1,,,,
BNEN_0098,BNEN_G033,bn,E4_codemix,1,0.03537943141942641,0,,,,
BNEN_0099,BNEN_G033,bn-en,E4_codemix,1,0.4610257289101935,0,,,,
BNEN_0100,BNEN_G034,en,E4_codemix,1,0.8125388433121448,1,,,,
BNEN_0101,BNEN_G034,bn,E4_codemix,1,0.03537943141942641,0,,,,
BNEN_0102,BNEN_G034,bn-en,E4_codemix,1,0.8994430597582617,1,,,,
BNEN_0103,BNEN_G035,en,E4_codemix,1,0.9978045674785797,1,,,,
BNEN_0104,BNEN_G035,bn,E4_codemix,1,0.03537943141942641,0,,,,
BNEN_0105,BNEN_G035,bn-en,E4_codemix,1,0.7097533341148595,1,,,,
BNEN_0106,BNEN_G036,en,E4_codemix,1,0.9683093403287087,1,,,,
BNEN_0107,BNEN_G036,bn,E4_codemix,1,0.03537943141942641,0,,,,
BNEN_0108,BNEN_G036,bn-en,E4_codemix,1,0.5221686214937152,0,,,,
BNEN_0109,BNEN_G037,en,E4_codemix,1,0.9472316154530751,1,,,,
BNEN_0110,BNEN_G037,bn,E4_codemix,1,0.03537943141942641,0,,,,
BNEN_0111,BNEN_G037,bn-en,E4_codemix,1,0.3577364375073242,0,,,,
BNEN_0112,BNEN_G038,en,E4_codemix,1,0.9998399619858498,1,,,,
BNEN_0113,BNEN_G038,bn,E4_codemix,1,0.03537943141942641,0,,,,
BNEN_0114,BNEN_G038,bn-en,E4_codemix,1,0.8650027790923166,1,,,,
BNEN_0115,BNEN_G039,en,E4_codemix,1,0.9995844783104297,1,,,,
BNEN_0116,BNEN_G039,bn,E4_codemix,1,0.03537943141942641,0,,,,
BNEN_0117,BNEN_G039,bn-en,E4_codemix,1,0.8428663539037948,1,,,,
BNEN_0118,BNEN_G040,en,E4_codemix,1,0.866707574465436,1,,,,
BNEN_0119,BNEN_G040,bn,E4_codemix,1,0.03537943141942641,0,,,,
BNEN_0120,BNEN_G040,bn-en,E4_codemix,1,0.562175507517811,0,,,,
BNEN_0121,BNEN_G041,en,E4_codemix,1,0.8062540304537648,1,,,,
BNEN_0122,BNEN_G041,bn,E4_codemix,1,0.03537943141942641,0,,,,
BNEN_0123,BNEN_G041,bn-en,E4_codemix,1,0.10948946942281336,0,,,,
BNEN_0124,BNEN_G042,en,E4_codemix,1,0.8854981511642995,1,,,,
BNEN_0125,BNEN_G042,bn,E4_codemix,1,0.03537943141942641,0,,,,
BNEN_0126,BNEN_G042,bn-en,E4_codemix,1,0.35924478726894005,0,,,,
BNEN_0127,BNEN_G043,en,E4_codemix,1,0.9733710523303943,1,,,,
BNEN_0128,BNEN_G043,bn,E4_codemix,1,0.03537943141942641,0,,,,
BNEN_0129,BNEN_G043,bn-en,E4_codemix,1,0.6051922138015322,0,,,,
BNEN_0130,BNEN_G044,en,E4_codemix,1,0.9605362481594677,1,,,,
BNEN_0131,BNEN_G044,bn,E4_codemix,1,0.03537943141942641,0,,,,
BNEN_0132,BNEN_G044,bn-en,E4_codemix,1,0.21800373262953782,0,,,,
BNEN_0133,BNEN_G045,en,E4_codemix,1,0.8002766273638892,1,,,,
BNEN_0134,BNEN_G045,bn,E4_codemix,1,0.03537943141942641,0,,,,
BNEN_0135,BNEN_G045,bn-en,E4_codemix,1,0.7394908816229401,1,,,,
BNEN_0136,BNEN_G046,en,E4_codemix,1,0.566163018771874,0,,,,
BNEN_0137,BNEN_G046,bn,E4_codemix,1,0.03537943141942641,0,,,,
BNEN_0138,BNEN_G046,bn-en,E4_codemix,1,0.16221615329749167,0,,,,
BNEN_0139,BNEN_G047,en,E4_codemix,1,0.88265633967929,1,,,,
BNEN_0140,BNEN_G047,bn,E4_codemix,1,0.03537943141942641,0,,,,
BNEN_0141,BNEN_G047,bn-en,E4_codemix,1,0.23878543831260185,0,,,,
BNEN_0142,BNEN_G048,en,E4_codemix,1,0.9981047834639606,1,,,,
BNEN_0143,BNEN_G048,bn,E4_codemix,1,0.03537943141942641,0,,,,
BNEN_0144,BNEN_G048,bn-en,E4_codemix,1,0.6543817107025358,0,,,,
BNEN_0145,BNEN_G049,en,E4_codemix,1,0.9535696902298028,1,,,,
BNEN_0146,BNEN_G049,bn,E4_codemix,1,0.03537943141942641,0,,,,
BNEN_0147,BNEN_G049,bn-en,E4_codemix,1,0.05004388672202344,0,,,,
BNEN_0148,BNEN_G050,en,E4_codemix,1,0.9976889809023984,1,,,,
BNEN_0149,BNEN_G050,bn,E4_codemix,1,0.03537943141942641,0,,,,
BNEN_0150,BNEN_G050,bn-en,E4_codemix,1,0.6391531611270369,0,,,,
BNEN_0151,BNEN_G051,en,E4_codemix,1,0.9843638058011182,1,,,,
BNEN_0152,BNEN_G051,bn,E4_codemix,1,0.030186855272708337,0,,,,
BNEN_0153,BNEN_G051,bn-en,E4_codemix,1,0.7293245085270897,1,,,,
BNEN_0154,BNEN_G052,en,E4_codemix,1,0.09697755727099694,0,,,,
BNEN_0155,BNEN_G052,bn,E4_codemix,1,0.044495191751957146,0,,,,
BNEN_0156,BNEN_G052,bn-en,E4_codemix,1,0.11639102494017554,0,,,,
BNEN_0157,BNEN_G053,en,E4_codemix,1,0.8778302833191945,1,,,,
BNEN_0158,BNEN_G053,bn,E4_codemix,1,0.04946002446173425,0,,,,
BNEN_0159,BNEN_G053,bn-en,E4_codemix,1,0.8908826492928077,1,,,,
BNEN_0160,BNEN_G054,en,E4_codemix,1,0.35279541102773193,0,,,,
BNEN_0161,BNEN_G054,bn,E4_codemix,1,0.03537943141942641,0,,,,
BNEN_0162,BNEN_G054,bn-en,E4_codemix,1,0.12144878149668048,0,,,,
BNEN_0163,BNEN_G055,en,E4_codemix,1,0.9910093557252762,1,,,,
BNEN_0164,BNEN_G055,bn,E4_codemix,1,0.053569013038071045,0,,,,
BNEN_0165,BNEN_G055,bn-en,E4_codemix,1,0.7285377831582593,1,,,,
BNEN_0166,BNEN_G056,en,E4_codemix,1,0.9831101560525027,1,,,,
BNEN_0167,BNEN_G056,bn,E4_codemix,1,0.04665503029665913,0,,,,
BNEN_0168,BNEN_G056,bn-en,E4_codemix,1,0.3031356509969806,0,,,,
BNEN_0169,BNEN_G057,en,E4_codemix,1,0.7535624703073563,1,,,,
BNEN_0170,BNEN_G057,bn,E4_codemix,1,0.042468186494248245,0,,,,
BNEN_0171,BNEN_G057,bn-en,E4_codemix,1,0.8478695878691127,1,,,,
BNEN_0172,BNEN_G058,en,E4_codemix,1,0.12402757730277934,0,,,,
BNEN_0173,BNEN_G058,bn,E4_codemix,1,0.044095365969502615,0,,,,
BNEN_0174,BNEN_G058,bn-en,E4_codemix,1,0.19383726169368967,0,,,,
BNEN_0175,BNEN_G059,en,E4_codemix,1,0.9130705214079428,1,,,,
BNEN_0176,BNEN_G059,bn,E4_codemix,1,0.03537943141942641,0,,,,
BNEN_0177,BNEN_G059,bn-en,E4_codemix,1,0.7844850468287894,1,,,,
BNEN_0178,BNEN_G060,en,E4_codemix,1,0.20936172583645973,0,,,,
BNEN_0179,BNEN_G060,bn,E4_codemix,1,0.0969473952094774,0,,,,
BNEN_0180,BNEN_G060,bn-en,E4_codemix,1,0.09987549780599576,0,,,,
BNEN_0181,BNEN_G061,en,E4_codemix,1,0.9957044465430445,1,,,,
BNEN_0182,BNEN_G061,bn,E4_codemix,1,0.04761088436109797,0,,,,
BNEN_0183,BNEN_G061,bn-en,E4_codemix,1,0.7966472216230349,1,,,,
BNEN_0184,BNEN_G062,en,E4_codemix,1,0.7523726238450588,1,,,,
BNEN_0185,BNEN_G062,bn,E4_codemix,1,0.04446084097954493,0,,,,
BNEN_0186,BNEN_G062,bn-en,E4_codemix,1,0.656509457925314,0,,,,
BNEN_0187,BNEN_G063,en,E4_codemix,1,0.440359354194267,0,,,,
BNEN_0188,BNEN_G063,bn,E4_codemix,1,0.043668997925266774,0,,,,
BNEN_0189,BNEN_G063,bn-en,E4_codemix,1,0.4429152956787679,0,,,,
BNEN_0190,BNEN_G064,en,E4_codemix,1,0.6497168996228498,0,,,,
BNEN_0191,BNEN_G064,bn,E4_codemix,1,0.049381393154061606,0,,,,
BNEN_0192,BNEN_G064,bn-en,E4_codemix,1,0.1766462187524396,0,,,,
BNEN_0193,BNEN_G065,en,E4_codemix,1,0.9924931540614915,1,,,,
BNEN_0194,BNEN_G065,bn,E4_codemix,1,0.05028678749222282,0,,,,
BNEN_0195,BNEN_G065,bn-en,E4_codemix,1,0.921628711018337,1,,,,
BNEN_0196,BNEN_G066,en,E4_codemix,1,0.4481077636910053,0,,,,
BNEN_0197,BNEN_G066,bn,E4_codemix,1,0.04946002446173425,0,,,,
BNEN_0198,BNEN_G066,bn-en,E4_codemix,1,0.570168664226254,0,,,,
BNEN_0199,BNEN_G067,en,E4_codemix,1,0.5527535526394326,0,,,,
BNEN_0200,BNEN_G067,bn,E4_codemix,1,0.03537943141942641,0,,,,
BNEN_0201,BNEN_G067,bn-en,E4_codemix,1,0.3790527422032454,0,,,,
BNEN_0202,BNEN_G068,en,E4_codemix,1,0.9355072691688877,1,,,,
BNEN_0203,BNEN_G068,bn,E4_codemix,1,0.03537943141942641,0,,,,
BNEN_0204,BNEN_G068,bn-en,E4_codemix,1,0.5700860875468399,0,,,,
BNEN_0205,BNEN_G069,en,E4_codemix,1,0.5538310381597282,0,,,,
BNEN_0206,BNEN_G069,bn,E4_codemix,1,0.04710328517991922,0,,,,
BNEN_0207,BNEN_G069,bn-en,E4_codemix,1,0.13543724444547953,0,,,,
BNEN_0208,BNEN_G070,en,E4_codemix,1,0.934425048715775,1,,,,
BNEN_0209,BNEN_G070,bn,E4_codemix,1,0.12702804329291936,0,,,,
BNEN_0210,BNEN_G070,bn-en,E4_codemix,1,0.9158008664417359,1,,,,
BNEN_0211,BNEN_G071,en,E4_codemix,1,0.5236068942662416,0,,,,
BNEN_0212,BNEN_G071,bn,E4_codemix,1,0.03537943141942641,0,,,,
BNEN_0213,BNEN_G071,bn-en,E4_codemix,1,0.25674085935469265,0,,,,
BNEN_0214,BNEN_G072,en,E4_codemix,1,0.09928267285104,0,,,,
BNEN_0215,BNEN_G072,bn,E4_codemix,1,0.04446084097954493,0,,,,
BNEN_0216,BNEN_G072,bn-en,E4_codemix,1,0.1572327772187218,0,,,,
BNEN_0217,BNEN_G073,en,E4_codemix,1,0.9653355864095019,1,,,,
BNEN_0218,BNEN_G073,bn,E4_codemix,1,0.027432047670990802,0,,,,
BNEN_0219,BNEN_G073,bn-en,E4_codemix,1,0.34234763182671235,0,,,,
BNEN_0220,BNEN_G074,en,E4_codemix,1,0.4634448147465513,0,,,,
BNEN_0221,BNEN_G074,bn,E4_codemix,1,0.04611805631099136,0,,,,
BNEN_0222,BNEN_G074,bn-en,E4_codemix,1,0.41329829492358,0,,,,
BNEN_0223,BNEN_G075,en,E4_codemix,1,0.2369063526692726,0,,,,
BNEN_0224,BNEN_G075,bn,E4_codemix,1,0.04088658189467763,0,,,,
BNEN_0225,BNEN_G075,bn-en,E4_codemix,1,0.24456074989305313,0,,,,
BNEN_0226,BNEN_G076,en,E4_codemix,1,0.9355363736266519,1,,,,
BNEN_0227,BNEN_G076,bn,E4_codemix,1,0.03537943141942641,0,,,,
BNEN_0228,BNEN_G076,bn-en,E4_codemix,1,0.7141441404048732,1,,,,
BNEN_0229,BNEN_G077,en,E4_codemix,1,0.9659533336777197,1,,,,
BNEN_0230,BNEN_G077,bn,E4_codemix,1,0.03537943141942641,0,,,,
BNEN_0231,BNEN_G077,bn-en,E4_codemix,1,0.6143228131889445,0,,,,
BNEN_0232,BNEN_G078,en,E4_codemix,1,0.8557160152282105,1,,,,
BNEN_0233,BNEN_G078,bn,E4_codemix,1,0.21627189892446497,0,,,,
BNEN_0234,BNEN_G078,bn-en,E4_codemix,1,0.7451350709117059,1,,,,
BNEN_0235,BNEN_G079,en,E4_codemix,1,0.9778881770501578,1,,,,
BNEN_0236,BNEN_G079,bn,E4_codemix,1,0.03537943141942641,0,,,,
BNEN_0237,BNEN_G079,bn-en,E4_codemix,1,0.47778485300558177,0,,,,
BNEN_0238,BNEN_G080,en,E4_codemix,1,0.7424142783977024,1,,,,
BNEN_0239,BNEN_G080,bn,E4_codemix,1,0.28334531252597644,0,,,,
BNEN_0240,BNEN_G080,bn-en,E4_codemix,1,0.38848086465041926,0,,,,
BNEN_0241,BNEN_G081,en,E4_codemix,1,0.4265795493042244,0,,,,
BNEN_0242,BNEN_G081,bn,E4_codemix,1,0.03537943141942641,0,,,,
BNEN_0243,BNEN_G081,bn-en,E4_codemix,1,0.3460177274096965,0,,,,
BNEN_0244,BNEN_G082,en,E4_codemix,1,0.8475138351803542,1,,,,
BNEN_0245,BNEN_G082,bn,E4_codemix,1,0.03537943141942641,0,,,,
BNEN_0246,BNEN_G082,bn-en,E4_codemix,1,0.08293634196910217,0,,,,
BNEN_0247,BNEN_G083,en,E4_codemix,1,0.9906913036872853,1,,,,
BNEN_0248,BNEN_G083,bn,E4_codemix,1,0.03537943141942641,0,,,,
BNEN_0249,BNEN_G083,bn-en,E4_codemix,1,0.9847277263197192,1,,,,
BNEN_0250,BNEN_G084,en,E4_codemix,1,0.8416015095746294,1,,,,
BNEN_0251,BNEN_G084,bn,E4_codemix,1,0.03537943141942641,0,,,,
BNEN_0252,BNEN_G084,bn-en,E4_codemix,1,0.2360323209574878,0,,,,
BNEN_0253,BNEN_G085,en,E4_codemix,1,0.955260556052866,1,,,,
BNEN_0254,BNEN_G085,bn,E4_codemix,1,0.19970200335016564,0,,,,
BNEN_0255,BNEN_G085,bn-en,E4_codemix,1,0.22803558860408923,0,,,,
BNEN_0256,BNEN_G086,en,E4_codemix,1,0.9259422752818597,1,,,,
BNEN_0257,BNEN_G086,bn,E4_codemix,1,0.0698370693130511,0,,,,
BNEN_0258,BNEN_G086,bn-en,E4_codemix,1,0.5111689588887083,0,,,,
BNEN_0259,BNEN_G087,en,E4_codemix,1,0.9665308866518322,1,,,,
BNEN_0260,BNEN_G087,bn,E4_codemix,1,0.03537943141942641,0,,,,
BNEN_0261,BNEN_G087,bn-en,E4_codemix,1,0.8854105775849015,1,,,,
BNEN_0262,BNEN_G088,en,E4_codemix,1,0.9917271579688788,1,,,,
BNEN_0263,BNEN_G088,bn,E4_codemix,1,0.03537943141942641,0,,,,
BNEN_0264,BNEN_G088,bn-en,E4_codemix,1,0.9531065224997278,1,,,,
BNEN_0265,BNEN_G089,en,E4_codemix,1,0.9904099045950159,1,,,,
BNEN_0266,BNEN_G089,bn,E4_codemix,1,0.0698370693130511,0,,,,
BNEN_0267,BNEN_G089,bn-en,E4_codemix,1,0.2776002011369461,0,,,,
BNEN_0268,BNEN_G090,en,E4_codemix,1,0.6736108579646255,0,,,,
BNEN_0269,BNEN_G090,bn,E4_codemix,1,0.09958122238742093,0,,,,
BNEN_0270,BNEN_G090,bn-en,E4_codemix,1,0.1627334241487643,0,,,,
BNEN_0271,BNEN_G091,en,E4_codemix,1,0.8543384023150217,1,,,,
BNEN_0272,BNEN_G091,bn,E4_codemix,1,0.03537943141942641,0,,,,
BNEN_0273,BNEN_G091,bn-en,E4_codemix,1,0.4347489197760809,0,,,,
BNEN_0274,BNEN_G092,en,E4_codemix,1,0.9232885982326404,1,,,,
BNEN_0275,BNEN_G092,bn,E4_codemix,1,0.03537943141942641,0,,,,
BNEN_0276,BNEN_G092,bn-en,E4_codemix,1,0.8848844252527267,1,,,,
BNEN_0277,BNEN_G093,en,E4_codemix,1,0.857639404369887,1,,,,
BNEN_0278,BNEN_G093,bn,E4_codemix,1,0.03537943141942641,0,,,,
BNEN_0279,BNEN_G093,bn-en,E4_codemix,1,0.582529035462451,0,,,,
BNEN_0280,BNEN_G094,en,E4_codemix,1,0.9793000799085069,1,,,,
BNEN_0281,BNEN_G094,bn,E4_codemix,1,0.03537943141942641,0,,,,
BNEN_0282,BNEN_G094,bn-en,E4_codemix,1,0.3078043820631365,0,,,,
BNEN_0283,BNEN_G095,en,E4_codemix,1,0.3860416362136133,0,,,,
BNEN_0284,BNEN_G095,bn,E4_codemix,1,0.03537943141942641,0,,,,
BNEN_0285,BNEN_G095,bn-en,E4_codemix,1,0.1080426958812865,0,,,,
BNEN_0286,BNEN_G096,en,E4_codemix,1,0.529842380092881,0,,,,
BNEN_0287,BNEN_G096,bn,E4_codemix,1,0.03537943141942641,0,,,,
BNEN_0288,BNEN_G096,bn-en,E4_codemix,1,0.6197674151592024,0,,,,
BNEN_0289,BNEN_G097,en,E4_codemix,1,0.9755274847632753,1,,,,
BNEN_0290,BNEN_G097,bn,E4_codemix,1,0.03537943141942641,0,,,,
BNEN_0291,BNEN_G097,bn-en,E4_codemix,1,0.9161347521606825,1,,,,
BNEN_0292,BNEN_G098,en,E4_codemix,1,0.8309473226769498,1,,,,
BNEN_0293,BNEN_G098,bn,E4_codemix,1,0.03537943141942641,0,,,,
BNEN_0294,BNEN_G098,bn-en,E4_codemix,1,0.6184150748644676,0,,,,
BNEN_0295,BNEN_G099,en,E4_codemix,1,0.9263416130076397,1,,,,
BNEN_0296,BNEN_G099,bn,E4_codemix,1,0.03537943141942641,0,,,,
BNEN_0297,BNEN_G099,bn-en,E4_codemix,1,0.3970923262862963,0,,,,
BNEN_0298,BNEN_G100,en,E4_codemix,1,0.799173223122608,1,,,,
BNEN_0299,BNEN_G100,bn,E4_codemix,1,0.2569120835950492,0,,,,
BNEN_0300,BNEN_G100,bn-en,E4_codemix,1,0.2530385484971073,0,,,,
BNEN_0301,BNEN_G101,en,E4_codemix,1,0.9996716352963645,1,,,,
BNEN_0302,BNEN_G101,bn,E4_codemix,1,0.03537943141942641,0,,,,
BNEN_0303,BNEN_G101,bn-en,E4_codemix,1,0.9834970188779505,1,,,,
BNEN_0304,BNEN_G102,en,E4_codemix,1,0.3718262642001239,0,,,,
BNEN_0305,BNEN_G102,bn,E4_codemix,1,0.03537943141942641,0,,,,
BNEN_0306,BNEN_G102,bn-en,E4_codemix,1,0.11663078754617744,0,,,,
BNEN_0307,BNEN_G103,en,E4_codemix,1,0.9222242389407312,1,,,,
BNEN_0308,BNEN_G103,bn,E4_codemix,1,0.03537943141942641,0,,,,
BNEN_0309,BNEN_G103,bn-en,E4_codemix,1,0.2550237074609884,0,,,,
BNEN_0310,BNEN_G104,en,E4_codemix,1,0.973945215707977,1,,,,
BNEN_0311,BNEN_G104,bn,E4_codemix,1,0.8724957253495557,1,,,,
BNEN_0312,BNEN_G104,bn-en,E4_codemix,1,0.894628498801216,1,,,,
BNEN_0313,BNEN_G105,en,E4_codemix,1,0.9104938545586415,1,,,,
BNEN_0314,BNEN_G105,bn,E4_codemix,1,0.03537943141942641,0,,,,
BNEN_0315,BNEN_G105,bn-en,E4_codemix,1,0.6537957721018274,0,,,,
BNEN_0316,BNEN_G106,en,E4_codemix,1,0.9925388225179814,1,,,,
BNEN_0317,BNEN_G106,bn,E4_codemix,1,0.03537943141942641,0,,,,
BNEN_0318,BNEN_G106,bn-en,E4_codemix,1,0.8031199502816408,1,,,,
BNEN_0319,BNEN_G107,en,E4_codemix,1,0.9209082078479357,1,,,,
BNEN_0320,BNEN_G107,bn,E4_codemix,1,0.03537943141942641,0,,,,
BNEN_0321,BNEN_G107,bn-en,E4_codemix,1,0.7442523232833661,1,,,,
BNEN_0322,BNEN_G108,en,E4_codemix,1,0.606000240739001,0,,,,
BNEN_0323,BNEN_G108,bn,E4_codemix,1,0.03537943141942641,0,,,,
BNEN_0324,BNEN_G108,bn-en,E4_codemix,1,0.1518772461068142,0,,,,
BNEN_0325,BNEN_G109,en,E4_codemix,1,0.8686212820864778,1,,,,
BNEN_0326,BNEN_G109,bn,E4_codemix,1,0.03537943141942641,0,,,,
BNEN_0327,BNEN_G109,bn-en,E4_codemix,1,0.6125551023531173,0,,,,
BNEN_0328,BNEN_G110,en,E4_codemix,1,0.8732070585570406,1,,,,
BNEN_0329,BNEN_G110,bn,E4_codemix,1,0.03537943141942641,0,,,,
BNEN_0330,BNEN_G110,bn-en,E4_codemix,1,0.2583784691677797,0,,,,
BNEN_0331,BNEN_G111,en,E4_codemix,1,0.819212122047016,1,,,,
BNEN_0332,BNEN_G111,bn,E4_codemix,1,0.03537943141942641,0,,,,
BNEN_0333,BNEN_G111,bn-en,E4_codemix,1,0.6747201800533348,0,,,,
BNEN_0334,BNEN_G112,en,E4_codemix,1,0.9509280824130795,1,,,,
BNEN_0335,BNEN_G112,bn,E4_codemix,1,0.03537943141942641,0,,,,
BNEN_0336,BNEN_G112,bn-en,E4_codemix,1,0.5654059726267133,0,,,,
BNEN_0337,BNEN_G113,en,E4_codemix,1,0.5876717995891146,0,,,,
BNEN_0338,BNEN_G113,bn,E4_codemix,1,0.03537943141942641,0,,,,
BNEN_0339,BNEN_G113,bn-en,E4_codemix,1,0.2248613556379483,0,,,,
BNEN_0340,BNEN_G114,en,E4_codemix,1,0.9568487978121403,1,,,,
BNEN_0341,BNEN_G114,bn,E4_codemix,1,0.03537943141942641,0,,,,
BNEN_0342,BNEN_G114,bn-en,E4_codemix,1,0.8516469231565656,1,,,,
BNEN_0343,BNEN_G115,en,E4_codemix,1,0.8268340299691347,1,,,,
BNEN_0344,BNEN_G115,bn,E4_codemix,1,0.03537943141942641,0,,,,
BNEN_0345,BNEN_G115,bn-en,E4_codemix,1,0.7634978731821733,1,,,,
BNEN_0346,BNEN_G116,en,E4_codemix,1,0.9149506718055973,1,,,,
BNEN_0347,BNEN_G116,bn,E4_codemix,1,0.03537943141942641,0,,,,
BNEN_0348,BNEN_G116,bn-en,E4_codemix,1,0.5132018270326473,0,,,,
BNEN_0349,BNEN_G117,en,E4_codemix,1,0.4153428494149126,0,,,,
BNEN_0350,BNEN_G117,bn,E4_codemix,1,0.03537943141942641,0,,,,
BNEN_0351,BNEN_G117,bn-en,E4_codemix,1,0.10455018747135182,0,,,,
BNEN_0352,BNEN_G118,en,E4_codemix,1,0.5559329273027762,0,,,,
BNEN_0353,BNEN_G118,bn,E4_codemix,1,0.03537943141942641,0,,,,
BNEN_0354,BNEN_G118,bn-en,E4_codemix,1,0.10733534800766478,0,,,,
BNEN_0355,BNEN_G119,en,E4_codemix,1,0.823412396214239,1,,,,
BNEN_0356,BNEN_G119,bn,E4_codemix,1,0.03537943141942641,0,,,,
BNEN_0357,BNEN_G119,bn-en,E4_codemix,1,0.3234741534549642,0,,,,
BNEN_0358,BNEN_G120,en,E4_codemix,1,0.2672033293366773,0,,,,
BNEN_0359,BNEN_G120,bn,E4_codemix,1,0.03537943141942641,0,,,,
BNEN_0360,BNEN_G120,bn-en,E4_codemix,1,0.27452590859267123,0,,,,
BNEN_0361,BNEN_G121,en,E4_codemix,1,0.9964295961870729,1,,,,
BNEN_0362,BNEN_G121,bn,E4_codemix,1,0.03537943141942641,0,,,,
BNEN_0363,BNEN_G121,bn-en,E4_codemix,1,0.5509367687371778,0,,,,
BNEN_0364,BNEN_G122,en,E4_codemix,1,0.8924151411919841,1,,,,
BNEN_0365,BNEN_G122,bn,E4_codemix,1,0.03537943141942641,0,,,,
BNEN_0366,BNEN_G122,bn-en,E4_codemix,1,0.795643668914034,1,,,,
BNEN_0367,BNEN_G123,en,E4_codemix,1,0.49533125743611944,0,,,,
BNEN_0368,BNEN_G123,bn,E4_codemix,1,0.03537943141942641,0,,,,
BNEN_0369,BNEN_G123,bn-en,E4_codemix,1,0.2703500265011836,0,,,,
BNEN_0370,BNEN_G124,en,E4_codemix,1,0.7822451857280488,1,,,,
BNEN_0371,BNEN_G124,bn,E4_codemix,1,0.03537943141942641,0,,,,
BNEN_0372,BNEN_G124,bn-en,E4_codemix,1,0.35702762485837836,0,,,,
BNEN_0373,BNEN_G125,en,E4_codemix,1,0.2973595976920264,0,,,,
BNEN_0374,BNEN_G125,bn,E4_codemix,1,0.03537943141942641,0,,,,
BNEN_0375,BNEN_G125,bn-en,E4_codemix,1,0.1781975175365076,0,,,,
BNEN_0376,BNEN_G126,en,E4_codemix,1,0.976600288246832,1,,,,
BNEN_0377,BNEN_G126,bn,E4_codemix,1,0.03537943141942641,0,,,,
BNEN_0378,BNEN_G126,bn-en,E4_codemix,1,0.3263408747505335,0,,,,
BNEN_0379,BNEN_G127,en,E4_codemix,1,0.9946171996352747,1,,,,
BNEN_0380,BNEN_G127,bn,E4_codemix,1,0.03537943141942641,0,,,,
BNEN_0381,BNEN_G127,bn-en,E4_codemix,1,0.9702799700979869,1,,,,
BNEN_0382,BNEN_G128,en,E4_codemix,1,0.9667368731435115,1,,,,
BNEN_0383,BNEN_G128,bn,E4_codemix,1,0.09850729049507317,0,,,,
BNEN_0384,BNEN_G128,bn-en,E4_codemix,1,0.932938184670754,1,,,,
BNEN_0385,BNEN_G129,en,E4_codemix,1,0.9898732318864338,1,,,,
BNEN_0386,BNEN_G129,bn,E4_codemix,1,0.03537943141942641,0,,,,
BNEN_0387,BNEN_G129,bn-en,E4_codemix,1,0.9046402202811786,1,,,,
BNEN_0388,BNEN_G130,en,E4_codemix,1,0.8453047701110653,1,,,,
BNEN_0389,BNEN_G130,bn,E4_codemix,1,0.03537943141942641,0,,,,
BNEN_0390,BNEN_G130,bn-en,E4_codemix,1,0.39529005092651825,0,,,,
BNEN_0391,BNEN_G131,en,E4_codemix,1,0.9939905035049497,1,,,,
BNEN_0392,BNEN_G131,bn,E4_codemix,1,0.03537943141942641,0,,,,
BNEN_0393,BNEN_G131,bn-en,E4_codemix,1,0.9542852538631905,1,,,,
BNEN_0394,BNEN_G132,en,E4_codemix,1,0.9730318027382904,1,,,,
BNEN_0395,BNEN_G132,bn,E4_codemix,1,0.03537943141942641,0,,,,
BNEN_0396,BNEN_G132,bn-en,E4_codemix,1,0.7036643559490483,0,,,,
BNEN_0397,BNEN_G133,en,E4_codemix,1,0.9106496743238612,1,,,,
BNEN_0398,BNEN_G133,bn,E4_codemix,1,0.03537943141942641,0,,,,
BNEN_0399,BNEN_G133,bn-en,E4_codemix,1,0.5290205719732269,0,,,,
BNEN_0400,BNEN_G134,en,E4_codemix,1,0.9978242437651756,1,,,,
BNEN_0401,BNEN_G134,bn,E4_codemix,1,0.03537943141942641,0,,,,
BNEN_0402,BNEN_G134,bn-en,E4_codemix,1,0.9199799873798058,1,,,,
BNEN_0403,BNEN_G135,en,E4_codemix,1,0.9873916986463246,1,,,,
BNEN_0404,BNEN_G135,bn,E4_codemix,1,0.03537943141942641,0,,,,
BNEN_0405,BNEN_G135,bn-en,E4_codemix,1,0.7894802583961752,1,,,,
BNEN_0406,BNEN_G136,en,E4_codemix,1,0.7327716035996406,1,,,,
BNEN_0407,BNEN_G136,bn,E4_codemix,1,0.03537943141942641,0,,,,
BNEN_0408,BNEN_G136,bn-en,E4_codemix,1,0.5705086383888986,0,,,,
BNEN_0409,BNEN_G137,en,E4_codemix,1,0.9951640473879879,1,,,,
BNEN_0410,BNEN_G137,bn,E4_codemix,1,0.03537943141942641,0,,,,
BNEN_0411,BNEN_G137,bn-en,E4_codemix,1,0.8960611825814295,1,,,,
BNEN_0412,BNEN_G138,en,E4_codemix,1,0.9899088649013557,1,,,,
BNEN_0413,BNEN_G138,bn,E4_codemix,1,0.03537943141942641,0,,,,
BNEN_0414,BNEN_G138,bn-en,E4_codemix,1,0.7516967005376021,1,,,,
BNEN_0415,BNEN_G139,en,E4_codemix,1,0.5615234928960186,0,,,,
BNEN_0416,BNEN_G139,bn,E4_codemix,1,0.03537943141942641,0,,,,
BNEN_0417,BNEN_G139,bn-en,E4_codemix,1,0.04578434544833736,0,,,,
BNEN_0418,BNEN_G140,en,E4_codemix,1,0.7619537722755136,1,,,,
BNEN_0419,BNEN_G140,bn,E4_codemix,1,0.03537943141942641,0,,,,
BNEN_0420,BNEN_G140,bn-en,E4_codemix,1,0.5231951932502854,0,,,,
BNEN_0421,BNEN_G141,en,E4_codemix,1,0.9691254615587539,1,,,,
BNEN_0422,BNEN_G141,bn,E4_codemix,1,0.03537943141942641,0,,,,
BNEN_0423,BNEN_G141,bn-en,E4_codemix,1,0.8635369877597326,1,,,,
BNEN_0424,BNEN_G142,en,E4_codemix,1,0.9950332109559152,1,,,,
BNEN_0425,BNEN_G142,bn,E4_codemix,1,0.05984007301919809,0,,,,
BNEN_0426,BNEN_G142,bn-en,E4_codemix,1,0.9623217630987682,1,,,,
BNEN_0427,BNEN_G143,en,E4_codemix,1,0.9534480433702727,1,,,,
BNEN_0428,BNEN_G143,bn,E4_codemix,1,0.03537943141942641,0,,,,
BNEN_0429,BNEN_G143,bn-en,E4_codemix,1,0.7361172025221959,1,,,,
BNEN_0430,BNEN_G144,en,E4_codemix,1,0.8655014016158823,1,,,,
BNEN_0431,BNEN_G144,bn,E4_codemix,1,0.03537943141942641,0,,,,
BNEN_0432,BNEN_G144,bn-en,E4_codemix,1,0.4343186289890555,0,,,,
BNEN_0433,BNEN_G145,en,E4_codemix,1,0.5925493736934061,0,,,,
BNEN_0434,BNEN_G145,bn,E4_codemix,1,0.03537943141942641,0,,,,
BNEN_0435,BNEN_G145,bn-en,E4_codemix,1,0.24012134361987558,0,,,,
BNEN_0436,BNEN_G146,en,E4_codemix,1,0.7270252876455132,1,,,,
BNEN_0437,BNEN_G146,bn,E4_codemix,1,0.03537943141942641,0,,,,
BNEN_0438,BNEN_G146,bn-en,E4_codemix,1,0.4358657973747308,0,,,,
BNEN_0439,BNEN_G147,en,E4_codemix,1,0.6360040530398424,0,,,,
BNEN_0440,BNEN_G147,bn,E4_codemix,1,0.03537943141942641,0,,,,
BNEN_0441,BNEN_G147,bn-en,E4_codemix,1,0.2529947579612745,0,,,,
BNEN_0442,BNEN_G148,en,E4_codemix,1,0.5992436766968369,0,,,,
BNEN_0443,BNEN_G148,bn,E4_codemix,1,0.03537943141942641,0,,,,
BNEN_0444,BNEN_G148,bn-en,E4_codemix,1,0.33341109611122177,0,,,,
BNEN_0445,BNEN_G149,en,E4_codemix,1,0.996488337339541,1,,,,
BNEN_0446,BNEN_G149,bn,E4_codemix,1,0.03537943141942641,0,,,,
BNEN_0447,BNEN_G149,bn-en,E4_codemix,1,0.5908130477879153,0,,,,
BNEN_0448,BNEN_G150,en,E4_codemix,1,0.9106586430888267,1,,,,
BNEN_0449,BNEN_G150,bn,E4_codemix,1,0.03537943141942641,0,,,,
BNEN_0450,BNEN_G150,bn-en,E4_codemix,1,0.6662134400280126,0,,,,
BNEN_0451,BNEN_G151,en,E4_codemix,0,0.03944993113707247,0,,,,
BNEN_0452,BNEN_G151,bn,E4_codemix,0,0.03537943141942641,0,,,,
BNEN_0453,BNEN_G151,bn-en,E4_codemix,0,0.3772872195804575,0,,,,
BNEN_0454,BNEN_G152,en,E4_codemix,0,0.06538436225964223,0,,,,
BNEN_0455,BNEN_G152,bn,E4_codemix,0,0.03537943141942641,0,,,,
BNEN_0456,BNEN_G152,bn-en,E4_codemix,0,0.15575128004922284,0,,,,
BNEN_0457,BNEN_G153,en,E4_codemix,0,0.3218480250774348,0,,,,
BNEN_0458,BNEN_G153,bn,E4_codemix,0,0.03537943141942641,0,,,,
BNEN_0459,BNEN_G153,bn-en,E4_codemix,0,0.8930612692318977,1,,,,
BNEN_0460,BNEN_G154,en,E4_codemix,0,0.04915967856646969,0,,,,
BNEN_0461,BNEN_G154,bn,E4_codemix,0,0.03537943141942641,0,,,,
BNEN_0462,BNEN_G154,bn-en,E4_codemix,0,0.031892971931522754,0,,,,
BNEN_0463,BNEN_G155,en,E4_codemix,0,0.7283328012749529,1,,,,
BNEN_0464,BNEN_G155,bn,E4_codemix,0,0.03537943141942641,0,,,,
BNEN_0465,BNEN_G155,bn-en,E4_codemix,0,0.912547699310544,1,,,,
BNEN_0466,BNEN_G156,en,E4_codemix,0,0.6920071725469021,0,,,,
BNEN_0467,BNEN_G156,bn,E4_codemix,0,0.03537943141942641,0,,,,
BNEN_0468,BNEN_G156,bn-en,E4_codemix,0,0.6189998695604657,0,,,,
BNEN_0469,BNEN_G157,en,E4_codemix,0,0.11307854215184904,0,,,,
BNEN_0470,BNEN_G157,bn,E4_codemix,0,0.03537943141942641,0,,,,
BNEN_0471,BNEN_G157,bn-en,E4_codemix,0,0.24929612477072785,0,,,,
BNEN_0472,BNEN_G158,en,E4_codemix,0,0.03375723718425967,0,,,,
BNEN_0473,BNEN_G158,bn,E4_codemix,0,0.03537943141942641,0,,,,
BNEN_0474,BNEN_G158,bn-en,E4_codemix,0,0.11885203069542842,0,,,,
BNEN_0475,BNEN_G159,en,E4_codemix,0,0.046365523184608196,0,,,,
BNEN_0476,BNEN_G159,bn,E4_codemix,0,0.03537943141942641,0,,,,
BNEN_0477,BNEN_G159,bn-en,E4_codemix,0,0.4730398883323564,0,,,,
BNEN_0478,BNEN_G160,en,E4_codemix,0,0.916953246686223,1,,,,
BNEN_0479,BNEN_G160,bn,E4_codemix,0,0.03537943141942641,0,,,,
BNEN_0480,BNEN_G160,bn-en,E4_codemix,0,0.016423666225998463,0,,,,
BNEN_0481,BNEN_G161,en,E4_codemix,0,0.0987613442948927,0,,,,
BNEN_0482,BNEN_G161,bn,E4_codemix,0,0.03537943141942641,0,,,,
BNEN_0483,BNEN_G161,bn-en,E4_codemix,0,0.3870085616232406,0,,,,
BNEN_0484,BNEN_G162,en,E4_codemix,0,0.5290965937633256,0,,,,
BNEN_0485,BNEN_G162,bn,E4_codemix,0,0.03537943141942641,0,,,,
BNEN_0486,BNEN_G162,bn-en,E4_codemix,0,0.11674186787098613,0,,,,
BNEN_0487,BNEN_G163,en,E4_codemix,0,0.017453546412385664,0,,,,
BNEN_0488,BNEN_G163,bn,E4_codemix,0,0.03537943141942641,0,,,,
BNEN_0489,BNEN_G163,bn-en,E4_codemix,0,0.2123284912192633,0,,,,
BNEN_0490,BNEN_G164,en,E4_codemix,0,0.04088370086166935,0,,,,
BNEN_0491,BNEN_G164,bn,E4_codemix,0,0.03537943141942641,0,,,,
BNEN_0492,BNEN_G164,bn-en,E4_codemix,0,0.0961097014169641,0,,,,
BNEN_0493,BNEN_G165,en,E4_codemix,0,0.025313671901768555,0,,,,
BNEN_0494,BNEN_G165,bn,E4_codemix,0,0.03537943141942641,0,,,,
BNEN_0495,BNEN_G165,bn-en,E4_codemix,0,0.31488291958159736,0,,,,
BNEN_0496,BNEN_G166,en,E4_codemix,0,0.028166105238171563,0,,,,
BNEN_0497,BNEN_G166,bn,E4_codemix,0,0.03537943141942641,0,,,,
BNEN_0498,BNEN_G166,bn-en,E4_codemix,0,0.10763106878028239,0,,,,
BNEN_0499,BNEN_G167,en,E4_codemix,0,0.06910652672747221,0,,,,
BNEN_0500,BNEN_G167,bn,E4_codemix,0,0.03537943141942641,0,,,,
BNEN_0501,BNEN_G167,bn-en,E4_codemix,0,0.18638736323172772,0,,,,
BNEN_0502,BNEN_G168,en,E4_codemix,0,0.15286888917509336,0,,,,
BNEN_0503,BNEN_G168,bn,E4_codemix,0,0.03537943141942641,0,,,,
BNEN_0504,BNEN_G168,bn-en,E4_codemix,0,0.30781909880308933,0,,,,
BNEN_0505,BNEN_G169,en,E4_codemix,0,0.030490759027196897,0,,,,
BNEN_0506,BNEN_G169,bn,E4_codemix,0,0.03537943141942641,0,,,,
BNEN_0507,BNEN_G169,bn-en,E4_codemix,0,0.14668545561965154,0,,,,
BNEN_0508,BNEN_G170,en,E4_codemix,0,0.9550315526346063,1,,,,
BNEN_0509,BNEN_G170,bn,E4_codemix,0,0.03537943141942641,0,,,,
BNEN_0510,BNEN_G170,bn-en,E4_codemix,0,0.6745498239769898,0,,,,
BNEN_0511,BNEN_G171,en,E4_codemix,0,0.1577704291388399,0,,,,
BNEN_0512,BNEN_G171,bn,E4_codemix,0,0.03537943141942641,0,,,,
BNEN_0513,BNEN_G171,bn-en,E4_codemix,0,0.3167043822785205,0,,,,
BNEN_0514,BNEN_G172,en,E4_codemix,0,0.9952238983941631,1,,,,
BNEN_0515,BNEN_G172,bn,E4_codemix,0,0.03537943141942641,0,,,,
BNEN_0516,BNEN_G172,bn-en,E4_codemix,0,0.6523846225932635,0,,,,
BNEN_0517,BNEN_G173,en,E4_codemix,0,0.29704522367091923,0,,,,
BNEN_0518,BNEN_G173,bn,E4_codemix,0,0.03537943141942641,0,,,,
BNEN_0519,BNEN_G173,bn-en,E4_codemix,0,0.3919272253771512,0,,,,
BNEN_0520,BNEN_G174,en,E4_codemix,0,0.28377549451564893,0,,,,
BNEN_0521,BNEN_G174,bn,E4_codemix,0,0.03537943141942641,0,,,,
BNEN_0522,BNEN_G174,bn-en,E4_codemix,0,0.3224998344004663,0,,,,
BNEN_0523,BNEN_G175,en,E4_codemix,0,0.9960862466895996,1,,,,
BNEN_0524,BNEN_G175,bn,E4_codemix,0,0.03537943141942641,0,,,,
BNEN_0525,BNEN_G175,bn-en,E4_codemix,0,0.8116826223153405,1,,,,
BNEN_0526,BNEN_G176,en,E4_codemix,0,0.15578059424319896,0,,,,
BNEN_0527,BNEN_G176,bn,E4_codemix,0,0.03537943141942641,0,,,,
BNEN_0528,BNEN_G176,bn-en,E4_codemix,0,0.3724018607652764,0,,,,
BNEN_0529,BNEN_G177,en,E4_codemix,0,0.024579582427127725,0,,,,
BNEN_0530,BNEN_G177,bn,E4_codemix,0,0.03537943141942641,0,,,,
BNEN_0531,BNEN_G177,bn-en,E4_codemix,0,0.008946862124833385,0,,,,
BNEN_0532,BNEN_G178,en,E4_codemix,0,0.05225143018752811,0,,,,
BNEN_0533,BNEN_G178,bn,E4_codemix,0,0.03537943141942641,0,,,,
BNEN_0534,BNEN_G178,bn-en,E4_codemix,0,0.02811399581174383,0,,,,
BNEN_0535,BNEN_G179,en,E4_codemix,0,0.004850449536200577,0,,,,
BNEN_0536,BNEN_G179,bn,E4_codemix,0,0.03537943141942641,0,,,,
BNEN_0537,BNEN_G179,bn-en,E4_codemix,0,0.08115122078848394,0,,,,
BNEN_0538,BNEN_G180,en,E4_codemix,0,0.02375015348455816,0,,,,
BNEN_0539,BNEN_G180,bn,E4_codemix,0,0.03537943141942641,0,,,,
BNEN_0540,BNEN_G180,bn-en,E4_codemix,0,0.11169525499164326,0,,,,
BNEN_0541,BNEN_G181,en,E4_codemix,0,0.023363601750691975,0,,,,
BNEN_0542,BNEN_G181,bn,E4_codemix,0,0.03537943141942641,0,,,,
BNEN_0543,BNEN_G181,bn-en,E4_codemix,0,0.11927998698335404,0,,,,
BNEN_0544,BNEN_G182,en,E4_codemix,0,0.7181498520433651,1,,,,
BNEN_0545,BNEN_G182,bn,E4_codemix,0,0.03537943141942641,0,,,,
BNEN_0546,BNEN_G182,bn-en,E4_codemix,0,0.22059515885969253,0,,,,
BNEN_0547,BNEN_G183,en,E4_codemix,0,0.03793076945345683,0,,,,
BNEN_0548,BNEN_G183,bn,E4_codemix,0,0.03537943141942641,0,,,,
BNEN_0549,BNEN_G183,bn-en,E4_codemix,0,0.02655840205501151,0,,,,
BNEN_0550,BNEN_G184,en,E4_codemix,0,0.039582381712870846,0,,,,
BNEN_0551,BNEN_G184,bn,E4_codemix,0,0.03537943141942641,0,,,,
BNEN_0552,BNEN_G184,bn-en,E4_codemix,0,0.10745162398355228,0,,,,
BNEN_0553,BNEN_G185,en,E4_codemix,0,0.005223478439827043,0,,,,
BNEN_0554,BNEN_G185,bn,E4_codemix,0,0.03537943141942641,0,,,,
BNEN_0555,BNEN_G185,bn-en,E4_codemix,0,0.10128379800817157,0,,,,
BNEN_0556,BNEN_G186,en,E4_codemix,0,0.01879322535014174,0,,,,
BNEN_0557,BNEN_G186,bn,E4_codemix,0,0.03537943141942641,0,,,,
BNEN_0558,BNEN_G186,bn-en,E4_codemix,0,0.5222973176016175,0,,,,
BNEN_0559,BNEN_G187,en,E4_codemix,0,0.01599632967739956,0,,,,
BNEN_0560,BNEN_G187,bn,E4_codemix,0,0.03537943141942641,0,,,,
BNEN_0561,BNEN_G187,bn-en,E4_codemix,0,0.028635557632766942,0,,,,
BNEN_0562,BNEN_G188,en,E4_codemix,0,0.7866660490617314,1,,,,
BNEN_0563,BNEN_G188,bn,E4_codemix,0,0.03537943141942641,0,,,,
BNEN_0564,BNEN_G188,bn-en,E4_codemix,0,0.12571564268097152,0,,,,
BNEN_0565,BNEN_G189,en,E4_codemix,0,0.019297640660856506,0,,,,
BNEN_0566,BNEN_G189,bn,E4_codemix,0,0.03537943141942641,0,,,,
BNEN_0567,BNEN_G189,bn-en,E4_codemix,0,0.05001614582951841,0,,,,
BNEN_0568,BNEN_G190,en,E4_codemix,0,0.09060690964691204,0,,,,
BNEN_0569,BNEN_G190,bn,E4_codemix,0,0.03537943141942641,0,,,,
BNEN_0570,BNEN_G190,bn-en,E4_codemix,0,0.07806759972156724,0,,,,
BNEN_0571,BNEN_G191,en,E4_codemix,0,0.6191274060394464,0,,,,
BNEN_0572,BNEN_G191,bn,E4_codemix,0,0.03537943141942641,0,,,,
BNEN_0573,BNEN_G191,bn-en,E4_codemix,0,0.4138510073960406,0,,,,
BNEN_0574,BNEN_G192,en,E4_codemix,0,0.16919976605387926,0,,,,
BNEN_0575,BNEN_G192,bn,E4_codemix,0,0.03537943141942641,0,,,,
BNEN_0576,BNEN_G192,bn-en,E4_codemix,0,0.04876736216446955,0,,,,
BNEN_0577,BNEN_G193,en,E4_codemix,0,0.06579240263536738,0,,,,
BNEN_0578,BNEN_G193,bn,E4_codemix,0,0.03537943141942641,0,,,,
BNEN_0579,BNEN_G193,bn-en,E4_codemix,0,0.025596582921597253,0,,,,
BNEN_0580,BNEN_G194,en,E4_codemix,0,0.030957965654531593,0,,,,
BNEN_0581,BNEN_G194,bn,E4_codemix,0,0.03537943141942641,0,,,,
BNEN_0582,BNEN_G194,bn-en,E4_codemix,0,0.37130230885818405,0,,,,
BNEN_0583,BNEN_G195,en,E4_codemix,0,0.03729598238419036,0,,,,
BNEN_0584,BNEN_G195,bn,E4_codemix,0,0.03537943141942641,0,,,,
BNEN_0585,BNEN_G195,bn-en,E4_codemix,0,0.023134479055483766,0,,,,
BNEN_0586,BNEN_G196,en,E4_codemix,0,0.19019003440328255,0,,,,
BNEN_0587,BNEN_G196,bn,E4_codemix,0,0.03537943141942641,0,,,,
BNEN_0588,BNEN_G196,bn-en,E4_codemix,0,0.11717034424452093,0,,,,
BNEN_0589,BNEN_G197,en,E4_codemix,0,0.018045795924936034,0,,,,
BNEN_0590,BNEN_G197,bn,E4_codemix,0,0.03537943141942641,0,,,,
BNEN_0591,BNEN_G197,bn-en,E4_codemix,0,0.06453638235186455,0,,,,
BNEN_0592,BNEN_G198,en,E4_codemix,0,0.35117541775637423,0,,,,
BNEN_0593,BNEN_G198,bn,E4_codemix,0,0.03537943141942641,0,,,,
BNEN_0594,BNEN_G198,bn-en,E4_codemix,0,0.2522209100826622,0,,,,
BNEN_0595,BNEN_G199,en,E4_codemix,0,0.0681407876771942,0,,,,
BNEN_0596,BNEN_G199,bn,E4_codemix,0,0.03537943141942641,0,,,,
BNEN_0597,BNEN_G199,bn-en,E4_codemix,0,0.045614855003419254,0,,,,
BNEN_0598,BNEN_G200,en,E4_codemix,0,0.19176830594404945,0,,,,
BNEN_0599,BNEN_G200,bn,E4_codemix,0,0.03537943141942641,0,,,,
BNEN_0600,BNEN_G200,bn-en,E4_codemix,0,0.3863270784518545,0,,,,
BNEN_0601,BNEN_G201,en,E4_codemix,0,0.059574253280328685,0,,,,
BNEN_0602,BNEN_G201,bn,E4_codemix,0,0.03537943141942641,0,,,,
BNEN_0603,BNEN_G201,bn-en,E4_codemix,0,0.09476111442830468,0,,,,
BNEN_0604,BNEN_G202,en,E4_codemix,0,0.017296800796318314,0,,,,
BNEN_0605,BNEN_G202,bn,E4_codemix,0,0.03537943141942641,0,,,,
BNEN_0606,BNEN_G202,bn-en,E4_codemix,0,0.2994033145709482,0,,,,
BNEN_0607,BNEN_G203,en,E4_codemix,0,0.8792695042397203,1,,,,
BNEN_0608,BNEN_G203,bn,E4_codemix,0,0.03537943141942641,0,,,,
BNEN_0609,BNEN_G203,bn-en,E4_codemix,0,0.22648146336701847,0,,,,
BNEN_0610,BNEN_G204,en,E4_codemix,0,0.02438004006442343,0,,,,
BNEN_0611,BNEN_G204,bn,E4_codemix,0,0.03537943141942641,0,,,,
BNEN_0612,BNEN_G204,bn-en,E4_codemix,0,0.27186534959581665,0,,,,
BNEN_0613,BNEN_G205,en,E4_codemix,0,0.0761304072421599,0,,,,
BNEN_0614,BNEN_G205,bn,E4_codemix,0,0.03537943141942641,0,,,,
BNEN_0615,BNEN_G205,bn-en,E4_codemix,0,0.11146229952445988,0,,,,
BNEN_0616,BNEN_G206,en,E4_codemix,0,0.23623378656623506,0,,,,
BNEN_0617,BNEN_G206,bn,E4_codemix,0,0.03537943141942641,0,,,,
BNEN_0618,BNEN_G206,bn-en,E4_codemix,0,0.24401484237124169,0,,,,
BNEN_0619,BNEN_G207,en,E4_codemix,0,0.2339325215042133,0,,,,
BNEN_0620,BNEN_G207,bn,E4_codemix,0,0.03537943141942641,0,,,,
BNEN_0621,BNEN_G207,bn-en,E4_codemix,0,0.11680020861319833,0,,,,
BNEN_0622,BNEN_G208,en,E4_codemix,0,0.2268722763801818,0,,,,
BNEN_0623,BNEN_G208,bn,E4_codemix,0,0.03537943141942641,0,,,,
BNEN_0624,BNEN_G208,bn-en,E4_codemix,0,0.21618556007474213,0,,,,
BNEN_0625,BNEN_G209,en,E4_codemix,0,0.031375239610140986,0,,,,
BNEN_0626,BNEN_G209,bn,E4_codemix,0,0.03537943141942641,0,,,,
BNEN_0627,BNEN_G209,bn-en,E4_codemix,0,0.02001850232892132,0,,,,
BNEN_0628,BNEN_G210,en,E4_codemix,0,0.01557330727855675,0,,,,
BNEN_0629,BNEN_G210,bn,E4_codemix,0,0.03537943141942641,0,,,,
BNEN_0630,BNEN_G210,bn-en,E4_codemix,0,0.09142481852419093,0,,,,
BNEN_0631,BNEN_G211,en,E4_codemix,0,0.6560384222750986,0,,,,
BNEN_0632,BNEN_G211,bn,E4_codemix,0,0.04840071019927624,0,,,,
BNEN_0633,BNEN_G211,bn-en,E4_codemix,0,0.1440046628324974,0,,,,
BNEN_0634,BNEN_G212,en,E4_codemix,0,0.10766465272313908,0,,,,
BNEN_0635,BNEN_G212,bn,E4_codemix,0,0.03537943141942641,0,,,,
BNEN_0636,BNEN_G212,bn-en,E4_codemix,0,0.24061648069256078,0,,,,
BNEN_0637,BNEN_G213,en,E4_codemix,0,0.08845437810678357,0,,,,
BNEN_0638,BNEN_G213,bn,E4_codemix,0,0.03537943141942641,0,,,,
BNEN_0639,BNEN_G213,bn-en,E4_codemix,0,0.0924510502853267,0,,,,
BNEN_0640,BNEN_G214,en,E4_codemix,0,0.020617772141158116,0,,,,
BNEN_0641,BNEN_G214,bn,E4_codemix,0,0.03537943141942641,0,,,,
BNEN_0642,BNEN_G214,bn-en,E4_codemix,0,0.08984032727359602,0,,,,
BNEN_0643,BNEN_G215,en,E4_codemix,0,0.19298027525282876,0,,,,
BNEN_0644,BNEN_G215,bn,E4_codemix,0,0.03537943141942641,0,,,,
BNEN_0645,BNEN_G215,bn-en,E4_codemix,0,0.028604463728238525,0,,,,
BNEN_0646,BNEN_G216,en,E4_codemix,0,0.07389283010333689,0,,,,
BNEN_0647,BNEN_G216,bn,E4_codemix,0,0.03537943141942641,0,,,,
BNEN_0648,BNEN_G216,bn-en,E4_codemix,0,0.5586756368611372,0,,,,
BNEN_0649,BNEN_G217,en,E4_codemix,0,0.042444115524772744,0,,,,
BNEN_0650,BNEN_G217,bn,E4_codemix,0,0.03537943141942641,0,,,,
BNEN_0651,BNEN_G217,bn-en,E4_codemix,0,0.04213425752496629,0,,,,
BNEN_0652,BNEN_G218,en,E4_codemix,0,0.3554019854866382,0,,,,
BNEN_0653,BNEN_G218,bn,E4_codemix,0,0.03537943141942641,0,,,,
BNEN_0654,BNEN_G218,bn-en,E4_codemix,0,0.03694774113168645,0,,,,
BNEN_0655,BNEN_G219,en,E4_codemix,0,0.01655009537137535,0,,,,
BNEN_0656,BNEN_G219,bn,E4_codemix,0,0.03537943141942641,0,,,,
BNEN_0657,BNEN_G219,bn-en,E4_codemix,0,0.029868469995777667,0,,,,
BNEN_0658,BNEN_G220,en,E4_codemix,0,0.05604379273312061,0,,,,
BNEN_0659,BNEN_G220,bn,E4_codemix,0,0.03537943141942641,0,,,,
BNEN_0660,BNEN_G220,bn-en,E4_codemix,0,0.21101389165164394,0,,,,
BNEN_0661,BNEN_G221,en,E4_codemix,0,0.04434804255149499,0,,,,
BNEN_0662,BNEN_G221,bn,E4_codemix,0,0.1992170805177789,0,,,,
BNEN_0663,BNEN_G221,bn-en,E4_codemix,0,0.10555649274688315,0,,,,
BNEN_0664,BNEN_G222,en,E4_codemix,0,0.04772566076872846,0,,,,
BNEN_0665,BNEN_G222,bn,E4_codemix,0,0.03537943141942641,0,,,,
BNEN_0666,BNEN_G222,bn-en,E4_codemix,0,0.07385512186644302,0,,,,
BNEN_0667,BNEN_G223,en,E4_codemix,0,0.007558885187664926,0,,,,
BNEN_0668,BNEN_G223,bn,E4_codemix,0,0.03537943141942641,0,,,,
BNEN_0669,BNEN_G223,bn-en,E4_codemix,0,0.06891901173148278,0,,,,
BNEN_0670,BNEN_G224,en,E4_codemix,0,0.02219876269064984,0,,,,
BNEN_0671,BNEN_G224,bn,E4_codemix,0,0.03537943141942641,0,,,,
BNEN_0672,BNEN_G224,bn-en,E4_codemix,0,0.19697763578107627,0,,,,
BNEN_0673,BNEN_G225,en,E4_codemix,0,0.07562407128016721,0,,,,
BNEN_0674,BNEN_G225,bn,E4_codemix,0,0.03537943141942641,0,,,,
BNEN_0675,BNEN_G225,bn-en,E4_codemix,0,0.08366667953836719,0,,,,
BNEN_0676,BNEN_G226,en,E4_codemix,0,0.253858714461507,0,,,,
BNEN_0677,BNEN_G226,bn,E4_codemix,0,0.03537943141942641,0,,,,
BNEN_0678,BNEN_G226,bn-en,E4_codemix,0,0.2991714545788117,0,,,,
BNEN_0679,BNEN_G227,en,E4_codemix,0,0.08857396369906216,0,,,,
BNEN_0680,BNEN_G227,bn,E4_codemix,0,0.03537943141942641,0,,,,
BNEN_0681,BNEN_G227,bn-en,E4_codemix,0,0.17975828617644027,0,,,,
BNEN_0682,BNEN_G228,en,E4_codemix,0,0.07033630854165121,0,,,,
BNEN_0683,BNEN_G228,bn,E4_codemix,0,0.03537943141942641,0,,,,
BNEN_0684,BNEN_G228,bn-en,E4_codemix,0,0.3498850876163403,0,,,,
BNEN_0685,BNEN_G229,en,E4_codemix,0,0.07997188982755234,0,,,,
BNEN_0686,BNEN_G229,bn,E4_codemix,0,0.03537943141942641,0,,,,
BNEN_0687,BNEN_G229,bn-en,E4_codemix,0,0.1657635616425031,0,,,,
BNEN_0688,BNEN_G230,en,E4_codemix,0,0.18464079578189552,0,,,,
BNEN_0689,BNEN_G230,bn,E4_codemix,0,0.03537943141942641,0,,,,
BNEN_0690,BNEN_G230,bn-en,E4_codemix,0,0.2391465960500714,0,,,,
BNEN_0691,BNEN_G231,en,E4_codemix,0,0.9845605747114059,1,,,,
BNEN_0692,BNEN_G231,bn,E4_codemix,0,0.03537943141942641,0,,,,
BNEN_0693,BNEN_G231,bn-en,E4_codemix,0,0.5984916291246662,0,,,,
BNEN_0694,BNEN_G232,en,E4_codemix,0,0.03655771794526391,0,,,,
BNEN_0695,BNEN_G232,bn,E4_codemix,0,0.03537943141942641,0,,,,
BNEN_0696,BNEN_G232,bn-en,E4_codemix,0,0.48001001535918897,0,,,,
BNEN_0697,BNEN_G233,en,E4_codemix,0,0.025888704686347706,0,,,,
BNEN_0698,BNEN_G233,bn,E4_codemix,0,0.03537943141942641,0,,,,
BNEN_0699,BNEN_G233,bn-en,E4_codemix,0,0.17349488406946662,0,,,,
BNEN_0700,BNEN_G234,en,E4_codemix,0,0.01877005153131559,0,,,,
BNEN_0701,BNEN_G234,bn,E4_codemix,0,0.03537943141942641,0,,,,
BNEN_0702,BNEN_G234,bn-en,E4_codemix,0,0.0802976743605537,0,,,,
BNEN_0703,BNEN_G235,en,E4_codemix,0,0.008640214679652765,0,,,,
BNEN_0704,BNEN_G235,bn,E4_codemix,0,0.03537943141942641,0,,,,
BNEN_0705,BNEN_G235,bn-en,E4_codemix,0,0.06711414833613165,0,,,,
BNEN_0706,BNEN_G236,en,E4_codemix,0,0.14357170616566564,0,,,,
BNEN_0707,BNEN_G236,bn,E4_codemix,0,0.03537943141942641,0,,,,
BNEN_0708,BNEN_G236,bn-en,E4_codemix,0,0.33330019220736445,0,,,,
BNEN_0709,BNEN_G237,en,E4_codemix,0,0.07316635149922428,0,,,,
BNEN_0710,BNEN_G237,bn,E4_codemix,0,0.03537943141942641,0,,,,
BNEN_0711,BNEN_G237,bn-en,E4_codemix,0,0.12815637225903462,0,,,,
BNEN_0712,BNEN_G238,en,E4_codemix,0,0.013846463511137717,0,,,,
BNEN_0713,BNEN_G238,bn,E4_codemix,0,0.03537943141942641,0,,,,
BNEN_0714,BNEN_G238,bn-en,E4_codemix,0,0.31456538224215824,0,,,,
BNEN_0715,BNEN_G239,en,E4_codemix,0,0.3127560978514285,0,,,,
BNEN_0716,BNEN_G239,bn,E4_codemix,0,0.03537943141942641,0,,,,
BNEN_0717,BNEN_G239,bn-en,E4_codemix,0,0.019373368833097662,0,,,,
BNEN_0718,BNEN_G240,en,E4_codemix,0,0.31132459788492894,0,,,,
BNEN_0719,BNEN_G240,bn,E4_codemix,0,0.03537943141942641,0,,,,
BNEN_0720,BNEN_G240,bn-en,E4_codemix,0,0.6634111855657341,0,,,,
BNEN_0721,BNEN_G241,en,E4_codemix,0,0.9241790250589269,1,,,,
BNEN_0722,BNEN_G241,bn,E4_codemix,0,0.03537943141942641,0,,,,
BNEN_0723,BNEN_G241,bn-en,E4_codemix,0,0.23441213226452814,0,,,,
BNEN_0724,BNEN_G242,en,E4_codemix,0,0.9760037401177264,1,,,,
BNEN_0725,BNEN_G242,bn,E4_codemix,0,0.03537943141942641,0,,,,
BNEN_0726,BNEN_G242,bn-en,E4_codemix,0,0.6446387900899411,0,,,,
BNEN_0727,BNEN_G243,en,E4_codemix,0,0.2950384538903452,0,,,,
BNEN_0728,BNEN_G243,bn,E4_codemix,0,0.03537943141942641,0,,,,
BNEN_0729,BNEN_G243,bn-en,E4_codemix,0,0.2861805867708687,0,,,,
BNEN_0730,BNEN_G244,en,E4_codemix,0,0.08187030686259228,0,,,,
BNEN_0731,BNEN_G244,bn,E4_codemix,0,0.03537943141942641,0,,,,
BNEN_0732,BNEN_G244,bn-en,E4_codemix,0,0.06309075538292999,0,,,,
BNEN_0733,BNEN_G245,en,E4_codemix,0,0.03519660994168743,0,,,,
BNEN_0734,BNEN_G245,bn,E4_codemix,0,0.03537943141942641,0,,,,
BNEN_0735,BNEN_G245,bn-en,E4_codemix,0,0.5949877034684194,0,,,,
BNEN_0736,BNEN_G246,en,E4_codemix,0,0.040425207626310994,0,,,,
BNEN_0737,BNEN_G246,bn,E4_codemix,0,0.03537943141942641,0,,,,
BNEN_0738,BNEN_G246,bn-en,E4_codemix,0,0.06103658988445197,0,,,,
BNEN_0739,BNEN_G247,en,E4_codemix,0,0.04172562574228354,0,,,,
BNEN_0740,BNEN_G247,bn,E4_codemix,0,0.03537943141942641,0,,,,
BNEN_0741,BNEN_G247,bn-en,E4_codemix,0,0.5384043172416444,0,,,,
BNEN_0742,BNEN_G248,en,E4_codemix,0,0.032502016704766094,0,,,,
BNEN_0743,BNEN_G248,bn,E4_codemix,0,0.03537943141942641,0,,,,
BNEN_0744,BNEN_G248,bn-en,E4_codemix,0,0.0631839769079974,0,,,,
BNEN_0745,BNEN_G249,en,E4_codemix,0,0.08919011605751694,0,,,,
BNEN_0746,BNEN_G249,bn,E4_codemix,0,0.03537943141942641,0,,,,
BNEN_0747,BNEN_G249,bn-en,E4_codemix,0,0.27585896899957985,0,,,,
BNEN_0748,BNEN_G250,en,E4_codemix,0,0.06551161131020021,0,,,,
BNEN_0749,BNEN_G250,bn,E4_codemix,0,0.03537943141942641,0,,,,
BNEN_0750,BNEN_G250,bn-en,E4_codemix,0,0.057686971007071326,0,,,,
BNEN_0751,BNEN_G251,en,E4_codemix,0,0.05766057763694209,0,,,,
BNEN_0752,BNEN_G251,bn,E4_codemix,0,0.03537943141942641,0,,,,
BNEN_0753,BNEN_G251,bn-en,E4_codemix,0,0.3245842299578515,0,,,,
BNEN_0754,BNEN_G252,en,E4_codemix,0,0.06727583930226952,0,,,,
BNEN_0755,BNEN_G252,bn,E4_codemix,0,0.03537943141942641,0,,,,
BNEN_0756,BNEN_G252,bn-en,E4_codemix,0,0.21099821805078953,0,,,,
BNEN_0757,BNEN_G253,en,E4_codemix,0,0.11010696588069503,0,,,,
BNEN_0758,BNEN_G253,bn,E4_codemix,0,0.03537943141942641,0,,,,
BNEN_0759,BNEN_G253,bn-en,E4_codemix,0,0.164071787651482,0,,,,
BNEN_0760,BNEN_G254,en,E4_codemix,0,0.55646578153915,0,,,,
BNEN_0761,BNEN_G254,bn,E4_codemix,0,0.03537943141942641,0,,,,
BNEN_0762,BNEN_G254,bn-en,E4_codemix,0,0.2403603320772381,0,,,,
BNEN_0763,BNEN_G255,en,E4_codemix,0,0.8862217287630948,1,,,,
BNEN_0764,BNEN_G255,bn,E4_codemix,0,0.03537943141942641,0,,,,
BNEN_0765,BNEN_G255,bn-en,E4_codemix,0,0.45348262872732187,0,,,,
BNEN_0766,BNEN_G256,en,E4_codemix,0,0.12259806885842527,0,,,,
BNEN_0767,BNEN_G256,bn,E4_codemix,0,0.03537943141942641,0,,,,
BNEN_0768,BNEN_G256,bn-en,E4_codemix,0,0.18649606894895143,0,,,,
BNEN_0769,BNEN_G257,en,E4_codemix,0,0.07773210636607289,0,,,,
BNEN_0770,BNEN_G257,bn,E4_codemix,0,0.03537943141942641,0,,,,
BNEN_0771,BNEN_G257,bn-en,E4_codemix,0,0.07100519550151192,0,,,,
BNEN_0772,BNEN_G258,en,E4_codemix,0,0.005942771293581353,0,,,,
BNEN_0773,BNEN_G258,bn,E4_codemix,0,0.03537943141942641,0,,,,
BNEN_0774,BNEN_G258,bn-en,E4_codemix,0,0.02985276578082872,0,,,,
BNEN_0775,BNEN_G259,en,E4_codemix,0,0.00408992090058994,0,,,,
BNEN_0776,BNEN_G259,bn,E4_codemix,0,0.03537943141942641,0,,,,
BNEN_0777,BNEN_G259,bn-en,E4_codemix,0,0.16885368926313443,0,,,,
BNEN_0778,BNEN_G260,en,E4_codemix,0,0.1466573267016323,0,,,,
BNEN_0779,BNEN_G260,bn,E4_codemix,0,0.03537943141942641,0,,,,
BNEN_0780,BNEN_G260,bn-en,E4_codemix,0,0.23457564122632577,0,,,,
BNEN_0781,BNEN_G261,en,E4_codemix,0,0.042857227370065046,0,,,,
BNEN_0782,BNEN_G261,bn,E4_codemix,0,0.03537943141942641,0,,,,
BNEN_0783,BNEN_G261,bn-en,E4_codemix,0,0.08356724645423617,0,,,,
BNEN_0784,BNEN_G262,en,E4_codemix,0,0.08202419942985113,0,,,,
BNEN_0785,BNEN_G262,bn,E4_codemix,0,0.03537943141942641,0,,,,
BNEN_0786,BNEN_G262,bn-en,E4_codemix,0,0.16213204545927495,0,,,,
BNEN_0787,BNEN_G263,en,E4_codemix,0,0.14870395576697262,0,,,,
BNEN_0788,BNEN_G263,bn,E4_codemix,0,0.03537943141942641,0,,,,
BNEN_0789,BNEN_G263,bn-en,E4_codemix,0,0.08081332982787978,0,,,,
BNEN_0790,BNEN_G264,en,E4_codemix,0,0.09013855338963048,0,,,,
BNEN_0791,BNEN_G264,bn,E4_codemix,0,0.03537943141942641,0,,,,
BNEN_0792,BNEN_G264,bn-en,E4_codemix,0,0.341373207566168,0,,,,
BNEN_0793,BNEN_G265,en,E4_codemix,0,0.09571698819941525,0,,,,
BNEN_0794,BNEN_G265,bn,E4_codemix,0,0.03537943141942641,0,,,,
BNEN_0795,BNEN_G265,bn-en,E4_codemix,0,0.10815564315264249,0,,,,
BNEN_0796,BNEN_G266,en,E4_codemix,0,0.23470791425062446,0,,,,
BNEN_0797,BNEN_G266,bn,E4_codemix,0,0.03537943141942641,0,,,,
BNEN_0798,BNEN_G266,bn-en,E4_codemix,0,0.0910390340865162,0,,,,
BNEN_0799,BNEN_G267,en,E4_codemix,0,0.29934077501081896,0,,,,
BNEN_0800,BNEN_G267,bn,E4_codemix,0,0.03537943141942641,0,,,,
BNEN_0801,BNEN_G267,bn-en,E4_codemix,0,0.3173877658036946,0,,,,
BNEN_0802,BNEN_G268,en,E4_codemix,0,0.06100703282342008,0,,,,
BNEN_0803,BNEN_G268,bn,E4_codemix,0,0.03537943141942641,0,,,,
BNEN_0804,BNEN_G268,bn-en,E4_codemix,0,0.07280976070931411,0,,,,
BNEN_0805,BNEN_G269,en,E4_codemix,0,0.012326763857937694,0,,,,
BNEN_0806,BNEN_G269,bn,E4_codemix,0,0.03537943141942641,0,,,,
BNEN_0807,BNEN_G269,bn-en,E4_codemix,0,0.07442026593610661,0,,,,
BNEN_0808,BNEN_G270,en,E4_codemix,0,0.8373995050428302,1,,,,
BNEN_0809,BNEN_G270,bn,E4_codemix,0,0.03537943141942641,0,,,,
BNEN_0810,BNEN_G270,bn-en,E4_codemix,0,0.2892762675819321,0,,,,
BNEN_0811,BNEN_G271,en,E4_codemix,0,0.012580928431885133,0,,,,
BNEN_0812,BNEN_G271,bn,E4_codemix,0,0.03537943141942641,0,,,,
BNEN_0813,BNEN_G271,bn-en,E4_codemix,0,0.07135232321824402,0,,,,
BNEN_0814,BNEN_G272,en,E4_codemix,0,0.040484403144422136,0,,,,
BNEN_0815,BNEN_G272,bn,E4_codemix,0,0.03537943141942641,0,,,,
BNEN_0816,BNEN_G272,bn-en,E4_codemix,0,0.18711811351984,0,,,,
BNEN_0817,BNEN_G273,en,E4_codemix,0,0.30503241911139145,0,,,,
BNEN_0818,BNEN_G273,bn,E4_codemix,0,0.03537943141942641,0,,,,
BNEN_0819,BNEN_G273,bn-en,E4_codemix,0,0.1680257671869941,0,,,,
BNEN_0820,BNEN_G274,en,E4_codemix,0,0.06505317605702365,0,,,,
BNEN_0821,BNEN_G274,bn,E4_codemix,0,0.03537943141942641,0,,,,
BNEN_0822,BNEN_G274,bn-en,E4_codemix,0,0.22581540606645067,0,,,,
BNEN_0823,BNEN_G275,en,E4_codemix,0,0.05327739946887915,0,,,,
BNEN_0824,BNEN_G275,bn,E4_codemix,0,0.03537943141942641,0,,,,
BNEN_0825,BNEN_G275,bn-en,E4_codemix,0,0.17306839004258978,0,,,,
BNEN_0826,BNEN_G276,en,E4_codemix,0,0.04549720121402698,0,,,,
BNEN_0827,BNEN_G276,bn,E4_codemix,0,0.03537943141942641,0,,,,
BNEN_0828,BNEN_G276,bn-en,E4_codemix,0,0.27576611128060835,0,,,,
BNEN_0829,BNEN_G277,en,E4_codemix,0,0.6538518325516051,0,,,,
BNEN_0830,BNEN_G277,bn,E4_codemix,0,0.03537943141942641,0,,,,
BNEN_0831,BNEN_G277,bn-en,E4_codemix,0,0.05096510346742621,0,,,,
BNEN_0832,BNEN_G278,en,E4_codemix,0,0.030867900362896845,0,,,,
BNEN_0833,BNEN_G278,bn,E4_codemix,0,0.03537943141942641,0,,,,
BNEN_0834,BNEN_G278,bn-en,E4_codemix,0,0.39987750535803834,0,,,,
BNEN_0835,BNEN_G279,en,E4_codemix,0,0.13084326654207612,0,,,,
BNEN_0836,BNEN_G279,bn,E4_codemix,0,0.03537943141942641,0,,,,
BNEN_0837,BNEN_G279,bn-en,E4_codemix,0,0.10447266527040198,0,,,,
BNEN_0838,BNEN_G280,en,E4_codemix,0,0.1530376909625176,0,,,,
BNEN_0839,BNEN_G280,bn,E4_codemix,0,0.03537943141942641,0,,,,
BNEN_0840,BNEN_G280,bn-en,E4_codemix,0,0.05906939657128866,0,,,,
BNEN_0841,BNEN_G281,en,E4_codemix,0,0.03784756524514659,0,,,,
BNEN_0842,BNEN_G281,bn,E4_codemix,0,0.03537943141942641,0,,,,
BNEN_0843,BNEN_G281,bn-en,E4_codemix,0,0.3662256679361122,0,,,,
BNEN_0844,BNEN_G282,en,E4_codemix,0,0.09519145661187609,0,,,,
BNEN_0845,BNEN_G282,bn,E4_codemix,0,0.03537943141942641,0,,,,
BNEN_0846,BNEN_G282,bn-en,E4_codemix,0,0.04355485427600103,0,,,,
BNEN_0847,BNEN_G283,en,E4_codemix,0,0.06521674043845599,0,,,,
BNEN_0848,BNEN_G283,bn,E4_codemix,0,0.03537943141942641,0,,,,
BNEN_0849,BNEN_G283,bn-en,E4_codemix,0,0.09522220723972954,0,,,,
BNEN_0850,BNEN_G284,en,E4_codemix,0,0.046264251802413656,0,,,,
BNEN_0851,BNEN_G284,bn,E4_codemix,0,0.03537943141942641,0,,,,
BNEN_0852,BNEN_G284,bn-en,E4_codemix,0,0.27669138820678746,0,,,,
BNEN_0853,BNEN_G285,en,E4_codemix,0,0.003152863717907409,0,,,,
BNEN_0854,BNEN_G285,bn,E4_codemix,0,0.03537943141942641,0,,,,
BNEN_0855,BNEN_G285,bn-en,E4_codemix,0,0.0872405155421459,0,,,,
BNEN_0856,BNEN_G286,en,E4_codemix,0,0.02642724181718169,0,,,,
BNEN_0857,BNEN_G286,bn,E4_codemix,0,0.03537943141942641,0,,,,
BNEN_0858,BNEN_G286,bn-en,E4_codemix,0,0.3219700702052671,0,,,,
BNEN_0859,BNEN_G287,en,E4_codemix,0,0.07158325967449837,0,,,,
BNEN_0860,BNEN_G287,bn,E4_codemix,0,0.03537943141942641,0,,,,
BNEN_0861,BNEN_G287,bn-en,E4_codemix,0,0.5836194220917675,0,,,,
BNEN_0862,BNEN_G288,en,E4_codemix,0,0.06371341224228988,0,,,,
BNEN_0863,BNEN_G288,bn,E4_codemix,0,0.03537943141942641,0,,,,
BNEN_0864,BNEN_G288,bn-en,E4_codemix,0,0.14280824998953037,0,,,,
BNEN_0865,BNEN_G289,en,E4_codemix,0,0.11378352108915012,0,,,,
BNEN_0866,BNEN_G289,bn,E4_codemix,0,0.03537943141942641,0,,,,
BNEN_0867,BNEN_G289,bn-en,E4_codemix,0,0.054808904179171024,0,,,,
BNEN_0868,BNEN_G290,en,E4_codemix,0,0.015884061849566807,0,,,,
BNEN_0869,BNEN_G290,bn,E4_codemix,0,0.03537943141942641,0,,,,
BNEN_0870,BNEN_G290,bn-en,E4_codemix,0,0.36222971510644153,0,,,,
BNEN_0871,BNEN_G291,en,E4_codemix,0,0.026760437423857402,0,,,,
BNEN_0872,BNEN_G291,bn,E4_codemix,0,0.03537943141942641,0,,,,
BNEN_0873,BNEN_G291,bn-en,E4_codemix,0,0.07992817857494686,0,,,,
BNEN_0874,BNEN_G292,en,E4_codemix,0,0.08599903074286358,0,,,,
BNEN_0875,BNEN_G292,bn,E4_codemix,0,0.03537943141942641,0,,,,
BNEN_0876,BNEN_G292,bn-en,E4_codemix,0,0.06071404181903358,0,,,,
BNEN_0877,BNEN_G293,en,E4_codemix,0,0.1342619760028584,0,,,,
BNEN_0878,BNEN_G293,bn,E4_codemix,0,0.03537943141942641,0,,,,
BNEN_0879,BNEN_G293,bn-en,E4_codemix,0,0.061913836248823295,0,,,,
BNEN_0880,BNEN_G294,en,E4_codemix,0,0.04586228216693502,0,,,,
BNEN_0881,BNEN_G294,bn,E4_codemix,0,0.03537943141942641,0,,,,
BNEN_0882,BNEN_G294,bn-en,E4_codemix,0,0.08432899383990496,0,,,,
BNEN_0883,BNEN_G295,en,E4_codemix,0,0.01466267789192109,0,,,,
BNEN_0884,BNEN_G295,bn,E4_codemix,0,0.03537943141942641,0,,,,
BNEN_0885,BNEN_G295,bn-en,E4_codemix,0,0.44699287212214267,0,,,,
BNEN_0886,BNEN_G296,en,E4_codemix,0,0.3493613257522247,0,,,,
BNEN_0887,BNEN_G296,bn,E4_codemix,0,0.03537943141942641,0,,,,
BNEN_0888,BNEN_G296,bn-en,E4_codemix,0,0.2965601022041126,0,,,,
BNEN_0889,BNEN_G297,en,E4_codemix,0,0.7382177855520135,1,,,,
BNEN_0890,BNEN_G297,bn,E4_codemix,0,0.03537943141942641,0,,,,
BNEN_0891,BNEN_G297,bn-en,E4_codemix,0,0.18772962262297624,0,,,,
BNEN_0892,BNEN_G298,en,E4_codemix,0,0.04441816461470298,0,,,,
BNEN_0893,BNEN_G298,bn,E4_codemix,0,0.03537943141942641,0,,,,
BNEN_0894,BNEN_G298,bn-en,E4_codemix,0,0.06581066502507474,0,,,,
BNEN_0895,BNEN_G299,en,E4_codemix,0,0.19033966701855054,0,,,,
BNEN_0896,BNEN_G299,bn,E4_codemix,0,0.03537943141942641,0,,,,
BNEN_0897,BNEN_G299,bn-en,E4_codemix,0,0.06569414871704578,0,,,,
BNEN_0898,BNEN_G300,en,E4_codemix,0,0.09864482851869191,0,,,,
BNEN_0899,BNEN_G300,bn,E4_codemix,0,0.03537943141942641,0,,,,
BNEN_0900,BNEN_G300,bn-en,E4_codemix,0,0.12621112474744614,0,,,,
D2_00001,G_00662,en,E5_crossdataset,1,0.9867249962724476,1,,,,
D2_00002,G_00663,en,E5_crossdataset,1,0.9815288939650149,1,,,,
D2_00003,G_00664,en,E5_crossdataset,1,0.999761509152937,1,,,,
D2_00004,G_00665,en,E5_crossdataset,1,0.9634971014845863,1,,,,
D2_00005,G_00666,en,E5_crossdataset,1,0.9801745346558562,1,,,,
D2_00006,G_00667,en,E5_crossdataset,1,0.9904085699467925,1,,,,
D2_00007,G_00668,en,E5_crossdataset,1,0.7650542947100603,1,,,,
D2_00008,G_00669,en,E5_crossdataset,1,0.9714110134462257,1,,,,
D2_00009,G_00670,en,E5_crossdataset,1,0.5918374762843944,0,,,,
D2_00010,G_00671,en,E5_crossdataset,1,0.9624227056115675,1,,,,
D2_00011,G_00672,en,E5_crossdataset,1,0.9993231336878505,1,,,,
D2_00012,G_00673,en,E5_crossdataset,1,0.9960603482701076,1,,,,
D2_00013,G_00674,en,E5_crossdataset,1,0.9996643345053384,1,,,,
D2_00014,G_00675,en,E5_crossdataset,1,0.9960604260046234,1,,,,
D2_00015,G_00676,en,E5_crossdataset,1,0.9778608674292877,1,,,,
D2_00016,G_00677,en,E5_crossdataset,1,0.9661249931152427,1,,,,
D2_00017,G_00678,en,E5_crossdataset,1,0.9980715964279288,1,,,,
D2_00018,G_00679,en,E5_crossdataset,1,0.9974620172492855,1,,,,
D2_00019,G_00680,en,E5_crossdataset,1,0.9850065293796022,1,,,,
D2_00020,G_00681,en,E5_crossdataset,1,0.9969383110569618,1,,,,
D2_00021,G_00682,en,E5_crossdataset,1,0.9521486791963224,1,,,,
D2_00022,G_00683,en,E5_crossdataset,1,0.9997373121102314,1,,,,
D2_00023,G_00684,en,E5_crossdataset,1,0.9968817997886069,1,,,,
D2_00024,G_00685,en,E5_crossdataset,1,0.9988724732400047,1,,,,
D2_00025,G_00686,en,E5_crossdataset,1,0.987116909157133,1,,,,
D2_00026,G_00687,en,E5_crossdataset,1,0.9837625078601242,1,,,,
D2_00027,G_00688,en,E5_crossdataset,1,0.7200206171309088,1,,,,
D2_00028,G_00689,en,E5_crossdataset,1,0.9846898327741607,1,,,,
D2_00029,G_00690,en,E5_crossdataset,1,0.9935261504992285,1,,,,
D2_00030,G_00691,en,E5_crossdataset,1,0.9881064522234295,1,,,,
D2_00031,G_00692,en,E5_crossdataset,1,0.9859257106688532,1,,,,
D2_00032,G_00693,en,E5_crossdataset,1,0.9965447780645994,1,,,,
D2_00033,G_00694,en,E5_crossdataset,1,0.7151673863501606,1,,,,
D2_00034,G_00695,en,E5_crossdataset,1,0.9975192112357121,1,,,,
D2_00035,G_00696,en,E5_crossdataset,1,0.9979147541466166,1,,,,
D2_00036,G_00697,en,E5_crossdataset,1,0.9970345050001961,1,,,,
D2_00037,G_00698,en,E5_crossdataset,1,0.9426387222856,1,,,,
D2_00038,G_00699,en,E5_crossdataset,1,0.9972244371991618,1,,,,
D2_00039,G_00700,en,E5_crossdataset,1,0.9273120979609348,1,,,,
D2_00040,G_00701,en,E5_crossdataset,1,0.9176740052733493,1,,,,
D2_00041,G_00702,en,E5_crossdataset,1,0.8878418453421075,1,,,,
D2_00042,G_00703,en,E5_crossdataset,1,0.9910285873234085,1,,,,
D2_00043,G_00704,en,E5_crossdataset,1,0.9958366129536537,1,,,,
D2_00044,G_00705,en,E5_crossdataset,1,0.9514872378269946,1,,,,
D2_00045,G_00706,en,E5_crossdataset,1,0.585692001087912,0,,,,
D2_00046,G_00707,en,E5_crossdataset,1,0.9938770646015797,1,,,,
D2_00047,G_00708,en,E5_crossdataset,1,0.981293381229545,1,,,,
D2_00048,G_00709,en,E5_crossdataset,1,0.9598378335809031,1,,,,
D2_00049,G_00710,en,E5_crossdataset,1,0.986207149747313,1,,,,
D2_00050,G_00711,en,E5_crossdataset,1,0.9950759523752808,1,,,,
D2_00051,G_00712,en,E5_crossdataset,1,0.9997234285364567,1,,,,
D2_00052,G_00713,en,E5_crossdataset,1,0.9973370623184789,1,,,,
D2_00053,G_00714,en,E5_crossdataset,1,0.9856465660619174,1,,,,
D2_00054,G_00715,en,E5_crossdataset,1,0.6484629493627803,0,,,,
D2_00055,G_00716,en,E5_crossdataset,1,0.9580041518982104,1,,,,
D2_00056,G_00717,en,E5_crossdataset,1,0.9841613721636818,1,,,,
D2_00057,G_00718,en,E5_crossdataset,1,0.9658207136048045,1,,,,
D2_00058,G_00719,en,E5_crossdataset,1,0.9928940200529162,1,,,,
D2_00059,G_00720,en,E5_crossdataset,1,0.9439551168515017,1,,,,
D2_00060,G_00721,en,E5_crossdataset,1,0.8094541246734542,1,,,,
D2_00061,G_00722,en,E5_crossdataset,1,0.9361381847489789,1,,,,
D2_00062,G_00723,en,E5_crossdataset,1,0.9953588501106463,1,,,,
D2_00063,G_00724,en,E5_crossdataset,1,0.985052558344884,1,,,,
D2_00064,G_00725,en,E5_crossdataset,1,0.9046327733950816,1,,,,
D2_00065,G_00726,en,E5_crossdataset,1,0.9986747740195325,1,,,,
D2_00066,G_00727,en,E5_crossdataset,1,0.9970446170047114,1,,,,
D2_00067,G_00728,en,E5_crossdataset,1,0.9411012863896329,1,,,,
D2_00068,G_00729,en,E5_crossdataset,1,0.9995768691160949,1,,,,
D2_00069,G_00730,en,E5_crossdataset,1,0.9808763351068722,1,,,,
D2_00070,G_00731,en,E5_crossdataset,1,0.996628773115895,1,,,,
D2_00071,G_00732,en,E5_crossdataset,1,0.9982563578768814,1,,,,
D2_00072,G_00733,en,E5_crossdataset,1,0.9538660834257809,1,,,,
D2_00073,G_00734,en,E5_crossdataset,1,0.9986119156545057,1,,,,
D2_00074,G_00735,en,E5_crossdataset,1,0.9962395780897063,1,,,,
D2_00075,G_00736,en,E5_crossdataset,1,0.949867099354736,1,,,,
D2_00076,G_00737,en,E5_crossdataset,1,0.9783233837291118,1,,,,
D2_00077,G_00738,en,E5_crossdataset,1,0.9242148311939374,1,,,,
D2_00078,G_00739,en,E5_crossdataset,1,0.4243068879476305,0,,,,
D2_00079,G_00740,en,E5_crossdataset,1,0.9810399260620719,1,,,,
D2_00080,G_00741,en,E5_crossdataset,1,0.9853747123654499,1,,,,
D2_00081,G_00742,en,E5_crossdataset,1,0.9998042314310562,1,,,,
D2_00082,G_00743,en,E5_crossdataset,1,0.7254542301307508,1,,,,
D2_00083,G_00744,en,E5_crossdataset,1,0.9961638452846768,1,,,,
D2_00084,G_00745,en,E5_crossdataset,1,0.6934118848192153,0,,,,
D2_00085,G_00746,en,E5_crossdataset,1,0.9385977604182161,1,,,,
D2_00086,G_00747,en,E5_crossdataset,1,0.948680444046685,1,,,,
D2_00087,G_00748,en,E5_crossdataset,1,0.9905682833151515,1,,,,
D2_00088,G_00749,en,E5_crossdataset,1,0.9993456966479206,1,,,,
D2_00089,G_00750,en,E5_crossdataset,1,0.9634159711939143,1,,,,
D2_00090,G_00751,en,E5_crossdataset,1,0.9835748886136644,1,,,,
D2_00091,G_00752,en,E5_crossdataset,1,0.9992750474161354,1,,,,
D2_00092,G_00753,en,E5_crossdataset,1,0.9929172374645036,1,,,,
D2_00093,G_00754,en,E5_crossdataset,1,0.9996203007764413,1,,,,
D2_00094,G_00755,en,E5_crossdataset,1,0.9674603025053624,1,,,,
D2_00095,G_00756,en,E5_crossdataset,1,0.9686207876236067,1,,,,
D2_00096,G_00757,en,E5_crossdataset,1,0.8007198305934845,1,,,,
D2_00097,G_00758,en,E5_crossdataset,1,0.9938305243707594,1,,,,
D2_00098,G_00759,en,E5_crossdataset,1,0.9711756392371061,1,,,,
D2_00099,G_00760,en,E5_crossdataset,1,0.9846096102884417,1,,,,
D2_00100,G_00761,en,E5_crossdataset,1,0.894854233323726,1,,,,
D2_00101,G_00762,en,E5_crossdataset,1,0.8085458378788941,1,,,,
D2_00102,G_00763,en,E5_crossdataset,1,0.9999780849129445,1,,,,
D2_00103,G_00764,en,E5_crossdataset,1,0.9959843391288138,1,,,,
D2_00104,G_00765,en,E5_crossdataset,1,0.9997674757412857,1,,,,
D2_00105,G_00766,en,E5_crossdataset,1,0.9936216171013218,1,,,,
D2_00106,G_00767,en,E5_crossdataset,1,0.9380265803418179,1,,,,
D2_00107,G_00768,en,E5_crossdataset,1,0.8502069414896893,1,,,,
D2_00108,G_00769,en,E5_crossdataset,1,0.9927808335496299,1,,,,
D2_00109,G_00770,en,E5_crossdataset,1,0.9819575300618798,1,,,,
D2_00110,G_00771,en,E5_crossdataset,1,0.9871471054332184,1,,,,
D2_00111,G_00772,en,E5_crossdataset,1,0.9813036045788425,1,,,,
D2_00112,G_00773,en,E5_crossdataset,1,0.9571682885987335,1,,,,
D2_00113,G_00774,en,E5_crossdataset,1,0.9978399823126628,1,,,,
D2_00114,G_00775,en,E5_crossdataset,1,0.987082790591186,1,,,,
D2_00115,G_00776,en,E5_crossdataset,1,0.9637676062934177,1,,,,
D2_00116,G_00777,en,E5_crossdataset,1,0.9999629070885521,1,,,,
D2_00117,G_00778,en,E5_crossdataset,1,0.9999347368748049,1,,,,
D2_00118,G_00779,en,E5_crossdataset,1,0.999191896555548,1,,,,
D2_00119,G_00780,en,E5_crossdataset,1,0.9652954606263642,1,,,,
D2_00120,G_00781,en,E5_crossdataset,1,0.9895756521141075,1,,,,
D2_00121,G_00782,en,E5_crossdataset,1,0.9942501704775615,1,,,,
D2_00122,G_00783,en,E5_crossdataset,1,0.9980351720584878,1,,,,
D2_00123,G_00784,en,E5_crossdataset,1,0.9080920339956646,1,,,,
D2_00124,G_00785,en,E5_crossdataset,1,0.9993392688753313,1,,,,
D2_00125,G_00786,en,E5_crossdataset,1,0.8537916267229101,1,,,,
D2_00126,G_00787,en,E5_crossdataset,1,0.9792710169254482,1,,,,
D2_00127,G_00788,en,E5_crossdataset,1,0.9959889725336005,1,,,,
D2_00128,G_00789,en,E5_crossdataset,1,0.9820685526624011,1,,,,
D2_00129,G_00790,en,E5_crossdataset,1,0.990212687430638,1,,,,
D2_00130,G_00791,en,E5_crossdataset,1,0.9840925911060143,1,,,,
D2_00131,G_00792,en,E5_crossdataset,1,0.9986692613485507,1,,,,
D2_00132,G_00793,en,E5_crossdataset,1,0.9899406189948419,1,,,,
D2_00133,G_00794,en,E5_crossdataset,1,0.9998478035872634,1,,,,
D2_00134,G_00795,en,E5_crossdataset,1,0.9983898479538578,1,,,,
D2_00135,G_00796,en,E5_crossdataset,1,0.9500237418354819,1,,,,
D2_00136,G_00797,en,E5_crossdataset,1,0.9969470844662677,1,,,,
D2_00137,G_00798,en,E5_crossdataset,1,0.7248623201490468,1,,,,
D2_00138,G_00799,en,E5_crossdataset,1,0.9858311209515573,1,,,,
D2_00139,G_00800,en,E5_crossdataset,1,0.9973229841419008,1,,,,
D2_00140,G_00801,en,E5_crossdataset,1,0.9880707023113554,1,,,,
D2_00141,G_00802,en,E5_crossdataset,1,0.9996966540485483,1,,,,
D2_00142,G_00803,en,E5_crossdataset,1,0.9956394883343742,1,,,,
D2_00143,G_00804,en,E5_crossdataset,1,0.9998052522297227,1,,,,
D2_00144,G_00805,en,E5_crossdataset,1,0.9826472691727824,1,,,,
D2_00145,G_00806,en,E5_crossdataset,1,0.725344158016676,1,,,,
D2_00146,G_00807,en,E5_crossdataset,1,0.9938223579136631,1,,,,
D2_00147,G_00808,en,E5_crossdataset,1,0.9871727488014037,1,,,,
D2_00148,G_00809,en,E5_crossdataset,1,0.9741199226122088,1,,,,
D2_00149,G_00810,en,E5_crossdataset,1,0.9901584803933663,1,,,,
D2_00150,G_00811,en,E5_crossdataset,1,0.8566087382714216,1,,,,
D2_00151,G_00812,en,E5_crossdataset,1,0.9996605930617237,1,,,,
D2_00152,G_00813,en,E5_crossdataset,1,0.999576157671512,1,,,,
D2_00153,G_00814,en,E5_crossdataset,1,0.9554078479710578,1,,,,
D2_00154,G_00815,en,E5_crossdataset,1,0.9746220442856411,1,,,,
D2_00155,G_00816,en,E5_crossdataset,1,0.994669966788666,1,,,,
D2_00156,G_00817,en,E5_crossdataset,1,0.9160365487121315,1,,,,
D2_00157,G_00818,en,E5_crossdataset,1,0.996581593850881,1,,,,
D2_00158,G_00819,en,E5_crossdataset,1,0.9978193307089642,1,,,,
D2_00159,G_00820,en,E5_crossdataset,1,0.9892961204248926,1,,,,
D2_00160,G_00821,en,E5_crossdataset,1,0.9883004992219195,1,,,,
D2_00161,G_00822,en,E5_crossdataset,1,0.9370699811190316,1,,,,
D2_00162,G_00823,en,E5_crossdataset,1,0.9939134848301349,1,,,,
D2_00163,G_00824,en,E5_crossdataset,1,0.9147788692732203,1,,,,
D2_00164,G_00825,en,E5_crossdataset,1,0.9768950574638872,1,,,,
D2_00165,G_00826,en,E5_crossdataset,1,0.9934963709265278,1,,,,
D2_00166,G_00827,en,E5_crossdataset,1,0.9791068182481051,1,,,,
D2_00167,G_00828,en,E5_crossdataset,1,0.9854729159193117,1,,,,
D2_00168,G_00829,en,E5_crossdataset,1,0.9495585719672902,1,,,,
D2_00169,G_00830,en,E5_crossdataset,1,0.9719156155496316,1,,,,
D2_00170,G_00831,en,E5_crossdataset,1,0.9869177544924436,1,,,,
D2_00171,G_00832,en,E5_crossdataset,1,0.998125504638313,1,,,,
D2_00172,G_00833,en,E5_crossdataset,1,0.9382198576180245,1,,,,
D2_00173,G_00834,en,E5_crossdataset,1,0.9996821757154846,1,,,,
D2_00174,G_00835,en,E5_crossdataset,1,0.9947862338220015,1,,,,
D2_00175,G_00836,en,E5_crossdataset,1,0.9789675097180173,1,,,,
D2_00176,G_00837,en,E5_crossdataset,1,0.9899673567856981,1,,,,
D2_00177,G_00838,en,E5_crossdataset,1,0.9977957178099245,1,,,,
D2_00178,G_00839,en,E5_crossdataset,1,0.9892558054893895,1,,,,
D2_00179,G_00840,en,E5_crossdataset,1,0.9927316578895541,1,,,,
D2_00180,G_00841,en,E5_crossdataset,1,0.9996707454454904,1,,,,
D2_00181,G_00842,en,E5_crossdataset,1,0.9767367804110405,1,,,,
D2_00182,G_00843,en,E5_crossdataset,1,0.9793894684470306,1,,,,
D2_00183,G_00844,en,E5_crossdataset,1,0.9789405644856157,1,,,,
D2_00184,G_00790,en,E5_crossdataset,1,0.990212687430638,1,,,,
D2_00185,G_00846,en,E5_crossdataset,1,0.9958837569578802,1,,,,
D2_00186,G_00847,en,E5_crossdataset,1,0.9880001584271915,1,,,,
D2_00187,G_00848,en,E5_crossdataset,1,0.9992661847084886,1,,,,
D2_00188,G_00849,en,E5_crossdataset,1,0.9900898885625421,1,,,,
D2_00189,G_00850,en,E5_crossdataset,1,0.9219184079374613,1,,,,
D2_00190,G_00851,en,E5_crossdataset,1,0.9906672567241052,1,,,,
D2_00191,G_00852,en,E5_crossdataset,1,0.998855072833803,1,,,,
D2_00192,G_00853,en,E5_crossdataset,1,0.6052495754084604,0,,,,
D2_00193,G_00854,en,E5_crossdataset,1,0.975591896343337,1,,,,
D2_00194,G_00855,en,E5_crossdataset,1,0.9997730680548419,1,,,,
D2_00195,G_00856,en,E5_crossdataset,1,0.9800435708587112,1,,,,
D2_00196,G_00857,en,E5_crossdataset,1,0.9880216865058115,1,,,,
D2_00197,G_00858,en,E5_crossdataset,1,0.9959621613607907,1,,,,
D2_00198,G_00859,en,E5_crossdataset,1,0.9999977134116398,1,,,,
D2_00199,G_00860,en,E5_crossdataset,1,0.9955546264389116,1,,,,
D2_00200,G_00861,en,E5_crossdataset,1,0.9989567603455827,1,,,,
D2_00201,G_00862,en,E5_crossdataset,1,0.38975679167883354,0,,,,
D2_00202,G_00863,en,E5_crossdataset,1,0.978063628891388,1,,,,
D2_00203,G_00864,en,E5_crossdataset,1,0.9859787152112837,1,,,,
D2_00204,G_00865,en,E5_crossdataset,1,0.9584213472679958,1,,,,
D2_00205,G_00866,en,E5_crossdataset,1,0.9880667509978336,1,,,,
D2_00206,G_00867,en,E5_crossdataset,1,0.981843807138264,1,,,,
D2_00207,G_00868,en,E5_crossdataset,1,0.9948598607920458,1,,,,
D2_00208,G_00869,en,E5_crossdataset,1,0.9793366300311702,1,,,,
D2_00209,G_00870,en,E5_crossdataset,1,0.9938163463977849,1,,,,
D2_00210,G_00871,en,E5_crossdataset,1,0.77645733074298,1,,,,
D2_00211,G_00872,en,E5_crossdataset,1,0.9435753556076388,1,,,,
D2_00212,G_00873,en,E5_crossdataset,1,0.9757525784232698,1,,,,
D2_00213,G_00874,en,E5_crossdataset,1,0.7288884563322802,1,,,,
D2_00214,G_00875,en,E5_crossdataset,1,0.9687495751587566,1,,,,
D2_00215,G_00876,en,E5_crossdataset,1,0.9741278600595593,1,,,,
D2_00216,G_00877,en,E5_crossdataset,1,0.949859932291276,1,,,,
D2_00217,G_00878,en,E5_crossdataset,1,0.9998892239187109,1,,,,
D2_00218,G_00879,en,E5_crossdataset,1,0.9861713116202866,1,,,,
D2_00219,G_00880,en,E5_crossdataset,1,0.9978709695544408,1,,,,
D2_00220,G_00881,en,E5_crossdataset,1,0.9971105007196631,1,,,,
D2_00221,G_00882,en,E5_crossdataset,1,0.9925101988042943,1,,,,
D2_00222,G_00883,en,E5_crossdataset,1,0.9929163175195131,1,,,,
D2_00223,G_00884,en,E5_crossdataset,1,0.9972283982138622,1,,,,
D2_00224,G_00885,en,E5_crossdataset,1,0.8759424919850787,1,,,,
D2_00225,G_00886,en,E5_crossdataset,1,0.9983472916361048,1,,,,
D2_00226,G_00887,en,E5_crossdataset,1,0.9959143731014373,1,,,,
D2_00227,G_00888,en,E5_crossdataset,1,0.9913975629464001,1,,,,
D2_00228,G_00889,en,E5_crossdataset,1,0.6627078863179635,0,,,,
D2_00229,G_00890,en,E5_crossdataset,1,0.9946556373378372,1,,,,
D2_00230,G_00891,en,E5_crossdataset,1,0.9974519033848095,1,,,,
D2_00231,G_00892,en,E5_crossdataset,1,0.8207410228605815,1,,,,
D2_00232,G_00893,en,E5_crossdataset,1,0.9523543155276475,1,,,,
D2_00233,G_00894,en,E5_crossdataset,1,0.9826086933051957,1,,,,
D2_00234,G_00895,en,E5_crossdataset,1,0.635873068877695,0,,,,
D2_00235,G_00896,en,E5_crossdataset,1,0.9944928698428495,1,,,,
D2_00236,G_00897,en,E5_crossdataset,1,0.9992665979988409,1,,,,
D2_00237,G_00898,en,E5_crossdataset,1,0.9912649697325776,1,,,,
D2_00238,G_00899,en,E5_crossdataset,1,0.9900419208487913,1,,,,
D2_00239,G_00900,en,E5_crossdataset,1,0.9606230451274149,1,,,,
D2_00240,G_00901,en,E5_crossdataset,1,0.9852670837718805,1,,,,
D2_00241,G_00902,en,E5_crossdataset,1,0.993779260342072,1,,,,
D2_00242,G_00903,en,E5_crossdataset,1,0.9825815719667665,1,,,,
D2_00243,G_00904,en,E5_crossdataset,1,0.9975490062525683,1,,,,
D2_00244,G_00905,en,E5_crossdataset,1,0.9955706771050699,1,,,,
D2_00245,G_00906,en,E5_crossdataset,1,0.9946766758845127,1,,,,
D2_00246,G_00907,en,E5_crossdataset,1,0.762871820565735,1,,,,
D2_00247,G_00908,en,E5_crossdataset,1,0.9943008762162401,1,,,,
D2_00248,G_00909,en,E5_crossdataset,1,0.9830193752967172,1,,,,
D2_00249,G_00910,en,E5_crossdataset,1,0.9905917997144669,1,,,,
D2_00250,G_00911,en,E5_crossdataset,1,0.8665563766845408,1,,,,
D2_00251,G_00912,en,E5_crossdataset,1,0.9866271605049851,1,,,,
D2_00252,G_00913,en,E5_crossdataset,1,0.7143437996046893,1,,,,
D2_00253,G_00914,en,E5_crossdataset,1,0.9749721424692099,1,,,,
D2_00254,G_00915,en,E5_crossdataset,1,0.9335649899023133,1,,,,
D2_00255,G_00916,en,E5_crossdataset,1,0.8355432695076244,1,,,,
D2_00256,G_00917,en,E5_crossdataset,1,0.9997963074887615,1,,,,
D2_00257,G_00918,en,E5_crossdataset,1,0.9742242219498206,1,,,,
D2_00258,G_00919,en,E5_crossdataset,1,0.7382988424970224,1,,,,
D2_00259,G_00920,en,E5_crossdataset,1,0.9978071436010135,1,,,,
D2_00260,G_00921,en,E5_crossdataset,1,0.9989648207540137,1,,,,
D2_00261,G_00922,en,E5_crossdataset,1,0.9935354473670032,1,,,,
D2_00262,G_00923,en,E5_crossdataset,1,0.9992402643944215,1,,,,
D2_00263,G_00924,en,E5_crossdataset,1,0.9486351065829199,1,,,,
D2_00264,G_00925,en,E5_crossdataset,1,0.9939148468618236,1,,,,
D2_00265,G_00926,en,E5_crossdataset,1,0.36202779080943764,0,,,,
D2_00266,G_00927,en,E5_crossdataset,1,0.947635619510855,1,,,,
D2_00267,G_00928,en,E5_crossdataset,1,0.9812684632580351,1,,,,
D2_00268,G_00929,en,E5_crossdataset,1,0.993512259054098,1,,,,
D2_00269,G_00930,en,E5_crossdataset,1,0.9939205111478924,1,,,,
D2_00270,G_00931,en,E5_crossdataset,1,0.7821364558399448,1,,,,
D2_00271,G_00932,en,E5_crossdataset,1,0.9149605699933553,1,,,,
D2_00272,G_00933,en,E5_crossdataset,1,0.7411074147984597,1,,,,
D2_00273,G_00934,en,E5_crossdataset,1,0.9931564535120003,1,,,,
D2_00274,G_00935,en,E5_crossdataset,1,0.9900146055884689,1,,,,
D2_00275,G_00936,en,E5_crossdataset,1,0.9800759087865056,1,,,,
D2_00276,G_00937,en,E5_crossdataset,1,0.996016560423813,1,,,,
D2_00277,G_00938,en,E5_crossdataset,1,0.991619120227851,1,,,,
D2_00278,G_00939,en,E5_crossdataset,1,0.9988409484988464,1,,,,
D2_00279,G_00940,en,E5_crossdataset,1,0.9955559856859899,1,,,,
D2_00280,G_00941,en,E5_crossdataset,1,0.9999109825514537,1,,,,
D2_00281,G_00942,en,E5_crossdataset,1,0.995900096442285,1,,,,
D2_00282,G_00943,en,E5_crossdataset,1,0.9889703821491524,1,,,,
D2_00283,G_00944,en,E5_crossdataset,1,0.8865566315720196,1,,,,
D2_00284,G_00945,en,E5_crossdataset,1,0.9911335153601575,1,,,,
D2_00285,G_00946,en,E5_crossdataset,1,0.7591224863465064,1,,,,
D2_00286,G_00947,en,E5_crossdataset,1,0.9920641470297097,1,,,,
D2_00287,G_00948,en,E5_crossdataset,1,0.9955433124972509,1,,,,
D2_00288,G_00949,en,E5_crossdataset,1,0.998250431804626,1,,,,
D2_00289,G_00950,en,E5_crossdataset,1,0.9980207782304346,1,,,,
D2_00290,G_00951,en,E5_crossdataset,1,0.9967100214481786,1,,,,
D2_00291,G_00952,en,E5_crossdataset,1,0.980464730936355,1,,,,
D2_00292,G_00953,en,E5_crossdataset,1,0.9587639267649959,1,,,,
D2_00293,G_00954,en,E5_crossdataset,1,0.998575502945398,1,,,,
D2_00294,G_00955,en,E5_crossdataset,1,0.999355881005722,1,,,,
D2_00295,G_00956,en,E5_crossdataset,1,0.7779854788433092,1,,,,
D2_00296,G_00957,en,E5_crossdataset,1,0.9954593624628985,1,,,,
D2_00297,G_00958,en,E5_crossdataset,1,0.7059491224645987,0,,,,
D2_00298,G_00959,en,E5_crossdataset,1,0.9985642462302197,1,,,,
D2_00299,G_00960,en,E5_crossdataset,1,0.9271528471997453,1,,,,
D2_00300,G_00961,en,E5_crossdataset,1,0.9995045811355473,1,,,,
D2_00301,G_00962,en,E5_crossdataset,1,0.9323221139428577,1,,,,
D2_00302,G_00963,en,E5_crossdataset,1,0.9747304263823504,1,,,,
D2_00303,G_00964,en,E5_crossdataset,1,0.885336706489979,1,,,,
D2_00304,G_00965,en,E5_crossdataset,1,0.9952203608139714,1,,,,
D2_00305,G_00966,en,E5_crossdataset,1,0.9601368437626787,1,,,,
D2_00306,G_00967,en,E5_crossdataset,1,0.9931982896598004,1,,,,
D2_00307,G_00968,en,E5_crossdataset,1,0.9628924513671266,1,,,,
D2_00308,G_00969,en,E5_crossdataset,1,0.7352397231486326,1,,,,
D2_00309,G_00970,en,E5_crossdataset,1,0.23296752790115494,0,,,,
D2_00310,G_00971,en,E5_crossdataset,1,0.9998495244268341,1,,,,
D2_00311,G_00972,en,E5_crossdataset,1,0.9998453047643504,1,,,,
D2_00312,G_00973,en,E5_crossdataset,1,0.9043193963169853,1,,,,
D2_00313,G_00974,en,E5_crossdataset,1,0.9987797418425617,1,,,,
D2_00314,G_00975,en,E5_crossdataset,1,0.9986652090797484,1,,,,
D2_00315,G_00976,en,E5_crossdataset,1,0.9988058530680806,1,,,,
D2_00316,G_00977,en,E5_crossdataset,1,0.9435701727149671,1,,,,
D2_00317,G_00978,en,E5_crossdataset,1,0.9981200736175965,1,,,,
D2_00318,G_00979,en,E5_crossdataset,1,0.9787062425977472,1,,,,
D2_00319,G_00980,en,E5_crossdataset,1,0.9993381966751458,1,,,,
D2_00320,G_00981,en,E5_crossdataset,1,0.9799481635168129,1,,,,
D2_00321,G_00982,en,E5_crossdataset,1,0.9670965670057163,1,,,,
D2_00322,G_00983,en,E5_crossdataset,1,0.9850823632613199,1,,,,
D2_00323,G_00984,en,E5_crossdataset,1,0.9684751337380852,1,,,,
D2_00324,G_00985,en,E5_crossdataset,1,0.9968071748079876,1,,,,
D2_00325,G_00986,en,E5_crossdataset,1,0.8509038289229944,1,,,,
D2_00326,G_00987,en,E5_crossdataset,1,0.9938098304447026,1,,,,
D2_00327,G_00988,en,E5_crossdataset,1,0.9988913968694347,1,,,,
D2_00328,G_00989,en,E5_crossdataset,1,0.9996892681612402,1,,,,
D2_00329,G_00990,en,E5_crossdataset,1,0.89020509435801,1,,,,
D2_00330,G_00991,en,E5_crossdataset,1,0.9888816001128118,1,,,,
D2_00331,G_00992,en,E5_crossdataset,1,0.97291391761825,1,,,,
D2_00332,G_00993,en,E5_crossdataset,1,0.9987652489375184,1,,,,
D2_00333,G_00994,en,E5_crossdataset,1,0.9855836629400201,1,,,,
D2_00334,G_00995,en,E5_crossdataset,1,0.9666985634824167,1,,,,
D2_00335,G_00996,en,E5_crossdataset,1,0.9864925788107742,1,,,,
D2_00336,G_00997,en,E5_crossdataset,1,0.9821225761983441,1,,,,
D2_00337,G_00998,en,E5_crossdataset,1,0.9885084708792723,1,,,,
D2_00338,G_00999,en,E5_crossdataset,1,0.7013662244936989,0,,,,
D2_00339,G_01000,en,E5_crossdataset,1,0.9842900921404243,1,,,,
D2_00340,G_01001,en,E5_crossdataset,1,0.8476230229422813,1,,,,
D2_00341,G_01002,en,E5_crossdataset,1,0.9967359518411314,1,,,,
D2_00342,G_01003,en,E5_crossdataset,1,0.999484539718523,1,,,,
D2_00343,G_01004,en,E5_crossdataset,1,0.7821952091687379,1,,,,
D2_00344,G_01005,en,E5_crossdataset,1,0.9933485350893481,1,,,,
D2_00345,G_01006,en,E5_crossdataset,1,0.9991485038847505,1,,,,
D2_00346,G_01007,en,E5_crossdataset,1,0.8025986955983109,1,,,,
D2_00347,G_01008,en,E5_crossdataset,1,0.9643671453002404,1,,,,
D2_00348,G_01009,en,E5_crossdataset,1,0.9971433983657846,1,,,,
D2_00349,G_01010,en,E5_crossdataset,1,0.9968733738125996,1,,,,
D2_00350,G_01011,en,E5_crossdataset,1,0.9258155644629965,1,,,,
D2_00351,G_01012,en,E5_crossdataset,1,0.9957998944730233,1,,,,
D2_00352,G_01013,en,E5_crossdataset,1,0.9821529839913189,1,,,,
D2_00353,G_01014,en,E5_crossdataset,1,0.9959967979358827,1,,,,
D2_00354,G_01015,en,E5_crossdataset,1,0.9808105471039714,1,,,,
D2_00355,G_01016,en,E5_crossdataset,1,0.9110830146010868,1,,,,
D2_00356,G_01017,en,E5_crossdataset,1,0.7680716134088528,1,,,,
D2_00357,G_01018,en,E5_crossdataset,1,0.9988449439908795,1,,,,
D2_00358,G_01019,en,E5_crossdataset,1,0.6971763009174473,0,,,,
D2_00359,G_01020,en,E5_crossdataset,1,0.9986094512721533,1,,,,
D2_00360,G_01021,en,E5_crossdataset,1,0.8056525320284802,1,,,,
D2_00361,G_01022,en,E5_crossdataset,1,0.9741658299464934,1,,,,
D2_00362,G_01023,en,E5_crossdataset,1,0.9997204203217681,1,,,,
D2_00363,G_01024,en,E5_crossdataset,1,0.8649337437748217,1,,,,
D2_00364,G_01025,en,E5_crossdataset,1,0.19093865512192404,0,,,,
D2_00365,G_01026,en,E5_crossdataset,1,0.9801956954767437,1,,,,
D2_00366,G_01027,en,E5_crossdataset,1,0.9234470915821492,1,,,,
D2_00367,G_01028,en,E5_crossdataset,1,0.9788377343684126,1,,,,
D2_00368,G_01029,en,E5_crossdataset,1,0.978950179390102,1,,,,
D2_00369,G_01030,en,E5_crossdataset,1,0.9999000955651154,1,,,,
D2_00370,G_01031,en,E5_crossdataset,1,0.9796941598694412,1,,,,
D2_00371,G_01032,en,E5_crossdataset,1,0.9993555915653056,1,,,,
D2_00372,G_01033,en,E5_crossdataset,1,0.9982089223442235,1,,,,
D2_00373,G_01034,en,E5_crossdataset,1,0.9831395076810572,1,,,,
D2_00374,G_01035,en,E5_crossdataset,1,0.9488731879403919,1,,,,
D2_00375,G_01036,en,E5_crossdataset,1,0.9811364149019799,1,,,,
D2_00376,G_01037,en,E5_crossdataset,1,0.996508625650482,1,,,,
D2_00377,G_01038,en,E5_crossdataset,1,0.9831886143921079,1,,,,
D2_00378,G_01039,en,E5_crossdataset,1,0.7228690307794328,1,,,,
D2_00379,G_01040,en,E5_crossdataset,1,0.9801195284583071,1,,,,
D2_00380,G_01041,en,E5_crossdataset,1,0.9825673690515855,1,,,,
D2_00381,G_01042,en,E5_crossdataset,1,0.779554084141486,1,,,,
D2_00382,G_01043,en,E5_crossdataset,1,0.9998267248804151,1,,,,
D2_00383,G_01044,en,E5_crossdataset,1,0.8570109752642676,1,,,,
D2_00384,G_01045,en,E5_crossdataset,1,0.9972615447657006,1,,,,
D2_00385,G_01046,en,E5_crossdataset,1,0.9245472911758845,1,,,,
D2_00386,G_01047,en,E5_crossdataset,1,0.8002849515341013,1,,,,
D2_00387,G_01048,en,E5_crossdataset,1,0.9875515381933082,1,,,,
D2_00388,G_01049,en,E5_crossdataset,1,0.9919916216755685,1,,,,
D2_00389,G_01050,en,E5_crossdataset,1,0.9995836487728097,1,,,,
D2_00390,G_01051,en,E5_crossdataset,1,0.9931920875786888,1,,,,
D2_00391,G_01052,en,E5_crossdataset,1,0.9838189840888546,1,,,,
D2_00392,G_01053,en,E5_crossdataset,1,0.984135779277256,1,,,,
D2_00393,G_01054,en,E5_crossdataset,1,0.9999321998930681,1,,,,
D2_00394,G_01055,en,E5_crossdataset,1,0.999618218424523,1,,,,
D2_00395,G_01056,en,E5_crossdataset,1,0.6860664844572059,0,,,,
D2_00396,G_01057,en,E5_crossdataset,1,0.996507764192058,1,,,,
D2_00397,G_01058,en,E5_crossdataset,1,0.997156148797732,1,,,,
D2_00398,G_01059,en,E5_crossdataset,1,0.9953115476170531,1,,,,
D2_00399,G_01060,en,E5_crossdataset,1,0.9990642159595021,1,,,,
D2_00400,G_01061,en,E5_crossdataset,1,0.8700359883457397,1,,,,
D2_00401,G_01062,en,E5_crossdataset,1,0.981221784531073,1,,,,
D2_00402,G_01063,en,E5_crossdataset,1,0.9912795274836375,1,,,,
D2_00403,G_01064,en,E5_crossdataset,1,0.9122701930649736,1,,,,
D2_00404,G_01065,en,E5_crossdataset,1,0.9915000411383122,1,,,,
D2_00405,G_01066,en,E5_crossdataset,1,0.9952553183895523,1,,,,
D2_00406,G_01067,en,E5_crossdataset,1,0.9863701026875892,1,,,,
D2_00407,G_01068,en,E5_crossdataset,1,0.9999265267038806,1,,,,
D2_00408,G_01069,en,E5_crossdataset,1,0.8930607190052257,1,,,,
D2_00409,G_01070,en,E5_crossdataset,1,0.9991242487411153,1,,,,
D2_00410,G_01071,en,E5_crossdataset,1,0.9910870719729489,1,,,,
D2_00411,G_01072,en,E5_crossdataset,1,0.9996966078555949,1,,,,
D2_00412,G_01073,en,E5_crossdataset,1,0.8894020865305071,1,,,,
D2_00413,G_01074,en,E5_crossdataset,1,0.9996369118273869,1,,,,
D2_00414,G_01075,en,E5_crossdataset,1,0.9606057745710326,1,,,,
D2_00415,G_01076,en,E5_crossdataset,1,0.9464049123585009,1,,,,
D2_00416,G_00711,en,E5_crossdataset,1,0.9964739941752884,1,,,,
D2_00417,G_01078,en,E5_crossdataset,1,0.9756589936419392,1,,,,
D2_00418,G_01079,en,E5_crossdataset,1,0.9997287094157862,1,,,,
D2_00419,G_01080,en,E5_crossdataset,1,0.8288416707202225,1,,,,
D2_00420,G_01081,en,E5_crossdataset,1,0.9597075420684817,1,,,,
D2_00421,G_01082,en,E5_crossdataset,1,0.999909480623857,1,,,,
D2_00422,G_01083,en,E5_crossdataset,1,0.997402538739153,1,,,,
D2_00423,G_01084,en,E5_crossdataset,1,0.9964640430666303,1,,,,
D2_00424,G_01085,en,E5_crossdataset,1,0.962201511080064,1,,,,
D2_00425,G_01086,en,E5_crossdataset,1,0.9561313486358488,1,,,,
D2_00426,G_01087,en,E5_crossdataset,1,0.9963976086775576,1,,,,
D2_00427,G_01088,en,E5_crossdataset,1,0.9475756720345662,1,,,,
D2_00428,G_01089,en,E5_crossdataset,1,0.9990631987007359,1,,,,
D2_00429,G_01090,en,E5_crossdataset,1,0.9622111458315407,1,,,,
D2_00430,G_01091,en,E5_crossdataset,1,0.9715067882379359,1,,,,
D2_00431,G_01092,en,E5_crossdataset,1,0.956632293301017,1,,,,
D2_00432,G_01093,en,E5_crossdataset,1,0.9329392130532304,1,,,,
D2_00433,G_01094,en,E5_crossdataset,1,0.9963381919303086,1,,,,
D2_00434,G_01095,en,E5_crossdataset,1,0.5982248473566124,0,,,,
D2_00435,G_01096,en,E5_crossdataset,1,0.9964044727086347,1,,,,
D2_00436,G_01097,en,E5_crossdataset,1,0.9982098101359519,1,,,,
D2_00437,G_01098,en,E5_crossdataset,1,0.8921849860410562,1,,,,
D2_00438,G_01099,en,E5_crossdataset,1,0.9999104139883633,1,,,,
D2_00439,G_01100,en,E5_crossdataset,1,0.9975224328689568,1,,,,
D2_00440,G_01101,en,E5_crossdataset,1,0.9526280457919669,1,,,,
D2_00441,G_01102,en,E5_crossdataset,1,0.9854434227235707,1,,,,
D2_00442,G_01103,en,E5_crossdataset,1,0.9521447962162427,1,,,,
D2_00443,G_01104,en,E5_crossdataset,1,0.9807149839155432,1,,,,
D2_00444,G_01105,en,E5_crossdataset,1,0.7682335854502779,1,,,,
D2_00445,G_01106,en,E5_crossdataset,1,0.9886828243619125,1,,,,
D2_00446,G_01107,en,E5_crossdataset,1,0.699873060795146,0,,,,
D2_00447,G_01108,en,E5_crossdataset,1,0.6581411121697673,0,,,,
D2_00448,G_01109,en,E5_crossdataset,1,0.6368228751498292,0,,,,
D2_00449,G_01110,en,E5_crossdataset,1,0.9981278556724525,1,,,,
D2_00450,G_01111,en,E5_crossdataset,1,0.9697971688502686,1,,,,
D2_00451,G_01112,en,E5_crossdataset,1,0.9936265549376228,1,,,,
D2_00452,G_01113,en,E5_crossdataset,1,0.9973192858913327,1,,,,
D2_00453,G_01114,en,E5_crossdataset,1,0.949516687438574,1,,,,
D2_00454,G_01115,en,E5_crossdataset,1,0.9997226790400691,1,,,,
D2_00455,G_01116,en,E5_crossdataset,1,0.9979738925408821,1,,,,
D2_00456,G_01117,en,E5_crossdataset,1,0.31304210313775865,0,,,,
D2_00457,G_01118,en,E5_crossdataset,1,0.9938745382742938,1,,,,
D2_00458,G_01119,en,E5_crossdataset,1,0.9138409001632454,1,,,,
D2_00459,G_01120,en,E5_crossdataset,1,0.9943403240773776,1,,,,
D2_00460,G_01121,en,E5_crossdataset,1,0.9683393854759894,1,,,,
D2_00461,G_01122,en,E5_crossdataset,1,0.9991134941294777,1,,,,
D2_00462,G_01123,en,E5_crossdataset,1,0.9999454384876917,1,,,,
D2_00463,G_01124,en,E5_crossdataset,1,0.9638922679829494,1,,,,
D2_00464,G_01125,en,E5_crossdataset,1,0.992679392566188,1,,,,
D2_00465,G_01126,en,E5_crossdataset,1,0.995023570584118,1,,,,
D2_00466,G_01127,en,E5_crossdataset,1,0.9993963786556328,1,,,,
D2_00467,G_01128,en,E5_crossdataset,1,0.995379456690492,1,,,,
D2_00468,G_01129,en,E5_crossdataset,1,0.9939469647006812,1,,,,
D2_00469,G_01130,en,E5_crossdataset,1,0.999627361949443,1,,,,
D2_00470,G_01131,en,E5_crossdataset,1,0.9974056587774253,1,,,,
D2_00471,G_01132,en,E5_crossdataset,1,0.8553255264273526,1,,,,
D2_00472,G_01133,en,E5_crossdataset,1,0.9647864669364362,1,,,,
D2_00473,G_01134,en,E5_crossdataset,1,0.9101641150190889,1,,,,
D2_00474,G_01135,en,E5_crossdataset,1,0.9834923598674686,1,,,,
D2_00475,G_01136,en,E5_crossdataset,1,0.9980669120261424,1,,,,
D2_00476,G_01137,en,E5_crossdataset,1,0.9438213703386581,1,,,,
D2_00477,G_01138,en,E5_crossdataset,1,0.9979279624014297,1,,,,
D2_00478,G_01139,en,E5_crossdataset,1,0.9818428877944487,1,,,,
D2_00479,G_01140,en,E5_crossdataset,1,0.9990643053324629,1,,,,
D2_00480,G_01141,en,E5_crossdataset,1,0.9897251486254537,1,,,,
D2_00481,G_01142,en,E5_crossdataset,1,0.999985266627762,1,,,,
D2_00482,G_01143,en,E5_crossdataset,1,0.9917534012394695,1,,,,
D2_00483,G_01144,en,E5_crossdataset,1,0.9958060907136481,1,,,,
D2_00484,G_01145,en,E5_crossdataset,1,0.9970686703277075,1,,,,
D2_00485,G_01146,en,E5_crossdataset,1,0.8618637338399584,1,,,,
D2_00486,G_01147,en,E5_crossdataset,1,0.9976278305071706,1,,,,
D2_00487,G_01148,en,E5_crossdataset,1,0.9993465615659052,1,,,,
D2_00488,G_01149,en,E5_crossdataset,1,0.9727955181088882,1,,,,
D2_00489,G_01150,en,E5_crossdataset,1,0.9991263380514133,1,,,,
D2_00490,G_01151,en,E5_crossdataset,1,0.814983495567997,1,,,,
D2_00491,G_01152,en,E5_crossdataset,1,0.9746333268014276,1,,,,
D2_00492,G_01153,en,E5_crossdataset,1,0.9953253351344912,1,,,,
D2_00493,G_01154,en,E5_crossdataset,1,0.9980702176868015,1,,,,
D2_00494,G_01155,en,E5_crossdataset,1,0.9991736436923361,1,,,,
D2_00495,G_01156,en,E5_crossdataset,1,0.9995619831102628,1,,,,
D2_00496,G_01157,en,E5_crossdataset,1,0.9998595386644626,1,,,,
D2_00497,G_01158,en,E5_crossdataset,1,0.9520185001837547,1,,,,
D2_00498,G_01159,en,E5_crossdataset,1,0.9851639116027138,1,,,,
D2_00499,G_01160,en,E5_crossdataset,1,0.9998420684752669,1,,,,
D2_00500,G_01161,en,E5_crossdataset,1,0.813957552853204,1,,,,
D2_00501,G_01162,en,E5_crossdataset,1,0.9992240710425416,1,,,,
D2_00502,G_01163,en,E5_crossdataset,1,0.9997528732772418,1,,,,
D2_00503,G_01164,en,E5_crossdataset,1,0.9996372711855852,1,,,,
D2_00504,G_01165,en,E5_crossdataset,1,0.9457417799389425,1,,,,
D2_00505,G_01166,en,E5_crossdataset,1,0.9992247762540248,1,,,,
D2_00506,G_01167,en,E5_crossdataset,1,0.9729128675093988,1,,,,
D2_00507,G_01168,en,E5_crossdataset,1,0.9648030642895488,1,,,,
D2_00508,G_01169,en,E5_crossdataset,1,0.988437126350102,1,,,,
D2_00509,G_01170,en,E5_crossdataset,1,0.9998226944766072,1,,,,
D2_00510,G_01171,en,E5_crossdataset,1,0.9376335693799858,1,,,,
D2_00511,G_01172,en,E5_crossdataset,1,0.9435177303312989,1,,,,
D2_00512,G_01173,en,E5_crossdataset,1,0.9997782525366611,1,,,,
D2_00513,G_01174,en,E5_crossdataset,1,0.963789420707808,1,,,,
D2_00514,G_01175,en,E5_crossdataset,1,0.9912666522438454,1,,,,
D2_00515,G_01176,en,E5_crossdataset,1,0.28253409239539923,0,,,,
D2_00516,G_01177,en,E5_crossdataset,1,0.9682345309502279,1,,,,
D2_00517,G_01178,en,E5_crossdataset,1,0.988469984769011,1,,,,
D2_00518,G_01179,en,E5_crossdataset,1,0.9999168329422442,1,,,,
D2_00519,G_01180,en,E5_crossdataset,1,0.9998783041975402,1,,,,
D2_00520,G_01181,en,E5_crossdataset,1,0.9971534560974514,1,,,,
D2_00521,G_01182,en,E5_crossdataset,1,0.954700552817134,1,,,,
D2_00522,G_01183,en,E5_crossdataset,1,0.9800945533283455,1,,,,
D2_00523,G_01184,en,E5_crossdataset,1,0.9584621761115468,1,,,,
D2_00524,G_01185,en,E5_crossdataset,1,0.9776429699425607,1,,,,
D2_00525,G_01186,en,E5_crossdataset,1,0.9999129329189322,1,,,,
D2_00526,G_01187,en,E5_crossdataset,1,0.9989407377635038,1,,,,
D2_00527,G_01188,en,E5_crossdataset,1,0.8133961648598094,1,,,,
D2_00528,G_01189,en,E5_crossdataset,1,0.9980463634010993,1,,,,
D2_00529,G_01190,en,E5_crossdataset,1,0.9446154638283359,1,,,,
D2_00530,G_01191,en,E5_crossdataset,1,0.9973083367801446,1,,,,
D2_00531,G_01192,en,E5_crossdataset,1,0.8742227684742282,1,,,,
D2_00532,G_01193,en,E5_crossdataset,1,0.9862412377731524,1,,,,
D2_00533,G_01194,en,E5_crossdataset,1,0.9989531429099879,1,,,,
D2_00534,G_01195,en,E5_crossdataset,1,0.9787228869506408,1,,,,
D2_00535,G_01196,en,E5_crossdataset,1,0.9878595393087259,1,,,,
D2_00536,G_01197,en,E5_crossdataset,1,0.9974413377007655,1,,,,
D2_00537,G_01198,en,E5_crossdataset,1,0.9969553118118517,1,,,,
D2_00538,G_01199,en,E5_crossdataset,1,0.9952448617124907,1,,,,
D2_00539,G_01200,en,E5_crossdataset,1,0.9705730321598804,1,,,,
D2_00540,G_01201,en,E5_crossdataset,1,0.7880449230567299,1,,,,
D2_00541,G_01202,en,E5_crossdataset,1,0.9999476304363829,1,,,,
D2_00542,G_01203,en,E5_crossdataset,1,0.9971943124777624,1,,,,
D2_00543,G_01204,en,E5_crossdataset,1,0.9662202817576636,1,,,,
D2_00544,G_01205,en,E5_crossdataset,1,0.9883790152176963,1,,,,
D2_00545,G_01206,en,E5_crossdataset,1,0.9987668947233022,1,,,,
D2_00546,G_01207,en,E5_crossdataset,1,0.8641687428561035,1,,,,
D2_00547,G_01208,en,E5_crossdataset,1,0.9396752345647096,1,,,,
D2_00548,G_01209,en,E5_crossdataset,1,0.9611637462029107,1,,,,
D2_00549,G_01210,en,E5_crossdataset,1,0.9958414817010217,1,,,,
D2_00550,G_01211,en,E5_crossdataset,1,0.7520415847719766,1,,,,
D2_00551,G_01212,en,E5_crossdataset,1,0.9913121157000108,1,,,,
D2_00552,G_01213,en,E5_crossdataset,1,0.8858016625942142,1,,,,
D2_00553,G_01214,en,E5_crossdataset,1,0.8486658871622134,1,,,,
D2_00554,G_01215,en,E5_crossdataset,1,0.9941909353342717,1,,,,
D2_00555,G_01216,en,E5_crossdataset,1,0.9927757564732882,1,,,,
D2_00556,G_01217,en,E5_crossdataset,1,0.9956528584029828,1,,,,
D2_00557,G_01218,en,E5_crossdataset,1,0.9979510908427833,1,,,,
D2_00558,G_01219,en,E5_crossdataset,1,0.9969401293664167,1,,,,
D2_00559,G_01220,en,E5_crossdataset,1,0.9983590215640721,1,,,,
D2_00560,G_01221,en,E5_crossdataset,1,0.9960863091809274,1,,,,
D2_00561,G_01222,en,E5_crossdataset,1,0.8539210999114898,1,,,,
D2_00562,G_01223,en,E5_crossdataset,1,0.9959074372744774,1,,,,
D2_00563,G_01224,en,E5_crossdataset,1,0.9389670775358883,1,,,,
D2_00564,G_01225,en,E5_crossdataset,1,0.9996593487950327,1,,,,
D2_00565,G_01226,en,E5_crossdataset,1,0.9716254262080786,1,,,,
D2_00566,G_01227,en,E5_crossdataset,1,0.9968114443979982,1,,,,
D2_00567,G_01228,en,E5_crossdataset,1,0.9976797898362657,1,,,,
D2_00568,G_01229,en,E5_crossdataset,1,0.9381091250149306,1,,,,
D2_00569,G_01230,en,E5_crossdataset,1,0.9976463929268459,1,,,,
D2_00570,G_01231,en,E5_crossdataset,1,0.9851756936602287,1,,,,
D2_00571,G_01232,en,E5_crossdataset,1,0.9942521485409715,1,,,,
D2_00572,G_01233,en,E5_crossdataset,1,0.9559079793937035,1,,,,
D2_00573,G_01234,en,E5_crossdataset,1,0.9892531197537352,1,,,,
D2_00574,G_01235,en,E5_crossdataset,1,0.9894396394953169,1,,,,
D2_00575,G_01236,en,E5_crossdataset,1,0.9954921558434032,1,,,,
D2_00576,G_01237,en,E5_crossdataset,1,0.9827913634292637,1,,,,
D2_00577,G_01238,en,E5_crossdataset,1,0.9549492183020547,1,,,,
D2_00578,G_01239,en,E5_crossdataset,1,0.9997040230513136,1,,,,
D2_00579,G_01240,en,E5_crossdataset,1,0.9998692453134482,1,,,,
D2_00580,G_01241,en,E5_crossdataset,1,0.9980260956011583,1,,,,
D2_00581,G_01242,en,E5_crossdataset,1,0.8302369739621915,1,,,,
D2_00582,G_01243,en,E5_crossdataset,1,0.99628591473285,1,,,,
D2_00583,G_01244,en,E5_crossdataset,1,0.9974335178493213,1,,,,
D2_00584,G_01245,en,E5_crossdataset,1,0.9668642675510625,1,,,,
D2_00585,G_01246,en,E5_crossdataset,1,0.9994959239675638,1,,,,
D2_00586,G_01247,en,E5_crossdataset,1,0.4653546108588746,0,,,,
D2_00587,G_01248,en,E5_crossdataset,1,0.9949607242939392,1,,,,
D2_00588,G_01249,en,E5_crossdataset,1,0.9225789179673552,1,,,,
D2_00589,G_01250,en,E5_crossdataset,1,0.9994413566195495,1,,,,
D2_00590,G_01251,en,E5_crossdataset,1,0.8953506749309877,1,,,,
D2_00591,G_01252,en,E5_crossdataset,1,0.9902552876258375,1,,,,
D2_00592,G_01253,en,E5_crossdataset,1,0.6608845325192276,0,,,,
D2_00593,G_01254,en,E5_crossdataset,1,0.974040722417831,1,,,,
D2_00594,G_01255,en,E5_crossdataset,1,0.9886408052643626,1,,,,
D2_00595,G_01256,en,E5_crossdataset,1,0.9866096314638335,1,,,,
D2_00596,G_01257,en,E5_crossdataset,1,0.915207647778908,1,,,,
D2_00597,G_01258,en,E5_crossdataset,1,0.9994094288701115,1,,,,
D2_00598,G_01259,en,E5_crossdataset,1,0.95111036374069,1,,,,
D2_00599,G_01260,en,E5_crossdataset,1,0.9974306591016111,1,,,,
D2_00600,G_01261,en,E5_crossdataset,1,0.7998990259904017,1,,,,
D2_00601,G_01262,en,E5_crossdataset,1,0.9906429395442163,1,,,,
D2_00602,G_01263,en,E5_crossdataset,1,0.9793913806719929,1,,,,
D2_00603,G_01264,en,E5_crossdataset,1,0.9901931205046116,1,,,,
D2_00604,G_01265,en,E5_crossdataset,1,0.9923768942552089,1,,,,
D2_00605,G_01266,en,E5_crossdataset,1,0.9811351537735165,1,,,,
D2_00606,G_01267,en,E5_crossdataset,1,0.9876535104012336,1,,,,
D2_00607,G_01268,en,E5_crossdataset,1,0.9795390904572182,1,,,,
D2_00608,G_01269,en,E5_crossdataset,1,0.9451248152266828,1,,,,
D2_00609,G_01270,en,E5_crossdataset,1,0.882589772811737,1,,,,
D2_00610,G_01271,en,E5_crossdataset,1,0.9994894999449934,1,,,,
D2_00611,G_01272,en,E5_crossdataset,1,0.9334304147603512,1,,,,
D2_00612,G_01273,en,E5_crossdataset,1,0.9875255714201354,1,,,,
D2_00613,G_00870,en,E5_crossdataset,1,0.9987902906968495,1,,,,
D2_00614,G_01275,en,E5_crossdataset,1,0.9915671589611348,1,,,,
D2_00615,G_01276,en,E5_crossdataset,1,0.9135227211965188,1,,,,
D2_00616,G_01277,en,E5_crossdataset,1,0.9055728544843057,1,,,,
D2_00617,G_01278,en,E5_crossdataset,1,0.9976199808925289,1,,,,
D2_00618,G_01279,en,E5_crossdataset,1,0.9916509249110905,1,,,,
D2_00619,G_01280,en,E5_crossdataset,1,0.9878662960358315,1,,,,
D2_00620,G_01281,en,E5_crossdataset,1,0.9998314499075472,1,,,,
D2_00621,G_01282,en,E5_crossdataset,1,0.8648589267575802,1,,,,
D2_00622,G_01283,en,E5_crossdataset,1,0.8676660999983533,1,,,,
D2_00623,G_01284,en,E5_crossdataset,1,0.9981465822706181,1,,,,
D2_00624,G_01285,en,E5_crossdataset,1,0.9911785718212743,1,,,,
D2_00625,G_01286,en,E5_crossdataset,1,0.9237839644321237,1,,,,
D2_00626,G_01287,en,E5_crossdataset,1,0.9990149364083171,1,,,,
D2_00627,G_01288,en,E5_crossdataset,1,0.9913669668769612,1,,,,
D2_00628,G_01289,en,E5_crossdataset,1,0.9568591000816435,1,,,,
D2_00629,G_01290,en,E5_crossdataset,1,0.9874865524494281,1,,,,
D2_00630,G_01291,en,E5_crossdataset,1,0.9993917233592254,1,,,,
D2_00631,G_01292,en,E5_crossdataset,1,0.9993125883336693,1,,,,
D2_00632,G_01293,en,E5_crossdataset,1,0.9998780639386186,1,,,,
D2_00633,G_01294,en,E5_crossdataset,1,0.9341677954645738,1,,,,
D2_00634,G_01295,en,E5_crossdataset,1,0.9863567000873237,1,,,,
D2_00635,G_01296,en,E5_crossdataset,1,0.6747952883257212,0,,,,
D2_00636,G_01297,en,E5_crossdataset,1,0.9966147409583016,1,,,,
D2_00637,G_01298,en,E5_crossdataset,1,0.8085599516216521,1,,,,
D2_00638,G_01299,en,E5_crossdataset,1,0.9996228934122745,1,,,,
D2_00639,G_01300,en,E5_crossdataset,1,0.9553316393496517,1,,,,
D2_00640,G_01301,en,E5_crossdataset,1,0.9898707124576475,1,,,,
D2_00641,G_01302,en,E5_crossdataset,1,0.9998216678309426,1,,,,
D2_00642,G_01303,en,E5_crossdataset,1,0.9354000303863561,1,,,,
D2_00643,G_01304,en,E5_crossdataset,1,0.993322481389274,1,,,,
D2_00644,G_01305,en,E5_crossdataset,1,0.9998346876658338,1,,,,
D2_00645,G_01306,en,E5_crossdataset,1,0.9993709278395785,1,,,,
D2_00646,G_01307,en,E5_crossdataset,1,0.7687556782343559,1,,,,
D2_00647,G_01308,en,E5_crossdataset,1,0.9542490254243755,1,,,,
D2_00648,G_01309,en,E5_crossdataset,1,0.9888275518742271,1,,,,
D2_00649,G_01310,en,E5_crossdataset,1,0.9708219637391078,1,,,,
D2_00650,G_01311,en,E5_crossdataset,1,0.9971350273474302,1,,,,
D2_00651,G_01312,en,E5_crossdataset,1,0.9981694866481666,1,,,,
D2_00652,G_01313,en,E5_crossdataset,1,0.9969616498493269,1,,,,
D2_00653,G_01314,en,E5_crossdataset,1,0.9844851569440983,1,,,,
D2_00654,G_01315,en,E5_crossdataset,1,0.9912309767271305,1,,,,
D2_00655,G_01316,en,E5_crossdataset,1,0.9945826500191063,1,,,,
D2_00656,G_01317,en,E5_crossdataset,1,0.9910710325989882,1,,,,
D2_00657,G_01318,en,E5_crossdataset,1,0.9948715297266626,1,,,,
D2_00658,G_01319,en,E5_crossdataset,1,0.9718562977361327,1,,,,
D2_00659,G_01320,en,E5_crossdataset,1,0.9290568387723842,1,,,,
D2_00660,G_01321,en,E5_crossdataset,1,0.9308858415259206,1,,,,
D2_00661,G_01322,en,E5_crossdataset,1,0.9958619912347723,1,,,,
D2_00662,G_01323,en,E5_crossdataset,1,0.9731590539264464,1,,,,
D2_00663,G_01324,en,E5_crossdataset,1,0.9782898349639373,1,,,,
D2_00664,G_01325,en,E5_crossdataset,1,0.996124850853643,1,,,,
D2_00665,G_01326,en,E5_crossdataset,1,0.9788463718217001,1,,,,
D2_00666,G_01327,en,E5_crossdataset,1,0.9976104565248272,1,,,,
D2_00667,G_01328,en,E5_crossdataset,1,0.990795360893618,1,,,,
D2_00668,G_01329,en,E5_crossdataset,1,0.9999775500234586,1,,,,
D2_00669,G_01330,en,E5_crossdataset,1,0.9345001609754082,1,,,,
D2_00670,G_01331,en,E5_crossdataset,1,0.9808734885304947,1,,,,
D2_00671,G_01332,en,E5_crossdataset,1,0.9970238972179087,1,,,,
D2_00672,G_01333,en,E5_crossdataset,1,0.9973635162620096,1,,,,
D2_00673,G_01334,en,E5_crossdataset,1,0.9857960910485274,1,,,,
D2_00674,G_01335,en,E5_crossdataset,1,0.9842439362951766,1,,,,
D2_00675,G_01336,en,E5_crossdataset,1,0.9990562917721354,1,,,,
D2_00676,G_01337,en,E5_crossdataset,1,0.9937296535133221,1,,,,
D2_00677,G_01338,en,E5_crossdataset,1,0.9877382821661331,1,,,,
D2_00678,G_01339,en,E5_crossdataset,1,0.7677480279229216,1,,,,
D2_00679,G_01340,en,E5_crossdataset,1,0.9817240563852786,1,,,,
D2_00680,G_01341,en,E5_crossdataset,1,0.9973451071696718,1,,,,
D2_00681,G_01342,en,E5_crossdataset,1,0.9881458269045397,1,,,,
D2_00682,G_01343,en,E5_crossdataset,1,0.7706084593051389,1,,,,
D2_00683,G_01344,en,E5_crossdataset,1,0.994874860975061,1,,,,
D2_00684,G_01345,en,E5_crossdataset,1,0.9637367739280546,1,,,,
D2_00685,G_01346,en,E5_crossdataset,1,0.9936830316343654,1,,,,
D2_00686,G_01347,en,E5_crossdataset,1,0.9363475235606523,1,,,,
D2_00687,G_01348,en,E5_crossdataset,1,0.989793960762612,1,,,,
D2_00688,G_01349,en,E5_crossdataset,1,0.9892085621319331,1,,,,
D2_00689,G_01350,en,E5_crossdataset,1,0.956536276590804,1,,,,
D2_00690,G_01351,en,E5_crossdataset,1,0.9496870377986036,1,,,,
D2_00691,G_01352,en,E5_crossdataset,1,0.9959157816862528,1,,,,
D2_00692,G_01353,en,E5_crossdataset,1,0.994241238839621,1,,,,
D2_00693,G_01354,en,E5_crossdataset,1,0.9937892815915946,1,,,,
D2_00694,G_01355,en,E5_crossdataset,1,0.9236659048019769,1,,,,
D2_00695,G_01356,en,E5_crossdataset,1,0.998910328477087,1,,,,
D2_00696,G_01357,en,E5_crossdataset,1,0.9991821907284782,1,,,,
D2_00697,G_01358,en,E5_crossdataset,1,0.9943877816245917,1,,,,
D2_00698,G_01359,en,E5_crossdataset,1,0.7582121967089107,1,,,,
D2_00699,G_01360,en,E5_crossdataset,1,0.8400220819825651,1,,,,
D2_00700,G_01361,en,E5_crossdataset,1,0.996347274704605,1,,,,
D2_00701,G_01362,en,E5_crossdataset,1,0.8984198966015748,1,,,,
D2_00702,G_01363,en,E5_crossdataset,1,0.9811695321385666,1,,,,
D2_00703,G_01364,en,E5_crossdataset,1,0.9568366963599415,1,,,,
D2_00704,G_01365,en,E5_crossdataset,1,0.8120568550763789,1,,,,
D2_00705,G_01366,en,E5_crossdataset,1,0.9494825387720637,1,,,,
D2_00706,G_01367,en,E5_crossdataset,1,0.9993237657371712,1,,,,
D2_00707,G_01368,en,E5_crossdataset,1,0.9998206642501568,1,,,,
D2_00708,G_01369,en,E5_crossdataset,1,0.688841834767037,0,,,,
D2_00709,G_01370,en,E5_crossdataset,1,0.9871734985235758,1,,,,
D2_00710,G_01371,en,E5_crossdataset,1,0.039734602429403326,0,,,,
D2_00711,G_01372,en,E5_crossdataset,1,0.9993210947996012,1,,,,
D2_00712,G_01373,en,E5_crossdataset,1,0.984539856893467,1,,,,
D2_00713,G_01374,en,E5_crossdataset,1,0.988337781889866,1,,,,
D2_00714,G_01375,en,E5_crossdataset,1,0.8888523806427635,1,,,,
D2_00715,G_01376,en,E5_crossdataset,1,0.9866654543461494,1,,,,
D2_00716,G_01377,en,E5_crossdataset,1,0.9505594322351146,1,,,,
D2_00717,G_01378,en,E5_crossdataset,1,0.9911872592998485,1,,,,
D2_00718,G_01379,en,E5_crossdataset,1,0.973424168971177,1,,,,
D2_00719,G_01380,en,E5_crossdataset,1,0.9669489097299706,1,,,,
D2_00720,G_01381,en,E5_crossdataset,1,0.9983725708977158,1,,,,
D2_00721,G_01382,en,E5_crossdataset,1,0.8959340186210729,1,,,,
D2_00722,G_01383,en,E5_crossdataset,1,0.8603037637779902,1,,,,
D2_00723,G_01384,en,E5_crossdataset,1,0.9956636301752307,1,,,,
D2_00724,G_01385,en,E5_crossdataset,1,0.9810528618098657,1,,,,
D2_00725,G_01386,en,E5_crossdataset,1,0.9695642177864227,1,,,,
D2_00726,G_01387,en,E5_crossdataset,1,0.9697594606219733,1,,,,
D2_00727,G_01388,en,E5_crossdataset,1,0.998656381323408,1,,,,
D2_00728,G_01389,en,E5_crossdataset,1,0.9951944634364915,1,,,,
D2_00729,G_01390,en,E5_crossdataset,1,0.9992140375405898,1,,,,
D2_00730,G_01391,en,E5_crossdataset,1,0.9970283136792647,1,,,,
D2_00731,G_01392,en,E5_crossdataset,1,0.9960494144358658,1,,,,
D2_00732,G_01393,en,E5_crossdataset,1,0.9987249960554979,1,,,,
D2_00733,G_01394,en,E5_crossdataset,1,0.970353140013356,1,,,,
D2_00734,G_01395,en,E5_crossdataset,1,0.998303655386246,1,,,,
D2_00735,G_01396,en,E5_crossdataset,1,0.9972782147899224,1,,,,
D2_00736,G_01397,en,E5_crossdataset,1,0.9786970878184161,1,,,,
D2_00737,G_01398,en,E5_crossdataset,1,0.998514160826887,1,,,,
D2_00738,G_01399,en,E5_crossdataset,1,0.9845786571736324,1,,,,
D2_00739,G_01400,en,E5_crossdataset,1,0.997671190958325,1,,,,
D2_00740,G_01401,en,E5_crossdataset,1,0.9924597493965922,1,,,,
D2_00741,G_01402,en,E5_crossdataset,1,0.9973658048360111,1,,,,
D2_00742,G_01403,en,E5_crossdataset,1,0.9994895340587683,1,,,,
D2_00743,G_01404,en,E5_crossdataset,1,0.9991738420074359,1,,,,
D2_00744,G_01405,en,E5_crossdataset,1,0.998574626707019,1,,,,
D2_00745,G_01406,en,E5_crossdataset,1,0.9735841004233053,1,,,,
D2_00746,G_01407,en,E5_crossdataset,1,0.7969925579528353,1,,,,
D2_00747,G_01408,en,E5_crossdataset,1,0.9913047966982368,1,,,,
D2_00748,G_01409,en,E5_crossdataset,1,0.9878627844397224,1,,,,
D2_00749,G_01410,en,E5_crossdataset,1,0.9996148466355939,1,,,,
D2_00750,G_01411,en,E5_crossdataset,1,0.9996246409771494,1,,,,
D2_00751,G_01412,en,E5_crossdataset,1,0.9877994758635185,1,,,,
D2_00752,G_01413,en,E5_crossdataset,1,0.7768884341654015,1,,,,
D2_00753,G_01414,en,E5_crossdataset,1,0.9973576762118087,1,,,,
D2_00754,G_01415,en,E5_crossdataset,1,0.7808587082678974,1,,,,
D2_00755,G_01416,en,E5_crossdataset,1,0.9949005933700553,1,,,,
D2_00756,G_01417,en,E5_crossdataset,1,0.9877881200113041,1,,,,
D2_00757,G_01418,en,E5_crossdataset,1,0.9991252708258697,1,,,,
D2_00758,G_01419,en,E5_crossdataset,1,0.9976927970853258,1,,,,
D2_00759,G_01420,en,E5_crossdataset,1,0.9971133306397965,1,,,,
D2_00760,G_01421,en,E5_crossdataset,1,0.6097747615732666,0,,,,
D2_00761,G_01422,en,E5_crossdataset,1,0.9938166327318687,1,,,,
D2_00762,G_01423,en,E5_crossdataset,1,0.48620975808554984,0,,,,
D2_00763,G_01424,en,E5_crossdataset,1,0.9803987025053142,1,,,,
D2_00764,G_01425,en,E5_crossdataset,1,0.9984431699249819,1,,,,
D2_00765,G_01426,en,E5_crossdataset,1,0.9974442390764141,1,,,,
D2_00766,G_01427,en,E5_crossdataset,1,0.8971585144895007,1,,,,
D2_00767,G_01428,en,E5_crossdataset,1,0.7920035203301982,1,,,,
D2_00768,G_01429,en,E5_crossdataset,1,0.6624904187590849,0,,,,
D2_00769,G_01430,en,E5_crossdataset,1,0.9996909589581969,1,,,,
D2_00770,G_01431,en,E5_crossdataset,1,0.9802826053370763,1,,,,
D2_00771,G_01432,en,E5_crossdataset,1,0.9969940825744749,1,,,,
D2_00772,G_01433,en,E5_crossdataset,1,0.9983089571794914,1,,,,
D2_00773,G_01434,en,E5_crossdataset,1,0.999402561236981,1,,,,
D2_00774,G_01435,en,E5_crossdataset,1,0.9997131396478364,1,,,,
D2_00775,G_01436,en,E5_crossdataset,1,0.9924234293699902,1,,,,
D2_00776,G_01437,en,E5_crossdataset,1,0.971546127234572,1,,,,
D2_00777,G_01438,en,E5_crossdataset,1,0.9832630171457895,1,,,,
D2_00778,G_01439,en,E5_crossdataset,1,0.9800927190094311,1,,,,
D2_00779,G_01440,en,E5_crossdataset,1,0.99914230173863,1,,,,
D2_00780,G_01441,en,E5_crossdataset,1,0.9996629544429662,1,,,,
D2_00781,G_01442,en,E5_crossdataset,1,0.9992135122409811,1,,,,
D2_00782,G_01443,en,E5_crossdataset,1,0.9945304420713447,1,,,,
D2_00783,G_01444,en,E5_crossdataset,1,0.8888331698577304,1,,,,
D2_00784,G_01445,en,E5_crossdataset,1,0.9951038623683178,1,,,,
D2_00785,G_01446,en,E5_crossdataset,1,0.981495919909257,1,,,,
D2_00786,G_01447,en,E5_crossdataset,1,0.9669482080334135,1,,,,
D2_00787,G_01448,en,E5_crossdataset,1,0.4420354835177416,0,,,,
D2_00788,G_01449,en,E5_crossdataset,1,0.795043854364267,1,,,,
D2_00789,G_01450,en,E5_crossdataset,1,0.9932475861966464,1,,,,
D2_00790,G_01451,en,E5_crossdataset,1,0.9557500846301231,1,,,,
D2_00791,G_01452,en,E5_crossdataset,1,0.9961788217538935,1,,,,
D2_00792,G_01453,en,E5_crossdataset,1,0.9973474111352324,1,,,,
D2_00793,G_01454,en,E5_crossdataset,1,0.9991472163931797,1,,,,
D2_00794,G_01455,en,E5_crossdataset,1,0.8905446512901255,1,,,,
D2_00795,G_01456,en,E5_crossdataset,1,0.9998699260429744,1,,,,
D2_00796,G_01457,en,E5_crossdataset,1,0.8488068803283794,1,,,,
D2_00797,G_01458,en,E5_crossdataset,1,0.9973386158390316,1,,,,
D2_00798,G_01459,en,E5_crossdataset,1,0.9995138844046901,1,,,,
D2_00799,G_01460,en,E5_crossdataset,1,0.9886167596599537,1,,,,
D2_00800,G_01461,en,E5_crossdataset,1,0.996394685291006,1,,,,
D2_00801,G_01462,en,E5_crossdataset,1,0.9929297314584306,1,,,,
D2_00802,G_01463,en,E5_crossdataset,1,0.9983199549599682,1,,,,
D2_00803,G_01464,en,E5_crossdataset,1,0.999264250268927,1,,,,
D2_00804,G_01465,en,E5_crossdataset,1,0.9914267430188942,1,,,,
D2_00805,G_01466,en,E5_crossdataset,1,0.9987190454249919,1,,,,
D2_00806,G_01467,en,E5_crossdataset,1,0.9859888964006948,1,,,,
D2_00807,G_01468,en,E5_crossdataset,1,0.9926816058860422,1,,,,
D2_00808,G_01469,en,E5_crossdataset,1,0.9955724613745579,1,,,,
D2_00809,G_01470,en,E5_crossdataset,1,0.9539805259691615,1,,,,
D2_00810,G_01471,en,E5_crossdataset,1,0.9892203581949925,1,,,,
D2_00811,G_01472,en,E5_crossdataset,1,0.942360779086431,1,,,,
D2_00812,G_01473,en,E5_crossdataset,1,0.996796112137485,1,,,,
D2_00813,G_01474,en,E5_crossdataset,1,0.9797968608920485,1,,,,
D2_00814,G_01475,en,E5_crossdataset,1,0.9933057655136713,1,,,,
D2_00815,G_01476,en,E5_crossdataset,1,0.3322230826653618,0,,,,
D2_00816,G_01477,en,E5_crossdataset,1,0.9527185525607337,1,,,,
D2_00817,G_01478,en,E5_crossdataset,1,0.9942502651235379,1,,,,
D2_00818,G_01479,en,E5_crossdataset,1,0.9999830758110723,1,,,,
D2_00819,G_01480,en,E5_crossdataset,1,0.9997795315485429,1,,,,
D2_00820,G_01481,en,E5_crossdataset,1,0.994846677732411,1,,,,
D2_00821,G_01482,en,E5_crossdataset,1,0.9998788961015382,1,,,,
D2_00822,G_01483,en,E5_crossdataset,1,0.9932649851990517,1,,,,
D2_00823,G_01484,en,E5_crossdataset,1,0.9370856107772428,1,,,,
D2_00824,G_01485,en,E5_crossdataset,1,0.97788942681604,1,,,,
D2_00825,G_01486,en,E5_crossdataset,1,0.847117465887284,1,,,,
D2_00826,G_01487,en,E5_crossdataset,1,0.9795713932267152,1,,,,
D2_00827,G_01488,en,E5_crossdataset,1,0.9777439813039761,1,,,,
D2_00828,G_01489,en,E5_crossdataset,1,0.9293473076873715,1,,,,
D2_00829,G_01490,en,E5_crossdataset,1,0.9972142680832233,1,,,,
D2_00830,G_01491,en,E5_crossdataset,1,0.7049177052511916,0,,,,
D2_00831,G_01492,en,E5_crossdataset,1,0.9162577139682175,1,,,,
D2_00832,G_01493,en,E5_crossdataset,1,0.9968856730400976,1,,,,
D2_00833,G_01494,en,E5_crossdataset,1,0.9994916916225081,1,,,,
D2_00834,G_01495,en,E5_crossdataset,1,0.3063098672675014,0,,,,
D2_00835,G_01496,en,E5_crossdataset,1,0.949918579904375,1,,,,
D2_00836,G_01497,en,E5_crossdataset,1,0.989096508502528,1,,,,
D2_00837,G_01498,en,E5_crossdataset,1,0.998036060436649,1,,,,
D2_00838,G_01499,en,E5_crossdataset,1,0.8486130252924606,1,,,,
D2_00839,G_01500,en,E5_crossdataset,1,0.999744984554048,1,,,,
D2_00840,G_00868,en,E5_crossdataset,1,0.9887338583248249,1,,,,
D2_00841,G_01502,en,E5_crossdataset,1,0.9893879157622791,1,,,,
D2_00842,G_01503,en,E5_crossdataset,1,0.998659892655614,1,,,,
D2_00843,G_01504,en,E5_crossdataset,1,0.9960169390332396,1,,,,
D2_00844,G_01505,en,E5_crossdataset,1,0.9948376046645484,1,,,,
D2_00845,G_01506,en,E5_crossdataset,1,0.9878148879611068,1,,,,
D2_00846,G_01507,en,E5_crossdataset,1,0.986821379022876,1,,,,
D2_00847,G_01508,en,E5_crossdataset,1,0.9880066401160303,1,,,,
D2_00848,G_01509,en,E5_crossdataset,1,0.8654577671173478,1,,,,
D2_00849,G_01510,en,E5_crossdataset,1,0.9836965046449528,1,,,,
D2_00850,G_01511,en,E5_crossdataset,1,0.9996976074713326,1,,,,
D2_00851,G_01512,en,E5_crossdataset,1,0.9134997649850032,1,,,,
D2_00852,G_01513,en,E5_crossdataset,1,0.9947223057368958,1,,,,
D2_00853,G_01514,en,E5_crossdataset,1,0.9519378766799463,1,,,,
D2_00854,G_01515,en,E5_crossdataset,1,0.8983412294821954,1,,,,
D2_00855,G_01516,en,E5_crossdataset,1,0.9989446904801436,1,,,,
D2_00856,G_01517,en,E5_crossdataset,1,0.9944562382564958,1,,,,
D2_00857,G_01518,en,E5_crossdataset,1,0.9964434366048661,1,,,,
D2_00858,G_01519,en,E5_crossdataset,1,0.9438401518502322,1,,,,
D2_00859,G_01520,en,E5_crossdataset,1,0.9701714843077865,1,,,,
D2_00860,G_01521,en,E5_crossdataset,1,0.9959168923495749,1,,,,
D2_00861,G_01522,en,E5_crossdataset,1,0.9276682986539541,1,,,,
D2_00862,G_01523,en,E5_crossdataset,1,0.9985945798383523,1,,,,
D2_00863,G_01524,en,E5_crossdataset,1,0.7313311548123517,1,,,,
D2_00864,G_01525,en,E5_crossdataset,1,0.9759050515323401,1,,,,
D2_00865,G_01526,en,E5_crossdataset,1,0.8871979489299653,1,,,,
D2_00866,G_01527,en,E5_crossdataset,1,0.9993326469663674,1,,,,
D2_00867,G_01528,en,E5_crossdataset,1,0.6245163084887074,0,,,,
D2_00868,G_01529,en,E5_crossdataset,1,0.9877841263569787,1,,,,
D2_00869,G_01530,en,E5_crossdataset,1,0.9970397222763894,1,,,,
D2_00870,G_01531,en,E5_crossdataset,1,0.9960646587300412,1,,,,
D2_00871,G_01532,en,E5_crossdataset,1,0.9890150963814792,1,,,,
D2_00872,G_01533,en,E5_crossdataset,1,0.9424399877579827,1,,,,
D2_00873,G_01534,en,E5_crossdataset,1,0.9853716477112765,1,,,,
D2_00874,G_01535,en,E5_crossdataset,1,0.9375059797338573,1,,,,
D2_00875,G_01536,en,E5_crossdataset,1,0.9992754560555039,1,,,,
D2_00876,G_01537,en,E5_crossdataset,1,0.9731940892588199,1,,,,
D2_00877,G_01538,en,E5_crossdataset,1,0.9829783245709911,1,,,,
D2_00878,G_01539,en,E5_crossdataset,1,0.9949708277788556,1,,,,
D2_00879,G_01540,en,E5_crossdataset,1,0.9971467514483071,1,,,,
D2_00880,G_01541,en,E5_crossdataset,1,0.9949678890333292,1,,,,
D2_00881,G_01542,en,E5_crossdataset,1,0.9751570442106656,1,,,,
D2_00882,G_01543,en,E5_crossdataset,1,0.9953903956031591,1,,,,
D2_00883,G_01544,en,E5_crossdataset,1,0.9016452826582498,1,,,,
D2_00884,G_01545,en,E5_crossdataset,1,0.9909698714049612,1,,,,
D2_00885,G_01546,en,E5_crossdataset,1,0.9919678476551317,1,,,,
D2_00886,G_01547,en,E5_crossdataset,1,0.9282027558476104,1,,,,
D2_00887,G_01548,en,E5_crossdataset,1,0.9896807796077002,1,,,,
D2_00888,G_01549,en,E5_crossdataset,1,0.9976462062139023,1,,,,
D2_00889,G_01550,en,E5_crossdataset,1,0.9999618824731171,1,,,,
D2_00890,G_01551,en,E5_crossdataset,1,0.9900593899084067,1,,,,
D2_00891,G_01552,en,E5_crossdataset,1,0.9974902570823083,1,,,,
D2_00892,G_01553,en,E5_crossdataset,1,0.9969157160459818,1,,,,
D2_00893,G_01554,en,E5_crossdataset,1,0.9973792557032448,1,,,,
D2_00894,G_01555,en,E5_crossdataset,1,0.9946068686138899,1,,,,
D2_00895,G_01556,en,E5_crossdataset,1,0.9997498795655831,1,,,,
D2_00896,G_01557,en,E5_crossdataset,1,0.9131675054268201,1,,,,
D2_00897,G_01558,en,E5_crossdataset,1,0.9956528455960297,1,,,,
D2_00898,G_01559,en,E5_crossdataset,1,0.8363638046807729,1,,,,
D2_00899,G_01560,en,E5_crossdataset,1,0.9996405272656292,1,,,,
D2_00900,G_01561,en,E5_crossdataset,1,0.9640519826161411,1,,,,
D2_00901,G_01562,en,E5_crossdataset,1,0.8773752701404862,1,,,,
D2_00902,G_01563,en,E5_crossdataset,1,0.9882186807679852,1,,,,
D2_00903,G_01564,en,E5_crossdataset,1,0.8378745430128853,1,,,,
D2_00904,G_01565,en,E5_crossdataset,1,0.9999111045627651,1,,,,
D2_00905,G_01566,en,E5_crossdataset,1,0.924836863312485,1,,,,
D2_00906,G_01567,en,E5_crossdataset,1,0.9591909730174967,1,,,,
D2_00907,G_01568,en,E5_crossdataset,1,0.970800641345255,1,,,,
D2_00908,G_01569,en,E5_crossdataset,1,0.999089757688451,1,,,,
D2_00909,G_01570,en,E5_crossdataset,1,0.953127807002573,1,,,,
D2_00910,G_01571,en,E5_crossdataset,1,0.9863700173088811,1,,,,
D2_00911,G_01572,en,E5_crossdataset,1,0.3624399381135147,0,,,,
D2_00912,G_01573,en,E5_crossdataset,1,0.9706573637690877,1,,,,
D2_00913,G_01574,en,E5_crossdataset,1,0.9801030279578447,1,,,,
D2_00914,G_01575,en,E5_crossdataset,1,0.998392662393936,1,,,,
D2_00915,G_01576,en,E5_crossdataset,1,0.9996406119521496,1,,,,
D2_00916,G_01577,en,E5_crossdataset,1,0.9945190557715842,1,,,,
D2_00917,G_01578,en,E5_crossdataset,1,0.9861703951538076,1,,,,
D2_00918,G_01579,en,E5_crossdataset,1,0.6176794838275087,0,,,,
D2_00919,G_01580,en,E5_crossdataset,1,0.942675189649898,1,,,,
D2_00920,G_01581,en,E5_crossdataset,1,0.9988324372087573,1,,,,
D2_00921,G_01582,en,E5_crossdataset,1,0.9971752660839034,1,,,,
D2_00922,G_01583,en,E5_crossdataset,1,0.995213398092737,1,,,,
D2_00923,G_01584,en,E5_crossdataset,1,0.9745685378819405,1,,,,
D2_00924,G_01585,en,E5_crossdataset,1,0.9960316975770986,1,,,,
D2_00925,G_01586,en,E5_crossdataset,1,0.9932425941190821,1,,,,
D2_00926,G_01587,en,E5_crossdataset,1,0.08589573074624322,0,,,,
D2_00927,G_01588,en,E5_crossdataset,1,0.9704183112997238,1,,,,
D2_00928,G_01589,en,E5_crossdataset,1,0.9991068841933127,1,,,,
D2_00929,G_01590,en,E5_crossdataset,1,0.9960985117425802,1,,,,
D2_00930,G_01591,en,E5_crossdataset,1,0.9916429501622192,1,,,,
D2_00931,G_01592,en,E5_crossdataset,1,0.9924881666593991,1,,,,
D2_00932,G_01593,en,E5_crossdataset,1,0.9998396319181793,1,,,,
D2_00933,G_01594,en,E5_crossdataset,1,0.8549771929889108,1,,,,
D2_00934,G_01595,en,E5_crossdataset,1,0.9397185968324187,1,,,,
D2_00935,G_01596,en,E5_crossdataset,1,0.9784196526345827,1,,,,
D2_00936,G_01597,en,E5_crossdataset,1,0.9445802515688706,1,,,,
D2_00937,G_01598,en,E5_crossdataset,1,0.9977675140145577,1,,,,
D2_00938,G_01599,en,E5_crossdataset,1,0.9974488826960821,1,,,,
D2_00939,G_01600,en,E5_crossdataset,1,0.9891535551473916,1,,,,
D2_00940,G_01601,en,E5_crossdataset,1,0.999454945366639,1,,,,
D2_00941,G_01602,en,E5_crossdataset,1,0.88142495004579,1,,,,
D2_00942,G_01603,en,E5_crossdataset,1,0.9037453449636894,1,,,,
D2_00943,G_01604,en,E5_crossdataset,1,0.84081271632946,1,,,,
D2_00944,G_01605,en,E5_crossdataset,1,0.9900578268504058,1,,,,
D2_00945,G_01606,en,E5_crossdataset,1,0.9937242947147906,1,,,,
D2_00946,G_01607,en,E5_crossdataset,1,0.868489785109545,1,,,,
D2_00947,G_01608,en,E5_crossdataset,1,0.9789762952099036,1,,,,
D2_00948,G_01609,en,E5_crossdataset,1,0.9953550489537438,1,,,,
D2_00949,G_01610,en,E5_crossdataset,1,0.9920993773219735,1,,,,
D2_00950,G_01611,en,E5_crossdataset,1,0.924005548261602,1,,,,
D2_00951,G_01612,en,E5_crossdataset,1,0.9972200224415874,1,,,,
D2_00952,G_01613,en,E5_crossdataset,1,0.9870697537240506,1,,,,
D2_00953,G_01614,en,E5_crossdataset,1,0.9980338996622719,1,,,,
D2_00954,G_01615,en,E5_crossdataset,1,0.9659183853242143,1,,,,
D2_00955,G_01616,en,E5_crossdataset,1,0.997585505963026,1,,,,
D2_00956,G_01617,en,E5_crossdataset,1,0.9970925014638697,1,,,,
D2_00957,G_01618,en,E5_crossdataset,1,0.9826696515079862,1,,,,
D2_00958,G_01619,en,E5_crossdataset,1,0.9657864584304753,1,,,,
D2_00959,G_01620,en,E5_crossdataset,1,0.9489096985714546,1,,,,
D2_00960,G_01621,en,E5_crossdataset,1,0.9931677868023551,1,,,,
D2_00961,G_01622,en,E5_crossdataset,1,0.9974418968618622,1,,,,
D2_00962,G_01623,en,E5_crossdataset,1,0.9752447182346528,1,,,,
D2_00963,G_01624,en,E5_crossdataset,1,0.9948753956767824,1,,,,
D2_00964,G_01625,en,E5_crossdataset,1,0.9872477239224737,1,,,,
D2_00965,G_01626,en,E5_crossdataset,1,0.6823555615389084,0,,,,
D2_00966,G_01627,en,E5_crossdataset,1,0.8536555070271794,1,,,,
D2_00967,G_01628,en,E5_crossdataset,1,0.9874008610960926,1,,,,
D2_00968,G_01629,en,E5_crossdataset,1,0.9373866461605916,1,,,,
D2_00969,G_01630,en,E5_crossdataset,1,0.9994874326872045,1,,,,
D2_00970,G_01631,en,E5_crossdataset,1,0.9996988501850075,1,,,,
D2_00971,G_01632,en,E5_crossdataset,1,0.9724247675766826,1,,,,
D2_00972,G_01633,en,E5_crossdataset,1,0.03537943141942641,0,,,,
D2_00973,G_01634,en,E5_crossdataset,1,0.5123057301479387,0,,,,
D2_00974,G_01635,en,E5_crossdataset,1,0.8641335029435673,1,,,,
D2_00975,G_01636,en,E5_crossdataset,1,0.9125418586171441,1,,,,
D2_00976,G_01637,en,E5_crossdataset,1,0.9958663921755664,1,,,,
D2_00977,G_01638,en,E5_crossdataset,1,0.9766960880381068,1,,,,
D2_00978,G_01639,en,E5_crossdataset,1,0.9755045286450323,1,,,,
D2_00979,G_01640,en,E5_crossdataset,1,0.9992491606498114,1,,,,
D2_00980,G_01641,en,E5_crossdataset,1,0.9995436298333508,1,,,,
D2_00981,G_01642,en,E5_crossdataset,1,0.9548768211743699,1,,,,
D2_00982,G_01643,en,E5_crossdataset,1,0.9458780239882788,1,,,,
D2_00983,G_01644,en,E5_crossdataset,1,0.9101460343260577,1,,,,
D2_00984,G_01645,en,E5_crossdataset,1,0.9981939780194079,1,,,,
D2_00985,G_01646,en,E5_crossdataset,1,0.9997048680015568,1,,,,
D2_00986,G_01647,en,E5_crossdataset,1,0.9989824639088688,1,,,,
D2_00987,G_01648,en,E5_crossdataset,1,0.999242832552607,1,,,,
D2_00988,G_01649,en,E5_crossdataset,1,0.9953313658443652,1,,,,
D2_00989,G_01650,en,E5_crossdataset,1,0.9867665681602098,1,,,,
D2_00990,G_01651,en,E5_crossdataset,1,0.9992869341387817,1,,,,
D2_00991,G_01652,en,E5_crossdataset,1,0.990669526694084,1,,,,
D2_00992,G_01653,en,E5_crossdataset,1,0.733159081961364,1,,,,
D2_00993,G_01654,en,E5_crossdataset,1,0.9990441464657003,1,,,,
D2_00994,G_01655,en,E5_crossdataset,1,0.9956118456947527,1,,,,
D2_00995,G_01656,en,E5_crossdataset,1,0.5512359975124964,0,,,,
D2_00996,G_01657,en,E5_crossdataset,1,0.9954693134353704,1,,,,
D2_00997,G_01658,en,E5_crossdataset,1,0.9944262145532984,1,,,,
D2_00998,G_01659,en,E5_crossdataset,1,0.8801566017447002,1,,,,
D2_00999,G_01660,en,E5_crossdataset,1,0.9037090031837556,1,,,,
D2_01000,G_01661,en,E5_crossdataset,1,0.9512048030366255,1,,,,
D3_00001,G_01662,en,FP_promptbench,0,0.406038844708878,0,,,,
D3_00002,G_01663,en,FP_promptbench,0,0.8118413889369741,1,,,,
D3_00003,G_01664,en,FP_promptbench,0,0.6547388552729063,0,,,,
D3_00004,G_02959,en,FP_promptbench,0,0.19817531655932738,0,,,,
D3_00005,G_01666,en,FP_promptbench,0,0.31387371866431946,0,,,,
D3_00006,G_01667,en,FP_promptbench,0,0.8955270626292453,1,,,,
D3_00007,G_01668,en,FP_promptbench,0,0.9128165616120705,1,,,,
D3_00008,G_01669,en,FP_promptbench,0,0.8922714264508774,1,,,,
D3_00009,G_02968,en,FP_promptbench,0,0.5180675132992424,0,,,,
D3_00010,G_01671,en,FP_promptbench,0,0.3991672851636047,0,,,,
D3_00011,G_01691,en,FP_promptbench,0,0.7990238960401451,1,,,,
D3_00012,G_01698,en,FP_promptbench,0,0.7723291194823104,1,,,,
D3_00013,G_01705,en,FP_promptbench,0,0.7885739289231433,1,,,,
D3_00014,G_02971,en,FP_promptbench,0,0.894893309715405,1,,,,
D3_00015,G_01676,en,FP_promptbench,0,0.8889441506484679,1,,,,
D3_00016,G_01677,en,FP_promptbench,0,0.5847926028793293,0,,,,
D3_00017,G_01678,en,FP_promptbench,0,0.603727845956273,0,,,,
D3_00018,G_01679,en,FP_promptbench,0,0.7634945277340426,1,,,,
D3_00019,G_01680,en,FP_promptbench,0,0.9059875649497404,1,,,,
D3_00020,G_02977,en,FP_promptbench,0,0.7072270272621699,1,,,,
D3_00021,G_01682,en,FP_promptbench,0,0.3222135089487841,0,,,,
D3_00022,G_01683,en,FP_promptbench,0,0.7017292410697707,0,,,,
D3_00023,G_01684,en,FP_promptbench,0,0.8065689198746646,1,,,,
D3_00024,G_01685,en,FP_promptbench,0,0.7887562902984566,1,,,,
D3_00025,G_01686,en,FP_promptbench,0,0.5776704620869424,0,,,,
D3_00026,G_01687,en,FP_promptbench,0,0.8893132310646943,1,,,,
D3_00027,G_01664,en,FP_promptbench,0,0.6559982300902115,0,,,,
D3_00028,G_01689,en,FP_promptbench,0,0.41971233076219283,0,,,,
D3_00029,G_01663,en,FP_promptbench,0,0.8185706567108725,1,,,,
D3_00030,G_01691,en,FP_promptbench,0,0.7982899154550276,1,,,,
D3_00031,G_01698,en,FP_promptbench,0,0.7610843408391842,1,,,,
D3_00032,G_01705,en,FP_promptbench,0,0.7927439246027106,1,,,,
D3_00033,G_01664,en,FP_promptbench,0,0.4869702410504746,0,,,,
D3_00034,G_01662,en,FP_promptbench,0,0.36395460865132534,0,,,,
D3_00035,G_01663,en,FP_promptbench,0,0.6506236966849995,0,,,,
D3_00036,G_01691,en,FP_promptbench,0,0.8173785618114543,1,,,,
D3_00037,G_01698,en,FP_promptbench,0,0.5855570076753843,0,,,,
D3_00038,G_01705,en,FP_promptbench,0,0.785191597316904,1,,,,
D3_00039,G_01664,en,FP_promptbench,0,0.7025040220884473,0,,,,
D3_00040,G_01701,en,FP_promptbench,0,0.4623722087976835,0,,,,
D3_00041,G_01663,en,FP_promptbench,0,0.7936968220132421,1,,,,
D3_00042,G_01691,en,FP_promptbench,0,0.8536495710619266,1,,,,
D3_00043,G_01698,en,FP_promptbench,0,0.8305992671682252,1,,,,
D3_00044,G_01705,en,FP_promptbench,0,0.854324799773331,1,,,,
D3_00045,G_01706,en,FP_promptbench,0,0.7372925935467212,1,,,,
D3_00046,G_01662,en,FP_promptbench,0,0.45096223997405943,0,,,,
D3_00047,G_01708,en,FP_promptbench,0,0.6082625039613414,0,,,,
D3_00048,G_01691,en,FP_promptbench,0,0.780748524070259,1,,,,
D3_00049,G_01710,en,FP_promptbench,0,0.8599571431379947,1,,,,
D3_00050,G_01705,en,FP_promptbench,0,0.7597310444572373,1,,,,
D3_00051,G_01712,en,FP_promptbench,0,0.37472325672054047,0,,,,
D3_00052,G_01713,en,FP_promptbench,0,0.48767790253763005,0,,,,
D3_00053,G_01714,en,FP_promptbench,0,0.5627732502861049,0,,,,
D3_00055,G_01715,en,FP_promptbench,0,0.7777587485892927,1,,,,
D3_00056,G_01716,en,FP_promptbench,0,0.4426862408217881,0,,,,
D3_00057,G_01717,en,FP_promptbench,0,0.9118214228613951,1,,,,
D3_00058,G_01718,other,FP_promptbench,0,0.9653637012029762,1,,,,
D3_00059,G_01719,other,FP_promptbench,0,0.9690519462194443,1,,,,
D3_00060,G_01720,other,FP_promptbench,0,0.982745386001831,1,,,,
D3_00061,G_01721,other,FP_promptbench,0,0.9208980591038571,1,,,,
D3_00062,G_01722,other,FP_promptbench,0,0.9508112246963444,1,,,,
D3_00063,G_01723,other,FP_promptbench,0,0.9693001900665539,1,,,,
D3_00064,G_01724,other,FP_promptbench,0,0.9759410051520195,1,,,,
D3_00065,G_01723,other,FP_promptbench,0,0.9671053001077857,1,,,,
D3_00066,G_01726,other,FP_promptbench,0,0.9579815113325411,1,,,,
D3_00068,G_01727,other,FP_promptbench,0,0.8803651608369577,1,,,,
D3_00069,G_01728,other,FP_promptbench,0,0.1960279609778527,0,,,,
D3_00070,G_01729,other,FP_promptbench,0,0.49683973306553614,0,,,,
D3_00071,G_01730,other,FP_promptbench,0,0.5998343003726755,0,,,,
D3_00072,G_01731,other,FP_promptbench,0,0.6745602954905469,0,,,,
D3_00073,G_01732,other,FP_promptbench,0,0.196113399437622,0,,,,
D3_00074,G_01733,other,FP_promptbench,0,0.51541543267769,0,,,,
D3_00075,G_01734,other,FP_promptbench,0,0.5295472629234336,0,,,,
D3_00076,G_01735,other,FP_promptbench,0,0.6616821540244572,0,,,,
D3_00077,G_01736,other,FP_promptbench,0,0.8309304344388381,1,,,,
D3_00078,G_01737,other,FP_promptbench,0,0.6392766321388502,0,,,,
D3_00079,G_01738,other,FP_promptbench,0,0.3015363394459525,0,,,,
D3_00080,G_01739,other,FP_promptbench,0,0.5234999299989475,0,,,,
D3_00081,G_01740,other,FP_promptbench,0,0.5372207068296314,0,,,,
D3_00082,G_01741,other,FP_promptbench,0,0.5212516035227596,0,,,,
D3_00083,G_01742,other,FP_promptbench,0,0.3331389444395197,0,,,,
D3_00084,G_01743,other,FP_promptbench,0,0.587452102656333,0,,,,
D3_00085,G_01744,other,FP_promptbench,0,0.5908938976397081,0,,,,
D3_00086,G_01745,other,FP_promptbench,0,0.6159025671952605,0,,,,
D3_00087,G_01746,other,FP_promptbench,0,0.45904420501587634,0,,,,
D3_00088,G_01747,other,FP_promptbench,0,0.5837492644125193,0,,,,
D3_00089,G_01738,other,FP_promptbench,0,0.4046767133139027,0,,,,
D3_00090,G_01749,other,FP_promptbench,0,0.42080487729899546,0,,,,
D3_00091,G_01750,other,FP_promptbench,0,0.522931499097741,0,,,,
D3_00092,G_01751,other,FP_promptbench,0,0.5357083338726812,0,,,,
D3_00093,G_01752,other,FP_promptbench,0,0.4941715405427499,0,,,,
D3_00094,G_01753,other,FP_promptbench,0,0.42995861256885043,0,,,,
D3_00095,G_01754,other,FP_promptbench,0,0.4470869961678925,0,,,,
D3_00096,G_01755,other,FP_promptbench,0,0.43542472167802765,0,,,,
D3_00097,G_01756,other,FP_promptbench,0,0.6450606702717759,0,,,,
D3_00098,G_01757,other,FP_promptbench,0,0.45095126214937614,0,,,,
D3_00099,G_01758,other,FP_promptbench,0,0.6534444101455124,0,,,,
D3_00100,G_01759,other,FP_promptbench,0,0.3489432268327399,0,,,,
D3_00101,G_01760,other,FP_promptbench,0,0.29872080698636294,0,,,,
D3_00102,G_01761,other,FP_promptbench,0,0.2917499600256313,0,,,,
D3_00103,G_01762,other,FP_promptbench,0,0.23798653924182187,0,,,,
D3_00104,G_01763,other,FP_promptbench,0,0.38060287953835414,0,,,,
D3_00105,G_01764,other,FP_promptbench,0,0.4577198248005816,0,,,,
D3_00106,G_01762,other,FP_promptbench,0,0.3177752176864611,0,,,,
D3_00107,G_01766,other,FP_promptbench,0,0.5074873802510435,0,,,,
D3_00108,G_01767,other,FP_promptbench,0,0.8610345302944588,1,,,,
D3_00109,G_01768,other,FP_promptbench,0,0.8573910432786017,1,,,,
D3_00110,G_01769,other,FP_promptbench,0,0.8565043318051299,1,,,,
D3_00111,G_01770,other,FP_promptbench,0,0.5942436611017604,0,,,,
D3_00112,G_01771,other,FP_promptbench,0,0.7882191622102082,1,,,,
D3_00113,G_01772,other,FP_promptbench,0,0.825744379102797,1,,,,
D3_00114,G_01773,other,FP_promptbench,0,0.8901965749794092,1,,,,
D3_00115,G_01774,other,FP_promptbench,0,0.5689801675761836,0,,,,
D3_00117,G_01775,other,FP_promptbench,0,0.9467348947875138,1,,,,
D3_00118,G_01803,en,FP_promptbench,0,0.9638152474836322,1,,,,
D3_00119,G_01802,en,FP_promptbench,0,0.9536675464383723,1,,,,
D3_00120,G_01816,en,FP_promptbench,0,0.7763246956119437,1,,,,
D3_00121,G_03017,en,FP_promptbench,0,0.7667180614577889,1,,,,
D3_00122,G_01780,en,FP_promptbench,0,0.6430176599212313,0,,,,
D3_00123,G_03023,en,FP_promptbench,0,0.7287811920071429,1,,,,
D3_00124,G_03579,en,FP_promptbench,0,0.8598624992640245,1,,,,
D3_00125,G_01783,en,FP_promptbench,0,0.5272868462232532,0,,,,
D3_00126,G_01784,en,FP_promptbench,0,0.37917427473032045,0,,,,
D3_00127,G_01785,en,FP_promptbench,0,0.9014329157694149,1,,,,
D3_00128,G_01811,en,FP_promptbench,0,0.9469237999167966,1,,,,
D3_00129,G_01819,en,FP_promptbench,0,0.9738841194524014,1,,,,
D3_00130,G_01818,en,FP_promptbench,0,0.7794214756865023,1,,,,
D3_00131,G_01789,en,FP_promptbench,0,0.846601435077651,1,,,,
D3_00132,G_01790,en,FP_promptbench,0,0.9881004297762926,1,,,,
D3_00133,G_03045,en,FP_promptbench,0,0.8614498026333933,1,,,,
D3_00134,G_03029,en,FP_promptbench,0,0.9303131517980426,1,,,,
D3_00135,G_01793,en,FP_promptbench,0,0.8988714189249334,1,,,,
D3_00136,G_01794,en,FP_promptbench,0,0.7816654306690093,1,,,,
D3_00137,G_01795,en,FP_promptbench,0,0.8166506400927349,1,,,,
D3_00138,G_01796,en,FP_promptbench,0,0.8223627272295546,1,,,,
D3_00139,G_01797,en,FP_promptbench,0,0.9285592998933581,1,,,,
D3_00140,G_01798,en,FP_promptbench,0,0.5904500880898065,0,,,,
D3_00141,G_01799,en,FP_promptbench,0,0.8797277870071811,1,,,,
D3_00142,G_01800,en,FP_promptbench,0,0.9112176129056146,1,,,,
D3_00143,G_01801,en,FP_promptbench,0,0.80561401476788,1,,,,
D3_00144,G_01802,en,FP_promptbench,0,0.9522592548729454,1,,,,
D3_00145,G_01803,en,FP_promptbench,0,0.9609955230200518,1,,,,
D3_00146,G_01816,en,FP_promptbench,0,0.7805886309810559,1,,,,
D3_00147,G_01811,en,FP_promptbench,0,0.9471378511785826,1,,,,
D3_00148,G_01818,en,FP_promptbench,0,0.7794214756865023,1,,,,
D3_00149,G_01819,en,FP_promptbench,0,0.9748252971061268,1,,,,
D3_00150,G_01808,en,FP_promptbench,0,0.7453885801750594,1,,,,
D3_00151,G_01809,en,FP_promptbench,0,0.5772945824695842,0,,,,
D3_00152,G_01810,en,FP_promptbench,0,0.9530307760199068,1,,,,
D3_00153,G_01811,en,FP_promptbench,0,0.8431408034887296,1,,,,
D3_00154,G_01812,en,FP_promptbench,0,0.7281338839261903,1,,,,
D3_00155,G_01819,en,FP_promptbench,0,0.9721025056353638,1,,,,
D3_00156,G_01814,en,FP_promptbench,0,0.9354259557322273,1,,,,
D3_00157,G_01815,en,FP_promptbench,0,0.9284555040205701,1,,,,
D3_00158,G_01816,en,FP_promptbench,0,0.8446188113538213,1,,,,
D3_00159,G_01811,en,FP_promptbench,0,0.9578761353506078,1,,,,
D3_00160,G_01818,en,FP_promptbench,0,0.8093004979336716,1,,,,
D3_00161,G_01819,en,FP_promptbench,0,0.9680437109938818,1,,,,
D3_00162,G_01816,en,FP_promptbench,0,0.7890188549729126,1,,,,
D3_00163,G_01821,en,FP_promptbench,0,0.7566937498752851,1,,,,
D3_00164,G_01822,en,FP_promptbench,0,0.9426396207235658,1,,,,
D3_00165,G_01823,en,FP_promptbench,0,0.708754643086905,1,,,,
D3_00166,G_01824,en,FP_promptbench,0,0.9503320987805032,1,,,,
D3_00167,G_01825,en,FP_promptbench,0,0.7469892423180643,1,,,,
D3_00168,G_01826,en,FP_promptbench,0,0.9166007127703244,1,,,,
D3_00169,G_01827,en,FP_promptbench,0,0.6894629904854889,0,,,,
D3_00170,G_01828,en,FP_promptbench,0,0.8172008088799348,1,,,,
D3_00171,G_01829,en,FP_promptbench,0,0.9477249815344186,1,,,,
D3_00172,G_01830,en,FP_promptbench,0,0.9576864881291195,1,,,,
D3_00173,G_01831,en,FP_promptbench,0,0.6699863094277039,0,,,,
D3_00174,G_01832,other,FP_promptbench,0,0.8986794386626398,1,,,,
D3_00175,G_01833,other,FP_promptbench,0,0.7084485240978691,1,,,,
D3_00176,G_01842,other,FP_promptbench,0,0.9636278096203742,1,,,,
D3_00177,G_01835,other,FP_promptbench,0,0.9761781860666959,1,,,,
D3_00178,G_01842,other,FP_promptbench,0,0.9708846121372612,1,,,,
D3_00179,G_01837,other,FP_promptbench,0,0.7502072088170426,1,,,,
D3_00180,G_01838,other,FP_promptbench,0,0.9770880472750357,1,,,,
D3_00182,G_01839,other,FP_promptbench,0,0.8083501490770754,1,,,,
D3_00183,G_01838,other,FP_promptbench,0,0.9760811452836899,1,,,,
D3_00184,G_01841,other,FP_promptbench,0,0.8010011065983249,1,,,,
D3_00185,G_01842,other,FP_promptbench,0,0.7483580477536957,1,,,,
D3_00186,G_01843,other,FP_promptbench,0,0.937896049330326,1,,,,
D3_00187,G_01844,other,FP_promptbench,0,0.8701405779555389,1,,,,
D3_00188,G_01842,other,FP_promptbench,0,0.9366059031458976,1,,,,
D3_00189,G_01844,other,FP_promptbench,0,0.789913981739212,1,,,,
D3_00190,G_01847,other,FP_promptbench,0,0.45509036183394974,0,,,,
D3_00191,G_01842,other,FP_promptbench,0,0.958059921373628,1,,,,
D3_00192,G_01849,other,FP_promptbench,0,0.9535384630782556,1,,,,
D3_00193,G_01850,other,FP_promptbench,0,0.6275938240743756,0,,,,
D3_00194,G_01851,other,FP_promptbench,0,0.960544320381915,1,,,,
D3_00195,G_01833,other,FP_promptbench,0,0.7737013438993074,1,,,,
D3_00196,G_01853,other,FP_promptbench,0,0.9539430418712126,1,,,,
D3_00197,G_01854,other,FP_promptbench,0,0.943689420425184,1,,,,
D3_00199,G_01855,other,FP_promptbench,0,0.9560981438741983,1,,,,
D3_00200,G_01856,other,FP_promptbench,0,0.7509599413613932,1,,,,
D3_00201,G_01842,other,FP_promptbench,0,0.9660890768998144,1,,,,
D3_00202,G_01858,other,FP_promptbench,0,0.9879981134983821,1,,,,
D3_00203,G_01859,other,FP_promptbench,0,0.6779579121042892,0,,,,
D3_00204,G_01860,other,FP_promptbench,0,0.924631180109937,1,,,,
D3_00205,G_01861,other,FP_promptbench,0,0.8108557009445728,1,,,,
D3_00206,G_01862,other,FP_promptbench,0,0.868817861305872,1,,,,
D3_00207,G_01863,other,FP_promptbench,0,0.7582588583102152,1,,,,
D3_00208,G_01864,other,FP_promptbench,0,0.8542244320460207,1,,,,
D3_00209,G_01865,other,FP_promptbench,0,0.9268157329169768,1,,,,
D3_00210,G_01863,other,FP_promptbench,0,0.7049721119289609,0,,,,
D3_00211,G_01867,other,FP_promptbench,0,0.8275442964233569,1,,,,
D3_00212,G_01862,other,FP_promptbench,0,0.8691724060004832,1,,,,
D3_00213,G_01869,other,FP_promptbench,0,0.7965521089349077,1,,,,
D3_00214,G_01870,other,FP_promptbench,0,0.9262931674934938,1,,,,
D3_00215,G_01870,other,FP_promptbench,0,0.8879019724996893,1,,,,
D3_00216,G_01872,other,FP_promptbench,0,0.8336180104384369,1,,,,
D3_00217,G_01873,other,FP_promptbench,0,0.8305114674920255,1,,,,
D3_00218,G_01874,other,FP_promptbench,0,0.9081800968912582,1,,,,
D3_00219,G_01874,other,FP_promptbench,0,0.9275514617783053,1,,,,
D3_00220,G_01873,other,FP_promptbench,0,0.933756590364007,1,,,,
D3_00221,G_01874,other,FP_promptbench,0,0.9081800968912582,1,,,,
D3_00222,G_01878,other,FP_promptbench,0,0.9519188546049201,1,,,,
D3_00223,G_01879,other,FP_promptbench,0,0.9375668467067523,1,,,,
D3_00224,G_01833,other,FP_promptbench,0,0.6785470899969914,0,,,,
D3_00225,G_01881,other,FP_promptbench,0,0.7733724994782386,1,,,,
D3_00226,G_01882,other,FP_promptbench,0,0.7332441283625986,1,,,,
D3_00227,G_01833,other,FP_promptbench,0,0.7701956505723051,1,,,,
D3_00228,G_01884,other,FP_promptbench,0,0.7801053147396128,1,,,,
D3_00229,G_01885,other,FP_promptbench,0,0.7434914495911126,1,,,,
D3_00230,G_01833,other,FP_promptbench,0,0.6822616238416075,0,,,,
D3_00231,G_01887,other,FP_promptbench,0,0.7160646855710744,1,,,,
D3_00232,G_01888,other,FP_promptbench,0,0.9765554106538069,1,,,,
D3_00233,G_01889,other,FP_promptbench,0,0.7120205038379991,1,,,,
D3_00234,G_01890,en,FP_promptbench,0,0.9656265922353191,1,,,,
D3_00235,G_01891,en,FP_promptbench,0,0.4480446412804926,0,,,,
D3_00236,G_01892,en,FP_promptbench,0,0.8303724536349212,1,,,,
D3_00237,G_01893,en,FP_promptbench,0,0.9561824550421933,1,,,,
D3_00238,G_03601,en,FP_promptbench,0,0.5005738152510566,0,,,,
D3_00239,G_01895,en,FP_promptbench,0,0.9589028332680815,1,,,,
D3_00240,G_01896,en,FP_promptbench,0,0.2963562444060985,0,,,,
D3_00241,G_01897,en,FP_promptbench,0,0.9395650242432468,1,,,,
D3_00242,G_01898,en,FP_promptbench,0,0.8591663123915275,1,,,,
D3_00243,G_01899,en,FP_promptbench,0,0.9385372601672097,1,,,,
D3_00244,G_01931,en,FP_promptbench,0,0.9331717503139849,1,,,,
D3_00245,G_01901,en,FP_promptbench,0,0.8935808660948507,1,,,,
D3_00246,G_01902,en,FP_promptbench,0,0.9376338201476089,1,,,,
D3_00247,G_01903,en,FP_promptbench,0,0.8942684538909135,1,,,,
D3_00248,G_04476,en,FP_promptbench,0,0.9845731108630439,1,,,,
D3_00249,G_03603,en,FP_promptbench,0,0.8898206041522178,1,,,,
D3_00250,G_01906,en,FP_promptbench,0,0.854804300539261,1,,,,
D3_00251,G_01907,en,FP_promptbench,0,0.914495262334037,1,,,,
D3_00252,G_04475,en,FP_promptbench,0,0.9678389225233373,1,,,,
D3_00253,G_01909,en,FP_promptbench,0,0.9405611513749575,1,,,,
D3_00254,G_01910,en,FP_promptbench,0,0.9545276064273635,1,,,,
D3_00255,G_01911,en,FP_promptbench,0,0.5479212745677328,0,,,,
D3_00256,G_01912,en,FP_promptbench,0,0.7693955272103673,1,,,,
D3_00257,G_01913,en,FP_promptbench,0,0.8023990125858768,1,,,,
D3_00258,G_01914,en,FP_promptbench,0,0.9493549943019823,1,,,,
D3_00259,G_01915,en,FP_promptbench,0,0.8334364610599452,1,,,,
D3_00260,G_01890,en,FP_promptbench,0,0.967762073622211,1,,,,
D3_00261,G_01892,en,FP_promptbench,0,0.8269717237741128,1,,,,
D3_00262,G_01891,en,FP_promptbench,0,0.4480446412804926,0,,,,
D3_00263,G_01931,en,FP_promptbench,0,0.9318558653334316,1,,,,
D3_00264,G_01902,en,FP_promptbench,0,0.9394276869894351,1,,,,
D3_00265,G_01901,en,FP_promptbench,0,0.8935808660948507,1,,,,
D3_00266,G_01922,en,FP_promptbench,0,0.41184505175417896,0,,,,
D3_00267,G_01923,en,FP_promptbench,0,0.9651078943565419,1,,,,
D3_00268,G_01924,en,FP_promptbench,0,0.8367709082046592,1,,,,
D3_00269,G_01925,en,FP_promptbench,0,0.9198914256745891,1,,,,
D3_00270,G_01926,en,FP_promptbench,0,0.9378949459287077,1,,,,
D3_00271,G_01901,en,FP_promptbench,0,0.9284438970067146,1,,,,
D3_00272,G_01890,en,FP_promptbench,0,0.9461181139028308,1,,,,
D3_00273,G_01929,en,FP_promptbench,0,0.8731654123694487,1,,,,
D3_00274,G_01891,en,FP_promptbench,0,0.5561822120780578,0,,,,
D3_00275,G_01931,en,FP_promptbench,0,0.909757931361596,1,,,,
D3_00276,G_01902,en,FP_promptbench,0,0.9451755453136591,1,,,,
D3_00277,G_01901,en,FP_promptbench,0,0.9069874549718453,1,,,,
D3_00278,G_01890,en,FP_promptbench,0,0.960452474952274,1,,,,
D3_00279,G_01935,en,FP_promptbench,0,0.8885222270174495,1,,,,
D3_00280,G_01891,en,FP_promptbench,0,0.3788699755956307,0,,,,
D3_00281,G_01937,en,FP_promptbench,0,0.948744645069675,1,,,,
D3_00282,G_01938,en,FP_promptbench,0,0.9312466143614222,1,,,,
D3_00283,G_01939,en,FP_promptbench,0,0.8941797493430611,1,,,,
D3_00284,G_01940,en,FP_promptbench,0,0.6900440931937529,0,,,,
D3_00285,G_01941,en,FP_promptbench,0,0.6600214855393611,0,,,,
D3_00286,G_01942,en,FP_promptbench,0,0.8173366302846817,1,,,,
D3_00287,G_01943,en,FP_promptbench,0,0.9176432677564276,1,,,,
D3_00288,G_01944,en,FP_promptbench,0,0.9679286230275289,1,,,,
D3_00289,G_01945,en,FP_promptbench,0,0.908648491941744,1,,,,
D3_00290,G_01946,other,FP_promptbench,0,0.8656434558775664,1,,,,
D3_00291,G_01947,other,FP_promptbench,0,0.37794576116739736,0,,,,
D3_00292,G_01948,other,FP_promptbench,0,0.9267006381512968,1,,,,
D3_00293,G_01949,other,FP_promptbench,0,0.9505990101165339,1,,,,
D3_00294,G_01950,other,FP_promptbench,0,0.9936807721245737,1,,,,
D3_00295,G_01951,other,FP_promptbench,0,0.9255112003568552,1,,,,
D3_00296,G_01952,other,FP_promptbench,0,0.9794446535601584,1,,,,
D3_00297,G_01953,other,FP_promptbench,0,0.9876352090589553,1,,,,
D3_00298,G_01951,other,FP_promptbench,0,0.9024336106871598,1,,,,
D3_00299,G_01955,other,FP_promptbench,0,0.913651191302655,1,,,,
D3_00300,G_01956,other,FP_promptbench,0,0.9831907537677887,1,,,,
D3_00301,G_01957,other,FP_promptbench,0,0.8830366962173366,1,,,,
D3_00302,G_01951,other,FP_promptbench,0,0.9446625909299855,1,,,,
D3_00303,G_01959,other,FP_promptbench,0,0.9753066341391262,1,,,,
D3_00304,G_01960,other,FP_promptbench,0,0.9846654060480619,1,,,,
D3_00305,G_01961,other,FP_promptbench,0,0.9767846775236433,1,,,,
D3_00306,G_01962,other,FP_promptbench,0,0.8068503788989075,1,,,,
D3_00307,G_01963,other,FP_promptbench,0,0.9773500397340609,1,,,,
D3_00308,G_01951,other,FP_promptbench,0,0.858416554281489,1,,,,
D3_00309,G_01965,other,FP_promptbench,0,0.9719722328117315,1,,,,
D3_00310,G_01946,other,FP_promptbench,0,0.8973854778573834,1,,,,
D3_00311,G_01967,other,FP_promptbench,0,0.7763846730143685,1,,,,
D3_00312,G_01968,other,FP_promptbench,0,0.9763452552831781,1,,,,
D3_00313,G_01969,other,FP_promptbench,0,0.9933435114729764,1,,,,
D3_00314,G_01970,other,FP_promptbench,0,0.9750556400987486,1,,,,
D3_00315,G_01967,other,FP_promptbench,0,0.7198795054122572,1,,,,
D3_00316,G_01972,other,FP_promptbench,0,0.9161280291586809,1,,,,
D3_00317,G_01973,other,FP_promptbench,0,0.9721105572576129,1,,,,
D3_00318,G_01974,other,FP_promptbench,0,0.9846116599283766,1,,,,
D3_00319,G_01975,other,FP_promptbench,0,0.7463942344766222,1,,,,
D3_00320,G_01976,other,FP_promptbench,0,0.9360845325706196,1,,,,
D3_00322,G_01977,other,FP_promptbench,0,0.8748037275569033,1,,,,
D3_00323,G_01978,other,FP_promptbench,0,0.9919077017603382,1,,,,
D3_00324,G_01979,other,FP_promptbench,0,0.9639179009627538,1,,,,
D3_00325,G_01980,other,FP_promptbench,0,0.7925088189909488,1,,,,
D3_00326,G_01981,other,FP_promptbench,0,0.9750036157851814,1,,,,
D3_00327,G_01982,other,FP_promptbench,0,0.9465203601894403,1,,,,
D3_00328,G_01983,other,FP_promptbench,0,0.9768691456448979,1,,,,
D3_00329,G_01984,other,FP_promptbench,0,0.9649860742709748,1,,,,
D3_00330,G_01985,other,FP_promptbench,0,0.6745149901262244,0,,,,
D3_00331,G_01986,other,FP_promptbench,0,0.5719840438695001,0,,,,
D3_00332,G_01987,other,FP_promptbench,0,0.5527670900684946,0,,,,
D3_00333,G_01988,other,FP_promptbench,0,0.6076721399231735,0,,,,
D3_00334,G_01989,other,FP_promptbench,0,0.5313519761591369,0,,,,
D3_00335,G_01990,other,FP_promptbench,0,0.7126756733283095,1,,,,
D3_00336,G_01991,other,FP_promptbench,0,0.594194943975913,0,,,,
D3_00337,G_01992,other,FP_promptbench,0,0.598831606012621,0,,,,
D3_00338,G_01993,other,FP_promptbench,0,0.7537680480823976,1,,,,
D3_00339,G_01994,other,FP_promptbench,0,0.5226766391972485,0,,,,
D3_00340,G_01995,other,FP_promptbench,0,0.7736254306966165,1,,,,
D3_00341,G_01996,other,FP_promptbench,0,0.9352925333848573,1,,,,
D3_00342,G_01997,other,FP_promptbench,0,0.9174767560710754,1,,,,
D3_00343,G_01998,other,FP_promptbench,0,0.7179825254820693,1,,,,
D3_00344,G_01999,other,FP_promptbench,0,0.9471283920276444,1,,,,
D3_00345,G_02000,other,FP_promptbench,0,0.7631048801162698,1,,,,
D3_00346,G_02001,other,FP_promptbench,0,0.5658520923303052,0,,,,
D3_00347,G_02002,other,FP_promptbench,0,0.688390974143993,0,,,,
D3_00348,G_02003,other,FP_promptbench,0,0.7277871119734961,1,,,,
D3_00349,G_02004,other,FP_promptbench,0,0.9564344455853608,1,,,,
D3_00350,G_02005,en,FP_promptbench,0,0.9700663987629656,1,,,,
D3_00351,G_02032,en,FP_promptbench,0,0.941165992835909,1,,,,
D3_00352,G_02007,en,FP_promptbench,0,0.9811077868324243,1,,,,
D3_00353,G_02008,en,FP_promptbench,0,0.9453798950680239,1,,,,
D3_00354,G_02009,en,FP_promptbench,0,0.962021697910647,1,,,,
D3_00355,G_03634,en,FP_promptbench,0,0.989646829592746,1,,,,
D3_00356,G_02011,en,FP_promptbench,0,0.9836096646810948,1,,,,
D3_00357,G_02012,en,FP_promptbench,0,0.9656587936334257,1,,,,
D3_00358,G_02013,en,FP_promptbench,0,0.967190719560706,1,,,,
D3_00359,G_02014,en,FP_promptbench,0,0.9567890459892396,1,,,,
D3_00360,G_02015,en,FP_promptbench,0,0.9970037819434451,1,,,,
D3_00361,G_02016,en,FP_promptbench,0,0.9898454011963965,1,,,,
D3_00362,G_03116,en,FP_promptbench,0,0.9800330410768658,1,,,,
D3_00363,G_02018,en,FP_promptbench,0,0.9776229783678533,1,,,,
D3_00364,G_02019,en,FP_promptbench,0,0.9641280692553557,1,,,,
D3_00365,G_02020,en,FP_promptbench,0,0.9959048278993349,1,,,,
D3_00366,G_02021,en,FP_promptbench,0,0.9828673789929658,1,,,,
D3_00367,G_04084,en,FP_promptbench,0,0.9949474382063711,1,,,,
D3_00368,G_02023,en,FP_promptbench,0,0.9943190056030755,1,,,,
D3_00369,G_03639,en,FP_promptbench,0,0.9964760663436065,1,,,,
D3_00370,G_02025,en,FP_promptbench,0,0.8590979014720563,1,,,,
D3_00371,G_02026,en,FP_promptbench,0,0.9529728728255001,1,,,,
D3_00372,G_02027,en,FP_promptbench,0,0.9905055929727221,1,,,,
D3_00373,G_02028,en,FP_promptbench,0,0.898499404298832,1,,,,
D3_00374,G_02029,en,FP_promptbench,0,0.9760480226043036,1,,,,
D3_00375,G_02030,en,FP_promptbench,0,0.8637770069893739,1,,,,
D3_00376,G_02005,en,FP_promptbench,0,0.9711887736470131,1,,,,
D3_00377,G_02032,en,FP_promptbench,0,0.940660051580858,1,,,,
D3_00378,G_02007,en,FP_promptbench,0,0.9804232228351402,1,,,,
D3_00379,G_02015,en,FP_promptbench,0,0.9969481601676677,1,,,,
D3_00380,G_02016,en,FP_promptbench,0,0.9901781317159435,1,,,,
D3_00381,G_03116,en,FP_promptbench,0,0.9800330410768658,1,,,,
D3_00382,G_02005,en,FP_promptbench,0,0.9690403151341154,1,,,,
D3_00383,G_02032,en,FP_promptbench,0,0.9522334838552172,1,,,,
D3_00384,G_02039,en,FP_promptbench,0,0.9715872465126181,1,,,,
D3_00385,G_02040,en,FP_promptbench,0,0.9872653352754127,1,,,,
D3_00387,G_02041,en,FP_promptbench,0,0.9462205505136576,1,,,,
D3_00388,G_02005,en,FP_promptbench,0,0.951146473993705,1,,,,
D3_00389,G_02043,en,FP_promptbench,0,0.9224081916251096,1,,,,
D3_00390,G_02007,en,FP_promptbench,0,0.9708950776061256,1,,,,
D3_00391,G_02015,en,FP_promptbench,0,0.9928789664780796,1,,,,
D3_00392,G_02016,en,FP_promptbench,0,0.9915354843058057,1,,,,
D3_00393,G_03116,en,FP_promptbench,0,0.9812177048253985,1,,,,
D3_00394,G_02048,en,FP_promptbench,0,0.9156040977812321,1,,,,
D3_00395,G_02049,en,FP_promptbench,0,0.9595475833061291,1,,,,
D3_00397,G_02050,en,FP_promptbench,0,0.9942840167604379,1,,,,
D3_00398,G_02051,en,FP_promptbench,0,0.9426410889304363,1,,,,
D3_00399,G_03116,en,FP_promptbench,0,0.9844013548831239,1,,,,
D3_00400,G_02053,en,FP_promptbench,0,0.8480510499346133,1,,,,
D3_00401,G_02054,en,FP_promptbench,0,0.9433520089260796,1,,,,
D3_00402,G_02055,en,FP_promptbench,0,0.9240905136954172,1,,,,
D3_00403,G_02056,en,FP_promptbench,0,0.9830798136194918,1,,,,
D3_00404,G_02057,en,FP_promptbench,0,0.9587184958031665,1,,,,
D3_00405,G_02058,en,FP_promptbench,0,0.9196965817125048,1,,,,
D3_00406,G_02059,other,FP_promptbench,0,0.8551476963885919,1,,,,
D3_00407,G_02060,other,FP_promptbench,0,0.8890732907014168,1,,,,
D3_00408,G_02061,other,FP_promptbench,0,0.9475887482650791,1,,,,
D3_00409,G_02062,other,FP_promptbench,0,0.9520226175135799,1,,,,
D3_00410,G_02063,other,FP_promptbench,0,0.8562517272971722,1,,,,
D3_00411,G_02064,other,FP_promptbench,0,0.9067740078818771,1,,,,
D3_00412,G_02065,other,FP_promptbench,0,0.9819530761519705,1,,,,
D3_00413,G_02066,other,FP_promptbench,0,0.9389807285057061,1,,,,
D3_00414,G_02067,other,FP_promptbench,0,0.803411034095186,1,,,,
D3_00415,G_02068,other,FP_promptbench,0,0.9740346172257387,1,,,,
D3_00416,G_02069,other,FP_promptbench,0,0.9834321315724046,1,,,,
D3_00417,G_02070,other,FP_promptbench,0,0.9824929920737248,1,,,,
D3_00418,G_02071,other,FP_promptbench,0,0.9822535539721432,1,,,,
D3_00419,G_02072,other,FP_promptbench,0,0.9382347085931994,1,,,,
D3_00420,G_02073,other,FP_promptbench,0,0.9019808636605687,1,,,,
D3_00421,G_02074,other,FP_promptbench,0,0.985173494449676,1,,,,
D3_00422,G_02075,other,FP_promptbench,0,0.9588267852893352,1,,,,
D3_00423,G_02076,other,FP_promptbench,0,0.990037064040774,1,,,,
D3_00424,G_02077,other,FP_promptbench,0,0.9847456500379949,1,,,,
D3_00425,G_02072,other,FP_promptbench,0,0.9314889590109097,1,,,,
D3_00426,G_02079,other,FP_promptbench,0,0.9658715042799604,1,,,,
D3_00427,G_02080,other,FP_promptbench,0,0.9567414474047995,1,,,,
D3_00428,G_02081,other,FP_promptbench,0,0.970442007135961,1,,,,
D3_00429,G_02082,other,FP_promptbench,0,0.9738389876738272,1,,,,
D3_00430,G_02083,other,FP_promptbench,0,0.9727778708287992,1,,,,
D3_00431,G_02084,other,FP_promptbench,0,0.9616152528689267,1,,,,
D3_00432,G_02085,other,FP_promptbench,0,0.9841224445044321,1,,,,
D3_00433,G_02086,other,FP_promptbench,0,0.9513932913756415,1,,,,
D3_00434,G_02087,other,FP_promptbench,0,0.9505182822426368,1,,,,
D3_00435,G_02088,other,FP_promptbench,0,0.9476675360069334,1,,,,
D3_00436,G_02089,other,FP_promptbench,0,0.9819347423031738,1,,,,
D3_00437,G_02090,other,FP_promptbench,0,0.8827451504992302,1,,,,
D3_00438,G_02091,other,FP_promptbench,0,0.9126834631427321,1,,,,
D3_00439,G_02092,other,FP_promptbench,0,0.9556398495158936,1,,,,
D3_00440,G_02093,other,FP_promptbench,0,0.9748796608232048,1,,,,
D3_00441,G_02094,other,FP_promptbench,0,0.5789470300190661,0,,,,
D3_00442,G_02095,other,FP_promptbench,0,0.9810280976899448,1,,,,
D3_00443,G_02096,other,FP_promptbench,0,0.865519572309611,1,,,,
D3_00444,G_02097,other,FP_promptbench,0,0.9289973739293362,1,,,,
D3_00445,G_02098,other,FP_promptbench,0,0.9786273812880806,1,,,,
D3_00446,G_02099,other,FP_promptbench,0,0.9788280633044416,1,,,,
D3_00447,G_02100,other,FP_promptbench,0,0.9863286435849765,1,,,,
D3_00448,G_02099,other,FP_promptbench,0,0.9683439815638248,1,,,,
D3_00449,G_02102,other,FP_promptbench,0,0.9297853347928238,1,,,,
D3_00450,G_02103,other,FP_promptbench,0,0.9760522723560056,1,,,,
D3_00451,G_02104,other,FP_promptbench,0,0.955770220119415,1,,,,
D3_00452,G_02105,other,FP_promptbench,0,0.9724097960500148,1,,,,
D3_00453,G_02105,other,FP_promptbench,0,0.9661743192611919,1,,,,
D3_00454,G_02103,other,FP_promptbench,0,0.974423275326629,1,,,,
D3_00455,G_02108,other,FP_promptbench,0,0.8233179286024784,1,,,,
D3_00456,G_02109,other,FP_promptbench,0,0.7191047387484651,1,,,,
D3_00457,G_02110,other,FP_promptbench,0,0.8843707911391518,1,,,,
D3_00458,G_02111,other,FP_promptbench,0,0.8836402342433937,1,,,,
D3_00459,G_02112,other,FP_promptbench,0,0.8660803540006665,1,,,,
D3_00460,G_02113,other,FP_promptbench,0,0.6252946190083846,0,,,,
D3_00461,G_02114,other,FP_promptbench,0,0.7110096141857877,1,,,,
D3_00462,G_02115,other,FP_promptbench,0,0.9591444079535802,1,,,,
D3_00463,G_02116,other,FP_promptbench,0,0.845725873978,1,,,,
D3_00464,G_02117,other,FP_promptbench,0,0.858541710438564,1,,,,
D3_00465,G_02118,other,FP_promptbench,0,0.9046435090864515,1,,,,
D3_00466,G_02119,en,FP_promptbench,0,0.6847847569176058,0,,,,
D3_00467,G_02120,en,FP_promptbench,0,0.9703525782196467,1,,,,
D3_00468,G_02154,en,FP_promptbench,0,0.26214500696952286,0,,,,
D3_00469,G_04962,en,FP_promptbench,0,0.9807117833097418,1,,,,
D3_00470,G_02123,en,FP_promptbench,0,0.9973306100901693,1,,,,
D3_00471,G_03150,en,FP_promptbench,0,0.9275035075478332,1,,,,
D3_00472,G_02125,en,FP_promptbench,0,0.4317001772117181,0,,,,
D3_00473,G_02126,en,FP_promptbench,0,0.8793970844053925,1,,,,
D3_00474,G_02127,en,FP_promptbench,0,0.31069448959833257,0,,,,
D3_00475,G_02128,en,FP_promptbench,0,0.362255164322956,0,,,,
D3_00476,G_02129,en,FP_promptbench,0,0.7894466365241217,1,,,,
D3_00477,G_02130,en,FP_promptbench,0,0.9277832987324292,1,,,,
D3_00478,G_02150,en,FP_promptbench,0,0.9567200530741101,1,,,,
D3_00479,G_04106,en,FP_promptbench,0,0.9807264316507458,1,,,,
D3_00480,G_02133,en,FP_promptbench,0,0.9708600589268856,1,,,,
D3_00481,G_03168,en,FP_promptbench,0,0.965328579116757,1,,,,
D3_00482,G_02135,en,FP_promptbench,0,0.9003730821698359,1,,,,
D3_00483,G_02136,en,FP_promptbench,0,0.8909485150065024,1,,,,
D3_00484,G_02137,en,FP_promptbench,0,0.9907480787582911,1,,,,
D3_00485,G_04542,en,FP_promptbench,0,0.9506543385118494,1,,,,
D3_00486,G_03685,en,FP_promptbench,0,0.9319099134401169,1,,,,
D3_00487,G_02140,en,FP_promptbench,0,0.3965725818059311,0,,,,
D3_00488,G_02141,en,FP_promptbench,0,0.959538002825883,1,,,,
D3_00489,G_02142,en,FP_promptbench,0,0.09415522125908954,0,,,,
D3_00490,G_02143,en,FP_promptbench,0,0.9009467252027703,1,,,,
D3_00491,G_04106,en,FP_promptbench,0,0.9844697263018733,1,,,,
D3_00492,G_02145,en,FP_promptbench,0,0.9724143019288572,1,,,,
D3_00493,G_02119,en,FP_promptbench,0,0.6905152729189631,0,,,,
D3_00494,G_02120,en,FP_promptbench,0,0.9664444686584709,1,,,,
D3_00495,G_02154,en,FP_promptbench,0,0.261910855049546,0,,,,
D3_00496,G_04106,en,FP_promptbench,0,0.9811793081620815,1,,,,
D3_00497,G_02150,en,FP_promptbench,0,0.9577604171997853,1,,,,
D3_00498,G_02130,en,FP_promptbench,0,0.9269684184484177,1,,,,
D3_00499,G_02152,en,FP_promptbench,0,0.9670496675004987,1,,,,
D3_00500,G_02153,en,FP_promptbench,0,0.57711860681114,0,,,,
D3_00501,G_02154,en,FP_promptbench,0,0.2734947723416929,0,,,,
D3_00502,G_04106,en,FP_promptbench,0,0.9785650506871004,1,,,,
D3_00504,G_02150,en,FP_promptbench,0,0.9291829232526253,1,,,,
D3_00505,G_02120,en,FP_promptbench,0,0.9729272028336615,1,,,,
D3_00506,G_02119,en,FP_promptbench,0,0.7267728813580193,1,,,,
D3_00507,G_02159,en,FP_promptbench,0,0.4357496577904233,0,,,,
D3_00508,G_04106,en,FP_promptbench,0,0.9869844512798889,1,,,,
D3_00509,G_02150,en,FP_promptbench,0,0.9520736780997896,1,,,,
D3_00510,G_02162,en,FP_promptbench,0,0.955089450087269,1,,,,
D3_00511,G_02163,en,FP_promptbench,0,0.9757941477682984,1,,,,
D3_00512,G_02164,en,FP_promptbench,0,0.5941116261032037,0,,,,
D3_00513,G_02154,en,FP_promptbench,0,0.08466933978486571,0,,,,
D3_00514,G_02166,en,FP_promptbench,0,0.8961518755470875,1,,,,
D3_00515,G_02150,en,FP_promptbench,0,0.9505923273696888,1,,,,
D3_00516,G_04106,en,FP_promptbench,0,0.9811880249436964,1,,,,
D3_00517,G_02169,en,FP_promptbench,0,0.5979082785320551,0,,,,
D3_00518,G_02170,en,FP_promptbench,0,0.8445159354876925,1,,,,
D3_00519,G_02171,en,FP_promptbench,0,0.09930326079482112,0,,,,
D3_00520,G_02172,en,FP_promptbench,0,0.9004030394912963,1,,,,
D3_00521,G_02173,en,FP_promptbench,0,0.9006436359049556,1,,,,
D3_00522,G_02174,en,FP_promptbench,0,0.9705210952916533,1,,,,
D3_00523,G_02175,other,FP_promptbench,0,0.6629091067966447,0,,,,
D3_00524,G_02176,other,FP_promptbench,0,0.7094741666066056,1,,,,
D3_00525,G_02177,other,FP_promptbench,0,0.5357006664938855,0,,,,
D3_00526,G_02178,other,FP_promptbench,0,0.8483480275149567,1,,,,
D3_00527,G_02179,other,FP_promptbench,0,0.2788766324185124,0,,,,
D3_00528,G_02180,other,FP_promptbench,0,0.7592376599402128,1,,,,
D3_00529,G_02181,other,FP_promptbench,0,0.5878104887355724,0,,,,
D3_00530,G_02182,other,FP_promptbench,0,0.5583836228071326,0,,,,
D3_00531,G_02183,other,FP_promptbench,0,0.6925756082406263,0,,,,
D3_00532,G_02184,other,FP_promptbench,0,0.5447807923862121,0,,,,
D3_00533,G_02185,other,FP_promptbench,0,0.8324653503851944,1,,,,
D3_00534,G_02186,other,FP_promptbench,0,0.8174350537779576,1,,,,
D3_00535,G_02187,other,FP_promptbench,0,0.5306685454328202,0,,,,
D3_00536,G_02188,other,FP_promptbench,0,0.8783236876389674,1,,,,
D3_00537,G_02189,other,FP_promptbench,0,0.6002391742147003,0,,,,
D3_00538,G_02190,other,FP_promptbench,0,0.8292318031941924,1,,,,
D3_00539,G_02191,other,FP_promptbench,0,0.8083993232496147,1,,,,
D3_00540,G_02192,other,FP_promptbench,0,0.5554832989024748,0,,,,
D3_00541,G_02193,other,FP_promptbench,0,0.693161699581312,0,,,,
D3_00542,G_02194,other,FP_promptbench,0,0.8094536347287449,1,,,,
D3_00543,G_02195,other,FP_promptbench,0,0.8951619511087159,1,,,,
D3_00544,G_02196,other,FP_promptbench,0,0.6835253958726384,0,,,,
D3_00545,G_02197,other,FP_promptbench,0,0.9387822067165905,1,,,,
D3_00546,G_02198,other,FP_promptbench,0,0.16320864759306572,0,,,,
D3_00547,G_02199,other,FP_promptbench,0,0.7444384822450865,1,,,,
D3_00548,G_02200,other,FP_promptbench,0,0.6956879142572876,0,,,,
D3_00549,G_02201,other,FP_promptbench,0,0.7044879459227493,0,,,,
D3_00550,G_02202,other,FP_promptbench,0,0.285591998048379,0,,,,
D3_00551,G_02203,other,FP_promptbench,0,0.5240941684532883,0,,,,
D3_00552,G_02204,other,FP_promptbench,0,0.7186626590747013,1,,,,
D3_00553,G_02205,other,FP_promptbench,0,0.788266871879316,1,,,,
D3_00554,G_02206,other,FP_promptbench,0,0.8388648255822813,1,,,,
D3_00555,G_02207,other,FP_promptbench,0,0.5549013443380073,0,,,,
D3_00556,G_02208,other,FP_promptbench,0,0.6890924107556659,0,,,,
D3_00557,G_02209,other,FP_promptbench,0,0.8680525129285644,1,,,,
D3_00558,G_02210,other,FP_promptbench,0,0.6207155268347528,0,,,,
D3_00559,G_02206,other,FP_promptbench,0,0.7851536045093406,1,,,,
D3_00560,G_02212,other,FP_promptbench,0,0.48456813416823563,0,,,,
D3_00561,G_02213,other,FP_promptbench,0,0.7967410667395456,1,,,,
D3_00562,G_02214,other,FP_promptbench,0,0.7991429016928315,1,,,,
D3_00563,G_02215,other,FP_promptbench,0,0.8409447578689369,1,,,,
D3_00564,G_02216,other,FP_promptbench,0,0.5460750936963322,0,,,,
D3_00565,G_02217,other,FP_promptbench,0,0.9053125858865899,1,,,,
D3_00566,G_02218,other,FP_promptbench,0,0.5986526031787438,0,,,,
D3_00567,G_02219,other,FP_promptbench,0,0.7493682919974843,1,,,,
D3_00568,G_02217,other,FP_promptbench,0,0.8147796699089916,1,,,,
D3_00569,G_02221,other,FP_promptbench,0,0.7438723331070329,1,,,,
D3_00570,G_02222,other,FP_promptbench,0,0.7593553673538157,1,,,,
D3_00571,G_02223,other,FP_promptbench,0,0.7575836061512528,1,,,,
D3_00572,G_02224,other,FP_promptbench,0,0.8800287836291343,1,,,,
D3_00573,G_02225,other,FP_promptbench,0,0.4177853371051861,0,,,,
D3_00574,G_02226,other,FP_promptbench,0,0.468186745597797,0,,,,
D3_00575,G_02227,other,FP_promptbench,0,0.3911833408644848,0,,,,
D3_00576,G_02228,other,FP_promptbench,0,0.7194930416027397,1,,,,
D3_00577,G_02229,other,FP_promptbench,0,0.6594353683647817,0,,,,
D3_00578,G_02230,other,FP_promptbench,0,0.3579548732656926,0,,,,
D3_00579,G_02231,other,FP_promptbench,0,0.5234212909567416,0,,,,
D3_00580,G_02229,other,FP_promptbench,0,0.6265101435503136,0,,,,
D3_00581,G_02233,other,FP_promptbench,0,0.6967916965461927,0,,,,
D3_00582,G_02234,other,FP_promptbench,0,0.3284412404421852,0,,,,
D3_00583,G_02235,en,FP_promptbench,0,0.5648540684332929,0,,,,
D3_00584,G_02264,en,FP_promptbench,0,0.6251613699514256,0,,,,
D3_00585,G_04639,en,FP_promptbench,0,0.9651330909620175,1,,,,
D3_00586,G_02238,en,FP_promptbench,0,0.9611484224762042,1,,,,
D3_00587,G_02239,en,FP_promptbench,0,0.7934804498747572,1,,,,
D3_00588,G_04635,en,FP_promptbench,0,0.8970828942469604,1,,,,
D3_00589,G_02241,en,FP_promptbench,0,0.7556905815056936,1,,,,
D3_00590,G_02242,en,FP_promptbench,0,0.9568707439901264,1,,,,
D3_00591,G_02243,en,FP_promptbench,0,0.7465031205818661,1,,,,
D3_00592,G_02244,en,FP_promptbench,0,0.3563386810162215,0,,,,
D3_00593,G_02245,en,FP_promptbench,0,0.8787996724366236,1,,,,
D3_00594,G_02468,en,FP_promptbench,0,0.8931850313428109,1,,,,
D3_00595,G_02278,en,FP_promptbench,0,0.8072199638941914,1,,,,
D3_00596,G_02277,en,FP_promptbench,0,0.9885097632276754,1,,,,
D3_00597,G_02249,en,FP_promptbench,0,0.7781584504816714,1,,,,
D3_00598,G_03717,en,FP_promptbench,0,0.9451603705965529,1,,,,
D3_00599,G_03281,en,FP_promptbench,0,0.9807691875770577,1,,,,
D3_00600,G_02252,en,FP_promptbench,0,0.8889249971409312,1,,,,
D3_00601,G_03178,en,FP_promptbench,0,0.8875535999339357,1,,,,
D3_00602,G_03183,en,FP_promptbench,0,0.9309115446572379,1,,,,
D3_00603,G_04642,en,FP_promptbench,0,0.789080052833309,1,,,,
D3_00604,G_02256,en,FP_promptbench,0,0.5332392408031528,0,,,,
D3_00605,G_02257,en,FP_promptbench,0,0.9195715472258527,1,,,,
D3_00606,G_02258,en,FP_promptbench,0,0.95538579390445,1,,,,
D3_00607,G_02259,en,FP_promptbench,0,0.8673895729311883,1,,,,
D3_00608,G_02260,en,FP_promptbench,0,0.9840562810072752,1,,,,
D3_00609,G_02261,en,FP_promptbench,0,0.41999156666935505,0,,,,
D3_00610,G_02262,en,FP_promptbench,0,0.5641793459964668,0,,,,
D3_00611,G_04639,en,FP_promptbench,0,0.9651330909620175,1,,,,
D3_00612,G_02264,en,FP_promptbench,0,0.6237144549850883,0,,,,
D3_00613,G_02468,en,FP_promptbench,0,0.891115624627864,1,,,,
D3_00614,G_02277,en,FP_promptbench,0,0.9885097632276754,1,,,,
D3_00615,G_02278,en,FP_promptbench,0,0.8064384385951916,1,,,,
D3_00616,G_02235,en,FP_promptbench,0,0.5938111124292301,0,,,,
D3_00617,G_02269,en,FP_promptbench,0,0.6866897552745372,0,,,,
D3_00618,G_04639,en,FP_promptbench,0,0.8974244167744487,1,,,,
D3_00619,G_02271,en,FP_promptbench,0,0.8939950963753064,1,,,,
D3_00621,G_02272,en,FP_promptbench,0,0.7973235162628655,1,,,,
D3_00622,G_02273,en,FP_promptbench,0,0.6915659393961909,0,,,,
D3_00623,G_02274,en,FP_promptbench,0,0.7184557776181022,1,,,,
D3_00624,G_02275,en,FP_promptbench,0,0.9654652927634032,1,,,,
D3_00625,G_02276,en,FP_promptbench,0,0.880522524950906,1,,,,
D3_00626,G_02277,en,FP_promptbench,0,0.989727644245661,1,,,,
D3_00627,G_02278,en,FP_promptbench,0,0.8054344613086069,1,,,,
D3_00628,G_02279,en,FP_promptbench,0,0.6448672868583779,0,,,,
D3_00629,G_02280,en,FP_promptbench,0,0.40205369321558165,0,,,,
D3_00630,G_02281,en,FP_promptbench,0,0.9670054934407769,1,,,,
D3_00631,G_02468,en,FP_promptbench,0,0.8968622496647475,1,,,,
D3_00632,G_02283,en,FP_promptbench,0,0.6743267814593613,0,,,,
D3_00633,G_02277,en,FP_promptbench,0,0.9854044100573197,1,,,,
D3_00634,G_02285,en,FP_promptbench,0,0.5644871289623188,0,,,,
D3_00635,G_02286,en,FP_promptbench,0,0.41339703368609626,0,,,,
D3_00636,G_02287,en,FP_promptbench,0,0.7902473334627469,1,,,,
D3_00637,G_02288,en,FP_promptbench,0,0.9068321559825009,1,,,,
D3_00638,G_02289,en,FP_promptbench,0,0.7185299451496332,1,,,,
D3_00639,G_02290,en,FP_promptbench,0,0.9859560293959333,1,,,,
D3_00640,G_02291,other,FP_promptbench,0,0.951148516641442,1,,,,
D3_00641,G_02292,other,FP_promptbench,0,0.9009760291014008,1,,,,
D3_00642,G_02293,other,FP_promptbench,0,0.9695866808367046,1,,,,
D3_00643,G_02294,other,FP_promptbench,0,0.9705918195238626,1,,,,
D3_00644,G_02295,other,FP_promptbench,0,0.982570587550472,1,,,,
D3_00645,G_02296,other,FP_promptbench,0,0.9390363837910586,1,,,,
D3_00646,G_02297,other,FP_promptbench,0,0.969780854573135,1,,,,
D3_00647,G_02298,other,FP_promptbench,0,0.977097999538758,1,,,,
D3_00648,G_02299,other,FP_promptbench,0,0.9776352112453812,1,,,,
D3_00649,G_02300,other,FP_promptbench,0,0.9630057681892003,1,,,,
D3_00650,G_02301,other,FP_promptbench,0,0.887083390775669,1,,,,
D3_00651,G_02302,other,FP_promptbench,0,0.9369255333725088,1,,,,
D3_00652,G_02303,other,FP_promptbench,0,0.7487154404939492,1,,,,
D3_00653,G_02304,other,FP_promptbench,0,0.8475527540333365,1,,,,
D3_00654,G_02305,other,FP_promptbench,0,0.9441463218195386,1,,,,
D3_00655,G_02306,other,FP_promptbench,0,0.4135982826008883,0,,,,
D3_00656,G_02307,other,FP_promptbench,0,0.8838633596085115,1,,,,
D3_00657,G_02308,other,FP_promptbench,0,0.7312024752674914,1,,,,
D3_00658,G_02309,other,FP_promptbench,0,0.7803133585429397,1,,,,
D3_00659,G_02310,other,FP_promptbench,0,0.6472548792561135,0,,,,
D3_00660,G_02311,other,FP_promptbench,0,0.9613400420049939,1,,,,
D3_00661,G_02312,other,FP_promptbench,0,0.2109805966394716,0,,,,
D3_00662,G_02313,other,FP_promptbench,0,0.8386210392337856,1,,,,
D3_00663,G_02314,other,FP_promptbench,0,0.653497922174702,0,,,,
D3_00664,G_02315,other,FP_promptbench,0,0.8998185784582176,1,,,,
D3_00665,G_02316,other,FP_promptbench,0,0.4052466441931602,0,,,,
D3_00666,G_02317,other,FP_promptbench,0,0.7882756910671013,1,,,,
D3_00667,G_02318,other,FP_promptbench,0,0.5646029679389244,0,,,,
D3_00668,G_02319,other,FP_promptbench,0,0.8953022101188451,1,,,,
D3_00669,G_02320,other,FP_promptbench,0,0.9795812863472483,1,,,,
D3_00670,G_02321,other,FP_promptbench,0,0.9220548497941631,1,,,,
D3_00671,G_02322,other,FP_promptbench,0,0.7607745978710705,1,,,,
D3_00672,G_02323,other,FP_promptbench,0,0.8022634672065732,1,,,,
D3_00673,G_02324,other,FP_promptbench,0,0.5140522130163504,0,,,,
D3_00674,G_02325,other,FP_promptbench,0,0.6230947806492527,0,,,,
D3_00675,G_02326,other,FP_promptbench,0,0.6811179899599504,0,,,,
D3_00676,G_02327,other,FP_promptbench,0,0.7748218361803832,1,,,,
D3_00677,G_02328,other,FP_promptbench,0,0.5081845282101835,0,,,,
D3_00678,G_02329,other,FP_promptbench,0,0.6289395738072012,0,,,,
D3_00679,G_02330,other,FP_promptbench,0,0.7967171481521766,1,,,,
D3_00680,G_02331,other,FP_promptbench,0,0.5318339143563819,0,,,,
D3_00681,G_02332,other,FP_promptbench,0,0.5431305462734777,0,,,,
D3_00682,G_02333,other,FP_promptbench,0,0.8519317154131023,1,,,,
D3_00683,G_02334,other,FP_promptbench,0,0.5846339090294671,0,,,,
D3_00684,G_02335,other,FP_promptbench,0,0.7155101721083444,1,,,,
D3_00685,G_02336,other,FP_promptbench,0,0.7175617338909678,1,,,,
D3_00686,G_02337,other,FP_promptbench,0,0.6543048901725749,0,,,,
D3_00687,G_02338,other,FP_promptbench,0,0.3727457715919793,0,,,,
D3_00689,G_02339,other,FP_promptbench,0,0.6401451247838532,0,,,,
D3_00690,G_02340,other,FP_promptbench,0,0.9712660873677748,1,,,,
D3_00691,G_02341,other,FP_promptbench,0,0.7369234972610023,1,,,,
D3_00692,G_02342,other,FP_promptbench,0,0.7917305639462278,1,,,,
D3_00693,G_02343,other,FP_promptbench,0,0.8471016099823793,1,,,,
D3_00694,G_02344,other,FP_promptbench,0,0.8450692975998509,1,,,,
D3_00695,G_02345,other,FP_promptbench,0,0.7264337614599271,1,,,,
D3_00696,G_02346,other,FP_promptbench,0,0.8419013468859204,1,,,,
D3_00697,G_02347,other,FP_promptbench,0,0.7637962436777544,1,,,,
D3_00698,G_02348,other,FP_promptbench,0,0.6124436470664014,0,,,,
D3_00699,G_02349,other,FP_promptbench,0,0.8580643892359668,1,,,,
D3_00700,G_04180,en,FP_promptbench,0,0.8123935338523713,1,,,,
D3_00701,G_02372,en,FP_promptbench,0,0.8871880864119598,1,,,,
D3_00702,G_03219,en,FP_promptbench,0,0.7083212944719417,1,,,,
D3_00703,G_02353,en,FP_promptbench,0,0.8782983515064555,1,,,,
D3_00704,G_02354,en,FP_promptbench,0,0.7549233645771383,1,,,,
D3_00705,G_02355,en,FP_promptbench,0,0.613074673956076,0,,,,
D3_00706,G_02356,en,FP_promptbench,0,0.8148102351093945,1,,,,
D3_00707,G_02357,en,FP_promptbench,0,0.909719809313148,1,,,,
D3_00708,G_02358,en,FP_promptbench,0,0.930253067234463,1,,,,
D3_00709,G_02359,en,FP_promptbench,0,0.8269142025204711,1,,,,
D3_00710,G_02360,en,FP_promptbench,0,0.2215562133639468,0,,,,
D3_00711,G_02390,en,FP_promptbench,0,0.8880907922310379,1,,,,
D3_00712,G_03230,en,FP_promptbench,0,0.9625805354949047,1,,,,
D3_00713,G_02363,en,FP_promptbench,0,0.7712634239349605,1,,,,
D3_00714,G_02364,en,FP_promptbench,0,0.9806427417828251,1,,,,
D3_00715,G_03228,en,FP_promptbench,0,0.9350879103017106,1,,,,
D3_00716,G_02366,en,FP_promptbench,0,0.7554324257142052,1,,,,
D3_00717,G_02367,en,FP_promptbench,0,0.5866867009116344,0,,,,
D3_00718,G_02368,en,FP_promptbench,0,0.8134519286204615,1,,,,
D3_00719,G_02369,en,FP_promptbench,0,0.9388386668471386,1,,,,
D3_00720,G_02370,en,FP_promptbench,0,0.8099545760932347,1,,,,
D3_00721,G_02371,en,FP_promptbench,0,0.689745558740004,0,,,,
D3_00722,G_02372,en,FP_promptbench,0,0.8879021218572803,1,,,,
D3_00723,G_02360,en,FP_promptbench,0,0.2311935025846111,0,,,,
D3_00724,G_02390,en,FP_promptbench,0,0.8962170641025373,1,,,,
D3_00725,G_03230,en,FP_promptbench,0,0.9625805354949047,1,,,,
D3_00726,G_02376,en,FP_promptbench,0,0.7793872284232609,1,,,,
D3_00727,G_02377,en,FP_promptbench,0,0.5696683100917503,0,,,,
D3_00728,G_02378,en,FP_promptbench,0,0.8605433270603831,1,,,,
D3_00729,G_02379,en,FP_promptbench,0,0.19259444423949504,0,,,,
D3_00730,G_02380,en,FP_promptbench,0,0.6165750230457694,0,,,,
D3_00731,G_02381,en,FP_promptbench,0,0.7642328900286331,1,,,,
D3_00732,G_02382,en,FP_promptbench,0,0.8070808610292086,1,,,,
D3_00735,G_02383,en,FP_promptbench,0,0.280829564108178,0,,,,
D3_00736,G_02390,en,FP_promptbench,0,0.8952113351886511,1,,,,
D3_00737,G_02385,en,FP_promptbench,0,0.9419244329713751,1,,,,
D3_00738,G_04180,en,FP_promptbench,0,0.8357586150403086,1,,,,
D3_00739,G_03219,en,FP_promptbench,0,0.7084191195269159,1,,,,
D3_00740,G_02372,en,FP_promptbench,0,0.8705060265944011,1,,,,
D3_00741,G_02389,en,FP_promptbench,0,0.42388172943055386,0,,,,
D3_00742,G_02390,en,FP_promptbench,0,0.928526395607582,1,,,,
D3_00743,G_02391,en,FP_promptbench,0,0.9697377820519184,1,,,,
D3_00744,G_02392,en,FP_promptbench,0,0.7983186402449542,1,,,,
D3_00745,G_02393,en,FP_promptbench,0,0.5337109145931371,0,,,,
D3_00746,G_02394,en,FP_promptbench,0,0.9360334746711672,1,,,,
D3_00747,G_02395,en,FP_promptbench,0,0.5779228883697676,0,,,,
D3_00748,G_02396,en,FP_promptbench,0,0.8912960852033871,1,,,,
D3_00749,G_02397,en,FP_promptbench,0,0.9252900610897685,1,,,,
D3_00750,G_02398,en,FP_promptbench,0,0.8331436658431176,1,,,,
D3_00751,G_02399,en,FP_promptbench,0,0.6837980176549178,0,,,,
D3_00752,G_02400,en,FP_promptbench,0,0.8818173274295404,1,,,,
D3_00753,G_02401,en,FP_promptbench,0,0.4237726016467378,0,,,,
D3_00754,G_02402,en,FP_promptbench,0,0.5002761830357977,0,,,,
D3_00755,G_02403,en,FP_promptbench,0,0.9513608054013559,1,,,,
D3_00756,G_02404,other,FP_promptbench,0,0.7362586204730934,1,,,,
D3_00757,G_02405,other,FP_promptbench,0,0.8094778387350963,1,,,,
D3_00758,G_02406,other,FP_promptbench,0,0.7025868611058139,0,,,,
D3_00759,G_02407,other,FP_promptbench,0,0.902079864890399,1,,,,
D3_00760,G_02408,other,FP_promptbench,0,0.5327085505675888,0,,,,
D3_00761,G_02409,other,FP_promptbench,0,0.7544226091325259,1,,,,
D3_00762,G_02410,other,FP_promptbench,0,0.7859022333283919,1,,,,
D3_00763,G_02411,other,FP_promptbench,0,0.6660957947794853,0,,,,
D3_00764,G_02412,other,FP_promptbench,0,0.9701982775682675,1,,,,
D3_00765,G_02413,other,FP_promptbench,0,0.9615118473158178,1,,,,
D3_00766,G_02414,other,FP_promptbench,0,0.97565593655574,1,,,,
D3_00767,G_02415,other,FP_promptbench,0,0.4942473708491624,0,,,,
D3_00768,G_02416,other,FP_promptbench,0,0.8153325584837235,1,,,,
D3_00769,G_02417,other,FP_promptbench,0,0.7605930525544621,1,,,,
D3_00770,G_02418,other,FP_promptbench,0,0.8445999649146156,1,,,,
D3_00771,G_02419,other,FP_promptbench,0,0.5313909705877335,0,,,,
D3_00772,G_02420,other,FP_promptbench,0,0.7871000109917664,1,,,,
D3_00773,G_02421,other,FP_promptbench,0,0.7162668366098454,1,,,,
D3_00774,G_02422,other,FP_promptbench,0,0.5357259941369191,0,,,,
D3_00776,G_02423,other,FP_promptbench,0,0.9268254057872573,1,,,,
D3_00777,G_02424,other,FP_promptbench,0,0.5158014120213658,0,,,,
D3_00778,G_02425,other,FP_promptbench,0,0.6043186824457116,0,,,,
D3_00779,G_02426,other,FP_promptbench,0,0.048213369896540445,0,,,,
D3_00780,G_02427,other,FP_promptbench,0,0.21322022664825183,0,,,,
D3_00781,G_02428,other,FP_promptbench,0,0.49140658080884075,0,,,,
D3_00782,G_02429,other,FP_promptbench,0,0.6295786946143376,0,,,,
D3_00783,G_02430,other,FP_promptbench,0,0.6458767939861938,0,,,,
D3_00784,G_02429,other,FP_promptbench,0,0.18225932900740355,0,,,,
D3_00785,G_02432,other,FP_promptbench,0,0.415766077519045,0,,,,
D3_00786,G_02433,other,FP_promptbench,0,0.8436864466546389,1,,,,
D3_00787,G_02434,other,FP_promptbench,0,0.6950828972552351,0,,,,
D3_00788,G_02435,other,FP_promptbench,0,0.9293514883280132,1,,,,
D3_00789,G_02436,other,FP_promptbench,0,0.8890942390557058,1,,,,
D3_00790,G_02437,other,FP_promptbench,0,0.9759093661636169,1,,,,
D3_00791,G_02438,other,FP_promptbench,0,0.5831462900775373,0,,,,
D3_00792,G_02439,other,FP_promptbench,0,0.9945040089055033,1,,,,
D3_00793,G_02440,other,FP_promptbench,0,0.8483699868485873,1,,,,
D3_00794,G_02441,other,FP_promptbench,0,0.9754897514539567,1,,,,
D3_00795,G_02442,other,FP_promptbench,0,0.8937120551731362,1,,,,
D3_00796,G_02443,other,FP_promptbench,0,0.8374818182581802,1,,,,
D3_00797,G_02444,other,FP_promptbench,0,0.4065185696366279,0,,,,
D3_00798,G_02445,other,FP_promptbench,0,0.7348848553844273,1,,,,
D3_00799,G_02446,other,FP_promptbench,0,0.8537358383820556,1,,,,
D3_00800,G_02447,other,FP_promptbench,0,0.5984083742890474,0,,,,
D3_00801,G_02448,other,FP_promptbench,0,0.7329673032204459,1,,,,
D3_00802,G_02445,other,FP_promptbench,0,0.7927377831324178,1,,,,
D3_00803,G_02450,other,FP_promptbench,0,0.6452017607507599,0,,,,
D3_00804,G_02451,other,FP_promptbench,0,0.755638634569573,1,,,,
D3_00805,G_02445,other,FP_promptbench,0,0.7285002398164533,1,,,,
D3_00806,G_02453,other,FP_promptbench,0,0.893355431691442,1,,,,
D3_00807,G_02454,other,FP_promptbench,0,0.894613173122644,1,,,,
D3_00808,G_02455,other,FP_promptbench,0,0.9134525703927358,1,,,,
D3_00809,G_02456,other,FP_promptbench,0,0.8573312069794636,1,,,,
D3_00810,G_02457,other,FP_promptbench,0,0.4239022197129212,0,,,,
D3_00811,G_02458,other,FP_promptbench,0,0.41661886230856865,0,,,,
D3_00812,G_02459,other,FP_promptbench,0,0.8350245713403163,1,,,,
D3_00813,G_02460,other,FP_promptbench,0,0.3535925705547528,0,,,,
D3_00814,G_02461,other,FP_promptbench,0,0.42487399708418444,0,,,,
D3_00815,G_02462,other,FP_promptbench,0,0.7772619711692285,1,,,,
D3_00837,G_02463,en,FP_promptbench,0,0.9053431291164473,1,,,,
D3_00838,G_02464,en,FP_promptbench,0,0.4103202804486755,0,,,,
D3_00839,G_02465,en,FP_promptbench,0,0.655586874659724,0,,,,
D3_00840,G_02466,en,FP_promptbench,0,0.7987513833325162,1,,,,
D3_00841,G_02467,en,FP_promptbench,0,0.8344643078365468,1,,,,
D3_00842,G_02468,en,FP_promptbench,0,0.9198806305036552,1,,,,
D3_00843,G_02238,en,FP_promptbench,0,0.9582884268915518,1,,,,
D3_00845,G_02470,en,FP_promptbench,0,0.8157880998747811,1,,,,
D3_00847,G_03178,en,FP_promptbench,0,0.8875535999339357,1,,,,
D3_00848,G_02472,en,FP_promptbench,0,0.906275083883692,1,,,,
D3_00849,G_02473,en,FP_promptbench,0,0.9699776398659058,1,,,,
D3_00851,G_02242,en,FP_promptbench,0,0.9360955836361278,1,,,,
D3_00852,G_02475,en,FP_promptbench,0,0.9159543128716124,1,,,,
D3_00853,G_03178,en,FP_promptbench,0,0.8703569613632964,1,,,,
D3_00855,G_02477,en,FP_promptbench,0,0.8612176984064944,1,,,,
D3_00857,G_02478,en,FP_promptbench,0,0.7334296956471658,1,,,,
D3_00858,G_03183,en,FP_promptbench,0,0.936077930862084,1,,,,
D3_00859,G_02480,en,FP_promptbench,0,0.8868893710713734,1,,,,
D3_00860,G_02468,en,FP_promptbench,0,0.8839983466438976,1,,,,
D3_00861,G_02238,en,FP_promptbench,0,0.9579934567698773,1,,,,
D3_00863,G_02242,en,FP_promptbench,0,0.958652454353713,1,,,,
D3_00864,G_02484,en,FP_promptbench,0,0.9293317095621123,1,,,,
D3_00865,G_02468,en,FP_promptbench,0,0.8914319792580045,1,,,,
D3_00866,G_03178,en,FP_promptbench,0,0.887270553732221,1,,,,
D3_00867,G_02487,en,FP_promptbench,0,0.6337888401911735,0,,,,
D3_00868,G_02488,en,FP_promptbench,0,0.6512801619060286,0,,,,
D3_00869,G_02489,en,FP_promptbench,0,0.653346584579583,0,,,,
D3_00870,G_02490,en,FP_promptbench,0,0.8362941853053164,1,,,,
D3_00871,G_02491,en,FP_promptbench,0,0.8667629397409744,1,,,,
D3_00872,G_02492,en,FP_promptbench,0,0.8495588879947874,1,,,,
D3_00933,G_02493,en,FP_promptbench,0,0.9886541053412828,1,,,,
D3_00934,G_02521,en,FP_promptbench,0,0.9951052754072458,1,,,,
D3_00935,G_02519,en,FP_promptbench,0,0.9854451367957864,1,,,,
D3_00936,G_03310,en,FP_promptbench,0,0.8706975483103512,1,,,,
D3_00937,G_02497,en,FP_promptbench,0,0.9388056071512655,1,,,,
D3_00938,G_02498,en,FP_promptbench,0,0.9641860864442945,1,,,,
D3_00939,G_02499,en,FP_promptbench,0,0.9696341485695177,1,,,,
D3_00940,G_02500,en,FP_promptbench,0,0.6785679255798137,0,,,,
D3_00941,G_02501,en,FP_promptbench,0,0.988763312187926,1,,,,
D3_00942,G_02502,en,FP_promptbench,0,0.9323177763234726,1,,,,
D3_00943,G_02503,en,FP_promptbench,0,0.9906210126459454,1,,,,
D3_00944,G_02504,en,FP_promptbench,0,0.9651199157599925,1,,,,
D3_00945,G_03808,en,FP_promptbench,0,0.8876824011139579,1,,,,
D3_00946,G_03806,en,FP_promptbench,0,0.9950089253335551,1,,,,
D3_00947,G_02507,en,FP_promptbench,0,0.9954207036087122,1,,,,
D3_00948,G_02508,en,FP_promptbench,0,0.9867159630923111,1,,,,
D3_00949,G_02509,en,FP_promptbench,0,0.9831246461407706,1,,,,
D3_00950,G_02510,en,FP_promptbench,0,0.9740190039149309,1,,,,
D3_00951,G_02511,en,FP_promptbench,0,0.9544638461101599,1,,,,
D3_00952,G_02512,en,FP_promptbench,0,0.978179817207439,1,,,,
D3_00953,G_02513,en,FP_promptbench,0,0.9562874810808006,1,,,,
D3_00954,G_02514,en,FP_promptbench,0,0.9176460562706543,1,,,,
D3_00955,G_02515,en,FP_promptbench,0,0.8886418436225185,1,,,,
D3_00956,G_02516,en,FP_promptbench,0,0.9951520039607404,1,,,,
D3_00957,G_02517,en,FP_promptbench,0,0.9680425587603976,1,,,,
D3_00958,G_02518,en,FP_promptbench,0,0.39046049994225873,0,,,,
D3_00959,G_02519,en,FP_promptbench,0,0.9854451367957864,1,,,,
D3_00960,G_02520,en,FP_promptbench,0,0.9880964335345592,1,,,,
D3_00961,G_02521,en,FP_promptbench,0,0.994424690133128,1,,,,
D3_00962,G_03808,en,FP_promptbench,0,0.885175023314041,1,,,,
D3_00963,G_02503,en,FP_promptbench,0,0.990643082672403,1,,,,
D3_00964,G_02504,en,FP_promptbench,0,0.9634998311252897,1,,,,
D3_00965,G_02493,en,FP_promptbench,0,0.9773936240501742,1,,,,
D3_00966,G_02526,en,FP_promptbench,0,0.9931591899755894,1,,,,
D3_00967,G_02519,en,FP_promptbench,0,0.9762991872574921,1,,,,
D3_00968,G_03808,en,FP_promptbench,0,0.8912313906464159,1,,,,
D3_00969,G_02503,en,FP_promptbench,0,0.9905122614973482,1,,,,
D3_00970,G_02504,en,FP_promptbench,0,0.9626678805396902,1,,,,
D3_00971,G_02531,en,FP_promptbench,0,0.9958179979475968,1,,,,
D3_00972,G_02532,en,FP_promptbench,0,0.9906862636920759,1,,,,
D3_00973,G_02533,en,FP_promptbench,0,0.9893870132138142,1,,,,
D3_00974,G_02534,en,FP_promptbench,0,0.9768916237243481,1,,,,
D3_00975,G_02535,en,FP_promptbench,0,0.97984640031604,1,,,,
D3_00976,G_02536,en,FP_promptbench,0,0.9248012762484635,1,,,,
D3_00977,G_02537,en,FP_promptbench,0,0.9783972884861339,1,,,,
D3_00978,G_02538,en,FP_promptbench,0,0.981651478763063,1,,,,
D3_00979,G_02539,en,FP_promptbench,0,0.9883575204852738,1,,,,
D3_00980,G_02503,en,FP_promptbench,0,0.9904696344824094,1,,,,
D3_00981,G_02541,en,FP_promptbench,0,0.9888961412730606,1,,,,
D3_00982,G_02542,en,FP_promptbench,0,0.7839363638423908,1,,,,
D3_00983,G_02543,en,FP_promptbench,0,0.9159157461548899,1,,,,
D3_00984,G_02544,en,FP_promptbench,0,0.9910506637586337,1,,,,
D3_00985,G_02545,en,FP_promptbench,0,0.855375325108016,1,,,,
D3_00986,G_02546,en,FP_promptbench,0,0.9856997901300333,1,,,,
D3_00987,G_02547,en,FP_promptbench,0,0.9571042786185779,1,,,,
D3_00988,G_02548,en,FP_promptbench,0,0.6872395395366253,0,,,,
D3_00989,G_02549,other,FP_promptbench,0,0.993743972544851,1,,,,
D3_00990,G_02550,other,FP_promptbench,0,0.9949357777932759,1,,,,
D3_00991,G_02550,other,FP_promptbench,0,0.9899124696115542,1,,,,
D3_00992,G_02552,other,FP_promptbench,0,0.9888551077406159,1,,,,
D3_00993,G_02553,other,FP_promptbench,0,0.9373529341514343,1,,,,
D3_00994,G_02554,other,FP_promptbench,0,0.9909328271261266,1,,,,
D3_00995,G_02550,other,FP_promptbench,0,0.9948637189556373,1,,,,
D3_00997,G_02550,other,FP_promptbench,0,0.9894253000792876,1,,,,
D3_00999,G_02557,other,FP_promptbench,0,0.97736075365025,1,,,,
D3_01000,G_02558,other,FP_promptbench,0,0.8065959766508236,1,,,,
D3_01001,G_02559,other,FP_promptbench,0,0.8061485309265342,1,,,,
D3_01002,G_02560,other,FP_promptbench,0,0.9860715904332602,1,,,,
D3_01003,G_02561,other,FP_promptbench,0,0.8496479082043977,1,,,,
D3_01004,G_02562,other,FP_promptbench,0,0.9072188299213739,1,,,,
D3_01005,G_02563,other,FP_promptbench,0,0.8555030594800074,1,,,,
D3_01006,G_02564,other,FP_promptbench,0,0.9032763177641571,1,,,,
D3_01007,G_02565,other,FP_promptbench,0,0.9478024664051947,1,,,,
D3_01008,G_02566,other,FP_promptbench,0,0.9884798852927975,1,,,,
D3_01009,G_02567,other,FP_promptbench,0,0.8116342780607465,1,,,,
D3_01010,G_02567,other,FP_promptbench,0,0.9697986195101395,1,,,,
D3_01011,G_02567,other,FP_promptbench,0,0.969675815968163,1,,,,
D3_01012,G_02570,other,FP_promptbench,0,0.6915456419734228,0,,,,
D3_01013,G_02567,other,FP_promptbench,0,0.8099095131696957,1,,,,
D3_01014,G_02572,other,FP_promptbench,0,0.8219733929636066,1,,,,
D3_01015,G_02573,other,FP_promptbench,0,0.929098027566144,1,,,,
D3_01016,G_02574,other,FP_promptbench,0,0.8080934129548376,1,,,,
D3_01017,G_02575,other,FP_promptbench,0,0.8670519465553668,1,,,,
D3_01019,G_02576,other,FP_promptbench,0,0.9830665062823817,1,,,,
D3_01020,G_02577,other,FP_promptbench,0,0.9871393177820179,1,,,,
D3_01022,G_02578,other,FP_promptbench,0,0.9497423626843416,1,,,,
D3_01023,G_02579,other,FP_promptbench,0,0.9795696941694292,1,,,,
D3_01024,G_02580,other,FP_promptbench,0,0.971006752475262,1,,,,
D3_01025,G_02581,other,FP_promptbench,0,0.9507191708595084,1,,,,
D3_01026,G_02582,other,FP_promptbench,0,0.9192515863021491,1,,,,
D3_01027,G_02583,other,FP_promptbench,0,0.9874889474276262,1,,,,
D3_01028,G_02584,other,FP_promptbench,0,0.8048687835090406,1,,,,
D3_01029,G_02585,other,FP_promptbench,0,0.991315612461083,1,,,,
D3_01030,G_02586,other,FP_promptbench,0,0.9830665062823817,1,,,,
D3_01031,G_02576,other,FP_promptbench,0,0.9722140020273108,1,,,,
D3_01032,G_02588,other,FP_promptbench,0,0.9503709680076688,1,,,,
D3_01033,G_02589,other,FP_promptbench,0,0.7036337468646447,0,,,,
D3_01034,G_02588,other,FP_promptbench,0,0.9474628166644208,1,,,,
D3_01036,G_02586,other,FP_promptbench,0,0.9719203937675509,1,,,,
D3_01038,G_02592,other,FP_promptbench,0,0.9811167514098552,1,,,,
D3_01039,G_02593,other,FP_promptbench,0,0.7664493069383136,1,,,,
D3_01040,G_02594,other,FP_promptbench,0,0.663288418186402,0,,,,
D3_01041,G_02595,other,FP_promptbench,0,0.7816684174581798,1,,,,
D3_01042,G_02596,other,FP_promptbench,0,0.9236999685490285,1,,,,
D3_01043,G_02596,other,FP_promptbench,0,0.9640990832072267,1,,,,
D3_01044,G_02598,other,FP_promptbench,0,0.38565438191321155,0,,,,
D3_01045,G_02599,other,FP_promptbench,0,0.9078019840766585,1,,,,
D3_01046,G_02600,other,FP_promptbench,0,0.9553288980157018,1,,,,
D3_01047,G_02601,other,FP_promptbench,0,0.9413252909327262,1,,,,
D3_01048,G_02602,other,FP_promptbench,0,0.8990979866031872,1,,,,
D3_01049,G_02603,en,FP_promptbench,0,0.9372269881085508,1,,,,
D3_01050,G_02604,en,FP_promptbench,0,0.9704008589223729,1,,,,
D3_01051,G_03338,en,FP_promptbench,0,0.9534907970899273,1,,,,
D3_01052,G_02606,en,FP_promptbench,0,0.969729187145341,1,,,,
D3_01053,G_02607,en,FP_promptbench,0,0.9790767708175911,1,,,,
D3_01054,G_02608,en,FP_promptbench,0,0.9872925712280008,1,,,,
D3_01055,G_04271,en,FP_promptbench,0,0.9705066821895958,1,,,,
D3_01056,G_02610,en,FP_promptbench,0,0.9816627065596727,1,,,,
D3_01057,G_02611,en,FP_promptbench,0,0.9929034629140607,1,,,,
D3_01058,G_02612,en,FP_promptbench,0,0.9828644523904527,1,,,,
D3_01059,G_02613,en,FP_promptbench,0,0.9142794688007847,1,,,,
D3_01060,G_02614,en,FP_promptbench,0,0.9569216784678913,1,,,,
D3_01061,G_02615,en,FP_promptbench,0,0.9817067740978439,1,,,,
D3_01062,G_02616,en,FP_promptbench,0,0.997675196487952,1,,,,
D3_01063,G_02617,en,FP_promptbench,0,0.9900471341793107,1,,,,
D3_01064,G_04699,en,FP_promptbench,0,0.9653840658131263,1,,,,
D3_01065,G_02619,en,FP_promptbench,0,0.978507309616126,1,,,,
D3_01066,G_02620,en,FP_promptbench,0,0.9922653143237417,1,,,,
D3_01067,G_02621,en,FP_promptbench,0,0.9782978397691966,1,,,,
D3_01068,G_02622,en,FP_promptbench,0,0.9923829072322337,1,,,,
D3_01069,G_02623,en,FP_promptbench,0,0.90578587063344,1,,,,
D3_01070,G_02624,en,FP_promptbench,0,0.9575302984818747,1,,,,
D3_01071,G_02625,en,FP_promptbench,0,0.9680066892800477,1,,,,
D3_01072,G_02626,en,FP_promptbench,0,0.9506390231982211,1,,,,
D3_01073,G_02627,en,FP_promptbench,0,0.5857452491375517,0,,,,
D3_01074,G_02628,en,FP_promptbench,0,0.9763873742691358,1,,,,
D3_01075,G_02603,en,FP_promptbench,0,0.9384979838253623,1,,,,
D3_01076,G_02604,en,FP_promptbench,0,0.9710171536210239,1,,,,
D3_01077,G_03338,en,FP_promptbench,0,0.9529860520901583,1,,,,
D3_01078,G_02614,en,FP_promptbench,0,0.9569216784678913,1,,,,
D3_01079,G_02613,en,FP_promptbench,0,0.9120901087130028,1,,,,
D3_01080,G_02615,en,FP_promptbench,0,0.9819726039505609,1,,,,
D3_01081,G_02635,en,FP_promptbench,0,0.8351962918640649,1,,,,
D3_01082,G_03338,en,FP_promptbench,0,0.9347626889297102,1,,,,
D3_01083,G_02637,en,FP_promptbench,0,0.7583937078013825,1,,,,
D3_01084,G_02613,en,FP_promptbench,0,0.9088213963708028,1,,,,
D3_01085,G_02639,en,FP_promptbench,0,0.9612607991549668,1,,,,
D3_01086,G_02640,en,FP_promptbench,0,0.9768810526591967,1,,,,
D3_01087,G_02641,en,FP_promptbench,0,0.9578951526791836,1,,,,
D3_01088,G_03338,en,FP_promptbench,0,0.9623948941036656,1,,,,
D3_01089,G_02643,en,FP_promptbench,0,0.9786045531134151,1,,,,
D3_01090,G_02644,en,FP_promptbench,0,0.9428297335271549,1,,,,
D3_01091,G_02614,en,FP_promptbench,0,0.9600299838689409,1,,,,
D3_01092,G_02615,en,FP_promptbench,0,0.9863426691459984,1,,,,
D3_01093,G_02647,en,FP_promptbench,0,0.8358223617663354,1,,,,
D3_01094,G_02648,en,FP_promptbench,0,0.9593980057243645,1,,,,
D3_01095,G_03338,en,FP_promptbench,0,0.9488167042164111,1,,,,
D3_01096,G_02650,en,FP_promptbench,0,0.8511487886770943,1,,,,
D3_01097,G_02651,en,FP_promptbench,0,0.9729174379670483,1,,,,
D3_01098,G_02652,en,FP_promptbench,0,0.9704047432087698,1,,,,
D3_01099,G_02653,en,FP_promptbench,0,0.9205091931563921,1,,,,
D3_01100,G_02654,en,FP_promptbench,0,0.7834600556890514,1,,,,
D3_01101,G_02655,en,FP_promptbench,0,0.9484425338311357,1,,,,
D3_01102,G_02656,en,FP_promptbench,0,0.9211861162425222,1,,,,
D3_01103,G_02657,en,FP_promptbench,0,0.8334718875402803,1,,,,
D3_01104,G_02658,en,FP_promptbench,0,0.971363151017589,1,,,,
D3_01105,G_02659,other,FP_promptbench,0,0.9868136330873971,1,,,,
D3_01106,G_02660,other,FP_promptbench,0,0.9886293284614032,1,,,,
D3_01107,G_02660,other,FP_promptbench,0,0.9967867484649857,1,,,,
D3_01108,G_02660,other,FP_promptbench,0,0.9974626695349923,1,,,,
D3_01109,G_02660,other,FP_promptbench,0,0.9870148642843277,1,,,,
D3_01110,G_02664,other,FP_promptbench,0,0.9703328894311899,1,,,,
D3_01111,G_02660,other,FP_promptbench,0,0.9973360533711653,1,,,,
D3_01112,G_02666,other,FP_promptbench,0,0.975364400811929,1,,,,
D3_01113,G_02666,other,FP_promptbench,0,0.9930279152416007,1,,,,
D3_01114,G_02668,other,FP_promptbench,0,0.9946632454860066,1,,,,
D3_01115,G_02669,other,FP_promptbench,0,0.9874436225896998,1,,,,
D3_01116,G_02670,other,FP_promptbench,0,0.9490550889400592,1,,,,
D3_01117,G_02669,other,FP_promptbench,0,0.9860727008757436,1,,,,
D3_01118,G_02672,other,FP_promptbench,0,0.9707482652504059,1,,,,
D3_01119,G_02669,other,FP_promptbench,0,0.957795159084954,1,,,,
D3_01120,G_02674,other,FP_promptbench,0,0.9773553235755655,1,,,,
D3_01121,G_02675,other,FP_promptbench,0,0.9722688589492577,1,,,,
D3_01122,G_02670,other,FP_promptbench,0,0.9533911373180441,1,,,,
D3_01123,G_02677,other,FP_promptbench,0,0.9832094947954951,1,,,,
D3_01124,G_02678,other,FP_promptbench,0,0.9622945720739101,1,,,,
D3_01125,G_02679,other,FP_promptbench,0,0.9927563273176616,1,,,,
D3_01126,G_02680,other,FP_promptbench,0,0.914724393253465,1,,,,
D3_01127,G_02681,other,FP_promptbench,0,0.7846645938166654,1,,,,
D3_01128,G_02682,other,FP_promptbench,0,0.8436914705973453,1,,,,
D3_01129,G_02683,other,FP_promptbench,0,0.8187924571120544,1,,,,
D3_01130,G_02684,other,FP_promptbench,0,0.8707551134623811,1,,,,
D3_01131,G_02685,other,FP_promptbench,0,0.9277624398564405,1,,,,
D3_01132,G_02686,other,FP_promptbench,0,0.8161166448378298,1,,,,
D3_01133,G_02687,other,FP_promptbench,0,0.9868108038475668,1,,,,
D3_01134,G_02688,other,FP_promptbench,0,0.9498406842206821,1,,,,
D3_01135,G_02689,other,FP_promptbench,0,0.959968970393813,1,,,,
D3_01136,G_02690,other,FP_promptbench,0,0.8845479264988991,1,,,,
D3_01137,G_02691,other,FP_promptbench,0,0.8985578169873493,1,,,,
D3_01138,G_02692,other,FP_promptbench,0,0.99735540768179,1,,,,
D3_01139,G_02693,other,FP_promptbench,0,0.8209457436833255,1,,,,
D3_01140,G_02694,other,FP_promptbench,0,0.9671068001874984,1,,,,
D3_01141,G_02695,other,FP_promptbench,0,0.9954848638825631,1,,,,
D3_01142,G_02696,other,FP_promptbench,0,0.9386412749933686,1,,,,
D3_01143,G_02697,other,FP_promptbench,0,0.9552908043556565,1,,,,
D3_01144,G_02698,other,FP_promptbench,0,0.9676377411629488,1,,,,
D3_01145,G_02699,other,FP_promptbench,0,0.9846096436241428,1,,,,
D3_01146,G_02700,other,FP_promptbench,0,0.9937224240442263,1,,,,
D3_01147,G_02701,other,FP_promptbench,0,0.996538733174932,1,,,,
D3_01148,G_02702,other,FP_promptbench,0,0.9644070278860449,1,,,,
D3_01149,G_02703,other,FP_promptbench,0,0.9886702241727005,1,,,,
D3_01150,G_02704,other,FP_promptbench,0,0.99312572521327,1,,,,
D3_01151,G_02705,other,FP_promptbench,0,0.9893115184750482,1,,,,
D3_01152,G_02706,other,FP_promptbench,0,0.9943806133434974,1,,,,
D3_01153,G_02707,other,FP_promptbench,0,0.9834606696170916,1,,,,
D3_01154,G_02702,other,FP_promptbench,0,0.9776252485674063,1,,,,
D3_01155,G_02709,other,FP_promptbench,0,0.9468966203721221,1,,,,
D3_01156,G_02710,other,FP_promptbench,0,0.9507004359652199,1,,,,
D3_01157,G_02711,other,FP_promptbench,0,0.9960002742080825,1,,,,
D3_01158,G_02712,other,FP_promptbench,0,0.9181906126247279,1,,,,
D3_01159,G_02713,other,FP_promptbench,0,0.9760811458571942,1,,,,
D3_01160,G_02714,other,FP_promptbench,0,0.9974977351312075,1,,,,
D3_01161,G_02715,other,FP_promptbench,0,0.7093269275349507,1,,,,
D3_01162,G_02716,other,FP_promptbench,0,0.9421927134012995,1,,,,
D3_01163,G_02717,other,FP_promptbench,0,0.7091880991275482,1,,,,
D3_01164,G_02718,other,FP_promptbench,0,0.8391377766657422,1,,,,
D3_01165,G_02752,en,FP_promptbench,0,0.7872315302952599,1,,,,
D3_01166,G_02827,en,FP_promptbench,0,0.8662991757182165,1,,,,
D3_01167,G_02721,en,FP_promptbench,0,0.8238334069755037,1,,,,
D3_01168,G_02825,en,FP_promptbench,0,0.9821822138323941,1,,,,
D3_01169,G_03382,en,FP_promptbench,0,0.8981877932937812,1,,,,
D3_01170,G_03384,en,FP_promptbench,0,0.9525920820138436,1,,,,
D3_01171,G_02725,en,FP_promptbench,0,0.6335510580331595,0,,,,
D3_01172,G_02726,en,FP_promptbench,0,0.5295348329552889,0,,,,
D3_01173,G_03387,en,FP_promptbench,0,0.9016081282793339,1,,,,
D3_01174,G_03915,en,FP_promptbench,0,0.9709460582193918,1,,,,
D3_01175,G_02760,en,FP_promptbench,0,0.8909021510152909,1,,,,
D3_01176,G_02730,en,FP_promptbench,0,0.9806582925321021,1,,,,
D3_01177,G_02731,en,FP_promptbench,0,0.6681470780654898,0,,,,
D3_01178,G_02732,en,FP_promptbench,0,0.9802221709352752,1,,,,
D3_01179,G_02733,en,FP_promptbench,0,0.6648486080658118,0,,,,
D3_01180,G_02734,en,FP_promptbench,0,0.9961203174199227,1,,,,
D3_01181,G_02735,en,FP_promptbench,0,0.9607375274123836,1,,,,
D3_01182,G_02736,en,FP_promptbench,0,0.9863292450079911,1,,,,
D3_01183,G_02737,en,FP_promptbench,0,0.977567267573951,1,,,,
D3_01184,G_02738,en,FP_promptbench,0,0.9367756024122631,1,,,,
D3_01185,G_02739,en,FP_promptbench,0,0.7264706376819848,1,,,,
D3_01186,G_02740,en,FP_promptbench,0,0.8725729155283103,1,,,,
D3_01187,G_02741,en,FP_promptbench,0,0.652035089869941,0,,,,
D3_01188,G_02742,en,FP_promptbench,0,0.8093118129407357,1,,,,
D3_01189,G_02743,en,FP_promptbench,0,0.9550109398949452,1,,,,
D3_01190,G_02744,en,FP_promptbench,0,0.8789790504594955,1,,,,
D3_01191,G_02745,en,FP_promptbench,0,0.7872315302952599,1,,,,
D3_01192,G_02746,en,FP_promptbench,0,0.8234631818154735,1,,,,
D3_01193,G_02747,en,FP_promptbench,0,0.8614917977661528,1,,,,
D3_01194,G_02760,en,FP_promptbench,0,0.8905735843704498,1,,,,
D3_01195,G_02749,en,FP_promptbench,0,0.9800792358885261,1,,,,
D3_01196,G_02731,en,FP_promptbench,0,0.6678963120266178,0,,,,
D3_01197,G_02751,en,FP_promptbench,0,0.7328704400016396,1,,,,
D3_01198,G_02752,en,FP_promptbench,0,0.7958754727363776,1,,,,
D3_01199,G_02753,en,FP_promptbench,0,0.7335622482724252,1,,,,
D3_01200,G_02730,en,FP_promptbench,0,0.9881453743896217,1,,,,
D3_01201,G_02755,en,FP_promptbench,0,0.9381379437446966,1,,,,
D3_01202,G_02756,en,FP_promptbench,0,0.6137910226642381,0,,,,
D3_01203,G_02757,en,FP_promptbench,0,0.8688278443560037,1,,,,
D3_01204,G_02758,en,FP_promptbench,0,0.8368245131784705,1,,,,
D3_01205,G_02759,en,FP_promptbench,0,0.7758461061690057,1,,,,
D3_01206,G_02760,en,FP_promptbench,0,0.9336943659604534,1,,,,
D3_01207,G_02761,en,FP_promptbench,0,0.9679706057770278,1,,,,
D3_01208,G_02762,en,FP_promptbench,0,0.7128778313942802,1,,,,
D3_01209,G_02763,en,FP_promptbench,0,0.8219409208689041,1,,,,
D3_01210,G_02752,en,FP_promptbench,0,0.6865896957929221,0,,,,
D3_01211,G_02765,en,FP_promptbench,0,0.8524937141640471,1,,,,
D3_01212,G_02730,en,FP_promptbench,0,0.9787342793397459,1,,,,
D3_01213,G_02760,en,FP_promptbench,0,0.9321035376308064,1,,,,
D3_01214,G_02731,en,FP_promptbench,0,0.6877405038417965,0,,,,
D3_01215,G_02769,en,FP_promptbench,0,0.8742681266909359,1,,,,
D3_01216,G_02770,en,FP_promptbench,0,0.275317765380643,0,,,,
D3_01217,G_02771,en,FP_promptbench,0,0.572161343749537,0,,,,
D3_01218,G_02772,en,FP_promptbench,0,0.7568056818748767,1,,,,
D3_01219,G_02731,en,FP_promptbench,0,0.6384998927713083,0,,,,
D3_01220,G_02774,en,FP_promptbench,0,0.9849190289578339,1,,,,
D3_01221,G_02775,other,FP_promptbench,0,0.9736503236332833,1,,,,
D3_01222,G_02776,other,FP_promptbench,0,0.9976990811078184,1,,,,
D3_01223,G_02777,other,FP_promptbench,0,0.9987882275141908,1,,,,
D3_01224,G_02778,other,FP_promptbench,0,0.7347247863155627,1,,,,
D3_01225,G_02779,other,FP_promptbench,0,0.9842100851077205,1,,,,
D3_01226,G_02780,other,FP_promptbench,0,0.9974279962752847,1,,,,
D3_01227,G_02781,other,FP_promptbench,0,0.9671619770223411,1,,,,
D3_01228,G_02782,other,FP_promptbench,0,0.8416381850806864,1,,,,
D3_01229,G_02783,other,FP_promptbench,0,0.9948444702868654,1,,,,
D3_01230,G_02784,other,FP_promptbench,0,0.693643607571819,0,,,,
D3_01231,G_02785,other,FP_promptbench,0,0.9739272195628565,1,,,,
D3_01233,G_02786,other,FP_promptbench,0,0.9160911204734159,1,,,,
D3_01234,G_02787,other,FP_promptbench,0,0.7413548394044283,1,,,,
D3_01236,G_02788,other,FP_promptbench,0,0.9810376699631758,1,,,,
D3_01237,G_02789,other,FP_promptbench,0,0.9745862191526791,1,,,,
D3_01238,G_02790,other,FP_promptbench,0,0.8354241031780848,1,,,,
D3_01239,G_02791,other,FP_promptbench,0,0.9968304223543722,1,,,,
D3_01240,G_02792,other,FP_promptbench,0,0.7994631828045287,1,,,,
D3_01241,G_02793,other,FP_promptbench,0,0.9807883235670561,1,,,,
D3_01242,G_02780,other,FP_promptbench,0,0.9974279962752847,1,,,,
D3_01243,G_02795,other,FP_promptbench,0,0.9829897056762802,1,,,,
D3_01244,G_02778,other,FP_promptbench,0,0.7347247863155627,1,,,,
D3_01246,G_02797,other,FP_promptbench,0,0.7299724086585098,1,,,,
D3_01247,G_02789,other,FP_promptbench,0,0.9745862191526791,1,,,,
D3_01249,G_02799,other,FP_promptbench,0,0.9857175840237831,1,,,,
D3_01251,G_02800,other,FP_promptbench,0,0.9405486680489678,1,,,,
D3_01253,G_02801,other,FP_promptbench,0,0.9857526053619667,1,,,,
D3_01254,G_02802,other,FP_promptbench,0,0.8652446692844787,1,,,,
D3_01256,G_02803,other,FP_promptbench,0,0.9742237771128971,1,,,,
D3_01257,G_02804,other,FP_promptbench,0,0.9923263749623543,1,,,,
D3_01258,G_02805,other,FP_promptbench,0,0.9796275946005211,1,,,,
D3_01259,G_02806,other,FP_promptbench,0,0.9847318248690878,1,,,,
D3_01261,G_02807,other,FP_promptbench,0,0.9776760534358475,1,,,,
D3_01263,G_02808,other,FP_promptbench,0,0.9948444702868654,1,,,,
D3_01264,G_02809,other,FP_promptbench,0,0.9830955537765289,1,,,,
D3_01266,G_02810,other,FP_promptbench,0,0.9795571673557981,1,,,,
D3_01267,G_02811,other,FP_promptbench,0,0.9417686918311621,1,,,,
D3_01269,G_02812,other,FP_promptbench,0,0.993599592140589,1,,,,
D3_01270,G_02813,other,FP_promptbench,0,0.6975155057354493,0,,,,
D3_01273,G_02814,other,FP_promptbench,0,0.9707393587373275,1,,,,
D3_01274,G_02815,other,FP_promptbench,0,0.9818005633592646,1,,,,
D3_01276,G_02816,other,FP_promptbench,0,0.7972244191934746,1,,,,
D3_01277,G_02817,other,FP_promptbench,0,0.9602114768805601,1,,,,
D3_01279,G_02818,other,FP_promptbench,0,0.996113761245107,1,,,,
D3_01301,G_02819,en,FP_promptbench,0,0.9603373888931568,1,,,,
D3_01302,G_02820,en,FP_promptbench,0,0.99517544048476,1,,,,
D3_01303,G_02821,en,FP_promptbench,0,0.6356837271926298,0,,,,
D3_01304,G_02822,en,FP_promptbench,0,0.9396852726621694,1,,,,
D3_01305,G_02823,en,FP_promptbench,0,0.9718918751850362,1,,,,
D3_01306,G_02824,en,FP_promptbench,0,0.33501396199024797,0,,,,
D3_01307,G_02825,en,FP_promptbench,0,0.981782309336068,1,,,,
D3_01308,G_03384,en,FP_promptbench,0,0.9505840806145031,1,,,,
D3_01309,G_02827,en,FP_promptbench,0,0.8609521932379988,1,,,,
D3_01310,G_02730,en,FP_promptbench,0,0.9806124022787004,1,,,,
D3_01311,G_02733,en,FP_promptbench,0,0.6648486080658118,0,,,,
D3_01312,G_02830,en,FP_promptbench,0,0.977567267573951,1,,,,
D3_01313,G_02831,en,FP_promptbench,0,0.7652612063551509,1,,,,
D3_01314,G_02832,en,FP_promptbench,0,0.9714903016807588,1,,,,
D3_01315,G_02833,en,FP_promptbench,0,0.9824474877623434,1,,,,
D3_01316,G_02733,en,FP_promptbench,0,0.6453380230397642,0,,,,
D3_01317,G_02835,en,FP_promptbench,0,0.9836993051796404,1,,,,
D3_01318,G_02737,en,FP_promptbench,0,0.9795580194659672,1,,,,
D3_01319,G_02837,en,FP_promptbench,0,0.9682510899611971,1,,,,
D3_01320,G_02838,en,FP_promptbench,0,0.987664007106117,1,,,,
D3_01322,G_04773,en,FP_promptbench,0,0.9808503256911552,1,,,,
D3_01323,G_02733,en,FP_promptbench,0,0.7816588101600954,1,,,,
D3_01324,G_02761,en,FP_promptbench,0,0.9838488582605065,1,,,,
D3_01325,G_02842,en,FP_promptbench,0,0.7315002411563326,1,,,,
D3_01326,G_02843,en,FP_promptbench,0,0.9556075670651331,1,,,,
D3_01327,G_02844,en,FP_promptbench,0,0.9918051264129438,1,,,,
D3_01328,G_02845,en,FP_promptbench,0,0.603231800369109,0,,,,
D3_01329,G_02846,en,FP_promptbench,0,0.9689719824471916,1,,,,
D3_01330,G_02847,en,FP_promptbench,0,0.9787522740331768,1,,,,
D3_01331,G_02848,en,FP_promptbench,0,0.9113923441995003,1,,,,
D3_01332,G_02849,en,FP_promptbench,0,0.995023746246604,1,,,,
D3_01333,G_02850,en,FP_promptbench,0,0.7298798909883527,1,,,,
D3_01334,G_02851,en,FP_promptbench,0,0.7283101402119933,1,,,,
D3_01335,G_02852,en,FP_promptbench,0,0.9890358252014896,1,,,,
D3_01336,G_02853,en,FP_promptbench,0,0.9845268098141863,1,,,,
D3_01397,G_02854,en,FP_promptbench,0,0.5270742873803508,0,,,,
D3_01398,G_02855,en,FP_promptbench,0,0.9692106317223308,1,,,,
D3_01399,G_03470,en,FP_promptbench,0,0.9910561620506312,1,,,,
D3_01400,G_04786,en,FP_promptbench,0,0.9810017304617228,1,,,,
D3_01401,G_02858,en,FP_promptbench,0,0.7012684053638858,0,,,,
D3_01402,G_02859,en,FP_promptbench,0,0.5150706412797734,0,,,,
D3_01403,G_02860,en,FP_promptbench,0,0.8708799842138897,1,,,,
D3_01404,G_02861,en,FP_promptbench,0,0.9627079269875485,1,,,,
D3_01405,G_02862,en,FP_promptbench,0,0.9862571911294638,1,,,,
D3_01406,G_02863,en,FP_promptbench,0,0.9685764132479517,1,,,,
D3_01407,G_02864,en,FP_promptbench,0,0.9970170978157309,1,,,,
D3_01408,G_02865,en,FP_promptbench,0,0.9857365320420359,1,,,,
D3_01409,G_02866,en,FP_promptbench,0,0.9790556397939186,1,,,,
D3_01410,G_02867,en,FP_promptbench,0,0.9501831816256283,1,,,,
D3_01411,G_02868,en,FP_promptbench,0,0.9979898350363371,1,,,,
D3_01412,G_02869,en,FP_promptbench,0,0.8408688878100936,1,,,,
D3_01413,G_03481,en,FP_promptbench,0,0.8831165467596824,1,,,,
D3_01414,G_02871,en,FP_promptbench,0,0.906788992858808,1,,,,
D3_01415,G_02872,en,FP_promptbench,0,0.9675496437315075,1,,,,
D3_01416,G_02873,en,FP_promptbench,0,0.9894188430869962,1,,,,
D3_01417,G_02874,en,FP_promptbench,0,0.5777091554206054,0,,,,
D3_01418,G_02875,en,FP_promptbench,0,0.9489064138009686,1,,,,
D3_01419,G_02876,en,FP_promptbench,0,0.6489648908789435,0,,,,
D3_01421,G_02877,en,FP_promptbench,0,0.9826778011916879,1,,,,
D3_01422,G_02878,en,FP_promptbench,0,0.9964991358868125,1,,,,
D3_01423,G_02879,en,FP_promptbench,0,0.9655385416878427,1,,,,
D3_01424,G_02880,en,FP_promptbench,0,0.9910561620506312,1,,,,
D3_01425,G_02881,en,FP_promptbench,0,0.9676723270310649,1,,,,
D3_01426,G_02882,en,FP_promptbench,0,0.5270742873803508,0,,,,
D3_01427,G_02883,en,FP_promptbench,0,0.9969886799433897,1,,,,
D3_01428,G_02866,en,FP_promptbench,0,0.9790556397939186,1,,,,
D3_01429,G_02885,en,FP_promptbench,0,0.9857365320420359,1,,,,
D3_01430,G_02886,en,FP_promptbench,0,0.5404546605458036,0,,,,
D3_01431,G_02855,en,FP_promptbench,0,0.9305452629223698,1,,,,
D3_01432,G_02888,en,FP_promptbench,0,0.9123402843819864,1,,,,
D3_01433,G_02889,en,FP_promptbench,0,0.9925313368357002,1,,,,
D3_01434,G_02877,en,FP_promptbench,0,0.9868681823487548,1,,,,
D3_01436,G_02891,en,FP_promptbench,0,0.9893398748801703,1,,,,
D3_01437,G_02892,en,FP_promptbench,0,0.6294229428806625,0,,,,
D3_01438,G_02893,en,FP_promptbench,0,0.9711714473778821,1,,,,
D3_01439,G_02894,en,FP_promptbench,0,0.9971472653310138,1,,,,
D3_01440,G_02895,en,FP_promptbench,0,0.9601743722846198,1,,,,
D3_01441,G_02896,en,FP_promptbench,0,0.9802068417794898,1,,,,
D3_01442,G_02855,en,FP_promptbench,0,0.9734476230009451,1,,,,
D3_01444,G_02898,en,FP_promptbench,0,0.4778219828633816,0,,,,
D3_01445,G_02899,en,FP_promptbench,0,0.983039949219004,1,,,,
D3_01446,G_02900,en,FP_promptbench,0,0.9808773292227979,1,,,,
D3_01447,G_02901,en,FP_promptbench,0,0.9757075889170038,1,,,,
D3_01448,G_02902,en,FP_promptbench,0,0.5172585029532663,0,,,,
D3_01449,G_02903,en,FP_promptbench,0,0.6268412119362896,0,,,,
D3_01450,G_02904,en,FP_promptbench,0,0.8518220218521225,1,,,,
D3_01451,G_02905,en,FP_promptbench,0,0.9962560702289038,1,,,,
D3_01452,G_02906,en,FP_promptbench,0,0.9808981229365611,1,,,,
D3_01453,G_02907,en,FP_promptbench,0,0.7164422477974235,1,,,,
D3_01454,G_02908,other,FP_promptbench,0,0.9533509316735422,1,,,,
D3_01455,G_02909,other,FP_promptbench,0,0.369449248447263,0,,,,
D3_01456,G_02910,other,FP_promptbench,0,0.7373125476595908,1,,,,
D3_01457,G_02911,other,FP_promptbench,0,0.9579187456829319,1,,,,
D3_01458,G_02912,other,FP_promptbench,0,0.19387010043831304,0,,,,
D3_01459,G_02913,other,FP_promptbench,0,0.1262923340769305,0,,,,
D3_01460,G_02914,other,FP_promptbench,0,0.9568673087774784,1,,,,
D3_01461,G_02915,other,FP_promptbench,0,0.958827837846882,1,,,,
D3_01462,G_02916,other,FP_promptbench,0,0.9099608153626879,1,,,,
D3_01463,G_02917,other,FP_promptbench,0,0.9380465574281461,1,,,,
D3_01464,G_02918,other,FP_promptbench,0,0.9930664253191376,1,,,,
D3_01465,G_02919,other,FP_promptbench,0,0.3296461621767023,0,,,,
D3_01466,G_02920,other,FP_promptbench,0,0.7628748963453652,1,,,,
D3_01468,G_02921,other,FP_promptbench,0,0.13370641393176622,0,,,,
D3_01469,G_02922,other,FP_promptbench,0,0.35613419986178735,0,,,,
D3_01470,G_02923,other,FP_promptbench,0,0.9493306370505952,1,,,,
D3_01471,G_02924,other,FP_promptbench,0,0.9685229200690845,1,,,,
D3_01472,G_02925,other,FP_promptbench,0,0.9054731427124989,1,,,,
D3_01473,G_02926,other,FP_promptbench,0,0.9185888289181217,1,,,,
D3_01474,G_02927,other,FP_promptbench,0,0.9429983348956883,1,,,,
D3_01475,G_02928,other,FP_promptbench,0,0.1805903910791986,0,,,,
D3_01476,G_02929,other,FP_promptbench,0,0.6929096305597457,0,,,,
D3_01478,G_02930,other,FP_promptbench,0,0.04565957775081428,0,,,,
D3_01479,G_02931,other,FP_promptbench,0,0.6480502523109125,0,,,,
D3_01480,G_02932,other,FP_promptbench,0,0.9843338854670255,1,,,,
D3_01481,G_02933,other,FP_promptbench,0,0.6700694855987303,0,,,,
D3_01482,G_02934,other,FP_promptbench,0,0.09652421805472869,0,,,,
D3_01483,G_02926,other,FP_promptbench,0,0.8925815982507188,1,,,,
D3_01484,G_02936,other,FP_promptbench,0,0.9950908831221476,1,,,,
D3_01485,G_02937,other,FP_promptbench,0,0.22592415573225832,0,,,,
D3_01487,G_02938,other,FP_promptbench,0,0.9275311453042162,1,,,,
D3_01488,G_02939,other,FP_promptbench,0,0.07151981881889156,0,,,,
D3_01491,G_02940,other,FP_promptbench,0,0.5601518622892341,0,,,,
D3_01493,G_02941,other,FP_promptbench,0,0.8824036120852637,1,,,,
D3_01494,G_02942,other,FP_promptbench,0,0.8171607614050805,1,,,,
D3_01496,G_02943,other,FP_promptbench,0,0.8946129843278771,1,,,,
D3_01497,G_02944,other,FP_promptbench,0,0.9567676981791259,1,,,,
D3_01498,G_02945,other,FP_promptbench,0,0.19891461626419576,0,,,,
D3_01499,G_02946,other,FP_promptbench,0,0.9231077075296288,1,,,,
D3_01500,G_02947,other,FP_promptbench,0,0.7964587241959484,1,,,,
D3_01501,G_02948,other,FP_promptbench,0,0.8626978974134423,1,,,,
D3_01502,G_02949,other,FP_promptbench,0,0.9276148308679294,1,,,,
D3_01503,G_02950,other,FP_promptbench,0,0.9119346507863354,1,,,,
D3_01504,G_02951,other,FP_promptbench,0,0.9907116173603038,1,,,,
D3_01507,G_02952,other,FP_promptbench,0,0.9487468718701741,1,,,,
D3_01508,G_02953,other,FP_promptbench,0,0.19558355548077333,0,,,,
D3_01509,G_02954,other,FP_promptbench,0,0.26491808154636004,0,,,,
D3_01510,G_02955,other,FP_promptbench,0,0.9610414220194421,1,,,,
D3_01511,G_02956,other,FP_promptbench,0,0.9286349812585093,1,,,,
D3_01512,G_02957,other,FP_promptbench,0,0.32162530655308147,0,,,,
D3_01513,G_02958,other,FP_promptbench,0,0.8314662899503503,1,,,,
D3_01514,G_02959,en,FP_promptbench,0,0.19817531655932738,0,,,,
D3_01515,G_01671,en,FP_promptbench,0,0.3991672851636047,0,,,,
D3_01516,G_01664,en,FP_promptbench,0,0.6547388552729063,0,,,,
D3_01517,G_01669,en,FP_promptbench,0,0.8922714264508774,1,,,,
D3_01518,G_01663,en,FP_promptbench,0,0.8118413889369741,1,,,,
D3_01519,G_01667,en,FP_promptbench,0,0.8955270626292453,1,,,,
D3_01520,G_01668,en,FP_promptbench,0,0.9128165616120705,1,,,,
D3_01521,G_01662,en,FP_promptbench,0,0.406038844708878,0,,,,
D3_01522,G_01666,en,FP_promptbench,0,0.31387371866431946,0,,,,
D3_01523,G_02968,en,FP_promptbench,0,0.5180675132992424,0,,,,
D3_01524,G_01691,en,FP_promptbench,0,0.7990238960401451,1,,,,
D3_01525,G_01698,en,FP_promptbench,0,0.7627947757554424,1,,,,
D3_01526,G_02971,en,FP_promptbench,0,0.890807042576939,1,,,,
D3_01527,G_01677,en,FP_promptbench,0,0.5847926028793293,0,,,,
D3_01528,G_01678,en,FP_promptbench,0,0.5965862523137954,0,,,,
D3_01529,G_01705,en,FP_promptbench,0,0.7840239454360883,1,,,,
D3_01530,G_01679,en,FP_promptbench,0,0.7547018426197839,1,,,,
D3_01531,G_01680,en,FP_promptbench,0,0.9068925222460588,1,,,,
D3_01532,G_02977,en,FP_promptbench,0,0.7072270272621699,1,,,,
D3_01533,G_01676,en,FP_promptbench,0,0.8861405501924051,1,,,,
D3_01534,G_02979,en,FP_promptbench,0,0.18434016304059558,0,,,,
D3_01535,G_02980,en,FP_promptbench,0,0.6899338303267271,0,,,,
D3_01536,G_02981,en,FP_promptbench,0,0.1921683781885899,0,,,,
D3_01537,G_02982,en,FP_promptbench,0,0.8903174323314889,1,,,,
D3_01538,G_02983,en,FP_promptbench,0,0.8220180563181673,1,,,,
D3_01539,G_02984,en,FP_promptbench,0,0.8007737879705948,1,,,,
D3_01540,G_02959,en,FP_promptbench,0,0.20078492885923646,0,,,,
D3_01541,G_01671,en,FP_promptbench,0,0.40214739489031087,0,,,,
D3_01542,G_01664,en,FP_promptbench,0,0.6548174905543133,0,,,,
D3_01543,G_01698,en,FP_promptbench,0,0.7637723908341262,1,,,,
D3_01544,G_02971,en,FP_promptbench,0,0.8860222540147845,1,,,,
D3_01545,G_01691,en,FP_promptbench,0,0.7973678131374831,1,,,,
D3_01546,G_02959,en,FP_promptbench,0,0.19731367868360633,0,,,,
D3_01547,G_01671,en,FP_promptbench,0,0.3947325333084773,0,,,,
D3_01548,G_02993,en,FP_promptbench,0,0.722292055804474,1,,,,
D3_01549,G_02994,en,FP_promptbench,0,0.5939248444856371,0,,,,
D3_01550,G_02995,en,FP_promptbench,0,0.7646973987449135,1,,,,
D3_01551,G_02971,en,FP_promptbench,0,0.8635167213713134,1,,,,
D3_01552,G_02997,en,FP_promptbench,0,0.2787756605278481,0,,,,
D3_01553,G_01671,en,FP_promptbench,0,0.47692922406930205,0,,,,
D3_01554,G_02999,en,FP_promptbench,0,0.7420900020112943,1,,,,
D3_01555,G_01691,en,FP_promptbench,0,0.8551188496644933,1,,,,
D3_01556,G_01698,en,FP_promptbench,0,0.7907694555145047,1,,,,
D3_01557,G_03002,en,FP_promptbench,0,0.9260145808162592,1,,,,
D3_01558,G_03003,en,FP_promptbench,0,0.2007408551941629,0,,,,
D3_01559,G_03004,en,FP_promptbench,0,0.3705932477334204,0,,,,
D3_01560,G_03005,en,FP_promptbench,0,0.5400249353930375,0,,,,
D3_01561,G_03006,en,FP_promptbench,0,0.5726686484200691,0,,,,
D3_01562,G_03007,en,FP_promptbench,0,0.8873790443983435,1,,,,
D3_01563,G_03008,en,FP_promptbench,0,0.8992599598042209,1,,,,
D3_01564,G_03009,en,FP_promptbench,0,0.3659034376348149,0,,,,
D3_01565,G_03010,en,FP_promptbench,0,0.5228312558135473,0,,,,
D3_01566,G_03011,en,FP_promptbench,0,0.4257235841858806,0,,,,
D3_01567,G_03012,en,FP_promptbench,0,0.7877188081159603,1,,,,
D3_01568,G_03013,en,FP_promptbench,0,0.44820849910499794,0,,,,
D3_01569,G_03014,en,FP_promptbench,0,0.5418669684965379,0,,,,
D3_01630,G_01803,en,FP_promptbench,0,0.9638152474836322,1,,,,
D3_01631,G_01784,en,FP_promptbench,0,0.37917427473032045,0,,,,
D3_01632,G_03017,en,FP_promptbench,0,0.7667180614577889,1,,,,
D3_01633,G_01816,en,FP_promptbench,0,0.7763246956119437,1,,,,
D3_01634,G_01780,en,FP_promptbench,0,0.6430176599212313,0,,,,
D3_01635,G_03579,en,FP_promptbench,0,0.8598624992640245,1,,,,
D3_01636,G_01785,en,FP_promptbench,0,0.9014329157694149,1,,,,
D3_01637,G_01802,en,FP_promptbench,0,0.9536675464383723,1,,,,
D3_01638,G_03023,en,FP_promptbench,0,0.7287811920071429,1,,,,
D3_01639,G_01783,en,FP_promptbench,0,0.5272868462232532,0,,,,
D3_01640,G_01811,en,FP_promptbench,0,0.9469237999167966,1,,,,
D3_01641,G_01789,en,FP_promptbench,0,0.846601435077651,1,,,,
D3_01642,G_03045,en,FP_promptbench,0,0.8614498026333933,1,,,,
D3_01643,G_01818,en,FP_promptbench,0,0.7794214756865023,1,,,,
D3_01644,G_03029,en,FP_promptbench,0,0.9303131517980426,1,,,,
D3_01645,G_01793,en,FP_promptbench,0,0.8988714189249334,1,,,,
D3_01646,G_01790,en,FP_promptbench,0,0.9881004297762926,1,,,,
D3_01647,G_01819,en,FP_promptbench,0,0.9738841194524014,1,,,,
D3_01648,G_01794,en,FP_promptbench,0,0.7816654306690093,1,,,,
D3_01649,G_01795,en,FP_promptbench,0,0.8166506400927349,1,,,,
D3_01650,G_03035,en,FP_promptbench,0,0.9528749335910105,1,,,,
D3_01651,G_03036,en,FP_promptbench,0,0.7027484330728894,0,,,,
D3_01652,G_03037,en,FP_promptbench,0,0.8284374120470264,1,,,,
D3_01653,G_03038,en,FP_promptbench,0,0.9150424386442323,1,,,,
D3_01654,G_03039,en,FP_promptbench,0,0.9160148760224269,1,,,,
D3_01655,G_03040,en,FP_promptbench,0,0.8243747682533862,1,,,,
D3_01656,G_01794,en,FP_promptbench,0,0.7816654306690093,1,,,,
D3_01657,G_01784,en,FP_promptbench,0,0.37917427473032045,0,,,,
D3_01658,G_03017,en,FP_promptbench,0,0.7667180614577889,1,,,,
D3_01659,G_01811,en,FP_promptbench,0,0.9469237999167966,1,,,,
D3_01660,G_03045,en,FP_promptbench,0,0.8614498026333933,1,,,,
D3_01661,G_01789,en,FP_promptbench,0,0.846601435077651,1,,,,
D3_01662,G_03047,en,FP_promptbench,0,0.9684684895465953,1,,,,
D3_01663,G_03048,en,FP_promptbench,0,0.6115806848802141,0,,,,
D3_01664,G_03049,en,FP_promptbench,0,0.4665910578340417,0,,,,
D3_01665,G_03050,en,FP_promptbench,0,0.9390449330756002,1,,,,
D3_01666,G_03045,en,FP_promptbench,0,0.868375303681056,1,,,,
D3_01667,G_01789,en,FP_promptbench,0,0.8476926336288221,1,,,,
D3_01668,G_03053,en,FP_promptbench,0,0.5614066697547042,0,,,,
D3_01669,G_01815,en,FP_promptbench,0,0.9648891949406644,1,,,,
D3_01670,G_03055,en,FP_promptbench,0,0.8374920667838168,1,,,,
D3_01671,G_01811,en,FP_promptbench,0,0.9437986513789229,1,,,,
D3_01672,G_03057,en,FP_promptbench,0,0.8878429369573637,1,,,,
D3_01673,G_03058,en,FP_promptbench,0,0.8529845946212495,1,,,,
D3_01674,G_01784,en,FP_promptbench,0,0.3820446109710625,0,,,,
D3_01675,G_03060,en,FP_promptbench,0,0.9471149560082315,1,,,,
D3_01676,G_03061,en,FP_promptbench,0,0.5652474631355092,0,,,,
D3_01677,G_03062,en,FP_promptbench,0,0.726309586451314,1,,,,
D3_01678,G_03063,en,FP_promptbench,0,0.5765775277930426,0,,,,
D3_01679,G_03064,en,FP_promptbench,0,0.7080494170131887,1,,,,
D3_01680,G_03065,en,FP_promptbench,0,0.7139441934516751,1,,,,
D3_01681,G_03066,en,FP_promptbench,0,0.43654750233774237,0,,,,
D3_01682,G_03067,en,FP_promptbench,0,0.46615947209379355,0,,,,
D3_01683,G_03068,en,FP_promptbench,0,0.8465795562525903,1,,,,
D3_01684,G_03069,en,FP_promptbench,0,0.9518412619667915,1,,,,
D3_01685,G_03070,en,FP_promptbench,0,0.7688962021795014,1,,,,
D3_01766,G_03071,en,FP_promptbench,0,0.5845575316080347,0,,,,
D3_01767,G_03072,en,FP_promptbench,0,0.6753673099330818,0,,,,
D3_01768,G_03073,en,FP_promptbench,0,0.7873367807382171,1,,,,
D3_01769,G_03074,en,FP_promptbench,0,0.9341353249760719,1,,,,
D3_01770,G_03075,en,FP_promptbench,0,0.5969886949056764,0,,,,
D3_01771,G_03076,en,FP_promptbench,0,0.9262298468118014,1,,,,
D3_01772,G_03601,en,FP_promptbench,0,0.49673104230331916,0,,,,
D3_01773,G_01892,en,FP_promptbench,0,0.8328747963466463,1,,,,
D3_01774,G_01898,en,FP_promptbench,0,0.8650925220870267,1,,,,
D3_01775,G_01909,en,FP_promptbench,0,0.9400462574033411,1,,,,
D3_01776,G_01903,en,FP_promptbench,0,0.8922733610696836,1,,,,
D3_01777,G_01931,en,FP_promptbench,0,0.9327774834361392,1,,,,
D3_01778,G_03601,en,FP_promptbench,0,0.7795725048310927,1,,,,
D3_01779,G_01892,en,FP_promptbench,0,0.8486693691780819,1,,,,
D3_01780,G_01898,en,FP_promptbench,0,0.6911711086776499,0,,,,
D3_01781,G_03086,en,FP_promptbench,0,0.9278273047882535,1,,,,
D3_01782,G_03087,en,FP_promptbench,0,0.8264686105796034,1,,,,
D3_01783,G_03088,en,FP_promptbench,0,0.9379029706131331,1,,,,
D3_01784,G_03089,en,FP_promptbench,0,0.6515345539477967,0,,,,
D3_01785,G_01892,en,FP_promptbench,0,0.7959278528931224,1,,,,
D3_01786,G_01898,en,FP_promptbench,0,0.8872863952296075,1,,,,
D3_01787,G_01903,en,FP_promptbench,0,0.9066491687213626,1,,,,
D3_01788,G_01909,en,FP_promptbench,0,0.9471884456556215,1,,,,
D3_01789,G_01931,en,FP_promptbench,0,0.9404709705735231,1,,,,
D3_01790,G_03095,en,FP_promptbench,0,0.5272099944879787,0,,,,
D3_01791,G_03096,en,FP_promptbench,0,0.8512462436071648,1,,,,
D3_01792,G_03097,en,FP_promptbench,0,0.8996121147766346,1,,,,
D3_01793,G_03098,en,FP_promptbench,0,0.7652982162234563,1,,,,
D3_01794,G_03099,en,FP_promptbench,0,0.8204681048485741,1,,,,
D3_01795,G_03100,en,FP_promptbench,0,0.7979115111489177,1,,,,
D3_01796,G_03101,en,FP_promptbench,0,0.5467309846091292,0,,,,
D3_01797,G_03102,en,FP_promptbench,0,0.8279966752930668,1,,,,
D3_01798,G_03103,en,FP_promptbench,0,0.6767563180143741,0,,,,
D3_01799,G_03104,en,FP_promptbench,0,0.928322584335765,1,,,,
D3_01800,G_03105,en,FP_promptbench,0,0.7133879895078866,1,,,,
D3_01801,G_03106,en,FP_promptbench,0,0.934492999219788,1,,,,
D3_01882,G_03107,en,FP_promptbench,0,0.9766504153144034,1,,,,
D3_01883,G_03108,en,FP_promptbench,0,0.9737409072011864,1,,,,
D3_01884,G_03109,en,FP_promptbench,0,0.9519670308027205,1,,,,
D3_01885,G_03110,en,FP_promptbench,0,0.9713723786326215,1,,,,
D3_01886,G_03111,en,FP_promptbench,0,0.9274117455476468,1,,,,
D3_01887,G_03112,en,FP_promptbench,0,0.9792300774600733,1,,,,
D3_01888,G_02011,en,FP_promptbench,0,0.9830434042079089,1,,,,
D3_01889,G_02009,en,FP_promptbench,0,0.9615356611099355,1,,,,
D3_01890,G_02032,en,FP_promptbench,0,0.9413888228496585,1,,,,
D3_01891,G_03116,en,FP_promptbench,0,0.9790461540093601,1,,,,
D3_01892,G_02019,en,FP_promptbench,0,0.9663642337105697,1,,,,
D3_01893,G_02016,en,FP_promptbench,0,0.9896725901784753,1,,,,
D3_01894,G_02009,en,FP_promptbench,0,0.9636231283509552,1,,,,
D3_01895,G_03120,en,FP_promptbench,0,0.8912841053469481,1,,,,
D3_01896,G_03121,en,FP_promptbench,0,0.8076392061221956,1,,,,
D3_01897,G_03122,en,FP_promptbench,0,0.9780395894771798,1,,,,
D3_01898,G_03123,en,FP_promptbench,0,0.9841839503494482,1,,,,
D3_01899,G_03124,en,FP_promptbench,0,0.9578280421676952,1,,,,
D3_01900,G_02009,en,FP_promptbench,0,0.968811474180149,1,,,,
D3_01901,G_03126,en,FP_promptbench,0,0.9857328115155906,1,,,,
D3_01902,G_02043,en,FP_promptbench,0,0.9552443328731272,1,,,,
D3_01903,G_02016,en,FP_promptbench,0,0.9806476262917074,1,,,,
D3_01904,G_02019,en,FP_promptbench,0,0.9680994137412876,1,,,,
D3_01905,G_03116,en,FP_promptbench,0,0.9680752680135807,1,,,,
D3_01906,G_03131,en,FP_promptbench,0,0.9255933957172768,1,,,,
D3_01907,G_03132,en,FP_promptbench,0,0.9709409771528229,1,,,,
D3_01908,G_03133,en,FP_promptbench,0,0.9185068202408538,1,,,,
D3_01909,G_03134,en,FP_promptbench,0,0.9078716927559297,1,,,,
D3_01910,G_03135,en,FP_promptbench,0,0.9470130633771657,1,,,,
D3_01911,G_02016,en,FP_promptbench,0,0.9895044402348487,1,,,,
D3_01912,G_03137,en,FP_promptbench,0,0.6115592761203584,0,,,,
D3_01913,G_03138,en,FP_promptbench,0,0.9074888337839482,1,,,,
D3_01914,G_03139,en,FP_promptbench,0,0.7785470620474656,1,,,,
D3_01915,G_03140,en,FP_promptbench,0,0.5788988811293513,0,,,,
D3_01916,G_03141,en,FP_promptbench,0,0.7814617078871291,1,,,,
D3_01917,G_03142,en,FP_promptbench,0,0.8472844774367927,1,,,,
D3_01999,G_03143,en,FP_promptbench,0,0.6269291441552041,0,,,,
D3_02000,G_03144,en,FP_promptbench,0,0.8923043033158075,1,,,,
D3_02001,G_03145,en,FP_promptbench,0,0.08372285817356925,0,,,,
D3_02002,G_03146,en,FP_promptbench,0,0.5735231644323429,0,,,,
D3_02003,G_03147,en,FP_promptbench,0,0.7630376472871615,1,,,,
D3_02004,G_03148,en,FP_promptbench,0,0.9845559074792342,1,,,,
D3_02005,G_02119,en,FP_promptbench,0,0.6800357802976785,0,,,,
D3_02006,G_03150,en,FP_promptbench,0,0.9289663708976711,1,,,,
D3_02007,G_02154,en,FP_promptbench,0,0.2614623353207093,0,,,,
D3_02009,G_04542,en,FP_promptbench,0,0.9491136776213874,1,,,,
D3_02010,G_03168,en,FP_promptbench,0,0.9641992363312312,1,,,,
D3_02011,G_03154,en,FP_promptbench,0,0.6057569167887127,0,,,,
D3_02012,G_03155,en,FP_promptbench,0,0.8262782359370581,1,,,,
D3_02014,G_02150,en,FP_promptbench,0,0.9266840250253111,1,,,,
D3_02015,G_04542,en,FP_promptbench,0,0.954110790021621,1,,,,
D3_02017,G_02119,en,FP_promptbench,0,0.7997010633013218,1,,,,
D3_02018,G_03159,en,FP_promptbench,0,0.9403902327790753,1,,,,
D3_02020,G_03160,en,FP_promptbench,0,0.9664299621330696,1,,,,
D3_02021,G_03161,en,FP_promptbench,0,0.9680420064318533,1,,,,
D3_02022,G_03168,en,FP_promptbench,0,0.9472950323512891,1,,,,
D3_02023,G_03163,en,FP_promptbench,0,0.6257886499568366,0,,,,
D3_02024,G_03164,en,FP_promptbench,0,0.9731858749524486,1,,,,
D3_02025,G_02154,en,FP_promptbench,0,0.28447304036757,0,,,,
D3_02026,G_03166,en,FP_promptbench,0,0.9468665730290073,1,,,,
D3_02027,G_03167,en,FP_promptbench,0,0.974621317783966,1,,,,
D3_02028,G_03168,en,FP_promptbench,0,0.9605379115053153,1,,,,
D3_02029,G_03169,en,FP_promptbench,0,0.4738986339615286,0,,,,
D3_02030,G_03170,en,FP_promptbench,0,0.7825480363046632,1,,,,
D3_02031,G_03171,en,FP_promptbench,0,0.4791796009711986,0,,,,
D3_02032,G_03172,en,FP_promptbench,0,0.953630540893182,1,,,,
D3_02033,G_03173,en,FP_promptbench,0,0.9413730475309027,1,,,,
D3_02034,G_03168,en,FP_promptbench,0,0.9761042898120601,1,,,,
D3_02106,G_03281,en,FP_promptbench,0,0.9807691875770577,1,,,,
D3_02107,G_02252,en,FP_promptbench,0,0.8889249971409312,1,,,,
D3_02108,G_04642,en,FP_promptbench,0,0.789080052833309,1,,,,
D3_02109,G_03178,en,FP_promptbench,0,0.8875535999339357,1,,,,
D3_02110,G_02278,en,FP_promptbench,0,0.8072199638941914,1,,,,
D3_02111,G_03717,en,FP_promptbench,0,0.9451603705965529,1,,,,
D3_02112,G_02468,en,FP_promptbench,0,0.8931850313428109,1,,,,
D3_02113,G_02249,en,FP_promptbench,0,0.7781584504816714,1,,,,
D3_02114,G_03183,en,FP_promptbench,0,0.9309115446572379,1,,,,
D3_02115,G_02277,en,FP_promptbench,0,0.9885097632276754,1,,,,
D3_02116,G_03185,en,FP_promptbench,0,0.944815327921646,1,,,,
D3_02117,G_03186,en,FP_promptbench,0,0.646596074010825,0,,,,
D3_02118,G_03187,en,FP_promptbench,0,0.8789375932865667,1,,,,
D3_02119,G_03188,en,FP_promptbench,0,0.9905618254595518,1,,,,
D3_02120,G_03189,en,FP_promptbench,0,0.5360139523451044,0,,,,
D3_02121,G_03190,en,FP_promptbench,0,0.7172596787355778,1,,,,
D3_02123,G_02239,en,FP_promptbench,0,0.7977624912698771,1,,,,
D3_02124,G_02243,en,FP_promptbench,0,0.7526309120594433,1,,,,
D3_02125,G_03281,en,FP_promptbench,0,0.9810571783498079,1,,,,
D3_02126,G_02252,en,FP_promptbench,0,0.8889249971409312,1,,,,
D3_02127,G_04642,en,FP_promptbench,0,0.7927631385762544,1,,,,
D3_02128,G_03196,en,FP_promptbench,0,0.5874776142527325,0,,,,
D3_02129,G_02238,en,FP_promptbench,0,0.8953336838651519,1,,,,
D3_02130,G_02243,en,FP_promptbench,0,0.6426714003183884,0,,,,
D3_02131,G_03281,en,FP_promptbench,0,0.9785683867754233,1,,,,
D3_02133,G_02252,en,FP_promptbench,0,0.8234979252714731,1,,,,
D3_02134,G_03201,en,FP_promptbench,0,0.8531696271106181,1,,,,
D3_02135,G_03202,en,FP_promptbench,0,0.9666677104574931,1,,,,
D3_02136,G_02243,en,FP_promptbench,0,0.7787470197236372,1,,,,
D3_02137,G_03281,en,FP_promptbench,0,0.9837122533418371,1,,,,
D3_02138,G_04642,en,FP_promptbench,0,0.8210372270042616,1,,,,
D3_02139,G_02252,en,FP_promptbench,0,0.8885731432851554,1,,,,
D3_02140,G_03207,en,FP_promptbench,0,0.7833433097842125,1,,,,
D3_02141,G_02238,en,FP_promptbench,0,0.964099487099831,1,,,,
D3_02142,G_03209,en,FP_promptbench,0,0.7795478933429125,1,,,,
D3_02143,G_03210,en,FP_promptbench,0,0.9417572696384623,1,,,,
D3_02144,G_03211,en,FP_promptbench,0,0.8905101200925971,1,,,,
D3_02145,G_03212,en,FP_promptbench,0,0.9272638783064195,1,,,,
D3_02146,G_03213,en,FP_promptbench,0,0.4461512027245649,0,,,,
D3_02147,G_03214,en,FP_promptbench,0,0.5975960807377361,0,,,,
D3_02148,G_03215,en,FP_promptbench,0,0.5264093457700292,0,,,,
D3_02149,G_03216,en,FP_promptbench,0,0.7983578507168425,1,,,,
D3_02150,G_03217,en,FP_promptbench,0,0.7913424488740699,1,,,,
D3_02151,G_03218,en,FP_promptbench,0,0.7140239064172406,1,,,,
D3_02212,G_03219,en,FP_promptbench,0,0.7049609621336688,0,,,,
D3_02213,G_02355,en,FP_promptbench,0,0.613074673956076,0,,,,
D3_02214,G_02354,en,FP_promptbench,0,0.7533985863163319,1,,,,
D3_02215,G_02353,en,FP_promptbench,0,0.8782983515064555,1,,,,
D3_02217,G_04180,en,FP_promptbench,0,0.8123935338523713,1,,,,
D3_02218,G_02358,en,FP_promptbench,0,0.930253067234463,1,,,,
D3_02219,G_02372,en,FP_promptbench,0,0.8871880864119598,1,,,,
D3_02220,G_02357,en,FP_promptbench,0,0.909719809313148,1,,,,
D3_02222,G_02390,en,FP_promptbench,0,0.8791878152285962,1,,,,
D3_02223,G_03228,en,FP_promptbench,0,0.9343760516373055,1,,,,
D3_02224,G_02367,en,FP_promptbench,0,0.5989273880464907,0,,,,
D3_02225,G_03230,en,FP_promptbench,0,0.9804780639881207,1,,,,
D3_02226,G_02364,en,FP_promptbench,0,0.9804182190274338,1,,,,
D3_02227,G_02363,en,FP_promptbench,0,0.7705778468222366,1,,,,
D3_02228,G_02366,en,FP_promptbench,0,0.7613086407504055,1,,,,
D3_02229,G_02360,en,FP_promptbench,0,0.21907497394977685,0,,,,
D3_02230,G_02368,en,FP_promptbench,0,0.7986497147008116,1,,,,
D3_02231,G_02369,en,FP_promptbench,0,0.9384530619591014,1,,,,
D3_02232,G_03237,en,FP_promptbench,0,0.5522315532311644,0,,,,
D3_02233,G_03238,en,FP_promptbench,0,0.3772633103613315,0,,,,
D3_02234,G_03239,en,FP_promptbench,0,0.4809200181296362,0,,,,
D3_02235,G_03240,en,FP_promptbench,0,0.653213837562901,0,,,,
D3_02236,G_03241,en,FP_promptbench,0,0.567196002718741,0,,,,
D3_02237,G_03242,en,FP_promptbench,0,0.6980554083386918,0,,,,
D3_02238,G_03219,en,FP_promptbench,0,0.6790951585819972,0,,,,
D3_02239,G_02355,en,FP_promptbench,0,0.6129415345196766,0,,,,
D3_02240,G_02354,en,FP_promptbench,0,0.7288978370160244,1,,,,
D3_02241,G_02390,en,FP_promptbench,0,0.8791878152285962,1,,,,
D3_02242,G_02367,en,FP_promptbench,0,0.5989273880464907,0,,,,
D3_02243,G_03228,en,FP_promptbench,0,0.9409952804737055,1,,,,
D3_02244,G_03249,en,FP_promptbench,0,0.6295289710722566,0,,,,
D3_02245,G_03250,en,FP_promptbench,0,0.6521530415314503,0,,,,
D3_02247,G_03251,en,FP_promptbench,0,0.6836554874298965,0,,,,
D3_02248,G_03252,en,FP_promptbench,0,0.8229192628070118,1,,,,
D3_02249,G_03253,en,FP_promptbench,0,0.6037686717182336,0,,,,
D3_02250,G_03254,en,FP_promptbench,0,0.759038996144093,1,,,,
D3_02251,G_03255,en,FP_promptbench,0,0.7494003515745934,1,,,,
D3_02252,G_02354,en,FP_promptbench,0,0.7622025840956672,1,,,,
D3_02253,G_03257,en,FP_promptbench,0,0.9489244113556253,1,,,,
D3_02254,G_02390,en,FP_promptbench,0,0.9231283334219497,1,,,,
D3_02255,G_03259,en,FP_promptbench,0,0.7230252460340115,1,,,,
D3_02256,G_03260,en,FP_promptbench,0,0.5325396772142758,0,,,,
D3_02257,G_03261,en,FP_promptbench,0,0.6804097128859433,0,,,,
D3_02258,G_03262,en,FP_promptbench,0,0.7780324025308428,1,,,,
D3_02259,G_03263,en,FP_promptbench,0,0.8655755544471657,1,,,,
D3_02260,G_03264,en,FP_promptbench,0,0.6509941173642265,0,,,,
D3_02261,G_03265,en,FP_promptbench,0,0.6725114495631227,0,,,,
D3_02262,G_03266,en,FP_promptbench,0,0.44835490358325597,0,,,,
D3_02263,G_03267,en,FP_promptbench,0,0.8393397428655646,1,,,,
D3_02264,G_03268,en,FP_promptbench,0,0.6580385213428103,0,,,,
D3_02265,G_03269,en,FP_promptbench,0,0.2641657266148903,0,,,,
D3_02266,G_03270,en,FP_promptbench,0,0.6809842099478095,0,,,,
D3_02267,G_03271,en,FP_promptbench,0,0.5488064339247879,0,,,,
D3_02349,G_03272,en,FP_promptbench,0,0.2779399259074773,0,,,,
D3_02350,G_03273,en,FP_promptbench,0,0.8628235377986903,1,,,,
D3_02351,G_03274,en,FP_promptbench,0,0.7681884977694241,1,,,,
D3_02352,G_03275,en,FP_promptbench,0,0.9582704540832105,1,,,,
D3_02353,G_03276,en,FP_promptbench,0,0.7449637429061888,1,,,,
D3_02354,G_03277,en,FP_promptbench,0,0.7140521608438654,1,,,,
D3_02355,G_02239,en,FP_promptbench,0,0.792593003825765,1,,,,
D3_02356,G_03279,en,FP_promptbench,0,0.95880633534946,1,,,,
D3_02357,G_02245,en,FP_promptbench,0,0.8779302362760705,1,,,,
D3_02358,G_03281,en,FP_promptbench,0,0.9807691875770577,1,,,,
D3_02359,G_03178,en,FP_promptbench,0,0.8875535999339357,1,,,,
D3_02360,G_04642,en,FP_promptbench,0,0.786531896559637,1,,,,
D3_02361,G_03284,en,FP_promptbench,0,0.7231461241094715,1,,,,
D3_02362,G_03285,en,FP_promptbench,0,0.6413089083713261,0,,,,
D3_02363,G_02238,en,FP_promptbench,0,0.9529565175777336,1,,,,
D3_02364,G_03287,en,FP_promptbench,0,0.9610629383017811,1,,,,
D3_02365,G_03178,en,FP_promptbench,0,0.9189322095441224,1,,,,
D3_02368,G_03289,en,FP_promptbench,0,0.900435325785895,1,,,,
D3_02371,G_03178,en,FP_promptbench,0,0.8715823887174924,1,,,,
D3_02372,G_04642,en,FP_promptbench,0,0.8515544590632633,1,,,,
D3_02373,G_03292,en,FP_promptbench,0,0.8843746830192727,1,,,,
D3_02374,G_03293,en,FP_promptbench,0,0.6648573209476434,0,,,,
D3_02376,G_03281,en,FP_promptbench,0,0.9737850708548837,1,,,,
D3_02377,G_03295,en,FP_promptbench,0,0.9322217406339245,1,,,,
D3_02378,G_03296,en,FP_promptbench,0,0.8054876483675498,1,,,,
D3_02379,G_03297,en,FP_promptbench,0,0.3963959534724122,0,,,,
D3_02381,G_02245,en,FP_promptbench,0,0.8680873339941595,1,,,,
D3_02382,G_03299,en,FP_promptbench,0,0.9631683651861606,1,,,,
D3_02383,G_03178,en,FP_promptbench,0,0.8503735022336432,1,,,,
D3_02384,G_03301,en,FP_promptbench,0,0.7070129160251489,1,,,,
D3_02465,G_03302,en,FP_promptbench,0,0.9765264000177167,1,,,,
D3_02466,G_03303,en,FP_promptbench,0,0.9101931168302481,1,,,,
D3_02467,G_03304,en,FP_promptbench,0,0.6676529790787811,0,,,,
D3_02468,G_03305,en,FP_promptbench,0,0.9243199069463647,1,,,,
D3_02469,G_03306,en,FP_promptbench,0,0.9397429262878894,1,,,,
D3_02470,G_03307,en,FP_promptbench,0,0.949507836756839,1,,,,
D3_02471,G_02521,en,FP_promptbench,0,0.9949198183212103,1,,,,
D3_02472,G_02519,en,FP_promptbench,0,0.9853707123100188,1,,,,
D3_02473,G_03310,en,FP_promptbench,0,0.8706975483103512,1,,,,
D3_02474,G_02504,en,FP_promptbench,0,0.9638643836813637,1,,,,
D3_02475,G_02511,en,FP_promptbench,0,0.9516722993676977,1,,,,
D3_02476,G_02512,en,FP_promptbench,0,0.9768885647993523,1,,,,
D3_02477,G_02521,en,FP_promptbench,0,0.9924812762943901,1,,,,
D3_02478,G_02519,en,FP_promptbench,0,0.9749089962088514,1,,,,
D3_02479,G_03316,en,FP_promptbench,0,0.7918226772524667,1,,,,
D3_02481,G_02504,en,FP_promptbench,0,0.8813463836439838,1,,,,
D3_02482,G_02512,en,FP_promptbench,0,0.9483947466199725,1,,,,
D3_02483,G_03319,en,FP_promptbench,0,0.9952017113592401,1,,,,
D3_02484,G_02519,en,FP_promptbench,0,0.9868883218251258,1,,,,
D3_02485,G_03321,en,FP_promptbench,0,0.8973518322532017,1,,,,
D3_02487,G_03322,en,FP_promptbench,0,0.9687892635467282,1,,,,
D3_02488,G_03323,en,FP_promptbench,0,0.9812331473938218,1,,,,
D3_02489,G_03324,en,FP_promptbench,0,0.6946740480929029,0,,,,
D3_02490,G_03325,en,FP_promptbench,0,0.8423627424569423,1,,,,
D3_02491,G_03326,en,FP_promptbench,0,0.7054545839228357,0,,,,
D3_02492,G_03327,en,FP_promptbench,0,0.9689591188168949,1,,,,
D3_02493,G_03328,en,FP_promptbench,0,0.8998572566905391,1,,,,
D3_02494,G_02512,en,FP_promptbench,0,0.9850282017047615,1,,,,
D3_02495,G_03330,en,FP_promptbench,0,0.5156453372640942,0,,,,
D3_02496,G_03331,en,FP_promptbench,0,0.8136791136445721,1,,,,
D3_02497,G_03332,en,FP_promptbench,0,0.6572805137753577,0,,,,
D3_02498,G_03333,en,FP_promptbench,0,0.9549931053212779,1,,,,
D3_02499,G_03334,en,FP_promptbench,0,0.9412176638659953,1,,,,
D3_02500,G_03335,en,FP_promptbench,0,0.9874555951594735,1,,,,
D3_02561,G_03336,en,FP_promptbench,0,0.963886384595048,1,,,,
D3_02562,G_03337,en,FP_promptbench,0,0.92058021761794,1,,,,
D3_02563,G_03338,en,FP_promptbench,0,0.9639026023546826,1,,,,
D3_02564,G_03339,en,FP_promptbench,0,0.9608502788019361,1,,,,
D3_02565,G_03340,en,FP_promptbench,0,0.9943897574084374,1,,,,
D3_02569,G_02610,en,FP_promptbench,0,0.9748105581306538,1,,,,
D3_02570,G_03342,en,FP_promptbench,0,0.9743676793877672,1,,,,
D3_02581,G_03343,en,FP_promptbench,0,0.9318390876196684,1,,,,
D3_02582,G_03344,en,FP_promptbench,0,0.9499720592998344,1,,,,
D3_02583,G_03345,en,FP_promptbench,0,0.9719030912070021,1,,,,
D3_02584,G_03346,en,FP_promptbench,0,0.9953397384143392,1,,,,
D3_02585,G_03347,en,FP_promptbench,0,0.8868022157528583,1,,,,
D3_02586,G_03348,en,FP_promptbench,0,0.9736513878364452,1,,,,
D3_02587,G_03336,en,FP_promptbench,0,0.9630685687165271,1,,,,
D3_02588,G_03337,en,FP_promptbench,0,0.9198353312070426,1,,,,
D3_02589,G_03338,en,FP_promptbench,0,0.9634803689234517,1,,,,
D3_02590,G_02616,en,FP_promptbench,0,0.9976675821704901,1,,,,
D3_02591,G_02620,en,FP_promptbench,0,0.9921966380879346,1,,,,
D3_02592,G_02617,en,FP_promptbench,0,0.9900471341793107,1,,,,
D3_02593,G_03355,en,FP_promptbench,0,0.9268354869975424,1,,,,
D3_02594,G_03356,en,FP_promptbench,0,0.9494044517799978,1,,,,
D3_02595,G_03357,en,FP_promptbench,0,0.793340054733367,1,,,,
D3_02596,G_03358,en,FP_promptbench,0,0.9825173969523248,1,,,,
D3_02597,G_03359,en,FP_promptbench,0,0.9891842000315921,1,,,,
D3_02598,G_03360,en,FP_promptbench,0,0.9419686222501583,1,,,,
D3_02599,G_03361,en,FP_promptbench,0,0.9556780262657597,1,,,,
D3_02600,G_03362,en,FP_promptbench,0,0.9169553793371715,1,,,,
D3_02601,G_03338,en,FP_promptbench,0,0.9704210612918194,1,,,,
D3_02602,G_02616,en,FP_promptbench,0,0.9978567069567864,1,,,,
D3_02603,G_02620,en,FP_promptbench,0,0.9931806264930136,1,,,,
D3_02604,G_03366,en,FP_promptbench,0,0.9914039307082231,1,,,,
D3_02605,G_03367,en,FP_promptbench,0,0.9261315094686994,1,,,,
D3_02606,G_03368,en,FP_promptbench,0,0.9667463706045556,1,,,,
D3_02607,G_03369,en,FP_promptbench,0,0.8963537921919745,1,,,,
D3_02608,G_03370,en,FP_promptbench,0,0.9825169431476597,1,,,,
D3_02609,G_03371,en,FP_promptbench,0,0.9755308066158661,1,,,,
D3_02610,G_03372,en,FP_promptbench,0,0.9696366871625123,1,,,,
D3_02611,G_03373,en,FP_promptbench,0,0.744459525967168,1,,,,
D3_02612,G_03374,en,FP_promptbench,0,0.8794832673114584,1,,,,
D3_02613,G_03375,en,FP_promptbench,0,0.7316156787689411,1,,,,
D3_02614,G_03376,en,FP_promptbench,0,0.9696890801463242,1,,,,
D3_02615,G_03377,en,FP_promptbench,0,0.9158738150928293,1,,,,
D3_02616,G_03378,en,FP_promptbench,0,0.8289892224838565,1,,,,
D3_02677,G_02726,en,FP_promptbench,0,0.5803223345957881,0,,,,
D3_02678,G_03915,en,FP_promptbench,0,0.9722334462465474,1,,,,
D3_02679,G_02752,en,FP_promptbench,0,0.7872315302952599,1,,,,
D3_02680,G_03382,en,FP_promptbench,0,0.9146362772727021,1,,,,
D3_02681,G_02725,en,FP_promptbench,0,0.6335510580331595,0,,,,
D3_02682,G_03384,en,FP_promptbench,0,0.9525920820138436,1,,,,
D3_02683,G_02825,en,FP_promptbench,0,0.9821822138323941,1,,,,
D3_02684,G_02721,en,FP_promptbench,0,0.8238334069755037,1,,,,
D3_02685,G_03387,en,FP_promptbench,0,0.9028734486320967,1,,,,
D3_02686,G_02827,en,FP_promptbench,0,0.8662991757182165,1,,,,
D3_02687,G_02738,en,FP_promptbench,0,0.9367756024122631,1,,,,
D3_02688,G_02731,en,FP_promptbench,0,0.6681470780654898,0,,,,
D3_02689,G_02733,en,FP_promptbench,0,0.6648486080658118,0,,,,
D3_02690,G_02735,en,FP_promptbench,0,0.9607375274123836,1,,,,
D3_02691,G_02732,en,FP_promptbench,0,0.9802221709352752,1,,,,
D3_02692,G_02760,en,FP_promptbench,0,0.8909021510152909,1,,,,
D3_02693,G_02730,en,FP_promptbench,0,0.9806582925321021,1,,,,
D3_02694,G_02737,en,FP_promptbench,0,0.977567267573951,1,,,,
D3_02695,G_02734,en,FP_promptbench,0,0.9961203174199227,1,,,,
D3_02696,G_02736,en,FP_promptbench,0,0.9863292450079911,1,,,,
D3_02697,G_03399,en,FP_promptbench,0,0.5031864581227925,0,,,,
D3_02698,G_03400,en,FP_promptbench,0,0.9647294544179735,1,,,,
D3_02699,G_03401,en,FP_promptbench,0,0.3792987944066228,0,,,,
D3_02700,G_03402,en,FP_promptbench,0,0.9379374272717962,1,,,,
D3_02701,G_03403,en,FP_promptbench,0,0.47424646860823844,0,,,,
D3_02702,G_03404,en,FP_promptbench,0,0.6896458413222577,0,,,,
D3_02703,G_02726,en,FP_promptbench,0,0.529581010754607,0,,,,
D3_02704,G_03915,en,FP_promptbench,0,0.9713415974207313,1,,,,
D3_02705,G_03407,en,FP_promptbench,0,0.787026160726636,1,,,,
D3_02706,G_02738,en,FP_promptbench,0,0.9332546002522909,1,,,,
D3_02707,G_02731,en,FP_promptbench,0,0.6681470780654898,0,,,,
D3_02708,G_02733,en,FP_promptbench,0,0.6739154332804799,0,,,,
D3_02709,G_03411,en,FP_promptbench,0,0.9735870361798766,1,,,,
D3_02710,G_03412,en,FP_promptbench,0,0.5391058768910791,0,,,,
D3_02711,G_03413,en,FP_promptbench,0,0.7373369308780484,1,,,,
D3_02712,G_03414,en,FP_promptbench,0,0.8512243880635185,1,,,,
D3_02713,G_03415,en,FP_promptbench,0,0.6497903043976122,0,,,,
D3_02714,G_02733,en,FP_promptbench,0,0.6858264647019889,0,,,,
D3_02715,G_03417,en,FP_promptbench,0,0.975878761028325,1,,,,
D3_02716,G_03418,en,FP_promptbench,0,0.698808268950387,0,,,,
D3_02717,G_02757,en,FP_promptbench,0,0.8688278443560037,1,,,,
D3_02718,G_03420,en,FP_promptbench,0,0.9205684090590375,1,,,,
D3_02719,G_02762,en,FP_promptbench,0,0.7128778313942802,1,,,,
D3_02720,G_02733,en,FP_promptbench,0,0.7816588101600954,1,,,,
D3_02721,G_03423,en,FP_promptbench,0,0.9600284042488139,1,,,,
D3_02722,G_03424,en,FP_promptbench,0,0.39250481715301017,0,,,,
D3_02723,G_03425,en,FP_promptbench,0,0.8716321061421272,1,,,,
D3_02724,G_03426,en,FP_promptbench,0,0.9272608421757011,1,,,,
D3_02725,G_03427,en,FP_promptbench,0,0.7975705605215151,1,,,,
D3_02726,G_03428,en,FP_promptbench,0,0.6043380048046548,0,,,,
D3_02727,G_03429,en,FP_promptbench,0,0.8845699591025612,1,,,,
D3_02728,G_03430,en,FP_promptbench,0,0.7465211945995964,1,,,,
D3_02729,G_03431,en,FP_promptbench,0,0.3967612317186652,0,,,,
D3_02730,G_03432,en,FP_promptbench,0,0.9324681005815383,1,,,,
D3_02731,G_03433,en,FP_promptbench,0,0.6070384396468035,0,,,,
D3_02732,G_03434,en,FP_promptbench,0,0.8370627819378809,1,,,,
D3_02813,G_03435,en,FP_promptbench,0,0.9015027891531099,1,,,,
D3_02814,G_03436,en,FP_promptbench,0,0.8297814988544684,1,,,,
D3_02815,G_03437,en,FP_promptbench,0,0.9563708053404282,1,,,,
D3_02816,G_03438,en,FP_promptbench,0,0.7055524698035786,0,,,,
D3_02817,G_03439,en,FP_promptbench,0,0.8906222857382307,1,,,,
D3_02818,G_03440,en,FP_promptbench,0,0.9269681920640566,1,,,,
D3_02819,G_03441,en,FP_promptbench,0,0.9821035243894515,1,,,,
D3_02820,G_03384,en,FP_promptbench,0,0.9505840806145031,1,,,,
D3_02821,G_03382,en,FP_promptbench,0,0.8966043105695903,1,,,,
D3_02822,G_03444,en,FP_promptbench,0,0.9959766756900085,1,,,,
D3_02823,G_02760,en,FP_promptbench,0,0.8887189202358593,1,,,,
D3_02824,G_03446,en,FP_promptbench,0,0.9371748895211521,1,,,,
D3_02825,G_02825,en,FP_promptbench,0,0.9937535901700871,1,,,,
D3_02827,G_03382,en,FP_promptbench,0,0.9517782140137514,1,,,,
D3_02828,G_03449,en,FP_promptbench,0,0.8676890906789457,1,,,,
D3_02829,G_03450,en,FP_promptbench,0,0.9916338723791489,1,,,,
D3_02830,G_03451,en,FP_promptbench,0,0.8334005658150236,1,,,,
D3_02831,G_03452,en,FP_promptbench,0,0.9848280560707068,1,,,,
D3_02832,G_02837,en,FP_promptbench,0,0.9682510899611971,1,,,,
D3_02833,G_03454,en,FP_promptbench,0,0.9334240940696331,1,,,,
D3_02834,G_03455,en,FP_promptbench,0,0.9964327455118566,1,,,,
D3_02835,G_03456,en,FP_promptbench,0,0.9577131339079263,1,,,,
D3_02836,G_02760,en,FP_promptbench,0,0.9336943659604534,1,,,,
D3_02837,G_03458,en,FP_promptbench,0,0.9590708712607695,1,,,,
D3_02838,G_03459,en,FP_promptbench,0,0.9423629663505654,1,,,,
D3_02839,G_03460,en,FP_promptbench,0,0.9565771528231626,1,,,,
D3_02840,G_03461,en,FP_promptbench,0,0.9916593064661876,1,,,,
D3_02841,G_03462,en,FP_promptbench,0,0.9554032275374263,1,,,,
D3_02842,G_03463,en,FP_promptbench,0,0.7602066088181586,1,,,,
D3_02843,G_03464,en,FP_promptbench,0,0.9694621470871331,1,,,,
D3_02844,G_03465,en,FP_promptbench,0,0.9652186180120529,1,,,,
D3_02845,G_03466,en,FP_promptbench,0,0.9465546691514788,1,,,,
D3_02846,G_03467,en,FP_promptbench,0,0.7337834198455957,1,,,,
D3_02847,G_03468,en,FP_promptbench,0,0.878509994226725,1,,,,
D3_02848,G_03469,en,FP_promptbench,0,0.9716700988293396,1,,,,
D3_02909,G_03470,en,FP_promptbench,0,0.9910561620506312,1,,,,
D3_02910,G_02855,en,FP_promptbench,0,0.9692106317223308,1,,,,
D3_02911,G_02861,en,FP_promptbench,0,0.9627079269875485,1,,,,
D3_02912,G_04786,en,FP_promptbench,0,0.9810017304617228,1,,,,
D3_02913,G_02854,en,FP_promptbench,0,0.5270742873803508,0,,,,
D3_02914,G_02860,en,FP_promptbench,0,0.8708799842138897,1,,,,
D3_02915,G_02858,en,FP_promptbench,0,0.7012684053638858,0,,,,
D3_02916,G_02863,en,FP_promptbench,0,0.9685764132479517,1,,,,
D3_02917,G_02859,en,FP_promptbench,0,0.5150706412797734,0,,,,
D3_02918,G_02862,en,FP_promptbench,0,0.9862571911294638,1,,,,
D3_02919,G_02864,en,FP_promptbench,0,0.9970170978157309,1,,,,
D3_02920,G_03481,en,FP_promptbench,0,0.8831165467596824,1,,,,
D3_02921,G_02866,en,FP_promptbench,0,0.9790556397939186,1,,,,
D3_02922,G_02871,en,FP_promptbench,0,0.906788992858808,1,,,,
D3_02923,G_02865,en,FP_promptbench,0,0.9857365320420359,1,,,,
D3_02924,G_02872,en,FP_promptbench,0,0.9675496437315075,1,,,,
D3_02925,G_02873,en,FP_promptbench,0,0.9894188430869962,1,,,,
D3_02926,G_02867,en,FP_promptbench,0,0.9501831816256283,1,,,,
D3_02927,G_02869,en,FP_promptbench,0,0.8408688878100936,1,,,,
D3_02928,G_02868,en,FP_promptbench,0,0.9979898350363371,1,,,,
D3_02929,G_03490,en,FP_promptbench,0,0.9578601974723768,1,,,,
D3_02930,G_03491,en,FP_promptbench,0,0.7369501684349293,1,,,,
D3_02931,G_03492,en,FP_promptbench,0,0.9773819889512806,1,,,,
D3_02932,G_03493,en,FP_promptbench,0,0.9408641445903878,1,,,,
D3_02933,G_03494,en,FP_promptbench,0,0.5188698493339086,0,,,,
D3_02934,G_03495,en,FP_promptbench,0,0.9684268399762164,1,,,,
D3_02935,G_03496,en,FP_promptbench,0,0.9910561620506312,1,,,,
D3_02936,G_03497,en,FP_promptbench,0,0.9627079269875485,1,,,,
D3_02937,G_03498,en,FP_promptbench,0,0.9680702646803632,1,,,,
D3_02938,G_03499,en,FP_promptbench,0,0.8831165467596824,1,,,,
D3_02939,G_02864,en,FP_promptbench,0,0.9969009187450151,1,,,,
D3_02940,G_02866,en,FP_promptbench,0,0.9790556397939186,1,,,,
D3_02941,G_03470,en,FP_promptbench,0,0.966746971249326,1,,,,
D3_02942,G_03503,en,FP_promptbench,0,0.9383299874868484,1,,,,
D3_02943,G_03504,en,FP_promptbench,0,0.9535614826683496,1,,,,
D3_02944,G_03505,en,FP_promptbench,0,0.9953760530057456,1,,,,
D3_02945,G_03506,en,FP_promptbench,0,0.7576080730086772,1,,,,
D3_02946,G_03507,en,FP_promptbench,0,0.8673344329767595,1,,,,
D3_02947,G_03508,en,FP_promptbench,0,0.9918145561332801,1,,,,
D3_02948,G_02893,en,FP_promptbench,0,0.9711714473778821,1,,,,
D3_02949,G_03510,en,FP_promptbench,0,0.8769673265722319,1,,,,
D3_02950,G_03511,en,FP_promptbench,0,0.9895946042808725,1,,,,
D3_02951,G_03512,en,FP_promptbench,0,0.9241820218318477,1,,,,
D3_02952,G_02896,en,FP_promptbench,0,0.9534480125626448,1,,,,
D3_02953,G_03470,en,FP_promptbench,0,0.9803139465813775,1,,,,
D3_02954,G_03515,en,FP_promptbench,0,0.9745735367970662,1,,,,
D3_02955,G_03516,en,FP_promptbench,0,0.8210391840982688,1,,,,
D3_02956,G_03517,en,FP_promptbench,0,0.995965446157108,1,,,,
D3_02957,G_03518,en,FP_promptbench,0,0.7097526671973095,1,,,,
D3_02958,G_03519,en,FP_promptbench,0,0.9609773470276879,1,,,,
D3_02959,G_03520,en,FP_promptbench,0,0.6658568499871347,0,,,,
D3_02960,G_03521,en,FP_promptbench,0,0.9157888346909434,1,,,,
D3_02961,G_03522,en,FP_promptbench,0,0.9686840998793996,1,,,,
D3_02962,G_03523,en,FP_promptbench,0,0.9940459146991363,1,,,,
D3_02963,G_03524,en,FP_promptbench,0,0.7302263451609983,1,,,,
D3_02964,G_03525,en,FP_promptbench,0,0.9592227358060853,1,,,,
D3_03045,G_03526,en,FP_promptbench,0,0.8519529211621332,1,,,,
D3_03046,G_03527,en,FP_promptbench,0,0.7253021748842754,1,,,,
D3_03047,G_03528,en,FP_promptbench,0,0.33705814785991284,0,,,,
D3_03048,G_03529,en,FP_promptbench,0,0.8068673134251797,1,,,,
D3_03049,G_03530,en,FP_promptbench,0,0.9075315503752729,1,,,,
D3_03050,G_03531,en,FP_promptbench,0,0.9420957459290158,1,,,,
D3_03051,G_01667,en,FP_promptbench,0,0.8966469380941376,1,,,,
D3_03052,G_01663,en,FP_promptbench,0,0.811371591846654,1,,,,
D3_03053,G_02968,en,FP_promptbench,0,0.5166725361813721,0,,,,
D3_03054,G_02971,en,FP_promptbench,0,0.89125486972851,1,,,,
D3_03055,G_01679,en,FP_promptbench,0,0.7567472885170445,1,,,,
D3_03056,G_01698,en,FP_promptbench,0,0.7649481733171138,1,,,,
D3_03057,G_03538,en,FP_promptbench,0,0.9183377629622759,1,,,,
D3_03058,G_03539,en,FP_promptbench,0,0.7679168418759195,1,,,,
D3_03059,G_03540,en,FP_promptbench,0,0.5781260199320919,0,,,,
D3_03060,G_03541,en,FP_promptbench,0,0.896115884123096,1,,,,
D3_03061,G_03542,en,FP_promptbench,0,0.826762120595908,1,,,,
D3_03062,G_03543,en,FP_promptbench,0,0.5582814348313405,0,,,,
D3_03063,G_03544,en,FP_promptbench,0,0.9245777379329648,1,,,,
D3_03064,G_01663,en,FP_promptbench,0,0.8614419480500344,1,,,,
D3_03065,G_03546,en,FP_promptbench,0,0.6853328181455961,0,,,,
D3_03066,G_03002,en,FP_promptbench,0,0.9253479370706639,1,,,,
D3_03067,G_03548,en,FP_promptbench,0,0.8168552531772207,1,,,,
D3_03069,G_03549,en,FP_promptbench,0,0.6440567725202286,0,,,,
D3_03070,G_03550,en,FP_promptbench,0,0.7814208618969851,1,,,,
D3_03071,G_03551,en,FP_promptbench,0,0.664770271871879,0,,,,
D3_03072,G_03552,en,FP_promptbench,0,0.9404360239568827,1,,,,
D3_03073,G_03553,en,FP_promptbench,0,0.7605792411426986,1,,,,
D3_03074,G_03554,en,FP_promptbench,0,0.859902425040424,1,,,,
D3_03075,G_03555,en,FP_promptbench,0,0.37699553285339865,0,,,,
D3_03076,G_03556,en,FP_promptbench,0,0.6529955927570726,0,,,,
D3_03077,G_03557,en,FP_promptbench,0,0.24569173328313249,0,,,,
D3_03078,G_03558,en,FP_promptbench,0,0.7351269190867809,1,,,,
D3_03079,G_03559,en,FP_promptbench,0,0.6398900993475751,0,,,,
D3_03080,G_03560,en,FP_promptbench,0,0.9713365048004249,1,,,,
D3_03161,G_03561,en,FP_promptbench,0,0.5209880573950799,0,,,,
D3_03162,G_03562,en,FP_promptbench,0,0.5060864129429179,0,,,,
D3_03163,G_03563,en,FP_promptbench,0,0.6092006523840253,0,,,,
D3_03164,G_03564,en,FP_promptbench,0,0.9531335257020721,1,,,,
D3_03165,G_03565,en,FP_promptbench,0,0.8052145465029421,1,,,,
D3_03166,G_03566,en,FP_promptbench,0,0.7764462638427646,1,,,,
D3_03167,G_03023,en,FP_promptbench,0,0.7331562802600895,1,,,,
D3_03168,G_03579,en,FP_promptbench,0,0.8601011820674966,1,,,,
D3_03169,G_01816,en,FP_promptbench,0,0.7800578627937165,1,,,,
D3_03170,G_01819,en,FP_promptbench,0,0.9739156423018499,1,,,,
D3_03171,G_01794,en,FP_promptbench,0,0.7854322447928056,1,,,,
D3_03172,G_03045,en,FP_promptbench,0,0.8656417861958239,1,,,,
D3_03173,G_03573,en,FP_promptbench,0,0.6752705816301501,0,,,,
D3_03174,G_03574,en,FP_promptbench,0,0.8572418714232031,1,,,,
D3_03175,G_03575,en,FP_promptbench,0,0.5600148518522265,0,,,,
D3_03176,G_03576,en,FP_promptbench,0,0.9458598505296959,1,,,,
D3_03177,G_03577,en,FP_promptbench,0,0.824216762093668,1,,,,
D3_03179,G_03578,en,FP_promptbench,0,0.7700824997959871,1,,,,
D3_03180,G_03579,en,FP_promptbench,0,0.8294560193831185,1,,,,
D3_03181,G_01816,en,FP_promptbench,0,0.7950153963871315,1,,,,
D3_03183,G_03581,en,FP_promptbench,0,0.8151098932203874,1,,,,
D3_03184,G_03058,en,FP_promptbench,0,0.8515919698941941,1,,,,
D3_03185,G_03583,en,FP_promptbench,0,0.7440967952873548,1,,,,
D3_03186,G_03584,en,FP_promptbench,0,0.7089226614866674,1,,,,
D3_03187,G_03585,en,FP_promptbench,0,0.39959548305463644,0,,,,
D3_03188,G_03586,en,FP_promptbench,0,0.9485797408040816,1,,,,
D3_03189,G_03587,en,FP_promptbench,0,0.7517455238786279,1,,,,
D3_03191,G_03588,en,FP_promptbench,0,0.5247204551774722,0,,,,
D3_03192,G_03589,en,FP_promptbench,0,0.6566396269759139,0,,,,
D3_03193,G_03590,en,FP_promptbench,0,0.5394503818523861,0,,,,
D3_03194,G_03591,en,FP_promptbench,0,0.865197096770671,1,,,,
D3_03195,G_03592,en,FP_promptbench,0,0.8650009612658476,1,,,,
D3_03277,G_03593,en,FP_promptbench,0,0.614037325749038,0,,,,
D3_03278,G_01897,en,FP_promptbench,0,0.9652881976495004,1,,,,
D3_03279,G_03595,en,FP_promptbench,0,0.5313851162845482,0,,,,
D3_03280,G_03596,en,FP_promptbench,0,0.6211091625556889,0,,,,
D3_03281,G_03597,en,FP_promptbench,0,0.7268979755770496,1,,,,
D3_03282,G_03598,en,FP_promptbench,0,0.872133220960811,1,,,,
D3_03283,G_03599,en,FP_promptbench,0,0.8576023971177563,1,,,,
D3_03284,G_01897,en,FP_promptbench,0,0.9371316591278606,1,,,,
D3_03285,G_03601,en,FP_promptbench,0,0.5007867514301045,0,,,,
D3_03286,G_01907,en,FP_promptbench,0,0.9179247838058496,1,,,,
D3_03287,G_03603,en,FP_promptbench,0,0.8875100792353375,1,,,,
D3_03288,G_01906,en,FP_promptbench,0,0.8543198657931482,1,,,,
D3_03289,G_03605,en,FP_promptbench,0,0.8258147576073034,1,,,,
D3_03290,G_03606,en,FP_promptbench,0,0.9208990712163884,1,,,,
D3_03291,G_03601,en,FP_promptbench,0,0.45634753969264913,0,,,,
D3_03292,G_03608,en,FP_promptbench,0,0.8886227460130086,1,,,,
D3_03294,G_03609,en,FP_promptbench,0,0.9336914899665554,1,,,,
D3_03295,G_01898,en,FP_promptbench,0,0.8446719512153738,1,,,,
D3_03296,G_01897,en,FP_promptbench,0,0.9149085936986499,1,,,,
D3_03297,G_03601,en,FP_promptbench,0,0.6006589374218901,0,,,,
D3_03298,G_01907,en,FP_promptbench,0,0.8717138831260215,1,,,,
D3_03299,G_03603,en,FP_promptbench,0,0.8661131611875662,1,,,,
D3_03300,G_01906,en,FP_promptbench,0,0.8393566826565547,1,,,,
D3_03301,G_03616,en,FP_promptbench,0,0.771537092386151,1,,,,
D3_03302,G_03617,en,FP_promptbench,0,0.8523926051221082,1,,,,
D3_03303,G_03601,en,FP_promptbench,0,0.4509982346822635,0,,,,
D3_03304,G_03619,en,FP_promptbench,0,0.8127051977952601,1,,,,
D3_03305,G_03603,en,FP_promptbench,0,0.9106671501281225,1,,,,
D3_03306,G_03621,en,FP_promptbench,0,0.834461392386136,1,,,,
D3_03307,G_03622,en,FP_promptbench,0,0.709368405116919,1,,,,
D3_03308,G_03623,en,FP_promptbench,0,0.9030324289921782,1,,,,
D3_03309,G_03624,en,FP_promptbench,0,0.21591753459112273,0,,,,
D3_03310,G_03625,en,FP_promptbench,0,0.7720737945783962,1,,,,
D3_03311,G_03626,en,FP_promptbench,0,0.922399775491568,1,,,,
D3_03312,G_03627,en,FP_promptbench,0,0.7546499029578014,1,,,,
D3_03393,G_03628,en,FP_promptbench,0,0.9247842812624221,1,,,,
D3_03394,G_03629,en,FP_promptbench,0,0.9635674839805571,1,,,,
D3_03395,G_03630,en,FP_promptbench,0,0.8921884589910282,1,,,,
D3_03396,G_03631,en,FP_promptbench,0,0.9170615774550636,1,,,,
D3_03397,G_03632,en,FP_promptbench,0,0.9840409227606483,1,,,,
D3_03398,G_03633,en,FP_promptbench,0,0.9760508871429943,1,,,,
D3_03399,G_03634,en,FP_promptbench,0,0.9895426643373236,1,,,,
D3_03400,G_02011,en,FP_promptbench,0,0.9847156248814131,1,,,,
D3_03401,G_02008,en,FP_promptbench,0,0.9444766050419734,1,,,,
D3_03402,G_02018,en,FP_promptbench,0,0.9774504416328421,1,,,,
D3_03403,G_02015,en,FP_promptbench,0,0.9969006746937915,1,,,,
D3_03404,G_03639,en,FP_promptbench,0,0.9964434383231474,1,,,,
D3_03405,G_03640,en,FP_promptbench,0,0.8944636209808531,1,,,,
D3_03406,G_03641,en,FP_promptbench,0,0.9512268319856954,1,,,,
D3_03407,G_03642,en,FP_promptbench,0,0.7688902746671372,1,,,,
D3_03408,G_03643,en,FP_promptbench,0,0.9508283189195568,1,,,,
D3_03409,G_03644,en,FP_promptbench,0,0.9906582252436013,1,,,,
D3_03410,G_03645,en,FP_promptbench,0,0.9950920265637904,1,,,,
D3_03411,G_03634,en,FP_promptbench,0,0.9820887848948304,1,,,,
D3_03413,G_03647,en,FP_promptbench,0,0.9425356514495401,1,,,,
D3_03414,G_02018,en,FP_promptbench,0,0.9665636254778979,1,,,,
D3_03416,G_03639,en,FP_promptbench,0,0.9928371321572919,1,,,,
D3_03417,G_03650,en,FP_promptbench,0,0.9245767707992926,1,,,,
D3_03418,G_03651,en,FP_promptbench,0,0.9869046302217817,1,,,,
D3_03419,G_03652,en,FP_promptbench,0,0.9495785677005391,1,,,,
D3_03420,G_03653,en,FP_promptbench,0,0.8749752377820493,1,,,,
D3_03421,G_03654,en,FP_promptbench,0,0.9964249023852723,1,,,,
D3_03422,G_03655,en,FP_promptbench,0,0.9931325500191874,1,,,,
D3_03423,G_03656,en,FP_promptbench,0,0.9023605106500112,1,,,,
D3_03424,G_03657,en,FP_promptbench,0,0.7725978723491237,1,,,,
D3_03425,G_03658,en,FP_promptbench,0,0.6907868521051372,0,,,,
D3_03426,G_03659,en,FP_promptbench,0,0.9183560359842535,1,,,,
D3_03427,G_03660,en,FP_promptbench,0,0.9711372534606245,1,,,,
D3_03428,G_03661,en,FP_promptbench,0,0.9693420516489735,1,,,,
D3_03510,G_03662,en,FP_promptbench,0,0.805338651241698,1,,,,
D3_03511,G_03663,en,FP_promptbench,0,0.3418810640732261,0,,,,
D3_03512,G_03664,en,FP_promptbench,0,0.17957832884558353,0,,,,
D3_03513,G_03665,en,FP_promptbench,0,0.9586037497582797,1,,,,
D3_03514,G_03666,en,FP_promptbench,0,0.9666548849795683,1,,,,
D3_03515,G_03667,en,FP_promptbench,0,0.8006703481723643,1,,,,
D3_03516,G_02120,en,FP_promptbench,0,0.9665836800092342,1,,,,
D3_03517,G_02125,en,FP_promptbench,0,0.43724118304017767,0,,,,
D3_03518,G_02154,en,FP_promptbench,0,0.26214500696952286,0,,,,
D3_03519,G_02133,en,FP_promptbench,0,0.9673654657646709,1,,,,
D3_03520,G_02150,en,FP_promptbench,0,0.9564432881477095,1,,,,
D3_03521,G_03685,en,FP_promptbench,0,0.9301697498951046,1,,,,
D3_03522,G_03674,en,FP_promptbench,0,0.830190315939438,1,,,,
D3_03523,G_03675,en,FP_promptbench,0,0.4232529940858064,0,,,,
D3_03524,G_02154,en,FP_promptbench,0,0.24002077793046817,0,,,,
D3_03525,G_03677,en,FP_promptbench,0,0.9430018751453058,1,,,,
D3_03526,G_03678,en,FP_promptbench,0,0.9830181101835359,1,,,,
D3_03527,G_03679,en,FP_promptbench,0,0.8348393930564868,1,,,,
D3_03528,G_03680,en,FP_promptbench,0,0.973086977478684,1,,,,
D3_03529,G_03681,en,FP_promptbench,0,0.6140400296600175,0,,,,
D3_03530,G_02154,en,FP_promptbench,0,0.37980316454781815,0,,,,
D3_03531,G_03683,en,FP_promptbench,0,0.9757948705102459,1,,,,
D3_03532,G_02150,en,FP_promptbench,0,0.9615286389180517,1,,,,
D3_03533,G_03685,en,FP_promptbench,0,0.9221151801674997,1,,,,
D3_03534,G_03686,en,FP_promptbench,0,0.8291096442090355,1,,,,
D3_03535,G_03687,en,FP_promptbench,0,0.4599263086084937,0,,,,
D3_03536,G_03688,en,FP_promptbench,0,0.12798358045443586,0,,,,
D3_03537,G_03689,en,FP_promptbench,0,0.8910057003169133,1,,,,
D3_03538,G_03690,en,FP_promptbench,0,0.9504686722604694,1,,,,
D3_03539,G_03691,en,FP_promptbench,0,0.9312054612204534,1,,,,
D3_03540,G_03692,en,FP_promptbench,0,0.5960597065414452,0,,,,
D3_03541,G_03693,en,FP_promptbench,0,0.3053629568698827,0,,,,
D3_03542,G_03694,en,FP_promptbench,0,0.9600847052942824,1,,,,
D3_03543,G_03695,en,FP_promptbench,0,0.9239802302829881,1,,,,
D3_03544,G_03696,en,FP_promptbench,0,0.8536397176017365,1,,,,
D3_03626,G_03697,en,FP_promptbench,0,0.5701112869407333,0,,,,
D3_03627,G_03698,en,FP_promptbench,0,0.6651663672292888,0,,,,
D3_03628,G_03699,en,FP_promptbench,0,0.7078237517175979,1,,,,
D3_03629,G_03700,en,FP_promptbench,0,0.9044453440419197,1,,,,
D3_03630,G_03701,en,FP_promptbench,0,0.699690237664424,0,,,,
D3_03631,G_03702,en,FP_promptbench,0,0.8024433256871557,1,,,,
D3_03632,G_02238,en,FP_promptbench,0,0.9595373144901215,1,,,,
D3_03634,G_02264,en,FP_promptbench,0,0.6237144549850883,0,,,,
D3_03635,G_03281,en,FP_promptbench,0,0.9813018564890059,1,,,,
D3_03636,G_03717,en,FP_promptbench,0,0.9438098066207918,1,,,,
D3_03637,G_02252,en,FP_promptbench,0,0.8864204976024419,1,,,,
D3_03638,G_03708,en,FP_promptbench,0,0.7937371346514549,1,,,,
D3_03639,G_02239,en,FP_promptbench,0,0.7927300469804888,1,,,,
D3_03640,G_03710,en,FP_promptbench,0,0.4803278114392326,0,,,,
D3_03641,G_03281,en,FP_promptbench,0,0.9674651417564114,1,,,,
D3_03642,G_03717,en,FP_promptbench,0,0.8275952391279289,1,,,,
D3_03643,G_02252,en,FP_promptbench,0,0.9404284640748816,1,,,,
D3_03645,G_02239,en,FP_promptbench,0,0.8034467920574786,1,,,,
D3_03646,G_03715,en,FP_promptbench,0,0.602430861043691,0,,,,
D3_03647,G_03281,en,FP_promptbench,0,0.973986684954604,1,,,,
D3_03648,G_03717,en,FP_promptbench,0,0.9406284799151741,1,,,,
D3_03649,G_02252,en,FP_promptbench,0,0.8874194689628908,1,,,,
D3_03650,G_02238,en,FP_promptbench,0,0.8610559400489297,1,,,,
D3_03651,G_03720,en,FP_promptbench,0,0.6235338060711055,0,,,,
D3_03652,G_03721,en,FP_promptbench,0,0.6090247919807171,0,,,,
D3_03653,G_03281,en,FP_promptbench,0,0.9824028440217325,1,,,,
D3_03654,G_03723,en,FP_promptbench,0,0.9068128184990576,1,,,,
D3_03655,G_03724,en,FP_promptbench,0,0.8044257076959045,1,,,,
D3_03656,G_03725,en,FP_promptbench,0,0.6865267910097239,0,,,,
D3_03657,G_03726,en,FP_promptbench,0,0.6723778310999351,0,,,,
D3_03658,G_03727,en,FP_promptbench,0,0.4798050839553757,0,,,,
D3_03659,G_03728,en,FP_promptbench,0,0.9514501450002909,1,,,,
D3_03660,G_03729,en,FP_promptbench,0,0.797539092907107,1,,,,
D3_03661,G_03730,en,FP_promptbench,0,0.9289672832803565,1,,,,
D3_03742,G_03731,en,FP_promptbench,0,0.8115409702367345,1,,,,
D3_03743,G_03732,en,FP_promptbench,0,0.574635818807899,0,,,,
D3_03744,G_03733,en,FP_promptbench,0,0.7292031936223597,1,,,,
D3_03745,G_03734,en,FP_promptbench,0,0.686183027760894,0,,,,
D3_03746,G_03735,en,FP_promptbench,0,0.7135828777684294,1,,,,
D3_03747,G_03736,en,FP_promptbench,0,0.5226162852285469,0,,,,
D3_03748,G_02359,en,FP_promptbench,0,0.8795545835422997,1,,,,
D3_03749,G_02354,en,FP_promptbench,0,0.7288978370160244,1,,,,
D3_03750,G_02353,en,FP_promptbench,0,0.8799618811640456,1,,,,
D3_03751,G_02363,en,FP_promptbench,0,0.7642610889821563,1,,,,
D3_03752,G_03741,en,FP_promptbench,0,0.7511506351513024,1,,,,
D3_03753,G_03742,en,FP_promptbench,0,0.5941577997610499,0,,,,
D3_03754,G_03743,en,FP_promptbench,0,0.6718426794247011,0,,,,
D3_03755,G_03744,en,FP_promptbench,0,0.6180912512582629,0,,,,
D3_03756,G_02353,en,FP_promptbench,0,0.8721581391555638,1,,,,
D3_03757,G_02363,en,FP_promptbench,0,0.6943550098257728,0,,,,
D3_03758,G_03747,en,FP_promptbench,0,0.7547805844234059,1,,,,
D3_03759,G_03748,en,FP_promptbench,0,0.5882332299486727,0,,,,
D3_03760,G_03749,en,FP_promptbench,0,0.926322231982292,1,,,,
D3_03761,G_03750,en,FP_promptbench,0,0.8033295870854427,1,,,,
D3_03762,G_03751,en,FP_promptbench,0,0.9105160630393097,1,,,,
D3_03763,G_02363,en,FP_promptbench,0,0.7991432990406374,1,,,,
D3_03764,G_03753,en,FP_promptbench,0,0.8455218705449489,1,,,,
D3_03765,G_03754,en,FP_promptbench,0,0.6838525199242216,0,,,,
D3_03766,G_03755,en,FP_promptbench,0,0.8794433157284346,1,,,,
D3_03767,G_03756,en,FP_promptbench,0,0.537328939085005,0,,,,
D3_03768,G_03757,en,FP_promptbench,0,0.6934785982287907,0,,,,
D3_03769,G_03758,en,FP_promptbench,0,0.7595368950277301,1,,,,
D3_03770,G_03759,en,FP_promptbench,0,0.7538615294639761,1,,,,
D3_03771,G_03760,en,FP_promptbench,0,0.5758161358142136,0,,,,
D3_03772,G_03761,en,FP_promptbench,0,0.8164311757979672,1,,,,
D3_03773,G_03762,en,FP_promptbench,0,0.6555590755817018,0,,,,
D3_03774,G_03763,en,FP_promptbench,0,0.6499717755748758,0,,,,
D3_03775,G_03764,en,FP_promptbench,0,0.5588278473997286,0,,,,
D3_03776,G_03765,en,FP_promptbench,0,0.671762685723444,0,,,,
D3_03777,G_03766,en,FP_promptbench,0,0.6000169702335446,0,,,,
D3_03859,G_03767,en,FP_promptbench,0,0.8944235217765107,1,,,,
D3_03860,G_03768,en,FP_promptbench,0,0.4134782642613915,0,,,,
D3_03861,G_03769,en,FP_promptbench,0,0.7876193673831897,1,,,,
D3_03862,G_03770,en,FP_promptbench,0,0.9927149993532829,1,,,,
D3_03863,G_03771,en,FP_promptbench,0,0.9104845288980299,1,,,,
D3_03864,G_03772,en,FP_promptbench,0,0.7997550610936748,1,,,,
D3_03866,G_03773,en,FP_promptbench,0,0.7540775097699782,1,,,,
D3_03867,G_04639,en,FP_promptbench,0,0.9657721590955626,1,,,,
D3_03868,G_02277,en,FP_promptbench,0,0.9883858013341199,1,,,,
D3_03869,G_03776,en,FP_promptbench,0,0.9304394616953833,1,,,,
D3_03870,G_03717,en,FP_promptbench,0,0.9466173590573157,1,,,,
D3_03871,G_02238,en,FP_promptbench,0,0.962328047043544,1,,,,
D3_03872,G_03779,en,FP_promptbench,0,0.6657907397413838,0,,,,
D3_03873,G_03780,en,FP_promptbench,0,0.8066727686557466,1,,,,
D3_03874,G_03781,en,FP_promptbench,0,0.9224434617372012,1,,,,
D3_03875,G_03782,en,FP_promptbench,0,0.8858760853020661,1,,,,
D3_03876,G_03783,en,FP_promptbench,0,0.8778567943730006,1,,,,
D3_03878,G_03784,en,FP_promptbench,0,0.7455724665418767,1,,,,
D3_03883,G_02238,en,FP_promptbench,0,0.9623479101292114,1,,,,
D3_03884,G_03786,en,FP_promptbench,0,0.8288734733820217,1,,,,
D3_03885,G_03787,en,FP_promptbench,0,0.633965032123035,0,,,,
D3_03886,G_03788,en,FP_promptbench,0,0.9378239977491949,1,,,,
D3_03887,G_03789,en,FP_promptbench,0,0.8774973103869125,1,,,,
D3_03888,G_03790,en,FP_promptbench,0,0.8479331532663898,1,,,,
D3_03889,G_02238,en,FP_promptbench,0,0.9631441328202407,1,,,,
D3_03890,G_03792,en,FP_promptbench,0,0.6653807226217674,0,,,,
D3_03891,G_03793,en,FP_promptbench,0,0.6239832940744401,0,,,,
D3_03892,G_03794,en,FP_promptbench,0,0.8989488986849937,1,,,,
D3_03893,G_03795,en,FP_promptbench,0,0.8957190054227951,1,,,,
D3_03894,G_03796,en,FP_promptbench,0,0.68146969277915,0,,,,
D3_03975,G_03797,en,FP_promptbench,0,0.9580259621120893,1,,,,
D3_03976,G_03798,en,FP_promptbench,0,0.7403655438650614,1,,,,
D3_03977,G_03799,en,FP_promptbench,0,0.5753170103470366,0,,,,
D3_03978,G_03800,en,FP_promptbench,0,0.9931359921933498,1,,,,
D3_03979,G_03801,en,FP_promptbench,0,0.982861155585293,1,,,,
D3_03980,G_03802,en,FP_promptbench,0,0.633686174301401,0,,,,
D3_03981,G_02521,en,FP_promptbench,0,0.9951052754072458,1,,,,
D3_03982,G_03310,en,FP_promptbench,0,0.8764100376333052,1,,,,
D3_03983,G_02500,en,FP_promptbench,0,0.6785679255798137,0,,,,
D3_03984,G_03806,en,FP_promptbench,0,0.9947437673045669,1,,,,
D3_03985,G_02503,en,FP_promptbench,0,0.9903770009774777,1,,,,
D3_03986,G_03808,en,FP_promptbench,0,0.8876824011139579,1,,,,
D3_03987,G_03809,en,FP_promptbench,0,0.9758490259507314,1,,,,
D3_03988,G_03810,en,FP_promptbench,0,0.7529136710548355,1,,,,
D3_03989,G_03811,en,FP_promptbench,0,0.6827966637919477,0,,,,
D3_03990,G_03812,en,FP_promptbench,0,0.9881969893286533,1,,,,
D3_03991,G_03813,en,FP_promptbench,0,0.9927116190030483,1,,,,
D3_03992,G_03814,en,FP_promptbench,0,0.7779727131794067,1,,,,
D3_03994,G_03815,en,FP_promptbench,0,0.9168998039468576,1,,,,
D3_03995,G_03816,en,FP_promptbench,0,0.8025203150644289,1,,,,
D3_03996,G_03817,en,FP_promptbench,0,0.995756501428477,1,,,,
D3_03997,G_03818,en,FP_promptbench,0,0.9925010798268438,1,,,,
D3_03999,G_03819,en,FP_promptbench,0,0.9759457163944179,1,,,,
D3_04000,G_03820,en,FP_promptbench,0,0.46109240409768004,0,,,,
D3_04001,G_03821,en,FP_promptbench,0,0.6076922685058586,0,,,,
D3_04002,G_03806,en,FP_promptbench,0,0.9954365308190598,1,,,,
D3_04003,G_03823,en,FP_promptbench,0,0.9665991550801315,1,,,,
D3_04004,G_03824,en,FP_promptbench,0,0.8750396934199403,1,,,,
D3_04005,G_03825,en,FP_promptbench,0,0.9870468663247802,1,,,,
D3_04006,G_03826,en,FP_promptbench,0,0.5939196390383188,0,,,,
D3_04007,G_03827,en,FP_promptbench,0,0.7386002319590507,1,,,,
D3_04008,G_03828,en,FP_promptbench,0,0.9906336620629573,1,,,,
D3_04009,G_03829,en,FP_promptbench,0,0.8382151874570731,1,,,,
D3_04010,G_03830,en,FP_promptbench,0,0.8897368394570323,1,,,,
D3_04091,G_03831,en,FP_promptbench,0,0.9193118580851708,1,,,,
D3_04092,G_03832,en,FP_promptbench,0,0.9787175441435123,1,,,,
D3_04093,G_03833,en,FP_promptbench,0,0.9507207046233344,1,,,,
D3_04094,G_02615,en,FP_promptbench,0,0.9884345048915707,1,,,,
D3_04095,G_03835,en,FP_promptbench,0,0.9613591469122937,1,,,,
D3_04096,G_03836,en,FP_promptbench,0,0.9926368274910741,1,,,,
D3_04097,G_02612,en,FP_promptbench,0,0.9824409197568112,1,,,,
D3_04098,G_02610,en,FP_promptbench,0,0.9813904784910128,1,,,,
D3_04099,G_02608,en,FP_promptbench,0,0.9870833845730974,1,,,,
D3_04100,G_02615,en,FP_promptbench,0,0.9815031913110056,1,,,,
D3_04101,G_04699,en,FP_promptbench,0,0.9650460544560907,1,,,,
D3_04102,G_02614,en,FP_promptbench,0,0.9573852050934895,1,,,,
D3_04103,G_02612,en,FP_promptbench,0,0.984246817857127,1,,,,
D3_04105,G_02608,en,FP_promptbench,0,0.9848504270119937,1,,,,
D3_04106,G_02615,en,FP_promptbench,0,0.9802640574879581,1,,,,
D3_04107,G_04699,en,FP_promptbench,0,0.955872466296241,1,,,,
D3_04108,G_03847,en,FP_promptbench,0,0.9234644980645613,1,,,,
D3_04109,G_03848,en,FP_promptbench,0,0.9782332175749257,1,,,,
D3_04110,G_04281,en,FP_promptbench,0,0.971970445395588,1,,,,
D3_04111,G_03850,en,FP_promptbench,0,0.9887561225718051,1,,,,
D3_04112,G_03851,en,FP_promptbench,0,0.9761424363197487,1,,,,
D3_04113,G_03852,en,FP_promptbench,0,0.9754608726214501,1,,,,
D3_04114,G_02614,en,FP_promptbench,0,0.950918870826445,1,,,,
D3_04115,G_02612,en,FP_promptbench,0,0.9843966558076531,1,,,,
D3_04117,G_03855,en,FP_promptbench,0,0.9802955850901408,1,,,,
D3_04118,G_03856,en,FP_promptbench,0,0.9787635349051859,1,,,,
D3_04119,G_03857,en,FP_promptbench,0,0.9609929246522423,1,,,,
D3_04120,G_03858,en,FP_promptbench,0,0.9480540467830623,1,,,,
D3_04121,G_03859,en,FP_promptbench,0,0.9111220864367713,1,,,,
D3_04122,G_02610,en,FP_promptbench,0,0.9758007554447166,1,,,,
D3_04123,G_03861,en,FP_promptbench,0,0.9810651780516323,1,,,,
D3_04124,G_03862,en,FP_promptbench,0,0.9757458170437148,1,,,,
D3_04125,G_03863,en,FP_promptbench,0,0.9682463792076685,1,,,,
D3_04126,G_02614,en,FP_promptbench,0,0.9467127245067324,1,,,,
D3_04207,G_03865,en,FP_promptbench,0,0.4474156370337821,0,,,,
D3_04208,G_03866,en,FP_promptbench,0,0.4632890693423113,0,,,,
D3_04209,G_03867,en,FP_promptbench,0,0.634924674755903,0,,,,
D3_04210,G_03868,en,FP_promptbench,0,0.735154727986281,1,,,,
D3_04211,G_03869,en,FP_promptbench,0,0.9241081410465279,1,,,,
D3_04212,G_03870,en,FP_promptbench,0,0.9266866235222337,1,,,,
D3_04213,G_03871,en,FP_promptbench,0,0.7872315302952599,1,,,,
D3_04214,G_02726,en,FP_promptbench,0,0.524753486279072,0,,,,
D3_04215,G_03873,en,FP_promptbench,0,0.867110095210753,1,,,,
D3_04216,G_03874,en,FP_promptbench,0,0.6648486080658118,0,,,,
D3_04218,G_03875,en,FP_promptbench,0,0.9366000339427455,1,,,,
D3_04219,G_02752,en,FP_promptbench,0,0.7819082281199862,1,,,,
D3_04220,G_03877,en,FP_promptbench,0,0.5241421691589979,0,,,,
D3_04221,G_02827,en,FP_promptbench,0,0.8654086569884052,1,,,,
D3_04222,G_03879,en,FP_promptbench,0,0.7106116803917237,1,,,,
D3_04223,G_03880,en,FP_promptbench,0,0.8536726328301956,1,,,,
D3_04224,G_02738,en,FP_promptbench,0,0.9412914961433714,1,,,,
D3_04225,G_03882,en,FP_promptbench,0,0.8387400434920854,1,,,,
D3_04226,G_03418,en,FP_promptbench,0,0.6961980312486767,0,,,,
D3_04230,G_03456,en,FP_promptbench,0,0.9577131339079263,1,,,,
D3_04231,G_03885,en,FP_promptbench,0,0.7829563555855489,1,,,,
D3_04232,G_03886,en,FP_promptbench,0,0.5168644996561499,0,,,,
D3_04233,G_03887,en,FP_promptbench,0,0.8246262556743309,1,,,,
D3_04234,G_03888,en,FP_promptbench,0,0.5931619029428734,0,,,,
D3_04235,G_03889,en,FP_promptbench,0,0.9561250612374704,1,,,,
D3_04236,G_03890,en,FP_promptbench,0,0.6120782146250926,0,,,,
D3_04237,G_03891,en,FP_promptbench,0,0.5491710834216439,0,,,,
D3_04238,G_03892,en,FP_promptbench,0,0.7101308106822173,1,,,,
D3_04239,G_03893,en,FP_promptbench,0,0.7701536490839288,1,,,,
D3_04240,G_03894,en,FP_promptbench,0,0.6466303986503172,0,,,,
D3_04241,G_03895,en,FP_promptbench,0,0.6007747546894494,0,,,,
D3_04242,G_03896,en,FP_promptbench,0,0.7144437561078614,1,,,,
D3_04323,G_03897,en,FP_promptbench,0,0.9595774607686167,1,,,,
D3_04324,G_03898,en,FP_promptbench,0,0.8012796794100464,1,,,,
D3_04325,G_03899,en,FP_promptbench,0,0.958711171414101,1,,,,
D3_04326,G_03900,en,FP_promptbench,0,0.5375749286904844,0,,,,
D3_04327,G_03901,en,FP_promptbench,0,0.9268806291838171,1,,,,
D3_04328,G_03902,en,FP_promptbench,0,0.9067601102145667,1,,,,
D3_04329,G_03915,en,FP_promptbench,0,0.9715290809288653,1,,,,
D3_04330,G_03904,en,FP_promptbench,0,0.7936387095115204,1,,,,
D3_04331,G_03905,en,FP_promptbench,0,0.9827796493662037,1,,,,
D3_04332,G_03906,en,FP_promptbench,0,0.6648486080658118,0,,,,
D3_04333,G_02738,en,FP_promptbench,0,0.9381999527467932,1,,,,
D3_04334,G_02731,en,FP_promptbench,0,0.6757884670195492,0,,,,
D3_04335,G_03909,en,FP_promptbench,0,0.9690280844654401,1,,,,
D3_04336,G_02752,en,FP_promptbench,0,0.7944070558326183,1,,,,
D3_04337,G_03911,en,FP_promptbench,0,0.9638939487088952,1,,,,
D3_04338,G_03912,en,FP_promptbench,0,0.693380104568781,0,,,,
D3_04339,G_02738,en,FP_promptbench,0,0.9452934295963598,1,,,,
D3_04340,G_03914,en,FP_promptbench,0,0.523580781118026,0,,,,
D3_04341,G_03915,en,FP_promptbench,0,0.9489039265618717,1,,,,
D3_04344,G_02733,en,FP_promptbench,0,0.7365949568573897,1,,,,
D3_04347,G_03917,en,FP_promptbench,0,0.9689213103949715,1,,,,
D3_04348,G_03918,en,FP_promptbench,0,0.7041758318354365,0,,,,
D3_04349,G_03919,en,FP_promptbench,0,0.9757839857637793,1,,,,
D3_04350,G_03920,en,FP_promptbench,0,0.7018626159943219,0,,,,
D3_04351,G_03921,en,FP_promptbench,0,0.8783447650984013,1,,,,
D3_04352,G_03922,en,FP_promptbench,0,0.5884221851138888,0,,,,
D3_04353,G_03923,en,FP_promptbench,0,0.9491876154348379,1,,,,
D3_04354,G_03924,en,FP_promptbench,0,0.23650033904257378,0,,,,
D3_04355,G_03925,en,FP_promptbench,0,0.9884325521492517,1,,,,
D3_04356,G_03926,en,FP_promptbench,0,0.6657394881456936,0,,,,
D3_04357,G_03927,en,FP_promptbench,0,0.708792722450889,1,,,,
D3_04358,G_03928,en,FP_promptbench,0,0.6694775521026107,0,,,,
D3_04439,G_03929,en,FP_promptbench,0,0.45890123386012144,0,,,,
D3_04440,G_03930,en,FP_promptbench,0,0.9534582565627452,1,,,,
D3_04441,G_03931,en,FP_promptbench,0,0.962589302964082,1,,,,
D3_04442,G_03932,en,FP_promptbench,0,0.4302176841244533,0,,,,
D3_04443,G_03933,en,FP_promptbench,0,0.9957652735434868,1,,,,
D3_04444,G_03934,en,FP_promptbench,0,0.9731444526669552,1,,,,
D3_04445,G_03935,en,FP_promptbench,0,0.5080348117250507,0,,,,
D3_04446,G_03936,en,FP_promptbench,0,0.9692106317223308,1,,,,
D3_04447,G_03937,en,FP_promptbench,0,0.9685764132479517,1,,,,
D3_04448,G_02866,en,FP_promptbench,0,0.9783163028504396,1,,,,
D3_04449,G_03939,en,FP_promptbench,0,0.9969015498702879,1,,,,
D3_04450,G_02865,en,FP_promptbench,0,0.9857365320420359,1,,,,
D3_04451,G_03941,en,FP_promptbench,0,0.496918851570513,0,,,,
D3_04452,G_02855,en,FP_promptbench,0,0.9724369122867242,1,,,,
D3_04453,G_03943,en,FP_promptbench,0,0.9754474704124674,1,,,,
D3_04454,G_02866,en,FP_promptbench,0,0.9796494426569087,1,,,,
D3_04455,G_03945,en,FP_promptbench,0,0.9944778774299863,1,,,,
D3_04457,G_03946,en,FP_promptbench,0,0.6930329806225171,0,,,,
D3_04458,G_03947,en,FP_promptbench,0,0.9734772403897789,1,,,,
D3_04459,G_03948,en,FP_promptbench,0,0.9777954541138713,1,,,,
D3_04460,G_03949,en,FP_promptbench,0,0.9839667063982038,1,,,,
D3_04462,G_03950,en,FP_promptbench,0,0.9873533268099733,1,,,,
D3_04463,G_03951,en,FP_promptbench,0,0.4917554426798144,0,,,,
D3_04464,G_03952,en,FP_promptbench,0,0.979306868789133,1,,,,
D3_04465,G_03953,en,FP_promptbench,0,0.9715728185025633,1,,,,
D3_04466,G_03954,en,FP_promptbench,0,0.9559196046973094,1,,,,
D3_04467,G_03955,en,FP_promptbench,0,0.9746789900821782,1,,,,
D3_04468,G_02865,en,FP_promptbench,0,0.9762907060815902,1,,,,
D3_04469,G_03957,en,FP_promptbench,0,0.495919679281715,0,,,,
D3_04470,G_03958,en,FP_promptbench,0,0.978108662020413,1,,,,
D3_04471,G_03959,en,FP_promptbench,0,0.9739296684928791,1,,,,
D3_04472,G_03960,en,FP_promptbench,0,0.9517437407779298,1,,,,
D3_04473,G_03961,en,FP_promptbench,0,0.9634376325791155,1,,,,
D3_04474,G_03962,en,FP_promptbench,0,0.9939828458825621,1,,,,
D3_04555,G_03963,en,FP_promptbench,0,0.4852461586425871,0,,,,
D3_04556,G_03964,en,FP_promptbench,0,0.7233664860209449,1,,,,
D3_04557,G_03965,en,FP_promptbench,0,0.4710386607438075,0,,,,
D3_04558,G_03966,en,FP_promptbench,0,0.5480567978101218,0,,,,
D3_04559,G_03967,en,FP_promptbench,0,0.9092840100357322,1,,,,
D3_04560,G_03968,en,FP_promptbench,0,0.6187996644471834,0,,,,
D3_04561,G_01667,en,FP_promptbench,0,0.8936888768111971,1,,,,
D3_04562,G_01663,en,FP_promptbench,0,0.8091840049753161,1,,,,
D3_04563,G_01666,en,FP_promptbench,0,0.31529047188123793,0,,,,
D3_04564,G_01691,en,FP_promptbench,0,0.7990238960401451,1,,,,
D3_04565,G_01679,en,FP_promptbench,0,0.7535881272292361,1,,,,
D3_04566,G_02971,en,FP_promptbench,0,0.8901654277761565,1,,,,
D3_04567,G_03975,en,FP_promptbench,0,0.7181614800772036,1,,,,
D3_04568,G_03976,en,FP_promptbench,0,0.8114907936457757,1,,,,
D3_04569,G_03977,en,FP_promptbench,0,0.3451117064509387,0,,,,
D3_04570,G_03978,en,FP_promptbench,0,0.7178324126853532,1,,,,
D3_04571,G_03979,en,FP_promptbench,0,0.8498007792398216,1,,,,
D3_04572,G_03980,en,FP_promptbench,0,0.8942384232372148,1,,,,
D3_04573,G_03544,en,FP_promptbench,0,0.9252809414464613,1,,,,
D3_04574,G_01663,en,FP_promptbench,0,0.8396079716903851,1,,,,
D3_04575,G_03983,en,FP_promptbench,0,0.4504794867799094,0,,,,
D3_04576,G_01691,en,FP_promptbench,0,0.803606798703981,1,,,,
D3_04577,G_01679,en,FP_promptbench,0,0.7842041298786171,1,,,,
D3_04578,G_02971,en,FP_promptbench,0,0.9031542780620431,1,,,,
D3_04579,G_03987,en,FP_promptbench,0,0.8964553760063558,1,,,,
D3_04580,G_03988,en,FP_promptbench,0,0.7856261539268408,1,,,,
D3_04581,G_03989,en,FP_promptbench,0,0.4332456481873959,0,,,,
D3_04582,G_03990,en,FP_promptbench,0,0.7748469368934094,1,,,,
D3_04583,G_03991,en,FP_promptbench,0,0.5656580387991051,0,,,,
D3_04584,G_03992,en,FP_promptbench,0,0.9198035846702939,1,,,,
D3_04585,G_03993,en,FP_promptbench,0,0.5218305791857758,0,,,,
D3_04586,G_03994,en,FP_promptbench,0,0.5861898572981047,0,,,,
D3_04587,G_03995,en,FP_promptbench,0,0.38161795111885577,0,,,,
D3_04588,G_03996,en,FP_promptbench,0,0.8227799942484804,1,,,,
D3_04589,G_03997,en,FP_promptbench,0,0.5198567633425846,0,,,,
D3_04590,G_03998,en,FP_promptbench,0,0.7901627471030622,1,,,,
D3_04671,G_03999,en,FP_promptbench,0,0.4333371991767986,0,,,,
D3_04672,G_04000,en,FP_promptbench,0,0.7717758294658257,1,,,,
D3_04673,G_04001,en,FP_promptbench,0,0.5670268341405607,0,,,,
D3_04674,G_04002,en,FP_promptbench,0,0.7843555014105417,1,,,,
D3_04675,G_04003,en,FP_promptbench,0,0.662331926101553,0,,,,
D3_04676,G_04004,en,FP_promptbench,0,0.7665807693813173,1,,,,
D3_04677,G_01816,en,FP_promptbench,0,0.7767721784995963,1,,,,
D3_04678,G_03023,en,FP_promptbench,0,0.7383974012266193,1,,,,
D3_04679,G_03579,en,FP_promptbench,0,0.8601011820674966,1,,,,
D3_04680,G_01819,en,FP_promptbench,0,0.9738841194524014,1,,,,
D3_04681,G_01794,en,FP_promptbench,0,0.7818267246246945,1,,,,
D3_04682,G_03045,en,FP_promptbench,0,0.8629021909574459,1,,,,
D3_04683,G_04011,en,FP_promptbench,0,0.6201445217535158,0,,,,
D3_04684,G_04012,en,FP_promptbench,0,0.6803619890520362,0,,,,
D3_04685,G_03579,en,FP_promptbench,0,0.7584440072918028,1,,,,
D3_04686,G_04014,en,FP_promptbench,0,0.9211619973060311,1,,,,
D3_04687,G_04015,en,FP_promptbench,0,0.7336790869799094,1,,,,
D3_04689,G_01816,en,FP_promptbench,0,0.7970525706740825,1,,,,
D3_04690,G_03578,en,FP_promptbench,0,0.7723214078218165,1,,,,
D3_04691,G_03579,en,FP_promptbench,0,0.831206941014205,1,,,,
D3_04692,G_01819,en,FP_promptbench,0,0.9683550598715771,1,,,,
D3_04693,G_03581,en,FP_promptbench,0,0.8169974177090732,1,,,,
D3_04695,G_04021,en,FP_promptbench,0,0.608318282232209,0,,,,
D3_04696,G_03023,en,FP_promptbench,0,0.6760216262642033,0,,,,
D3_04697,G_03579,en,FP_promptbench,0,0.8394186525080917,1,,,,
D3_04698,G_04024,en,FP_promptbench,0,0.9627826267993282,1,,,,
D3_04699,G_04025,en,FP_promptbench,0,0.7793469010848697,1,,,,
D3_04701,G_04026,en,FP_promptbench,0,0.5559705270896054,0,,,,
D3_04702,G_04027,en,FP_promptbench,0,0.5506827919822971,0,,,,
D3_04703,G_04028,en,FP_promptbench,0,0.5660490701282906,0,,,,
D3_04704,G_04029,en,FP_promptbench,0,0.938767243792466,1,,,,
D3_04705,G_04030,en,FP_promptbench,0,0.8384895456842599,1,,,,
D3_04706,G_04031,en,FP_promptbench,0,0.7963182125374529,1,,,,
D3_04787,G_04032,en,FP_promptbench,0,0.9049838439545865,1,,,,
D3_04788,G_04033,en,FP_promptbench,0,0.1387351461751365,0,,,,
D3_04789,G_04034,en,FP_promptbench,0,0.6822701565898734,0,,,,
D3_04790,G_04035,en,FP_promptbench,0,0.696883216052428,0,,,,
D3_04791,G_04036,en,FP_promptbench,0,0.8691716787589064,1,,,,
D3_04792,G_04037,en,FP_promptbench,0,0.7493654414430397,1,,,,
D3_04793,G_01890,en,FP_promptbench,0,0.965304027146385,1,,,,
D3_04794,G_01896,en,FP_promptbench,0,0.3050824366664962,0,,,,
D3_04795,G_01899,en,FP_promptbench,0,0.9352120788430404,1,,,,
D3_04796,G_01907,en,FP_promptbench,0,0.914495262334037,1,,,,
D3_04797,G_01902,en,FP_promptbench,0,0.9363829035117941,1,,,,
D3_04798,G_03603,en,FP_promptbench,0,0.8899166484702368,1,,,,
D3_04799,G_04044,en,FP_promptbench,0,0.9368405299938011,1,,,,
D3_04800,G_04045,en,FP_promptbench,0,0.16796567579901267,0,,,,
D3_04801,G_04046,en,FP_promptbench,0,0.9223451621826516,1,,,,
D3_04802,G_04047,en,FP_promptbench,0,0.8727868480887884,1,,,,
D3_04803,G_04048,en,FP_promptbench,0,0.9197451067728402,1,,,,
D3_04804,G_04049,en,FP_promptbench,0,0.8475877955063071,1,,,,
D3_04806,G_01896,en,FP_promptbench,0,0.4190992016071914,0,,,,
D3_04807,G_01899,en,FP_promptbench,0,0.912278369053437,1,,,,
D3_04809,G_01902,en,FP_promptbench,0,0.9208150366684746,1,,,,
D3_04811,G_04053,en,FP_promptbench,0,0.7951202516868235,1,,,,
D3_04812,G_04054,en,FP_promptbench,0,0.20251457905471382,0,,,,
D3_04813,G_04055,en,FP_promptbench,0,0.9172252467839143,1,,,,
D3_04814,G_04056,en,FP_promptbench,0,0.912120019748664,1,,,,
D3_04815,G_04057,en,FP_promptbench,0,0.9650783642784733,1,,,,
D3_04816,G_04058,en,FP_promptbench,0,0.9019817648208092,1,,,,
D3_04817,G_04059,en,FP_promptbench,0,0.8543242029968484,1,,,,
D3_04818,G_04060,en,FP_promptbench,0,0.27175874948511225,0,,,,
D3_04819,G_04061,en,FP_promptbench,0,0.7491690918267666,1,,,,
D3_04820,G_04062,en,FP_promptbench,0,0.8446921848575681,1,,,,
D3_04821,G_04063,en,FP_promptbench,0,0.8867531500186182,1,,,,
D3_04822,G_04064,en,FP_promptbench,0,0.7775795504135824,1,,,,
D3_04903,G_04065,en,FP_promptbench,0,0.9596060030519171,1,,,,
D3_04905,G_04066,en,FP_promptbench,0,0.9826960158857722,1,,,,
D3_04906,G_04067,en,FP_promptbench,0,0.9617474918946969,1,,,,
D3_04907,G_04068,en,FP_promptbench,0,0.9840230264209858,1,,,,
D3_04908,G_04069,en,FP_promptbench,0,0.9977314160424541,1,,,,
D3_04909,G_02011,en,FP_promptbench,0,0.9836324900539772,1,,,,
D3_04910,G_02008,en,FP_promptbench,0,0.9459061942548608,1,,,,
D3_04911,G_03634,en,FP_promptbench,0,0.9897131590801698,1,,,,
D3_04912,G_02020,en,FP_promptbench,0,0.9961468513495624,1,,,,
D3_04913,G_04084,en,FP_promptbench,0,0.9949735059460549,1,,,,
D3_04914,G_02015,en,FP_promptbench,0,0.9968404700221659,1,,,,
D3_04915,G_04076,en,FP_promptbench,0,0.926317059114051,1,,,,
D3_04916,G_04077,en,FP_promptbench,0,0.6465636714575697,0,,,,
D3_04917,G_04078,en,FP_promptbench,0,0.9298422143333743,1,,,,
D3_04918,G_04079,en,FP_promptbench,0,0.9947760811572813,1,,,,
D3_04919,G_04080,en,FP_promptbench,0,0.9573971067532994,1,,,,
D3_04920,G_04081,en,FP_promptbench,0,0.9903411409888676,1,,,,
D3_04921,G_03126,en,FP_promptbench,0,0.9729434622423262,1,,,,
D3_04924,G_02020,en,FP_promptbench,0,0.9928158982964189,1,,,,
D3_04925,G_04084,en,FP_promptbench,0,0.9904308249042149,1,,,,
D3_04927,G_04085,en,FP_promptbench,0,0.9827845600045314,1,,,,
D3_04928,G_04086,en,FP_promptbench,0,0.9120418296196124,1,,,,
D3_04929,G_04087,en,FP_promptbench,0,0.9803454181777127,1,,,,
D3_04930,G_04088,en,FP_promptbench,0,0.9900243286407736,1,,,,
D3_04931,G_04089,en,FP_promptbench,0,0.978418812722976,1,,,,
D3_04932,G_04090,en,FP_promptbench,0,0.9955815021363577,1,,,,
D3_04933,G_04091,en,FP_promptbench,0,0.6365287977925532,0,,,,
D3_04934,G_04092,en,FP_promptbench,0,0.4575905317740189,0,,,,
D3_04935,G_04093,en,FP_promptbench,0,0.9572149689972735,1,,,,
D3_04936,G_04094,en,FP_promptbench,0,0.9820979006438046,1,,,,
D3_04937,G_04095,en,FP_promptbench,0,0.9183247546655811,1,,,,
D3_04938,G_04096,en,FP_promptbench,0,0.9640333982419792,1,,,,
D3_05020,G_04097,en,FP_promptbench,0,0.8048969623309931,1,,,,
D3_05021,G_04098,en,FP_promptbench,0,0.15251344334472847,0,,,,
D3_05022,G_04099,en,FP_promptbench,0,0.7877580153793834,1,,,,
D3_05023,G_04100,en,FP_promptbench,0,0.9605429575879569,1,,,,
D3_05024,G_04101,en,FP_promptbench,0,0.9751099336833777,1,,,,
D3_05025,G_04102,en,FP_promptbench,0,0.9373438747791882,1,,,,
D3_05026,G_02120,en,FP_promptbench,0,0.968031748443928,1,,,,
D3_05027,G_02154,en,FP_promptbench,0,0.26214500696952286,0,,,,
D3_05028,G_02119,en,FP_promptbench,0,0.6833233336030594,0,,,,
D3_05029,G_04106,en,FP_promptbench,0,0.9816236272529225,1,,,,
D3_05030,G_02133,en,FP_promptbench,0,0.9668899721552489,1,,,,
D3_05031,G_03168,en,FP_promptbench,0,0.9650351372361026,1,,,,
D3_05032,G_04109,en,FP_promptbench,0,0.7268005632958108,1,,,,
D3_05033,G_04110,en,FP_promptbench,0,0.14576161159086523,0,,,,
D3_05034,G_04111,en,FP_promptbench,0,0.5660873895481522,0,,,,
D3_05035,G_04112,en,FP_promptbench,0,0.9693074490480937,1,,,,
D3_05036,G_02133,en,FP_promptbench,0,0.9650589870174142,1,,,,
D3_05037,G_04114,en,FP_promptbench,0,0.9755933777808847,1,,,,
D3_05040,G_03159,en,FP_promptbench,0,0.9039520804706054,1,,,,
D3_05041,G_04106,en,FP_promptbench,0,0.9767165139569024,1,,,,
D3_05044,G_04117,en,FP_promptbench,0,0.8925498672563704,1,,,,
D3_05045,G_04118,en,FP_promptbench,0,0.04003258263367932,0,,,,
D3_05046,G_04119,en,FP_promptbench,0,0.9523318154153836,1,,,,
D3_05047,G_04120,en,FP_promptbench,0,0.9621081797717927,1,,,,
D3_05048,G_02133,en,FP_promptbench,0,0.9536006225015696,1,,,,
D3_05049,G_04122,en,FP_promptbench,0,0.8742808317855133,1,,,,
D3_05050,G_04123,en,FP_promptbench,0,0.5237222048184412,0,,,,
D3_05051,G_04124,en,FP_promptbench,0,0.0715072620420656,0,,,,
D3_05052,G_04125,en,FP_promptbench,0,0.1782962189858933,0,,,,
D3_05053,G_04126,en,FP_promptbench,0,0.9017389536784662,1,,,,
D3_05054,G_04127,en,FP_promptbench,0,0.8906645302609237,1,,,,
D3_05055,G_04128,en,FP_promptbench,0,0.8221727024698451,1,,,,
D3_05137,G_04129,en,FP_promptbench,0,0.8954237403536719,1,,,,
D3_05138,G_04130,en,FP_promptbench,0,0.7737021613367516,1,,,,
D3_05139,G_04131,en,FP_promptbench,0,0.952914064180426,1,,,,
D3_05140,G_04132,en,FP_promptbench,0,0.9436892244251016,1,,,,
D3_05141,G_04133,en,FP_promptbench,0,0.7671383476273691,1,,,,
D3_05142,G_03717,en,FP_promptbench,0,0.9556432797951431,1,,,,
D3_05143,G_02238,en,FP_promptbench,0,0.9614966722009199,1,,,,
D3_05144,G_02241,en,FP_promptbench,0,0.7549203004531991,1,,,,
D3_05145,G_02242,en,FP_promptbench,0,0.9553776016401367,1,,,,
D3_05146,G_02252,en,FP_promptbench,0,0.8914279907113724,1,,,,
D3_05147,G_02278,en,FP_promptbench,0,0.8025638046212501,1,,,,
D3_05148,G_03717,en,FP_promptbench,0,0.9451603705965529,1,,,,
D3_05149,G_04141,en,FP_promptbench,0,0.9208025705958993,1,,,,
D3_05150,G_04142,en,FP_promptbench,0,0.755611110573023,1,,,,
D3_05151,G_04143,en,FP_promptbench,0,0.9304471805129821,1,,,,
D3_05152,G_02252,en,FP_promptbench,0,0.8441842208133303,1,,,,
D3_05153,G_04145,en,FP_promptbench,0,0.7598858860973362,1,,,,
D3_05154,G_03717,en,FP_promptbench,0,0.9246160984745614,1,,,,
D3_05155,G_03202,en,FP_promptbench,0,0.9492806313980022,1,,,,
D3_05159,G_02278,en,FP_promptbench,0,0.8074011378420854,1,,,,
D3_05160,G_03717,en,FP_promptbench,0,0.9412030053209918,1,,,,
D3_05161,G_04150,en,FP_promptbench,0,0.9538698933508489,1,,,,
D3_05162,G_04151,en,FP_promptbench,0,0.7154246359821146,1,,,,
D3_05163,G_04152,en,FP_promptbench,0,0.750021197058101,1,,,,
D3_05164,G_02252,en,FP_promptbench,0,0.8761979146872876,1,,,,
D3_05165,G_04154,en,FP_promptbench,0,0.888625717670411,1,,,,
D3_05166,G_03790,en,FP_promptbench,0,0.9609342006332756,1,,,,
D3_05167,G_04156,en,FP_promptbench,0,0.9154162991905285,1,,,,
D3_05168,G_04157,en,FP_promptbench,0,0.6907333276939481,0,,,,
D3_05169,G_04158,en,FP_promptbench,0,0.9376456943058487,1,,,,
D3_05170,G_04159,en,FP_promptbench,0,0.9271756757185352,1,,,,
D3_05171,G_04160,en,FP_promptbench,0,0.6228472096763075,0,,,,
D3_05172,G_04161,en,FP_promptbench,0,0.9297548301515668,1,,,,
D3_05253,G_04162,en,FP_promptbench,0,0.7153907281791396,1,,,,
D3_05254,G_04163,en,FP_promptbench,0,0.7857529907816178,1,,,,
D3_05255,G_04164,en,FP_promptbench,0,0.8418331316266682,1,,,,
D3_05256,G_04165,en,FP_promptbench,0,0.7575960700292989,1,,,,
D3_05257,G_04166,en,FP_promptbench,0,0.9316086220329598,1,,,,
D3_05258,G_04167,en,FP_promptbench,0,0.6171812392515135,0,,,,
D3_05259,G_04180,en,FP_promptbench,0,0.8123935338523713,1,,,,
D3_05260,G_02357,en,FP_promptbench,0,0.909719809313148,1,,,,
D3_05261,G_02353,en,FP_promptbench,0,0.8906650522221039,1,,,,
D3_05262,G_02363,en,FP_promptbench,0,0.7383820301837377,1,,,,
D3_05263,G_03228,en,FP_promptbench,0,0.9340814331525468,1,,,,
D3_05264,G_02366,en,FP_promptbench,0,0.7678654773183057,1,,,,
D3_05265,G_04180,en,FP_promptbench,0,0.8004356640199126,1,,,,
D3_05266,G_04175,en,FP_promptbench,0,0.8870624923514462,1,,,,
D3_05267,G_04176,en,FP_promptbench,0,0.7964592702859722,1,,,,
D3_05268,G_04177,en,FP_promptbench,0,0.8521065894292266,1,,,,
D3_05269,G_04178,en,FP_promptbench,0,0.7845077863610889,1,,,,
D3_05270,G_04179,en,FP_promptbench,0,0.7200205931664545,1,,,,
D3_05271,G_04180,en,FP_promptbench,0,0.7510802413554071,1,,,,
D3_05272,G_04181,en,FP_promptbench,0,0.9429677872001825,1,,,,
D3_05273,G_02353,en,FP_promptbench,0,0.8121771119027645,1,,,,
D3_05274,G_04183,en,FP_promptbench,0,0.8434979390121876,1,,,,
D3_05276,G_04184,en,FP_promptbench,0,0.8500822952092338,1,,,,
D3_05277,G_04185,en,FP_promptbench,0,0.6360078504206939,0,,,,
D3_05278,G_04186,en,FP_promptbench,0,0.7692622682548371,1,,,,
D3_05279,G_04187,en,FP_promptbench,0,0.8809016148078846,1,,,,
D3_05280,G_04188,en,FP_promptbench,0,0.8465772819801113,1,,,,
D3_05281,G_04189,en,FP_promptbench,0,0.8689095090244535,1,,,,
D3_05282,G_04190,en,FP_promptbench,0,0.6936749158867089,0,,,,
D3_05283,G_04191,en,FP_promptbench,0,0.74758418650681,1,,,,
D3_05284,G_04192,en,FP_promptbench,0,0.6177243458698685,0,,,,
D3_05285,G_04193,en,FP_promptbench,0,0.7517185273023983,1,,,,
D3_05286,G_04194,en,FP_promptbench,0,0.2979841069023319,0,,,,
D3_05287,G_04195,en,FP_promptbench,0,0.8800343966122386,1,,,,
D3_05288,G_04196,en,FP_promptbench,0,0.7138954505086939,1,,,,
D3_05370,G_04197,en,FP_promptbench,0,0.9565559045853883,1,,,,
D3_05371,G_04198,en,FP_promptbench,0,0.6993056215192247,0,,,,
D3_05372,G_04199,en,FP_promptbench,0,0.6515718819896558,0,,,,
D3_05373,G_04200,en,FP_promptbench,0,0.8972269023640543,1,,,,
D3_05374,G_04201,en,FP_promptbench,0,0.9581029958974178,1,,,,
D3_05375,G_04202,en,FP_promptbench,0,0.9145595949436215,1,,,,
D3_05377,G_02241,en,FP_promptbench,0,0.7556905815056936,1,,,,
D3_05378,G_04204,en,FP_promptbench,0,0.9561408535956806,1,,,,
D3_05379,G_02277,en,FP_promptbench,0,0.9887467388487928,1,,,,
D3_05380,G_03717,en,FP_promptbench,0,0.9451603705965529,1,,,,
D3_05381,G_02252,en,FP_promptbench,0,0.8889249971409312,1,,,,
D3_05382,G_04208,en,FP_promptbench,0,0.914288771663898,1,,,,
D3_05383,G_04209,en,FP_promptbench,0,0.8026974667823891,1,,,,
D3_05384,G_02242,en,FP_promptbench,0,0.9503751304785416,1,,,,
D3_05385,G_04211,en,FP_promptbench,0,0.9618492504912225,1,,,,
D3_05386,G_04212,en,FP_promptbench,0,0.7579574563208874,1,,,,
D3_05387,G_02252,en,FP_promptbench,0,0.8970129603574688,1,,,,
D3_05391,G_02277,en,FP_promptbench,0,0.989799691484829,1,,,,
D3_05393,G_02252,en,FP_promptbench,0,0.9051033071110374,1,,,,
D3_05394,G_02238,en,FP_promptbench,0,0.9724674441986997,1,,,,
D3_05395,G_04217,en,FP_promptbench,0,0.7864896676165937,1,,,,
D3_05396,G_04218,en,FP_promptbench,0,0.7858064787550094,1,,,,
D3_05397,G_04219,en,FP_promptbench,0,0.9303781812112069,1,,,,
D3_05398,G_03717,en,FP_promptbench,0,0.8734716229186911,1,,,,
D3_05399,G_04221,en,FP_promptbench,0,0.8796482954780974,1,,,,
D3_05400,G_04222,en,FP_promptbench,0,0.913631550995837,1,,,,
D3_05401,G_04223,en,FP_promptbench,0,0.7294902546980168,1,,,,
D3_05402,G_04224,en,FP_promptbench,0,0.9163761937142518,1,,,,
D3_05403,G_04225,en,FP_promptbench,0,0.9829935465585904,1,,,,
D3_05404,G_04226,en,FP_promptbench,0,0.7813786678675604,1,,,,
D3_05405,G_04227,en,FP_promptbench,0,0.9427797942536204,1,,,,
D3_05486,G_04228,en,FP_promptbench,0,0.9639003229324337,1,,,,
D3_05487,G_04229,en,FP_promptbench,0,0.950702021584319,1,,,,
D3_05488,G_04230,en,FP_promptbench,0,0.9388665190774692,1,,,,
D3_05489,G_04231,en,FP_promptbench,0,0.8111387275655061,1,,,,
D3_05490,G_04232,en,FP_promptbench,0,0.998558419990093,1,,,,
D3_05491,G_04233,en,FP_promptbench,0,0.8512258263196258,1,,,,
D3_05492,G_03310,en,FP_promptbench,0,0.8706975483103512,1,,,,
D3_05493,G_02501,en,FP_promptbench,0,0.9885193597288864,1,,,,
D3_05494,G_02493,en,FP_promptbench,0,0.9880416454467413,1,,,,
D3_05495,G_03808,en,FP_promptbench,0,0.8815700507591195,1,,,,
D3_05496,G_02507,en,FP_promptbench,0,0.9950081711211315,1,,,,
D3_05497,G_02510,en,FP_promptbench,0,0.9738734186357766,1,,,,
D3_05498,G_04240,en,FP_promptbench,0,0.7993741821232557,1,,,,
D3_05499,G_04241,en,FP_promptbench,0,0.9274651579567934,1,,,,
D3_05500,G_02493,en,FP_promptbench,0,0.981604356307652,1,,,,
D3_05501,G_04243,en,FP_promptbench,0,0.6447323876974205,0,,,,
D3_05502,G_04244,en,FP_promptbench,0,0.9905557510647302,1,,,,
D3_05503,G_04245,en,FP_promptbench,0,0.9585175208293485,1,,,,
D3_05505,G_04246,en,FP_promptbench,0,0.9898344174076295,1,,,,
D3_05506,G_04247,en,FP_promptbench,0,0.9890893900290132,1,,,,
D3_05507,G_04248,en,FP_promptbench,0,0.8530792195924041,1,,,,
D3_05508,G_04249,en,FP_promptbench,0,0.9956797457559831,1,,,,
D3_05509,G_04250,en,FP_promptbench,0,0.979828505934303,1,,,,
D3_05510,G_04251,en,FP_promptbench,0,0.9170848186393568,1,,,,
D3_05511,G_04252,en,FP_promptbench,0,0.960897181808776,1,,,,
D3_05512,G_04253,en,FP_promptbench,0,0.96843052491538,1,,,,
D3_05513,G_04254,en,FP_promptbench,0,0.7683776936340345,1,,,,
D3_05514,G_04255,en,FP_promptbench,0,0.9927541254122616,1,,,,
D3_05515,G_04256,en,FP_promptbench,0,0.9735087876120049,1,,,,
D3_05516,G_04257,en,FP_promptbench,0,0.6105998390824858,0,,,,
D3_05517,G_04258,en,FP_promptbench,0,0.9603723341484091,1,,,,
D3_05518,G_04259,en,FP_promptbench,0,0.982514670823635,1,,,,
D3_05519,G_04260,en,FP_promptbench,0,0.8951074790283836,1,,,,
D3_05520,G_04261,en,FP_promptbench,0,0.9089530295193093,1,,,,
D3_05521,G_04262,en,FP_promptbench,0,0.9356454578379474,1,,,,
D3_05602,G_04263,en,FP_promptbench,0,0.9473429518178983,1,,,,
D3_05603,G_04264,en,FP_promptbench,0,0.8023563419683234,1,,,,
D3_05604,G_04265,en,FP_promptbench,0,0.9561048509554135,1,,,,
D3_05605,G_04266,en,FP_promptbench,0,0.9601594746561847,1,,,,
D3_05606,G_04267,en,FP_promptbench,0,0.8111135407513584,1,,,,
D3_05607,G_04268,en,FP_promptbench,0,0.9906527809102884,1,,,,
D3_05608,G_04269,en,FP_promptbench,0,0.9741353347455565,1,,,,
D3_05609,G_03339,en,FP_promptbench,0,0.9612984377580772,1,,,,
D3_05610,G_04271,en,FP_promptbench,0,0.9689330178633964,1,,,,
D3_05611,G_02615,en,FP_promptbench,0,0.9817067740978439,1,,,,
D3_05612,G_02621,en,FP_promptbench,0,0.9779884436613557,1,,,,
D3_05613,G_02617,en,FP_promptbench,0,0.9901403561020344,1,,,,
D3_05614,G_02610,en,FP_promptbench,0,0.9737595751506288,1,,,,
D3_05615,G_03339,en,FP_promptbench,0,0.9367744457965865,1,,,,
D3_05616,G_04277,en,FP_promptbench,0,0.9562323981823369,1,,,,
D3_05617,G_04278,en,FP_promptbench,0,0.9850632220128969,1,,,,
D3_05618,G_02621,en,FP_promptbench,0,0.9797238306382661,1,,,,
D3_05619,G_02617,en,FP_promptbench,0,0.9928102121552537,1,,,,
D3_05620,G_04281,en,FP_promptbench,0,0.963719718465462,1,,,,
D3_05621,G_02641,en,FP_promptbench,0,0.9732003342698293,1,,,,
D3_05622,G_04283,en,FP_promptbench,0,0.9572546337732939,1,,,,
D3_05624,G_04284,en,FP_promptbench,0,0.9842379861322849,1,,,,
D3_05625,G_03366,en,FP_promptbench,0,0.9924648909713251,1,,,,
D3_05626,G_04286,en,FP_promptbench,0,0.968002188673583,1,,,,
D3_05627,G_04287,en,FP_promptbench,0,0.9631361392871064,1,,,,
D3_05628,G_04288,en,FP_promptbench,0,0.9441787492546589,1,,,,
D3_05629,G_04289,en,FP_promptbench,0,0.9818094856308315,1,,,,
D3_05630,G_04290,en,FP_promptbench,0,0.9391972063748821,1,,,,
D3_05631,G_04291,en,FP_promptbench,0,0.9427295626562502,1,,,,
D3_05632,G_04292,en,FP_promptbench,0,0.9751983196011378,1,,,,
D3_05633,G_04293,en,FP_promptbench,0,0.8365839142037819,1,,,,
D3_05634,G_04294,en,FP_promptbench,0,0.9462706636580303,1,,,,
D3_05635,G_04295,en,FP_promptbench,0,0.9843238465418601,1,,,,
D3_05636,G_04296,en,FP_promptbench,0,0.958141094500636,1,,,,
D3_05637,G_04297,en,FP_promptbench,0,0.9511716834137474,1,,,,
D3_05718,G_04298,en,FP_promptbench,0,0.8209032424773077,1,,,,
D3_05719,G_04299,en,FP_promptbench,0,0.8498398997228184,1,,,,
D3_05720,G_04300,en,FP_promptbench,0,0.9780941827000782,1,,,,
D3_05721,G_04301,en,FP_promptbench,0,0.8490431879750656,1,,,,
D3_05722,G_04302,en,FP_promptbench,0,0.5827193316679965,0,,,,
D3_05723,G_04303,en,FP_promptbench,0,0.9116129334925928,1,,,,
D3_05724,G_04304,en,FP_promptbench,0,0.8662991757182165,1,,,,
D3_05725,G_03384,en,FP_promptbench,0,0.9523306206423211,1,,,,
D3_05726,G_03382,en,FP_promptbench,0,0.8938665955064609,1,,,,
D3_05727,G_02760,en,FP_promptbench,0,0.8914771713856502,1,,,,
D3_05728,G_04308,en,FP_promptbench,0,0.6700408162641796,0,,,,
D3_05729,G_04309,en,FP_promptbench,0,0.9385417663459926,1,,,,
D3_05730,G_04310,en,FP_promptbench,0,0.8757042424666145,1,,,,
D3_05731,G_04311,en,FP_promptbench,0,0.9341807876476487,1,,,,
D3_05732,G_04312,en,FP_promptbench,0,0.8235206027211955,1,,,,
D3_05733,G_04313,en,FP_promptbench,0,0.9171793161859239,1,,,,
D3_05734,G_04314,en,FP_promptbench,0,0.6364445516654905,0,,,,
D3_05735,G_04315,en,FP_promptbench,0,0.8925661607003933,1,,,,
D3_05736,G_02758,en,FP_promptbench,0,0.8368245131784705,1,,,,
D3_05737,G_04317,en,FP_promptbench,0,0.92481785985982,1,,,,
D3_05738,G_04318,en,FP_promptbench,0,0.8917625371286025,1,,,,
D3_05739,G_02760,en,FP_promptbench,0,0.8800721142453113,1,,,,
D3_05740,G_04320,en,FP_promptbench,0,0.7899638138921784,1,,,,
D3_05742,G_04321,en,FP_promptbench,0,0.7809701944587546,1,,,,
D3_05743,G_04322,en,FP_promptbench,0,0.9553782560782623,1,,,,
D3_05744,G_04323,en,FP_promptbench,0,0.9572206758712063,1,,,,
D3_05745,G_04324,en,FP_promptbench,0,0.8984180916131723,1,,,,
D3_05746,G_04325,en,FP_promptbench,0,0.6403392126872551,0,,,,
D3_05747,G_04326,en,FP_promptbench,0,0.8628823861253583,1,,,,
D3_05748,G_04327,en,FP_promptbench,0,0.881199263885406,1,,,,
D3_05749,G_04328,en,FP_promptbench,0,0.8937087329786014,1,,,,
D3_05750,G_04329,en,FP_promptbench,0,0.9225652403163632,1,,,,
D3_05751,G_04330,en,FP_promptbench,0,0.9025058580019011,1,,,,
D3_05752,G_04331,en,FP_promptbench,0,0.6544296419093456,0,,,,
D3_05753,G_04332,en,FP_promptbench,0,0.7833127685708906,1,,,,
D3_05834,G_04333,en,FP_promptbench,0,0.8554371051483107,1,,,,
D3_05835,G_04334,en,FP_promptbench,0,0.959946090347754,1,,,,
D3_05836,G_04335,en,FP_promptbench,0,0.6927395823659781,0,,,,
D3_05837,G_04336,en,FP_promptbench,0,0.9495874560108466,1,,,,
D3_05838,G_04337,en,FP_promptbench,0,0.5968499516078632,0,,,,
D3_05839,G_04338,en,FP_promptbench,0,0.8539865091286066,1,,,,
D3_05840,G_04339,en,FP_promptbench,0,0.7872315302952599,1,,,,
D3_05841,G_04340,en,FP_promptbench,0,0.8991316844441126,1,,,,
D3_05842,G_04341,en,FP_promptbench,0,0.8290488709675187,1,,,,
D3_05843,G_02735,en,FP_promptbench,0,0.961887077506607,1,,,,
D3_05844,G_04343,en,FP_promptbench,0,0.6647005825624621,0,,,,
D3_05845,G_02760,en,FP_promptbench,0,0.8935639028167179,1,,,,
D3_05846,G_04345,en,FP_promptbench,0,0.6477259962881956,0,,,,
D3_05847,G_04346,en,FP_promptbench,0,0.9507086047042413,1,,,,
D3_05848,G_04347,en,FP_promptbench,0,0.8330756534191097,1,,,,
D3_05849,G_04348,en,FP_promptbench,0,0.9457978868310417,1,,,,
D3_05850,G_04349,en,FP_promptbench,0,0.6806797731370136,0,,,,
D3_05851,G_04350,en,FP_promptbench,0,0.9275952631286875,1,,,,
D3_05852,G_03882,en,FP_promptbench,0,0.8104178919394187,1,,,,
D3_05853,G_04352,en,FP_promptbench,0,0.8741634442105038,1,,,,
D3_05854,G_04353,en,FP_promptbench,0,0.8796628798483146,1,,,,
D3_05855,G_04354,en,FP_promptbench,0,0.9724004956964647,1,,,,
D3_05858,G_04355,en,FP_promptbench,0,0.7415791329013787,1,,,,
D3_05859,G_04356,en,FP_promptbench,0,0.9573622367023824,1,,,,
D3_05860,G_04357,en,FP_promptbench,0,0.78413152384642,1,,,,
D3_05861,G_04358,en,FP_promptbench,0,0.9686078602669963,1,,,,
D3_05862,G_04359,en,FP_promptbench,0,0.5619785045265631,0,,,,
D3_05863,G_04360,en,FP_promptbench,0,0.9249284290380088,1,,,,
D3_05864,G_04361,en,FP_promptbench,0,0.5768919124303968,0,,,,
D3_05865,G_04362,en,FP_promptbench,0,0.9004446584339171,1,,,,
D3_05866,G_04363,en,FP_promptbench,0,0.7243293733446331,1,,,,
D3_05867,G_04364,en,FP_promptbench,0,0.9887708981244304,1,,,,
D3_05868,G_04365,en,FP_promptbench,0,0.9634314530923854,1,,,,
D3_05869,G_04366,en,FP_promptbench,0,0.6988764254027787,0,,,,
D3_05950,G_04367,en,FP_promptbench,0,0.9962147627136535,1,,,,
D3_05951,G_04368,en,FP_promptbench,0,0.9657421687097643,1,,,,
D3_05952,G_04369,en,FP_promptbench,0,0.5951957554767668,0,,,,
D3_05953,G_04370,en,FP_promptbench,0,0.9046230447510106,1,,,,
D3_05954,G_04371,en,FP_promptbench,0,0.948201121989764,1,,,,
D3_05955,G_04372,en,FP_promptbench,0,0.9934502002744059,1,,,,
D3_05956,G_04373,en,FP_promptbench,0,0.9858491540303524,1,,,,
D3_05957,G_04374,en,FP_promptbench,0,0.9608003230742369,1,,,,
D3_05958,G_04375,en,FP_promptbench,0,0.865554604126815,1,,,,
D3_05959,G_04376,en,FP_promptbench,0,0.880819138719764,1,,,,
D3_05960,G_04377,en,FP_promptbench,0,0.9894188430869962,1,,,,
D3_05961,G_04378,en,FP_promptbench,0,0.9970170978157309,1,,,,
D3_05962,G_04379,en,FP_promptbench,0,0.9639300931542739,1,,,,
D3_05963,G_04380,en,FP_promptbench,0,0.9494546324274925,1,,,,
D3_05964,G_04381,en,FP_promptbench,0,0.796326737611073,1,,,,
D3_05965,G_03481,en,FP_promptbench,0,0.9364015569811607,1,,,,
D3_05966,G_04383,en,FP_promptbench,0,0.9791275816954641,1,,,,
D3_05967,G_04384,en,FP_promptbench,0,0.9912950678207599,1,,,,
D3_05968,G_04385,en,FP_promptbench,0,0.9852192218919714,1,,,,
D3_05969,G_04386,en,FP_promptbench,0,0.9667461172620146,1,,,,
D3_05970,G_04387,en,FP_promptbench,0,0.9142733593607202,1,,,,
D3_05972,G_04388,en,FP_promptbench,0,0.9899166277605945,1,,,,
D3_05973,G_02894,en,FP_promptbench,0,0.9971472653310138,1,,,,
D3_05974,G_02862,en,FP_promptbench,0,0.9871482335972555,1,,,,
D3_05975,G_04391,en,FP_promptbench,0,0.6887395528876965,0,,,,
D3_05976,G_04392,en,FP_promptbench,0,0.7716472784516271,1,,,,
D3_05977,G_04393,en,FP_promptbench,0,0.7294447438718239,1,,,,
D3_05978,G_04394,en,FP_promptbench,0,0.919725228386019,1,,,,
D3_05979,G_04395,en,FP_promptbench,0,0.992971547190236,1,,,,
D3_05980,G_04396,en,FP_promptbench,0,0.9567201808996915,1,,,,
D3_05981,G_04397,en,FP_promptbench,0,0.5256496907188716,0,,,,
D3_05982,G_04398,en,FP_promptbench,0,0.5998358477812165,0,,,,
D3_05983,G_04399,en,FP_promptbench,0,0.8249248492180489,1,,,,
D3_05984,G_04400,en,FP_promptbench,0,0.905432482401039,1,,,,
D3_05985,G_04401,en,FP_promptbench,0,0.9810057863657351,1,,,,
D3_06066,G_04402,en,FP_promptbench,0,0.22922104984185607,0,,,,
D3_06067,G_04403,en,FP_promptbench,0,0.7541405866571468,1,,,,
D3_06068,G_04404,en,FP_promptbench,0,0.8865950387994336,1,,,,
D3_06069,G_04405,en,FP_promptbench,0,0.4732839257052781,0,,,,
D3_06070,G_04406,en,FP_promptbench,0,0.8274088838322646,1,,,,
D3_06071,G_04407,en,FP_promptbench,0,0.6972994476318387,0,,,,
D3_06072,G_01667,en,FP_promptbench,0,0.8919178605492618,1,,,,
D3_06073,G_02959,en,FP_promptbench,0,0.20149099905111867,0,,,,
D3_06074,G_04410,en,FP_promptbench,0,0.8874995642826681,1,,,,
D3_06075,G_02977,en,FP_promptbench,0,0.7063081548229805,0,,,,
D3_06076,G_01676,en,FP_promptbench,0,0.8897854088001741,1,,,,
D3_06077,G_01698,en,FP_promptbench,0,0.758369151257353,1,,,,
D3_06078,G_04414,en,FP_promptbench,0,0.6615251357699796,0,,,,
D3_06079,G_04415,en,FP_promptbench,0,0.2604817780205246,0,,,,
D3_06080,G_04416,en,FP_promptbench,0,0.5861954052228193,0,,,,
D3_06081,G_04417,en,FP_promptbench,0,0.7101809821748688,1,,,,
D3_06082,G_01676,en,FP_promptbench,0,0.8106098039029255,1,,,,
D3_06083,G_04419,en,FP_promptbench,0,0.8564928664330965,1,,,,
D3_06084,G_01667,en,FP_promptbench,0,0.9103837490141745,1,,,,
D3_06085,G_02997,en,FP_promptbench,0,0.28994291973030983,0,,,,
D3_06086,G_01669,en,FP_promptbench,0,0.8683798249267531,1,,,,
D3_06087,G_02977,en,FP_promptbench,0,0.8111436630252996,1,,,,
D3_06088,G_01676,en,FP_promptbench,0,0.9066035167020069,1,,,,
D3_06089,G_01698,en,FP_promptbench,0,0.7886791360181171,1,,,,
D3_06090,G_04426,en,FP_promptbench,0,0.8972039667105739,1,,,,
D3_06091,G_04427,en,FP_promptbench,0,0.9202952310438423,1,,,,
D3_06092,G_04428,en,FP_promptbench,0,0.820410465543316,1,,,,
D3_06093,G_04429,en,FP_promptbench,0,0.6180568721547106,0,,,,
D3_06094,G_04430,en,FP_promptbench,0,0.7927151655545943,1,,,,
D3_06095,G_04431,en,FP_promptbench,0,0.7577943626339361,1,,,,
D3_06096,G_04432,en,FP_promptbench,0,0.4731096601935733,0,,,,
D3_06097,G_04433,en,FP_promptbench,0,0.5700348464920807,0,,,,
D3_06098,G_04434,en,FP_promptbench,0,0.6941570779689807,0,,,,
D3_06099,G_04435,en,FP_promptbench,0,0.5986881738311327,0,,,,
D3_06100,G_04436,en,FP_promptbench,0,0.7647161647098971,1,,,,
D3_06101,G_04437,en,FP_promptbench,0,0.4325315828686513,0,,,,
D3_06182,G_04438,en,FP_promptbench,0,0.49768690552051204,0,,,,
D3_06183,G_04439,en,FP_promptbench,0,0.811932903871012,1,,,,
D3_06184,G_04440,en,FP_promptbench,0,0.557740886299248,0,,,,
D3_06185,G_04441,en,FP_promptbench,0,0.9549721851377353,1,,,,
D3_06186,G_04442,en,FP_promptbench,0,0.964812393390798,1,,,,
D3_06187,G_04443,en,FP_promptbench,0,0.6685614180177246,0,,,,
D3_06188,G_01783,en,FP_promptbench,0,0.5272868462232532,0,,,,
D3_06189,G_03579,en,FP_promptbench,0,0.8640121413931005,1,,,,
D3_06190,G_01816,en,FP_promptbench,0,0.7763246956119437,1,,,,
D3_06191,G_03045,en,FP_promptbench,0,0.8591099866749996,1,,,,
D3_06192,G_01819,en,FP_promptbench,0,0.9738841194524014,1,,,,
D3_06194,G_01783,en,FP_promptbench,0,0.4751569041357973,0,,,,
D3_06197,G_04450,en,FP_promptbench,0,0.8520076550022533,1,,,,
D3_06199,G_04451,en,FP_promptbench,0,0.8567504111457159,1,,,,
D3_06200,G_01783,en,FP_promptbench,0,0.6187976796730252,0,,,,
D3_06203,G_03058,en,FP_promptbench,0,0.8799061814449726,1,,,,
D3_06204,G_01819,en,FP_promptbench,0,0.9793983509841293,1,,,,
D3_06205,G_03581,en,FP_promptbench,0,0.8296270279474719,1,,,,
D3_06206,G_04456,en,FP_promptbench,0,0.5360341506767605,0,,,,
D3_06207,G_04457,en,FP_promptbench,0,0.6358320644324595,0,,,,
D3_06208,G_04458,en,FP_promptbench,0,0.6546656678617967,0,,,,
D3_06209,G_03045,en,FP_promptbench,0,0.761419945721832,1,,,,
D3_06211,G_04460,en,FP_promptbench,0,0.7787633142229463,1,,,,
D3_06212,G_04461,en,FP_promptbench,0,0.29792761958796854,0,,,,
D3_06213,G_04462,en,FP_promptbench,0,0.5970350384104407,0,,,,
D3_06215,G_04463,en,FP_promptbench,0,0.8420444047325545,1,,,,
D3_06217,G_04464,en,FP_promptbench,0,0.82940709370815,1,,,,
D3_06298,G_04465,en,FP_promptbench,0,0.5596784281844015,0,,,,
D3_06299,G_04466,en,FP_promptbench,0,0.9494817807960606,1,,,,
D3_06300,G_04467,en,FP_promptbench,0,0.5793714028859964,0,,,,
D3_06301,G_04468,en,FP_promptbench,0,0.7544692671610365,1,,,,
D3_06302,G_04469,en,FP_promptbench,0,0.8306983028091708,1,,,,
D3_06303,G_04470,en,FP_promptbench,0,0.9804274367803306,1,,,,
D3_06304,G_03601,en,FP_promptbench,0,0.5051674420162446,0,,,,
D3_06305,G_01890,en,FP_promptbench,0,0.9653910192287767,1,,,,
D3_06306,G_01896,en,FP_promptbench,0,0.2956071636967383,0,,,,
D3_06307,G_01903,en,FP_promptbench,0,0.897131837391964,1,,,,
D3_06308,G_04475,en,FP_promptbench,0,0.9678389225233373,1,,,,
D3_06309,G_04476,en,FP_promptbench,0,0.9854379799008401,1,,,,
D3_06310,G_03601,en,FP_promptbench,0,0.5199455141636672,0,,,,
D3_06311,G_01890,en,FP_promptbench,0,0.9756628662254816,1,,,,
D3_06312,G_01896,en,FP_promptbench,0,0.2930567119609686,0,,,,
D3_06313,G_04480,en,FP_promptbench,0,0.8768037268130243,1,,,,
D3_06315,G_04476,en,FP_promptbench,0,0.9791022628664919,1,,,,
D3_06317,G_04482,en,FP_promptbench,0,0.9722655651330477,1,,,,
D3_06318,G_04483,en,FP_promptbench,0,0.47110103806780046,0,,,,
D3_06319,G_01903,en,FP_promptbench,0,0.8678774051434665,1,,,,
D3_06320,G_04485,en,FP_promptbench,0,0.9740746837893391,1,,,,
D3_06321,G_04476,en,FP_promptbench,0,0.9851879635067188,1,,,,
D3_06322,G_04487,en,FP_promptbench,0,0.5825300379801738,0,,,,
D3_06323,G_04488,en,FP_promptbench,0,0.8862237593592581,1,,,,
D3_06324,G_04489,en,FP_promptbench,0,0.23353426328148358,0,,,,
D3_06325,G_04490,en,FP_promptbench,0,0.6398264760109351,0,,,,
D3_06326,G_04491,en,FP_promptbench,0,0.9692886670820067,1,,,,
D3_06327,G_04492,en,FP_promptbench,0,0.9568187715404395,1,,,,
D3_06328,G_04493,en,FP_promptbench,0,0.36450027265183704,0,,,,
D3_06329,G_04494,en,FP_promptbench,0,0.851102146634466,1,,,,
D3_06330,G_04495,en,FP_promptbench,0,0.5224315714328333,0,,,,
D3_06331,G_04496,en,FP_promptbench,0,0.7256483285320962,1,,,,
D3_06333,G_04497,en,FP_promptbench,0,0.9633156937632478,1,,,,
D3_06414,G_04498,en,FP_promptbench,0,0.9729525117549731,1,,,,
D3_06415,G_04499,en,FP_promptbench,0,0.960268328367701,1,,,,
D3_06416,G_04500,en,FP_promptbench,0,0.9248269020034339,1,,,,
D3_06417,G_04501,en,FP_promptbench,0,0.9801346463223356,1,,,,
D3_06418,G_04502,en,FP_promptbench,0,0.9973208523812488,1,,,,
D3_06419,G_04503,en,FP_promptbench,0,0.9839504054415464,1,,,,
D3_06420,G_03634,en,FP_promptbench,0,0.9891715502555228,1,,,,
D3_06421,G_02013,en,FP_promptbench,0,0.9678802373920737,1,,,,
D3_06422,G_02007,en,FP_promptbench,0,0.9813062709169126,1,,,,
D3_06423,G_02016,en,FP_promptbench,0,0.9895076847352096,1,,,,
D3_06424,G_03639,en,FP_promptbench,0,0.9965621100209128,1,,,,
D3_06425,G_04084,en,FP_promptbench,0,0.9949474382063711,1,,,,
D3_06426,G_04510,en,FP_promptbench,0,0.9853698936512328,1,,,,
D3_06428,G_04511,en,FP_promptbench,0,0.968951950635487,1,,,,
D3_06429,G_04512,en,FP_promptbench,0,0.9922457202318546,1,,,,
D3_06430,G_03639,en,FP_promptbench,0,0.9969330283494482,1,,,,
D3_06431,G_04084,en,FP_promptbench,0,0.9955108244637335,1,,,,
D3_06432,G_03634,en,FP_promptbench,0,0.9917720905769952,1,,,,
D3_06433,G_02013,en,FP_promptbench,0,0.9457874131217535,1,,,,
D3_06434,G_02007,en,FP_promptbench,0,0.9842360103451585,1,,,,
D3_06435,G_02016,en,FP_promptbench,0,0.9900055246105003,1,,,,
D3_06437,G_04084,en,FP_promptbench,0,0.9950028019162764,1,,,,
D3_06438,G_04520,en,FP_promptbench,0,0.9760792319982553,1,,,,
D3_06439,G_02013,en,FP_promptbench,0,0.969079206230443,1,,,,
D3_06440,G_04522,en,FP_promptbench,0,0.9497950470433929,1,,,,
D3_06441,G_04523,en,FP_promptbench,0,0.9853521760792971,1,,,,
D3_06442,G_04524,en,FP_promptbench,0,0.9975221278142816,1,,,,
D3_06443,G_04525,en,FP_promptbench,0,0.9830521705428684,1,,,,
D3_06444,G_04526,en,FP_promptbench,0,0.9507951209188799,1,,,,
D3_06445,G_04527,en,FP_promptbench,0,0.8835951691445465,1,,,,
D3_06446,G_04528,en,FP_promptbench,0,0.9298053167456597,1,,,,
D3_06447,G_04529,en,FP_promptbench,0,0.9161843825453736,1,,,,
D3_06448,G_04530,en,FP_promptbench,0,0.9861503464842893,1,,,,
D3_06449,G_04531,en,FP_promptbench,0,0.9559305958828137,1,,,,
D3_06531,G_04532,en,FP_promptbench,0,0.5904146069420371,0,,,,
D3_06532,G_04533,en,FP_promptbench,0,0.30802044593389477,0,,,,
D3_06533,G_04534,en,FP_promptbench,0,0.9597519350236207,1,,,,
D3_06534,G_04535,en,FP_promptbench,0,0.74019845519908,1,,,,
D3_06535,G_04536,en,FP_promptbench,0,0.9475595417931705,1,,,,
D3_06536,G_04537,en,FP_promptbench,0,0.9643972206184543,1,,,,
D3_06537,G_02119,en,FP_promptbench,0,0.6795309780828729,0,,,,
D3_06538,G_02126,en,FP_promptbench,0,0.8793970844053925,1,,,,
D3_06539,G_04540,en,FP_promptbench,0,0.9679481607295084,1,,,,
D3_06540,G_04541,en,FP_promptbench,0,0.8995672049448104,1,,,,
D3_06541,G_04542,en,FP_promptbench,0,0.9507044037428796,1,,,,
D3_06542,G_03168,en,FP_promptbench,0,0.965328579116757,1,,,,
D3_06543,G_04544,en,FP_promptbench,0,0.5766404542827869,0,,,,
D3_06544,G_04545,en,FP_promptbench,0,0.8779063739010612,1,,,,
D3_06546,G_02135,en,FP_promptbench,0,0.8930320337764047,1,,,,
D3_06547,G_04542,en,FP_promptbench,0,0.9461202656775208,1,,,,
D3_06548,G_04548,en,FP_promptbench,0,0.9425325407998563,1,,,,
D3_06550,G_04549,en,FP_promptbench,0,0.9151775109475773,1,,,,
D3_06552,G_02135,en,FP_promptbench,0,0.8669804041259288,1,,,,
D3_06553,G_04542,en,FP_promptbench,0,0.9476370643165072,1,,,,
D3_06554,G_04552,en,FP_promptbench,0,0.972135341250492,1,,,,
D3_06555,G_04553,en,FP_promptbench,0,0.6140144640539748,0,,,,
D3_06556,G_02126,en,FP_promptbench,0,0.8864376080546884,1,,,,
D3_06558,G_04555,en,FP_promptbench,0,0.8826374956070795,1,,,,
D3_06559,G_04556,en,FP_promptbench,0,0.9609119968126952,1,,,,
D3_06560,G_04557,en,FP_promptbench,0,0.9670945850192998,1,,,,
D3_06561,G_04558,en,FP_promptbench,0,0.5383137848886103,0,,,,
D3_06562,G_04559,en,FP_promptbench,0,0.6652526449017021,0,,,,
D3_06563,G_04560,en,FP_promptbench,0,0.6477164414643802,0,,,,
D3_06564,G_04561,en,FP_promptbench,0,0.8360427287040507,1,,,,
D3_06565,G_04562,en,FP_promptbench,0,0.9832479733597738,1,,,,
D3_06566,G_04563,en,FP_promptbench,0,0.9482236802108538,1,,,,
D3_06648,G_04564,en,FP_promptbench,0,0.6367865532995336,0,,,,
D3_06649,G_04565,en,FP_promptbench,0,0.8890727640437459,1,,,,
D3_06650,G_04566,en,FP_promptbench,0,0.7578225559007155,1,,,,
D3_06651,G_04567,en,FP_promptbench,0,0.8288297219697279,1,,,,
D3_06652,G_04568,en,FP_promptbench,0,0.9666978751245212,1,,,,
D3_06653,G_04569,en,FP_promptbench,0,0.7481889682861538,1,,,,
D3_06654,G_02235,en,FP_promptbench,0,0.5576502972297048,0,,,,
D3_06655,G_02239,en,FP_promptbench,0,0.7934804498747572,1,,,,
D3_06656,G_02243,en,FP_promptbench,0,0.7425724383263815,1,,,,
D3_06657,G_04642,en,FP_promptbench,0,0.7845973473892234,1,,,,
D3_06658,G_03281,en,FP_promptbench,0,0.9806925263960827,1,,,,
D3_06659,G_02249,en,FP_promptbench,0,0.7771496843983267,1,,,,
D3_06660,G_02235,en,FP_promptbench,0,0.6576979251009025,0,,,,
D3_06661,G_02239,en,FP_promptbench,0,0.8088590450163203,1,,,,
D3_06662,G_04578,en,FP_promptbench,0,0.6971034720177856,0,,,,
D3_06663,G_04579,en,FP_promptbench,0,0.8634013307452291,1,,,,
D3_06665,G_02249,en,FP_promptbench,0,0.691596790934508,0,,,,
D3_06666,G_04581,en,FP_promptbench,0,0.6504054274995069,0,,,,
D3_06669,G_04642,en,FP_promptbench,0,0.8191277198922335,1,,,,
D3_06671,G_02249,en,FP_promptbench,0,0.7530901193448505,1,,,,
D3_06672,G_04584,en,FP_promptbench,0,0.5803820885512636,0,,,,
D3_06673,G_04585,en,FP_promptbench,0,0.6729258843738812,0,,,,
D3_06674,G_02243,en,FP_promptbench,0,0.6506001146209732,0,,,,
D3_06675,G_04587,en,FP_promptbench,0,0.8346385509622333,1,,,,
D3_06676,G_03281,en,FP_promptbench,0,0.9639328660206573,1,,,,
D3_06677,G_04589,en,FP_promptbench,0,0.7906161272177114,1,,,,
D3_06678,G_04590,en,FP_promptbench,0,0.48494178026068396,0,,,,
D3_06679,G_04591,en,FP_promptbench,0,0.8423802333991036,1,,,,
D3_06680,G_04592,en,FP_promptbench,0,0.6095629315423429,0,,,,
D3_06681,G_04593,en,FP_promptbench,0,0.8016296020036869,1,,,,
D3_06682,G_03281,en,FP_promptbench,0,0.9786399145918414,1,,,,
D3_06683,G_04595,en,FP_promptbench,0,0.5048247982608924,0,,,,
D3_06764,G_04596,en,FP_promptbench,0,0.6967451185520265,0,,,,
D3_06765,G_04597,en,FP_promptbench,0,0.3712689909220109,0,,,,
D3_06766,G_04598,en,FP_promptbench,0,0.6575404657800736,0,,,,
D3_06767,G_04599,en,FP_promptbench,0,0.9070036850406971,1,,,,
D3_06768,G_04600,en,FP_promptbench,0,0.13651588561209782,0,,,,
D3_06769,G_04601,en,FP_promptbench,0,0.8969526176443567,1,,,,
D3_06770,G_04180,en,FP_promptbench,0,0.8181303304435157,1,,,,
D3_06771,G_02355,en,FP_promptbench,0,0.6216941681423375,0,,,,
D3_06772,G_03219,en,FP_promptbench,0,0.692285207848258,0,,,,
D3_06773,G_04605,en,FP_promptbench,0,0.9806242396044752,1,,,,
D3_06774,G_03230,en,FP_promptbench,0,0.9619347609542724,1,,,,
D3_06775,G_02363,en,FP_promptbench,0,0.7450710169577137,1,,,,
D3_06776,G_04180,en,FP_promptbench,0,0.5872379034179238,0,,,,
D3_06777,G_02355,en,FP_promptbench,0,0.6072368097694876,0,,,,
D3_06779,G_04610,en,FP_promptbench,0,0.9102251935562198,1,,,,
D3_06780,G_03230,en,FP_promptbench,0,0.8739313825436668,1,,,,
D3_06782,G_04612,en,FP_promptbench,0,0.8664860085883476,1,,,,
D3_06783,G_03255,en,FP_promptbench,0,0.7468332227677174,1,,,,
D3_06785,G_02364,en,FP_promptbench,0,0.9849384981307086,1,,,,
D3_06787,G_02363,en,FP_promptbench,0,0.7489284492572511,1,,,,
D3_06788,G_04180,en,FP_promptbench,0,0.8239728635131677,1,,,,
D3_06789,G_04617,en,FP_promptbench,0,0.6746120552253877,0,,,,
D3_06790,G_03219,en,FP_promptbench,0,0.7160312728979799,1,,,,
D3_06791,G_04619,en,FP_promptbench,0,0.9687621010900976,1,,,,
D3_06792,G_04620,en,FP_promptbench,0,0.7673631525988275,1,,,,
D3_06793,G_04621,en,FP_promptbench,0,0.8317286922392982,1,,,,
D3_06794,G_04622,en,FP_promptbench,0,0.6451420709238409,0,,,,
D3_06795,G_04623,en,FP_promptbench,0,0.6197243746344491,0,,,,
D3_06796,G_04624,en,FP_promptbench,0,0.3625516373526246,0,,,,
D3_06797,G_04625,en,FP_promptbench,0,0.9800771528069684,1,,,,
D3_06798,G_04626,en,FP_promptbench,0,0.5787684046692089,0,,,,
D3_06799,G_04627,en,FP_promptbench,0,0.6789189849191836,0,,,,
D3_06881,G_04628,en,FP_promptbench,0,0.9675853471510385,1,,,,
D3_06882,G_04629,en,FP_promptbench,0,0.9101068637095647,1,,,,
D3_06883,G_04630,en,FP_promptbench,0,0.950198170643284,1,,,,
D3_06884,G_04631,en,FP_promptbench,0,0.7458156061068516,1,,,,
D3_06885,G_04632,en,FP_promptbench,0,0.9316543900137944,1,,,,
D3_06886,G_04633,en,FP_promptbench,0,0.9913899099642633,1,,,,
D3_06887,G_04639,en,FP_promptbench,0,0.9640242028498854,1,,,,
D3_06888,G_04635,en,FP_promptbench,0,0.8959801674541226,1,,,,
D3_06889,G_04636,en,FP_promptbench,0,0.9560597422942375,1,,,,
D3_06890,G_04637,en,FP_promptbench,0,0.7886365374294028,1,,,,
D3_06891,G_02468,en,FP_promptbench,0,0.8925589924560778,1,,,,
D3_06893,G_04639,en,FP_promptbench,0,0.9540364388105411,1,,,,
D3_06894,G_04635,en,FP_promptbench,0,0.8976290610254037,1,,,,
D3_06895,G_02242,en,FP_promptbench,0,0.9588140046920779,1,,,,
D3_06896,G_04642,en,FP_promptbench,0,0.781914253332132,1,,,,
D3_06899,G_04643,en,FP_promptbench,0,0.9694263818653728,1,,,,
D3_06900,G_04644,en,FP_promptbench,0,0.9292861151960204,1,,,,
D3_06901,G_04645,en,FP_promptbench,0,0.9681370061600172,1,,,,
D3_06902,G_04642,en,FP_promptbench,0,0.849823824309335,1,,,,
D3_06903,G_04647,en,FP_promptbench,0,0.9220691491570261,1,,,,
D3_06905,G_04639,en,FP_promptbench,0,0.9662707545279089,1,,,,
D3_06906,G_04635,en,FP_promptbench,0,0.8933232695593596,1,,,,
D3_06907,G_02242,en,FP_promptbench,0,0.9594691326250699,1,,,,
D3_06908,G_04651,en,FP_promptbench,0,0.7188292887299984,1,,,,
D3_06909,G_04652,en,FP_promptbench,0,0.8584198131558152,1,,,,
D3_06911,G_04653,en,FP_promptbench,0,0.5485452647230991,0,,,,
D3_06912,G_04654,en,FP_promptbench,0,0.8444171958049842,1,,,,
D3_06913,G_04655,en,FP_promptbench,0,0.956722553207982,1,,,,
D3_06914,G_04656,en,FP_promptbench,0,0.7323428352483288,1,,,,
D3_06915,G_02468,en,FP_promptbench,0,0.9454646153973189,1,,,,
D3_06997,G_04658,en,FP_promptbench,0,0.9649756843356289,1,,,,
D3_06998,G_04659,en,FP_promptbench,0,0.7933735505183744,1,,,,
D3_06999,G_04660,en,FP_promptbench,0,0.9880794832399679,1,,,,
D3_07000,G_04661,en,FP_promptbench,0,0.992747953560047,1,,,,
D3_07001,G_04662,en,FP_promptbench,0,0.983805233672947,1,,,,
D3_07002,G_04663,en,FP_promptbench,0,0.9954115960309714,1,,,,
D3_07003,G_02501,en,FP_promptbench,0,0.9883422399114514,1,,,,
D3_07004,G_02497,en,FP_promptbench,0,0.9317525882114279,1,,,,
D3_07005,G_02519,en,FP_promptbench,0,0.9845770388160859,1,,,,
D3_07006,G_02503,en,FP_promptbench,0,0.9905593615647355,1,,,,
D3_07007,G_03806,en,FP_promptbench,0,0.9950894388084758,1,,,,
D3_07008,G_02509,en,FP_promptbench,0,0.9814618224615671,1,,,,
D3_07009,G_02501,en,FP_promptbench,0,0.964738853956185,1,,,,
D3_07010,G_04671,en,FP_promptbench,0,0.9324266401940337,1,,,,
D3_07011,G_04672,en,FP_promptbench,0,0.9586211594605091,1,,,,
D3_07012,G_04673,en,FP_promptbench,0,0.9648303825026823,1,,,,
D3_07013,G_04674,en,FP_promptbench,0,0.9898186080701776,1,,,,
D3_07014,G_02509,en,FP_promptbench,0,0.9863925724893294,1,,,,
D3_07015,G_04676,en,FP_promptbench,0,0.991119301218456,1,,,,
D3_07016,G_04677,en,FP_promptbench,0,0.9560881562700069,1,,,,
D3_07020,G_04678,en,FP_promptbench,0,0.9863782116108686,1,,,,
D3_07021,G_02501,en,FP_promptbench,0,0.9897206509232868,1,,,,
D3_07022,G_04680,en,FP_promptbench,0,0.8803459360603358,1,,,,
D3_07023,G_02519,en,FP_promptbench,0,0.9892052070599069,1,,,,
D3_07024,G_04682,en,FP_promptbench,0,0.9729368107178806,1,,,,
D3_07025,G_03806,en,FP_promptbench,0,0.9951787562773347,1,,,,
D3_07027,G_04684,en,FP_promptbench,0,0.9246989301998347,1,,,,
D3_07028,G_04685,en,FP_promptbench,0,0.6602892521788672,0,,,,
D3_07029,G_04686,en,FP_promptbench,0,0.977774491909161,1,,,,
D3_07030,G_02503,en,FP_promptbench,0,0.975274224380475,1,,,,
D3_07031,G_04688,en,FP_promptbench,0,0.9960656683697079,1,,,,
D3_07032,G_04689,en,FP_promptbench,0,0.8026735097141308,1,,,,
D3_07113,G_04690,en,FP_promptbench,0,0.9759421088955691,1,,,,
D3_07114,G_04691,en,FP_promptbench,0,0.8829402467620149,1,,,,
D3_07115,G_04692,en,FP_promptbench,0,0.9248189712638881,1,,,,
D3_07116,G_02613,en,FP_promptbench,0,0.9314636763598353,1,,,,
D3_07117,G_04694,en,FP_promptbench,0,0.9586487321099361,1,,,,
D3_07118,G_04695,en,FP_promptbench,0,0.9851413422757076,1,,,,
D3_07119,G_02607,en,FP_promptbench,0,0.9785578487506075,1,,,,
D3_07120,G_02603,en,FP_promptbench,0,0.9366310675016442,1,,,,
D3_07121,G_02610,en,FP_promptbench,0,0.9816627065596727,1,,,,
D3_07122,G_04699,en,FP_promptbench,0,0.9668060889650619,1,,,,
D3_07123,G_02613,en,FP_promptbench,0,0.9136341073493512,1,,,,
D3_07124,G_02621,en,FP_promptbench,0,0.9780911363520918,1,,,,
D3_07125,G_04702,en,FP_promptbench,0,0.9752583310768719,1,,,,
D3_07126,G_04703,en,FP_promptbench,0,0.9050457645222897,1,,,,
D3_07127,G_04704,en,FP_promptbench,0,0.9798439859165361,1,,,,
D3_07128,G_04699,en,FP_promptbench,0,0.956836217220652,1,,,,
D3_07129,G_04706,en,FP_promptbench,0,0.9219006197938984,1,,,,
D3_07131,G_04707,en,FP_promptbench,0,0.9822292938029503,1,,,,
D3_07132,G_04708,en,FP_promptbench,0,0.9320504941847432,1,,,,
D3_07133,G_02610,en,FP_promptbench,0,0.9858602374536085,1,,,,
D3_07135,G_02613,en,FP_promptbench,0,0.9147529929809978,1,,,,
D3_07137,G_04711,en,FP_promptbench,0,0.9791475454925846,1,,,,
D3_07138,G_02603,en,FP_promptbench,0,0.9035920250366261,1,,,,
D3_07139,G_04713,en,FP_promptbench,0,0.9872648456270608,1,,,,
D3_07140,G_04714,en,FP_promptbench,0,0.8997381601583371,1,,,,
D3_07141,G_04715,en,FP_promptbench,0,0.9083448793152475,1,,,,
D3_07142,G_04716,en,FP_promptbench,0,0.9669996100237325,1,,,,
D3_07143,G_04717,en,FP_promptbench,0,0.9734113737164596,1,,,,
D3_07144,G_04718,en,FP_promptbench,0,0.7924853425293605,1,,,,
D3_07145,G_04719,en,FP_promptbench,0,0.9797649457767207,1,,,,
D3_07146,G_04720,en,FP_promptbench,0,0.9488975426743552,1,,,,
D3_07147,G_04721,en,FP_promptbench,0,0.8792170739570861,1,,,,
D3_07148,G_04722,en,FP_promptbench,0,0.9611835428473998,1,,,,
D3_07229,G_04723,en,FP_promptbench,0,0.8798039210676551,1,,,,
D3_07231,G_04724,en,FP_promptbench,0,0.955271788155963,1,,,,
D3_07232,G_04725,en,FP_promptbench,0,0.7019750447816433,0,,,,
D3_07233,G_04726,en,FP_promptbench,0,0.9794453774322562,1,,,,
D3_07234,G_04727,en,FP_promptbench,0,0.9848416666722926,1,,,,
D3_07235,G_03387,en,FP_promptbench,0,0.9020081302791891,1,,,,
D3_07236,G_04729,en,FP_promptbench,0,0.7872315302952599,1,,,,
D3_07237,G_03384,en,FP_promptbench,0,0.9515890131834037,1,,,,
D3_07238,G_04731,en,FP_promptbench,0,0.6681470780654898,0,,,,
D3_07239,G_04732,en,FP_promptbench,0,0.9805203865152038,1,,,,
D3_07240,G_02732,en,FP_promptbench,0,0.9802221709352752,1,,,,
D3_07241,G_04734,en,FP_promptbench,0,0.9817136445780095,1,,,,
D3_07243,G_04735,en,FP_promptbench,0,0.9255076389320943,1,,,,
D3_07244,G_04736,en,FP_promptbench,0,0.43103585842855807,0,,,,
D3_07245,G_04737,en,FP_promptbench,0,0.9797259314727501,1,,,,
D3_07246,G_04738,en,FP_promptbench,0,0.9750519392815733,1,,,,
D3_07247,G_04352,en,FP_promptbench,0,0.8729258850870525,1,,,,
D3_07249,G_04317,en,FP_promptbench,0,0.92481785985982,1,,,,
D3_07252,G_04741,en,FP_promptbench,0,0.964872145131338,1,,,,
D3_07253,G_04742,en,FP_promptbench,0,0.815235209739052,1,,,,
D3_07255,G_04743,en,FP_promptbench,0,0.9506151777184636,1,,,,
D3_07256,G_04744,en,FP_promptbench,0,0.5837529144687195,0,,,,
D3_07257,G_02730,en,FP_promptbench,0,0.989106467029836,1,,,,
D3_07258,G_04746,en,FP_promptbench,0,0.9864014490570321,1,,,,
D3_07259,G_04747,en,FP_promptbench,0,0.8381284348699237,1,,,,
D3_07261,G_04748,en,FP_promptbench,0,0.9213102953591564,1,,,,
D3_07262,G_04749,en,FP_promptbench,0,0.6105063594971087,0,,,,
D3_07263,G_04750,en,FP_promptbench,0,0.9542374233041696,1,,,,
D3_07264,G_04751,en,FP_promptbench,0,0.915808034535672,1,,,,
D3_07345,G_04752,en,FP_promptbench,0,0.8681547156282836,1,,,,
D3_07346,G_04753,en,FP_promptbench,0,0.6908750983575096,0,,,,
D3_07347,G_04754,en,FP_promptbench,0,0.7962042937045896,1,,,,
D3_07348,G_04755,en,FP_promptbench,0,0.7739385602072696,1,,,,
D3_07349,G_04756,en,FP_promptbench,0,0.9378980316898637,1,,,,
D3_07350,G_04757,en,FP_promptbench,0,0.9714323582955332,1,,,,
D3_07351,G_03384,en,FP_promptbench,0,0.9513850664441986,1,,,,
D3_07352,G_04759,en,FP_promptbench,0,0.8180985261481921,1,,,,
D3_07353,G_04760,en,FP_promptbench,0,0.6335510580331595,0,,,,
D3_07354,G_04761,en,FP_promptbench,0,0.9862257441414085,1,,,,
D3_07355,G_04309,en,FP_promptbench,0,0.9385417663459926,1,,,,
D3_07356,G_04763,en,FP_promptbench,0,0.9781905943871145,1,,,,
D3_07357,G_04764,en,FP_promptbench,0,0.9652900119890884,1,,,,
D3_07358,G_02721,en,FP_promptbench,0,0.7922204587409083,1,,,,
D3_07359,G_04766,en,FP_promptbench,0,0.7982675011537611,1,,,,
D3_07360,G_04767,en,FP_promptbench,0,0.9815487403737233,1,,,,
D3_07361,G_04768,en,FP_promptbench,0,0.9580590916462746,1,,,,
D3_07362,G_04769,en,FP_promptbench,0,0.9818730353915242,1,,,,
D3_07364,G_02759,en,FP_promptbench,0,0.8555627668703659,1,,,,
D3_07365,G_04771,en,FP_promptbench,0,0.7612872038157814,1,,,,
D3_07366,G_04772,en,FP_promptbench,0,0.9870484714555693,1,,,,
D3_07368,G_04773,en,FP_promptbench,0,0.964971050656025,1,,,,
D3_07369,G_04774,en,FP_promptbench,0,0.9436265872028122,1,,,,
D3_07370,G_04775,en,FP_promptbench,0,0.6601826403800948,0,,,,
D3_07371,G_04776,en,FP_promptbench,0,0.640814331245012,0,,,,
D3_07372,G_04777,en,FP_promptbench,0,0.9692195458285855,1,,,,
D3_07373,G_02738,en,FP_promptbench,0,0.9284146340606889,1,,,,
D3_07374,G_02737,en,FP_promptbench,0,0.984128808696045,1,,,,
D3_07375,G_04780,en,FP_promptbench,0,0.9747260843296615,1,,,,
D3_07376,G_04781,en,FP_promptbench,0,0.7148649549338179,1,,,,
D3_07377,G_04782,en,FP_promptbench,0,0.8836591692361205,1,,,,
D3_07378,G_04783,en,FP_promptbench,0,0.9983146016891435,1,,,,
D3_07379,G_04784,en,FP_promptbench,0,0.926332986938457,1,,,,
D3_07380,G_04785,en,FP_promptbench,0,0.9804758093126075,1,,,,
D3_07462,G_04786,en,FP_promptbench,0,0.9854658017295762,1,,,,
D3_07463,G_04787,en,FP_promptbench,0,0.9911227042464628,1,,,,
D3_07464,G_04788,en,FP_promptbench,0,0.984640116116125,1,,,,
D3_07465,G_04789,en,FP_promptbench,0,0.916307209149153,1,,,,
D3_07466,G_04790,en,FP_promptbench,0,0.9264620173880029,1,,,,
D3_07467,G_04791,en,FP_promptbench,0,0.9685764132479517,1,,,,
D3_07468,G_04792,en,FP_promptbench,0,0.9813212094650181,1,,,,
D3_07470,G_04793,en,FP_promptbench,0,0.9979898350363371,1,,,,
D3_07471,G_04794,en,FP_promptbench,0,0.9675496437315075,1,,,,
D3_07472,G_04795,en,FP_promptbench,0,0.9488857889044919,1,,,,
D3_07473,G_04796,en,FP_promptbench,0,0.9645681376489551,1,,,,
D3_07475,G_03470,en,FP_promptbench,0,0.9641895771326733,1,,,,
D3_07476,G_04798,en,FP_promptbench,0,0.9939010556347601,1,,,,
D3_07477,G_02872,en,FP_promptbench,0,0.9746454975209149,1,,,,
D3_07478,G_02867,en,FP_promptbench,0,0.9348966935368956,1,,,,
D3_07480,G_04801,en,FP_promptbench,0,0.9813690719519133,1,,,,
D3_07481,G_03508,en,FP_promptbench,0,0.9918145561332801,1,,,,
D3_07482,G_04803,en,FP_promptbench,0,0.99704825907951,1,,,,
D3_07483,G_04804,en,FP_promptbench,0,0.9735224908672843,1,,,,
D3_07484,G_04805,en,FP_promptbench,0,0.9590502768308606,1,,,,
D3_07485,G_02863,en,FP_promptbench,0,0.9012752041147117,1,,,,
D3_07486,G_04786,en,FP_promptbench,0,0.979993129927125,1,,,,
D3_07487,G_04808,en,FP_promptbench,0,0.9737478420935328,1,,,,
D3_07488,G_04809,en,FP_promptbench,0,0.9978570033190839,1,,,,
D3_07490,G_04810,en,FP_promptbench,0,0.9526268635826952,1,,,,
D3_07491,G_04811,en,FP_promptbench,0,0.7225582435752849,1,,,,
D3_07493,G_04812,en,FP_promptbench,0,0.9453057610932442,1,,,,
D3_07494,G_02868,en,FP_promptbench,0,0.9978180552843413,1,,,,
D3_07495,G_04814,en,FP_promptbench,0,0.9298893324934864,1,,,,
D3_07576,G_04815,en,FP_promptbench,0,0.4199598299322089,0,,,,
D3_07577,G_04816,en,FP_promptbench,0,0.5362868700367017,0,,,,
D3_07578,G_04817,en,FP_promptbench,0,0.35977334437725295,0,,,,
D3_07579,G_04818,en,FP_promptbench,0,0.7169881436915297,1,,,,
D3_07580,G_04819,en,FP_promptbench,0,0.8827327811279857,1,,,,
D3_07581,G_04820,en,FP_promptbench,0,0.36259828743260547,0,,,,
D3_07582,G_01667,en,FP_promptbench,0,0.8943775858423224,1,,,,
D3_07583,G_01663,en,FP_promptbench,0,0.810054377381548,1,,,,
D3_07584,G_01666,en,FP_promptbench,0,0.3125863539680455,0,,,,
D3_07585,G_01679,en,FP_promptbench,0,0.7531627724936182,1,,,,
D3_07586,G_01680,en,FP_promptbench,0,0.8980287367717024,1,,,,
D3_07587,G_01676,en,FP_promptbench,0,0.8902479429745077,1,,,,
D3_07588,G_04827,en,FP_promptbench,0,0.7229753672425748,1,,,,
D3_07589,G_04828,en,FP_promptbench,0,0.8411106492155583,1,,,,
D3_07590,G_04829,en,FP_promptbench,0,0.2648469143385948,0,,,,
D3_07591,G_04830,en,FP_promptbench,0,0.810610948534552,1,,,,
D3_07592,G_04831,en,FP_promptbench,0,0.9274997999821195,1,,,,
D3_07593,G_01676,en,FP_promptbench,0,0.8952242645805292,1,,,,
D3_07594,G_01667,en,FP_promptbench,0,0.8835055807166609,1,,,,
D3_07595,G_01663,en,FP_promptbench,0,0.8628871533482677,1,,,,
D3_07596,G_04835,en,FP_promptbench,0,0.5134040058359106,0,,,,
D3_07598,G_01680,en,FP_promptbench,0,0.9142875759433898,1,,,,
D3_07599,G_01676,en,FP_promptbench,0,0.8867008410506376,1,,,,
D3_07600,G_04838,en,FP_promptbench,0,0.8900223365555047,1,,,,
D3_07601,G_04839,en,FP_promptbench,0,0.5212970611780485,0,,,,
D3_07602,G_04840,en,FP_promptbench,0,0.6495767233376755,0,,,,
D3_07603,G_04841,en,FP_promptbench,0,0.6716449745216281,0,,,,
D3_07604,G_04842,en,FP_promptbench,0,0.7485175821468774,1,,,,
D3_07605,G_04843,en,FP_promptbench,0,0.7594742256163676,1,,,,
D3_07606,G_04844,en,FP_promptbench,0,0.924886372143405,1,,,,
D3_07607,G_04845,en,FP_promptbench,0,0.22182582760726752,0,,,,
D3_07608,G_04846,en,FP_promptbench,0,0.6068895162074331,0,,,,
D3_07609,G_04847,en,FP_promptbench,0,0.9168855655442083,1,,,,
D3_07610,G_04848,en,FP_promptbench,0,0.8544080303381684,1,,,,
D3_07611,G_04849,en,FP_promptbench,0,0.8875662213822361,1,,,,
D3_07692,G_04850,en,FP_promptbench,0,0.4224226164491565,0,,,,
D3_07693,G_04851,en,FP_promptbench,0,0.3934090363946124,0,,,,
D3_07694,G_04852,en,FP_promptbench,0,0.5795596463030339,0,,,,
D3_07695,G_04853,en,FP_promptbench,0,0.6466471234500635,0,,,,
D3_07696,G_04854,en,FP_promptbench,0,0.9621901521930815,1,,,,
D3_07697,G_04855,en,FP_promptbench,0,0.9365627683413092,1,,,,
D3_07698,G_01783,en,FP_promptbench,0,0.5272868462232532,0,,,,
D3_07699,G_03579,en,FP_promptbench,0,0.8633438834041329,1,,,,
D3_07700,G_01816,en,FP_promptbench,0,0.7943721752594624,1,,,,
D3_07701,G_03045,en,FP_promptbench,0,0.8614498026333933,1,,,,
D3_07702,G_01819,en,FP_promptbench,0,0.9739215114453762,1,,,,
D3_07703,G_01794,en,FP_promptbench,0,0.7823402227759081,1,,,,
D3_07704,G_04862,en,FP_promptbench,0,0.5662825278890088,0,,,,
D3_07706,G_04863,en,FP_promptbench,0,0.6643304750729966,0,,,,
D3_07707,G_04864,en,FP_promptbench,0,0.7524434429024225,1,,,,
D3_07709,G_04865,en,FP_promptbench,0,0.7811833160615114,1,,,,
D3_07710,G_01783,en,FP_promptbench,0,0.6223277877520627,0,,,,
D3_07711,G_04867,en,FP_promptbench,0,0.890903953559327,1,,,,
D3_07713,G_03045,en,FP_promptbench,0,0.8983467797214375,1,,,,
D3_07714,G_01819,en,FP_promptbench,0,0.9782431592299495,1,,,,
D3_07715,G_03581,en,FP_promptbench,0,0.8315326848738029,1,,,,
D3_07716,G_04871,en,FP_promptbench,0,0.2957107780644045,0,,,,
D3_07718,G_04872,en,FP_promptbench,0,0.7007633883784656,0,,,,
D3_07719,G_04873,en,FP_promptbench,0,0.8426461856617999,1,,,,
D3_07721,G_04874,en,FP_promptbench,0,0.7832260316551396,1,,,,
D3_07722,G_04875,en,FP_promptbench,0,0.44255676666860516,0,,,,
D3_07724,G_04876,en,FP_promptbench,0,0.6064064361216341,0,,,,
D3_07725,G_04877,en,FP_promptbench,0,0.8918665839169221,1,,,,
D3_07727,G_04878,en,FP_promptbench,0,0.7627961911551686,1,,,,
D3_07809,G_04879,en,FP_promptbench,0,0.8972136677836084,1,,,,
D3_07810,G_04880,en,FP_promptbench,0,0.9749801680147613,1,,,,
D3_07811,G_04881,en,FP_promptbench,0,0.7678977383239615,1,,,,
D3_07812,G_04882,en,FP_promptbench,0,0.8192925221933437,1,,,,
D3_07813,G_04883,en,FP_promptbench,0,0.8366187863278001,1,,,,
D3_07814,G_04884,en,FP_promptbench,0,0.8340259098012606,1,,,,
D3_07815,G_01893,en,FP_promptbench,0,0.955543426808896,1,,,,
D3_07816,G_03601,en,FP_promptbench,0,0.4982201191504766,0,,,,
D3_07817,G_01897,en,FP_promptbench,0,0.9404006625243656,1,,,,
D3_07818,G_01903,en,FP_promptbench,0,0.8949750191567212,1,,,,
D3_07819,G_04475,en,FP_promptbench,0,0.9670283480567808,1,,,,
D3_07820,G_04476,en,FP_promptbench,0,0.9841498335231651,1,,,,
D3_07821,G_04891,en,FP_promptbench,0,0.7280899898775782,1,,,,
D3_07822,G_04892,en,FP_promptbench,0,0.3434392333951379,0,,,,
D3_07823,G_04893,en,FP_promptbench,0,0.9107312355902127,1,,,,
D3_07824,G_04894,en,FP_promptbench,0,0.815388478727447,1,,,,
D3_07825,G_04895,en,FP_promptbench,0,0.9703534211597186,1,,,,
D3_07826,G_04476,en,FP_promptbench,0,0.8814268399046461,1,,,,
D3_07827,G_04897,en,FP_promptbench,0,0.9694682909413092,1,,,,
D3_07829,G_04898,en,FP_promptbench,0,0.9533476248320103,1,,,,
D3_07830,G_04899,en,FP_promptbench,0,0.9174397037216772,1,,,,
D3_07833,G_04900,en,FP_promptbench,0,0.808621515452739,1,,,,
D3_07834,G_04901,en,FP_promptbench,0,0.38470851914791065,0,,,,
D3_07835,G_04902,en,FP_promptbench,0,0.8478679665343405,1,,,,
D3_07836,G_01903,en,FP_promptbench,0,0.9094350642811233,1,,,,
D3_07837,G_04904,en,FP_promptbench,0,0.9827821710088065,1,,,,
D3_07838,G_04905,en,FP_promptbench,0,0.9862234358770015,1,,,,
D3_07839,G_04906,en,FP_promptbench,0,0.27437538990232635,0,,,,
D3_07840,G_04907,en,FP_promptbench,0,0.3032804952035658,0,,,,
D3_07841,G_04908,en,FP_promptbench,0,0.6266836326771433,0,,,,
D3_07842,G_04909,en,FP_promptbench,0,0.7831760191634264,1,,,,
D3_07843,G_04910,en,FP_promptbench,0,0.8715278311621562,1,,,,
D3_07844,G_04911,en,FP_promptbench,0,0.8617227591804963,1,,,,
D3_07925,G_04912,en,FP_promptbench,0,0.98062731511831,1,,,,
D3_07926,G_04913,en,FP_promptbench,0,0.9630262102536639,1,,,,
D3_07927,G_04914,en,FP_promptbench,0,0.8499381648110833,1,,,,
D3_07928,G_04915,en,FP_promptbench,0,0.9741264522913384,1,,,,
D3_07929,G_04916,en,FP_promptbench,0,0.9956023223809,1,,,,
D3_07930,G_04917,en,FP_promptbench,0,0.9946511955801297,1,,,,
D3_07932,G_02011,en,FP_promptbench,0,0.9842723568544838,1,,,,
D3_07933,G_02014,en,FP_promptbench,0,0.9547416487940025,1,,,,
D3_07934,G_02016,en,FP_promptbench,0,0.9898526471538507,1,,,,
D3_07935,G_02020,en,FP_promptbench,0,0.9958482704795588,1,,,,
D3_07936,G_03639,en,FP_promptbench,0,0.996576612143085,1,,,,
D3_07937,G_04923,en,FP_promptbench,0,0.984739850425845,1,,,,
D3_07939,G_02014,en,FP_promptbench,0,0.9578973359682573,1,,,,
D3_07940,G_04925,en,FP_promptbench,0,0.9862003473591506,1,,,,
D3_07941,G_02020,en,FP_promptbench,0,0.9973314482567972,1,,,,
D3_07942,G_03639,en,FP_promptbench,0,0.9970559656295569,1,,,,
D3_07943,G_03634,en,FP_promptbench,0,0.9900197215258761,1,,,,
D3_07945,G_02014,en,FP_promptbench,0,0.9604423541789316,1,,,,
D3_07948,G_03639,en,FP_promptbench,0,0.9964287726213336,1,,,,
D3_07949,G_04931,en,FP_promptbench,0,0.9886418734730302,1,,,,
D3_07950,G_04932,en,FP_promptbench,0,0.9839640589302726,1,,,,
D3_07951,G_04933,en,FP_promptbench,0,0.9186569796867713,1,,,,
D3_07952,G_04934,en,FP_promptbench,0,0.9830136891393919,1,,,,
D3_07953,G_04935,en,FP_promptbench,0,0.9957015726049862,1,,,,
D3_07954,G_04936,en,FP_promptbench,0,0.9962220325377076,1,,,,
D3_07955,G_04937,en,FP_promptbench,0,0.9718796217813538,1,,,,
D3_07956,G_04938,en,FP_promptbench,0,0.827930447449699,1,,,,
D3_07957,G_04939,en,FP_promptbench,0,0.4822102687728206,0,,,,
D3_07958,G_04940,en,FP_promptbench,0,0.870513671742576,1,,,,
D3_07959,G_04941,en,FP_promptbench,0,0.9602938872998971,1,,,,
D3_07960,G_04942,en,FP_promptbench,0,0.9816188922548368,1,,,,
D3_08042,G_04943,en,FP_promptbench,0,0.2554798579611432,0,,,,
D3_08043,G_04944,en,FP_promptbench,0,0.7842499553560245,1,,,,
D3_08044,G_04945,en,FP_promptbench,0,0.963882322789065,1,,,,
D3_08045,G_04946,en,FP_promptbench,0,0.984102367424863,1,,,,
D3_08046,G_04947,en,FP_promptbench,0,0.9065442137601156,1,,,,
D3_08047,G_04948,en,FP_promptbench,0,0.9554884235009014,1,,,,
D3_08048,G_02119,en,FP_promptbench,0,0.6772024812335253,0,,,,
D3_08049,G_02128,en,FP_promptbench,0,0.37220549439400635,0,,,,
D3_08050,G_04962,en,FP_promptbench,0,0.9807898569682205,1,,,,
D3_08051,G_04542,en,FP_promptbench,0,0.951685571719572,1,,,,
D3_08052,G_02135,en,FP_promptbench,0,0.8976510918203802,1,,,,
D3_08053,G_02150,en,FP_promptbench,0,0.9571949345592424,1,,,,
D3_08054,G_04955,en,FP_promptbench,0,0.5467577923552092,0,,,,
D3_08055,G_04956,en,FP_promptbench,0,0.2816299041656988,0,,,,
D3_08056,G_04957,en,FP_promptbench,0,0.8431394961412018,1,,,,
D3_08057,G_04958,en,FP_promptbench,0,0.8762634170043815,1,,,,
D3_08058,G_04959,en,FP_promptbench,0,0.9212095612646998,1,,,,
D3_08059,G_02150,en,FP_promptbench,0,0.9233791031651696,1,,,,
D3_08061,G_04961,en,FP_promptbench,0,0.5472335245606391,0,,,,
D3_08062,G_04962,en,FP_promptbench,0,0.9858259235971318,1,,,,
D3_08064,G_02135,en,FP_promptbench,0,0.9113868669741416,1,,,,
D3_08066,G_04964,en,FP_promptbench,0,0.34479148285823513,0,,,,
D3_08067,G_04965,en,FP_promptbench,0,0.5147201320651041,0,,,,
D3_08068,G_04966,en,FP_promptbench,0,0.7937447606293739,1,,,,
D3_08069,G_04967,en,FP_promptbench,0,0.8443769098029928,1,,,,
D3_08070,G_04968,en,FP_promptbench,0,0.9152745671383126,1,,,,
D3_08071,G_04969,en,FP_promptbench,0,0.965552810991577,1,,,,
D3_08072,G_04970,en,FP_promptbench,0,0.28625222606574213,0,,,,
D3_08073,G_04971,en,FP_promptbench,0,0.7244828880804347,1,,,,
D3_08074,G_04972,en,FP_promptbench,0,0.7952272796505954,1,,,,
D3_08075,G_04973,en,FP_promptbench,0,0.688402869288996,0,,,,
D3_08076,G_04974,en,FP_promptbench,0,0.8873757652607683,1,,,,
D3_08077,G_04975,en,FP_promptbench,0,0.9688477115718745,1,,,,
D3_08159,G_04976,en,FP_promptbench,0,0.8692466639095583,1,,,,
D3_08160,G_04977,en,FP_promptbench,0,0.34509656177698833,0,,,,
D3_08161,G_04978,en,FP_promptbench,0,0.8574836524733006,1,,,,
D3_08162,G_04979,en,FP_promptbench,0,0.7844008674288802,1,,,,
D3_08163,G_04980,en,FP_promptbench,0,0.8694996332813475,1,,,,
D3_08164,G_04981,en,FP_promptbench,0,0.9539120042968433,1,,,,
D3_08165,G_02238,en,FP_promptbench,0,0.9587434068510368,1,,,,
D3_08166,G_02245,en,FP_promptbench,0,0.8745289578793124,1,,,,
D3_08167,G_04984,en,FP_promptbench,0,0.7885530454268727,1,,,,
D3_08168,G_04642,en,FP_promptbench,0,0.789080052833309,1,,,,
D3_08169,G_03281,en,FP_promptbench,0,0.9807747833689875,1,,,,
D3_08171,G_02238,en,FP_promptbench,0,0.9614619386342182,1,,,,
D3_08172,G_04988,en,FP_promptbench,0,0.8507420822675179,1,,,,
D3_08173,G_02239,en,FP_promptbench,0,0.7840849603564314,1,,,,
D3_08174,G_04642,en,FP_promptbench,0,0.7691148192872397,1,,,,
D3_08176,G_02252,en,FP_promptbench,0,0.874135298955661,1,,,,
D3_08178,G_02245,en,FP_promptbench,0,0.8397427069130071,1,,,,
D3_08181,G_04993,en,FP_promptbench,0,0.9841687158843585,1,,,,
D3_08183,G_04994,en,FP_promptbench,0,0.7762475513283698,1,,,,
D3_08184,G_02245,en,FP_promptbench,0,0.8807686597826829,1,,,,
D3_08185,G_02239,en,FP_promptbench,0,0.789927986496184,1,,,,
D3_08186,G_04651,en,FP_promptbench,0,0.7397384206012129,1,,,,
D3_08187,G_04998,en,FP_promptbench,0,0.9473026402696889,1,,,,
D3_08188,G_03281,en,FP_promptbench,0,0.9668158654896912,1,,,,
D3_08189,G_05000,en,FP_promptbench,0,0.538251943828727,0,,,,
D3_08190,G_05001,en,FP_promptbench,0,0.6038541213485862,0,,,,
D3_08191,G_05002,en,FP_promptbench,0,0.7135011289626868,1,,,,
D3_08192,G_05003,en,FP_promptbench,0,0.7602714347513995,1,,,,
D3_08193,G_05004,en,FP_promptbench,0,0.9049092918726083,1,,,,
D3_08194,G_05005,en,FP_promptbench,0,0.961932685091656,1,,,,
D3_08275,G_05006,en,FP_promptbench,0,0.7151295361946486,1,,,,
D3_08276,G_05007,en,FP_promptbench,0,0.7037138611721917,0,,,,
D3_08277,G_05008,en,FP_promptbench,0,0.525293432052325,0,,,,
D3_08278,G_05009,en,FP_promptbench,0,0.7305573222107015,1,,,,
D3_08279,G_05010,en,FP_promptbench,0,0.9210412998275176,1,,,,
D3_08280,G_05011,en,FP_promptbench,0,0.9893168370862246,1,,,,
D3_08282,G_03219,en,FP_promptbench,0,0.7072858761731534,1,,,,
D3_08283,G_05013,en,FP_promptbench,0,0.7236192144026546,1,,,,
D3_08284,G_02363,en,FP_promptbench,0,0.7607070504018979,1,,,,
D3_08285,G_05015,en,FP_promptbench,0,0.9804780639881207,1,,,,
D3_08286,G_02364,en,FP_promptbench,0,0.9804182190274338,1,,,,
D3_08287,G_05017,en,FP_promptbench,0,0.7873733089807311,1,,,,
D3_08289,G_02354,en,FP_promptbench,0,0.6092429781023474,0,,,,
D3_08290,G_05019,en,FP_promptbench,0,0.7046289492746269,0,,,,
D3_08291,G_03230,en,FP_promptbench,0,0.9706696232264946,1,,,,
D3_08292,G_05021,en,FP_promptbench,0,0.7482070323118135,1,,,,
D3_08293,G_03751,en,FP_promptbench,0,0.9110459206194703,1,,,,
D3_08295,G_03750,en,FP_promptbench,0,0.8050806543559718,1,,,,
D3_08297,G_02391,en,FP_promptbench,0,0.9833583935505803,1,,,,
D3_08298,G_02364,en,FP_promptbench,0,0.9848432563208699,1,,,,
D3_08299,G_05026,en,FP_promptbench,0,0.8123129976557579,1,,,,
D3_08300,G_05027,en,FP_promptbench,0,0.5924266626721989,0,,,,
D3_08301,G_05028,en,FP_promptbench,0,0.6064755113170373,0,,,,
D3_08302,G_05029,en,FP_promptbench,0,0.8523862395654331,1,,,,
D3_08303,G_05030,en,FP_promptbench,0,0.7825018331504993,1,,,,
D3_08304,G_05031,en,FP_promptbench,0,0.9477391799052863,1,,,,
D3_08305,G_05032,en,FP_promptbench,0,0.8005733030902411,1,,,,
D3_08306,G_05033,en,FP_promptbench,0,0.8120414956451372,1,,,,
D3_08307,G_05034,en,FP_promptbench,0,0.7657038110833433,1,,,,
D3_08308,G_05035,en,FP_promptbench,0,0.674359847883404,0,,,,
D3_08309,G_05036,en,FP_promptbench,0,0.5932765690234503,0,,,,
D3_08310,G_05037,en,FP_promptbench,0,0.9658738836757372,1,,,,
D3_08392,G_05038,en,FP_promptbench,0,0.797605800768021,1,,,,
D3_08393,G_05039,en,FP_promptbench,0,0.583398021049277,0,,,,
D3_08394,G_05040,en,FP_promptbench,0,0.45245525103894463,0,,,,
D3_08395,G_05041,en,FP_promptbench,0,0.9793153709159381,1,,,,
D3_08396,G_05042,en,FP_promptbench,0,0.9273803129044426,1,,,,
D3_08397,G_05043,en,FP_promptbench,0,0.9348813261059502,1,,,,
D3_08398,G_04639,en,FP_promptbench,0,0.963210877701922,1,,,,
D3_08400,G_02235,en,FP_promptbench,0,0.5648763623183639,0,,,,
D3_08402,G_03183,en,FP_promptbench,0,0.9309115446572379,1,,,,
D3_08403,G_04642,en,FP_promptbench,0,0.7894573983301367,1,,,,
D3_08404,G_04639,en,FP_promptbench,0,0.8742042318502636,1,,,,
D3_08405,G_02238,en,FP_promptbench,0,0.9658541810634692,1,,,,
D3_08407,G_02277,en,FP_promptbench,0,0.9839083123578395,1,,,,
D3_08408,G_05051,en,FP_promptbench,0,0.9227255662491795,1,,,,
D3_08409,G_04642,en,FP_promptbench,0,0.8423768144009499,1,,,,
D3_08414,G_05053,en,FP_promptbench,0,0.9460934357482474,1,,,,
D3_08416,G_04639,en,FP_promptbench,0,0.8310281160998314,1,,,,
D3_08417,G_05055,en,FP_promptbench,0,0.8212017905001116,1,,,,
D3_08419,G_05056,en,FP_promptbench,0,0.9898612147175245,1,,,,
D3_08420,G_05057,en,FP_promptbench,0,0.9566273261931978,1,,,,
D3_08421,G_02468,en,FP_promptbench,0,0.9046484332849939,1,,,,
D3_08422,G_05059,en,FP_promptbench,0,0.508336421119264,0,,,,
D3_08423,G_05060,en,FP_promptbench,0,0.4318136101871258,0,,,,
D3_08424,G_02235,en,FP_promptbench,0,0.45398140320071984,0,,,,
D3_08425,G_05062,en,FP_promptbench,0,0.9883938764524548,1,,,,
D3_08426,G_05063,en,FP_promptbench,0,0.9449499536798508,1,,,,
D3_08427,G_05064,en,FP_promptbench,0,0.9206825600827339,1,,,,
D3_08508,G_05065,en,FP_promptbench,0,0.9522265973433306,1,,,,
D3_08509,G_05066,en,FP_promptbench,0,0.8850850016106476,1,,,,
D3_08510,G_05067,en,FP_promptbench,0,0.8878184191342758,1,,,,
D3_08511,G_03806,en,FP_promptbench,0,0.9941048423630129,1,,,,
D3_08512,G_05069,en,FP_promptbench,0,0.9737787768235915,1,,,,
D3_08513,G_05070,en,FP_promptbench,0,0.9835447855923583,1,,,,
D3_08514,G_02501,en,FP_promptbench,0,0.988748740823442,1,,,,
D3_08515,G_02493,en,FP_promptbench,0,0.9883541914868083,1,,,,
D3_08516,G_02502,en,FP_promptbench,0,0.9278436949339754,1,,,,
D3_08517,G_03806,en,FP_promptbench,0,0.9944970098322299,1,,,,
D3_08518,G_02508,en,FP_promptbench,0,0.9867159630923111,1,,,,
D3_08519,G_02509,en,FP_promptbench,0,0.9831816210565865,1,,,,
D3_08520,G_02501,en,FP_promptbench,0,0.9841740590487001,1,,,,
D3_08521,G_02493,en,FP_promptbench,0,0.9815885378464372,1,,,,
D3_08522,G_02502,en,FP_promptbench,0,0.9111721929167992,1,,,,
D3_08523,G_03806,en,FP_promptbench,0,0.9960754046758038,1,,,,
D3_08524,G_02508,en,FP_promptbench,0,0.9810994654038391,1,,,,
D3_08525,G_05082,en,FP_promptbench,0,0.9689718208880758,1,,,,
D3_08528,G_05083,en,FP_promptbench,0,0.9481648419408931,1,,,,
D3_08529,G_05084,en,FP_promptbench,0,0.9950678906349072,1,,,,
D3_08530,G_05085,en,FP_promptbench,0,0.9743646058594119,1,,,,
D3_08532,G_05086,en,FP_promptbench,0,0.9551318058514057,1,,,,
D3_08533,G_02493,en,FP_promptbench,0,0.9803330149157325,1,,,,
D3_08534,G_05088,en,FP_promptbench,0,0.9051359881841539,1,,,,
D3_08535,G_03806,en,FP_promptbench,0,0.9916863028211955,1,,,,
D3_08536,G_05090,en,FP_promptbench,0,0.9659708899744861,1,,,,
D3_08537,G_02509,en,FP_promptbench,0,0.9846624811522644,1,,,,
D3_08538,G_05092,en,FP_promptbench,0,0.946526983681187,1,,,,
D3_08539,G_05093,en,FP_promptbench,0,0.9697912782883904,1,,,,
D3_08540,G_05094,en,FP_promptbench,0,0.6163708826163024,0,,,,
D3_08541,G_05095,en,FP_promptbench,0,0.9957019448025691,1,,,,
D3_08542,G_05096,en,FP_promptbench,0,0.9598634427876286,1,,,,
D3_08543,G_05097,en,FP_promptbench,0,0.9811606462928312,1,,,,
D3_08624,G_05098,en,FP_promptbench,0,0.9662174311708113,1,,,,
D3_08625,G_05099,en,FP_promptbench,0,0.8783482416027754,1,,,,
D3_08626,G_05100,en,FP_promptbench,0,0.8478888689716092,1,,,,
D3_08627,G_05101,en,FP_promptbench,0,0.9935652419873131,1,,,,
D3_08628,G_05102,en,FP_promptbench,0,0.9818059017992582,1,,,,
D3_08629,G_05103,en,FP_promptbench,0,0.9419710727023711,1,,,,
D3_08630,G_03339,en,FP_promptbench,0,0.9608502788019361,1,,,,
D3_08631,G_02610,en,FP_promptbench,0,0.9753074645772084,1,,,,
D3_08632,G_04271,en,FP_promptbench,0,0.9695774563071323,1,,,,
D3_08633,G_02622,en,FP_promptbench,0,0.9923829072322337,1,,,,
D3_08634,G_02619,en,FP_promptbench,0,0.9787100437688515,1,,,,
D3_08635,G_05109,en,FP_promptbench,0,0.9815031913110056,1,,,,
D3_08636,G_05110,en,FP_promptbench,0,0.8762214308932568,1,,,,
D3_08637,G_05111,en,FP_promptbench,0,0.948408890358777,1,,,,
D3_08638,G_04271,en,FP_promptbench,0,0.9667234811534431,1,,,,
D3_08639,G_05113,en,FP_promptbench,0,0.9933081415581402,1,,,,
D3_08640,G_02619,en,FP_promptbench,0,0.9783118245222144,1,,,,
D3_08641,G_02615,en,FP_promptbench,0,0.9751788526495675,1,,,,
D3_08642,G_04708,en,FP_promptbench,0,0.96749552200783,1,,,,
D3_08643,G_04281,en,FP_promptbench,0,0.9785541149572378,1,,,,
D3_08644,G_04271,en,FP_promptbench,0,0.9778343834777105,1,,,,
D3_08645,G_05119,en,FP_promptbench,0,0.9943840781177257,1,,,,
D3_08646,G_05120,en,FP_promptbench,0,0.9852059092606874,1,,,,
D3_08647,G_03851,en,FP_promptbench,0,0.9844975382189639,1,,,,
D3_08648,G_05122,en,FP_promptbench,0,0.8665986369231792,1,,,,
D3_08649,G_05123,en,FP_promptbench,0,0.9591282398769334,1,,,,
D3_08650,G_03339,en,FP_promptbench,0,0.964975687473504,1,,,,
D3_08651,G_05125,en,FP_promptbench,0,0.9858897841860953,1,,,,
D3_08652,G_02619,en,FP_promptbench,0,0.97100684989912,1,,,,
D3_08653,G_02615,en,FP_promptbench,0,0.9761802385198491,1,,,,
D3_08654,G_05128,en,FP_promptbench,0,0.9204864226886859,1,,,,
D3_08655,G_05129,en,FP_promptbench,0,0.8609139494032008,1,,,,
D3_08656,G_05130,en,FP_promptbench,0,0.8307625169472719,1,,,,
D3_08657,G_05131,en,FP_promptbench,0,0.9742461037329797,1,,,,
D3_08658,G_05132,en,FP_promptbench,0,0.9310329252502234,1,,,,
D3_08659,G_05133,en,FP_promptbench,0,0.9734920852673974,1,,,,
D3_08740,G_05134,en,FP_promptbench,0,0.8620703599209151,1,,,,
D3_08741,G_05135,en,FP_promptbench,0,0.8180636685584067,1,,,,
D3_08742,G_05136,en,FP_promptbench,0,0.8102488249759285,1,,,,
D3_08743,G_05137,en,FP_promptbench,0,0.9462745667087867,1,,,,
D3_08744,G_05138,en,FP_promptbench,0,0.8978028299099592,1,,,,
D3_08745,G_05139,en,FP_promptbench,0,0.9750672247975078,1,,,,
D3_08746,G_03387,en,FP_promptbench,0,0.901860797074846,1,,,,
D3_08747,G_03384,en,FP_promptbench,0,0.9538441466734003,1,,,,
D3_08748,G_05142,en,FP_promptbench,0,0.7831790464323105,1,,,,
D3_08749,G_02760,en,FP_promptbench,0,0.8909021510152909,1,,,,
D3_08750,G_05144,en,FP_promptbench,0,0.9595725862788865,1,,,,
D3_08751,G_05145,en,FP_promptbench,0,0.9771878957382145,1,,,,
D3_08752,G_05146,en,FP_promptbench,0,0.9039062026444137,1,,,,
D3_08753,G_03384,en,FP_promptbench,0,0.946423392257185,1,,,,
D3_08754,G_05148,en,FP_promptbench,0,0.8460937348545463,1,,,,
D3_08755,G_05149,en,FP_promptbench,0,0.9338104219017908,1,,,,
D3_08756,G_05150,en,FP_promptbench,0,0.9538587293953626,1,,,,
D3_08757,G_05151,en,FP_promptbench,0,0.9864318899774905,1,,,,
D3_08762,G_05152,en,FP_promptbench,0,0.9500407212994868,1,,,,
D3_08763,G_04773,en,FP_promptbench,0,0.964971050656025,1,,,,
D3_08764,G_05154,en,FP_promptbench,0,0.9005448878797241,1,,,,
D3_08765,G_05155,en,FP_promptbench,0,0.9587645648787527,1,,,,
D3_08766,G_05156,en,FP_promptbench,0,0.5082126216659058,0,,,,
D3_08767,G_05157,en,FP_promptbench,0,0.9423164071743407,1,,,,
D3_08768,G_02735,en,FP_promptbench,0,0.9167211891735713,1,,,,
D3_08769,G_05159,en,FP_promptbench,0,0.977641577853061,1,,,,
D3_08770,G_05160,en,FP_promptbench,0,0.7778776637728899,1,,,,
D3_08771,G_05161,en,FP_promptbench,0,0.9867819464186731,1,,,,
D3_08772,G_05162,en,FP_promptbench,0,0.9604149146723924,1,,,,
D3_08773,G_05163,en,FP_promptbench,0,0.9471907208547091,1,,,,
D3_08774,G_05164,en,FP_promptbench,0,0.7596833923248729,1,,,,
D3_08775,G_05165,en,FP_promptbench,0,0.9342262458743331,1,,,,
D3_08856,G_05166,en,FP_promptbench,0,0.6502077992468347,0,,,,
D3_08857,G_05167,en,FP_promptbench,0,0.9905775010954813,1,,,,
D3_08858,G_02726,en,FP_promptbench,0,0.6348700574630753,0,,,,
D3_08859,G_05169,en,FP_promptbench,0,0.9650803461400522,1,,,,
D3_08860,G_05170,en,FP_promptbench,0,0.9875794580264675,1,,,,
D3_08861,G_05171,en,FP_promptbench,0,0.6597442334629486,0,,,,
D3_08862,G_02827,en,FP_promptbench,0,0.8658109710918402,1,,,,
D3_08863,G_05173,en,FP_promptbench,0,0.9710373413343695,1,,,,
D3_08864,G_05174,en,FP_promptbench,0,0.5317418630470244,0,,,,
D3_08865,G_02732,en,FP_promptbench,0,0.9799144314751649,1,,,,
D3_08866,G_02730,en,FP_promptbench,0,0.9801508929692659,1,,,,
D3_08867,G_05177,en,FP_promptbench,0,0.934731990173447,1,,,,
D3_08868,G_02827,en,FP_promptbench,0,0.7803473914494486,1,,,,
D3_08869,G_03915,en,FP_promptbench,0,0.9699007307063319,1,,,,
D3_08870,G_05180,en,FP_promptbench,0,0.6638531276376151,0,,,,
D3_08871,G_05181,en,FP_promptbench,0,0.982044202875265,1,,,,
D3_08872,G_05182,en,FP_promptbench,0,0.9655198428515258,1,,,,
D3_08873,G_02738,en,FP_promptbench,0,0.8674670996617159,1,,,,
D3_08875,G_03915,en,FP_promptbench,0,0.9493773214762771,1,,,,
D3_08876,G_05185,en,FP_promptbench,0,0.6037411010233164,0,,,,
D3_08877,G_04741,en,FP_promptbench,0,0.964872145131338,1,,,,
D3_08878,G_02761,en,FP_promptbench,0,0.9679706057770278,1,,,,
D3_08880,G_05188,en,FP_promptbench,0,0.8585695116231337,1,,,,
D3_08881,G_05189,en,FP_promptbench,0,0.9569701464688011,1,,,,
D3_08882,G_05190,en,FP_promptbench,0,0.5948315200049211,0,,,,
D3_08883,G_05191,en,FP_promptbench,0,0.9493548183854329,1,,,,
D3_08884,G_05192,en,FP_promptbench,0,0.9856768945121912,1,,,,
D3_08885,G_05193,en,FP_promptbench,0,0.9492433063109447,1,,,,
D3_08886,G_05194,en,FP_promptbench,0,0.6843042846626136,0,,,,
D3_08887,G_05195,en,FP_promptbench,0,0.9627784316599156,1,,,,
D3_08888,G_05196,en,FP_promptbench,0,0.7848936853782026,1,,,,
D3_08889,G_05197,en,FP_promptbench,0,0.9608187797104327,1,,,,
D3_08890,G_05198,en,FP_promptbench,0,0.982084941885902,1,,,,
D3_08891,G_05199,en,FP_promptbench,0,0.9765059389773978,1,,,,
D3_08972,G_05200,en,FP_promptbench,0,0.603476269844047,0,,,,
D3_08973,G_05201,en,FP_promptbench,0,0.5981981214276146,0,,,,
D3_08974,G_05202,en,FP_promptbench,0,0.9639195594797456,1,,,,
D3_08975,G_05203,en,FP_promptbench,0,0.7773054118721485,1,,,,
D3_08976,G_05204,en,FP_promptbench,0,0.9967155240355595,1,,,,
D3_08977,G_05205,en,FP_promptbench,0,0.9235794147561608,1,,,,
D3_08978,G_05206,en,FP_promptbench,0,0.5270742873803508,0,,,,
D3_08979,G_05207,en,FP_promptbench,0,0.7012684053638858,0,,,,
D3_08980,G_05208,en,FP_promptbench,0,0.9910561620506312,1,,,,
D3_08981,G_05209,en,FP_promptbench,0,0.9675496437315075,1,,,,
D3_08982,G_05210,en,FP_promptbench,0,0.9970170978157309,1,,,,
D3_08983,G_02871,en,FP_promptbench,0,0.906788992858808,1,,,,
D3_08984,G_05212,en,FP_promptbench,0,0.4953011229329116,0,,,,
D3_08985,G_05213,en,FP_promptbench,0,0.6917544541154063,0,,,,
D3_08986,G_03470,en,FP_promptbench,0,0.9923289588573291,1,,,,
D3_08987,G_02872,en,FP_promptbench,0,0.9536585182020879,1,,,,
D3_08988,G_02864,en,FP_promptbench,0,0.995188520921266,1,,,,
D3_08989,G_05217,en,FP_promptbench,0,0.7593281756745891,1,,,,
D3_08990,G_05218,en,FP_promptbench,0,0.7061421568470698,0,,,,
D3_08991,G_05219,en,FP_promptbench,0,0.7758215697014325,1,,,,
D3_08993,G_05220,en,FP_promptbench,0,0.9317737022280692,1,,,,
D3_08995,G_05221,en,FP_promptbench,0,0.9399234559255523,1,,,,
D3_08996,G_05222,en,FP_promptbench,0,0.44794918320321087,0,,,,
D3_08997,G_05223,en,FP_promptbench,0,0.7039111293795116,0,,,,
D3_08998,G_05224,en,FP_promptbench,0,0.8619358803495565,1,,,,
D3_08999,G_05225,en,FP_promptbench,0,0.9710020711573102,1,,,,
D3_09000,G_05226,en,FP_promptbench,0,0.9864595054529796,1,,,,
D3_09001,G_05227,en,FP_promptbench,0,0.9088678594721256,1,,,,
D3_09002,G_05228,en,FP_promptbench,0,0.45457696081659305,0,,,,
D3_09003,G_05229,en,FP_promptbench,0,0.7255532849373733,1,,,,
D3_09004,G_05230,en,FP_promptbench,0,0.9598974862114196,1,,,,
D3_09005,G_05231,en,FP_promptbench,0,0.968629585622704,1,,,,
D3_09006,G_05232,en,FP_promptbench,0,0.9934289548782096,1,,,,
D3_09007,G_05233,en,FP_promptbench,0,0.928273962847416,1,,,,
D3_09088,G_05234,en,FP_promptbench,0,0.09249750238716727,0,,,,
D3_09089,G_05235,en,FP_promptbench,0,0.6275267395590872,0,,,,
D3_09090,G_05236,en,FP_promptbench,0,0.33007244014039966,0,,,,
D3_09091,G_05237,en,FP_promptbench,0,0.5334534032253133,0,,,,
D3_09092,G_05238,en,FP_promptbench,0,0.7242933643689364,1,,,,
D3_09093,G_05239,en,FP_promptbench,0,0.7129562402087508,1,,,,
D3_09094,G_01666,en,FP_promptbench,0,0.31790811541588315,0,,,,
D3_09095,G_01671,en,FP_promptbench,0,0.40240566259182015,0,,,,
D3_09096,G_01662,en,FP_promptbench,0,0.406038844708878,0,,,,
D3_09097,G_01677,en,FP_promptbench,0,0.5844976654984684,0,,,,
D3_09098,G_01698,en,FP_promptbench,0,0.7639914533792084,1,,,,
D3_09099,G_01678,en,FP_promptbench,0,0.6092496010435411,0,,,,
D3_09100,G_05246,en,FP_promptbench,0,0.25930524733516974,0,,,,
D3_09101,G_05247,en,FP_promptbench,0,0.48035784829639583,0,,,,
D3_09102,G_05248,en,FP_promptbench,0,0.3371156642467621,0,,,,
D3_09103,G_05249,en,FP_promptbench,0,0.536915281576625,0,,,,
D3_09104,G_05250,en,FP_promptbench,0,0.7815748819245777,1,,,,
D3_09105,G_05251,en,FP_promptbench,0,0.4872513693323581,0,,,,
D3_09106,G_03983,en,FP_promptbench,0,0.46849067768977126,0,,,,
D3_09107,G_01671,en,FP_promptbench,0,0.4527727969454657,0,,,,
D3_09109,G_01677,en,FP_promptbench,0,0.6386673275902851,0,,,,
D3_09110,G_01698,en,FP_promptbench,0,0.8132137638020824,1,,,,
D3_09111,G_01678,en,FP_promptbench,0,0.6558264417942288,0,,,,
D3_09112,G_05257,en,FP_promptbench,0,0.21512045218476314,0,,,,
D3_09113,G_05258,en,FP_promptbench,0,0.41480451307861493,0,,,,
D3_09114,G_05259,en,FP_promptbench,0,0.49154867333477786,0,,,,
D3_09115,G_05260,en,FP_promptbench,0,0.48534196286328124,0,,,,
D3_09116,G_05261,en,FP_promptbench,0,0.7650029652225407,1,,,,
D3_09117,G_01678,en,FP_promptbench,0,0.5553062270543386,0,,,,
D3_09118,G_05263,en,FP_promptbench,0,0.3168455893769911,0,,,,
D3_09119,G_05264,en,FP_promptbench,0,0.6901704139935955,0,,,,
D3_09120,G_05265,en,FP_promptbench,0,0.3113414065249588,0,,,,
D3_09121,G_05266,en,FP_promptbench,0,0.5050927430151474,0,,,,
D3_09122,G_05267,en,FP_promptbench,0,0.8285206276257117,1,,,,
D3_09123,G_05268,en,FP_promptbench,0,0.5545867986498664,0,,,,
D3_09203,G_05269,en,FP_promptbench,0,0.7772131818634651,1,,,,
D3_09204,G_05270,en,FP_promptbench,0,0.9145150908844676,1,,,,
D3_09206,G_05271,en,FP_promptbench,0,0.9646759859183753,1,,,,
D3_09207,G_05272,en,FP_promptbench,0,0.9908865150459535,1,,,,
D3_09208,G_05273,en,FP_promptbench,0,0.7300069786572322,1,,,,
D3_09209,G_01803,en,FP_promptbench,0,0.9638152474836322,1,,,,
D3_09210,G_01785,en,FP_promptbench,0,0.9019021985573284,1,,,,
D3_09211,G_01780,en,FP_promptbench,0,0.6455387550532244,0,,,,
D3_09212,G_01793,en,FP_promptbench,0,0.8996513076672663,1,,,,
D3_09213,G_01790,en,FP_promptbench,0,0.9881942383677857,1,,,,
D3_09214,G_03045,en,FP_promptbench,0,0.8631779147196319,1,,,,
D3_09215,G_01815,en,FP_promptbench,0,0.9646366103674577,1,,,,
D3_09216,G_05281,en,FP_promptbench,0,0.8850963934543361,1,,,,
D3_09217,G_05282,en,FP_promptbench,0,0.7347558594820381,1,,,,
D3_09218,G_05283,en,FP_promptbench,0,0.8867555087927821,1,,,,
D3_09219,G_05284,en,FP_promptbench,0,0.988627842824181,1,,,,
D3_09221,G_05285,en,FP_promptbench,0,0.956863411515554,1,,,,
D3_09222,G_05286,en,FP_promptbench,0,0.8510442962970841,1,,,,
D3_09224,G_05287,en,FP_promptbench,0,0.9225413206819599,1,,,,
D3_09225,G_05288,en,FP_promptbench,0,0.9841715797020215,1,,,,
D3_09226,G_05289,en,FP_promptbench,0,0.6860076987052802,0,,,,
D3_09227,G_05290,en,FP_promptbench,0,0.7703035093729899,1,,,,
D3_09228,G_05291,en,FP_promptbench,0,0.8308411850492917,1,,,,
D3_09230,G_05292,en,FP_promptbench,0,0.8840415093466298,1,,,,
D3_09231,G_05293,en,FP_promptbench,0,0.9872435760746608,1,,,,
D3_09232,G_05294,en,FP_promptbench,0,0.697550209488519,0,,,,
D3_09253,G_05295,en,FP_promptbench,0,0.9486657806513423,1,,,,
D3_09254,G_05296,en,FP_promptbench,0,0.5312404687634016,0,,,,
D3_09255,G_05297,en,FP_promptbench,0,0.9590792682041477,1,,,,
D3_09256,G_05298,en,FP_promptbench,0,0.9547510646491988,1,,,,
D3_09257,G_05299,en,FP_promptbench,0,0.8392212784284143,1,,,,
D3_09258,G_05300,en,FP_promptbench,0,0.9861627698691279,1,,,,
D3_09259,G_01895,en,FP_promptbench,0,0.9593815495922418,1,,,,
D3_09260,G_05302,en,FP_promptbench,0,0.44624539548654263,0,,,,
D3_09261,G_01899,en,FP_promptbench,0,0.9388575221583457,1,,,,
D3_09262,G_01909,en,FP_promptbench,0,0.9409559782209785,1,,,,
D3_09263,G_05305,en,FP_promptbench,0,0.9116277758594202,1,,,,
D3_09264,G_01906,en,FP_promptbench,0,0.8535168629155968,1,,,,
D3_09265,G_05307,en,FP_promptbench,0,0.8173939299079271,1,,,,
D3_09266,G_05308,en,FP_promptbench,0,0.2837408426410779,0,,,,
D3_09267,G_05309,en,FP_promptbench,0,0.8875372551283961,1,,,,
D3_09268,G_05310,en,FP_promptbench,0,0.9611975621708906,1,,,,
D3_09269,G_05311,en,FP_promptbench,0,0.8735196792292185,1,,,,
D3_09270,G_05312,en,FP_promptbench,0,0.9358105619995484,1,,,,
D3_09271,G_01895,en,FP_promptbench,0,0.9672404149170789,1,,,,
D3_09273,G_05314,en,FP_promptbench,0,0.9566535614412781,1,,,,
D3_09274,G_01909,en,FP_promptbench,0,0.9550337330271292,1,,,,
D3_09275,G_05316,en,FP_promptbench,0,0.9311727271834054,1,,,,
D3_09276,G_05317,en,FP_promptbench,0,0.8971067332082916,1,,,,
D3_09277,G_05318,en,FP_promptbench,0,0.9534216985350187,1,,,,
D3_09278,G_05319,en,FP_promptbench,0,0.34337066832166196,0,,,,
D3_09279,G_05320,en,FP_promptbench,0,0.9013009788073407,1,,,,
D3_09280,G_01909,en,FP_promptbench,0,0.9560175647468778,1,,,,
D3_09281,G_05322,en,FP_promptbench,0,0.9171720023245057,1,,,,
D3_09282,G_05323,en,FP_promptbench,0,0.8448527372888205,1,,,,
D3_09283,G_05324,en,FP_promptbench,0,0.9412716544550639,1,,,,
D3_09284,G_05325,en,FP_promptbench,0,0.3694759680046069,0,,,,
D3_09285,G_05326,en,FP_promptbench,0,0.6695493484715498,0,,,,
D3_09286,G_05327,en,FP_promptbench,0,0.9304113775923476,1,,,,
D3_09287,G_05328,en,FP_promptbench,0,0.9065510886531253,1,,,,
D3_09288,G_05329,en,FP_promptbench,0,0.8308812670205923,1,,,,
D3_09369,G_05330,en,FP_promptbench,0,0.9469322960133861,1,,,,
D3_09370,G_05331,en,FP_promptbench,0,0.9080944585001167,1,,,,
D3_09371,G_05332,en,FP_promptbench,0,0.9322797379093885,1,,,,
D3_09372,G_05333,en,FP_promptbench,0,0.9160060271886185,1,,,,
D3_09373,G_05334,en,FP_promptbench,0,0.8989159217335194,1,,,,
D3_09374,G_05335,en,FP_promptbench,0,0.9596163444730583,1,,,,
D3_09375,G_02007,en,FP_promptbench,0,0.981260246968408,1,,,,
D3_09376,G_02008,en,FP_promptbench,0,0.9470028950520389,1,,,,
D3_09377,G_02013,en,FP_promptbench,0,0.9675936265256737,1,,,,
D3_09378,G_02023,en,FP_promptbench,0,0.9942796539401662,1,,,,
D3_09379,G_02016,en,FP_promptbench,0,0.9898454011963965,1,,,,
D3_09380,G_03116,en,FP_promptbench,0,0.9800330410768658,1,,,,
D3_09381,G_05342,en,FP_promptbench,0,0.959808970499992,1,,,,
D3_09382,G_05343,en,FP_promptbench,0,0.9366533981443186,1,,,,
D3_09383,G_05344,en,FP_promptbench,0,0.9312485507455792,1,,,,
D3_09384,G_02023,en,FP_promptbench,0,0.9912529434464834,1,,,,
D3_09385,G_05346,en,FP_promptbench,0,0.965344001080968,1,,,,
D3_09386,G_05347,en,FP_promptbench,0,0.9292976895605617,1,,,,
D3_09390,G_02023,en,FP_promptbench,0,0.9904766964665248,1,,,,
D3_09393,G_05349,en,FP_promptbench,0,0.9659671176710359,1,,,,
D3_09394,G_05350,en,FP_promptbench,0,0.9389314940314195,1,,,,
D3_09395,G_05351,en,FP_promptbench,0,0.8402110250605936,1,,,,
D3_09396,G_05352,en,FP_promptbench,0,0.9541795627754548,1,,,,
D3_09397,G_05353,en,FP_promptbench,0,0.9879650538612361,1,,,,
D3_09398,G_05354,en,FP_promptbench,0,0.9622006028597446,1,,,,
D3_09399,G_05355,en,FP_promptbench,0,0.9237824844022078,1,,,,
D3_09400,G_05356,en,FP_promptbench,0,0.8486506607236793,1,,,,
D3_09401,G_05357,en,FP_promptbench,0,0.9161329004784745,1,,,,
D3_09402,G_05358,en,FP_promptbench,0,0.9826928224466576,1,,,,
D3_09403,G_05359,en,FP_promptbench,0,0.9863644099300235,1,,,,
D3_09404,G_05360,en,FP_promptbench,0,0.8823893015660748,1,,,,
D3_09486,G_05361,en,FP_promptbench,0,0.9666761440784036,1,,,,
D3_09487,G_05362,en,FP_promptbench,0,0.9490536463005805,1,,,,
D3_09488,G_05363,en,FP_promptbench,0,0.9316416995809659,1,,,,
D3_09489,G_05364,en,FP_promptbench,0,0.8334164679939973,1,,,,
D3_09490,G_05365,en,FP_promptbench,0,0.8970697299032432,1,,,,
D3_09491,G_05366,en,FP_promptbench,0,0.9175592439007909,1,,,,
D3_09492,G_02123,en,FP_promptbench,0,0.9972600725277263,1,,,,
D3_09493,G_03150,en,FP_promptbench,0,0.9265923688196462,1,,,,
D3_09494,G_02126,en,FP_promptbench,0,0.8821530776023246,1,,,,
D3_09495,G_02130,en,FP_promptbench,0,0.9236709512114655,1,,,,
D3_09496,G_02137,en,FP_promptbench,0,0.990705716198644,1,,,,
D3_09497,G_02136,en,FP_promptbench,0,0.893031807299976,1,,,,
D3_09498,G_05373,en,FP_promptbench,0,0.9585326495036749,1,,,,
D3_09499,G_05374,en,FP_promptbench,0,0.9209417954889257,1,,,,
D3_09500,G_05375,en,FP_promptbench,0,0.946624240494451,1,,,,
D3_09501,G_05376,en,FP_promptbench,0,0.9203959208800092,1,,,,
D3_09502,G_05377,en,FP_promptbench,0,0.9701360655990588,1,,,,
D3_09503,G_05378,en,FP_promptbench,0,0.9313157071981348,1,,,,
D3_09504,G_05379,en,FP_promptbench,0,0.992384833602809,1,,,,
D3_09506,G_02126,en,FP_promptbench,0,0.8550634337481893,1,,,,
D3_09507,G_02130,en,FP_promptbench,0,0.9285679460031441,1,,,,
D3_09508,G_02137,en,FP_promptbench,0,0.9814971378458952,1,,,,
D3_09510,G_05383,en,FP_promptbench,0,0.9931561106924607,1,,,,
D3_09511,G_03150,en,FP_promptbench,0,0.7512729632338986,1,,,,
D3_09512,G_05385,en,FP_promptbench,0,0.9101560117240749,1,,,,
D3_09513,G_05386,en,FP_promptbench,0,0.8911965362489913,1,,,,
D3_09514,G_05387,en,FP_promptbench,0,0.994907963637848,1,,,,
D3_09515,G_05388,en,FP_promptbench,0,0.9416147749408749,1,,,,
D3_09516,G_05389,en,FP_promptbench,0,0.9675247991206025,1,,,,
D3_09517,G_05390,en,FP_promptbench,0,0.9571508653655898,1,,,,
D3_09518,G_05391,en,FP_promptbench,0,0.9603845645340484,1,,,,
D3_09519,G_05392,en,FP_promptbench,0,0.7833272405187739,1,,,,
D3_09520,G_05393,en,FP_promptbench,0,0.9952729513911323,1,,,,
D3_09521,G_05394,en,FP_promptbench,0,0.8120856767634096,1,,,,
D3_09603,G_05395,en,FP_promptbench,0,0.9344770537036635,1,,,,
D3_09604,G_05396,en,FP_promptbench,0,0.31601564763312107,0,,,,
D3_09605,G_05397,en,FP_promptbench,0,0.6895012733164796,0,,,,
D3_09606,G_05398,en,FP_promptbench,0,0.89051255652315,1,,,,
D3_09607,G_05399,en,FP_promptbench,0,0.9679856741183605,1,,,,
D3_09608,G_05400,en,FP_promptbench,0,0.8244633096677954,1,,,,
D3_09609,G_02238,en,FP_promptbench,0,0.9585972343795849,1,,,,
D3_09610,G_02235,en,FP_promptbench,0,0.5678387407315771,0,,,,
D3_09611,G_02264,en,FP_promptbench,0,0.6324147099684115,0,,,,
D3_09612,G_02468,en,FP_promptbench,0,0.8940152456851963,1,,,,
D3_09613,G_02277,en,FP_promptbench,0,0.9885425645210186,1,,,,
D3_09614,G_03178,en,FP_promptbench,0,0.8882216883043011,1,,,,
D3_09615,G_02238,en,FP_promptbench,0,0.9706120531052363,1,,,,
D3_09616,G_02235,en,FP_promptbench,0,0.5279942546377699,0,,,,
D3_09617,G_05409,en,FP_promptbench,0,0.6761261615623543,0,,,,
D3_09618,G_05410,en,FP_promptbench,0,0.9371183570778516,1,,,,
D3_09619,G_05411,en,FP_promptbench,0,0.9892610345152436,1,,,,
D3_09620,G_05412,en,FP_promptbench,0,0.7193335597276147,1,,,,
D3_09625,G_02277,en,FP_promptbench,0,0.9793327800596046,1,,,,
D3_09627,G_05414,en,FP_promptbench,0,0.9292396712175018,1,,,,
D3_09628,G_05702,en,FP_promptbench,0,0.4787371880016422,0,,,,
D3_09629,G_05416,en,FP_promptbench,0,0.620539179690732,0,,,,
D3_09630,G_05417,en,FP_promptbench,0,0.939964434857008,1,,,,
D3_09631,G_05418,en,FP_promptbench,0,0.980274869414021,1,,,,
D3_09632,G_05419,en,FP_promptbench,0,0.7364189055378405,1,,,,
D3_09633,G_05420,en,FP_promptbench,0,0.9395620373753081,1,,,,
D3_09634,G_05421,en,FP_promptbench,0,0.3732593159541091,0,,,,
D3_09635,G_05397,en,FP_promptbench,0,0.6930714001070827,0,,,,
D3_09636,G_05423,en,FP_promptbench,0,0.9157869359271321,1,,,,
D3_09637,G_05424,en,FP_promptbench,0,0.9553474718883849,1,,,,
D3_09638,G_05425,en,FP_promptbench,0,0.7475708991972794,1,,,,
D3_09719,G_05426,en,FP_promptbench,0,0.9061123799758124,1,,,,
D3_09720,G_05427,en,FP_promptbench,0,0.807137698359295,1,,,,
D3_09721,G_05428,en,FP_promptbench,0,0.9071353753181709,1,,,,
D3_09722,G_05429,en,FP_promptbench,0,0.7084238075687495,1,,,,
D3_09723,G_05430,en,FP_promptbench,0,0.9122630930713856,1,,,,
D3_09724,G_05431,en,FP_promptbench,0,0.8094113728852337,1,,,,
D3_09725,G_04180,en,FP_promptbench,0,0.8131398904502087,1,,,,
D3_09726,G_02354,en,FP_promptbench,0,0.7284187362762425,1,,,,
D3_09727,G_02372,en,FP_promptbench,0,0.8871880864119598,1,,,,
D3_09728,G_02368,en,FP_promptbench,0,0.8139816905568413,1,,,,
D3_09729,G_02390,en,FP_promptbench,0,0.8884298570359416,1,,,,
D3_09730,G_02363,en,FP_promptbench,0,0.748316169896544,1,,,,
D3_09731,G_05438,en,FP_promptbench,0,0.7656709296643419,1,,,,
D3_09732,G_05439,en,FP_promptbench,0,0.6957444563960612,0,,,,
D3_09733,G_05440,en,FP_promptbench,0,0.9033545124269484,1,,,,
D3_09734,G_05441,en,FP_promptbench,0,0.694802644461317,0,,,,
D3_09735,G_05442,en,FP_promptbench,0,0.8776569891318223,1,,,,
D3_09736,G_05443,en,FP_promptbench,0,0.5645997790094912,0,,,,
D3_09737,G_04180,en,FP_promptbench,0,0.7484412456548196,1,,,,
D3_09738,G_02354,en,FP_promptbench,0,0.6698850147666016,0,,,,
D3_09740,G_05446,en,FP_promptbench,0,0.8190342638138812,1,,,,
D3_09741,G_02390,en,FP_promptbench,0,0.881983509129828,1,,,,
D3_09743,G_05448,en,FP_promptbench,0,0.8368694388868461,1,,,,
D3_09744,G_05449,en,FP_promptbench,0,0.7874375591500847,1,,,,
D3_09745,G_05450,en,FP_promptbench,0,0.8935732976790836,1,,,,
D3_09746,G_05451,en,FP_promptbench,0,0.7748751988903134,1,,,,
D3_09747,G_05452,en,FP_promptbench,0,0.8907265141939906,1,,,,
D3_09748,G_05453,en,FP_promptbench,0,0.9187897238679604,1,,,,
D3_09749,G_05454,en,FP_promptbench,0,0.5207132115761827,0,,,,
D3_09750,G_05455,en,FP_promptbench,0,0.6509003601324878,0,,,,
D3_09751,G_05456,en,FP_promptbench,0,0.9053079217944249,1,,,,
D3_09752,G_05457,en,FP_promptbench,0,0.8100940096230774,1,,,,
D3_09753,G_05458,en,FP_promptbench,0,0.35619059637830747,0,,,,
D3_09754,G_05459,en,FP_promptbench,0,0.7927611826333852,1,,,,
D3_09836,G_05460,en,FP_promptbench,0,0.9228110302905577,1,,,,
D3_09837,G_04635,en,FP_promptbench,0,0.7809154795802644,1,,,,
D3_09838,G_02235,en,FP_promptbench,0,0.44638079186377266,0,,,,
D3_09839,G_02468,en,FP_promptbench,0,0.9162949900667773,1,,,,
D3_09840,G_05464,en,FP_promptbench,0,0.965790825471974,1,,,,
D3_09841,G_05465,en,FP_promptbench,0,0.9248564266859581,1,,,,
D3_09842,G_02238,en,FP_promptbench,0,0.9584590632717276,1,,,,
D3_09843,G_04635,en,FP_promptbench,0,0.8969237078710847,1,,,,
D3_09844,G_02235,en,FP_promptbench,0,0.5668673325876753,0,,,,
D3_09845,G_02468,en,FP_promptbench,0,0.8931850313428109,1,,,,
D3_09846,G_02277,en,FP_promptbench,0,0.9884804903041773,1,,,,
D3_09847,G_03183,en,FP_promptbench,0,0.9309115446572379,1,,,,
D3_09848,G_05472,en,FP_promptbench,0,0.9057714961528707,1,,,,
D3_09849,G_05473,en,FP_promptbench,0,0.823331973343744,1,,,,
D3_09850,G_02235,en,FP_promptbench,0,0.5069551339294577,0,,,,
D3_09851,G_05475,en,FP_promptbench,0,0.9352385042918778,1,,,,
D3_09852,G_02277,en,FP_promptbench,0,0.981679484296241,1,,,,
D3_09853,G_03183,en,FP_promptbench,0,0.923953948615769,1,,,,
D3_09855,G_04635,en,FP_promptbench,0,0.8796080780927983,1,,,,
D3_09858,G_02277,en,FP_promptbench,0,0.9889476110279225,1,,,,
D3_09860,G_02238,en,FP_promptbench,0,0.9288815069966884,1,,,,
D3_09861,G_04635,en,FP_promptbench,0,0.8299020623108148,1,,,,
D3_09862,G_05482,en,FP_promptbench,0,0.4972678294537465,0,,,,
D3_09863,G_05483,en,FP_promptbench,0,0.9329271310891915,1,,,,
D3_09864,G_05484,en,FP_promptbench,0,0.9872531133443964,1,,,,
D3_09865,G_03183,en,FP_promptbench,0,0.9228812619459208,1,,,,
D3_09866,G_05486,en,FP_promptbench,0,0.5868252352097694,0,,,,
D3_09867,G_05487,en,FP_promptbench,0,0.8833116315990961,1,,,,
D3_09868,G_05488,en,FP_promptbench,0,0.3185755221101918,0,,,,
D3_09869,G_05489,en,FP_promptbench,0,0.9000224378187361,1,,,,
D3_09870,G_05490,en,FP_promptbench,0,0.975044748518326,1,,,,
D3_09952,G_05491,en,FP_promptbench,0,0.972335004335904,1,,,,
D3_09953,G_05492,en,FP_promptbench,0,0.9898742577131577,1,,,,
D3_09954,G_05493,en,FP_promptbench,0,0.7103959217296001,1,,,,
D3_09955,G_05494,en,FP_promptbench,0,0.9578285039065109,1,,,,
D3_09956,G_05495,en,FP_promptbench,0,0.9768017015147217,1,,,,
D3_09957,G_05496,en,FP_promptbench,0,0.9572399789946086,1,,,,
D3_09958,G_02499,en,FP_promptbench,0,0.9695896784979566,1,,,,
D3_09959,G_02500,en,FP_promptbench,0,0.6799429092390634,0,,,,
D3_09960,G_02504,en,FP_promptbench,0,0.9649016016820838,1,,,,
D3_09961,G_02510,en,FP_promptbench,0,0.9738734186357766,1,,,,
D3_09962,G_03808,en,FP_promptbench,0,0.8878416980578134,1,,,,
D3_09963,G_02499,en,FP_promptbench,0,0.8286066036527577,1,,,,
D3_09964,G_05503,en,FP_promptbench,0,0.9923551756392626,1,,,,
D3_09965,G_05504,en,FP_promptbench,0,0.42621538240954343,0,,,,
D3_09966,G_05505,en,FP_promptbench,0,0.9532464344140332,1,,,,
D3_09967,G_02510,en,FP_promptbench,0,0.9719102172460936,1,,,,
D3_09968,G_03808,en,FP_promptbench,0,0.8298756897597109,1,,,,
D3_09969,G_05508,en,FP_promptbench,0,0.9742612912559379,1,,,,
D3_09970,G_03319,en,FP_promptbench,0,0.9874357553401205,1,,,,
D3_09971,G_05510,en,FP_promptbench,0,0.6909628207741194,0,,,,
D3_09972,G_05511,en,FP_promptbench,0,0.9430428767898366,1,,,,
D3_09973,G_05512,en,FP_promptbench,0,0.946358566232821,1,,,,
D3_09975,G_05513,en,FP_promptbench,0,0.9577997216841374,1,,,,
D3_09976,G_05514,en,FP_promptbench,0,0.9683818424635857,1,,,,
D3_09977,G_05515,en,FP_promptbench,0,0.5104514923624348,0,,,,
D3_09978,G_05516,en,FP_promptbench,0,0.9713006410225967,1,,,,
D3_09979,G_05517,en,FP_promptbench,0,0.9738300254476983,1,,,,
D3_09980,G_05518,en,FP_promptbench,0,0.5506594478303408,0,,,,
D3_09981,G_05519,en,FP_promptbench,0,0.8174553245476274,1,,,,
D3_09982,G_05520,en,FP_promptbench,0,0.9334637444175733,1,,,,
D3_09983,G_05521,en,FP_promptbench,0,0.7442744551467605,1,,,,
D3_09984,G_05522,en,FP_promptbench,0,0.9829188547190854,1,,,,
D3_09985,G_05523,en,FP_promptbench,0,0.9963738283502358,1,,,,
D3_09986,G_05524,en,FP_promptbench,0,0.978601969253488,1,,,,
D3_10067,G_05525,en,FP_promptbench,0,0.5185912866228006,0,,,,
D3_10068,G_05526,en,FP_promptbench,0,0.37790663634061916,0,,,,
D3_10069,G_05527,en,FP_promptbench,0,0.1339981043766829,0,,,,
D3_10070,G_05528,en,FP_promptbench,0,0.7482612010719046,1,,,,
D3_10071,G_05529,en,FP_promptbench,0,0.5767598288272886,0,,,,
D3_10072,G_05530,en,FP_promptbench,0,0.8482068186499325,1,,,,
D3_10073,G_01667,en,FP_promptbench,0,0.8955797748902363,1,,,,
D3_10074,G_01664,en,FP_promptbench,0,0.6547388552729063,0,,,,
D3_10075,G_02968,en,FP_promptbench,0,0.5180675132992424,0,,,,
D3_10076,G_01691,en,FP_promptbench,0,0.799412011738651,1,,,,
D3_10077,G_01677,en,FP_promptbench,0,0.5847926028793293,0,,,,
D3_10078,G_01705,en,FP_promptbench,0,0.7927439246027106,1,,,,
D3_10079,G_05537,en,FP_promptbench,0,0.5813596500164692,0,,,,
D3_10081,G_05538,en,FP_promptbench,0,0.639820811526924,0,,,,
D3_10082,G_05539,en,FP_promptbench,0,0.819724493377536,1,,,,
D3_10083,G_05540,en,FP_promptbench,0,0.6065702869957401,0,,,,
D3_10084,G_01705,en,FP_promptbench,0,0.8456584480788096,1,,,,
D3_10086,G_01664,en,FP_promptbench,0,0.6413274820610437,0,,,,
D3_10087,G_03546,en,FP_promptbench,0,0.6882678872252961,0,,,,
D3_10089,G_05544,en,FP_promptbench,0,0.6734714781722669,0,,,,
D3_10090,G_01705,en,FP_promptbench,0,0.855558275305568,1,,,,
D3_10091,G_05546,en,FP_promptbench,0,0.53473195754033,0,,,,
D3_10092,G_01664,en,FP_promptbench,0,0.639093289917423,0,,,,
D3_10093,G_02968,en,FP_promptbench,0,0.5734152621592606,0,,,,
D3_10094,G_05549,en,FP_promptbench,0,0.8034950898872668,1,,,,
D3_10095,G_05550,en,FP_promptbench,0,0.5524124347448472,0,,,,
D3_10096,G_01705,en,FP_promptbench,0,0.7708425273386293,1,,,,
D3_10097,G_05552,en,FP_promptbench,0,0.6169113558335672,0,,,,
D3_10098,G_05553,en,FP_promptbench,0,0.3811527861486304,0,,,,
D3_10099,G_05554,en,FP_promptbench,0,0.4614479229181694,0,,,,
D3_10100,G_05555,en,FP_promptbench,0,0.559605315156683,0,,,,
D3_10101,G_05556,en,FP_promptbench,0,0.7669906388099572,1,,,,
D3_10102,G_05557,en,FP_promptbench,0,0.7418320753588825,1,,,,
D3_10183,G_05558,en,FP_promptbench,0,0.7096039671329739,1,,,,
D3_10184,G_05559,en,FP_promptbench,0,0.6841949689514263,0,,,,
D3_10185,G_05560,en,FP_promptbench,0,0.8107980859453744,1,,,,
D3_10186,G_05561,en,FP_promptbench,0,0.8304054341445453,1,,,,
D3_10187,G_05562,en,FP_promptbench,0,0.9710257951072702,1,,,,
D3_10188,G_05563,en,FP_promptbench,0,0.9325683275239165,1,,,,
D3_10189,G_01803,en,FP_promptbench,0,0.9638152474836322,1,,,,
D3_10190,G_05565,en,FP_promptbench,0,0.9014329157694149,1,,,,
D3_10191,G_01802,en,FP_promptbench,0,0.9536675464383723,1,,,,
D3_10192,G_03029,en,FP_promptbench,0,0.9303131517980426,1,,,,
D3_10193,G_01790,en,FP_promptbench,0,0.9881004297762926,1,,,,
D3_10194,G_01794,en,FP_promptbench,0,0.7816654306690093,1,,,,
D3_10195,G_01815,en,FP_promptbench,0,0.9291524609505122,1,,,,
D3_10196,G_05571,en,FP_promptbench,0,0.9337598533051817,1,,,,
D3_10197,G_05572,en,FP_promptbench,0,0.9668905710172204,1,,,,
D3_10198,G_05573,en,FP_promptbench,0,0.9462628845213964,1,,,,
D3_10199,G_05284,en,FP_promptbench,0,0.9794512675972836,1,,,,
D3_10201,G_05575,en,FP_promptbench,0,0.7139414675334647,1,,,,
D3_10202,G_01785,en,FP_promptbench,0,0.901117394656942,1,,,,
D3_10203,G_01802,en,FP_promptbench,0,0.9404567834672299,1,,,,
D3_10204,G_03029,en,FP_promptbench,0,0.9346925664381452,1,,,,
D3_10205,G_05579,en,FP_promptbench,0,0.9585866071586918,1,,,,
D3_10206,G_01794,en,FP_promptbench,0,0.7760024221085573,1,,,,
D3_10207,G_05581,en,FP_promptbench,0,0.9530018029086122,1,,,,
D3_10208,G_05582,en,FP_promptbench,0,0.6810828144525701,0,,,,
D3_10209,G_05583,en,FP_promptbench,0,0.9376697329520989,1,,,,
D3_10210,G_05584,en,FP_promptbench,0,0.8622691599340984,1,,,,
D3_10211,G_05585,en,FP_promptbench,0,0.9817025187696204,1,,,,
D3_10212,G_05586,en,FP_promptbench,0,0.9107618698563316,1,,,,
D3_10233,G_05587,en,FP_promptbench,0,0.44407591658836204,0,,,,
D3_10234,G_05588,en,FP_promptbench,0,0.6135992172818007,0,,,,
D3_10235,G_05589,en,FP_promptbench,0,0.16291426302196826,0,,,,
D3_10236,G_05590,en,FP_promptbench,0,0.8657745835999746,1,,,,
D3_10237,G_01902,en,FP_promptbench,0,0.9559048879127605,1,,,,
D3_10238,G_05592,en,FP_promptbench,0,0.9053457362274779,1,,,,
D3_10239,G_01893,en,FP_promptbench,0,0.9550971841969935,1,,,,
D3_10240,G_01890,en,FP_promptbench,0,0.9647423255692454,1,,,,
D3_10241,G_01896,en,FP_promptbench,0,0.29794115294335105,0,,,,
D3_10242,G_01906,en,FP_promptbench,0,0.8585720127243619,1,,,,
D3_10243,G_01902,en,FP_promptbench,0,0.936445513024927,1,,,,
D3_10244,G_01901,en,FP_promptbench,0,0.8914980103257287,1,,,,
D3_10245,G_05599,en,FP_promptbench,0,0.7979970144177222,1,,,,
D3_10246,G_05600,en,FP_promptbench,0,0.8729171612150625,1,,,,
D3_10247,G_05601,en,FP_promptbench,0,0.23188175589981444,0,,,,
D3_10248,G_05602,en,FP_promptbench,0,0.818289855167398,1,,,,
D3_10249,G_05603,en,FP_promptbench,0,0.9410987121442809,1,,,,
D3_10250,G_05604,en,FP_promptbench,0,0.8915059638991572,1,,,,
D3_10251,G_01893,en,FP_promptbench,0,0.9392734834718658,1,,,,
D3_10256,G_01901,en,FP_promptbench,0,0.8749931533438695,1,,,,
D3_10257,G_04900,en,FP_promptbench,0,0.932691713433192,1,,,,
D3_10258,G_05608,en,FP_promptbench,0,0.8680313077365331,1,,,,
D3_10259,G_05609,en,FP_promptbench,0,0.4171128884922836,0,,,,
D3_10260,G_01906,en,FP_promptbench,0,0.9052954119481867,1,,,,
D3_10261,G_01902,en,FP_promptbench,0,0.9534973559316291,1,,,,
D3_10262,G_01901,en,FP_promptbench,0,0.9105120742602693,1,,,,
D3_10263,G_05613,en,FP_promptbench,0,0.8655722386829657,1,,,,
D3_10264,G_05614,en,FP_promptbench,0,0.7789415908933762,1,,,,
D3_10265,G_05615,en,FP_promptbench,0,0.2619181437447019,0,,,,
D3_10266,G_05616,en,FP_promptbench,0,0.645080826569496,0,,,,
D3_10267,G_05617,en,FP_promptbench,0,0.8030198693767941,1,,,,
D3_10268,G_05618,en,FP_promptbench,0,0.8932703224475901,1,,,,
D3_10349,G_05619,en,FP_promptbench,0,0.995803433909036,1,,,,
D3_10350,G_05620,en,FP_promptbench,0,0.9316243785330621,1,,,,
D3_10351,G_05621,en,FP_promptbench,0,0.9835901313301948,1,,,,
D3_10352,G_05622,en,FP_promptbench,0,0.9557493475384446,1,,,,
D3_10353,G_05623,en,FP_promptbench,0,0.9950271730086565,1,,,,
D3_10354,G_05624,en,FP_promptbench,0,0.9420736036485509,1,,,,
D3_10355,G_02011,en,FP_promptbench,0,0.9834754701869428,1,,,,
D3_10356,G_03634,en,FP_promptbench,0,0.989646829592746,1,,,,
D3_10357,G_02007,en,FP_promptbench,0,0.9811077868324243,1,,,,
D3_10358,G_03116,en,FP_promptbench,0,0.9800330410768658,1,,,,
D3_10359,G_02020,en,FP_promptbench,0,0.9960562100917032,1,,,,
D3_10360,G_02021,en,FP_promptbench,0,0.9817141658870886,1,,,,
D3_10361,G_05631,en,FP_promptbench,0,0.9104546743189689,1,,,,
D3_10362,G_05632,en,FP_promptbench,0,0.968693660594916,1,,,,
D3_10363,G_05633,en,FP_promptbench,0,0.9635229301122492,1,,,,
D3_10364,G_05634,en,FP_promptbench,0,0.9620577629355849,1,,,,
D3_10365,G_05635,en,FP_promptbench,0,0.9810850643887977,1,,,,
D3_10366,G_05636,en,FP_promptbench,0,0.8909763785500676,1,,,,
D3_10371,G_02020,en,FP_promptbench,0,0.9960437825912289,1,,,,
D3_10372,G_02021,en,FP_promptbench,0,0.971991412466347,1,,,,
D3_10373,G_02011,en,FP_promptbench,0,0.979474925149902,1,,,,
D3_10374,G_05640,en,FP_promptbench,0,0.9793459353954396,1,,,,
D3_10375,G_05641,en,FP_promptbench,0,0.9799873174064697,1,,,,
D3_10376,G_05642,en,FP_promptbench,0,0.9487890548776237,1,,,,
D3_10377,G_05643,en,FP_promptbench,0,0.9973540208245609,1,,,,
D3_10378,G_05644,en,FP_promptbench,0,0.9869525828816804,1,,,,
D3_10379,G_05645,en,FP_promptbench,0,0.9180407730008849,1,,,,
D3_10380,G_05646,en,FP_promptbench,0,0.8847636474145865,1,,,,
D3_10381,G_05647,en,FP_promptbench,0,0.9731322933816576,1,,,,
D3_10382,G_05648,en,FP_promptbench,0,0.7177609612657927,1,,,,
D3_10383,G_05649,en,FP_promptbench,0,0.9986707169058624,1,,,,
D3_10384,G_05650,en,FP_promptbench,0,0.978995206826829,1,,,,
D3_10466,G_05651,en,FP_promptbench,0,0.871815754788724,1,,,,
D3_10467,G_05652,en,FP_promptbench,0,0.5409974280862482,0,,,,
D3_10468,G_05653,en,FP_promptbench,0,0.030103258491684104,0,,,,
D3_10469,G_04962,en,FP_promptbench,0,0.9804408734465413,1,,,,
D3_10470,G_02129,en,FP_promptbench,0,0.7874309196421594,1,,,,
D3_10471,G_05656,en,FP_promptbench,0,0.2614623353207093,0,,,,
D3_10472,G_02150,en,FP_promptbench,0,0.9564432881477095,1,,,,
D3_10473,G_03685,en,FP_promptbench,0,0.932284396926617,1,,,,
D3_10474,G_04106,en,FP_promptbench,0,0.9815327603551885,1,,,,
D3_10475,G_05660,en,FP_promptbench,0,0.944748036313917,1,,,,
D3_10476,G_05661,en,FP_promptbench,0,0.6338079566156967,0,,,,
D3_10477,G_05662,en,FP_promptbench,0,0.19162455067865944,0,,,,
D3_10478,G_05663,en,FP_promptbench,0,0.9467854803938025,1,,,,
D3_10479,G_05664,en,FP_promptbench,0,0.954314938258163,1,,,,
D3_10480,G_04106,en,FP_promptbench,0,0.9750674731220439,1,,,,
D3_10481,G_04962,en,FP_promptbench,0,0.9720505592419614,1,,,,
D3_10482,G_05667,en,FP_promptbench,0,0.8634690927539621,1,,,,
D3_10487,G_05668,en,FP_promptbench,0,0.8773345884777833,1,,,,
D3_10488,G_05669,en,FP_promptbench,0,0.623560728886453,0,,,,
D3_10489,G_05670,en,FP_promptbench,0,0.5666962636257634,0,,,,
D3_10490,G_05671,en,FP_promptbench,0,0.8632126494386677,1,,,,
D3_10491,G_03685,en,FP_promptbench,0,0.9463530974979911,1,,,,
D3_10492,G_05673,en,FP_promptbench,0,0.9757743696635482,1,,,,
D3_10493,G_05674,en,FP_promptbench,0,0.922249129992014,1,,,,
D3_10494,G_05675,en,FP_promptbench,0,0.8341015793707995,1,,,,
D3_10495,G_05676,en,FP_promptbench,0,0.21075072828488656,0,,,,
D3_10496,G_05677,en,FP_promptbench,0,0.92446345107955,1,,,,
D3_10497,G_05678,en,FP_promptbench,0,0.8100215007826223,1,,,,
D3_10498,G_05679,en,FP_promptbench,0,0.9246686968888959,1,,,,
D3_10580,G_05680,en,FP_promptbench,0,0.8028517126085226,1,,,,
D3_10581,G_05702,en,FP_promptbench,0,0.7025506649681205,0,,,,
D3_10582,G_05682,en,FP_promptbench,0,0.7871957893499503,1,,,,
D3_10583,G_05683,en,FP_promptbench,0,0.9393606727433712,1,,,,
D3_10584,G_05684,en,FP_promptbench,0,0.7588733643814325,1,,,,
D3_10585,G_05685,en,FP_promptbench,0,0.9686066205468961,1,,,,
D3_10586,G_04635,en,FP_promptbench,0,0.895661490473427,1,,,,
D3_10587,G_02235,en,FP_promptbench,0,0.5648540684332929,0,,,,
D3_10588,G_02243,en,FP_promptbench,0,0.7468617604596297,1,,,,
D3_10589,G_03178,en,FP_promptbench,0,0.8875535999339357,1,,,,
D3_10590,G_04642,en,FP_promptbench,0,0.789080052833309,1,,,,
D3_10591,G_02277,en,FP_promptbench,0,0.9877695802099077,1,,,,
D3_10592,G_05692,en,FP_promptbench,0,0.8800549206562234,1,,,,
D3_10593,G_05693,en,FP_promptbench,0,0.4027875767773673,0,,,,
D3_10594,G_05694,en,FP_promptbench,0,0.5321069536453098,0,,,,
D3_10595,G_05695,en,FP_promptbench,0,0.8785540936277461,1,,,,
D3_10596,G_05696,en,FP_promptbench,0,0.7755451421819313,1,,,,
D3_10597,G_05697,en,FP_promptbench,0,0.9175374013144171,1,,,,
D3_10600,G_05698,en,FP_promptbench,0,0.825608292343479,1,,,,
D3_10601,G_03178,en,FP_promptbench,0,0.9142193654499321,1,,,,
D3_10603,G_02277,en,FP_promptbench,0,0.9795235170635572,1,,,,
D3_10604,G_04635,en,FP_promptbench,0,0.9013058622305858,1,,,,
D3_10605,G_05702,en,FP_promptbench,0,0.7767582982115436,1,,,,
D3_10606,G_05703,en,FP_promptbench,0,0.6459686798356448,0,,,,
D3_10607,G_05704,en,FP_promptbench,0,0.9192608882861497,1,,,,
D3_10608,G_05705,en,FP_promptbench,0,0.7990263753994674,1,,,,
D3_10609,G_02277,en,FP_promptbench,0,0.9787326371642892,1,,,,
D3_10610,G_05707,en,FP_promptbench,0,0.7905620460293011,1,,,,
D3_10611,G_05702,en,FP_promptbench,0,0.7558919938840186,1,,,,
D3_10612,G_05709,en,FP_promptbench,0,0.4556636037847302,0,,,,
D3_10613,G_05710,en,FP_promptbench,0,0.917726999058076,1,,,,
D3_10614,G_05711,en,FP_promptbench,0,0.7874705375074779,1,,,,
D3_10615,G_05712,en,FP_promptbench,0,0.9286075314713413,1,,,,
D3_10696,G_05713,en,FP_promptbench,0,0.46730781723106213,0,,,,
D3_10697,G_05714,en,FP_promptbench,0,0.4532635738046926,0,,,,
D3_10698,G_05715,en,FP_promptbench,0,0.8158401965236274,1,,,,
D3_10699,G_05716,en,FP_promptbench,0,0.7200725671385192,1,,,,
D3_10700,G_05717,en,FP_promptbench,0,0.9038054476565799,1,,,,
D3_10701,G_05718,en,FP_promptbench,0,0.9573935087736442,1,,,,
D3_10702,G_02356,en,FP_promptbench,0,0.8189666342427744,1,,,,
D3_10703,G_02372,en,FP_promptbench,0,0.8871880864119598,1,,,,
D3_10704,G_02353,en,FP_promptbench,0,0.8782983515064555,1,,,,
D3_10705,G_02364,en,FP_promptbench,0,0.9804182190274338,1,,,,
D3_10706,G_03228,en,FP_promptbench,0,0.9335802366425279,1,,,,
D3_10707,G_02369,en,FP_promptbench,0,0.9384530619591014,1,,,,
D3_10708,G_05725,en,FP_promptbench,0,0.5102248921889436,0,,,,
D3_10709,G_05726,en,FP_promptbench,0,0.8350504084531888,1,,,,
D3_10710,G_05727,en,FP_promptbench,0,0.7148098163749798,1,,,,
D3_10711,G_02364,en,FP_promptbench,0,0.9813868040213712,1,,,,
D3_10712,G_05729,en,FP_promptbench,0,0.710927561662382,1,,,,
D3_10713,G_05730,en,FP_promptbench,0,0.9491972640462604,1,,,,
D3_10714,G_05731,en,FP_promptbench,0,0.7815852184840901,1,,,,
D3_10715,G_05732,en,FP_promptbench,0,0.9241350374507251,1,,,,
D3_10719,G_02369,en,FP_promptbench,0,0.9181607299968855,1,,,,
D3_10720,G_05734,en,FP_promptbench,0,0.8179113459196325,1,,,,
D3_10721,G_05735,en,FP_promptbench,0,0.8807950095418383,1,,,,
D3_10722,G_02372,en,FP_promptbench,0,0.8825369416031937,1,,,,
D3_10723,G_05737,en,FP_promptbench,0,0.7611369911105349,1,,,,
D3_10724,G_05738,en,FP_promptbench,0,0.7443888029472004,1,,,,
D3_10725,G_05739,en,FP_promptbench,0,0.7132455052633215,1,,,,
D3_10726,G_05740,en,FP_promptbench,0,0.3395295996450352,0,,,,
D3_10727,G_05741,en,FP_promptbench,0,0.57630709185628,0,,,,
D3_10728,G_05742,en,FP_promptbench,0,0.7213645610088671,1,,,,
D3_10729,G_02364,en,FP_promptbench,0,0.9809624338717444,1,,,,
D3_10730,G_05744,en,FP_promptbench,0,0.6242387650043146,0,,,,
D3_10731,G_05745,en,FP_promptbench,0,0.9345241311010999,1,,,,
D3_10813,G_05746,en,FP_promptbench,0,0.3748652962326916,0,,,,
D3_10814,G_05747,en,FP_promptbench,0,0.7082356846800448,1,,,,
D3_10815,G_05748,en,FP_promptbench,0,0.61660319267524,0,,,,
D3_10816,G_05749,en,FP_promptbench,0,0.9048005477901305,1,,,,
D3_10817,G_05750,en,FP_promptbench,0,0.9789441428439604,1,,,,
D3_10818,G_05751,en,FP_promptbench,0,0.8808903610192601,1,,,,
D3_10819,G_02235,en,FP_promptbench,0,0.5743545737722255,0,,,,
D3_10820,G_02243,en,FP_promptbench,0,0.755937495949295,1,,,,
D3_10821,G_04639,en,FP_promptbench,0,0.9638677978377151,1,,,,
D3_10822,G_02468,en,FP_promptbench,0,0.8931850313428109,1,,,,
D3_10823,G_02277,en,FP_promptbench,0,0.9885097632276754,1,,,,
D3_10824,G_03183,en,FP_promptbench,0,0.9309115446572379,1,,,,
D3_10825,G_05758,en,FP_promptbench,0,0.6154825820556503,0,,,,
D3_10826,G_05759,en,FP_promptbench,0,0.6260980867818265,0,,,,
D3_10827,G_05760,en,FP_promptbench,0,0.965098397659987,1,,,,
D3_10828,G_05761,en,FP_promptbench,0,0.9320325711042056,1,,,,
D3_10829,G_05762,en,FP_promptbench,0,0.9211122888891682,1,,,,
D3_10830,G_05763,en,FP_promptbench,0,0.9012021207855201,1,,,,
D3_10833,G_02275,en,FP_promptbench,0,0.9277658497353034,1,,,,
D3_10834,G_02276,en,FP_promptbench,0,0.8818649245508091,1,,,,
D3_10836,G_02475,en,FP_promptbench,0,0.9168573284482704,1,,,,
D3_10837,G_05702,en,FP_promptbench,0,0.7061428795034547,0,,,,
D3_10838,G_05768,en,FP_promptbench,0,0.7132291124893436,1,,,,
D3_10839,G_04639,en,FP_promptbench,0,0.9498845985700309,1,,,,
D3_10840,G_05770,en,FP_promptbench,0,0.9267697578704588,1,,,,
D3_10841,G_05771,en,FP_promptbench,0,0.9727690807877196,1,,,,
D3_10842,G_03183,en,FP_promptbench,0,0.9225260454838113,1,,,,
D3_10843,G_05773,en,FP_promptbench,0,0.7522503395961985,1,,,,
D3_10844,G_05774,en,FP_promptbench,0,0.6370572512372474,0,,,,
D3_10845,G_05775,en,FP_promptbench,0,0.7022358241215857,0,,,,
D3_10846,G_05776,en,FP_promptbench,0,0.8668671299153499,1,,,,
D3_10847,G_05777,en,FP_promptbench,0,0.6674057569893768,0,,,,
D3_10848,G_05778,en,FP_promptbench,0,0.898242458383772,1,,,,
D3_10929,G_05779,en,FP_promptbench,0,0.9860676604518716,1,,,,
D3_10930,G_05780,en,FP_promptbench,0,0.7087106372226998,1,,,,
D3_10931,G_05781,en,FP_promptbench,0,0.923533609668546,1,,,,
D3_10932,G_05782,en,FP_promptbench,0,0.9398854424225489,1,,,,
D3_10933,G_05783,en,FP_promptbench,0,0.9909987879516626,1,,,,
D3_10934,G_05784,en,FP_promptbench,0,0.8777613624767518,1,,,,
D3_10935,G_03310,en,FP_promptbench,0,0.873725637207049,1,,,,
D3_10936,G_02502,en,FP_promptbench,0,0.933746994263122,1,,,,
D3_10937,G_02500,en,FP_promptbench,0,0.6852644658808068,0,,,,
D3_10938,G_02508,en,FP_promptbench,0,0.9869613007599867,1,,,,
D3_10939,G_03806,en,FP_promptbench,0,0.9950894388084758,1,,,,
D3_10940,G_02504,en,FP_promptbench,0,0.9657531914410445,1,,,,
D3_10941,G_05791,en,FP_promptbench,0,0.5597725718954205,0,,,,
D3_10942,G_05792,en,FP_promptbench,0,0.9441597447212453,1,,,,
D3_10943,G_02500,en,FP_promptbench,0,0.46909280802382186,0,,,,
D3_10944,G_05794,en,FP_promptbench,0,0.9719543922876921,1,,,,
D3_10945,G_05795,en,FP_promptbench,0,0.9892023341479186,1,,,,
D3_10946,G_05796,en,FP_promptbench,0,0.864248937224198,1,,,,
D3_10947,G_03321,en,FP_promptbench,0,0.8418016201678613,1,,,,
D3_10948,G_05798,en,FP_promptbench,0,0.8801828744928933,1,,,,
D3_10951,G_05084,en,FP_promptbench,0,0.9867032364836705,1,,,,
D3_10953,G_05800,en,FP_promptbench,0,0.6050033914609771,0,,,,
D3_10954,G_02502,en,FP_promptbench,0,0.9091961592281471,1,,,,
D3_10955,G_05802,en,FP_promptbench,0,0.7442576839608945,1,,,,
D3_10956,G_05803,en,FP_promptbench,0,0.9892518315956933,1,,,,
D3_10957,G_05804,en,FP_promptbench,0,0.9947381492248206,1,,,,
D3_10958,G_05805,en,FP_promptbench,0,0.9044311972327793,1,,,,
D3_10959,G_05806,en,FP_promptbench,0,0.8643503297948087,1,,,,
D3_10960,G_05807,en,FP_promptbench,0,0.82502286633275,1,,,,
D3_10961,G_05808,en,FP_promptbench,0,0.48806660120581946,0,,,,
D3_10962,G_05809,en,FP_promptbench,0,0.9880289684270341,1,,,,
D3_10963,G_05810,en,FP_promptbench,0,0.994994499499058,1,,,,
D3_10964,G_05811,en,FP_promptbench,0,0.9830275770674732,1,,,,
D2_00001,G_00662,en,E5x_pooled,1,0.9867249962724476,1,,,,
D2_00002,G_00663,en,E5x_pooled,1,0.9815288939650149,1,,,,
D2_00003,G_00664,en,E5x_pooled,1,0.999761509152937,1,,,,
D2_00004,G_00665,en,E5x_pooled,1,0.9634971014845863,1,,,,
D2_00005,G_00666,en,E5x_pooled,1,0.9801745346558562,1,,,,
D2_00006,G_00667,en,E5x_pooled,1,0.9904085699467925,1,,,,
D2_00007,G_00668,en,E5x_pooled,1,0.7650542947100603,1,,,,
D2_00008,G_00669,en,E5x_pooled,1,0.9714110134462257,1,,,,
D2_00009,G_00670,en,E5x_pooled,1,0.5918374762843944,0,,,,
D2_00010,G_00671,en,E5x_pooled,1,0.9624227056115675,1,,,,
D2_00011,G_00672,en,E5x_pooled,1,0.9993231336878505,1,,,,
D2_00012,G_00673,en,E5x_pooled,1,0.9960603482701076,1,,,,
D2_00013,G_00674,en,E5x_pooled,1,0.9996643345053384,1,,,,
D2_00014,G_00675,en,E5x_pooled,1,0.9960604260046234,1,,,,
D2_00015,G_00676,en,E5x_pooled,1,0.9778608674292877,1,,,,
D2_00016,G_00677,en,E5x_pooled,1,0.9661249931152427,1,,,,
D2_00017,G_00678,en,E5x_pooled,1,0.9980715964279288,1,,,,
D2_00018,G_00679,en,E5x_pooled,1,0.9974620172492855,1,,,,
D2_00019,G_00680,en,E5x_pooled,1,0.9850065293796022,1,,,,
D2_00020,G_00681,en,E5x_pooled,1,0.9969383110569618,1,,,,
D2_00021,G_00682,en,E5x_pooled,1,0.9521486791963224,1,,,,
D2_00022,G_00683,en,E5x_pooled,1,0.9997373121102314,1,,,,
D2_00023,G_00684,en,E5x_pooled,1,0.9968817997886069,1,,,,
D2_00024,G_00685,en,E5x_pooled,1,0.9988724732400047,1,,,,
D2_00025,G_00686,en,E5x_pooled,1,0.987116909157133,1,,,,
D2_00026,G_00687,en,E5x_pooled,1,0.9837625078601242,1,,,,
D2_00027,G_00688,en,E5x_pooled,1,0.7200206171309088,1,,,,
D2_00028,G_00689,en,E5x_pooled,1,0.9846898327741607,1,,,,
D2_00029,G_00690,en,E5x_pooled,1,0.9935261504992285,1,,,,
D2_00030,G_00691,en,E5x_pooled,1,0.9881064522234295,1,,,,
D2_00031,G_00692,en,E5x_pooled,1,0.9859257106688532,1,,,,
D2_00032,G_00693,en,E5x_pooled,1,0.9965447780645994,1,,,,
D2_00033,G_00694,en,E5x_pooled,1,0.7151673863501606,1,,,,
D2_00034,G_00695,en,E5x_pooled,1,0.9975192112357121,1,,,,
D2_00035,G_00696,en,E5x_pooled,1,0.9979147541466166,1,,,,
D2_00036,G_00697,en,E5x_pooled,1,0.9970345050001961,1,,,,
D2_00037,G_00698,en,E5x_pooled,1,0.9426387222856,1,,,,
D2_00038,G_00699,en,E5x_pooled,1,0.9972244371991618,1,,,,
D2_00039,G_00700,en,E5x_pooled,1,0.9273120979609348,1,,,,
D2_00040,G_00701,en,E5x_pooled,1,0.9176740052733493,1,,,,
D2_00041,G_00702,en,E5x_pooled,1,0.8878418453421075,1,,,,
D2_00042,G_00703,en,E5x_pooled,1,0.9910285873234085,1,,,,
D2_00043,G_00704,en,E5x_pooled,1,0.9958366129536537,1,,,,
D2_00044,G_00705,en,E5x_pooled,1,0.9514872378269946,1,,,,
D2_00045,G_00706,en,E5x_pooled,1,0.585692001087912,0,,,,
D2_00046,G_00707,en,E5x_pooled,1,0.9938770646015797,1,,,,
D2_00047,G_00708,en,E5x_pooled,1,0.981293381229545,1,,,,
D2_00048,G_00709,en,E5x_pooled,1,0.9598378335809031,1,,,,
D2_00049,G_00710,en,E5x_pooled,1,0.986207149747313,1,,,,
D2_00050,G_00711,en,E5x_pooled,1,0.9950759523752808,1,,,,
D2_00051,G_00712,en,E5x_pooled,1,0.9997234285364567,1,,,,
D2_00052,G_00713,en,E5x_pooled,1,0.9973370623184789,1,,,,
D2_00053,G_00714,en,E5x_pooled,1,0.9856465660619174,1,,,,
D2_00054,G_00715,en,E5x_pooled,1,0.6484629493627803,0,,,,
D2_00055,G_00716,en,E5x_pooled,1,0.9580041518982104,1,,,,
D2_00056,G_00717,en,E5x_pooled,1,0.9841613721636818,1,,,,
D2_00057,G_00718,en,E5x_pooled,1,0.9658207136048045,1,,,,
D2_00058,G_00719,en,E5x_pooled,1,0.9928940200529162,1,,,,
D2_00059,G_00720,en,E5x_pooled,1,0.9439551168515017,1,,,,
D2_00060,G_00721,en,E5x_pooled,1,0.8094541246734542,1,,,,
D2_00061,G_00722,en,E5x_pooled,1,0.9361381847489789,1,,,,
D2_00062,G_00723,en,E5x_pooled,1,0.9953588501106463,1,,,,
D2_00063,G_00724,en,E5x_pooled,1,0.985052558344884,1,,,,
D2_00064,G_00725,en,E5x_pooled,1,0.9046327733950816,1,,,,
D2_00065,G_00726,en,E5x_pooled,1,0.9986747740195325,1,,,,
D2_00066,G_00727,en,E5x_pooled,1,0.9970446170047114,1,,,,
D2_00067,G_00728,en,E5x_pooled,1,0.9411012863896329,1,,,,
D2_00068,G_00729,en,E5x_pooled,1,0.9995768691160949,1,,,,
D2_00069,G_00730,en,E5x_pooled,1,0.9808763351068722,1,,,,
D2_00070,G_00731,en,E5x_pooled,1,0.996628773115895,1,,,,
D2_00071,G_00732,en,E5x_pooled,1,0.9982563578768814,1,,,,
D2_00072,G_00733,en,E5x_pooled,1,0.9538660834257809,1,,,,
D2_00073,G_00734,en,E5x_pooled,1,0.9986119156545057,1,,,,
D2_00074,G_00735,en,E5x_pooled,1,0.9962395780897063,1,,,,
D2_00075,G_00736,en,E5x_pooled,1,0.949867099354736,1,,,,
D2_00076,G_00737,en,E5x_pooled,1,0.9783233837291118,1,,,,
D2_00077,G_00738,en,E5x_pooled,1,0.9242148311939374,1,,,,
D2_00078,G_00739,en,E5x_pooled,1,0.4243068879476305,0,,,,
D2_00079,G_00740,en,E5x_pooled,1,0.9810399260620719,1,,,,
D2_00080,G_00741,en,E5x_pooled,1,0.9853747123654499,1,,,,
D2_00081,G_00742,en,E5x_pooled,1,0.9998042314310562,1,,,,
D2_00082,G_00743,en,E5x_pooled,1,0.7254542301307508,1,,,,
D2_00083,G_00744,en,E5x_pooled,1,0.9961638452846768,1,,,,
D2_00084,G_00745,en,E5x_pooled,1,0.6934118848192153,0,,,,
D2_00085,G_00746,en,E5x_pooled,1,0.9385977604182161,1,,,,
D2_00086,G_00747,en,E5x_pooled,1,0.948680444046685,1,,,,
D2_00087,G_00748,en,E5x_pooled,1,0.9905682833151515,1,,,,
D2_00088,G_00749,en,E5x_pooled,1,0.9993456966479206,1,,,,
D2_00089,G_00750,en,E5x_pooled,1,0.9634159711939143,1,,,,
D2_00090,G_00751,en,E5x_pooled,1,0.9835748886136644,1,,,,
D2_00091,G_00752,en,E5x_pooled,1,0.9992750474161354,1,,,,
D2_00092,G_00753,en,E5x_pooled,1,0.9929172374645036,1,,,,
D2_00093,G_00754,en,E5x_pooled,1,0.9996203007764413,1,,,,
D2_00094,G_00755,en,E5x_pooled,1,0.9674603025053624,1,,,,
D2_00095,G_00756,en,E5x_pooled,1,0.9686207876236067,1,,,,
D2_00096,G_00757,en,E5x_pooled,1,0.8007198305934845,1,,,,
D2_00097,G_00758,en,E5x_pooled,1,0.9938305243707594,1,,,,
D2_00098,G_00759,en,E5x_pooled,1,0.9711756392371061,1,,,,
D2_00099,G_00760,en,E5x_pooled,1,0.9846096102884417,1,,,,
D2_00100,G_00761,en,E5x_pooled,1,0.894854233323726,1,,,,
D2_00101,G_00762,en,E5x_pooled,1,0.8085458378788941,1,,,,
D2_00102,G_00763,en,E5x_pooled,1,0.9999780849129445,1,,,,
D2_00103,G_00764,en,E5x_pooled,1,0.9959843391288138,1,,,,
D2_00104,G_00765,en,E5x_pooled,1,0.9997674757412857,1,,,,
D2_00105,G_00766,en,E5x_pooled,1,0.9936216171013218,1,,,,
D2_00106,G_00767,en,E5x_pooled,1,0.9380265803418179,1,,,,
D2_00107,G_00768,en,E5x_pooled,1,0.8502069414896893,1,,,,
D2_00108,G_00769,en,E5x_pooled,1,0.9927808335496299,1,,,,
D2_00109,G_00770,en,E5x_pooled,1,0.9819575300618798,1,,,,
D2_00110,G_00771,en,E5x_pooled,1,0.9871471054332184,1,,,,
D2_00111,G_00772,en,E5x_pooled,1,0.9813036045788425,1,,,,
D2_00112,G_00773,en,E5x_pooled,1,0.9571682885987335,1,,,,
D2_00113,G_00774,en,E5x_pooled,1,0.9978399823126628,1,,,,
D2_00114,G_00775,en,E5x_pooled,1,0.987082790591186,1,,,,
D2_00115,G_00776,en,E5x_pooled,1,0.9637676062934177,1,,,,
D2_00116,G_00777,en,E5x_pooled,1,0.9999629070885521,1,,,,
D2_00117,G_00778,en,E5x_pooled,1,0.9999347368748049,1,,,,
D2_00118,G_00779,en,E5x_pooled,1,0.999191896555548,1,,,,
D2_00119,G_00780,en,E5x_pooled,1,0.9652954606263642,1,,,,
D2_00120,G_00781,en,E5x_pooled,1,0.9895756521141075,1,,,,
D2_00121,G_00782,en,E5x_pooled,1,0.9942501704775615,1,,,,
D2_00122,G_00783,en,E5x_pooled,1,0.9980351720584878,1,,,,
D2_00123,G_00784,en,E5x_pooled,1,0.9080920339956646,1,,,,
D2_00124,G_00785,en,E5x_pooled,1,0.9993392688753313,1,,,,
D2_00125,G_00786,en,E5x_pooled,1,0.8537916267229101,1,,,,
D2_00126,G_00787,en,E5x_pooled,1,0.9792710169254482,1,,,,
D2_00127,G_00788,en,E5x_pooled,1,0.9959889725336005,1,,,,
D2_00128,G_00789,en,E5x_pooled,1,0.9820685526624011,1,,,,
D2_00129,G_00790,en,E5x_pooled,1,0.990212687430638,1,,,,
D2_00130,G_00791,en,E5x_pooled,1,0.9840925911060143,1,,,,
D2_00131,G_00792,en,E5x_pooled,1,0.9986692613485507,1,,,,
D2_00132,G_00793,en,E5x_pooled,1,0.9899406189948419,1,,,,
D2_00133,G_00794,en,E5x_pooled,1,0.9998478035872634,1,,,,
D2_00134,G_00795,en,E5x_pooled,1,0.9983898479538578,1,,,,
D2_00135,G_00796,en,E5x_pooled,1,0.9500237418354819,1,,,,
D2_00136,G_00797,en,E5x_pooled,1,0.9969470844662677,1,,,,
D2_00137,G_00798,en,E5x_pooled,1,0.7248623201490468,1,,,,
D2_00138,G_00799,en,E5x_pooled,1,0.9858311209515573,1,,,,
D2_00139,G_00800,en,E5x_pooled,1,0.9973229841419008,1,,,,
D2_00140,G_00801,en,E5x_pooled,1,0.9880707023113554,1,,,,
D2_00141,G_00802,en,E5x_pooled,1,0.9996966540485483,1,,,,
D2_00142,G_00803,en,E5x_pooled,1,0.9956394883343742,1,,,,
D2_00143,G_00804,en,E5x_pooled,1,0.9998052522297227,1,,,,
D2_00144,G_00805,en,E5x_pooled,1,0.9826472691727824,1,,,,
D2_00145,G_00806,en,E5x_pooled,1,0.725344158016676,1,,,,
D2_00146,G_00807,en,E5x_pooled,1,0.9938223579136631,1,,,,
D2_00147,G_00808,en,E5x_pooled,1,0.9871727488014037,1,,,,
D2_00148,G_00809,en,E5x_pooled,1,0.9741199226122088,1,,,,
D2_00149,G_00810,en,E5x_pooled,1,0.9901584803933663,1,,,,
D2_00150,G_00811,en,E5x_pooled,1,0.8566087382714216,1,,,,
D2_00151,G_00812,en,E5x_pooled,1,0.9996605930617237,1,,,,
D2_00152,G_00813,en,E5x_pooled,1,0.999576157671512,1,,,,
D2_00153,G_00814,en,E5x_pooled,1,0.9554078479710578,1,,,,
D2_00154,G_00815,en,E5x_pooled,1,0.9746220442856411,1,,,,
D2_00155,G_00816,en,E5x_pooled,1,0.994669966788666,1,,,,
D2_00156,G_00817,en,E5x_pooled,1,0.9160365487121315,1,,,,
D2_00157,G_00818,en,E5x_pooled,1,0.996581593850881,1,,,,
D2_00158,G_00819,en,E5x_pooled,1,0.9978193307089642,1,,,,
D2_00159,G_00820,en,E5x_pooled,1,0.9892961204248926,1,,,,
D2_00160,G_00821,en,E5x_pooled,1,0.9883004992219195,1,,,,
D2_00161,G_00822,en,E5x_pooled,1,0.9370699811190316,1,,,,
D2_00162,G_00823,en,E5x_pooled,1,0.9939134848301349,1,,,,
D2_00163,G_00824,en,E5x_pooled,1,0.9147788692732203,1,,,,
D2_00164,G_00825,en,E5x_pooled,1,0.9768950574638872,1,,,,
D2_00165,G_00826,en,E5x_pooled,1,0.9934963709265278,1,,,,
D2_00166,G_00827,en,E5x_pooled,1,0.9791068182481051,1,,,,
D2_00167,G_00828,en,E5x_pooled,1,0.9854729159193117,1,,,,
D2_00168,G_00829,en,E5x_pooled,1,0.9495585719672902,1,,,,
D2_00169,G_00830,en,E5x_pooled,1,0.9719156155496316,1,,,,
D2_00170,G_00831,en,E5x_pooled,1,0.9869177544924436,1,,,,
D2_00171,G_00832,en,E5x_pooled,1,0.998125504638313,1,,,,
D2_00172,G_00833,en,E5x_pooled,1,0.9382198576180245,1,,,,
D2_00173,G_00834,en,E5x_pooled,1,0.9996821757154846,1,,,,
D2_00174,G_00835,en,E5x_pooled,1,0.9947862338220015,1,,,,
D2_00175,G_00836,en,E5x_pooled,1,0.9789675097180173,1,,,,
D2_00176,G_00837,en,E5x_pooled,1,0.9899673567856981,1,,,,
D2_00177,G_00838,en,E5x_pooled,1,0.9977957178099245,1,,,,
D2_00178,G_00839,en,E5x_pooled,1,0.9892558054893895,1,,,,
D2_00179,G_00840,en,E5x_pooled,1,0.9927316578895541,1,,,,
D2_00180,G_00841,en,E5x_pooled,1,0.9996707454454904,1,,,,
D2_00181,G_00842,en,E5x_pooled,1,0.9767367804110405,1,,,,
D2_00182,G_00843,en,E5x_pooled,1,0.9793894684470306,1,,,,
D2_00183,G_00844,en,E5x_pooled,1,0.9789405644856157,1,,,,
D2_00184,G_00790,en,E5x_pooled,1,0.990212687430638,1,,,,
D2_00185,G_00846,en,E5x_pooled,1,0.9958837569578802,1,,,,
D2_00186,G_00847,en,E5x_pooled,1,0.9880001584271915,1,,,,
D2_00187,G_00848,en,E5x_pooled,1,0.9992661847084886,1,,,,
D2_00188,G_00849,en,E5x_pooled,1,0.9900898885625421,1,,,,
D2_00189,G_00850,en,E5x_pooled,1,0.9219184079374613,1,,,,
D2_00190,G_00851,en,E5x_pooled,1,0.9906672567241052,1,,,,
D2_00191,G_00852,en,E5x_pooled,1,0.998855072833803,1,,,,
D2_00192,G_00853,en,E5x_pooled,1,0.6052495754084604,0,,,,
D2_00193,G_00854,en,E5x_pooled,1,0.975591896343337,1,,,,
D2_00194,G_00855,en,E5x_pooled,1,0.9997730680548419,1,,,,
D2_00195,G_00856,en,E5x_pooled,1,0.9800435708587112,1,,,,
D2_00196,G_00857,en,E5x_pooled,1,0.9880216865058115,1,,,,
D2_00197,G_00858,en,E5x_pooled,1,0.9959621613607907,1,,,,
D2_00198,G_00859,en,E5x_pooled,1,0.9999977134116398,1,,,,
D2_00199,G_00860,en,E5x_pooled,1,0.9955546264389116,1,,,,
D2_00200,G_00861,en,E5x_pooled,1,0.9989567603455827,1,,,,
D2_00201,G_00862,en,E5x_pooled,1,0.38975679167883354,0,,,,
D2_00202,G_00863,en,E5x_pooled,1,0.978063628891388,1,,,,
D2_00203,G_00864,en,E5x_pooled,1,0.9859787152112837,1,,,,
D2_00204,G_00865,en,E5x_pooled,1,0.9584213472679958,1,,,,
D2_00205,G_00866,en,E5x_pooled,1,0.9880667509978336,1,,,,
D2_00206,G_00867,en,E5x_pooled,1,0.981843807138264,1,,,,
D2_00207,G_00868,en,E5x_pooled,1,0.9948598607920458,1,,,,
D2_00208,G_00869,en,E5x_pooled,1,0.9793366300311702,1,,,,
D2_00209,G_00870,en,E5x_pooled,1,0.9938163463977849,1,,,,
D2_00210,G_00871,en,E5x_pooled,1,0.77645733074298,1,,,,
D2_00211,G_00872,en,E5x_pooled,1,0.9435753556076388,1,,,,
D2_00212,G_00873,en,E5x_pooled,1,0.9757525784232698,1,,,,
D2_00213,G_00874,en,E5x_pooled,1,0.7288884563322802,1,,,,
D2_00214,G_00875,en,E5x_pooled,1,0.9687495751587566,1,,,,
D2_00215,G_00876,en,E5x_pooled,1,0.9741278600595593,1,,,,
D2_00216,G_00877,en,E5x_pooled,1,0.949859932291276,1,,,,
D2_00217,G_00878,en,E5x_pooled,1,0.9998892239187109,1,,,,
D2_00218,G_00879,en,E5x_pooled,1,0.9861713116202866,1,,,,
D2_00219,G_00880,en,E5x_pooled,1,0.9978709695544408,1,,,,
D2_00220,G_00881,en,E5x_pooled,1,0.9971105007196631,1,,,,
D2_00221,G_00882,en,E5x_pooled,1,0.9925101988042943,1,,,,
D2_00222,G_00883,en,E5x_pooled,1,0.9929163175195131,1,,,,
D2_00223,G_00884,en,E5x_pooled,1,0.9972283982138622,1,,,,
D2_00224,G_00885,en,E5x_pooled,1,0.8759424919850787,1,,,,
D2_00225,G_00886,en,E5x_pooled,1,0.9983472916361048,1,,,,
D2_00226,G_00887,en,E5x_pooled,1,0.9959143731014373,1,,,,
D2_00227,G_00888,en,E5x_pooled,1,0.9913975629464001,1,,,,
D2_00228,G_00889,en,E5x_pooled,1,0.6627078863179635,0,,,,
D2_00229,G_00890,en,E5x_pooled,1,0.9946556373378372,1,,,,
D2_00230,G_00891,en,E5x_pooled,1,0.9974519033848095,1,,,,
D2_00231,G_00892,en,E5x_pooled,1,0.8207410228605815,1,,,,
D2_00232,G_00893,en,E5x_pooled,1,0.9523543155276475,1,,,,
D2_00233,G_00894,en,E5x_pooled,1,0.9826086933051957,1,,,,
D2_00234,G_00895,en,E5x_pooled,1,0.635873068877695,0,,,,
D2_00235,G_00896,en,E5x_pooled,1,0.9944928698428495,1,,,,
D2_00236,G_00897,en,E5x_pooled,1,0.9992665979988409,1,,,,
D2_00237,G_00898,en,E5x_pooled,1,0.9912649697325776,1,,,,
D2_00238,G_00899,en,E5x_pooled,1,0.9900419208487913,1,,,,
D2_00239,G_00900,en,E5x_pooled,1,0.9606230451274149,1,,,,
D2_00240,G_00901,en,E5x_pooled,1,0.9852670837718805,1,,,,
D2_00241,G_00902,en,E5x_pooled,1,0.993779260342072,1,,,,
D2_00242,G_00903,en,E5x_pooled,1,0.9825815719667665,1,,,,
D2_00243,G_00904,en,E5x_pooled,1,0.9975490062525683,1,,,,
D2_00244,G_00905,en,E5x_pooled,1,0.9955706771050699,1,,,,
D2_00245,G_00906,en,E5x_pooled,1,0.9946766758845127,1,,,,
D2_00246,G_00907,en,E5x_pooled,1,0.762871820565735,1,,,,
D2_00247,G_00908,en,E5x_pooled,1,0.9943008762162401,1,,,,
D2_00248,G_00909,en,E5x_pooled,1,0.9830193752967172,1,,,,
D2_00249,G_00910,en,E5x_pooled,1,0.9905917997144669,1,,,,
D2_00250,G_00911,en,E5x_pooled,1,0.8665563766845408,1,,,,
D2_00251,G_00912,en,E5x_pooled,1,0.9866271605049851,1,,,,
D2_00252,G_00913,en,E5x_pooled,1,0.7143437996046893,1,,,,
D2_00253,G_00914,en,E5x_pooled,1,0.9749721424692099,1,,,,
D2_00254,G_00915,en,E5x_pooled,1,0.9335649899023133,1,,,,
D2_00255,G_00916,en,E5x_pooled,1,0.8355432695076244,1,,,,
D2_00256,G_00917,en,E5x_pooled,1,0.9997963074887615,1,,,,
D2_00257,G_00918,en,E5x_pooled,1,0.9742242219498206,1,,,,
D2_00258,G_00919,en,E5x_pooled,1,0.7382988424970224,1,,,,
D2_00259,G_00920,en,E5x_pooled,1,0.9978071436010135,1,,,,
D2_00260,G_00921,en,E5x_pooled,1,0.9989648207540137,1,,,,
D2_00261,G_00922,en,E5x_pooled,1,0.9935354473670032,1,,,,
D2_00262,G_00923,en,E5x_pooled,1,0.9992402643944215,1,,,,
D2_00263,G_00924,en,E5x_pooled,1,0.9486351065829199,1,,,,
D2_00264,G_00925,en,E5x_pooled,1,0.9939148468618236,1,,,,
D2_00265,G_00926,en,E5x_pooled,1,0.36202779080943764,0,,,,
D2_00266,G_00927,en,E5x_pooled,1,0.947635619510855,1,,,,
D2_00267,G_00928,en,E5x_pooled,1,0.9812684632580351,1,,,,
D2_00268,G_00929,en,E5x_pooled,1,0.993512259054098,1,,,,
D2_00269,G_00930,en,E5x_pooled,1,0.9939205111478924,1,,,,
D2_00270,G_00931,en,E5x_pooled,1,0.7821364558399448,1,,,,
D2_00271,G_00932,en,E5x_pooled,1,0.9149605699933553,1,,,,
D2_00272,G_00933,en,E5x_pooled,1,0.7411074147984597,1,,,,
D2_00273,G_00934,en,E5x_pooled,1,0.9931564535120003,1,,,,
D2_00274,G_00935,en,E5x_pooled,1,0.9900146055884689,1,,,,
D2_00275,G_00936,en,E5x_pooled,1,0.9800759087865056,1,,,,
D2_00276,G_00937,en,E5x_pooled,1,0.996016560423813,1,,,,
D2_00277,G_00938,en,E5x_pooled,1,0.991619120227851,1,,,,
D2_00278,G_00939,en,E5x_pooled,1,0.9988409484988464,1,,,,
D2_00279,G_00940,en,E5x_pooled,1,0.9955559856859899,1,,,,
D2_00280,G_00941,en,E5x_pooled,1,0.9999109825514537,1,,,,
D2_00281,G_00942,en,E5x_pooled,1,0.995900096442285,1,,,,
D2_00282,G_00943,en,E5x_pooled,1,0.9889703821491524,1,,,,
D2_00283,G_00944,en,E5x_pooled,1,0.8865566315720196,1,,,,
D2_00284,G_00945,en,E5x_pooled,1,0.9911335153601575,1,,,,
D2_00285,G_00946,en,E5x_pooled,1,0.7591224863465064,1,,,,
D2_00286,G_00947,en,E5x_pooled,1,0.9920641470297097,1,,,,
D2_00287,G_00948,en,E5x_pooled,1,0.9955433124972509,1,,,,
D2_00288,G_00949,en,E5x_pooled,1,0.998250431804626,1,,,,
D2_00289,G_00950,en,E5x_pooled,1,0.9980207782304346,1,,,,
D2_00290,G_00951,en,E5x_pooled,1,0.9967100214481786,1,,,,
D2_00291,G_00952,en,E5x_pooled,1,0.980464730936355,1,,,,
D2_00292,G_00953,en,E5x_pooled,1,0.9587639267649959,1,,,,
D2_00293,G_00954,en,E5x_pooled,1,0.998575502945398,1,,,,
D2_00294,G_00955,en,E5x_pooled,1,0.999355881005722,1,,,,
D2_00295,G_00956,en,E5x_pooled,1,0.7779854788433092,1,,,,
D2_00296,G_00957,en,E5x_pooled,1,0.9954593624628985,1,,,,
D2_00297,G_00958,en,E5x_pooled,1,0.7059491224645987,0,,,,
D2_00298,G_00959,en,E5x_pooled,1,0.9985642462302197,1,,,,
D2_00299,G_00960,en,E5x_pooled,1,0.9271528471997453,1,,,,
D2_00300,G_00961,en,E5x_pooled,1,0.9995045811355473,1,,,,
D2_00301,G_00962,en,E5x_pooled,1,0.9323221139428577,1,,,,
D2_00302,G_00963,en,E5x_pooled,1,0.9747304263823504,1,,,,
D2_00303,G_00964,en,E5x_pooled,1,0.885336706489979,1,,,,
D2_00304,G_00965,en,E5x_pooled,1,0.9952203608139714,1,,,,
D2_00305,G_00966,en,E5x_pooled,1,0.9601368437626787,1,,,,
D2_00306,G_00967,en,E5x_pooled,1,0.9931982896598004,1,,,,
D2_00307,G_00968,en,E5x_pooled,1,0.9628924513671266,1,,,,
D2_00308,G_00969,en,E5x_pooled,1,0.7352397231486326,1,,,,
D2_00309,G_00970,en,E5x_pooled,1,0.23296752790115494,0,,,,
D2_00310,G_00971,en,E5x_pooled,1,0.9998495244268341,1,,,,
D2_00311,G_00972,en,E5x_pooled,1,0.9998453047643504,1,,,,
D2_00312,G_00973,en,E5x_pooled,1,0.9043193963169853,1,,,,
D2_00313,G_00974,en,E5x_pooled,1,0.9987797418425617,1,,,,
D2_00314,G_00975,en,E5x_pooled,1,0.9986652090797484,1,,,,
D2_00315,G_00976,en,E5x_pooled,1,0.9988058530680806,1,,,,
D2_00316,G_00977,en,E5x_pooled,1,0.9435701727149671,1,,,,
D2_00317,G_00978,en,E5x_pooled,1,0.9981200736175965,1,,,,
D2_00318,G_00979,en,E5x_pooled,1,0.9787062425977472,1,,,,
D2_00319,G_00980,en,E5x_pooled,1,0.9993381966751458,1,,,,
D2_00320,G_00981,en,E5x_pooled,1,0.9799481635168129,1,,,,
D2_00321,G_00982,en,E5x_pooled,1,0.9670965670057163,1,,,,
D2_00322,G_00983,en,E5x_pooled,1,0.9850823632613199,1,,,,
D2_00323,G_00984,en,E5x_pooled,1,0.9684751337380852,1,,,,
D2_00324,G_00985,en,E5x_pooled,1,0.9968071748079876,1,,,,
D2_00325,G_00986,en,E5x_pooled,1,0.8509038289229944,1,,,,
D2_00326,G_00987,en,E5x_pooled,1,0.9938098304447026,1,,,,
D2_00327,G_00988,en,E5x_pooled,1,0.9988913968694347,1,,,,
D2_00328,G_00989,en,E5x_pooled,1,0.9996892681612402,1,,,,
D2_00329,G_00990,en,E5x_pooled,1,0.89020509435801,1,,,,
D2_00330,G_00991,en,E5x_pooled,1,0.9888816001128118,1,,,,
D2_00331,G_00992,en,E5x_pooled,1,0.97291391761825,1,,,,
D2_00332,G_00993,en,E5x_pooled,1,0.9987652489375184,1,,,,
D2_00333,G_00994,en,E5x_pooled,1,0.9855836629400201,1,,,,
D2_00334,G_00995,en,E5x_pooled,1,0.9666985634824167,1,,,,
D2_00335,G_00996,en,E5x_pooled,1,0.9864925788107742,1,,,,
D2_00336,G_00997,en,E5x_pooled,1,0.9821225761983441,1,,,,
D2_00337,G_00998,en,E5x_pooled,1,0.9885084708792723,1,,,,
D2_00338,G_00999,en,E5x_pooled,1,0.7013662244936989,0,,,,
D2_00339,G_01000,en,E5x_pooled,1,0.9842900921404243,1,,,,
D2_00340,G_01001,en,E5x_pooled,1,0.8476230229422813,1,,,,
D2_00341,G_01002,en,E5x_pooled,1,0.9967359518411314,1,,,,
D2_00342,G_01003,en,E5x_pooled,1,0.999484539718523,1,,,,
D2_00343,G_01004,en,E5x_pooled,1,0.7821952091687379,1,,,,
D2_00344,G_01005,en,E5x_pooled,1,0.9933485350893481,1,,,,
D2_00345,G_01006,en,E5x_pooled,1,0.9991485038847505,1,,,,
D2_00346,G_01007,en,E5x_pooled,1,0.8025986955983109,1,,,,
D2_00347,G_01008,en,E5x_pooled,1,0.9643671453002404,1,,,,
D2_00348,G_01009,en,E5x_pooled,1,0.9971433983657846,1,,,,
D2_00349,G_01010,en,E5x_pooled,1,0.9968733738125996,1,,,,
D2_00350,G_01011,en,E5x_pooled,1,0.9258155644629965,1,,,,
D2_00351,G_01012,en,E5x_pooled,1,0.9957998944730233,1,,,,
D2_00352,G_01013,en,E5x_pooled,1,0.9821529839913189,1,,,,
D2_00353,G_01014,en,E5x_pooled,1,0.9959967979358827,1,,,,
D2_00354,G_01015,en,E5x_pooled,1,0.9808105471039714,1,,,,
D2_00355,G_01016,en,E5x_pooled,1,0.9110830146010868,1,,,,
D2_00356,G_01017,en,E5x_pooled,1,0.7680716134088528,1,,,,
D2_00357,G_01018,en,E5x_pooled,1,0.9988449439908795,1,,,,
D2_00358,G_01019,en,E5x_pooled,1,0.6971763009174473,0,,,,
D2_00359,G_01020,en,E5x_pooled,1,0.9986094512721533,1,,,,
D2_00360,G_01021,en,E5x_pooled,1,0.8056525320284802,1,,,,
D2_00361,G_01022,en,E5x_pooled,1,0.9741658299464934,1,,,,
D2_00362,G_01023,en,E5x_pooled,1,0.9997204203217681,1,,,,
D2_00363,G_01024,en,E5x_pooled,1,0.8649337437748217,1,,,,
D2_00364,G_01025,en,E5x_pooled,1,0.19093865512192404,0,,,,
D2_00365,G_01026,en,E5x_pooled,1,0.9801956954767437,1,,,,
D2_00366,G_01027,en,E5x_pooled,1,0.9234470915821492,1,,,,
D2_00367,G_01028,en,E5x_pooled,1,0.9788377343684126,1,,,,
D2_00368,G_01029,en,E5x_pooled,1,0.978950179390102,1,,,,
D2_00369,G_01030,en,E5x_pooled,1,0.9999000955651154,1,,,,
D2_00370,G_01031,en,E5x_pooled,1,0.9796941598694412,1,,,,
D2_00371,G_01032,en,E5x_pooled,1,0.9993555915653056,1,,,,
D2_00372,G_01033,en,E5x_pooled,1,0.9982089223442235,1,,,,
D2_00373,G_01034,en,E5x_pooled,1,0.9831395076810572,1,,,,
D2_00374,G_01035,en,E5x_pooled,1,0.9488731879403919,1,,,,
D2_00375,G_01036,en,E5x_pooled,1,0.9811364149019799,1,,,,
D2_00376,G_01037,en,E5x_pooled,1,0.996508625650482,1,,,,
D2_00377,G_01038,en,E5x_pooled,1,0.9831886143921079,1,,,,
D2_00378,G_01039,en,E5x_pooled,1,0.7228690307794328,1,,,,
D2_00379,G_01040,en,E5x_pooled,1,0.9801195284583071,1,,,,
D2_00380,G_01041,en,E5x_pooled,1,0.9825673690515855,1,,,,
D2_00381,G_01042,en,E5x_pooled,1,0.779554084141486,1,,,,
D2_00382,G_01043,en,E5x_pooled,1,0.9998267248804151,1,,,,
D2_00383,G_01044,en,E5x_pooled,1,0.8570109752642676,1,,,,
D2_00384,G_01045,en,E5x_pooled,1,0.9972615447657006,1,,,,
D2_00385,G_01046,en,E5x_pooled,1,0.9245472911758845,1,,,,
D2_00386,G_01047,en,E5x_pooled,1,0.8002849515341013,1,,,,
D2_00387,G_01048,en,E5x_pooled,1,0.9875515381933082,1,,,,
D2_00388,G_01049,en,E5x_pooled,1,0.9919916216755685,1,,,,
D2_00389,G_01050,en,E5x_pooled,1,0.9995836487728097,1,,,,
D2_00390,G_01051,en,E5x_pooled,1,0.9931920875786888,1,,,,
D2_00391,G_01052,en,E5x_pooled,1,0.9838189840888546,1,,,,
D2_00392,G_01053,en,E5x_pooled,1,0.984135779277256,1,,,,
D2_00393,G_01054,en,E5x_pooled,1,0.9999321998930681,1,,,,
D2_00394,G_01055,en,E5x_pooled,1,0.999618218424523,1,,,,
D2_00395,G_01056,en,E5x_pooled,1,0.6860664844572059,0,,,,
D2_00396,G_01057,en,E5x_pooled,1,0.996507764192058,1,,,,
D2_00397,G_01058,en,E5x_pooled,1,0.997156148797732,1,,,,
D2_00398,G_01059,en,E5x_pooled,1,0.9953115476170531,1,,,,
D2_00399,G_01060,en,E5x_pooled,1,0.9990642159595021,1,,,,
D2_00400,G_01061,en,E5x_pooled,1,0.8700359883457397,1,,,,
D2_00401,G_01062,en,E5x_pooled,1,0.981221784531073,1,,,,
D2_00402,G_01063,en,E5x_pooled,1,0.9912795274836375,1,,,,
D2_00403,G_01064,en,E5x_pooled,1,0.9122701930649736,1,,,,
D2_00404,G_01065,en,E5x_pooled,1,0.9915000411383122,1,,,,
D2_00405,G_01066,en,E5x_pooled,1,0.9952553183895523,1,,,,
D2_00406,G_01067,en,E5x_pooled,1,0.9863701026875892,1,,,,
D2_00407,G_01068,en,E5x_pooled,1,0.9999265267038806,1,,,,
D2_00408,G_01069,en,E5x_pooled,1,0.8930607190052257,1,,,,
D2_00409,G_01070,en,E5x_pooled,1,0.9991242487411153,1,,,,
D2_00410,G_01071,en,E5x_pooled,1,0.9910870719729489,1,,,,
D2_00411,G_01072,en,E5x_pooled,1,0.9996966078555949,1,,,,
D2_00412,G_01073,en,E5x_pooled,1,0.8894020865305071,1,,,,
D2_00413,G_01074,en,E5x_pooled,1,0.9996369118273869,1,,,,
D2_00414,G_01075,en,E5x_pooled,1,0.9606057745710326,1,,,,
D2_00415,G_01076,en,E5x_pooled,1,0.9464049123585009,1,,,,
D2_00416,G_00711,en,E5x_pooled,1,0.9964739941752884,1,,,,
D2_00417,G_01078,en,E5x_pooled,1,0.9756589936419392,1,,,,
D2_00418,G_01079,en,E5x_pooled,1,0.9997287094157862,1,,,,
D2_00419,G_01080,en,E5x_pooled,1,0.8288416707202225,1,,,,
D2_00420,G_01081,en,E5x_pooled,1,0.9597075420684817,1,,,,
D2_00421,G_01082,en,E5x_pooled,1,0.999909480623857,1,,,,
D2_00422,G_01083,en,E5x_pooled,1,0.997402538739153,1,,,,
D2_00423,G_01084,en,E5x_pooled,1,0.9964640430666303,1,,,,
D2_00424,G_01085,en,E5x_pooled,1,0.962201511080064,1,,,,
D2_00425,G_01086,en,E5x_pooled,1,0.9561313486358488,1,,,,
D2_00426,G_01087,en,E5x_pooled,1,0.9963976086775576,1,,,,
D2_00427,G_01088,en,E5x_pooled,1,0.9475756720345662,1,,,,
D2_00428,G_01089,en,E5x_pooled,1,0.9990631987007359,1,,,,
D2_00429,G_01090,en,E5x_pooled,1,0.9622111458315407,1,,,,
D2_00430,G_01091,en,E5x_pooled,1,0.9715067882379359,1,,,,
D2_00431,G_01092,en,E5x_pooled,1,0.956632293301017,1,,,,
D2_00432,G_01093,en,E5x_pooled,1,0.9329392130532304,1,,,,
D2_00433,G_01094,en,E5x_pooled,1,0.9963381919303086,1,,,,
D2_00434,G_01095,en,E5x_pooled,1,0.5982248473566124,0,,,,
D2_00435,G_01096,en,E5x_pooled,1,0.9964044727086347,1,,,,
D2_00436,G_01097,en,E5x_pooled,1,0.9982098101359519,1,,,,
D2_00437,G_01098,en,E5x_pooled,1,0.8921849860410562,1,,,,
D2_00438,G_01099,en,E5x_pooled,1,0.9999104139883633,1,,,,
D2_00439,G_01100,en,E5x_pooled,1,0.9975224328689568,1,,,,
D2_00440,G_01101,en,E5x_pooled,1,0.9526280457919669,1,,,,
D2_00441,G_01102,en,E5x_pooled,1,0.9854434227235707,1,,,,
D2_00442,G_01103,en,E5x_pooled,1,0.9521447962162427,1,,,,
D2_00443,G_01104,en,E5x_pooled,1,0.9807149839155432,1,,,,
D2_00444,G_01105,en,E5x_pooled,1,0.7682335854502779,1,,,,
D2_00445,G_01106,en,E5x_pooled,1,0.9886828243619125,1,,,,
D2_00446,G_01107,en,E5x_pooled,1,0.699873060795146,0,,,,
D2_00447,G_01108,en,E5x_pooled,1,0.6581411121697673,0,,,,
D2_00448,G_01109,en,E5x_pooled,1,0.6368228751498292,0,,,,
D2_00449,G_01110,en,E5x_pooled,1,0.9981278556724525,1,,,,
D2_00450,G_01111,en,E5x_pooled,1,0.9697971688502686,1,,,,
D2_00451,G_01112,en,E5x_pooled,1,0.9936265549376228,1,,,,
D2_00452,G_01113,en,E5x_pooled,1,0.9973192858913327,1,,,,
D2_00453,G_01114,en,E5x_pooled,1,0.949516687438574,1,,,,
D2_00454,G_01115,en,E5x_pooled,1,0.9997226790400691,1,,,,
D2_00455,G_01116,en,E5x_pooled,1,0.9979738925408821,1,,,,
D2_00456,G_01117,en,E5x_pooled,1,0.31304210313775865,0,,,,
D2_00457,G_01118,en,E5x_pooled,1,0.9938745382742938,1,,,,
D2_00458,G_01119,en,E5x_pooled,1,0.9138409001632454,1,,,,
D2_00459,G_01120,en,E5x_pooled,1,0.9943403240773776,1,,,,
D2_00460,G_01121,en,E5x_pooled,1,0.9683393854759894,1,,,,
D2_00461,G_01122,en,E5x_pooled,1,0.9991134941294777,1,,,,
D2_00462,G_01123,en,E5x_pooled,1,0.9999454384876917,1,,,,
D2_00463,G_01124,en,E5x_pooled,1,0.9638922679829494,1,,,,
D2_00464,G_01125,en,E5x_pooled,1,0.992679392566188,1,,,,
D2_00465,G_01126,en,E5x_pooled,1,0.995023570584118,1,,,,
D2_00466,G_01127,en,E5x_pooled,1,0.9993963786556328,1,,,,
D2_00467,G_01128,en,E5x_pooled,1,0.995379456690492,1,,,,
D2_00468,G_01129,en,E5x_pooled,1,0.9939469647006812,1,,,,
D2_00469,G_01130,en,E5x_pooled,1,0.999627361949443,1,,,,
D2_00470,G_01131,en,E5x_pooled,1,0.9974056587774253,1,,,,
D2_00471,G_01132,en,E5x_pooled,1,0.8553255264273526,1,,,,
D2_00472,G_01133,en,E5x_pooled,1,0.9647864669364362,1,,,,
D2_00473,G_01134,en,E5x_pooled,1,0.9101641150190889,1,,,,
D2_00474,G_01135,en,E5x_pooled,1,0.9834923598674686,1,,,,
D2_00475,G_01136,en,E5x_pooled,1,0.9980669120261424,1,,,,
D2_00476,G_01137,en,E5x_pooled,1,0.9438213703386581,1,,,,
D2_00477,G_01138,en,E5x_pooled,1,0.9979279624014297,1,,,,
D2_00478,G_01139,en,E5x_pooled,1,0.9818428877944487,1,,,,
D2_00479,G_01140,en,E5x_pooled,1,0.9990643053324629,1,,,,
D2_00480,G_01141,en,E5x_pooled,1,0.9897251486254537,1,,,,
D2_00481,G_01142,en,E5x_pooled,1,0.999985266627762,1,,,,
D2_00482,G_01143,en,E5x_pooled,1,0.9917534012394695,1,,,,
D2_00483,G_01144,en,E5x_pooled,1,0.9958060907136481,1,,,,
D2_00484,G_01145,en,E5x_pooled,1,0.9970686703277075,1,,,,
D2_00485,G_01146,en,E5x_pooled,1,0.8618637338399584,1,,,,
D2_00486,G_01147,en,E5x_pooled,1,0.9976278305071706,1,,,,
D2_00487,G_01148,en,E5x_pooled,1,0.9993465615659052,1,,,,
D2_00488,G_01149,en,E5x_pooled,1,0.9727955181088882,1,,,,
D2_00489,G_01150,en,E5x_pooled,1,0.9991263380514133,1,,,,
D2_00490,G_01151,en,E5x_pooled,1,0.814983495567997,1,,,,
D2_00491,G_01152,en,E5x_pooled,1,0.9746333268014276,1,,,,
D2_00492,G_01153,en,E5x_pooled,1,0.9953253351344912,1,,,,
D2_00493,G_01154,en,E5x_pooled,1,0.9980702176868015,1,,,,
D2_00494,G_01155,en,E5x_pooled,1,0.9991736436923361,1,,,,
D2_00495,G_01156,en,E5x_pooled,1,0.9995619831102628,1,,,,
D2_00496,G_01157,en,E5x_pooled,1,0.9998595386644626,1,,,,
D2_00497,G_01158,en,E5x_pooled,1,0.9520185001837547,1,,,,
D2_00498,G_01159,en,E5x_pooled,1,0.9851639116027138,1,,,,
D2_00499,G_01160,en,E5x_pooled,1,0.9998420684752669,1,,,,
D2_00500,G_01161,en,E5x_pooled,1,0.813957552853204,1,,,,
D2_00501,G_01162,en,E5x_pooled,1,0.9992240710425416,1,,,,
D2_00502,G_01163,en,E5x_pooled,1,0.9997528732772418,1,,,,
D2_00503,G_01164,en,E5x_pooled,1,0.9996372711855852,1,,,,
D2_00504,G_01165,en,E5x_pooled,1,0.9457417799389425,1,,,,
D2_00505,G_01166,en,E5x_pooled,1,0.9992247762540248,1,,,,
D2_00506,G_01167,en,E5x_pooled,1,0.9729128675093988,1,,,,
D2_00507,G_01168,en,E5x_pooled,1,0.9648030642895488,1,,,,
D2_00508,G_01169,en,E5x_pooled,1,0.988437126350102,1,,,,
D2_00509,G_01170,en,E5x_pooled,1,0.9998226944766072,1,,,,
D2_00510,G_01171,en,E5x_pooled,1,0.9376335693799858,1,,,,
D2_00511,G_01172,en,E5x_pooled,1,0.9435177303312989,1,,,,
D2_00512,G_01173,en,E5x_pooled,1,0.9997782525366611,1,,,,
D2_00513,G_01174,en,E5x_pooled,1,0.963789420707808,1,,,,
D2_00514,G_01175,en,E5x_pooled,1,0.9912666522438454,1,,,,
D2_00515,G_01176,en,E5x_pooled,1,0.28253409239539923,0,,,,
D2_00516,G_01177,en,E5x_pooled,1,0.9682345309502279,1,,,,
D2_00517,G_01178,en,E5x_pooled,1,0.988469984769011,1,,,,
D2_00518,G_01179,en,E5x_pooled,1,0.9999168329422442,1,,,,
D2_00519,G_01180,en,E5x_pooled,1,0.9998783041975402,1,,,,
D2_00520,G_01181,en,E5x_pooled,1,0.9971534560974514,1,,,,
D2_00521,G_01182,en,E5x_pooled,1,0.954700552817134,1,,,,
D2_00522,G_01183,en,E5x_pooled,1,0.9800945533283455,1,,,,
D2_00523,G_01184,en,E5x_pooled,1,0.9584621761115468,1,,,,
D2_00524,G_01185,en,E5x_pooled,1,0.9776429699425607,1,,,,
D2_00525,G_01186,en,E5x_pooled,1,0.9999129329189322,1,,,,
D2_00526,G_01187,en,E5x_pooled,1,0.9989407377635038,1,,,,
D2_00527,G_01188,en,E5x_pooled,1,0.8133961648598094,1,,,,
D2_00528,G_01189,en,E5x_pooled,1,0.9980463634010993,1,,,,
D2_00529,G_01190,en,E5x_pooled,1,0.9446154638283359,1,,,,
D2_00530,G_01191,en,E5x_pooled,1,0.9973083367801446,1,,,,
D2_00531,G_01192,en,E5x_pooled,1,0.8742227684742282,1,,,,
D2_00532,G_01193,en,E5x_pooled,1,0.9862412377731524,1,,,,
D2_00533,G_01194,en,E5x_pooled,1,0.9989531429099879,1,,,,
D2_00534,G_01195,en,E5x_pooled,1,0.9787228869506408,1,,,,
D2_00535,G_01196,en,E5x_pooled,1,0.9878595393087259,1,,,,
D2_00536,G_01197,en,E5x_pooled,1,0.9974413377007655,1,,,,
D2_00537,G_01198,en,E5x_pooled,1,0.9969553118118517,1,,,,
D2_00538,G_01199,en,E5x_pooled,1,0.9952448617124907,1,,,,
D2_00539,G_01200,en,E5x_pooled,1,0.9705730321598804,1,,,,
D2_00540,G_01201,en,E5x_pooled,1,0.7880449230567299,1,,,,
D2_00541,G_01202,en,E5x_pooled,1,0.9999476304363829,1,,,,
D2_00542,G_01203,en,E5x_pooled,1,0.9971943124777624,1,,,,
D2_00543,G_01204,en,E5x_pooled,1,0.9662202817576636,1,,,,
D2_00544,G_01205,en,E5x_pooled,1,0.9883790152176963,1,,,,
D2_00545,G_01206,en,E5x_pooled,1,0.9987668947233022,1,,,,
D2_00546,G_01207,en,E5x_pooled,1,0.8641687428561035,1,,,,
D2_00547,G_01208,en,E5x_pooled,1,0.9396752345647096,1,,,,
D2_00548,G_01209,en,E5x_pooled,1,0.9611637462029107,1,,,,
D2_00549,G_01210,en,E5x_pooled,1,0.9958414817010217,1,,,,
D2_00550,G_01211,en,E5x_pooled,1,0.7520415847719766,1,,,,
D2_00551,G_01212,en,E5x_pooled,1,0.9913121157000108,1,,,,
D2_00552,G_01213,en,E5x_pooled,1,0.8858016625942142,1,,,,
D2_00553,G_01214,en,E5x_pooled,1,0.8486658871622134,1,,,,
D2_00554,G_01215,en,E5x_pooled,1,0.9941909353342717,1,,,,
D2_00555,G_01216,en,E5x_pooled,1,0.9927757564732882,1,,,,
D2_00556,G_01217,en,E5x_pooled,1,0.9956528584029828,1,,,,
D2_00557,G_01218,en,E5x_pooled,1,0.9979510908427833,1,,,,
D2_00558,G_01219,en,E5x_pooled,1,0.9969401293664167,1,,,,
D2_00559,G_01220,en,E5x_pooled,1,0.9983590215640721,1,,,,
D2_00560,G_01221,en,E5x_pooled,1,0.9960863091809274,1,,,,
D2_00561,G_01222,en,E5x_pooled,1,0.8539210999114898,1,,,,
D2_00562,G_01223,en,E5x_pooled,1,0.9959074372744774,1,,,,
D2_00563,G_01224,en,E5x_pooled,1,0.9389670775358883,1,,,,
D2_00564,G_01225,en,E5x_pooled,1,0.9996593487950327,1,,,,
D2_00565,G_01226,en,E5x_pooled,1,0.9716254262080786,1,,,,
D2_00566,G_01227,en,E5x_pooled,1,0.9968114443979982,1,,,,
D2_00567,G_01228,en,E5x_pooled,1,0.9976797898362657,1,,,,
D2_00568,G_01229,en,E5x_pooled,1,0.9381091250149306,1,,,,
D2_00569,G_01230,en,E5x_pooled,1,0.9976463929268459,1,,,,
D2_00570,G_01231,en,E5x_pooled,1,0.9851756936602287,1,,,,
D2_00571,G_01232,en,E5x_pooled,1,0.9942521485409715,1,,,,
D2_00572,G_01233,en,E5x_pooled,1,0.9559079793937035,1,,,,
D2_00573,G_01234,en,E5x_pooled,1,0.9892531197537352,1,,,,
D2_00574,G_01235,en,E5x_pooled,1,0.9894396394953169,1,,,,
D2_00575,G_01236,en,E5x_pooled,1,0.9954921558434032,1,,,,
D2_00576,G_01237,en,E5x_pooled,1,0.9827913634292637,1,,,,
D2_00577,G_01238,en,E5x_pooled,1,0.9549492183020547,1,,,,
D2_00578,G_01239,en,E5x_pooled,1,0.9997040230513136,1,,,,
D2_00579,G_01240,en,E5x_pooled,1,0.9998692453134482,1,,,,
D2_00580,G_01241,en,E5x_pooled,1,0.9980260956011583,1,,,,
D2_00581,G_01242,en,E5x_pooled,1,0.8302369739621915,1,,,,
D2_00582,G_01243,en,E5x_pooled,1,0.99628591473285,1,,,,
D2_00583,G_01244,en,E5x_pooled,1,0.9974335178493213,1,,,,
D2_00584,G_01245,en,E5x_pooled,1,0.9668642675510625,1,,,,
D2_00585,G_01246,en,E5x_pooled,1,0.9994959239675638,1,,,,
D2_00586,G_01247,en,E5x_pooled,1,0.4653546108588746,0,,,,
D2_00587,G_01248,en,E5x_pooled,1,0.9949607242939392,1,,,,
D2_00588,G_01249,en,E5x_pooled,1,0.9225789179673552,1,,,,
D2_00589,G_01250,en,E5x_pooled,1,0.9994413566195495,1,,,,
D2_00590,G_01251,en,E5x_pooled,1,0.8953506749309877,1,,,,
D2_00591,G_01252,en,E5x_pooled,1,0.9902552876258375,1,,,,
D2_00592,G_01253,en,E5x_pooled,1,0.6608845325192276,0,,,,
D2_00593,G_01254,en,E5x_pooled,1,0.974040722417831,1,,,,
D2_00594,G_01255,en,E5x_pooled,1,0.9886408052643626,1,,,,
D2_00595,G_01256,en,E5x_pooled,1,0.9866096314638335,1,,,,
D2_00596,G_01257,en,E5x_pooled,1,0.915207647778908,1,,,,
D2_00597,G_01258,en,E5x_pooled,1,0.9994094288701115,1,,,,
D2_00598,G_01259,en,E5x_pooled,1,0.95111036374069,1,,,,
D2_00599,G_01260,en,E5x_pooled,1,0.9974306591016111,1,,,,
D2_00600,G_01261,en,E5x_pooled,1,0.7998990259904017,1,,,,
D2_00601,G_01262,en,E5x_pooled,1,0.9906429395442163,1,,,,
D2_00602,G_01263,en,E5x_pooled,1,0.9793913806719929,1,,,,
D2_00603,G_01264,en,E5x_pooled,1,0.9901931205046116,1,,,,
D2_00604,G_01265,en,E5x_pooled,1,0.9923768942552089,1,,,,
D2_00605,G_01266,en,E5x_pooled,1,0.9811351537735165,1,,,,
D2_00606,G_01267,en,E5x_pooled,1,0.9876535104012336,1,,,,
D2_00607,G_01268,en,E5x_pooled,1,0.9795390904572182,1,,,,
D2_00608,G_01269,en,E5x_pooled,1,0.9451248152266828,1,,,,
D2_00609,G_01270,en,E5x_pooled,1,0.882589772811737,1,,,,
D2_00610,G_01271,en,E5x_pooled,1,0.9994894999449934,1,,,,
D2_00611,G_01272,en,E5x_pooled,1,0.9334304147603512,1,,,,
D2_00612,G_01273,en,E5x_pooled,1,0.9875255714201354,1,,,,
D2_00613,G_00870,en,E5x_pooled,1,0.9987902906968495,1,,,,
D2_00614,G_01275,en,E5x_pooled,1,0.9915671589611348,1,,,,
D2_00615,G_01276,en,E5x_pooled,1,0.9135227211965188,1,,,,
D2_00616,G_01277,en,E5x_pooled,1,0.9055728544843057,1,,,,
D2_00617,G_01278,en,E5x_pooled,1,0.9976199808925289,1,,,,
D2_00618,G_01279,en,E5x_pooled,1,0.9916509249110905,1,,,,
D2_00619,G_01280,en,E5x_pooled,1,0.9878662960358315,1,,,,
D2_00620,G_01281,en,E5x_pooled,1,0.9998314499075472,1,,,,
D2_00621,G_01282,en,E5x_pooled,1,0.8648589267575802,1,,,,
D2_00622,G_01283,en,E5x_pooled,1,0.8676660999983533,1,,,,
D2_00623,G_01284,en,E5x_pooled,1,0.9981465822706181,1,,,,
D2_00624,G_01285,en,E5x_pooled,1,0.9911785718212743,1,,,,
D2_00625,G_01286,en,E5x_pooled,1,0.9237839644321237,1,,,,
D2_00626,G_01287,en,E5x_pooled,1,0.9990149364083171,1,,,,
D2_00627,G_01288,en,E5x_pooled,1,0.9913669668769612,1,,,,
D2_00628,G_01289,en,E5x_pooled,1,0.9568591000816435,1,,,,
D2_00629,G_01290,en,E5x_pooled,1,0.9874865524494281,1,,,,
D2_00630,G_01291,en,E5x_pooled,1,0.9993917233592254,1,,,,
D2_00631,G_01292,en,E5x_pooled,1,0.9993125883336693,1,,,,
D2_00632,G_01293,en,E5x_pooled,1,0.9998780639386186,1,,,,
D2_00633,G_01294,en,E5x_pooled,1,0.9341677954645738,1,,,,
D2_00634,G_01295,en,E5x_pooled,1,0.9863567000873237,1,,,,
D2_00635,G_01296,en,E5x_pooled,1,0.6747952883257212,0,,,,
D2_00636,G_01297,en,E5x_pooled,1,0.9966147409583016,1,,,,
D2_00637,G_01298,en,E5x_pooled,1,0.8085599516216521,1,,,,
D2_00638,G_01299,en,E5x_pooled,1,0.9996228934122745,1,,,,
D2_00639,G_01300,en,E5x_pooled,1,0.9553316393496517,1,,,,
D2_00640,G_01301,en,E5x_pooled,1,0.9898707124576475,1,,,,
D2_00641,G_01302,en,E5x_pooled,1,0.9998216678309426,1,,,,
D2_00642,G_01303,en,E5x_pooled,1,0.9354000303863561,1,,,,
D2_00643,G_01304,en,E5x_pooled,1,0.993322481389274,1,,,,
D2_00644,G_01305,en,E5x_pooled,1,0.9998346876658338,1,,,,
D2_00645,G_01306,en,E5x_pooled,1,0.9993709278395785,1,,,,
D2_00646,G_01307,en,E5x_pooled,1,0.7687556782343559,1,,,,
D2_00647,G_01308,en,E5x_pooled,1,0.9542490254243755,1,,,,
D2_00648,G_01309,en,E5x_pooled,1,0.9888275518742271,1,,,,
D2_00649,G_01310,en,E5x_pooled,1,0.9708219637391078,1,,,,
D2_00650,G_01311,en,E5x_pooled,1,0.9971350273474302,1,,,,
D2_00651,G_01312,en,E5x_pooled,1,0.9981694866481666,1,,,,
D2_00652,G_01313,en,E5x_pooled,1,0.9969616498493269,1,,,,
D2_00653,G_01314,en,E5x_pooled,1,0.9844851569440983,1,,,,
D2_00654,G_01315,en,E5x_pooled,1,0.9912309767271305,1,,,,
D2_00655,G_01316,en,E5x_pooled,1,0.9945826500191063,1,,,,
D2_00656,G_01317,en,E5x_pooled,1,0.9910710325989882,1,,,,
D2_00657,G_01318,en,E5x_pooled,1,0.9948715297266626,1,,,,
D2_00658,G_01319,en,E5x_pooled,1,0.9718562977361327,1,,,,
D2_00659,G_01320,en,E5x_pooled,1,0.9290568387723842,1,,,,
D2_00660,G_01321,en,E5x_pooled,1,0.9308858415259206,1,,,,
D2_00661,G_01322,en,E5x_pooled,1,0.9958619912347723,1,,,,
D2_00662,G_01323,en,E5x_pooled,1,0.9731590539264464,1,,,,
D2_00663,G_01324,en,E5x_pooled,1,0.9782898349639373,1,,,,
D2_00664,G_01325,en,E5x_pooled,1,0.996124850853643,1,,,,
D2_00665,G_01326,en,E5x_pooled,1,0.9788463718217001,1,,,,
D2_00666,G_01327,en,E5x_pooled,1,0.9976104565248272,1,,,,
D2_00667,G_01328,en,E5x_pooled,1,0.990795360893618,1,,,,
D2_00668,G_01329,en,E5x_pooled,1,0.9999775500234586,1,,,,
D2_00669,G_01330,en,E5x_pooled,1,0.9345001609754082,1,,,,
D2_00670,G_01331,en,E5x_pooled,1,0.9808734885304947,1,,,,
D2_00671,G_01332,en,E5x_pooled,1,0.9970238972179087,1,,,,
D2_00672,G_01333,en,E5x_pooled,1,0.9973635162620096,1,,,,
D2_00673,G_01334,en,E5x_pooled,1,0.9857960910485274,1,,,,
D2_00674,G_01335,en,E5x_pooled,1,0.9842439362951766,1,,,,
D2_00675,G_01336,en,E5x_pooled,1,0.9990562917721354,1,,,,
D2_00676,G_01337,en,E5x_pooled,1,0.9937296535133221,1,,,,
D2_00677,G_01338,en,E5x_pooled,1,0.9877382821661331,1,,,,
D2_00678,G_01339,en,E5x_pooled,1,0.7677480279229216,1,,,,
D2_00679,G_01340,en,E5x_pooled,1,0.9817240563852786,1,,,,
D2_00680,G_01341,en,E5x_pooled,1,0.9973451071696718,1,,,,
D2_00681,G_01342,en,E5x_pooled,1,0.9881458269045397,1,,,,
D2_00682,G_01343,en,E5x_pooled,1,0.7706084593051389,1,,,,
D2_00683,G_01344,en,E5x_pooled,1,0.994874860975061,1,,,,
D2_00684,G_01345,en,E5x_pooled,1,0.9637367739280546,1,,,,
D2_00685,G_01346,en,E5x_pooled,1,0.9936830316343654,1,,,,
D2_00686,G_01347,en,E5x_pooled,1,0.9363475235606523,1,,,,
D2_00687,G_01348,en,E5x_pooled,1,0.989793960762612,1,,,,
D2_00688,G_01349,en,E5x_pooled,1,0.9892085621319331,1,,,,
D2_00689,G_01350,en,E5x_pooled,1,0.956536276590804,1,,,,
D2_00690,G_01351,en,E5x_pooled,1,0.9496870377986036,1,,,,
D2_00691,G_01352,en,E5x_pooled,1,0.9959157816862528,1,,,,
D2_00692,G_01353,en,E5x_pooled,1,0.994241238839621,1,,,,
D2_00693,G_01354,en,E5x_pooled,1,0.9937892815915946,1,,,,
D2_00694,G_01355,en,E5x_pooled,1,0.9236659048019769,1,,,,
D2_00695,G_01356,en,E5x_pooled,1,0.998910328477087,1,,,,
D2_00696,G_01357,en,E5x_pooled,1,0.9991821907284782,1,,,,
D2_00697,G_01358,en,E5x_pooled,1,0.9943877816245917,1,,,,
D2_00698,G_01359,en,E5x_pooled,1,0.7582121967089107,1,,,,
D2_00699,G_01360,en,E5x_pooled,1,0.8400220819825651,1,,,,
D2_00700,G_01361,en,E5x_pooled,1,0.996347274704605,1,,,,
D2_00701,G_01362,en,E5x_pooled,1,0.8984198966015748,1,,,,
D2_00702,G_01363,en,E5x_pooled,1,0.9811695321385666,1,,,,
D2_00703,G_01364,en,E5x_pooled,1,0.9568366963599415,1,,,,
D2_00704,G_01365,en,E5x_pooled,1,0.8120568550763789,1,,,,
D2_00705,G_01366,en,E5x_pooled,1,0.9494825387720637,1,,,,
D2_00706,G_01367,en,E5x_pooled,1,0.9993237657371712,1,,,,
D2_00707,G_01368,en,E5x_pooled,1,0.9998206642501568,1,,,,
D2_00708,G_01369,en,E5x_pooled,1,0.688841834767037,0,,,,
D2_00709,G_01370,en,E5x_pooled,1,0.9871734985235758,1,,,,
D2_00710,G_01371,en,E5x_pooled,1,0.039734602429403326,0,,,,
D2_00711,G_01372,en,E5x_pooled,1,0.9993210947996012,1,,,,
D2_00712,G_01373,en,E5x_pooled,1,0.984539856893467,1,,,,
D2_00713,G_01374,en,E5x_pooled,1,0.988337781889866,1,,,,
D2_00714,G_01375,en,E5x_pooled,1,0.8888523806427635,1,,,,
D2_00715,G_01376,en,E5x_pooled,1,0.9866654543461494,1,,,,
D2_00716,G_01377,en,E5x_pooled,1,0.9505594322351146,1,,,,
D2_00717,G_01378,en,E5x_pooled,1,0.9911872592998485,1,,,,
D2_00718,G_01379,en,E5x_pooled,1,0.973424168971177,1,,,,
D2_00719,G_01380,en,E5x_pooled,1,0.9669489097299706,1,,,,
D2_00720,G_01381,en,E5x_pooled,1,0.9983725708977158,1,,,,
D2_00721,G_01382,en,E5x_pooled,1,0.8959340186210729,1,,,,
D2_00722,G_01383,en,E5x_pooled,1,0.8603037637779902,1,,,,
D2_00723,G_01384,en,E5x_pooled,1,0.9956636301752307,1,,,,
D2_00724,G_01385,en,E5x_pooled,1,0.9810528618098657,1,,,,
D2_00725,G_01386,en,E5x_pooled,1,0.9695642177864227,1,,,,
D2_00726,G_01387,en,E5x_pooled,1,0.9697594606219733,1,,,,
D2_00727,G_01388,en,E5x_pooled,1,0.998656381323408,1,,,,
D2_00728,G_01389,en,E5x_pooled,1,0.9951944634364915,1,,,,
D2_00729,G_01390,en,E5x_pooled,1,0.9992140375405898,1,,,,
D2_00730,G_01391,en,E5x_pooled,1,0.9970283136792647,1,,,,
D2_00731,G_01392,en,E5x_pooled,1,0.9960494144358658,1,,,,
D2_00732,G_01393,en,E5x_pooled,1,0.9987249960554979,1,,,,
D2_00733,G_01394,en,E5x_pooled,1,0.970353140013356,1,,,,
D2_00734,G_01395,en,E5x_pooled,1,0.998303655386246,1,,,,
D2_00735,G_01396,en,E5x_pooled,1,0.9972782147899224,1,,,,
D2_00736,G_01397,en,E5x_pooled,1,0.9786970878184161,1,,,,
D2_00737,G_01398,en,E5x_pooled,1,0.998514160826887,1,,,,
D2_00738,G_01399,en,E5x_pooled,1,0.9845786571736324,1,,,,
D2_00739,G_01400,en,E5x_pooled,1,0.997671190958325,1,,,,
D2_00740,G_01401,en,E5x_pooled,1,0.9924597493965922,1,,,,
D2_00741,G_01402,en,E5x_pooled,1,0.9973658048360111,1,,,,
D2_00742,G_01403,en,E5x_pooled,1,0.9994895340587683,1,,,,
D2_00743,G_01404,en,E5x_pooled,1,0.9991738420074359,1,,,,
D2_00744,G_01405,en,E5x_pooled,1,0.998574626707019,1,,,,
D2_00745,G_01406,en,E5x_pooled,1,0.9735841004233053,1,,,,
D2_00746,G_01407,en,E5x_pooled,1,0.7969925579528353,1,,,,
D2_00747,G_01408,en,E5x_pooled,1,0.9913047966982368,1,,,,
D2_00748,G_01409,en,E5x_pooled,1,0.9878627844397224,1,,,,
D2_00749,G_01410,en,E5x_pooled,1,0.9996148466355939,1,,,,
D2_00750,G_01411,en,E5x_pooled,1,0.9996246409771494,1,,,,
D2_00751,G_01412,en,E5x_pooled,1,0.9877994758635185,1,,,,
D2_00752,G_01413,en,E5x_pooled,1,0.7768884341654015,1,,,,
D2_00753,G_01414,en,E5x_pooled,1,0.9973576762118087,1,,,,
D2_00754,G_01415,en,E5x_pooled,1,0.7808587082678974,1,,,,
D2_00755,G_01416,en,E5x_pooled,1,0.9949005933700553,1,,,,
D2_00756,G_01417,en,E5x_pooled,1,0.9877881200113041,1,,,,
D2_00757,G_01418,en,E5x_pooled,1,0.9991252708258697,1,,,,
D2_00758,G_01419,en,E5x_pooled,1,0.9976927970853258,1,,,,
D2_00759,G_01420,en,E5x_pooled,1,0.9971133306397965,1,,,,
D2_00760,G_01421,en,E5x_pooled,1,0.6097747615732666,0,,,,
D2_00761,G_01422,en,E5x_pooled,1,0.9938166327318687,1,,,,
D2_00762,G_01423,en,E5x_pooled,1,0.48620975808554984,0,,,,
D2_00763,G_01424,en,E5x_pooled,1,0.9803987025053142,1,,,,
D2_00764,G_01425,en,E5x_pooled,1,0.9984431699249819,1,,,,
D2_00765,G_01426,en,E5x_pooled,1,0.9974442390764141,1,,,,
D2_00766,G_01427,en,E5x_pooled,1,0.8971585144895007,1,,,,
D2_00767,G_01428,en,E5x_pooled,1,0.7920035203301982,1,,,,
D2_00768,G_01429,en,E5x_pooled,1,0.6624904187590849,0,,,,
D2_00769,G_01430,en,E5x_pooled,1,0.9996909589581969,1,,,,
D2_00770,G_01431,en,E5x_pooled,1,0.9802826053370763,1,,,,
D2_00771,G_01432,en,E5x_pooled,1,0.9969940825744749,1,,,,
D2_00772,G_01433,en,E5x_pooled,1,0.9983089571794914,1,,,,
D2_00773,G_01434,en,E5x_pooled,1,0.999402561236981,1,,,,
D2_00774,G_01435,en,E5x_pooled,1,0.9997131396478364,1,,,,
D2_00775,G_01436,en,E5x_pooled,1,0.9924234293699902,1,,,,
D2_00776,G_01437,en,E5x_pooled,1,0.971546127234572,1,,,,
D2_00777,G_01438,en,E5x_pooled,1,0.9832630171457895,1,,,,
D2_00778,G_01439,en,E5x_pooled,1,0.9800927190094311,1,,,,
D2_00779,G_01440,en,E5x_pooled,1,0.99914230173863,1,,,,
D2_00780,G_01441,en,E5x_pooled,1,0.9996629544429662,1,,,,
D2_00781,G_01442,en,E5x_pooled,1,0.9992135122409811,1,,,,
D2_00782,G_01443,en,E5x_pooled,1,0.9945304420713447,1,,,,
D2_00783,G_01444,en,E5x_pooled,1,0.8888331698577304,1,,,,
D2_00784,G_01445,en,E5x_pooled,1,0.9951038623683178,1,,,,
D2_00785,G_01446,en,E5x_pooled,1,0.981495919909257,1,,,,
D2_00786,G_01447,en,E5x_pooled,1,0.9669482080334135,1,,,,
D2_00787,G_01448,en,E5x_pooled,1,0.4420354835177416,0,,,,
D2_00788,G_01449,en,E5x_pooled,1,0.795043854364267,1,,,,
D2_00789,G_01450,en,E5x_pooled,1,0.9932475861966464,1,,,,
D2_00790,G_01451,en,E5x_pooled,1,0.9557500846301231,1,,,,
D2_00791,G_01452,en,E5x_pooled,1,0.9961788217538935,1,,,,
D2_00792,G_01453,en,E5x_pooled,1,0.9973474111352324,1,,,,
D2_00793,G_01454,en,E5x_pooled,1,0.9991472163931797,1,,,,
D2_00794,G_01455,en,E5x_pooled,1,0.8905446512901255,1,,,,
D2_00795,G_01456,en,E5x_pooled,1,0.9998699260429744,1,,,,
D2_00796,G_01457,en,E5x_pooled,1,0.8488068803283794,1,,,,
D2_00797,G_01458,en,E5x_pooled,1,0.9973386158390316,1,,,,
D2_00798,G_01459,en,E5x_pooled,1,0.9995138844046901,1,,,,
D2_00799,G_01460,en,E5x_pooled,1,0.9886167596599537,1,,,,
D2_00800,G_01461,en,E5x_pooled,1,0.996394685291006,1,,,,
D2_00801,G_01462,en,E5x_pooled,1,0.9929297314584306,1,,,,
D2_00802,G_01463,en,E5x_pooled,1,0.9983199549599682,1,,,,
D2_00803,G_01464,en,E5x_pooled,1,0.999264250268927,1,,,,
D2_00804,G_01465,en,E5x_pooled,1,0.9914267430188942,1,,,,
D2_00805,G_01466,en,E5x_pooled,1,0.9987190454249919,1,,,,
D2_00806,G_01467,en,E5x_pooled,1,0.9859888964006948,1,,,,
D2_00807,G_01468,en,E5x_pooled,1,0.9926816058860422,1,,,,
D2_00808,G_01469,en,E5x_pooled,1,0.9955724613745579,1,,,,
D2_00809,G_01470,en,E5x_pooled,1,0.9539805259691615,1,,,,
D2_00810,G_01471,en,E5x_pooled,1,0.9892203581949925,1,,,,
D2_00811,G_01472,en,E5x_pooled,1,0.942360779086431,1,,,,
D2_00812,G_01473,en,E5x_pooled,1,0.996796112137485,1,,,,
D2_00813,G_01474,en,E5x_pooled,1,0.9797968608920485,1,,,,
D2_00814,G_01475,en,E5x_pooled,1,0.9933057655136713,1,,,,
D2_00815,G_01476,en,E5x_pooled,1,0.3322230826653618,0,,,,
D2_00816,G_01477,en,E5x_pooled,1,0.9527185525607337,1,,,,
D2_00817,G_01478,en,E5x_pooled,1,0.9942502651235379,1,,,,
D2_00818,G_01479,en,E5x_pooled,1,0.9999830758110723,1,,,,
D2_00819,G_01480,en,E5x_pooled,1,0.9997795315485429,1,,,,
D2_00820,G_01481,en,E5x_pooled,1,0.994846677732411,1,,,,
D2_00821,G_01482,en,E5x_pooled,1,0.9998788961015382,1,,,,
D2_00822,G_01483,en,E5x_pooled,1,0.9932649851990517,1,,,,
D2_00823,G_01484,en,E5x_pooled,1,0.9370856107772428,1,,,,
D2_00824,G_01485,en,E5x_pooled,1,0.97788942681604,1,,,,
D2_00825,G_01486,en,E5x_pooled,1,0.847117465887284,1,,,,
D2_00826,G_01487,en,E5x_pooled,1,0.9795713932267152,1,,,,
D2_00827,G_01488,en,E5x_pooled,1,0.9777439813039761,1,,,,
D2_00828,G_01489,en,E5x_pooled,1,0.9293473076873715,1,,,,
D2_00829,G_01490,en,E5x_pooled,1,0.9972142680832233,1,,,,
D2_00830,G_01491,en,E5x_pooled,1,0.7049177052511916,0,,,,
D2_00831,G_01492,en,E5x_pooled,1,0.9162577139682175,1,,,,
D2_00832,G_01493,en,E5x_pooled,1,0.9968856730400976,1,,,,
D2_00833,G_01494,en,E5x_pooled,1,0.9994916916225081,1,,,,
D2_00834,G_01495,en,E5x_pooled,1,0.3063098672675014,0,,,,
D2_00835,G_01496,en,E5x_pooled,1,0.949918579904375,1,,,,
D2_00836,G_01497,en,E5x_pooled,1,0.989096508502528,1,,,,
D2_00837,G_01498,en,E5x_pooled,1,0.998036060436649,1,,,,
D2_00838,G_01499,en,E5x_pooled,1,0.8486130252924606,1,,,,
D2_00839,G_01500,en,E5x_pooled,1,0.999744984554048,1,,,,
D2_00840,G_00868,en,E5x_pooled,1,0.9887338583248249,1,,,,
D2_00841,G_01502,en,E5x_pooled,1,0.9893879157622791,1,,,,
D2_00842,G_01503,en,E5x_pooled,1,0.998659892655614,1,,,,
D2_00843,G_01504,en,E5x_pooled,1,0.9960169390332396,1,,,,
D2_00844,G_01505,en,E5x_pooled,1,0.9948376046645484,1,,,,
D2_00845,G_01506,en,E5x_pooled,1,0.9878148879611068,1,,,,
D2_00846,G_01507,en,E5x_pooled,1,0.986821379022876,1,,,,
D2_00847,G_01508,en,E5x_pooled,1,0.9880066401160303,1,,,,
D2_00848,G_01509,en,E5x_pooled,1,0.8654577671173478,1,,,,
D2_00849,G_01510,en,E5x_pooled,1,0.9836965046449528,1,,,,
D2_00850,G_01511,en,E5x_pooled,1,0.9996976074713326,1,,,,
D2_00851,G_01512,en,E5x_pooled,1,0.9134997649850032,1,,,,
D2_00852,G_01513,en,E5x_pooled,1,0.9947223057368958,1,,,,
D2_00853,G_01514,en,E5x_pooled,1,0.9519378766799463,1,,,,
D2_00854,G_01515,en,E5x_pooled,1,0.8983412294821954,1,,,,
D2_00855,G_01516,en,E5x_pooled,1,0.9989446904801436,1,,,,
D2_00856,G_01517,en,E5x_pooled,1,0.9944562382564958,1,,,,
D2_00857,G_01518,en,E5x_pooled,1,0.9964434366048661,1,,,,
D2_00858,G_01519,en,E5x_pooled,1,0.9438401518502322,1,,,,
D2_00859,G_01520,en,E5x_pooled,1,0.9701714843077865,1,,,,
D2_00860,G_01521,en,E5x_pooled,1,0.9959168923495749,1,,,,
D2_00861,G_01522,en,E5x_pooled,1,0.9276682986539541,1,,,,
D2_00862,G_01523,en,E5x_pooled,1,0.9985945798383523,1,,,,
D2_00863,G_01524,en,E5x_pooled,1,0.7313311548123517,1,,,,
D2_00864,G_01525,en,E5x_pooled,1,0.9759050515323401,1,,,,
D2_00865,G_01526,en,E5x_pooled,1,0.8871979489299653,1,,,,
D2_00866,G_01527,en,E5x_pooled,1,0.9993326469663674,1,,,,
D2_00867,G_01528,en,E5x_pooled,1,0.6245163084887074,0,,,,
D2_00868,G_01529,en,E5x_pooled,1,0.9877841263569787,1,,,,
D2_00869,G_01530,en,E5x_pooled,1,0.9970397222763894,1,,,,
D2_00870,G_01531,en,E5x_pooled,1,0.9960646587300412,1,,,,
D2_00871,G_01532,en,E5x_pooled,1,0.9890150963814792,1,,,,
D2_00872,G_01533,en,E5x_pooled,1,0.9424399877579827,1,,,,
D2_00873,G_01534,en,E5x_pooled,1,0.9853716477112765,1,,,,
D2_00874,G_01535,en,E5x_pooled,1,0.9375059797338573,1,,,,
D2_00875,G_01536,en,E5x_pooled,1,0.9992754560555039,1,,,,
D2_00876,G_01537,en,E5x_pooled,1,0.9731940892588199,1,,,,
D2_00877,G_01538,en,E5x_pooled,1,0.9829783245709911,1,,,,
D2_00878,G_01539,en,E5x_pooled,1,0.9949708277788556,1,,,,
D2_00879,G_01540,en,E5x_pooled,1,0.9971467514483071,1,,,,
D2_00880,G_01541,en,E5x_pooled,1,0.9949678890333292,1,,,,
D2_00881,G_01542,en,E5x_pooled,1,0.9751570442106656,1,,,,
D2_00882,G_01543,en,E5x_pooled,1,0.9953903956031591,1,,,,
D2_00883,G_01544,en,E5x_pooled,1,0.9016452826582498,1,,,,
D2_00884,G_01545,en,E5x_pooled,1,0.9909698714049612,1,,,,
D2_00885,G_01546,en,E5x_pooled,1,0.9919678476551317,1,,,,
D2_00886,G_01547,en,E5x_pooled,1,0.9282027558476104,1,,,,
D2_00887,G_01548,en,E5x_pooled,1,0.9896807796077002,1,,,,
D2_00888,G_01549,en,E5x_pooled,1,0.9976462062139023,1,,,,
D2_00889,G_01550,en,E5x_pooled,1,0.9999618824731171,1,,,,
D2_00890,G_01551,en,E5x_pooled,1,0.9900593899084067,1,,,,
D2_00891,G_01552,en,E5x_pooled,1,0.9974902570823083,1,,,,
D2_00892,G_01553,en,E5x_pooled,1,0.9969157160459818,1,,,,
D2_00893,G_01554,en,E5x_pooled,1,0.9973792557032448,1,,,,
D2_00894,G_01555,en,E5x_pooled,1,0.9946068686138899,1,,,,
D2_00895,G_01556,en,E5x_pooled,1,0.9997498795655831,1,,,,
D2_00896,G_01557,en,E5x_pooled,1,0.9131675054268201,1,,,,
D2_00897,G_01558,en,E5x_pooled,1,0.9956528455960297,1,,,,
D2_00898,G_01559,en,E5x_pooled,1,0.8363638046807729,1,,,,
D2_00899,G_01560,en,E5x_pooled,1,0.9996405272656292,1,,,,
D2_00900,G_01561,en,E5x_pooled,1,0.9640519826161411,1,,,,
D2_00901,G_01562,en,E5x_pooled,1,0.8773752701404862,1,,,,
D2_00902,G_01563,en,E5x_pooled,1,0.9882186807679852,1,,,,
D2_00903,G_01564,en,E5x_pooled,1,0.8378745430128853,1,,,,
D2_00904,G_01565,en,E5x_pooled,1,0.9999111045627651,1,,,,
D2_00905,G_01566,en,E5x_pooled,1,0.924836863312485,1,,,,
D2_00906,G_01567,en,E5x_pooled,1,0.9591909730174967,1,,,,
D2_00907,G_01568,en,E5x_pooled,1,0.970800641345255,1,,,,
D2_00908,G_01569,en,E5x_pooled,1,0.999089757688451,1,,,,
D2_00909,G_01570,en,E5x_pooled,1,0.953127807002573,1,,,,
D2_00910,G_01571,en,E5x_pooled,1,0.9863700173088811,1,,,,
D2_00911,G_01572,en,E5x_pooled,1,0.3624399381135147,0,,,,
D2_00912,G_01573,en,E5x_pooled,1,0.9706573637690877,1,,,,
D2_00913,G_01574,en,E5x_pooled,1,0.9801030279578447,1,,,,
D2_00914,G_01575,en,E5x_pooled,1,0.998392662393936,1,,,,
D2_00915,G_01576,en,E5x_pooled,1,0.9996406119521496,1,,,,
D2_00916,G_01577,en,E5x_pooled,1,0.9945190557715842,1,,,,
D2_00917,G_01578,en,E5x_pooled,1,0.9861703951538076,1,,,,
D2_00918,G_01579,en,E5x_pooled,1,0.6176794838275087,0,,,,
D2_00919,G_01580,en,E5x_pooled,1,0.942675189649898,1,,,,
D2_00920,G_01581,en,E5x_pooled,1,0.9988324372087573,1,,,,
D2_00921,G_01582,en,E5x_pooled,1,0.9971752660839034,1,,,,
D2_00922,G_01583,en,E5x_pooled,1,0.995213398092737,1,,,,
D2_00923,G_01584,en,E5x_pooled,1,0.9745685378819405,1,,,,
D2_00924,G_01585,en,E5x_pooled,1,0.9960316975770986,1,,,,
D2_00925,G_01586,en,E5x_pooled,1,0.9932425941190821,1,,,,
D2_00926,G_01587,en,E5x_pooled,1,0.08589573074624322,0,,,,
D2_00927,G_01588,en,E5x_pooled,1,0.9704183112997238,1,,,,
D2_00928,G_01589,en,E5x_pooled,1,0.9991068841933127,1,,,,
D2_00929,G_01590,en,E5x_pooled,1,0.9960985117425802,1,,,,
D2_00930,G_01591,en,E5x_pooled,1,0.9916429501622192,1,,,,
D2_00931,G_01592,en,E5x_pooled,1,0.9924881666593991,1,,,,
D2_00932,G_01593,en,E5x_pooled,1,0.9998396319181793,1,,,,
D2_00933,G_01594,en,E5x_pooled,1,0.8549771929889108,1,,,,
D2_00934,G_01595,en,E5x_pooled,1,0.9397185968324187,1,,,,
D2_00935,G_01596,en,E5x_pooled,1,0.9784196526345827,1,,,,
D2_00936,G_01597,en,E5x_pooled,1,0.9445802515688706,1,,,,
D2_00937,G_01598,en,E5x_pooled,1,0.9977675140145577,1,,,,
D2_00938,G_01599,en,E5x_pooled,1,0.9974488826960821,1,,,,
D2_00939,G_01600,en,E5x_pooled,1,0.9891535551473916,1,,,,
D2_00940,G_01601,en,E5x_pooled,1,0.999454945366639,1,,,,
D2_00941,G_01602,en,E5x_pooled,1,0.88142495004579,1,,,,
D2_00942,G_01603,en,E5x_pooled,1,0.9037453449636894,1,,,,
D2_00943,G_01604,en,E5x_pooled,1,0.84081271632946,1,,,,
D2_00944,G_01605,en,E5x_pooled,1,0.9900578268504058,1,,,,
D2_00945,G_01606,en,E5x_pooled,1,0.9937242947147906,1,,,,
D2_00946,G_01607,en,E5x_pooled,1,0.868489785109545,1,,,,
D2_00947,G_01608,en,E5x_pooled,1,0.9789762952099036,1,,,,
D2_00948,G_01609,en,E5x_pooled,1,0.9953550489537438,1,,,,
D2_00949,G_01610,en,E5x_pooled,1,0.9920993773219735,1,,,,
D2_00950,G_01611,en,E5x_pooled,1,0.924005548261602,1,,,,
D2_00951,G_01612,en,E5x_pooled,1,0.9972200224415874,1,,,,
D2_00952,G_01613,en,E5x_pooled,1,0.9870697537240506,1,,,,
D2_00953,G_01614,en,E5x_pooled,1,0.9980338996622719,1,,,,
D2_00954,G_01615,en,E5x_pooled,1,0.9659183853242143,1,,,,
D2_00955,G_01616,en,E5x_pooled,1,0.997585505963026,1,,,,
D2_00956,G_01617,en,E5x_pooled,1,0.9970925014638697,1,,,,
D2_00957,G_01618,en,E5x_pooled,1,0.9826696515079862,1,,,,
D2_00958,G_01619,en,E5x_pooled,1,0.9657864584304753,1,,,,
D2_00959,G_01620,en,E5x_pooled,1,0.9489096985714546,1,,,,
D2_00960,G_01621,en,E5x_pooled,1,0.9931677868023551,1,,,,
D2_00961,G_01622,en,E5x_pooled,1,0.9974418968618622,1,,,,
D2_00962,G_01623,en,E5x_pooled,1,0.9752447182346528,1,,,,
D2_00963,G_01624,en,E5x_pooled,1,0.9948753956767824,1,,,,
D2_00964,G_01625,en,E5x_pooled,1,0.9872477239224737,1,,,,
D2_00965,G_01626,en,E5x_pooled,1,0.6823555615389084,0,,,,
D2_00966,G_01627,en,E5x_pooled,1,0.8536555070271794,1,,,,
D2_00967,G_01628,en,E5x_pooled,1,0.9874008610960926,1,,,,
D2_00968,G_01629,en,E5x_pooled,1,0.9373866461605916,1,,,,
D2_00969,G_01630,en,E5x_pooled,1,0.9994874326872045,1,,,,
D2_00970,G_01631,en,E5x_pooled,1,0.9996988501850075,1,,,,
D2_00971,G_01632,en,E5x_pooled,1,0.9724247675766826,1,,,,
D2_00972,G_01633,en,E5x_pooled,1,0.03537943141942641,0,,,,
D2_00973,G_01634,en,E5x_pooled,1,0.5123057301479387,0,,,,
D2_00974,G_01635,en,E5x_pooled,1,0.8641335029435673,1,,,,
D2_00975,G_01636,en,E5x_pooled,1,0.9125418586171441,1,,,,
D2_00976,G_01637,en,E5x_pooled,1,0.9958663921755664,1,,,,
D2_00977,G_01638,en,E5x_pooled,1,0.9766960880381068,1,,,,
D2_00978,G_01639,en,E5x_pooled,1,0.9755045286450323,1,,,,
D2_00979,G_01640,en,E5x_pooled,1,0.9992491606498114,1,,,,
D2_00980,G_01641,en,E5x_pooled,1,0.9995436298333508,1,,,,
D2_00981,G_01642,en,E5x_pooled,1,0.9548768211743699,1,,,,
D2_00982,G_01643,en,E5x_pooled,1,0.9458780239882788,1,,,,
D2_00983,G_01644,en,E5x_pooled,1,0.9101460343260577,1,,,,
D2_00984,G_01645,en,E5x_pooled,1,0.9981939780194079,1,,,,
D2_00985,G_01646,en,E5x_pooled,1,0.9997048680015568,1,,,,
D2_00986,G_01647,en,E5x_pooled,1,0.9989824639088688,1,,,,
D2_00987,G_01648,en,E5x_pooled,1,0.999242832552607,1,,,,
D2_00988,G_01649,en,E5x_pooled,1,0.9953313658443652,1,,,,
D2_00989,G_01650,en,E5x_pooled,1,0.9867665681602098,1,,,,
D2_00990,G_01651,en,E5x_pooled,1,0.9992869341387817,1,,,,
D2_00991,G_01652,en,E5x_pooled,1,0.990669526694084,1,,,,
D2_00992,G_01653,en,E5x_pooled,1,0.733159081961364,1,,,,
D2_00993,G_01654,en,E5x_pooled,1,0.9990441464657003,1,,,,
D2_00994,G_01655,en,E5x_pooled,1,0.9956118456947527,1,,,,
D2_00995,G_01656,en,E5x_pooled,1,0.5512359975124964,0,,,,
D2_00996,G_01657,en,E5x_pooled,1,0.9954693134353704,1,,,,
D2_00997,G_01658,en,E5x_pooled,1,0.9944262145532984,1,,,,
D2_00998,G_01659,en,E5x_pooled,1,0.8801566017447002,1,,,,
D2_00999,G_01660,en,E5x_pooled,1,0.9037090031837556,1,,,,
D2_01000,G_01661,en,E5x_pooled,1,0.9512048030366255,1,,,,
D3_00001,G_01662,en,E5x_pooled,0,0.406038844708878,0,,,,
D3_00002,G_01663,en,E5x_pooled,0,0.8118413889369741,1,,,,
D3_00003,G_01664,en,E5x_pooled,0,0.6547388552729063,0,,,,
D3_00004,G_02959,en,E5x_pooled,0,0.19817531655932738,0,,,,
D3_00005,G_01666,en,E5x_pooled,0,0.31387371866431946,0,,,,
D3_00006,G_01667,en,E5x_pooled,0,0.8955270626292453,1,,,,
D3_00007,G_01668,en,E5x_pooled,0,0.9128165616120705,1,,,,
D3_00008,G_01669,en,E5x_pooled,0,0.8922714264508774,1,,,,
D3_00009,G_02968,en,E5x_pooled,0,0.5180675132992424,0,,,,
D3_00010,G_01671,en,E5x_pooled,0,0.3991672851636047,0,,,,
D3_00011,G_01691,en,E5x_pooled,0,0.7990238960401451,1,,,,
D3_00012,G_01698,en,E5x_pooled,0,0.7723291194823104,1,,,,
D3_00013,G_01705,en,E5x_pooled,0,0.7885739289231433,1,,,,
D3_00014,G_02971,en,E5x_pooled,0,0.894893309715405,1,,,,
D3_00015,G_01676,en,E5x_pooled,0,0.8889441506484679,1,,,,
D3_00016,G_01677,en,E5x_pooled,0,0.5847926028793293,0,,,,
D3_00017,G_01678,en,E5x_pooled,0,0.603727845956273,0,,,,
D3_00018,G_01679,en,E5x_pooled,0,0.7634945277340426,1,,,,
D3_00019,G_01680,en,E5x_pooled,0,0.9059875649497404,1,,,,
D3_00020,G_02977,en,E5x_pooled,0,0.7072270272621699,1,,,,
D3_00021,G_01682,en,E5x_pooled,0,0.3222135089487841,0,,,,
D3_00022,G_01683,en,E5x_pooled,0,0.7017292410697707,0,,,,
D3_00023,G_01684,en,E5x_pooled,0,0.8065689198746646,1,,,,
D3_00024,G_01685,en,E5x_pooled,0,0.7887562902984566,1,,,,
D3_00025,G_01686,en,E5x_pooled,0,0.5776704620869424,0,,,,
D3_00026,G_01687,en,E5x_pooled,0,0.8893132310646943,1,,,,
D3_00027,G_01664,en,E5x_pooled,0,0.6559982300902115,0,,,,
D3_00028,G_01689,en,E5x_pooled,0,0.41971233076219283,0,,,,
D3_00029,G_01663,en,E5x_pooled,0,0.8185706567108725,1,,,,
D3_00030,G_01691,en,E5x_pooled,0,0.7982899154550276,1,,,,
D3_00031,G_01698,en,E5x_pooled,0,0.7610843408391842,1,,,,
D3_00032,G_01705,en,E5x_pooled,0,0.7927439246027106,1,,,,
D3_00033,G_01664,en,E5x_pooled,0,0.4869702410504746,0,,,,
D3_00034,G_01662,en,E5x_pooled,0,0.36395460865132534,0,,,,
D3_00035,G_01663,en,E5x_pooled,0,0.6506236966849995,0,,,,
D3_00036,G_01691,en,E5x_pooled,0,0.8173785618114543,1,,,,
D3_00037,G_01698,en,E5x_pooled,0,0.5855570076753843,0,,,,
D3_00038,G_01705,en,E5x_pooled,0,0.785191597316904,1,,,,
D3_00039,G_01664,en,E5x_pooled,0,0.7025040220884473,0,,,,
D3_00040,G_01701,en,E5x_pooled,0,0.4623722087976835,0,,,,
D3_00041,G_01663,en,E5x_pooled,0,0.7936968220132421,1,,,,
D3_00042,G_01691,en,E5x_pooled,0,0.8536495710619266,1,,,,
D3_00043,G_01698,en,E5x_pooled,0,0.8305992671682252,1,,,,
D3_00044,G_01705,en,E5x_pooled,0,0.854324799773331,1,,,,
D3_00045,G_01706,en,E5x_pooled,0,0.7372925935467212,1,,,,
D3_00046,G_01662,en,E5x_pooled,0,0.45096223997405943,0,,,,
D3_00047,G_01708,en,E5x_pooled,0,0.6082625039613414,0,,,,
D3_00048,G_01691,en,E5x_pooled,0,0.780748524070259,1,,,,
D3_00049,G_01710,en,E5x_pooled,0,0.8599571431379947,1,,,,
D3_00050,G_01705,en,E5x_pooled,0,0.7597310444572373,1,,,,
D3_00051,G_01712,en,E5x_pooled,0,0.37472325672054047,0,,,,
D3_00052,G_01713,en,E5x_pooled,0,0.48767790253763005,0,,,,
D3_00053,G_01714,en,E5x_pooled,0,0.5627732502861049,0,,,,
D3_00055,G_01715,en,E5x_pooled,0,0.7777587485892927,1,,,,
D3_00056,G_01716,en,E5x_pooled,0,0.4426862408217881,0,,,,
D3_00057,G_01717,en,E5x_pooled,0,0.9118214228613951,1,,,,
D3_00058,G_01718,other,E5x_pooled,0,0.9653637012029762,1,,,,
D3_00059,G_01719,other,E5x_pooled,0,0.9690519462194443,1,,,,
D3_00060,G_01720,other,E5x_pooled,0,0.982745386001831,1,,,,
D3_00061,G_01721,other,E5x_pooled,0,0.9208980591038571,1,,,,
D3_00062,G_01722,other,E5x_pooled,0,0.9508112246963444,1,,,,
D3_00063,G_01723,other,E5x_pooled,0,0.9693001900665539,1,,,,
D3_00064,G_01724,other,E5x_pooled,0,0.9759410051520195,1,,,,
D3_00065,G_01723,other,E5x_pooled,0,0.9671053001077857,1,,,,
D3_00066,G_01726,other,E5x_pooled,0,0.9579815113325411,1,,,,
D3_00068,G_01727,other,E5x_pooled,0,0.8803651608369577,1,,,,
D3_00069,G_01728,other,E5x_pooled,0,0.1960279609778527,0,,,,
D3_00070,G_01729,other,E5x_pooled,0,0.49683973306553614,0,,,,
D3_00071,G_01730,other,E5x_pooled,0,0.5998343003726755,0,,,,
D3_00072,G_01731,other,E5x_pooled,0,0.6745602954905469,0,,,,
D3_00073,G_01732,other,E5x_pooled,0,0.196113399437622,0,,,,
D3_00074,G_01733,other,E5x_pooled,0,0.51541543267769,0,,,,
D3_00075,G_01734,other,E5x_pooled,0,0.5295472629234336,0,,,,
D3_00076,G_01735,other,E5x_pooled,0,0.6616821540244572,0,,,,
D3_00077,G_01736,other,E5x_pooled,0,0.8309304344388381,1,,,,
D3_00078,G_01737,other,E5x_pooled,0,0.6392766321388502,0,,,,
D3_00079,G_01738,other,E5x_pooled,0,0.3015363394459525,0,,,,
D3_00080,G_01739,other,E5x_pooled,0,0.5234999299989475,0,,,,
D3_00081,G_01740,other,E5x_pooled,0,0.5372207068296314,0,,,,
D3_00082,G_01741,other,E5x_pooled,0,0.5212516035227596,0,,,,
D3_00083,G_01742,other,E5x_pooled,0,0.3331389444395197,0,,,,
D3_00084,G_01743,other,E5x_pooled,0,0.587452102656333,0,,,,
D3_00085,G_01744,other,E5x_pooled,0,0.5908938976397081,0,,,,
D3_00086,G_01745,other,E5x_pooled,0,0.6159025671952605,0,,,,
D3_00087,G_01746,other,E5x_pooled,0,0.45904420501587634,0,,,,
D3_00088,G_01747,other,E5x_pooled,0,0.5837492644125193,0,,,,
D3_00089,G_01738,other,E5x_pooled,0,0.4046767133139027,0,,,,
D3_00090,G_01749,other,E5x_pooled,0,0.42080487729899546,0,,,,
D3_00091,G_01750,other,E5x_pooled,0,0.522931499097741,0,,,,
D3_00092,G_01751,other,E5x_pooled,0,0.5357083338726812,0,,,,
D3_00093,G_01752,other,E5x_pooled,0,0.4941715405427499,0,,,,
D3_00094,G_01753,other,E5x_pooled,0,0.42995861256885043,0,,,,
D3_00095,G_01754,other,E5x_pooled,0,0.4470869961678925,0,,,,
D3_00096,G_01755,other,E5x_pooled,0,0.43542472167802765,0,,,,
D3_00097,G_01756,other,E5x_pooled,0,0.6450606702717759,0,,,,
D3_00098,G_01757,other,E5x_pooled,0,0.45095126214937614,0,,,,
D3_00099,G_01758,other,E5x_pooled,0,0.6534444101455124,0,,,,
D3_00100,G_01759,other,E5x_pooled,0,0.3489432268327399,0,,,,
D3_00101,G_01760,other,E5x_pooled,0,0.29872080698636294,0,,,,
D3_00102,G_01761,other,E5x_pooled,0,0.2917499600256313,0,,,,
D3_00103,G_01762,other,E5x_pooled,0,0.23798653924182187,0,,,,
D3_00104,G_01763,other,E5x_pooled,0,0.38060287953835414,0,,,,
D3_00105,G_01764,other,E5x_pooled,0,0.4577198248005816,0,,,,
D3_00106,G_01762,other,E5x_pooled,0,0.3177752176864611,0,,,,
D3_00107,G_01766,other,E5x_pooled,0,0.5074873802510435,0,,,,
D3_00108,G_01767,other,E5x_pooled,0,0.8610345302944588,1,,,,
D3_00109,G_01768,other,E5x_pooled,0,0.8573910432786017,1,,,,
D3_00110,G_01769,other,E5x_pooled,0,0.8565043318051299,1,,,,
D3_00111,G_01770,other,E5x_pooled,0,0.5942436611017604,0,,,,
D3_00112,G_01771,other,E5x_pooled,0,0.7882191622102082,1,,,,
D3_00113,G_01772,other,E5x_pooled,0,0.825744379102797,1,,,,
D3_00114,G_01773,other,E5x_pooled,0,0.8901965749794092,1,,,,
D3_00115,G_01774,other,E5x_pooled,0,0.5689801675761836,0,,,,
D3_00117,G_01775,other,E5x_pooled,0,0.9467348947875138,1,,,,
D3_00118,G_01803,en,E5x_pooled,0,0.9638152474836322,1,,,,
D3_00119,G_01802,en,E5x_pooled,0,0.9536675464383723,1,,,,
D3_00120,G_01816,en,E5x_pooled,0,0.7763246956119437,1,,,,
D3_00121,G_03017,en,E5x_pooled,0,0.7667180614577889,1,,,,
D3_00122,G_01780,en,E5x_pooled,0,0.6430176599212313,0,,,,
D3_00123,G_03023,en,E5x_pooled,0,0.7287811920071429,1,,,,
D3_00124,G_03579,en,E5x_pooled,0,0.8598624992640245,1,,,,
D3_00125,G_01783,en,E5x_pooled,0,0.5272868462232532,0,,,,
D3_00126,G_01784,en,E5x_pooled,0,0.37917427473032045,0,,,,
D3_00127,G_01785,en,E5x_pooled,0,0.9014329157694149,1,,,,
D3_00128,G_01811,en,E5x_pooled,0,0.9469237999167966,1,,,,
D3_00129,G_01819,en,E5x_pooled,0,0.9738841194524014,1,,,,
D3_00130,G_01818,en,E5x_pooled,0,0.7794214756865023,1,,,,
D3_00131,G_01789,en,E5x_pooled,0,0.846601435077651,1,,,,
D3_00132,G_01790,en,E5x_pooled,0,0.9881004297762926,1,,,,
D3_00133,G_03045,en,E5x_pooled,0,0.8614498026333933,1,,,,
D3_00134,G_03029,en,E5x_pooled,0,0.9303131517980426,1,,,,
D3_00135,G_01793,en,E5x_pooled,0,0.8988714189249334,1,,,,
D3_00136,G_01794,en,E5x_pooled,0,0.7816654306690093,1,,,,
D3_00137,G_01795,en,E5x_pooled,0,0.8166506400927349,1,,,,
D3_00138,G_01796,en,E5x_pooled,0,0.8223627272295546,1,,,,
D3_00139,G_01797,en,E5x_pooled,0,0.9285592998933581,1,,,,
D3_00140,G_01798,en,E5x_pooled,0,0.5904500880898065,0,,,,
D3_00141,G_01799,en,E5x_pooled,0,0.8797277870071811,1,,,,
D3_00142,G_01800,en,E5x_pooled,0,0.9112176129056146,1,,,,
D3_00143,G_01801,en,E5x_pooled,0,0.80561401476788,1,,,,
D3_00144,G_01802,en,E5x_pooled,0,0.9522592548729454,1,,,,
D3_00145,G_01803,en,E5x_pooled,0,0.9609955230200518,1,,,,
D3_00146,G_01816,en,E5x_pooled,0,0.7805886309810559,1,,,,
D3_00147,G_01811,en,E5x_pooled,0,0.9471378511785826,1,,,,
D3_00148,G_01818,en,E5x_pooled,0,0.7794214756865023,1,,,,
D3_00149,G_01819,en,E5x_pooled,0,0.9748252971061268,1,,,,
D3_00150,G_01808,en,E5x_pooled,0,0.7453885801750594,1,,,,
D3_00151,G_01809,en,E5x_pooled,0,0.5772945824695842,0,,,,
D3_00152,G_01810,en,E5x_pooled,0,0.9530307760199068,1,,,,
D3_00153,G_01811,en,E5x_pooled,0,0.8431408034887296,1,,,,
D3_00154,G_01812,en,E5x_pooled,0,0.7281338839261903,1,,,,
D3_00155,G_01819,en,E5x_pooled,0,0.9721025056353638,1,,,,
D3_00156,G_01814,en,E5x_pooled,0,0.9354259557322273,1,,,,
D3_00157,G_01815,en,E5x_pooled,0,0.9284555040205701,1,,,,
D3_00158,G_01816,en,E5x_pooled,0,0.8446188113538213,1,,,,
D3_00159,G_01811,en,E5x_pooled,0,0.9578761353506078,1,,,,
D3_00160,G_01818,en,E5x_pooled,0,0.8093004979336716,1,,,,
D3_00161,G_01819,en,E5x_pooled,0,0.9680437109938818,1,,,,
D3_00162,G_01816,en,E5x_pooled,0,0.7890188549729126,1,,,,
D3_00163,G_01821,en,E5x_pooled,0,0.7566937498752851,1,,,,
D3_00164,G_01822,en,E5x_pooled,0,0.9426396207235658,1,,,,
D3_00165,G_01823,en,E5x_pooled,0,0.708754643086905,1,,,,
D3_00166,G_01824,en,E5x_pooled,0,0.9503320987805032,1,,,,
D3_00167,G_01825,en,E5x_pooled,0,0.7469892423180643,1,,,,
D3_00168,G_01826,en,E5x_pooled,0,0.9166007127703244,1,,,,
D3_00169,G_01827,en,E5x_pooled,0,0.6894629904854889,0,,,,
D3_00170,G_01828,en,E5x_pooled,0,0.8172008088799348,1,,,,
D3_00171,G_01829,en,E5x_pooled,0,0.9477249815344186,1,,,,
D3_00172,G_01830,en,E5x_pooled,0,0.9576864881291195,1,,,,
D3_00173,G_01831,en,E5x_pooled,0,0.6699863094277039,0,,,,
D3_00174,G_01832,other,E5x_pooled,0,0.8986794386626398,1,,,,
D3_00175,G_01833,other,E5x_pooled,0,0.7084485240978691,1,,,,
D3_00176,G_01842,other,E5x_pooled,0,0.9636278096203742,1,,,,
D3_00177,G_01835,other,E5x_pooled,0,0.9761781860666959,1,,,,
D3_00178,G_01842,other,E5x_pooled,0,0.9708846121372612,1,,,,
D3_00179,G_01837,other,E5x_pooled,0,0.7502072088170426,1,,,,
D3_00180,G_01838,other,E5x_pooled,0,0.9770880472750357,1,,,,
D3_00182,G_01839,other,E5x_pooled,0,0.8083501490770754,1,,,,
D3_00183,G_01838,other,E5x_pooled,0,0.9760811452836899,1,,,,
D3_00184,G_01841,other,E5x_pooled,0,0.8010011065983249,1,,,,
D3_00185,G_01842,other,E5x_pooled,0,0.7483580477536957,1,,,,
D3_00186,G_01843,other,E5x_pooled,0,0.937896049330326,1,,,,
D3_00187,G_01844,other,E5x_pooled,0,0.8701405779555389,1,,,,
D3_00188,G_01842,other,E5x_pooled,0,0.9366059031458976,1,,,,
D3_00189,G_01844,other,E5x_pooled,0,0.789913981739212,1,,,,
D3_00190,G_01847,other,E5x_pooled,0,0.45509036183394974,0,,,,
D3_00191,G_01842,other,E5x_pooled,0,0.958059921373628,1,,,,
D3_00192,G_01849,other,E5x_pooled,0,0.9535384630782556,1,,,,
D3_00193,G_01850,other,E5x_pooled,0,0.6275938240743756,0,,,,
D3_00194,G_01851,other,E5x_pooled,0,0.960544320381915,1,,,,
D3_00195,G_01833,other,E5x_pooled,0,0.7737013438993074,1,,,,
D3_00196,G_01853,other,E5x_pooled,0,0.9539430418712126,1,,,,
D3_00197,G_01854,other,E5x_pooled,0,0.943689420425184,1,,,,
D3_00199,G_01855,other,E5x_pooled,0,0.9560981438741983,1,,,,
D3_00200,G_01856,other,E5x_pooled,0,0.7509599413613932,1,,,,
D3_00201,G_01842,other,E5x_pooled,0,0.9660890768998144,1,,,,
D3_00202,G_01858,other,E5x_pooled,0,0.9879981134983821,1,,,,
D3_00203,G_01859,other,E5x_pooled,0,0.6779579121042892,0,,,,
D3_00204,G_01860,other,E5x_pooled,0,0.924631180109937,1,,,,
D3_00205,G_01861,other,E5x_pooled,0,0.8108557009445728,1,,,,
D3_00206,G_01862,other,E5x_pooled,0,0.868817861305872,1,,,,
D3_00207,G_01863,other,E5x_pooled,0,0.7582588583102152,1,,,,
D3_00208,G_01864,other,E5x_pooled,0,0.8542244320460207,1,,,,
D3_00209,G_01865,other,E5x_pooled,0,0.9268157329169768,1,,,,
D3_00210,G_01863,other,E5x_pooled,0,0.7049721119289609,0,,,,
D3_00211,G_01867,other,E5x_pooled,0,0.8275442964233569,1,,,,
D3_00212,G_01862,other,E5x_pooled,0,0.8691724060004832,1,,,,
D3_00213,G_01869,other,E5x_pooled,0,0.7965521089349077,1,,,,
D3_00214,G_01870,other,E5x_pooled,0,0.9262931674934938,1,,,,
D3_00215,G_01870,other,E5x_pooled,0,0.8879019724996893,1,,,,
D3_00216,G_01872,other,E5x_pooled,0,0.8336180104384369,1,,,,
D3_00217,G_01873,other,E5x_pooled,0,0.8305114674920255,1,,,,
D3_00218,G_01874,other,E5x_pooled,0,0.9081800968912582,1,,,,
D3_00219,G_01874,other,E5x_pooled,0,0.9275514617783053,1,,,,
D3_00220,G_01873,other,E5x_pooled,0,0.933756590364007,1,,,,
D3_00221,G_01874,other,E5x_pooled,0,0.9081800968912582,1,,,,
D3_00222,G_01878,other,E5x_pooled,0,0.9519188546049201,1,,,,
D3_00223,G_01879,other,E5x_pooled,0,0.9375668467067523,1,,,,
D3_00224,G_01833,other,E5x_pooled,0,0.6785470899969914,0,,,,
D3_00225,G_01881,other,E5x_pooled,0,0.7733724994782386,1,,,,
D3_00226,G_01882,other,E5x_pooled,0,0.7332441283625986,1,,,,
D3_00227,G_01833,other,E5x_pooled,0,0.7701956505723051,1,,,,
D3_00228,G_01884,other,E5x_pooled,0,0.7801053147396128,1,,,,
D3_00229,G_01885,other,E5x_pooled,0,0.7434914495911126,1,,,,
D3_00230,G_01833,other,E5x_pooled,0,0.6822616238416075,0,,,,
D3_00231,G_01887,other,E5x_pooled,0,0.7160646855710744,1,,,,
D3_00232,G_01888,other,E5x_pooled,0,0.9765554106538069,1,,,,
D3_00233,G_01889,other,E5x_pooled,0,0.7120205038379991,1,,,,
D3_00234,G_01890,en,E5x_pooled,0,0.9656265922353191,1,,,,
D3_00235,G_01891,en,E5x_pooled,0,0.4480446412804926,0,,,,
D3_00236,G_01892,en,E5x_pooled,0,0.8303724536349212,1,,,,
D3_00237,G_01893,en,E5x_pooled,0,0.9561824550421933,1,,,,
D3_00238,G_03601,en,E5x_pooled,0,0.5005738152510566,0,,,,
D3_00239,G_01895,en,E5x_pooled,0,0.9589028332680815,1,,,,
D3_00240,G_01896,en,E5x_pooled,0,0.2963562444060985,0,,,,
D3_00241,G_01897,en,E5x_pooled,0,0.9395650242432468,1,,,,
D3_00242,G_01898,en,E5x_pooled,0,0.8591663123915275,1,,,,
D3_00243,G_01899,en,E5x_pooled,0,0.9385372601672097,1,,,,
D3_00244,G_01931,en,E5x_pooled,0,0.9331717503139849,1,,,,
D3_00245,G_01901,en,E5x_pooled,0,0.8935808660948507,1,,,,
D3_00246,G_01902,en,E5x_pooled,0,0.9376338201476089,1,,,,
D3_00247,G_01903,en,E5x_pooled,0,0.8942684538909135,1,,,,
D3_00248,G_04476,en,E5x_pooled,0,0.9845731108630439,1,,,,
D3_00249,G_03603,en,E5x_pooled,0,0.8898206041522178,1,,,,
D3_00250,G_01906,en,E5x_pooled,0,0.854804300539261,1,,,,
D3_00251,G_01907,en,E5x_pooled,0,0.914495262334037,1,,,,
D3_00252,G_04475,en,E5x_pooled,0,0.9678389225233373,1,,,,
D3_00253,G_01909,en,E5x_pooled,0,0.9405611513749575,1,,,,
D3_00254,G_01910,en,E5x_pooled,0,0.9545276064273635,1,,,,
D3_00255,G_01911,en,E5x_pooled,0,0.5479212745677328,0,,,,
D3_00256,G_01912,en,E5x_pooled,0,0.7693955272103673,1,,,,
D3_00257,G_01913,en,E5x_pooled,0,0.8023990125858768,1,,,,
D3_00258,G_01914,en,E5x_pooled,0,0.9493549943019823,1,,,,
D3_00259,G_01915,en,E5x_pooled,0,0.8334364610599452,1,,,,
D3_00260,G_01890,en,E5x_pooled,0,0.967762073622211,1,,,,
D3_00261,G_01892,en,E5x_pooled,0,0.8269717237741128,1,,,,
D3_00262,G_01891,en,E5x_pooled,0,0.4480446412804926,0,,,,
D3_00263,G_01931,en,E5x_pooled,0,0.9318558653334316,1,,,,
D3_00264,G_01902,en,E5x_pooled,0,0.9394276869894351,1,,,,
D3_00265,G_01901,en,E5x_pooled,0,0.8935808660948507,1,,,,
D3_00266,G_01922,en,E5x_pooled,0,0.41184505175417896,0,,,,
D3_00267,G_01923,en,E5x_pooled,0,0.9651078943565419,1,,,,
D3_00268,G_01924,en,E5x_pooled,0,0.8367709082046592,1,,,,
D3_00269,G_01925,en,E5x_pooled,0,0.9198914256745891,1,,,,
D3_00270,G_01926,en,E5x_pooled,0,0.9378949459287077,1,,,,
D3_00271,G_01901,en,E5x_pooled,0,0.9284438970067146,1,,,,
D3_00272,G_01890,en,E5x_pooled,0,0.9461181139028308,1,,,,
D3_00273,G_01929,en,E5x_pooled,0,0.8731654123694487,1,,,,
D3_00274,G_01891,en,E5x_pooled,0,0.5561822120780578,0,,,,
D3_00275,G_01931,en,E5x_pooled,0,0.909757931361596,1,,,,
D3_00276,G_01902,en,E5x_pooled,0,0.9451755453136591,1,,,,
D3_00277,G_01901,en,E5x_pooled,0,0.9069874549718453,1,,,,
D3_00278,G_01890,en,E5x_pooled,0,0.960452474952274,1,,,,
D3_00279,G_01935,en,E5x_pooled,0,0.8885222270174495,1,,,,
D3_00280,G_01891,en,E5x_pooled,0,0.3788699755956307,0,,,,
D3_00281,G_01937,en,E5x_pooled,0,0.948744645069675,1,,,,
D3_00282,G_01938,en,E5x_pooled,0,0.9312466143614222,1,,,,
D3_00283,G_01939,en,E5x_pooled,0,0.8941797493430611,1,,,,
D3_00284,G_01940,en,E5x_pooled,0,0.6900440931937529,0,,,,
D3_00285,G_01941,en,E5x_pooled,0,0.6600214855393611,0,,,,
D3_00286,G_01942,en,E5x_pooled,0,0.8173366302846817,1,,,,
D3_00287,G_01943,en,E5x_pooled,0,0.9176432677564276,1,,,,
D3_00288,G_01944,en,E5x_pooled,0,0.9679286230275289,1,,,,
D3_00289,G_01945,en,E5x_pooled,0,0.908648491941744,1,,,,
D3_00290,G_01946,other,E5x_pooled,0,0.8656434558775664,1,,,,
D3_00291,G_01947,other,E5x_pooled,0,0.37794576116739736,0,,,,
D3_00292,G_01948,other,E5x_pooled,0,0.9267006381512968,1,,,,
D3_00293,G_01949,other,E5x_pooled,0,0.9505990101165339,1,,,,
D3_00294,G_01950,other,E5x_pooled,0,0.9936807721245737,1,,,,
D3_00295,G_01951,other,E5x_pooled,0,0.9255112003568552,1,,,,
D3_00296,G_01952,other,E5x_pooled,0,0.9794446535601584,1,,,,
D3_00297,G_01953,other,E5x_pooled,0,0.9876352090589553,1,,,,
D3_00298,G_01951,other,E5x_pooled,0,0.9024336106871598,1,,,,
D3_00299,G_01955,other,E5x_pooled,0,0.913651191302655,1,,,,
D3_00300,G_01956,other,E5x_pooled,0,0.9831907537677887,1,,,,
D3_00301,G_01957,other,E5x_pooled,0,0.8830366962173366,1,,,,
D3_00302,G_01951,other,E5x_pooled,0,0.9446625909299855,1,,,,
D3_00303,G_01959,other,E5x_pooled,0,0.9753066341391262,1,,,,
D3_00304,G_01960,other,E5x_pooled,0,0.9846654060480619,1,,,,
D3_00305,G_01961,other,E5x_pooled,0,0.9767846775236433,1,,,,
D3_00306,G_01962,other,E5x_pooled,0,0.8068503788989075,1,,,,
D3_00307,G_01963,other,E5x_pooled,0,0.9773500397340609,1,,,,
D3_00308,G_01951,other,E5x_pooled,0,0.858416554281489,1,,,,
D3_00309,G_01965,other,E5x_pooled,0,0.9719722328117315,1,,,,
D3_00310,G_01946,other,E5x_pooled,0,0.8973854778573834,1,,,,
D3_00311,G_01967,other,E5x_pooled,0,0.7763846730143685,1,,,,
D3_00312,G_01968,other,E5x_pooled,0,0.9763452552831781,1,,,,
D3_00313,G_01969,other,E5x_pooled,0,0.9933435114729764,1,,,,
D3_00314,G_01970,other,E5x_pooled,0,0.9750556400987486,1,,,,
D3_00315,G_01967,other,E5x_pooled,0,0.7198795054122572,1,,,,
D3_00316,G_01972,other,E5x_pooled,0,0.9161280291586809,1,,,,
D3_00317,G_01973,other,E5x_pooled,0,0.9721105572576129,1,,,,
D3_00318,G_01974,other,E5x_pooled,0,0.9846116599283766,1,,,,
D3_00319,G_01975,other,E5x_pooled,0,0.7463942344766222,1,,,,
D3_00320,G_01976,other,E5x_pooled,0,0.9360845325706196,1,,,,
D3_00322,G_01977,other,E5x_pooled,0,0.8748037275569033,1,,,,
D3_00323,G_01978,other,E5x_pooled,0,0.9919077017603382,1,,,,
D3_00324,G_01979,other,E5x_pooled,0,0.9639179009627538,1,,,,
D3_00325,G_01980,other,E5x_pooled,0,0.7925088189909488,1,,,,
D3_00326,G_01981,other,E5x_pooled,0,0.9750036157851814,1,,,,
D3_00327,G_01982,other,E5x_pooled,0,0.9465203601894403,1,,,,
D3_00328,G_01983,other,E5x_pooled,0,0.9768691456448979,1,,,,
D3_00329,G_01984,other,E5x_pooled,0,0.9649860742709748,1,,,,
D3_00330,G_01985,other,E5x_pooled,0,0.6745149901262244,0,,,,
D3_00331,G_01986,other,E5x_pooled,0,0.5719840438695001,0,,,,
D3_00332,G_01987,other,E5x_pooled,0,0.5527670900684946,0,,,,
D3_00333,G_01988,other,E5x_pooled,0,0.6076721399231735,0,,,,
D3_00334,G_01989,other,E5x_pooled,0,0.5313519761591369,0,,,,
D3_00335,G_01990,other,E5x_pooled,0,0.7126756733283095,1,,,,
D3_00336,G_01991,other,E5x_pooled,0,0.594194943975913,0,,,,
D3_00337,G_01992,other,E5x_pooled,0,0.598831606012621,0,,,,
D3_00338,G_01993,other,E5x_pooled,0,0.7537680480823976,1,,,,
D3_00339,G_01994,other,E5x_pooled,0,0.5226766391972485,0,,,,
D3_00340,G_01995,other,E5x_pooled,0,0.7736254306966165,1,,,,
D3_00341,G_01996,other,E5x_pooled,0,0.9352925333848573,1,,,,
D3_00342,G_01997,other,E5x_pooled,0,0.9174767560710754,1,,,,
D3_00343,G_01998,other,E5x_pooled,0,0.7179825254820693,1,,,,
D3_00344,G_01999,other,E5x_pooled,0,0.9471283920276444,1,,,,
D3_00345,G_02000,other,E5x_pooled,0,0.7631048801162698,1,,,,
D3_00346,G_02001,other,E5x_pooled,0,0.5658520923303052,0,,,,
D3_00347,G_02002,other,E5x_pooled,0,0.688390974143993,0,,,,
D3_00348,G_02003,other,E5x_pooled,0,0.7277871119734961,1,,,,
D3_00349,G_02004,other,E5x_pooled,0,0.9564344455853608,1,,,,
D3_00350,G_02005,en,E5x_pooled,0,0.9700663987629656,1,,,,
D3_00351,G_02032,en,E5x_pooled,0,0.941165992835909,1,,,,
D3_00352,G_02007,en,E5x_pooled,0,0.9811077868324243,1,,,,
D3_00353,G_02008,en,E5x_pooled,0,0.9453798950680239,1,,,,
D3_00354,G_02009,en,E5x_pooled,0,0.962021697910647,1,,,,
D3_00355,G_03634,en,E5x_pooled,0,0.989646829592746,1,,,,
D3_00356,G_02011,en,E5x_pooled,0,0.9836096646810948,1,,,,
D3_00357,G_02012,en,E5x_pooled,0,0.9656587936334257,1,,,,
D3_00358,G_02013,en,E5x_pooled,0,0.967190719560706,1,,,,
D3_00359,G_02014,en,E5x_pooled,0,0.9567890459892396,1,,,,
D3_00360,G_02015,en,E5x_pooled,0,0.9970037819434451,1,,,,
D3_00361,G_02016,en,E5x_pooled,0,0.9898454011963965,1,,,,
D3_00362,G_03116,en,E5x_pooled,0,0.9800330410768658,1,,,,
D3_00363,G_02018,en,E5x_pooled,0,0.9776229783678533,1,,,,
D3_00364,G_02019,en,E5x_pooled,0,0.9641280692553557,1,,,,
D3_00365,G_02020,en,E5x_pooled,0,0.9959048278993349,1,,,,
D3_00366,G_02021,en,E5x_pooled,0,0.9828673789929658,1,,,,
D3_00367,G_04084,en,E5x_pooled,0,0.9949474382063711,1,,,,
D3_00368,G_02023,en,E5x_pooled,0,0.9943190056030755,1,,,,
D3_00369,G_03639,en,E5x_pooled,0,0.9964760663436065,1,,,,
D3_00370,G_02025,en,E5x_pooled,0,0.8590979014720563,1,,,,
D3_00371,G_02026,en,E5x_pooled,0,0.9529728728255001,1,,,,
D3_00372,G_02027,en,E5x_pooled,0,0.9905055929727221,1,,,,
D3_00373,G_02028,en,E5x_pooled,0,0.898499404298832,1,,,,
D3_00374,G_02029,en,E5x_pooled,0,0.9760480226043036,1,,,,
D3_00375,G_02030,en,E5x_pooled,0,0.8637770069893739,1,,,,
D3_00376,G_02005,en,E5x_pooled,0,0.9711887736470131,1,,,,
D3_00377,G_02032,en,E5x_pooled,0,0.940660051580858,1,,,,
D3_00378,G_02007,en,E5x_pooled,0,0.9804232228351402,1,,,,
D3_00379,G_02015,en,E5x_pooled,0,0.9969481601676677,1,,,,
D3_00380,G_02016,en,E5x_pooled,0,0.9901781317159435,1,,,,
D3_00381,G_03116,en,E5x_pooled,0,0.9800330410768658,1,,,,
D3_00382,G_02005,en,E5x_pooled,0,0.9690403151341154,1,,,,
D3_00383,G_02032,en,E5x_pooled,0,0.9522334838552172,1,,,,
D3_00384,G_02039,en,E5x_pooled,0,0.9715872465126181,1,,,,
D3_00385,G_02040,en,E5x_pooled,0,0.9872653352754127,1,,,,
D3_00387,G_02041,en,E5x_pooled,0,0.9462205505136576,1,,,,
D3_00388,G_02005,en,E5x_pooled,0,0.951146473993705,1,,,,
D3_00389,G_02043,en,E5x_pooled,0,0.9224081916251096,1,,,,
D3_00390,G_02007,en,E5x_pooled,0,0.9708950776061256,1,,,,
D3_00391,G_02015,en,E5x_pooled,0,0.9928789664780796,1,,,,
D3_00392,G_02016,en,E5x_pooled,0,0.9915354843058057,1,,,,
D3_00393,G_03116,en,E5x_pooled,0,0.9812177048253985,1,,,,
D3_00394,G_02048,en,E5x_pooled,0,0.9156040977812321,1,,,,
D3_00395,G_02049,en,E5x_pooled,0,0.9595475833061291,1,,,,
D3_00397,G_02050,en,E5x_pooled,0,0.9942840167604379,1,,,,
D3_00398,G_02051,en,E5x_pooled,0,0.9426410889304363,1,,,,
D3_00399,G_03116,en,E5x_pooled,0,0.9844013548831239,1,,,,
D3_00400,G_02053,en,E5x_pooled,0,0.8480510499346133,1,,,,
D3_00401,G_02054,en,E5x_pooled,0,0.9433520089260796,1,,,,
D3_00402,G_02055,en,E5x_pooled,0,0.9240905136954172,1,,,,
D3_00403,G_02056,en,E5x_pooled,0,0.9830798136194918,1,,,,
D3_00404,G_02057,en,E5x_pooled,0,0.9587184958031665,1,,,,
D3_00405,G_02058,en,E5x_pooled,0,0.9196965817125048,1,,,,
D3_00406,G_02059,other,E5x_pooled,0,0.8551476963885919,1,,,,
D3_00407,G_02060,other,E5x_pooled,0,0.8890732907014168,1,,,,
D3_00408,G_02061,other,E5x_pooled,0,0.9475887482650791,1,,,,
D3_00409,G_02062,other,E5x_pooled,0,0.9520226175135799,1,,,,
D3_00410,G_02063,other,E5x_pooled,0,0.8562517272971722,1,,,,
D3_00411,G_02064,other,E5x_pooled,0,0.9067740078818771,1,,,,
D3_00412,G_02065,other,E5x_pooled,0,0.9819530761519705,1,,,,
D3_00413,G_02066,other,E5x_pooled,0,0.9389807285057061,1,,,,
D3_00414,G_02067,other,E5x_pooled,0,0.803411034095186,1,,,,
D3_00415,G_02068,other,E5x_pooled,0,0.9740346172257387,1,,,,
D3_00416,G_02069,other,E5x_pooled,0,0.9834321315724046,1,,,,
D3_00417,G_02070,other,E5x_pooled,0,0.9824929920737248,1,,,,
D3_00418,G_02071,other,E5x_pooled,0,0.9822535539721432,1,,,,
D3_00419,G_02072,other,E5x_pooled,0,0.9382347085931994,1,,,,
D3_00420,G_02073,other,E5x_pooled,0,0.9019808636605687,1,,,,
D3_00421,G_02074,other,E5x_pooled,0,0.985173494449676,1,,,,
D3_00422,G_02075,other,E5x_pooled,0,0.9588267852893352,1,,,,
D3_00423,G_02076,other,E5x_pooled,0,0.990037064040774,1,,,,
D3_00424,G_02077,other,E5x_pooled,0,0.9847456500379949,1,,,,
D3_00425,G_02072,other,E5x_pooled,0,0.9314889590109097,1,,,,
D3_00426,G_02079,other,E5x_pooled,0,0.9658715042799604,1,,,,
D3_00427,G_02080,other,E5x_pooled,0,0.9567414474047995,1,,,,
D3_00428,G_02081,other,E5x_pooled,0,0.970442007135961,1,,,,
D3_00429,G_02082,other,E5x_pooled,0,0.9738389876738272,1,,,,
D3_00430,G_02083,other,E5x_pooled,0,0.9727778708287992,1,,,,
D3_00431,G_02084,other,E5x_pooled,0,0.9616152528689267,1,,,,
D3_00432,G_02085,other,E5x_pooled,0,0.9841224445044321,1,,,,
D3_00433,G_02086,other,E5x_pooled,0,0.9513932913756415,1,,,,
D3_00434,G_02087,other,E5x_pooled,0,0.9505182822426368,1,,,,
D3_00435,G_02088,other,E5x_pooled,0,0.9476675360069334,1,,,,
D3_00436,G_02089,other,E5x_pooled,0,0.9819347423031738,1,,,,
D3_00437,G_02090,other,E5x_pooled,0,0.8827451504992302,1,,,,
D3_00438,G_02091,other,E5x_pooled,0,0.9126834631427321,1,,,,
D3_00439,G_02092,other,E5x_pooled,0,0.9556398495158936,1,,,,
D3_00440,G_02093,other,E5x_pooled,0,0.9748796608232048,1,,,,
D3_00441,G_02094,other,E5x_pooled,0,0.5789470300190661,0,,,,
D3_00442,G_02095,other,E5x_pooled,0,0.9810280976899448,1,,,,
D3_00443,G_02096,other,E5x_pooled,0,0.865519572309611,1,,,,
D3_00444,G_02097,other,E5x_pooled,0,0.9289973739293362,1,,,,
D3_00445,G_02098,other,E5x_pooled,0,0.9786273812880806,1,,,,
D3_00446,G_02099,other,E5x_pooled,0,0.9788280633044416,1,,,,
D3_00447,G_02100,other,E5x_pooled,0,0.9863286435849765,1,,,,
D3_00448,G_02099,other,E5x_pooled,0,0.9683439815638248,1,,,,
D3_00449,G_02102,other,E5x_pooled,0,0.9297853347928238,1,,,,
D3_00450,G_02103,other,E5x_pooled,0,0.9760522723560056,1,,,,
D3_00451,G_02104,other,E5x_pooled,0,0.955770220119415,1,,,,
D3_00452,G_02105,other,E5x_pooled,0,0.9724097960500148,1,,,,
D3_00453,G_02105,other,E5x_pooled,0,0.9661743192611919,1,,,,
D3_00454,G_02103,other,E5x_pooled,0,0.974423275326629,1,,,,
D3_00455,G_02108,other,E5x_pooled,0,0.8233179286024784,1,,,,
D3_00456,G_02109,other,E5x_pooled,0,0.7191047387484651,1,,,,
D3_00457,G_02110,other,E5x_pooled,0,0.8843707911391518,1,,,,
D3_00458,G_02111,other,E5x_pooled,0,0.8836402342433937,1,,,,
D3_00459,G_02112,other,E5x_pooled,0,0.8660803540006665,1,,,,
D3_00460,G_02113,other,E5x_pooled,0,0.6252946190083846,0,,,,
D3_00461,G_02114,other,E5x_pooled,0,0.7110096141857877,1,,,,
D3_00462,G_02115,other,E5x_pooled,0,0.9591444079535802,1,,,,
D3_00463,G_02116,other,E5x_pooled,0,0.845725873978,1,,,,
D3_00464,G_02117,other,E5x_pooled,0,0.858541710438564,1,,,,
D3_00465,G_02118,other,E5x_pooled,0,0.9046435090864515,1,,,,
D3_00466,G_02119,en,E5x_pooled,0,0.6847847569176058,0,,,,
D3_00467,G_02120,en,E5x_pooled,0,0.9703525782196467,1,,,,
D3_00468,G_02154,en,E5x_pooled,0,0.26214500696952286,0,,,,
D3_00469,G_04962,en,E5x_pooled,0,0.9807117833097418,1,,,,
D3_00470,G_02123,en,E5x_pooled,0,0.9973306100901693,1,,,,
D3_00471,G_03150,en,E5x_pooled,0,0.9275035075478332,1,,,,
D3_00472,G_02125,en,E5x_pooled,0,0.4317001772117181,0,,,,
D3_00473,G_02126,en,E5x_pooled,0,0.8793970844053925,1,,,,
D3_00474,G_02127,en,E5x_pooled,0,0.31069448959833257,0,,,,
D3_00475,G_02128,en,E5x_pooled,0,0.362255164322956,0,,,,
D3_00476,G_02129,en,E5x_pooled,0,0.7894466365241217,1,,,,
D3_00477,G_02130,en,E5x_pooled,0,0.9277832987324292,1,,,,
D3_00478,G_02150,en,E5x_pooled,0,0.9567200530741101,1,,,,
D3_00479,G_04106,en,E5x_pooled,0,0.9807264316507458,1,,,,
D3_00480,G_02133,en,E5x_pooled,0,0.9708600589268856,1,,,,
D3_00481,G_03168,en,E5x_pooled,0,0.965328579116757,1,,,,
D3_00482,G_02135,en,E5x_pooled,0,0.9003730821698359,1,,,,
D3_00483,G_02136,en,E5x_pooled,0,0.8909485150065024,1,,,,
D3_00484,G_02137,en,E5x_pooled,0,0.9907480787582911,1,,,,
D3_00485,G_04542,en,E5x_pooled,0,0.9506543385118494,1,,,,
D3_00486,G_03685,en,E5x_pooled,0,0.9319099134401169,1,,,,
D3_00487,G_02140,en,E5x_pooled,0,0.3965725818059311,0,,,,
D3_00488,G_02141,en,E5x_pooled,0,0.959538002825883,1,,,,
D3_00489,G_02142,en,E5x_pooled,0,0.09415522125908954,0,,,,
D3_00490,G_02143,en,E5x_pooled,0,0.9009467252027703,1,,,,
D3_00491,G_04106,en,E5x_pooled,0,0.9844697263018733,1,,,,
D3_00492,G_02145,en,E5x_pooled,0,0.9724143019288572,1,,,,
D3_00493,G_02119,en,E5x_pooled,0,0.6905152729189631,0,,,,
D3_00494,G_02120,en,E5x_pooled,0,0.9664444686584709,1,,,,
D3_00495,G_02154,en,E5x_pooled,0,0.261910855049546,0,,,,
D3_00496,G_04106,en,E5x_pooled,0,0.9811793081620815,1,,,,
D3_00497,G_02150,en,E5x_pooled,0,0.9577604171997853,1,,,,
D3_00498,G_02130,en,E5x_pooled,0,0.9269684184484177,1,,,,
D3_00499,G_02152,en,E5x_pooled,0,0.9670496675004987,1,,,,
D3_00500,G_02153,en,E5x_pooled,0,0.57711860681114,0,,,,
D3_00501,G_02154,en,E5x_pooled,0,0.2734947723416929,0,,,,
D3_00502,G_04106,en,E5x_pooled,0,0.9785650506871004,1,,,,
D3_00504,G_02150,en,E5x_pooled,0,0.9291829232526253,1,,,,
D3_00505,G_02120,en,E5x_pooled,0,0.9729272028336615,1,,,,
D3_00506,G_02119,en,E5x_pooled,0,0.7267728813580193,1,,,,
D3_00507,G_02159,en,E5x_pooled,0,0.4357496577904233,0,,,,
D3_00508,G_04106,en,E5x_pooled,0,0.9869844512798889,1,,,,
D3_00509,G_02150,en,E5x_pooled,0,0.9520736780997896,1,,,,
D3_00510,G_02162,en,E5x_pooled,0,0.955089450087269,1,,,,
D3_00511,G_02163,en,E5x_pooled,0,0.9757941477682984,1,,,,
D3_00512,G_02164,en,E5x_pooled,0,0.5941116261032037,0,,,,
D3_00513,G_02154,en,E5x_pooled,0,0.08466933978486571,0,,,,
D3_00514,G_02166,en,E5x_pooled,0,0.8961518755470875,1,,,,
D3_00515,G_02150,en,E5x_pooled,0,0.9505923273696888,1,,,,
D3_00516,G_04106,en,E5x_pooled,0,0.9811880249436964,1,,,,
D3_00517,G_02169,en,E5x_pooled,0,0.5979082785320551,0,,,,
D3_00518,G_02170,en,E5x_pooled,0,0.8445159354876925,1,,,,
D3_00519,G_02171,en,E5x_pooled,0,0.09930326079482112,0,,,,
D3_00520,G_02172,en,E5x_pooled,0,0.9004030394912963,1,,,,
D3_00521,G_02173,en,E5x_pooled,0,0.9006436359049556,1,,,,
D3_00522,G_02174,en,E5x_pooled,0,0.9705210952916533,1,,,,
D3_00523,G_02175,other,E5x_pooled,0,0.6629091067966447,0,,,,
D3_00524,G_02176,other,E5x_pooled,0,0.7094741666066056,1,,,,
D3_00525,G_02177,other,E5x_pooled,0,0.5357006664938855,0,,,,
D3_00526,G_02178,other,E5x_pooled,0,0.8483480275149567,1,,,,
D3_00527,G_02179,other,E5x_pooled,0,0.2788766324185124,0,,,,
D3_00528,G_02180,other,E5x_pooled,0,0.7592376599402128,1,,,,
D3_00529,G_02181,other,E5x_pooled,0,0.5878104887355724,0,,,,
D3_00530,G_02182,other,E5x_pooled,0,0.5583836228071326,0,,,,
D3_00531,G_02183,other,E5x_pooled,0,0.6925756082406263,0,,,,
D3_00532,G_02184,other,E5x_pooled,0,0.5447807923862121,0,,,,
D3_00533,G_02185,other,E5x_pooled,0,0.8324653503851944,1,,,,
D3_00534,G_02186,other,E5x_pooled,0,0.8174350537779576,1,,,,
D3_00535,G_02187,other,E5x_pooled,0,0.5306685454328202,0,,,,
D3_00536,G_02188,other,E5x_pooled,0,0.8783236876389674,1,,,,
D3_00537,G_02189,other,E5x_pooled,0,0.6002391742147003,0,,,,
D3_00538,G_02190,other,E5x_pooled,0,0.8292318031941924,1,,,,
D3_00539,G_02191,other,E5x_pooled,0,0.8083993232496147,1,,,,
D3_00540,G_02192,other,E5x_pooled,0,0.5554832989024748,0,,,,
D3_00541,G_02193,other,E5x_pooled,0,0.693161699581312,0,,,,
D3_00542,G_02194,other,E5x_pooled,0,0.8094536347287449,1,,,,
D3_00543,G_02195,other,E5x_pooled,0,0.8951619511087159,1,,,,
D3_00544,G_02196,other,E5x_pooled,0,0.6835253958726384,0,,,,
D3_00545,G_02197,other,E5x_pooled,0,0.9387822067165905,1,,,,
D3_00546,G_02198,other,E5x_pooled,0,0.16320864759306572,0,,,,
D3_00547,G_02199,other,E5x_pooled,0,0.7444384822450865,1,,,,
D3_00548,G_02200,other,E5x_pooled,0,0.6956879142572876,0,,,,
D3_00549,G_02201,other,E5x_pooled,0,0.7044879459227493,0,,,,
D3_00550,G_02202,other,E5x_pooled,0,0.285591998048379,0,,,,
D3_00551,G_02203,other,E5x_pooled,0,0.5240941684532883,0,,,,
D3_00552,G_02204,other,E5x_pooled,0,0.7186626590747013,1,,,,
D3_00553,G_02205,other,E5x_pooled,0,0.788266871879316,1,,,,
D3_00554,G_02206,other,E5x_pooled,0,0.8388648255822813,1,,,,
D3_00555,G_02207,other,E5x_pooled,0,0.5549013443380073,0,,,,
D3_00556,G_02208,other,E5x_pooled,0,0.6890924107556659,0,,,,
D3_00557,G_02209,other,E5x_pooled,0,0.8680525129285644,1,,,,
D3_00558,G_02210,other,E5x_pooled,0,0.6207155268347528,0,,,,
D3_00559,G_02206,other,E5x_pooled,0,0.7851536045093406,1,,,,
D3_00560,G_02212,other,E5x_pooled,0,0.48456813416823563,0,,,,
D3_00561,G_02213,other,E5x_pooled,0,0.7967410667395456,1,,,,
D3_00562,G_02214,other,E5x_pooled,0,0.7991429016928315,1,,,,
D3_00563,G_02215,other,E5x_pooled,0,0.8409447578689369,1,,,,
D3_00564,G_02216,other,E5x_pooled,0,0.5460750936963322,0,,,,
D3_00565,G_02217,other,E5x_pooled,0,0.9053125858865899,1,,,,
D3_00566,G_02218,other,E5x_pooled,0,0.5986526031787438,0,,,,
D3_00567,G_02219,other,E5x_pooled,0,0.7493682919974843,1,,,,
D3_00568,G_02217,other,E5x_pooled,0,0.8147796699089916,1,,,,
D3_00569,G_02221,other,E5x_pooled,0,0.7438723331070329,1,,,,
D3_00570,G_02222,other,E5x_pooled,0,0.7593553673538157,1,,,,
D3_00571,G_02223,other,E5x_pooled,0,0.7575836061512528,1,,,,
D3_00572,G_02224,other,E5x_pooled,0,0.8800287836291343,1,,,,
D3_00573,G_02225,other,E5x_pooled,0,0.4177853371051861,0,,,,
D3_00574,G_02226,other,E5x_pooled,0,0.468186745597797,0,,,,
D3_00575,G_02227,other,E5x_pooled,0,0.3911833408644848,0,,,,
D3_00576,G_02228,other,E5x_pooled,0,0.7194930416027397,1,,,,
D3_00577,G_02229,other,E5x_pooled,0,0.6594353683647817,0,,,,
D3_00578,G_02230,other,E5x_pooled,0,0.3579548732656926,0,,,,
D3_00579,G_02231,other,E5x_pooled,0,0.5234212909567416,0,,,,
D3_00580,G_02229,other,E5x_pooled,0,0.6265101435503136,0,,,,
D3_00581,G_02233,other,E5x_pooled,0,0.6967916965461927,0,,,,
D3_00582,G_02234,other,E5x_pooled,0,0.3284412404421852,0,,,,
D3_00583,G_02235,en,E5x_pooled,0,0.5648540684332929,0,,,,
D3_00584,G_02264,en,E5x_pooled,0,0.6251613699514256,0,,,,
D3_00585,G_04639,en,E5x_pooled,0,0.9651330909620175,1,,,,
D3_00586,G_02238,en,E5x_pooled,0,0.9611484224762042,1,,,,
D3_00587,G_02239,en,E5x_pooled,0,0.7934804498747572,1,,,,
D3_00588,G_04635,en,E5x_pooled,0,0.8970828942469604,1,,,,
D3_00589,G_02241,en,E5x_pooled,0,0.7556905815056936,1,,,,
D3_00590,G_02242,en,E5x_pooled,0,0.9568707439901264,1,,,,
D3_00591,G_02243,en,E5x_pooled,0,0.7465031205818661,1,,,,
D3_00592,G_02244,en,E5x_pooled,0,0.3563386810162215,0,,,,
D3_00593,G_02245,en,E5x_pooled,0,0.8787996724366236,1,,,,
D3_00594,G_02468,en,E5x_pooled,0,0.8931850313428109,1,,,,
D3_00595,G_02278,en,E5x_pooled,0,0.8072199638941914,1,,,,
D3_00596,G_02277,en,E5x_pooled,0,0.9885097632276754,1,,,,
D3_00597,G_02249,en,E5x_pooled,0,0.7781584504816714,1,,,,
D3_00598,G_03717,en,E5x_pooled,0,0.9451603705965529,1,,,,
D3_00599,G_03281,en,E5x_pooled,0,0.9807691875770577,1,,,,
D3_00600,G_02252,en,E5x_pooled,0,0.8889249971409312,1,,,,
D3_00601,G_03178,en,E5x_pooled,0,0.8875535999339357,1,,,,
D3_00602,G_03183,en,E5x_pooled,0,0.9309115446572379,1,,,,
D3_00603,G_04642,en,E5x_pooled,0,0.789080052833309,1,,,,
D3_00604,G_02256,en,E5x_pooled,0,0.5332392408031528,0,,,,
D3_00605,G_02257,en,E5x_pooled,0,0.9195715472258527,1,,,,
D3_00606,G_02258,en,E5x_pooled,0,0.95538579390445,1,,,,
D3_00607,G_02259,en,E5x_pooled,0,0.8673895729311883,1,,,,
D3_00608,G_02260,en,E5x_pooled,0,0.9840562810072752,1,,,,
D3_00609,G_02261,en,E5x_pooled,0,0.41999156666935505,0,,,,
D3_00610,G_02262,en,E5x_pooled,0,0.5641793459964668,0,,,,
D3_00611,G_04639,en,E5x_pooled,0,0.9651330909620175,1,,,,
D3_00612,G_02264,en,E5x_pooled,0,0.6237144549850883,0,,,,
D3_00613,G_02468,en,E5x_pooled,0,0.891115624627864,1,,,,
D3_00614,G_02277,en,E5x_pooled,0,0.9885097632276754,1,,,,
D3_00615,G_02278,en,E5x_pooled,0,0.8064384385951916,1,,,,
D3_00616,G_02235,en,E5x_pooled,0,0.5938111124292301,0,,,,
D3_00617,G_02269,en,E5x_pooled,0,0.6866897552745372,0,,,,
D3_00618,G_04639,en,E5x_pooled,0,0.8974244167744487,1,,,,
D3_00619,G_02271,en,E5x_pooled,0,0.8939950963753064,1,,,,
D3_00621,G_02272,en,E5x_pooled,0,0.7973235162628655,1,,,,
D3_00622,G_02273,en,E5x_pooled,0,0.6915659393961909,0,,,,
D3_00623,G_02274,en,E5x_pooled,0,0.7184557776181022,1,,,,
D3_00624,G_02275,en,E5x_pooled,0,0.9654652927634032,1,,,,
D3_00625,G_02276,en,E5x_pooled,0,0.880522524950906,1,,,,
D3_00626,G_02277,en,E5x_pooled,0,0.989727644245661,1,,,,
D3_00627,G_02278,en,E5x_pooled,0,0.8054344613086069,1,,,,
D3_00628,G_02279,en,E5x_pooled,0,0.6448672868583779,0,,,,
D3_00629,G_02280,en,E5x_pooled,0,0.40205369321558165,0,,,,
D3_00630,G_02281,en,E5x_pooled,0,0.9670054934407769,1,,,,
D3_00631,G_02468,en,E5x_pooled,0,0.8968622496647475,1,,,,
D3_00632,G_02283,en,E5x_pooled,0,0.6743267814593613,0,,,,
D3_00633,G_02277,en,E5x_pooled,0,0.9854044100573197,1,,,,
D3_00634,G_02285,en,E5x_pooled,0,0.5644871289623188,0,,,,
D3_00635,G_02286,en,E5x_pooled,0,0.41339703368609626,0,,,,
D3_00636,G_02287,en,E5x_pooled,0,0.7902473334627469,1,,,,
D3_00637,G_02288,en,E5x_pooled,0,0.9068321559825009,1,,,,
D3_00638,G_02289,en,E5x_pooled,0,0.7185299451496332,1,,,,
D3_00639,G_02290,en,E5x_pooled,0,0.9859560293959333,1,,,,
D3_00640,G_02291,other,E5x_pooled,0,0.951148516641442,1,,,,
D3_00641,G_02292,other,E5x_pooled,0,0.9009760291014008,1,,,,
D3_00642,G_02293,other,E5x_pooled,0,0.9695866808367046,1,,,,
D3_00643,G_02294,other,E5x_pooled,0,0.9705918195238626,1,,,,
D3_00644,G_02295,other,E5x_pooled,0,0.982570587550472,1,,,,
D3_00645,G_02296,other,E5x_pooled,0,0.9390363837910586,1,,,,
D3_00646,G_02297,other,E5x_pooled,0,0.969780854573135,1,,,,
D3_00647,G_02298,other,E5x_pooled,0,0.977097999538758,1,,,,
D3_00648,G_02299,other,E5x_pooled,0,0.9776352112453812,1,,,,
D3_00649,G_02300,other,E5x_pooled,0,0.9630057681892003,1,,,,
D3_00650,G_02301,other,E5x_pooled,0,0.887083390775669,1,,,,
D3_00651,G_02302,other,E5x_pooled,0,0.9369255333725088,1,,,,
D3_00652,G_02303,other,E5x_pooled,0,0.7487154404939492,1,,,,
D3_00653,G_02304,other,E5x_pooled,0,0.8475527540333365,1,,,,
D3_00654,G_02305,other,E5x_pooled,0,0.9441463218195386,1,,,,
D3_00655,G_02306,other,E5x_pooled,0,0.4135982826008883,0,,,,
D3_00656,G_02307,other,E5x_pooled,0,0.8838633596085115,1,,,,
D3_00657,G_02308,other,E5x_pooled,0,0.7312024752674914,1,,,,
D3_00658,G_02309,other,E5x_pooled,0,0.7803133585429397,1,,,,
D3_00659,G_02310,other,E5x_pooled,0,0.6472548792561135,0,,,,
D3_00660,G_02311,other,E5x_pooled,0,0.9613400420049939,1,,,,
D3_00661,G_02312,other,E5x_pooled,0,0.2109805966394716,0,,,,
D3_00662,G_02313,other,E5x_pooled,0,0.8386210392337856,1,,,,
D3_00663,G_02314,other,E5x_pooled,0,0.653497922174702,0,,,,
D3_00664,G_02315,other,E5x_pooled,0,0.8998185784582176,1,,,,
D3_00665,G_02316,other,E5x_pooled,0,0.4052466441931602,0,,,,
D3_00666,G_02317,other,E5x_pooled,0,0.7882756910671013,1,,,,
D3_00667,G_02318,other,E5x_pooled,0,0.5646029679389244,0,,,,
D3_00668,G_02319,other,E5x_pooled,0,0.8953022101188451,1,,,,
D3_00669,G_02320,other,E5x_pooled,0,0.9795812863472483,1,,,,
D3_00670,G_02321,other,E5x_pooled,0,0.9220548497941631,1,,,,
D3_00671,G_02322,other,E5x_pooled,0,0.7607745978710705,1,,,,
D3_00672,G_02323,other,E5x_pooled,0,0.8022634672065732,1,,,,
D3_00673,G_02324,other,E5x_pooled,0,0.5140522130163504,0,,,,
D3_00674,G_02325,other,E5x_pooled,0,0.6230947806492527,0,,,,
D3_00675,G_02326,other,E5x_pooled,0,0.6811179899599504,0,,,,
D3_00676,G_02327,other,E5x_pooled,0,0.7748218361803832,1,,,,
D3_00677,G_02328,other,E5x_pooled,0,0.5081845282101835,0,,,,
D3_00678,G_02329,other,E5x_pooled,0,0.6289395738072012,0,,,,
D3_00679,G_02330,other,E5x_pooled,0,0.7967171481521766,1,,,,
D3_00680,G_02331,other,E5x_pooled,0,0.5318339143563819,0,,,,
D3_00681,G_02332,other,E5x_pooled,0,0.5431305462734777,0,,,,
D3_00682,G_02333,other,E5x_pooled,0,0.8519317154131023,1,,,,
D3_00683,G_02334,other,E5x_pooled,0,0.5846339090294671,0,,,,
D3_00684,G_02335,other,E5x_pooled,0,0.7155101721083444,1,,,,
D3_00685,G_02336,other,E5x_pooled,0,0.7175617338909678,1,,,,
D3_00686,G_02337,other,E5x_pooled,0,0.6543048901725749,0,,,,
D3_00687,G_02338,other,E5x_pooled,0,0.3727457715919793,0,,,,
D3_00689,G_02339,other,E5x_pooled,0,0.6401451247838532,0,,,,
D3_00690,G_02340,other,E5x_pooled,0,0.9712660873677748,1,,,,
D3_00691,G_02341,other,E5x_pooled,0,0.7369234972610023,1,,,,
D3_00692,G_02342,other,E5x_pooled,0,0.7917305639462278,1,,,,
D3_00693,G_02343,other,E5x_pooled,0,0.8471016099823793,1,,,,
D3_00694,G_02344,other,E5x_pooled,0,0.8450692975998509,1,,,,
D3_00695,G_02345,other,E5x_pooled,0,0.7264337614599271,1,,,,
D3_00696,G_02346,other,E5x_pooled,0,0.8419013468859204,1,,,,
D3_00697,G_02347,other,E5x_pooled,0,0.7637962436777544,1,,,,
D3_00698,G_02348,other,E5x_pooled,0,0.6124436470664014,0,,,,
D3_00699,G_02349,other,E5x_pooled,0,0.8580643892359668,1,,,,
D3_00700,G_04180,en,E5x_pooled,0,0.8123935338523713,1,,,,
D3_00701,G_02372,en,E5x_pooled,0,0.8871880864119598,1,,,,
D3_00702,G_03219,en,E5x_pooled,0,0.7083212944719417,1,,,,
D3_00703,G_02353,en,E5x_pooled,0,0.8782983515064555,1,,,,
D3_00704,G_02354,en,E5x_pooled,0,0.7549233645771383,1,,,,
D3_00705,G_02355,en,E5x_pooled,0,0.613074673956076,0,,,,
D3_00706,G_02356,en,E5x_pooled,0,0.8148102351093945,1,,,,
D3_00707,G_02357,en,E5x_pooled,0,0.909719809313148,1,,,,
D3_00708,G_02358,en,E5x_pooled,0,0.930253067234463,1,,,,
D3_00709,G_02359,en,E5x_pooled,0,0.8269142025204711,1,,,,
D3_00710,G_02360,en,E5x_pooled,0,0.2215562133639468,0,,,,
D3_00711,G_02390,en,E5x_pooled,0,0.8880907922310379,1,,,,
D3_00712,G_03230,en,E5x_pooled,0,0.9625805354949047,1,,,,
D3_00713,G_02363,en,E5x_pooled,0,0.7712634239349605,1,,,,
D3_00714,G_02364,en,E5x_pooled,0,0.9806427417828251,1,,,,
D3_00715,G_03228,en,E5x_pooled,0,0.9350879103017106,1,,,,
D3_00716,G_02366,en,E5x_pooled,0,0.7554324257142052,1,,,,
D3_00717,G_02367,en,E5x_pooled,0,0.5866867009116344,0,,,,
D3_00718,G_02368,en,E5x_pooled,0,0.8134519286204615,1,,,,
D3_00719,G_02369,en,E5x_pooled,0,0.9388386668471386,1,,,,
D3_00720,G_02370,en,E5x_pooled,0,0.8099545760932347,1,,,,
D3_00721,G_02371,en,E5x_pooled,0,0.689745558740004,0,,,,
D3_00722,G_02372,en,E5x_pooled,0,0.8879021218572803,1,,,,
D3_00723,G_02360,en,E5x_pooled,0,0.2311935025846111,0,,,,
D3_00724,G_02390,en,E5x_pooled,0,0.8962170641025373,1,,,,
D3_00725,G_03230,en,E5x_pooled,0,0.9625805354949047,1,,,,
D3_00726,G_02376,en,E5x_pooled,0,0.7793872284232609,1,,,,
D3_00727,G_02377,en,E5x_pooled,0,0.5696683100917503,0,,,,
D3_00728,G_02378,en,E5x_pooled,0,0.8605433270603831,1,,,,
D3_00729,G_02379,en,E5x_pooled,0,0.19259444423949504,0,,,,
D3_00730,G_02380,en,E5x_pooled,0,0.6165750230457694,0,,,,
D3_00731,G_02381,en,E5x_pooled,0,0.7642328900286331,1,,,,
D3_00732,G_02382,en,E5x_pooled,0,0.8070808610292086,1,,,,
D3_00735,G_02383,en,E5x_pooled,0,0.280829564108178,0,,,,
D3_00736,G_02390,en,E5x_pooled,0,0.8952113351886511,1,,,,
D3_00737,G_02385,en,E5x_pooled,0,0.9419244329713751,1,,,,
D3_00738,G_04180,en,E5x_pooled,0,0.8357586150403086,1,,,,
D3_00739,G_03219,en,E5x_pooled,0,0.7084191195269159,1,,,,
D3_00740,G_02372,en,E5x_pooled,0,0.8705060265944011,1,,,,
D3_00741,G_02389,en,E5x_pooled,0,0.42388172943055386,0,,,,
D3_00742,G_02390,en,E5x_pooled,0,0.928526395607582,1,,,,
D3_00743,G_02391,en,E5x_pooled,0,0.9697377820519184,1,,,,
D3_00744,G_02392,en,E5x_pooled,0,0.7983186402449542,1,,,,
D3_00745,G_02393,en,E5x_pooled,0,0.5337109145931371,0,,,,
D3_00746,G_02394,en,E5x_pooled,0,0.9360334746711672,1,,,,
D3_00747,G_02395,en,E5x_pooled,0,0.5779228883697676,0,,,,
D3_00748,G_02396,en,E5x_pooled,0,0.8912960852033871,1,,,,
D3_00749,G_02397,en,E5x_pooled,0,0.9252900610897685,1,,,,
D3_00750,G_02398,en,E5x_pooled,0,0.8331436658431176,1,,,,
D3_00751,G_02399,en,E5x_pooled,0,0.6837980176549178,0,,,,
D3_00752,G_02400,en,E5x_pooled,0,0.8818173274295404,1,,,,
D3_00753,G_02401,en,E5x_pooled,0,0.4237726016467378,0,,,,
D3_00754,G_02402,en,E5x_pooled,0,0.5002761830357977,0,,,,
D3_00755,G_02403,en,E5x_pooled,0,0.9513608054013559,1,,,,
D3_00756,G_02404,other,E5x_pooled,0,0.7362586204730934,1,,,,
D3_00757,G_02405,other,E5x_pooled,0,0.8094778387350963,1,,,,
D3_00758,G_02406,other,E5x_pooled,0,0.7025868611058139,0,,,,
D3_00759,G_02407,other,E5x_pooled,0,0.902079864890399,1,,,,
D3_00760,G_02408,other,E5x_pooled,0,0.5327085505675888,0,,,,
D3_00761,G_02409,other,E5x_pooled,0,0.7544226091325259,1,,,,
D3_00762,G_02410,other,E5x_pooled,0,0.7859022333283919,1,,,,
D3_00763,G_02411,other,E5x_pooled,0,0.6660957947794853,0,,,,
D3_00764,G_02412,other,E5x_pooled,0,0.9701982775682675,1,,,,
D3_00765,G_02413,other,E5x_pooled,0,0.9615118473158178,1,,,,
D3_00766,G_02414,other,E5x_pooled,0,0.97565593655574,1,,,,
D3_00767,G_02415,other,E5x_pooled,0,0.4942473708491624,0,,,,
D3_00768,G_02416,other,E5x_pooled,0,0.8153325584837235,1,,,,
D3_00769,G_02417,other,E5x_pooled,0,0.7605930525544621,1,,,,
D3_00770,G_02418,other,E5x_pooled,0,0.8445999649146156,1,,,,
D3_00771,G_02419,other,E5x_pooled,0,0.5313909705877335,0,,,,
D3_00772,G_02420,other,E5x_pooled,0,0.7871000109917664,1,,,,
D3_00773,G_02421,other,E5x_pooled,0,0.7162668366098454,1,,,,
D3_00774,G_02422,other,E5x_pooled,0,0.5357259941369191,0,,,,
D3_00776,G_02423,other,E5x_pooled,0,0.9268254057872573,1,,,,
D3_00777,G_02424,other,E5x_pooled,0,0.5158014120213658,0,,,,
D3_00778,G_02425,other,E5x_pooled,0,0.6043186824457116,0,,,,
D3_00779,G_02426,other,E5x_pooled,0,0.048213369896540445,0,,,,
D3_00780,G_02427,other,E5x_pooled,0,0.21322022664825183,0,,,,
D3_00781,G_02428,other,E5x_pooled,0,0.49140658080884075,0,,,,
D3_00782,G_02429,other,E5x_pooled,0,0.6295786946143376,0,,,,
D3_00783,G_02430,other,E5x_pooled,0,0.6458767939861938,0,,,,
D3_00784,G_02429,other,E5x_pooled,0,0.18225932900740355,0,,,,
D3_00785,G_02432,other,E5x_pooled,0,0.415766077519045,0,,,,
D3_00786,G_02433,other,E5x_pooled,0,0.8436864466546389,1,,,,
D3_00787,G_02434,other,E5x_pooled,0,0.6950828972552351,0,,,,
D3_00788,G_02435,other,E5x_pooled,0,0.9293514883280132,1,,,,
D3_00789,G_02436,other,E5x_pooled,0,0.8890942390557058,1,,,,
D3_00790,G_02437,other,E5x_pooled,0,0.9759093661636169,1,,,,
D3_00791,G_02438,other,E5x_pooled,0,0.5831462900775373,0,,,,
D3_00792,G_02439,other,E5x_pooled,0,0.9945040089055033,1,,,,
D3_00793,G_02440,other,E5x_pooled,0,0.8483699868485873,1,,,,
D3_00794,G_02441,other,E5x_pooled,0,0.9754897514539567,1,,,,
D3_00795,G_02442,other,E5x_pooled,0,0.8937120551731362,1,,,,
D3_00796,G_02443,other,E5x_pooled,0,0.8374818182581802,1,,,,
D3_00797,G_02444,other,E5x_pooled,0,0.4065185696366279,0,,,,
D3_00798,G_02445,other,E5x_pooled,0,0.7348848553844273,1,,,,
D3_00799,G_02446,other,E5x_pooled,0,0.8537358383820556,1,,,,
D3_00800,G_02447,other,E5x_pooled,0,0.5984083742890474,0,,,,
D3_00801,G_02448,other,E5x_pooled,0,0.7329673032204459,1,,,,
D3_00802,G_02445,other,E5x_pooled,0,0.7927377831324178,1,,,,
D3_00803,G_02450,other,E5x_pooled,0,0.6452017607507599,0,,,,
D3_00804,G_02451,other,E5x_pooled,0,0.755638634569573,1,,,,
D3_00805,G_02445,other,E5x_pooled,0,0.7285002398164533,1,,,,
D3_00806,G_02453,other,E5x_pooled,0,0.893355431691442,1,,,,
D3_00807,G_02454,other,E5x_pooled,0,0.894613173122644,1,,,,
D3_00808,G_02455,other,E5x_pooled,0,0.9134525703927358,1,,,,
D3_00809,G_02456,other,E5x_pooled,0,0.8573312069794636,1,,,,
D3_00810,G_02457,other,E5x_pooled,0,0.4239022197129212,0,,,,
D3_00811,G_02458,other,E5x_pooled,0,0.41661886230856865,0,,,,
D3_00812,G_02459,other,E5x_pooled,0,0.8350245713403163,1,,,,
D3_00813,G_02460,other,E5x_pooled,0,0.3535925705547528,0,,,,
D3_00814,G_02461,other,E5x_pooled,0,0.42487399708418444,0,,,,
D3_00815,G_02462,other,E5x_pooled,0,0.7772619711692285,1,,,,
D3_00837,G_02463,en,E5x_pooled,0,0.9053431291164473,1,,,,
D3_00838,G_02464,en,E5x_pooled,0,0.4103202804486755,0,,,,
D3_00839,G_02465,en,E5x_pooled,0,0.655586874659724,0,,,,
D3_00840,G_02466,en,E5x_pooled,0,0.7987513833325162,1,,,,
D3_00841,G_02467,en,E5x_pooled,0,0.8344643078365468,1,,,,
D3_00842,G_02468,en,E5x_pooled,0,0.9198806305036552,1,,,,
D3_00843,G_02238,en,E5x_pooled,0,0.9582884268915518,1,,,,
D3_00845,G_02470,en,E5x_pooled,0,0.8157880998747811,1,,,,
D3_00847,G_03178,en,E5x_pooled,0,0.8875535999339357,1,,,,
D3_00848,G_02472,en,E5x_pooled,0,0.906275083883692,1,,,,
D3_00849,G_02473,en,E5x_pooled,0,0.9699776398659058,1,,,,
D3_00851,G_02242,en,E5x_pooled,0,0.9360955836361278,1,,,,
D3_00852,G_02475,en,E5x_pooled,0,0.9159543128716124,1,,,,
D3_00853,G_03178,en,E5x_pooled,0,0.8703569613632964,1,,,,
D3_00855,G_02477,en,E5x_pooled,0,0.8612176984064944,1,,,,
D3_00857,G_02478,en,E5x_pooled,0,0.7334296956471658,1,,,,
D3_00858,G_03183,en,E5x_pooled,0,0.936077930862084,1,,,,
D3_00859,G_02480,en,E5x_pooled,0,0.8868893710713734,1,,,,
D3_00860,G_02468,en,E5x_pooled,0,0.8839983466438976,1,,,,
D3_00861,G_02238,en,E5x_pooled,0,0.9579934567698773,1,,,,
D3_00863,G_02242,en,E5x_pooled,0,0.958652454353713,1,,,,
D3_00864,G_02484,en,E5x_pooled,0,0.9293317095621123,1,,,,
D3_00865,G_02468,en,E5x_pooled,0,0.8914319792580045,1,,,,
D3_00866,G_03178,en,E5x_pooled,0,0.887270553732221,1,,,,
D3_00867,G_02487,en,E5x_pooled,0,0.6337888401911735,0,,,,
D3_00868,G_02488,en,E5x_pooled,0,0.6512801619060286,0,,,,
D3_00869,G_02489,en,E5x_pooled,0,0.653346584579583,0,,,,
D3_00870,G_02490,en,E5x_pooled,0,0.8362941853053164,1,,,,
D3_00871,G_02491,en,E5x_pooled,0,0.8667629397409744,1,,,,
D3_00872,G_02492,en,E5x_pooled,0,0.8495588879947874,1,,,,
D3_00933,G_02493,en,E5x_pooled,0,0.9886541053412828,1,,,,
D3_00934,G_02521,en,E5x_pooled,0,0.9951052754072458,1,,,,
D3_00935,G_02519,en,E5x_pooled,0,0.9854451367957864,1,,,,
D3_00936,G_03310,en,E5x_pooled,0,0.8706975483103512,1,,,,
D3_00937,G_02497,en,E5x_pooled,0,0.9388056071512655,1,,,,
D3_00938,G_02498,en,E5x_pooled,0,0.9641860864442945,1,,,,
D3_00939,G_02499,en,E5x_pooled,0,0.9696341485695177,1,,,,
D3_00940,G_02500,en,E5x_pooled,0,0.6785679255798137,0,,,,
D3_00941,G_02501,en,E5x_pooled,0,0.988763312187926,1,,,,
D3_00942,G_02502,en,E5x_pooled,0,0.9323177763234726,1,,,,
D3_00943,G_02503,en,E5x_pooled,0,0.9906210126459454,1,,,,
D3_00944,G_02504,en,E5x_pooled,0,0.9651199157599925,1,,,,
D3_00945,G_03808,en,E5x_pooled,0,0.8876824011139579,1,,,,
D3_00946,G_03806,en,E5x_pooled,0,0.9950089253335551,1,,,,
D3_00947,G_02507,en,E5x_pooled,0,0.9954207036087122,1,,,,
D3_00948,G_02508,en,E5x_pooled,0,0.9867159630923111,1,,,,
D3_00949,G_02509,en,E5x_pooled,0,0.9831246461407706,1,,,,
D3_00950,G_02510,en,E5x_pooled,0,0.9740190039149309,1,,,,
D3_00951,G_02511,en,E5x_pooled,0,0.9544638461101599,1,,,,
D3_00952,G_02512,en,E5x_pooled,0,0.978179817207439,1,,,,
D3_00953,G_02513,en,E5x_pooled,0,0.9562874810808006,1,,,,
D3_00954,G_02514,en,E5x_pooled,0,0.9176460562706543,1,,,,
D3_00955,G_02515,en,E5x_pooled,0,0.8886418436225185,1,,,,
D3_00956,G_02516,en,E5x_pooled,0,0.9951520039607404,1,,,,
D3_00957,G_02517,en,E5x_pooled,0,0.9680425587603976,1,,,,
D3_00958,G_02518,en,E5x_pooled,0,0.39046049994225873,0,,,,
D3_00959,G_02519,en,E5x_pooled,0,0.9854451367957864,1,,,,
D3_00960,G_02520,en,E5x_pooled,0,0.9880964335345592,1,,,,
D3_00961,G_02521,en,E5x_pooled,0,0.994424690133128,1,,,,
D3_00962,G_03808,en,E5x_pooled,0,0.885175023314041,1,,,,
D3_00963,G_02503,en,E5x_pooled,0,0.990643082672403,1,,,,
D3_00964,G_02504,en,E5x_pooled,0,0.9634998311252897,1,,,,
D3_00965,G_02493,en,E5x_pooled,0,0.9773936240501742,1,,,,
D3_00966,G_02526,en,E5x_pooled,0,0.9931591899755894,1,,,,
D3_00967,G_02519,en,E5x_pooled,0,0.9762991872574921,1,,,,
D3_00968,G_03808,en,E5x_pooled,0,0.8912313906464159,1,,,,
D3_00969,G_02503,en,E5x_pooled,0,0.9905122614973482,1,,,,
D3_00970,G_02504,en,E5x_pooled,0,0.9626678805396902,1,,,,
D3_00971,G_02531,en,E5x_pooled,0,0.9958179979475968,1,,,,
D3_00972,G_02532,en,E5x_pooled,0,0.9906862636920759,1,,,,
D3_00973,G_02533,en,E5x_pooled,0,0.9893870132138142,1,,,,
D3_00974,G_02534,en,E5x_pooled,0,0.9768916237243481,1,,,,
D3_00975,G_02535,en,E5x_pooled,0,0.97984640031604,1,,,,
D3_00976,G_02536,en,E5x_pooled,0,0.9248012762484635,1,,,,
D3_00977,G_02537,en,E5x_pooled,0,0.9783972884861339,1,,,,
D3_00978,G_02538,en,E5x_pooled,0,0.981651478763063,1,,,,
D3_00979,G_02539,en,E5x_pooled,0,0.9883575204852738,1,,,,
D3_00980,G_02503,en,E5x_pooled,0,0.9904696344824094,1,,,,
D3_00981,G_02541,en,E5x_pooled,0,0.9888961412730606,1,,,,
D3_00982,G_02542,en,E5x_pooled,0,0.7839363638423908,1,,,,
D3_00983,G_02543,en,E5x_pooled,0,0.9159157461548899,1,,,,
D3_00984,G_02544,en,E5x_pooled,0,0.9910506637586337,1,,,,
D3_00985,G_02545,en,E5x_pooled,0,0.855375325108016,1,,,,
D3_00986,G_02546,en,E5x_pooled,0,0.9856997901300333,1,,,,
D3_00987,G_02547,en,E5x_pooled,0,0.9571042786185779,1,,,,
D3_00988,G_02548,en,E5x_pooled,0,0.6872395395366253,0,,,,
D3_00989,G_02549,other,E5x_pooled,0,0.993743972544851,1,,,,
D3_00990,G_02550,other,E5x_pooled,0,0.9949357777932759,1,,,,
D3_00991,G_02550,other,E5x_pooled,0,0.9899124696115542,1,,,,
D3_00992,G_02552,other,E5x_pooled,0,0.9888551077406159,1,,,,
D3_00993,G_02553,other,E5x_pooled,0,0.9373529341514343,1,,,,
D3_00994,G_02554,other,E5x_pooled,0,0.9909328271261266,1,,,,
D3_00995,G_02550,other,E5x_pooled,0,0.9948637189556373,1,,,,
D3_00997,G_02550,other,E5x_pooled,0,0.9894253000792876,1,,,,
D3_00999,G_02557,other,E5x_pooled,0,0.97736075365025,1,,,,
D3_01000,G_02558,other,E5x_pooled,0,0.8065959766508236,1,,,,
D3_01001,G_02559,other,E5x_pooled,0,0.8061485309265342,1,,,,
D3_01002,G_02560,other,E5x_pooled,0,0.9860715904332602,1,,,,
D3_01003,G_02561,other,E5x_pooled,0,0.8496479082043977,1,,,,
D3_01004,G_02562,other,E5x_pooled,0,0.9072188299213739,1,,,,
D3_01005,G_02563,other,E5x_pooled,0,0.8555030594800074,1,,,,
D3_01006,G_02564,other,E5x_pooled,0,0.9032763177641571,1,,,,
D3_01007,G_02565,other,E5x_pooled,0,0.9478024664051947,1,,,,
D3_01008,G_02566,other,E5x_pooled,0,0.9884798852927975,1,,,,
D3_01009,G_02567,other,E5x_pooled,0,0.8116342780607465,1,,,,
D3_01010,G_02567,other,E5x_pooled,0,0.9697986195101395,1,,,,
D3_01011,G_02567,other,E5x_pooled,0,0.969675815968163,1,,,,
D3_01012,G_02570,other,E5x_pooled,0,0.6915456419734228,0,,,,
D3_01013,G_02567,other,E5x_pooled,0,0.8099095131696957,1,,,,
D3_01014,G_02572,other,E5x_pooled,0,0.8219733929636066,1,,,,
D3_01015,G_02573,other,E5x_pooled,0,0.929098027566144,1,,,,
D3_01016,G_02574,other,E5x_pooled,0,0.8080934129548376,1,,,,
D3_01017,G_02575,other,E5x_pooled,0,0.8670519465553668,1,,,,
D3_01019,G_02576,other,E5x_pooled,0,0.9830665062823817,1,,,,
D3_01020,G_02577,other,E5x_pooled,0,0.9871393177820179,1,,,,
D3_01022,G_02578,other,E5x_pooled,0,0.9497423626843416,1,,,,
D3_01023,G_02579,other,E5x_pooled,0,0.9795696941694292,1,,,,
D3_01024,G_02580,other,E5x_pooled,0,0.971006752475262,1,,,,
D3_01025,G_02581,other,E5x_pooled,0,0.9507191708595084,1,,,,
D3_01026,G_02582,other,E5x_pooled,0,0.9192515863021491,1,,,,
D3_01027,G_02583,other,E5x_pooled,0,0.9874889474276262,1,,,,
D3_01028,G_02584,other,E5x_pooled,0,0.8048687835090406,1,,,,
D3_01029,G_02585,other,E5x_pooled,0,0.991315612461083,1,,,,
D3_01030,G_02586,other,E5x_pooled,0,0.9830665062823817,1,,,,
D3_01031,G_02576,other,E5x_pooled,0,0.9722140020273108,1,,,,
D3_01032,G_02588,other,E5x_pooled,0,0.9503709680076688,1,,,,
D3_01033,G_02589,other,E5x_pooled,0,0.7036337468646447,0,,,,
D3_01034,G_02588,other,E5x_pooled,0,0.9474628166644208,1,,,,
D3_01036,G_02586,other,E5x_pooled,0,0.9719203937675509,1,,,,
D3_01038,G_02592,other,E5x_pooled,0,0.9811167514098552,1,,,,
D3_01039,G_02593,other,E5x_pooled,0,0.7664493069383136,1,,,,
D3_01040,G_02594,other,E5x_pooled,0,0.663288418186402,0,,,,
D3_01041,G_02595,other,E5x_pooled,0,0.7816684174581798,1,,,,
D3_01042,G_02596,other,E5x_pooled,0,0.9236999685490285,1,,,,
D3_01043,G_02596,other,E5x_pooled,0,0.9640990832072267,1,,,,
D3_01044,G_02598,other,E5x_pooled,0,0.38565438191321155,0,,,,
D3_01045,G_02599,other,E5x_pooled,0,0.9078019840766585,1,,,,
D3_01046,G_02600,other,E5x_pooled,0,0.9553288980157018,1,,,,
D3_01047,G_02601,other,E5x_pooled,0,0.9413252909327262,1,,,,
D3_01048,G_02602,other,E5x_pooled,0,0.8990979866031872,1,,,,
D3_01049,G_02603,en,E5x_pooled,0,0.9372269881085508,1,,,,
D3_01050,G_02604,en,E5x_pooled,0,0.9704008589223729,1,,,,
D3_01051,G_03338,en,E5x_pooled,0,0.9534907970899273,1,,,,
D3_01052,G_02606,en,E5x_pooled,0,0.969729187145341,1,,,,
D3_01053,G_02607,en,E5x_pooled,0,0.9790767708175911,1,,,,
D3_01054,G_02608,en,E5x_pooled,0,0.9872925712280008,1,,,,
D3_01055,G_04271,en,E5x_pooled,0,0.9705066821895958,1,,,,
D3_01056,G_02610,en,E5x_pooled,0,0.9816627065596727,1,,,,
D3_01057,G_02611,en,E5x_pooled,0,0.9929034629140607,1,,,,
D3_01058,G_02612,en,E5x_pooled,0,0.9828644523904527,1,,,,
D3_01059,G_02613,en,E5x_pooled,0,0.9142794688007847,1,,,,
D3_01060,G_02614,en,E5x_pooled,0,0.9569216784678913,1,,,,
D3_01061,G_02615,en,E5x_pooled,0,0.9817067740978439,1,,,,
D3_01062,G_02616,en,E5x_pooled,0,0.997675196487952,1,,,,
D3_01063,G_02617,en,E5x_pooled,0,0.9900471341793107,1,,,,
D3_01064,G_04699,en,E5x_pooled,0,0.9653840658131263,1,,,,
D3_01065,G_02619,en,E5x_pooled,0,0.978507309616126,1,,,,
D3_01066,G_02620,en,E5x_pooled,0,0.9922653143237417,1,,,,
D3_01067,G_02621,en,E5x_pooled,0,0.9782978397691966,1,,,,
D3_01068,G_02622,en,E5x_pooled,0,0.9923829072322337,1,,,,
D3_01069,G_02623,en,E5x_pooled,0,0.90578587063344,1,,,,
D3_01070,G_02624,en,E5x_pooled,0,0.9575302984818747,1,,,,
D3_01071,G_02625,en,E5x_pooled,0,0.9680066892800477,1,,,,
D3_01072,G_02626,en,E5x_pooled,0,0.9506390231982211,1,,,,
D3_01073,G_02627,en,E5x_pooled,0,0.5857452491375517,0,,,,
D3_01074,G_02628,en,E5x_pooled,0,0.9763873742691358,1,,,,
D3_01075,G_02603,en,E5x_pooled,0,0.9384979838253623,1,,,,
D3_01076,G_02604,en,E5x_pooled,0,0.9710171536210239,1,,,,
D3_01077,G_03338,en,E5x_pooled,0,0.9529860520901583,1,,,,
D3_01078,G_02614,en,E5x_pooled,0,0.9569216784678913,1,,,,
D3_01079,G_02613,en,E5x_pooled,0,0.9120901087130028,1,,,,
D3_01080,G_02615,en,E5x_pooled,0,0.9819726039505609,1,,,,
D3_01081,G_02635,en,E5x_pooled,0,0.8351962918640649,1,,,,
D3_01082,G_03338,en,E5x_pooled,0,0.9347626889297102,1,,,,
D3_01083,G_02637,en,E5x_pooled,0,0.7583937078013825,1,,,,
D3_01084,G_02613,en,E5x_pooled,0,0.9088213963708028,1,,,,
D3_01085,G_02639,en,E5x_pooled,0,0.9612607991549668,1,,,,
D3_01086,G_02640,en,E5x_pooled,0,0.9768810526591967,1,,,,
D3_01087,G_02641,en,E5x_pooled,0,0.9578951526791836,1,,,,
D3_01088,G_03338,en,E5x_pooled,0,0.9623948941036656,1,,,,
D3_01089,G_02643,en,E5x_pooled,0,0.9786045531134151,1,,,,
D3_01090,G_02644,en,E5x_pooled,0,0.9428297335271549,1,,,,
D3_01091,G_02614,en,E5x_pooled,0,0.9600299838689409,1,,,,
D3_01092,G_02615,en,E5x_pooled,0,0.9863426691459984,1,,,,
D3_01093,G_02647,en,E5x_pooled,0,0.8358223617663354,1,,,,
D3_01094,G_02648,en,E5x_pooled,0,0.9593980057243645,1,,,,
D3_01095,G_03338,en,E5x_pooled,0,0.9488167042164111,1,,,,
D3_01096,G_02650,en,E5x_pooled,0,0.8511487886770943,1,,,,
D3_01097,G_02651,en,E5x_pooled,0,0.9729174379670483,1,,,,
D3_01098,G_02652,en,E5x_pooled,0,0.9704047432087698,1,,,,
D3_01099,G_02653,en,E5x_pooled,0,0.9205091931563921,1,,,,
D3_01100,G_02654,en,E5x_pooled,0,0.7834600556890514,1,,,,
D3_01101,G_02655,en,E5x_pooled,0,0.9484425338311357,1,,,,
D3_01102,G_02656,en,E5x_pooled,0,0.9211861162425222,1,,,,
D3_01103,G_02657,en,E5x_pooled,0,0.8334718875402803,1,,,,
D3_01104,G_02658,en,E5x_pooled,0,0.971363151017589,1,,,,
D3_01105,G_02659,other,E5x_pooled,0,0.9868136330873971,1,,,,
D3_01106,G_02660,other,E5x_pooled,0,0.9886293284614032,1,,,,
D3_01107,G_02660,other,E5x_pooled,0,0.9967867484649857,1,,,,
D3_01108,G_02660,other,E5x_pooled,0,0.9974626695349923,1,,,,
D3_01109,G_02660,other,E5x_pooled,0,0.9870148642843277,1,,,,
D3_01110,G_02664,other,E5x_pooled,0,0.9703328894311899,1,,,,
D3_01111,G_02660,other,E5x_pooled,0,0.9973360533711653,1,,,,
D3_01112,G_02666,other,E5x_pooled,0,0.975364400811929,1,,,,
D3_01113,G_02666,other,E5x_pooled,0,0.9930279152416007,1,,,,
D3_01114,G_02668,other,E5x_pooled,0,0.9946632454860066,1,,,,
D3_01115,G_02669,other,E5x_pooled,0,0.9874436225896998,1,,,,
D3_01116,G_02670,other,E5x_pooled,0,0.9490550889400592,1,,,,
D3_01117,G_02669,other,E5x_pooled,0,0.9860727008757436,1,,,,
D3_01118,G_02672,other,E5x_pooled,0,0.9707482652504059,1,,,,
D3_01119,G_02669,other,E5x_pooled,0,0.957795159084954,1,,,,
D3_01120,G_02674,other,E5x_pooled,0,0.9773553235755655,1,,,,
D3_01121,G_02675,other,E5x_pooled,0,0.9722688589492577,1,,,,
D3_01122,G_02670,other,E5x_pooled,0,0.9533911373180441,1,,,,
D3_01123,G_02677,other,E5x_pooled,0,0.9832094947954951,1,,,,
D3_01124,G_02678,other,E5x_pooled,0,0.9622945720739101,1,,,,
D3_01125,G_02679,other,E5x_pooled,0,0.9927563273176616,1,,,,
D3_01126,G_02680,other,E5x_pooled,0,0.914724393253465,1,,,,
D3_01127,G_02681,other,E5x_pooled,0,0.7846645938166654,1,,,,
D3_01128,G_02682,other,E5x_pooled,0,0.8436914705973453,1,,,,
D3_01129,G_02683,other,E5x_pooled,0,0.8187924571120544,1,,,,
D3_01130,G_02684,other,E5x_pooled,0,0.8707551134623811,1,,,,
D3_01131,G_02685,other,E5x_pooled,0,0.9277624398564405,1,,,,
D3_01132,G_02686,other,E5x_pooled,0,0.8161166448378298,1,,,,
D3_01133,G_02687,other,E5x_pooled,0,0.9868108038475668,1,,,,
D3_01134,G_02688,other,E5x_pooled,0,0.9498406842206821,1,,,,
D3_01135,G_02689,other,E5x_pooled,0,0.959968970393813,1,,,,
D3_01136,G_02690,other,E5x_pooled,0,0.8845479264988991,1,,,,
D3_01137,G_02691,other,E5x_pooled,0,0.8985578169873493,1,,,,
D3_01138,G_02692,other,E5x_pooled,0,0.99735540768179,1,,,,
D3_01139,G_02693,other,E5x_pooled,0,0.8209457436833255,1,,,,
D3_01140,G_02694,other,E5x_pooled,0,0.9671068001874984,1,,,,
D3_01141,G_02695,other,E5x_pooled,0,0.9954848638825631,1,,,,
D3_01142,G_02696,other,E5x_pooled,0,0.9386412749933686,1,,,,
D3_01143,G_02697,other,E5x_pooled,0,0.9552908043556565,1,,,,
D3_01144,G_02698,other,E5x_pooled,0,0.9676377411629488,1,,,,
D3_01145,G_02699,other,E5x_pooled,0,0.9846096436241428,1,,,,
D3_01146,G_02700,other,E5x_pooled,0,0.9937224240442263,1,,,,
D3_01147,G_02701,other,E5x_pooled,0,0.996538733174932,1,,,,
D3_01148,G_02702,other,E5x_pooled,0,0.9644070278860449,1,,,,
D3_01149,G_02703,other,E5x_pooled,0,0.9886702241727005,1,,,,
D3_01150,G_02704,other,E5x_pooled,0,0.99312572521327,1,,,,
D3_01151,G_02705,other,E5x_pooled,0,0.9893115184750482,1,,,,
D3_01152,G_02706,other,E5x_pooled,0,0.9943806133434974,1,,,,
D3_01153,G_02707,other,E5x_pooled,0,0.9834606696170916,1,,,,
D3_01154,G_02702,other,E5x_pooled,0,0.9776252485674063,1,,,,
D3_01155,G_02709,other,E5x_pooled,0,0.9468966203721221,1,,,,
D3_01156,G_02710,other,E5x_pooled,0,0.9507004359652199,1,,,,
D3_01157,G_02711,other,E5x_pooled,0,0.9960002742080825,1,,,,
D3_01158,G_02712,other,E5x_pooled,0,0.9181906126247279,1,,,,
D3_01159,G_02713,other,E5x_pooled,0,0.9760811458571942,1,,,,
D3_01160,G_02714,other,E5x_pooled,0,0.9974977351312075,1,,,,
D3_01161,G_02715,other,E5x_pooled,0,0.7093269275349507,1,,,,
D3_01162,G_02716,other,E5x_pooled,0,0.9421927134012995,1,,,,
D3_01163,G_02717,other,E5x_pooled,0,0.7091880991275482,1,,,,
D3_01164,G_02718,other,E5x_pooled,0,0.8391377766657422,1,,,,
D3_01165,G_02752,en,E5x_pooled,0,0.7872315302952599,1,,,,
D3_01166,G_02827,en,E5x_pooled,0,0.8662991757182165,1,,,,
D3_01167,G_02721,en,E5x_pooled,0,0.8238334069755037,1,,,,
D3_01168,G_02825,en,E5x_pooled,0,0.9821822138323941,1,,,,
D3_01169,G_03382,en,E5x_pooled,0,0.8981877932937812,1,,,,
D3_01170,G_03384,en,E5x_pooled,0,0.9525920820138436,1,,,,
D3_01171,G_02725,en,E5x_pooled,0,0.6335510580331595,0,,,,
D3_01172,G_02726,en,E5x_pooled,0,0.5295348329552889,0,,,,
D3_01173,G_03387,en,E5x_pooled,0,0.9016081282793339,1,,,,
D3_01174,G_03915,en,E5x_pooled,0,0.9709460582193918,1,,,,
D3_01175,G_02760,en,E5x_pooled,0,0.8909021510152909,1,,,,
D3_01176,G_02730,en,E5x_pooled,0,0.9806582925321021,1,,,,
D3_01177,G_02731,en,E5x_pooled,0,0.6681470780654898,0,,,,
D3_01178,G_02732,en,E5x_pooled,0,0.9802221709352752,1,,,,
D3_01179,G_02733,en,E5x_pooled,0,0.6648486080658118,0,,,,
D3_01180,G_02734,en,E5x_pooled,0,0.9961203174199227,1,,,,
D3_01181,G_02735,en,E5x_pooled,0,0.9607375274123836,1,,,,
D3_01182,G_02736,en,E5x_pooled,0,0.9863292450079911,1,,,,
D3_01183,G_02737,en,E5x_pooled,0,0.977567267573951,1,,,,
D3_01184,G_02738,en,E5x_pooled,0,0.9367756024122631,1,,,,
D3_01185,G_02739,en,E5x_pooled,0,0.7264706376819848,1,,,,
D3_01186,G_02740,en,E5x_pooled,0,0.8725729155283103,1,,,,
D3_01187,G_02741,en,E5x_pooled,0,0.652035089869941,0,,,,
D3_01188,G_02742,en,E5x_pooled,0,0.8093118129407357,1,,,,
D3_01189,G_02743,en,E5x_pooled,0,0.9550109398949452,1,,,,
D3_01190,G_02744,en,E5x_pooled,0,0.8789790504594955,1,,,,
D3_01191,G_02745,en,E5x_pooled,0,0.7872315302952599,1,,,,
D3_01192,G_02746,en,E5x_pooled,0,0.8234631818154735,1,,,,
D3_01193,G_02747,en,E5x_pooled,0,0.8614917977661528,1,,,,
D3_01194,G_02760,en,E5x_pooled,0,0.8905735843704498,1,,,,
D3_01195,G_02749,en,E5x_pooled,0,0.9800792358885261,1,,,,
D3_01196,G_02731,en,E5x_pooled,0,0.6678963120266178,0,,,,
D3_01197,G_02751,en,E5x_pooled,0,0.7328704400016396,1,,,,
D3_01198,G_02752,en,E5x_pooled,0,0.7958754727363776,1,,,,
D3_01199,G_02753,en,E5x_pooled,0,0.7335622482724252,1,,,,
D3_01200,G_02730,en,E5x_pooled,0,0.9881453743896217,1,,,,
D3_01201,G_02755,en,E5x_pooled,0,0.9381379437446966,1,,,,
D3_01202,G_02756,en,E5x_pooled,0,0.6137910226642381,0,,,,
D3_01203,G_02757,en,E5x_pooled,0,0.8688278443560037,1,,,,
D3_01204,G_02758,en,E5x_pooled,0,0.8368245131784705,1,,,,
D3_01205,G_02759,en,E5x_pooled,0,0.7758461061690057,1,,,,
D3_01206,G_02760,en,E5x_pooled,0,0.9336943659604534,1,,,,
D3_01207,G_02761,en,E5x_pooled,0,0.9679706057770278,1,,,,
D3_01208,G_02762,en,E5x_pooled,0,0.7128778313942802,1,,,,
D3_01209,G_02763,en,E5x_pooled,0,0.8219409208689041,1,,,,
D3_01210,G_02752,en,E5x_pooled,0,0.6865896957929221,0,,,,
D3_01211,G_02765,en,E5x_pooled,0,0.8524937141640471,1,,,,
D3_01212,G_02730,en,E5x_pooled,0,0.9787342793397459,1,,,,
D3_01213,G_02760,en,E5x_pooled,0,0.9321035376308064,1,,,,
D3_01214,G_02731,en,E5x_pooled,0,0.6877405038417965,0,,,,
D3_01215,G_02769,en,E5x_pooled,0,0.8742681266909359,1,,,,
D3_01216,G_02770,en,E5x_pooled,0,0.275317765380643,0,,,,
D3_01217,G_02771,en,E5x_pooled,0,0.572161343749537,0,,,,
D3_01218,G_02772,en,E5x_pooled,0,0.7568056818748767,1,,,,
D3_01219,G_02731,en,E5x_pooled,0,0.6384998927713083,0,,,,
D3_01220,G_02774,en,E5x_pooled,0,0.9849190289578339,1,,,,
D3_01221,G_02775,other,E5x_pooled,0,0.9736503236332833,1,,,,
D3_01222,G_02776,other,E5x_pooled,0,0.9976990811078184,1,,,,
D3_01223,G_02777,other,E5x_pooled,0,0.9987882275141908,1,,,,
D3_01224,G_02778,other,E5x_pooled,0,0.7347247863155627,1,,,,
D3_01225,G_02779,other,E5x_pooled,0,0.9842100851077205,1,,,,
D3_01226,G_02780,other,E5x_pooled,0,0.9974279962752847,1,,,,
D3_01227,G_02781,other,E5x_pooled,0,0.9671619770223411,1,,,,
D3_01228,G_02782,other,E5x_pooled,0,0.8416381850806864,1,,,,
D3_01229,G_02783,other,E5x_pooled,0,0.9948444702868654,1,,,,
D3_01230,G_02784,other,E5x_pooled,0,0.693643607571819,0,,,,
D3_01231,G_02785,other,E5x_pooled,0,0.9739272195628565,1,,,,
D3_01233,G_02786,other,E5x_pooled,0,0.9160911204734159,1,,,,
D3_01234,G_02787,other,E5x_pooled,0,0.7413548394044283,1,,,,
D3_01236,G_02788,other,E5x_pooled,0,0.9810376699631758,1,,,,
D3_01237,G_02789,other,E5x_pooled,0,0.9745862191526791,1,,,,
D3_01238,G_02790,other,E5x_pooled,0,0.8354241031780848,1,,,,
D3_01239,G_02791,other,E5x_pooled,0,0.9968304223543722,1,,,,
D3_01240,G_02792,other,E5x_pooled,0,0.7994631828045287,1,,,,
D3_01241,G_02793,other,E5x_pooled,0,0.9807883235670561,1,,,,
D3_01242,G_02780,other,E5x_pooled,0,0.9974279962752847,1,,,,
D3_01243,G_02795,other,E5x_pooled,0,0.9829897056762802,1,,,,
D3_01244,G_02778,other,E5x_pooled,0,0.7347247863155627,1,,,,
D3_01246,G_02797,other,E5x_pooled,0,0.7299724086585098,1,,,,
D3_01247,G_02789,other,E5x_pooled,0,0.9745862191526791,1,,,,
D3_01249,G_02799,other,E5x_pooled,0,0.9857175840237831,1,,,,
D3_01251,G_02800,other,E5x_pooled,0,0.9405486680489678,1,,,,
D3_01253,G_02801,other,E5x_pooled,0,0.9857526053619667,1,,,,
D3_01254,G_02802,other,E5x_pooled,0,0.8652446692844787,1,,,,
D3_01256,G_02803,other,E5x_pooled,0,0.9742237771128971,1,,,,
D3_01257,G_02804,other,E5x_pooled,0,0.9923263749623543,1,,,,
D3_01258,G_02805,other,E5x_pooled,0,0.9796275946005211,1,,,,
D3_01259,G_02806,other,E5x_pooled,0,0.9847318248690878,1,,,,
D3_01261,G_02807,other,E5x_pooled,0,0.9776760534358475,1,,,,
D3_01263,G_02808,other,E5x_pooled,0,0.9948444702868654,1,,,,
D3_01264,G_02809,other,E5x_pooled,0,0.9830955537765289,1,,,,
D3_01266,G_02810,other,E5x_pooled,0,0.9795571673557981,1,,,,
D3_01267,G_02811,other,E5x_pooled,0,0.9417686918311621,1,,,,
D3_01269,G_02812,other,E5x_pooled,0,0.993599592140589,1,,,,
D3_01270,G_02813,other,E5x_pooled,0,0.6975155057354493,0,,,,
D3_01273,G_02814,other,E5x_pooled,0,0.9707393587373275,1,,,,
D3_01274,G_02815,other,E5x_pooled,0,0.9818005633592646,1,,,,
D3_01276,G_02816,other,E5x_pooled,0,0.7972244191934746,1,,,,
D3_01277,G_02817,other,E5x_pooled,0,0.9602114768805601,1,,,,
D3_01279,G_02818,other,E5x_pooled,0,0.996113761245107,1,,,,
D3_01301,G_02819,en,E5x_pooled,0,0.9603373888931568,1,,,,
D3_01302,G_02820,en,E5x_pooled,0,0.99517544048476,1,,,,
D3_01303,G_02821,en,E5x_pooled,0,0.6356837271926298,0,,,,
D3_01304,G_02822,en,E5x_pooled,0,0.9396852726621694,1,,,,
D3_01305,G_02823,en,E5x_pooled,0,0.9718918751850362,1,,,,
D3_01306,G_02824,en,E5x_pooled,0,0.33501396199024797,0,,,,
D3_01307,G_02825,en,E5x_pooled,0,0.981782309336068,1,,,,
D3_01308,G_03384,en,E5x_pooled,0,0.9505840806145031,1,,,,
D3_01309,G_02827,en,E5x_pooled,0,0.8609521932379988,1,,,,
D3_01310,G_02730,en,E5x_pooled,0,0.9806124022787004,1,,,,
D3_01311,G_02733,en,E5x_pooled,0,0.6648486080658118,0,,,,
D3_01312,G_02830,en,E5x_pooled,0,0.977567267573951,1,,,,
D3_01313,G_02831,en,E5x_pooled,0,0.7652612063551509,1,,,,
D3_01314,G_02832,en,E5x_pooled,0,0.9714903016807588,1,,,,
D3_01315,G_02833,en,E5x_pooled,0,0.9824474877623434,1,,,,
D3_01316,G_02733,en,E5x_pooled,0,0.6453380230397642,0,,,,
D3_01317,G_02835,en,E5x_pooled,0,0.9836993051796404,1,,,,
D3_01318,G_02737,en,E5x_pooled,0,0.9795580194659672,1,,,,
D3_01319,G_02837,en,E5x_pooled,0,0.9682510899611971,1,,,,
D3_01320,G_02838,en,E5x_pooled,0,0.987664007106117,1,,,,
D3_01322,G_04773,en,E5x_pooled,0,0.9808503256911552,1,,,,
D3_01323,G_02733,en,E5x_pooled,0,0.7816588101600954,1,,,,
D3_01324,G_02761,en,E5x_pooled,0,0.9838488582605065,1,,,,
D3_01325,G_02842,en,E5x_pooled,0,0.7315002411563326,1,,,,
D3_01326,G_02843,en,E5x_pooled,0,0.9556075670651331,1,,,,
D3_01327,G_02844,en,E5x_pooled,0,0.9918051264129438,1,,,,
D3_01328,G_02845,en,E5x_pooled,0,0.603231800369109,0,,,,
D3_01329,G_02846,en,E5x_pooled,0,0.9689719824471916,1,,,,
D3_01330,G_02847,en,E5x_pooled,0,0.9787522740331768,1,,,,
D3_01331,G_02848,en,E5x_pooled,0,0.9113923441995003,1,,,,
D3_01332,G_02849,en,E5x_pooled,0,0.995023746246604,1,,,,
D3_01333,G_02850,en,E5x_pooled,0,0.7298798909883527,1,,,,
D3_01334,G_02851,en,E5x_pooled,0,0.7283101402119933,1,,,,
D3_01335,G_02852,en,E5x_pooled,0,0.9890358252014896,1,,,,
D3_01336,G_02853,en,E5x_pooled,0,0.9845268098141863,1,,,,
D3_01397,G_02854,en,E5x_pooled,0,0.5270742873803508,0,,,,
D3_01398,G_02855,en,E5x_pooled,0,0.9692106317223308,1,,,,
D3_01399,G_03470,en,E5x_pooled,0,0.9910561620506312,1,,,,
D3_01400,G_04786,en,E5x_pooled,0,0.9810017304617228,1,,,,
D3_01401,G_02858,en,E5x_pooled,0,0.7012684053638858,0,,,,
D3_01402,G_02859,en,E5x_pooled,0,0.5150706412797734,0,,,,
D3_01403,G_02860,en,E5x_pooled,0,0.8708799842138897,1,,,,
D3_01404,G_02861,en,E5x_pooled,0,0.9627079269875485,1,,,,
D3_01405,G_02862,en,E5x_pooled,0,0.9862571911294638,1,,,,
D3_01406,G_02863,en,E5x_pooled,0,0.9685764132479517,1,,,,
D3_01407,G_02864,en,E5x_pooled,0,0.9970170978157309,1,,,,
D3_01408,G_02865,en,E5x_pooled,0,0.9857365320420359,1,,,,
D3_01409,G_02866,en,E5x_pooled,0,0.9790556397939186,1,,,,
D3_01410,G_02867,en,E5x_pooled,0,0.9501831816256283,1,,,,
D3_01411,G_02868,en,E5x_pooled,0,0.9979898350363371,1,,,,
D3_01412,G_02869,en,E5x_pooled,0,0.8408688878100936,1,,,,
D3_01413,G_03481,en,E5x_pooled,0,0.8831165467596824,1,,,,
D3_01414,G_02871,en,E5x_pooled,0,0.906788992858808,1,,,,
D3_01415,G_02872,en,E5x_pooled,0,0.9675496437315075,1,,,,
D3_01416,G_02873,en,E5x_pooled,0,0.9894188430869962,1,,,,
D3_01417,G_02874,en,E5x_pooled,0,0.5777091554206054,0,,,,
D3_01418,G_02875,en,E5x_pooled,0,0.9489064138009686,1,,,,
D3_01419,G_02876,en,E5x_pooled,0,0.6489648908789435,0,,,,
D3_01421,G_02877,en,E5x_pooled,0,0.9826778011916879,1,,,,
D3_01422,G_02878,en,E5x_pooled,0,0.9964991358868125,1,,,,
D3_01423,G_02879,en,E5x_pooled,0,0.9655385416878427,1,,,,
D3_01424,G_02880,en,E5x_pooled,0,0.9910561620506312,1,,,,
D3_01425,G_02881,en,E5x_pooled,0,0.9676723270310649,1,,,,
D3_01426,G_02882,en,E5x_pooled,0,0.5270742873803508,0,,,,
D3_01427,G_02883,en,E5x_pooled,0,0.9969886799433897,1,,,,
D3_01428,G_02866,en,E5x_pooled,0,0.9790556397939186,1,,,,
D3_01429,G_02885,en,E5x_pooled,0,0.9857365320420359,1,,,,
D3_01430,G_02886,en,E5x_pooled,0,0.5404546605458036,0,,,,
D3_01431,G_02855,en,E5x_pooled,0,0.9305452629223698,1,,,,
D3_01432,G_02888,en,E5x_pooled,0,0.9123402843819864,1,,,,
D3_01433,G_02889,en,E5x_pooled,0,0.9925313368357002,1,,,,
D3_01434,G_02877,en,E5x_pooled,0,0.9868681823487548,1,,,,
D3_01436,G_02891,en,E5x_pooled,0,0.9893398748801703,1,,,,
D3_01437,G_02892,en,E5x_pooled,0,0.6294229428806625,0,,,,
D3_01438,G_02893,en,E5x_pooled,0,0.9711714473778821,1,,,,
D3_01439,G_02894,en,E5x_pooled,0,0.9971472653310138,1,,,,
D3_01440,G_02895,en,E5x_pooled,0,0.9601743722846198,1,,,,
D3_01441,G_02896,en,E5x_pooled,0,0.9802068417794898,1,,,,
D3_01442,G_02855,en,E5x_pooled,0,0.9734476230009451,1,,,,
D3_01444,G_02898,en,E5x_pooled,0,0.4778219828633816,0,,,,
D3_01445,G_02899,en,E5x_pooled,0,0.983039949219004,1,,,,
D3_01446,G_02900,en,E5x_pooled,0,0.9808773292227979,1,,,,
D3_01447,G_02901,en,E5x_pooled,0,0.9757075889170038,1,,,,
D3_01448,G_02902,en,E5x_pooled,0,0.5172585029532663,0,,,,
D3_01449,G_02903,en,E5x_pooled,0,0.6268412119362896,0,,,,
D3_01450,G_02904,en,E5x_pooled,0,0.8518220218521225,1,,,,
D3_01451,G_02905,en,E5x_pooled,0,0.9962560702289038,1,,,,
D3_01452,G_02906,en,E5x_pooled,0,0.9808981229365611,1,,,,
D3_01453,G_02907,en,E5x_pooled,0,0.7164422477974235,1,,,,
D3_01454,G_02908,other,E5x_pooled,0,0.9533509316735422,1,,,,
D3_01455,G_02909,other,E5x_pooled,0,0.369449248447263,0,,,,
D3_01456,G_02910,other,E5x_pooled,0,0.7373125476595908,1,,,,
D3_01457,G_02911,other,E5x_pooled,0,0.9579187456829319,1,,,,
D3_01458,G_02912,other,E5x_pooled,0,0.19387010043831304,0,,,,
D3_01459,G_02913,other,E5x_pooled,0,0.1262923340769305,0,,,,
D3_01460,G_02914,other,E5x_pooled,0,0.9568673087774784,1,,,,
D3_01461,G_02915,other,E5x_pooled,0,0.958827837846882,1,,,,
D3_01462,G_02916,other,E5x_pooled,0,0.9099608153626879,1,,,,
D3_01463,G_02917,other,E5x_pooled,0,0.9380465574281461,1,,,,
D3_01464,G_02918,other,E5x_pooled,0,0.9930664253191376,1,,,,
D3_01465,G_02919,other,E5x_pooled,0,0.3296461621767023,0,,,,
D3_01466,G_02920,other,E5x_pooled,0,0.7628748963453652,1,,,,
D3_01468,G_02921,other,E5x_pooled,0,0.13370641393176622,0,,,,
D3_01469,G_02922,other,E5x_pooled,0,0.35613419986178735,0,,,,
D3_01470,G_02923,other,E5x_pooled,0,0.9493306370505952,1,,,,
D3_01471,G_02924,other,E5x_pooled,0,0.9685229200690845,1,,,,
D3_01472,G_02925,other,E5x_pooled,0,0.9054731427124989,1,,,,
D3_01473,G_02926,other,E5x_pooled,0,0.9185888289181217,1,,,,
D3_01474,G_02927,other,E5x_pooled,0,0.9429983348956883,1,,,,
D3_01475,G_02928,other,E5x_pooled,0,0.1805903910791986,0,,,,
D3_01476,G_02929,other,E5x_pooled,0,0.6929096305597457,0,,,,
D3_01478,G_02930,other,E5x_pooled,0,0.04565957775081428,0,,,,
D3_01479,G_02931,other,E5x_pooled,0,0.6480502523109125,0,,,,
D3_01480,G_02932,other,E5x_pooled,0,0.9843338854670255,1,,,,
D3_01481,G_02933,other,E5x_pooled,0,0.6700694855987303,0,,,,
D3_01482,G_02934,other,E5x_pooled,0,0.09652421805472869,0,,,,
D3_01483,G_02926,other,E5x_pooled,0,0.8925815982507188,1,,,,
D3_01484,G_02936,other,E5x_pooled,0,0.9950908831221476,1,,,,
D3_01485,G_02937,other,E5x_pooled,0,0.22592415573225832,0,,,,
D3_01487,G_02938,other,E5x_pooled,0,0.9275311453042162,1,,,,
D3_01488,G_02939,other,E5x_pooled,0,0.07151981881889156,0,,,,
D3_01491,G_02940,other,E5x_pooled,0,0.5601518622892341,0,,,,
D3_01493,G_02941,other,E5x_pooled,0,0.8824036120852637,1,,,,
D3_01494,G_02942,other,E5x_pooled,0,0.8171607614050805,1,,,,
D3_01496,G_02943,other,E5x_pooled,0,0.8946129843278771,1,,,,
D3_01497,G_02944,other,E5x_pooled,0,0.9567676981791259,1,,,,
D3_01498,G_02945,other,E5x_pooled,0,0.19891461626419576,0,,,,
D3_01499,G_02946,other,E5x_pooled,0,0.9231077075296288,1,,,,
D3_01500,G_02947,other,E5x_pooled,0,0.7964587241959484,1,,,,
D3_01501,G_02948,other,E5x_pooled,0,0.8626978974134423,1,,,,
D3_01502,G_02949,other,E5x_pooled,0,0.9276148308679294,1,,,,
D3_01503,G_02950,other,E5x_pooled,0,0.9119346507863354,1,,,,
D3_01504,G_02951,other,E5x_pooled,0,0.9907116173603038,1,,,,
D3_01507,G_02952,other,E5x_pooled,0,0.9487468718701741,1,,,,
D3_01508,G_02953,other,E5x_pooled,0,0.19558355548077333,0,,,,
D3_01509,G_02954,other,E5x_pooled,0,0.26491808154636004,0,,,,
D3_01510,G_02955,other,E5x_pooled,0,0.9610414220194421,1,,,,
D3_01511,G_02956,other,E5x_pooled,0,0.9286349812585093,1,,,,
D3_01512,G_02957,other,E5x_pooled,0,0.32162530655308147,0,,,,
D3_01513,G_02958,other,E5x_pooled,0,0.8314662899503503,1,,,,
D3_01514,G_02959,en,E5x_pooled,0,0.19817531655932738,0,,,,
D3_01515,G_01671,en,E5x_pooled,0,0.3991672851636047,0,,,,
D3_01516,G_01664,en,E5x_pooled,0,0.6547388552729063,0,,,,
D3_01517,G_01669,en,E5x_pooled,0,0.8922714264508774,1,,,,
D3_01518,G_01663,en,E5x_pooled,0,0.8118413889369741,1,,,,
D3_01519,G_01667,en,E5x_pooled,0,0.8955270626292453,1,,,,
D3_01520,G_01668,en,E5x_pooled,0,0.9128165616120705,1,,,,
D3_01521,G_01662,en,E5x_pooled,0,0.406038844708878,0,,,,
D3_01522,G_01666,en,E5x_pooled,0,0.31387371866431946,0,,,,
D3_01523,G_02968,en,E5x_pooled,0,0.5180675132992424,0,,,,
D3_01524,G_01691,en,E5x_pooled,0,0.7990238960401451,1,,,,
D3_01525,G_01698,en,E5x_pooled,0,0.7627947757554424,1,,,,
D3_01526,G_02971,en,E5x_pooled,0,0.890807042576939,1,,,,
D3_01527,G_01677,en,E5x_pooled,0,0.5847926028793293,0,,,,
D3_01528,G_01678,en,E5x_pooled,0,0.5965862523137954,0,,,,
D3_01529,G_01705,en,E5x_pooled,0,0.7840239454360883,1,,,,
D3_01530,G_01679,en,E5x_pooled,0,0.7547018426197839,1,,,,
D3_01531,G_01680,en,E5x_pooled,0,0.9068925222460588,1,,,,
D3_01532,G_02977,en,E5x_pooled,0,0.7072270272621699,1,,,,
D3_01533,G_01676,en,E5x_pooled,0,0.8861405501924051,1,,,,
D3_01534,G_02979,en,E5x_pooled,0,0.18434016304059558,0,,,,
D3_01535,G_02980,en,E5x_pooled,0,0.6899338303267271,0,,,,
D3_01536,G_02981,en,E5x_pooled,0,0.1921683781885899,0,,,,
D3_01537,G_02982,en,E5x_pooled,0,0.8903174323314889,1,,,,
D3_01538,G_02983,en,E5x_pooled,0,0.8220180563181673,1,,,,
D3_01539,G_02984,en,E5x_pooled,0,0.8007737879705948,1,,,,
D3_01540,G_02959,en,E5x_pooled,0,0.20078492885923646,0,,,,
D3_01541,G_01671,en,E5x_pooled,0,0.40214739489031087,0,,,,
D3_01542,G_01664,en,E5x_pooled,0,0.6548174905543133,0,,,,
D3_01543,G_01698,en,E5x_pooled,0,0.7637723908341262,1,,,,
D3_01544,G_02971,en,E5x_pooled,0,0.8860222540147845,1,,,,
D3_01545,G_01691,en,E5x_pooled,0,0.7973678131374831,1,,,,
D3_01546,G_02959,en,E5x_pooled,0,0.19731367868360633,0,,,,
D3_01547,G_01671,en,E5x_pooled,0,0.3947325333084773,0,,,,
D3_01548,G_02993,en,E5x_pooled,0,0.722292055804474,1,,,,
D3_01549,G_02994,en,E5x_pooled,0,0.5939248444856371,0,,,,
D3_01550,G_02995,en,E5x_pooled,0,0.7646973987449135,1,,,,
D3_01551,G_02971,en,E5x_pooled,0,0.8635167213713134,1,,,,
D3_01552,G_02997,en,E5x_pooled,0,0.2787756605278481,0,,,,
D3_01553,G_01671,en,E5x_pooled,0,0.47692922406930205,0,,,,
D3_01554,G_02999,en,E5x_pooled,0,0.7420900020112943,1,,,,
D3_01555,G_01691,en,E5x_pooled,0,0.8551188496644933,1,,,,
D3_01556,G_01698,en,E5x_pooled,0,0.7907694555145047,1,,,,
D3_01557,G_03002,en,E5x_pooled,0,0.9260145808162592,1,,,,
D3_01558,G_03003,en,E5x_pooled,0,0.2007408551941629,0,,,,
D3_01559,G_03004,en,E5x_pooled,0,0.3705932477334204,0,,,,
D3_01560,G_03005,en,E5x_pooled,0,0.5400249353930375,0,,,,
D3_01561,G_03006,en,E5x_pooled,0,0.5726686484200691,0,,,,
D3_01562,G_03007,en,E5x_pooled,0,0.8873790443983435,1,,,,
D3_01563,G_03008,en,E5x_pooled,0,0.8992599598042209,1,,,,
D3_01564,G_03009,en,E5x_pooled,0,0.3659034376348149,0,,,,
D3_01565,G_03010,en,E5x_pooled,0,0.5228312558135473,0,,,,
D3_01566,G_03011,en,E5x_pooled,0,0.4257235841858806,0,,,,
D3_01567,G_03012,en,E5x_pooled,0,0.7877188081159603,1,,,,
D3_01568,G_03013,en,E5x_pooled,0,0.44820849910499794,0,,,,
D3_01569,G_03014,en,E5x_pooled,0,0.5418669684965379,0,,,,
D3_01630,G_01803,en,E5x_pooled,0,0.9638152474836322,1,,,,
D3_01631,G_01784,en,E5x_pooled,0,0.37917427473032045,0,,,,
D3_01632,G_03017,en,E5x_pooled,0,0.7667180614577889,1,,,,
D3_01633,G_01816,en,E5x_pooled,0,0.7763246956119437,1,,,,
D3_01634,G_01780,en,E5x_pooled,0,0.6430176599212313,0,,,,
D3_01635,G_03579,en,E5x_pooled,0,0.8598624992640245,1,,,,
D3_01636,G_01785,en,E5x_pooled,0,0.9014329157694149,1,,,,
D3_01637,G_01802,en,E5x_pooled,0,0.9536675464383723,1,,,,
D3_01638,G_03023,en,E5x_pooled,0,0.7287811920071429,1,,,,
D3_01639,G_01783,en,E5x_pooled,0,0.5272868462232532,0,,,,
D3_01640,G_01811,en,E5x_pooled,0,0.9469237999167966,1,,,,
D3_01641,G_01789,en,E5x_pooled,0,0.846601435077651,1,,,,
D3_01642,G_03045,en,E5x_pooled,0,0.8614498026333933,1,,,,
D3_01643,G_01818,en,E5x_pooled,0,0.7794214756865023,1,,,,
D3_01644,G_03029,en,E5x_pooled,0,0.9303131517980426,1,,,,
D3_01645,G_01793,en,E5x_pooled,0,0.8988714189249334,1,,,,
D3_01646,G_01790,en,E5x_pooled,0,0.9881004297762926,1,,,,
D3_01647,G_01819,en,E5x_pooled,0,0.9738841194524014,1,,,,
D3_01648,G_01794,en,E5x_pooled,0,0.7816654306690093,1,,,,
D3_01649,G_01795,en,E5x_pooled,0,0.8166506400927349,1,,,,
D3_01650,G_03035,en,E5x_pooled,0,0.9528749335910105,1,,,,
D3_01651,G_03036,en,E5x_pooled,0,0.7027484330728894,0,,,,
D3_01652,G_03037,en,E5x_pooled,0,0.8284374120470264,1,,,,
D3_01653,G_03038,en,E5x_pooled,0,0.9150424386442323,1,,,,
D3_01654,G_03039,en,E5x_pooled,0,0.9160148760224269,1,,,,
D3_01655,G_03040,en,E5x_pooled,0,0.8243747682533862,1,,,,
D3_01656,G_01794,en,E5x_pooled,0,0.7816654306690093,1,,,,
D3_01657,G_01784,en,E5x_pooled,0,0.37917427473032045,0,,,,
D3_01658,G_03017,en,E5x_pooled,0,0.7667180614577889,1,,,,
D3_01659,G_01811,en,E5x_pooled,0,0.9469237999167966,1,,,,
D3_01660,G_03045,en,E5x_pooled,0,0.8614498026333933,1,,,,
D3_01661,G_01789,en,E5x_pooled,0,0.846601435077651,1,,,,
D3_01662,G_03047,en,E5x_pooled,0,0.9684684895465953,1,,,,
D3_01663,G_03048,en,E5x_pooled,0,0.6115806848802141,0,,,,
D3_01664,G_03049,en,E5x_pooled,0,0.4665910578340417,0,,,,
D3_01665,G_03050,en,E5x_pooled,0,0.9390449330756002,1,,,,
D3_01666,G_03045,en,E5x_pooled,0,0.868375303681056,1,,,,
D3_01667,G_01789,en,E5x_pooled,0,0.8476926336288221,1,,,,
D3_01668,G_03053,en,E5x_pooled,0,0.5614066697547042,0,,,,
D3_01669,G_01815,en,E5x_pooled,0,0.9648891949406644,1,,,,
D3_01670,G_03055,en,E5x_pooled,0,0.8374920667838168,1,,,,
D3_01671,G_01811,en,E5x_pooled,0,0.9437986513789229,1,,,,
D3_01672,G_03057,en,E5x_pooled,0,0.8878429369573637,1,,,,
D3_01673,G_03058,en,E5x_pooled,0,0.8529845946212495,1,,,,
D3_01674,G_01784,en,E5x_pooled,0,0.3820446109710625,0,,,,
D3_01675,G_03060,en,E5x_pooled,0,0.9471149560082315,1,,,,
D3_01676,G_03061,en,E5x_pooled,0,0.5652474631355092,0,,,,
D3_01677,G_03062,en,E5x_pooled,0,0.726309586451314,1,,,,
D3_01678,G_03063,en,E5x_pooled,0,0.5765775277930426,0,,,,
D3_01679,G_03064,en,E5x_pooled,0,0.7080494170131887,1,,,,
D3_01680,G_03065,en,E5x_pooled,0,0.7139441934516751,1,,,,
D3_01681,G_03066,en,E5x_pooled,0,0.43654750233774237,0,,,,
D3_01682,G_03067,en,E5x_pooled,0,0.46615947209379355,0,,,,
D3_01683,G_03068,en,E5x_pooled,0,0.8465795562525903,1,,,,
D3_01684,G_03069,en,E5x_pooled,0,0.9518412619667915,1,,,,
D3_01685,G_03070,en,E5x_pooled,0,0.7688962021795014,1,,,,
D3_01766,G_03071,en,E5x_pooled,0,0.5845575316080347,0,,,,
D3_01767,G_03072,en,E5x_pooled,0,0.6753673099330818,0,,,,
D3_01768,G_03073,en,E5x_pooled,0,0.7873367807382171,1,,,,
D3_01769,G_03074,en,E5x_pooled,0,0.9341353249760719,1,,,,
D3_01770,G_03075,en,E5x_pooled,0,0.5969886949056764,0,,,,
D3_01771,G_03076,en,E5x_pooled,0,0.9262298468118014,1,,,,
D3_01772,G_03601,en,E5x_pooled,0,0.49673104230331916,0,,,,
D3_01773,G_01892,en,E5x_pooled,0,0.8328747963466463,1,,,,
D3_01774,G_01898,en,E5x_pooled,0,0.8650925220870267,1,,,,
D3_01775,G_01909,en,E5x_pooled,0,0.9400462574033411,1,,,,
D3_01776,G_01903,en,E5x_pooled,0,0.8922733610696836,1,,,,
D3_01777,G_01931,en,E5x_pooled,0,0.9327774834361392,1,,,,
D3_01778,G_03601,en,E5x_pooled,0,0.7795725048310927,1,,,,
D3_01779,G_01892,en,E5x_pooled,0,0.8486693691780819,1,,,,
D3_01780,G_01898,en,E5x_pooled,0,0.6911711086776499,0,,,,
D3_01781,G_03086,en,E5x_pooled,0,0.9278273047882535,1,,,,
D3_01782,G_03087,en,E5x_pooled,0,0.8264686105796034,1,,,,
D3_01783,G_03088,en,E5x_pooled,0,0.9379029706131331,1,,,,
D3_01784,G_03089,en,E5x_pooled,0,0.6515345539477967,0,,,,
D3_01785,G_01892,en,E5x_pooled,0,0.7959278528931224,1,,,,
D3_01786,G_01898,en,E5x_pooled,0,0.8872863952296075,1,,,,
D3_01787,G_01903,en,E5x_pooled,0,0.9066491687213626,1,,,,
D3_01788,G_01909,en,E5x_pooled,0,0.9471884456556215,1,,,,
D3_01789,G_01931,en,E5x_pooled,0,0.9404709705735231,1,,,,
D3_01790,G_03095,en,E5x_pooled,0,0.5272099944879787,0,,,,
D3_01791,G_03096,en,E5x_pooled,0,0.8512462436071648,1,,,,
D3_01792,G_03097,en,E5x_pooled,0,0.8996121147766346,1,,,,
D3_01793,G_03098,en,E5x_pooled,0,0.7652982162234563,1,,,,
D3_01794,G_03099,en,E5x_pooled,0,0.8204681048485741,1,,,,
D3_01795,G_03100,en,E5x_pooled,0,0.7979115111489177,1,,,,
D3_01796,G_03101,en,E5x_pooled,0,0.5467309846091292,0,,,,
D3_01797,G_03102,en,E5x_pooled,0,0.8279966752930668,1,,,,
D3_01798,G_03103,en,E5x_pooled,0,0.6767563180143741,0,,,,
D3_01799,G_03104,en,E5x_pooled,0,0.928322584335765,1,,,,
D3_01800,G_03105,en,E5x_pooled,0,0.7133879895078866,1,,,,
D3_01801,G_03106,en,E5x_pooled,0,0.934492999219788,1,,,,
D3_01882,G_03107,en,E5x_pooled,0,0.9766504153144034,1,,,,
D3_01883,G_03108,en,E5x_pooled,0,0.9737409072011864,1,,,,
D3_01884,G_03109,en,E5x_pooled,0,0.9519670308027205,1,,,,
D3_01885,G_03110,en,E5x_pooled,0,0.9713723786326215,1,,,,
D3_01886,G_03111,en,E5x_pooled,0,0.9274117455476468,1,,,,
D3_01887,G_03112,en,E5x_pooled,0,0.9792300774600733,1,,,,
D3_01888,G_02011,en,E5x_pooled,0,0.9830434042079089,1,,,,
D3_01889,G_02009,en,E5x_pooled,0,0.9615356611099355,1,,,,
D3_01890,G_02032,en,E5x_pooled,0,0.9413888228496585,1,,,,
D3_01891,G_03116,en,E5x_pooled,0,0.9790461540093601,1,,,,
D3_01892,G_02019,en,E5x_pooled,0,0.9663642337105697,1,,,,
D3_01893,G_02016,en,E5x_pooled,0,0.9896725901784753,1,,,,
D3_01894,G_02009,en,E5x_pooled,0,0.9636231283509552,1,,,,
D3_01895,G_03120,en,E5x_pooled,0,0.8912841053469481,1,,,,
D3_01896,G_03121,en,E5x_pooled,0,0.8076392061221956,1,,,,
D3_01897,G_03122,en,E5x_pooled,0,0.9780395894771798,1,,,,
D3_01898,G_03123,en,E5x_pooled,0,0.9841839503494482,1,,,,
D3_01899,G_03124,en,E5x_pooled,0,0.9578280421676952,1,,,,
D3_01900,G_02009,en,E5x_pooled,0,0.968811474180149,1,,,,
D3_01901,G_03126,en,E5x_pooled,0,0.9857328115155906,1,,,,
D3_01902,G_02043,en,E5x_pooled,0,0.9552443328731272,1,,,,
D3_01903,G_02016,en,E5x_pooled,0,0.9806476262917074,1,,,,
D3_01904,G_02019,en,E5x_pooled,0,0.9680994137412876,1,,,,
D3_01905,G_03116,en,E5x_pooled,0,0.9680752680135807,1,,,,
D3_01906,G_03131,en,E5x_pooled,0,0.9255933957172768,1,,,,
D3_01907,G_03132,en,E5x_pooled,0,0.9709409771528229,1,,,,
D3_01908,G_03133,en,E5x_pooled,0,0.9185068202408538,1,,,,
D3_01909,G_03134,en,E5x_pooled,0,0.9078716927559297,1,,,,
D3_01910,G_03135,en,E5x_pooled,0,0.9470130633771657,1,,,,
D3_01911,G_02016,en,E5x_pooled,0,0.9895044402348487,1,,,,
D3_01912,G_03137,en,E5x_pooled,0,0.6115592761203584,0,,,,
D3_01913,G_03138,en,E5x_pooled,0,0.9074888337839482,1,,,,
D3_01914,G_03139,en,E5x_pooled,0,0.7785470620474656,1,,,,
D3_01915,G_03140,en,E5x_pooled,0,0.5788988811293513,0,,,,
D3_01916,G_03141,en,E5x_pooled,0,0.7814617078871291,1,,,,
D3_01917,G_03142,en,E5x_pooled,0,0.8472844774367927,1,,,,
D3_01999,G_03143,en,E5x_pooled,0,0.6269291441552041,0,,,,
D3_02000,G_03144,en,E5x_pooled,0,0.8923043033158075,1,,,,
D3_02001,G_03145,en,E5x_pooled,0,0.08372285817356925,0,,,,
D3_02002,G_03146,en,E5x_pooled,0,0.5735231644323429,0,,,,
D3_02003,G_03147,en,E5x_pooled,0,0.7630376472871615,1,,,,
D3_02004,G_03148,en,E5x_pooled,0,0.9845559074792342,1,,,,
D3_02005,G_02119,en,E5x_pooled,0,0.6800357802976785,0,,,,
D3_02006,G_03150,en,E5x_pooled,0,0.9289663708976711,1,,,,
D3_02007,G_02154,en,E5x_pooled,0,0.2614623353207093,0,,,,
D3_02009,G_04542,en,E5x_pooled,0,0.9491136776213874,1,,,,
D3_02010,G_03168,en,E5x_pooled,0,0.9641992363312312,1,,,,
D3_02011,G_03154,en,E5x_pooled,0,0.6057569167887127,0,,,,
D3_02012,G_03155,en,E5x_pooled,0,0.8262782359370581,1,,,,
D3_02014,G_02150,en,E5x_pooled,0,0.9266840250253111,1,,,,
D3_02015,G_04542,en,E5x_pooled,0,0.954110790021621,1,,,,
D3_02017,G_02119,en,E5x_pooled,0,0.7997010633013218,1,,,,
D3_02018,G_03159,en,E5x_pooled,0,0.9403902327790753,1,,,,
D3_02020,G_03160,en,E5x_pooled,0,0.9664299621330696,1,,,,
D3_02021,G_03161,en,E5x_pooled,0,0.9680420064318533,1,,,,
D3_02022,G_03168,en,E5x_pooled,0,0.9472950323512891,1,,,,
D3_02023,G_03163,en,E5x_pooled,0,0.6257886499568366,0,,,,
D3_02024,G_03164,en,E5x_pooled,0,0.9731858749524486,1,,,,
D3_02025,G_02154,en,E5x_pooled,0,0.28447304036757,0,,,,
D3_02026,G_03166,en,E5x_pooled,0,0.9468665730290073,1,,,,
D3_02027,G_03167,en,E5x_pooled,0,0.974621317783966,1,,,,
D3_02028,G_03168,en,E5x_pooled,0,0.9605379115053153,1,,,,
D3_02029,G_03169,en,E5x_pooled,0,0.4738986339615286,0,,,,
D3_02030,G_03170,en,E5x_pooled,0,0.7825480363046632,1,,,,
D3_02031,G_03171,en,E5x_pooled,0,0.4791796009711986,0,,,,
D3_02032,G_03172,en,E5x_pooled,0,0.953630540893182,1,,,,
D3_02033,G_03173,en,E5x_pooled,0,0.9413730475309027,1,,,,
D3_02034,G_03168,en,E5x_pooled,0,0.9761042898120601,1,,,,
D3_02106,G_03281,en,E5x_pooled,0,0.9807691875770577,1,,,,
D3_02107,G_02252,en,E5x_pooled,0,0.8889249971409312,1,,,,
D3_02108,G_04642,en,E5x_pooled,0,0.789080052833309,1,,,,
D3_02109,G_03178,en,E5x_pooled,0,0.8875535999339357,1,,,,
D3_02110,G_02278,en,E5x_pooled,0,0.8072199638941914,1,,,,
D3_02111,G_03717,en,E5x_pooled,0,0.9451603705965529,1,,,,
D3_02112,G_02468,en,E5x_pooled,0,0.8931850313428109,1,,,,
D3_02113,G_02249,en,E5x_pooled,0,0.7781584504816714,1,,,,
D3_02114,G_03183,en,E5x_pooled,0,0.9309115446572379,1,,,,
D3_02115,G_02277,en,E5x_pooled,0,0.9885097632276754,1,,,,
D3_02116,G_03185,en,E5x_pooled,0,0.944815327921646,1,,,,
D3_02117,G_03186,en,E5x_pooled,0,0.646596074010825,0,,,,
D3_02118,G_03187,en,E5x_pooled,0,0.8789375932865667,1,,,,
D3_02119,G_03188,en,E5x_pooled,0,0.9905618254595518,1,,,,
D3_02120,G_03189,en,E5x_pooled,0,0.5360139523451044,0,,,,
D3_02121,G_03190,en,E5x_pooled,0,0.7172596787355778,1,,,,
D3_02123,G_02239,en,E5x_pooled,0,0.7977624912698771,1,,,,
D3_02124,G_02243,en,E5x_pooled,0,0.7526309120594433,1,,,,
D3_02125,G_03281,en,E5x_pooled,0,0.9810571783498079,1,,,,
D3_02126,G_02252,en,E5x_pooled,0,0.8889249971409312,1,,,,
D3_02127,G_04642,en,E5x_pooled,0,0.7927631385762544,1,,,,
D3_02128,G_03196,en,E5x_pooled,0,0.5874776142527325,0,,,,
D3_02129,G_02238,en,E5x_pooled,0,0.8953336838651519,1,,,,
D3_02130,G_02243,en,E5x_pooled,0,0.6426714003183884,0,,,,
D3_02131,G_03281,en,E5x_pooled,0,0.9785683867754233,1,,,,
D3_02133,G_02252,en,E5x_pooled,0,0.8234979252714731,1,,,,
D3_02134,G_03201,en,E5x_pooled,0,0.8531696271106181,1,,,,
D3_02135,G_03202,en,E5x_pooled,0,0.9666677104574931,1,,,,
D3_02136,G_02243,en,E5x_pooled,0,0.7787470197236372,1,,,,
D3_02137,G_03281,en,E5x_pooled,0,0.9837122533418371,1,,,,
D3_02138,G_04642,en,E5x_pooled,0,0.8210372270042616,1,,,,
D3_02139,G_02252,en,E5x_pooled,0,0.8885731432851554,1,,,,
D3_02140,G_03207,en,E5x_pooled,0,0.7833433097842125,1,,,,
D3_02141,G_02238,en,E5x_pooled,0,0.964099487099831,1,,,,
D3_02142,G_03209,en,E5x_pooled,0,0.7795478933429125,1,,,,
D3_02143,G_03210,en,E5x_pooled,0,0.9417572696384623,1,,,,
D3_02144,G_03211,en,E5x_pooled,0,0.8905101200925971,1,,,,
D3_02145,G_03212,en,E5x_pooled,0,0.9272638783064195,1,,,,
D3_02146,G_03213,en,E5x_pooled,0,0.4461512027245649,0,,,,
D3_02147,G_03214,en,E5x_pooled,0,0.5975960807377361,0,,,,
D3_02148,G_03215,en,E5x_pooled,0,0.5264093457700292,0,,,,
D3_02149,G_03216,en,E5x_pooled,0,0.7983578507168425,1,,,,
D3_02150,G_03217,en,E5x_pooled,0,0.7913424488740699,1,,,,
D3_02151,G_03218,en,E5x_pooled,0,0.7140239064172406,1,,,,
D3_02212,G_03219,en,E5x_pooled,0,0.7049609621336688,0,,,,
D3_02213,G_02355,en,E5x_pooled,0,0.613074673956076,0,,,,
D3_02214,G_02354,en,E5x_pooled,0,0.7533985863163319,1,,,,
D3_02215,G_02353,en,E5x_pooled,0,0.8782983515064555,1,,,,
D3_02217,G_04180,en,E5x_pooled,0,0.8123935338523713,1,,,,
D3_02218,G_02358,en,E5x_pooled,0,0.930253067234463,1,,,,
D3_02219,G_02372,en,E5x_pooled,0,0.8871880864119598,1,,,,
D3_02220,G_02357,en,E5x_pooled,0,0.909719809313148,1,,,,
D3_02222,G_02390,en,E5x_pooled,0,0.8791878152285962,1,,,,
D3_02223,G_03228,en,E5x_pooled,0,0.9343760516373055,1,,,,
D3_02224,G_02367,en,E5x_pooled,0,0.5989273880464907,0,,,,
D3_02225,G_03230,en,E5x_pooled,0,0.9804780639881207,1,,,,
D3_02226,G_02364,en,E5x_pooled,0,0.9804182190274338,1,,,,
D3_02227,G_02363,en,E5x_pooled,0,0.7705778468222366,1,,,,
D3_02228,G_02366,en,E5x_pooled,0,0.7613086407504055,1,,,,
D3_02229,G_02360,en,E5x_pooled,0,0.21907497394977685,0,,,,
D3_02230,G_02368,en,E5x_pooled,0,0.7986497147008116,1,,,,
D3_02231,G_02369,en,E5x_pooled,0,0.9384530619591014,1,,,,
D3_02232,G_03237,en,E5x_pooled,0,0.5522315532311644,0,,,,
D3_02233,G_03238,en,E5x_pooled,0,0.3772633103613315,0,,,,
D3_02234,G_03239,en,E5x_pooled,0,0.4809200181296362,0,,,,
D3_02235,G_03240,en,E5x_pooled,0,0.653213837562901,0,,,,
D3_02236,G_03241,en,E5x_pooled,0,0.567196002718741,0,,,,
D3_02237,G_03242,en,E5x_pooled,0,0.6980554083386918,0,,,,
D3_02238,G_03219,en,E5x_pooled,0,0.6790951585819972,0,,,,
D3_02239,G_02355,en,E5x_pooled,0,0.6129415345196766,0,,,,
D3_02240,G_02354,en,E5x_pooled,0,0.7288978370160244,1,,,,
D3_02241,G_02390,en,E5x_pooled,0,0.8791878152285962,1,,,,
D3_02242,G_02367,en,E5x_pooled,0,0.5989273880464907,0,,,,
D3_02243,G_03228,en,E5x_pooled,0,0.9409952804737055,1,,,,
D3_02244,G_03249,en,E5x_pooled,0,0.6295289710722566,0,,,,
D3_02245,G_03250,en,E5x_pooled,0,0.6521530415314503,0,,,,
D3_02247,G_03251,en,E5x_pooled,0,0.6836554874298965,0,,,,
D3_02248,G_03252,en,E5x_pooled,0,0.8229192628070118,1,,,,
D3_02249,G_03253,en,E5x_pooled,0,0.6037686717182336,0,,,,
D3_02250,G_03254,en,E5x_pooled,0,0.759038996144093,1,,,,
D3_02251,G_03255,en,E5x_pooled,0,0.7494003515745934,1,,,,
D3_02252,G_02354,en,E5x_pooled,0,0.7622025840956672,1,,,,
D3_02253,G_03257,en,E5x_pooled,0,0.9489244113556253,1,,,,
D3_02254,G_02390,en,E5x_pooled,0,0.9231283334219497,1,,,,
D3_02255,G_03259,en,E5x_pooled,0,0.7230252460340115,1,,,,
D3_02256,G_03260,en,E5x_pooled,0,0.5325396772142758,0,,,,
D3_02257,G_03261,en,E5x_pooled,0,0.6804097128859433,0,,,,
D3_02258,G_03262,en,E5x_pooled,0,0.7780324025308428,1,,,,
D3_02259,G_03263,en,E5x_pooled,0,0.8655755544471657,1,,,,
D3_02260,G_03264,en,E5x_pooled,0,0.6509941173642265,0,,,,
D3_02261,G_03265,en,E5x_pooled,0,0.6725114495631227,0,,,,
D3_02262,G_03266,en,E5x_pooled,0,0.44835490358325597,0,,,,
D3_02263,G_03267,en,E5x_pooled,0,0.8393397428655646,1,,,,
D3_02264,G_03268,en,E5x_pooled,0,0.6580385213428103,0,,,,
D3_02265,G_03269,en,E5x_pooled,0,0.2641657266148903,0,,,,
D3_02266,G_03270,en,E5x_pooled,0,0.6809842099478095,0,,,,
D3_02267,G_03271,en,E5x_pooled,0,0.5488064339247879,0,,,,
D3_02349,G_03272,en,E5x_pooled,0,0.2779399259074773,0,,,,
D3_02350,G_03273,en,E5x_pooled,0,0.8628235377986903,1,,,,
D3_02351,G_03274,en,E5x_pooled,0,0.7681884977694241,1,,,,
D3_02352,G_03275,en,E5x_pooled,0,0.9582704540832105,1,,,,
D3_02353,G_03276,en,E5x_pooled,0,0.7449637429061888,1,,,,
D3_02354,G_03277,en,E5x_pooled,0,0.7140521608438654,1,,,,
D3_02355,G_02239,en,E5x_pooled,0,0.792593003825765,1,,,,
D3_02356,G_03279,en,E5x_pooled,0,0.95880633534946,1,,,,
D3_02357,G_02245,en,E5x_pooled,0,0.8779302362760705,1,,,,
D3_02358,G_03281,en,E5x_pooled,0,0.9807691875770577,1,,,,
D3_02359,G_03178,en,E5x_pooled,0,0.8875535999339357,1,,,,
D3_02360,G_04642,en,E5x_pooled,0,0.786531896559637,1,,,,
D3_02361,G_03284,en,E5x_pooled,0,0.7231461241094715,1,,,,
D3_02362,G_03285,en,E5x_pooled,0,0.6413089083713261,0,,,,
D3_02363,G_02238,en,E5x_pooled,0,0.9529565175777336,1,,,,
D3_02364,G_03287,en,E5x_pooled,0,0.9610629383017811,1,,,,
D3_02365,G_03178,en,E5x_pooled,0,0.9189322095441224,1,,,,
D3_02368,G_03289,en,E5x_pooled,0,0.900435325785895,1,,,,
D3_02371,G_03178,en,E5x_pooled,0,0.8715823887174924,1,,,,
D3_02372,G_04642,en,E5x_pooled,0,0.8515544590632633,1,,,,
D3_02373,G_03292,en,E5x_pooled,0,0.8843746830192727,1,,,,
D3_02374,G_03293,en,E5x_pooled,0,0.6648573209476434,0,,,,
D3_02376,G_03281,en,E5x_pooled,0,0.9737850708548837,1,,,,
D3_02377,G_03295,en,E5x_pooled,0,0.9322217406339245,1,,,,
D3_02378,G_03296,en,E5x_pooled,0,0.8054876483675498,1,,,,
D3_02379,G_03297,en,E5x_pooled,0,0.3963959534724122,0,,,,
D3_02381,G_02245,en,E5x_pooled,0,0.8680873339941595,1,,,,
D3_02382,G_03299,en,E5x_pooled,0,0.9631683651861606,1,,,,
D3_02383,G_03178,en,E5x_pooled,0,0.8503735022336432,1,,,,
D3_02384,G_03301,en,E5x_pooled,0,0.7070129160251489,1,,,,
D3_02465,G_03302,en,E5x_pooled,0,0.9765264000177167,1,,,,
D3_02466,G_03303,en,E5x_pooled,0,0.9101931168302481,1,,,,
D3_02467,G_03304,en,E5x_pooled,0,0.6676529790787811,0,,,,
D3_02468,G_03305,en,E5x_pooled,0,0.9243199069463647,1,,,,
D3_02469,G_03306,en,E5x_pooled,0,0.9397429262878894,1,,,,
D3_02470,G_03307,en,E5x_pooled,0,0.949507836756839,1,,,,
D3_02471,G_02521,en,E5x_pooled,0,0.9949198183212103,1,,,,
D3_02472,G_02519,en,E5x_pooled,0,0.9853707123100188,1,,,,
D3_02473,G_03310,en,E5x_pooled,0,0.8706975483103512,1,,,,
D3_02474,G_02504,en,E5x_pooled,0,0.9638643836813637,1,,,,
D3_02475,G_02511,en,E5x_pooled,0,0.9516722993676977,1,,,,
D3_02476,G_02512,en,E5x_pooled,0,0.9768885647993523,1,,,,
D3_02477,G_02521,en,E5x_pooled,0,0.9924812762943901,1,,,,
D3_02478,G_02519,en,E5x_pooled,0,0.9749089962088514,1,,,,
D3_02479,G_03316,en,E5x_pooled,0,0.7918226772524667,1,,,,
D3_02481,G_02504,en,E5x_pooled,0,0.8813463836439838,1,,,,
D3_02482,G_02512,en,E5x_pooled,0,0.9483947466199725,1,,,,
D3_02483,G_03319,en,E5x_pooled,0,0.9952017113592401,1,,,,
D3_02484,G_02519,en,E5x_pooled,0,0.9868883218251258,1,,,,
D3_02485,G_03321,en,E5x_pooled,0,0.8973518322532017,1,,,,
D3_02487,G_03322,en,E5x_pooled,0,0.9687892635467282,1,,,,
D3_02488,G_03323,en,E5x_pooled,0,0.9812331473938218,1,,,,
D3_02489,G_03324,en,E5x_pooled,0,0.6946740480929029,0,,,,
D3_02490,G_03325,en,E5x_pooled,0,0.8423627424569423,1,,,,
D3_02491,G_03326,en,E5x_pooled,0,0.7054545839228357,0,,,,
D3_02492,G_03327,en,E5x_pooled,0,0.9689591188168949,1,,,,
D3_02493,G_03328,en,E5x_pooled,0,0.8998572566905391,1,,,,
D3_02494,G_02512,en,E5x_pooled,0,0.9850282017047615,1,,,,
D3_02495,G_03330,en,E5x_pooled,0,0.5156453372640942,0,,,,
D3_02496,G_03331,en,E5x_pooled,0,0.8136791136445721,1,,,,
D3_02497,G_03332,en,E5x_pooled,0,0.6572805137753577,0,,,,
D3_02498,G_03333,en,E5x_pooled,0,0.9549931053212779,1,,,,
D3_02499,G_03334,en,E5x_pooled,0,0.9412176638659953,1,,,,
D3_02500,G_03335,en,E5x_pooled,0,0.9874555951594735,1,,,,
D3_02561,G_03336,en,E5x_pooled,0,0.963886384595048,1,,,,
D3_02562,G_03337,en,E5x_pooled,0,0.92058021761794,1,,,,
D3_02563,G_03338,en,E5x_pooled,0,0.9639026023546826,1,,,,
D3_02564,G_03339,en,E5x_pooled,0,0.9608502788019361,1,,,,
D3_02565,G_03340,en,E5x_pooled,0,0.9943897574084374,1,,,,
D3_02569,G_02610,en,E5x_pooled,0,0.9748105581306538,1,,,,
D3_02570,G_03342,en,E5x_pooled,0,0.9743676793877672,1,,,,
D3_02581,G_03343,en,E5x_pooled,0,0.9318390876196684,1,,,,
D3_02582,G_03344,en,E5x_pooled,0,0.9499720592998344,1,,,,
D3_02583,G_03345,en,E5x_pooled,0,0.9719030912070021,1,,,,
D3_02584,G_03346,en,E5x_pooled,0,0.9953397384143392,1,,,,
D3_02585,G_03347,en,E5x_pooled,0,0.8868022157528583,1,,,,
D3_02586,G_03348,en,E5x_pooled,0,0.9736513878364452,1,,,,
D3_02587,G_03336,en,E5x_pooled,0,0.9630685687165271,1,,,,
D3_02588,G_03337,en,E5x_pooled,0,0.9198353312070426,1,,,,
D3_02589,G_03338,en,E5x_pooled,0,0.9634803689234517,1,,,,
D3_02590,G_02616,en,E5x_pooled,0,0.9976675821704901,1,,,,
D3_02591,G_02620,en,E5x_pooled,0,0.9921966380879346,1,,,,
D3_02592,G_02617,en,E5x_pooled,0,0.9900471341793107,1,,,,
D3_02593,G_03355,en,E5x_pooled,0,0.9268354869975424,1,,,,
D3_02594,G_03356,en,E5x_pooled,0,0.9494044517799978,1,,,,
D3_02595,G_03357,en,E5x_pooled,0,0.793340054733367,1,,,,
D3_02596,G_03358,en,E5x_pooled,0,0.9825173969523248,1,,,,
D3_02597,G_03359,en,E5x_pooled,0,0.9891842000315921,1,,,,
D3_02598,G_03360,en,E5x_pooled,0,0.9419686222501583,1,,,,
D3_02599,G_03361,en,E5x_pooled,0,0.9556780262657597,1,,,,
D3_02600,G_03362,en,E5x_pooled,0,0.9169553793371715,1,,,,
D3_02601,G_03338,en,E5x_pooled,0,0.9704210612918194,1,,,,
D3_02602,G_02616,en,E5x_pooled,0,0.9978567069567864,1,,,,
D3_02603,G_02620,en,E5x_pooled,0,0.9931806264930136,1,,,,
D3_02604,G_03366,en,E5x_pooled,0,0.9914039307082231,1,,,,
D3_02605,G_03367,en,E5x_pooled,0,0.9261315094686994,1,,,,
D3_02606,G_03368,en,E5x_pooled,0,0.9667463706045556,1,,,,
D3_02607,G_03369,en,E5x_pooled,0,0.8963537921919745,1,,,,
D3_02608,G_03370,en,E5x_pooled,0,0.9825169431476597,1,,,,
D3_02609,G_03371,en,E5x_pooled,0,0.9755308066158661,1,,,,
D3_02610,G_03372,en,E5x_pooled,0,0.9696366871625123,1,,,,
D3_02611,G_03373,en,E5x_pooled,0,0.744459525967168,1,,,,
D3_02612,G_03374,en,E5x_pooled,0,0.8794832673114584,1,,,,
D3_02613,G_03375,en,E5x_pooled,0,0.7316156787689411,1,,,,
D3_02614,G_03376,en,E5x_pooled,0,0.9696890801463242,1,,,,
D3_02615,G_03377,en,E5x_pooled,0,0.9158738150928293,1,,,,
D3_02616,G_03378,en,E5x_pooled,0,0.8289892224838565,1,,,,
D3_02677,G_02726,en,E5x_pooled,0,0.5803223345957881,0,,,,
D3_02678,G_03915,en,E5x_pooled,0,0.9722334462465474,1,,,,
D3_02679,G_02752,en,E5x_pooled,0,0.7872315302952599,1,,,,
D3_02680,G_03382,en,E5x_pooled,0,0.9146362772727021,1,,,,
D3_02681,G_02725,en,E5x_pooled,0,0.6335510580331595,0,,,,
D3_02682,G_03384,en,E5x_pooled,0,0.9525920820138436,1,,,,
D3_02683,G_02825,en,E5x_pooled,0,0.9821822138323941,1,,,,
D3_02684,G_02721,en,E5x_pooled,0,0.8238334069755037,1,,,,
D3_02685,G_03387,en,E5x_pooled,0,0.9028734486320967,1,,,,
D3_02686,G_02827,en,E5x_pooled,0,0.8662991757182165,1,,,,
D3_02687,G_02738,en,E5x_pooled,0,0.9367756024122631,1,,,,
D3_02688,G_02731,en,E5x_pooled,0,0.6681470780654898,0,,,,
D3_02689,G_02733,en,E5x_pooled,0,0.6648486080658118,0,,,,
D3_02690,G_02735,en,E5x_pooled,0,0.9607375274123836,1,,,,
D3_02691,G_02732,en,E5x_pooled,0,0.9802221709352752,1,,,,
D3_02692,G_02760,en,E5x_pooled,0,0.8909021510152909,1,,,,
D3_02693,G_02730,en,E5x_pooled,0,0.9806582925321021,1,,,,
D3_02694,G_02737,en,E5x_pooled,0,0.977567267573951,1,,,,
D3_02695,G_02734,en,E5x_pooled,0,0.9961203174199227,1,,,,
D3_02696,G_02736,en,E5x_pooled,0,0.9863292450079911,1,,,,
D3_02697,G_03399,en,E5x_pooled,0,0.5031864581227925,0,,,,
D3_02698,G_03400,en,E5x_pooled,0,0.9647294544179735,1,,,,
D3_02699,G_03401,en,E5x_pooled,0,0.3792987944066228,0,,,,
D3_02700,G_03402,en,E5x_pooled,0,0.9379374272717962,1,,,,
D3_02701,G_03403,en,E5x_pooled,0,0.47424646860823844,0,,,,
D3_02702,G_03404,en,E5x_pooled,0,0.6896458413222577,0,,,,
D3_02703,G_02726,en,E5x_pooled,0,0.529581010754607,0,,,,
D3_02704,G_03915,en,E5x_pooled,0,0.9713415974207313,1,,,,
D3_02705,G_03407,en,E5x_pooled,0,0.787026160726636,1,,,,
D3_02706,G_02738,en,E5x_pooled,0,0.9332546002522909,1,,,,
D3_02707,G_02731,en,E5x_pooled,0,0.6681470780654898,0,,,,
D3_02708,G_02733,en,E5x_pooled,0,0.6739154332804799,0,,,,
D3_02709,G_03411,en,E5x_pooled,0,0.9735870361798766,1,,,,
D3_02710,G_03412,en,E5x_pooled,0,0.5391058768910791,0,,,,
D3_02711,G_03413,en,E5x_pooled,0,0.7373369308780484,1,,,,
D3_02712,G_03414,en,E5x_pooled,0,0.8512243880635185,1,,,,
D3_02713,G_03415,en,E5x_pooled,0,0.6497903043976122,0,,,,
D3_02714,G_02733,en,E5x_pooled,0,0.6858264647019889,0,,,,
D3_02715,G_03417,en,E5x_pooled,0,0.975878761028325,1,,,,
D3_02716,G_03418,en,E5x_pooled,0,0.698808268950387,0,,,,
D3_02717,G_02757,en,E5x_pooled,0,0.8688278443560037,1,,,,
D3_02718,G_03420,en,E5x_pooled,0,0.9205684090590375,1,,,,
D3_02719,G_02762,en,E5x_pooled,0,0.7128778313942802,1,,,,
D3_02720,G_02733,en,E5x_pooled,0,0.7816588101600954,1,,,,
D3_02721,G_03423,en,E5x_pooled,0,0.9600284042488139,1,,,,
D3_02722,G_03424,en,E5x_pooled,0,0.39250481715301017,0,,,,
D3_02723,G_03425,en,E5x_pooled,0,0.8716321061421272,1,,,,
D3_02724,G_03426,en,E5x_pooled,0,0.9272608421757011,1,,,,
D3_02725,G_03427,en,E5x_pooled,0,0.7975705605215151,1,,,,
D3_02726,G_03428,en,E5x_pooled,0,0.6043380048046548,0,,,,
D3_02727,G_03429,en,E5x_pooled,0,0.8845699591025612,1,,,,
D3_02728,G_03430,en,E5x_pooled,0,0.7465211945995964,1,,,,
D3_02729,G_03431,en,E5x_pooled,0,0.3967612317186652,0,,,,
D3_02730,G_03432,en,E5x_pooled,0,0.9324681005815383,1,,,,
D3_02731,G_03433,en,E5x_pooled,0,0.6070384396468035,0,,,,
D3_02732,G_03434,en,E5x_pooled,0,0.8370627819378809,1,,,,
D3_02813,G_03435,en,E5x_pooled,0,0.9015027891531099,1,,,,
D3_02814,G_03436,en,E5x_pooled,0,0.8297814988544684,1,,,,
D3_02815,G_03437,en,E5x_pooled,0,0.9563708053404282,1,,,,
D3_02816,G_03438,en,E5x_pooled,0,0.7055524698035786,0,,,,
D3_02817,G_03439,en,E5x_pooled,0,0.8906222857382307,1,,,,
D3_02818,G_03440,en,E5x_pooled,0,0.9269681920640566,1,,,,
D3_02819,G_03441,en,E5x_pooled,0,0.9821035243894515,1,,,,
D3_02820,G_03384,en,E5x_pooled,0,0.9505840806145031,1,,,,
D3_02821,G_03382,en,E5x_pooled,0,0.8966043105695903,1,,,,
D3_02822,G_03444,en,E5x_pooled,0,0.9959766756900085,1,,,,
D3_02823,G_02760,en,E5x_pooled,0,0.8887189202358593,1,,,,
D3_02824,G_03446,en,E5x_pooled,0,0.9371748895211521,1,,,,
D3_02825,G_02825,en,E5x_pooled,0,0.9937535901700871,1,,,,
D3_02827,G_03382,en,E5x_pooled,0,0.9517782140137514,1,,,,
D3_02828,G_03449,en,E5x_pooled,0,0.8676890906789457,1,,,,
D3_02829,G_03450,en,E5x_pooled,0,0.9916338723791489,1,,,,
D3_02830,G_03451,en,E5x_pooled,0,0.8334005658150236,1,,,,
D3_02831,G_03452,en,E5x_pooled,0,0.9848280560707068,1,,,,
D3_02832,G_02837,en,E5x_pooled,0,0.9682510899611971,1,,,,
D3_02833,G_03454,en,E5x_pooled,0,0.9334240940696331,1,,,,
D3_02834,G_03455,en,E5x_pooled,0,0.9964327455118566,1,,,,
D3_02835,G_03456,en,E5x_pooled,0,0.9577131339079263,1,,,,
D3_02836,G_02760,en,E5x_pooled,0,0.9336943659604534,1,,,,
D3_02837,G_03458,en,E5x_pooled,0,0.9590708712607695,1,,,,
D3_02838,G_03459,en,E5x_pooled,0,0.9423629663505654,1,,,,
D3_02839,G_03460,en,E5x_pooled,0,0.9565771528231626,1,,,,
D3_02840,G_03461,en,E5x_pooled,0,0.9916593064661876,1,,,,
D3_02841,G_03462,en,E5x_pooled,0,0.9554032275374263,1,,,,
D3_02842,G_03463,en,E5x_pooled,0,0.7602066088181586,1,,,,
D3_02843,G_03464,en,E5x_pooled,0,0.9694621470871331,1,,,,
D3_02844,G_03465,en,E5x_pooled,0,0.9652186180120529,1,,,,
D3_02845,G_03466,en,E5x_pooled,0,0.9465546691514788,1,,,,
D3_02846,G_03467,en,E5x_pooled,0,0.7337834198455957,1,,,,
D3_02847,G_03468,en,E5x_pooled,0,0.878509994226725,1,,,,
D3_02848,G_03469,en,E5x_pooled,0,0.9716700988293396,1,,,,
D3_02909,G_03470,en,E5x_pooled,0,0.9910561620506312,1,,,,
D3_02910,G_02855,en,E5x_pooled,0,0.9692106317223308,1,,,,
D3_02911,G_02861,en,E5x_pooled,0,0.9627079269875485,1,,,,
D3_02912,G_04786,en,E5x_pooled,0,0.9810017304617228,1,,,,
D3_02913,G_02854,en,E5x_pooled,0,0.5270742873803508,0,,,,
D3_02914,G_02860,en,E5x_pooled,0,0.8708799842138897,1,,,,
D3_02915,G_02858,en,E5x_pooled,0,0.7012684053638858,0,,,,
D3_02916,G_02863,en,E5x_pooled,0,0.9685764132479517,1,,,,
D3_02917,G_02859,en,E5x_pooled,0,0.5150706412797734,0,,,,
D3_02918,G_02862,en,E5x_pooled,0,0.9862571911294638,1,,,,
D3_02919,G_02864,en,E5x_pooled,0,0.9970170978157309,1,,,,
D3_02920,G_03481,en,E5x_pooled,0,0.8831165467596824,1,,,,
D3_02921,G_02866,en,E5x_pooled,0,0.9790556397939186,1,,,,
D3_02922,G_02871,en,E5x_pooled,0,0.906788992858808,1,,,,
D3_02923,G_02865,en,E5x_pooled,0,0.9857365320420359,1,,,,
D3_02924,G_02872,en,E5x_pooled,0,0.9675496437315075,1,,,,
D3_02925,G_02873,en,E5x_pooled,0,0.9894188430869962,1,,,,
D3_02926,G_02867,en,E5x_pooled,0,0.9501831816256283,1,,,,
D3_02927,G_02869,en,E5x_pooled,0,0.8408688878100936,1,,,,
D3_02928,G_02868,en,E5x_pooled,0,0.9979898350363371,1,,,,
D3_02929,G_03490,en,E5x_pooled,0,0.9578601974723768,1,,,,
D3_02930,G_03491,en,E5x_pooled,0,0.7369501684349293,1,,,,
D3_02931,G_03492,en,E5x_pooled,0,0.9773819889512806,1,,,,
D3_02932,G_03493,en,E5x_pooled,0,0.9408641445903878,1,,,,
D3_02933,G_03494,en,E5x_pooled,0,0.5188698493339086,0,,,,
D3_02934,G_03495,en,E5x_pooled,0,0.9684268399762164,1,,,,
D3_02935,G_03496,en,E5x_pooled,0,0.9910561620506312,1,,,,
D3_02936,G_03497,en,E5x_pooled,0,0.9627079269875485,1,,,,
D3_02937,G_03498,en,E5x_pooled,0,0.9680702646803632,1,,,,
D3_02938,G_03499,en,E5x_pooled,0,0.8831165467596824,1,,,,
D3_02939,G_02864,en,E5x_pooled,0,0.9969009187450151,1,,,,
D3_02940,G_02866,en,E5x_pooled,0,0.9790556397939186,1,,,,
D3_02941,G_03470,en,E5x_pooled,0,0.966746971249326,1,,,,
D3_02942,G_03503,en,E5x_pooled,0,0.9383299874868484,1,,,,
D3_02943,G_03504,en,E5x_pooled,0,0.9535614826683496,1,,,,
D3_02944,G_03505,en,E5x_pooled,0,0.9953760530057456,1,,,,
D3_02945,G_03506,en,E5x_pooled,0,0.7576080730086772,1,,,,
D3_02946,G_03507,en,E5x_pooled,0,0.8673344329767595,1,,,,
D3_02947,G_03508,en,E5x_pooled,0,0.9918145561332801,1,,,,
D3_02948,G_02893,en,E5x_pooled,0,0.9711714473778821,1,,,,
D3_02949,G_03510,en,E5x_pooled,0,0.8769673265722319,1,,,,
D3_02950,G_03511,en,E5x_pooled,0,0.9895946042808725,1,,,,
D3_02951,G_03512,en,E5x_pooled,0,0.9241820218318477,1,,,,
D3_02952,G_02896,en,E5x_pooled,0,0.9534480125626448,1,,,,
D3_02953,G_03470,en,E5x_pooled,0,0.9803139465813775,1,,,,
D3_02954,G_03515,en,E5x_pooled,0,0.9745735367970662,1,,,,
D3_02955,G_03516,en,E5x_pooled,0,0.8210391840982688,1,,,,
D3_02956,G_03517,en,E5x_pooled,0,0.995965446157108,1,,,,
D3_02957,G_03518,en,E5x_pooled,0,0.7097526671973095,1,,,,
D3_02958,G_03519,en,E5x_pooled,0,0.9609773470276879,1,,,,
D3_02959,G_03520,en,E5x_pooled,0,0.6658568499871347,0,,,,
D3_02960,G_03521,en,E5x_pooled,0,0.9157888346909434,1,,,,
D3_02961,G_03522,en,E5x_pooled,0,0.9686840998793996,1,,,,
D3_02962,G_03523,en,E5x_pooled,0,0.9940459146991363,1,,,,
D3_02963,G_03524,en,E5x_pooled,0,0.7302263451609983,1,,,,
D3_02964,G_03525,en,E5x_pooled,0,0.9592227358060853,1,,,,
D3_03045,G_03526,en,E5x_pooled,0,0.8519529211621332,1,,,,
D3_03046,G_03527,en,E5x_pooled,0,0.7253021748842754,1,,,,
D3_03047,G_03528,en,E5x_pooled,0,0.33705814785991284,0,,,,
D3_03048,G_03529,en,E5x_pooled,0,0.8068673134251797,1,,,,
D3_03049,G_03530,en,E5x_pooled,0,0.9075315503752729,1,,,,
D3_03050,G_03531,en,E5x_pooled,0,0.9420957459290158,1,,,,
D3_03051,G_01667,en,E5x_pooled,0,0.8966469380941376,1,,,,
D3_03052,G_01663,en,E5x_pooled,0,0.811371591846654,1,,,,
D3_03053,G_02968,en,E5x_pooled,0,0.5166725361813721,0,,,,
D3_03054,G_02971,en,E5x_pooled,0,0.89125486972851,1,,,,
D3_03055,G_01679,en,E5x_pooled,0,0.7567472885170445,1,,,,
D3_03056,G_01698,en,E5x_pooled,0,0.7649481733171138,1,,,,
D3_03057,G_03538,en,E5x_pooled,0,0.9183377629622759,1,,,,
D3_03058,G_03539,en,E5x_pooled,0,0.7679168418759195,1,,,,
D3_03059,G_03540,en,E5x_pooled,0,0.5781260199320919,0,,,,
D3_03060,G_03541,en,E5x_pooled,0,0.896115884123096,1,,,,
D3_03061,G_03542,en,E5x_pooled,0,0.826762120595908,1,,,,
D3_03062,G_03543,en,E5x_pooled,0,0.5582814348313405,0,,,,
D3_03063,G_03544,en,E5x_pooled,0,0.9245777379329648,1,,,,
D3_03064,G_01663,en,E5x_pooled,0,0.8614419480500344,1,,,,
D3_03065,G_03546,en,E5x_pooled,0,0.6853328181455961,0,,,,
D3_03066,G_03002,en,E5x_pooled,0,0.9253479370706639,1,,,,
D3_03067,G_03548,en,E5x_pooled,0,0.8168552531772207,1,,,,
D3_03069,G_03549,en,E5x_pooled,0,0.6440567725202286,0,,,,
D3_03070,G_03550,en,E5x_pooled,0,0.7814208618969851,1,,,,
D3_03071,G_03551,en,E5x_pooled,0,0.664770271871879,0,,,,
D3_03072,G_03552,en,E5x_pooled,0,0.9404360239568827,1,,,,
D3_03073,G_03553,en,E5x_pooled,0,0.7605792411426986,1,,,,
D3_03074,G_03554,en,E5x_pooled,0,0.859902425040424,1,,,,
D3_03075,G_03555,en,E5x_pooled,0,0.37699553285339865,0,,,,
D3_03076,G_03556,en,E5x_pooled,0,0.6529955927570726,0,,,,
D3_03077,G_03557,en,E5x_pooled,0,0.24569173328313249,0,,,,
D3_03078,G_03558,en,E5x_pooled,0,0.7351269190867809,1,,,,
D3_03079,G_03559,en,E5x_pooled,0,0.6398900993475751,0,,,,
D3_03080,G_03560,en,E5x_pooled,0,0.9713365048004249,1,,,,
D3_03161,G_03561,en,E5x_pooled,0,0.5209880573950799,0,,,,
D3_03162,G_03562,en,E5x_pooled,0,0.5060864129429179,0,,,,
D3_03163,G_03563,en,E5x_pooled,0,0.6092006523840253,0,,,,
D3_03164,G_03564,en,E5x_pooled,0,0.9531335257020721,1,,,,
D3_03165,G_03565,en,E5x_pooled,0,0.8052145465029421,1,,,,
D3_03166,G_03566,en,E5x_pooled,0,0.7764462638427646,1,,,,
D3_03167,G_03023,en,E5x_pooled,0,0.7331562802600895,1,,,,
D3_03168,G_03579,en,E5x_pooled,0,0.8601011820674966,1,,,,
D3_03169,G_01816,en,E5x_pooled,0,0.7800578627937165,1,,,,
D3_03170,G_01819,en,E5x_pooled,0,0.9739156423018499,1,,,,
D3_03171,G_01794,en,E5x_pooled,0,0.7854322447928056,1,,,,
D3_03172,G_03045,en,E5x_pooled,0,0.8656417861958239,1,,,,
D3_03173,G_03573,en,E5x_pooled,0,0.6752705816301501,0,,,,
D3_03174,G_03574,en,E5x_pooled,0,0.8572418714232031,1,,,,
D3_03175,G_03575,en,E5x_pooled,0,0.5600148518522265,0,,,,
D3_03176,G_03576,en,E5x_pooled,0,0.9458598505296959,1,,,,
D3_03177,G_03577,en,E5x_pooled,0,0.824216762093668,1,,,,
D3_03179,G_03578,en,E5x_pooled,0,0.7700824997959871,1,,,,
D3_03180,G_03579,en,E5x_pooled,0,0.8294560193831185,1,,,,
D3_03181,G_01816,en,E5x_pooled,0,0.7950153963871315,1,,,,
D3_03183,G_03581,en,E5x_pooled,0,0.8151098932203874,1,,,,
D3_03184,G_03058,en,E5x_pooled,0,0.8515919698941941,1,,,,
D3_03185,G_03583,en,E5x_pooled,0,0.7440967952873548,1,,,,
D3_03186,G_03584,en,E5x_pooled,0,0.7089226614866674,1,,,,
D3_03187,G_03585,en,E5x_pooled,0,0.39959548305463644,0,,,,
D3_03188,G_03586,en,E5x_pooled,0,0.9485797408040816,1,,,,
D3_03189,G_03587,en,E5x_pooled,0,0.7517455238786279,1,,,,
D3_03191,G_03588,en,E5x_pooled,0,0.5247204551774722,0,,,,
D3_03192,G_03589,en,E5x_pooled,0,0.6566396269759139,0,,,,
D3_03193,G_03590,en,E5x_pooled,0,0.5394503818523861,0,,,,
D3_03194,G_03591,en,E5x_pooled,0,0.865197096770671,1,,,,
D3_03195,G_03592,en,E5x_pooled,0,0.8650009612658476,1,,,,
D3_03277,G_03593,en,E5x_pooled,0,0.614037325749038,0,,,,
D3_03278,G_01897,en,E5x_pooled,0,0.9652881976495004,1,,,,
D3_03279,G_03595,en,E5x_pooled,0,0.5313851162845482,0,,,,
D3_03280,G_03596,en,E5x_pooled,0,0.6211091625556889,0,,,,
D3_03281,G_03597,en,E5x_pooled,0,0.7268979755770496,1,,,,
D3_03282,G_03598,en,E5x_pooled,0,0.872133220960811,1,,,,
D3_03283,G_03599,en,E5x_pooled,0,0.8576023971177563,1,,,,
D3_03284,G_01897,en,E5x_pooled,0,0.9371316591278606,1,,,,
D3_03285,G_03601,en,E5x_pooled,0,0.5007867514301045,0,,,,
D3_03286,G_01907,en,E5x_pooled,0,0.9179247838058496,1,,,,
D3_03287,G_03603,en,E5x_pooled,0,0.8875100792353375,1,,,,
D3_03288,G_01906,en,E5x_pooled,0,0.8543198657931482,1,,,,
D3_03289,G_03605,en,E5x_pooled,0,0.8258147576073034,1,,,,
D3_03290,G_03606,en,E5x_pooled,0,0.9208990712163884,1,,,,
D3_03291,G_03601,en,E5x_pooled,0,0.45634753969264913,0,,,,
D3_03292,G_03608,en,E5x_pooled,0,0.8886227460130086,1,,,,
D3_03294,G_03609,en,E5x_pooled,0,0.9336914899665554,1,,,,
D3_03295,G_01898,en,E5x_pooled,0,0.8446719512153738,1,,,,
D3_03296,G_01897,en,E5x_pooled,0,0.9149085936986499,1,,,,
D3_03297,G_03601,en,E5x_pooled,0,0.6006589374218901,0,,,,
D3_03298,G_01907,en,E5x_pooled,0,0.8717138831260215,1,,,,
D3_03299,G_03603,en,E5x_pooled,0,0.8661131611875662,1,,,,
D3_03300,G_01906,en,E5x_pooled,0,0.8393566826565547,1,,,,
D3_03301,G_03616,en,E5x_pooled,0,0.771537092386151,1,,,,
D3_03302,G_03617,en,E5x_pooled,0,0.8523926051221082,1,,,,
D3_03303,G_03601,en,E5x_pooled,0,0.4509982346822635,0,,,,
D3_03304,G_03619,en,E5x_pooled,0,0.8127051977952601,1,,,,
D3_03305,G_03603,en,E5x_pooled,0,0.9106671501281225,1,,,,
D3_03306,G_03621,en,E5x_pooled,0,0.834461392386136,1,,,,
D3_03307,G_03622,en,E5x_pooled,0,0.709368405116919,1,,,,
D3_03308,G_03623,en,E5x_pooled,0,0.9030324289921782,1,,,,
D3_03309,G_03624,en,E5x_pooled,0,0.21591753459112273,0,,,,
D3_03310,G_03625,en,E5x_pooled,0,0.7720737945783962,1,,,,
D3_03311,G_03626,en,E5x_pooled,0,0.922399775491568,1,,,,
D3_03312,G_03627,en,E5x_pooled,0,0.7546499029578014,1,,,,
D3_03393,G_03628,en,E5x_pooled,0,0.9247842812624221,1,,,,
D3_03394,G_03629,en,E5x_pooled,0,0.9635674839805571,1,,,,
D3_03395,G_03630,en,E5x_pooled,0,0.8921884589910282,1,,,,
D3_03396,G_03631,en,E5x_pooled,0,0.9170615774550636,1,,,,
D3_03397,G_03632,en,E5x_pooled,0,0.9840409227606483,1,,,,
D3_03398,G_03633,en,E5x_pooled,0,0.9760508871429943,1,,,,
D3_03399,G_03634,en,E5x_pooled,0,0.9895426643373236,1,,,,
D3_03400,G_02011,en,E5x_pooled,0,0.9847156248814131,1,,,,
D3_03401,G_02008,en,E5x_pooled,0,0.9444766050419734,1,,,,
D3_03402,G_02018,en,E5x_pooled,0,0.9774504416328421,1,,,,
D3_03403,G_02015,en,E5x_pooled,0,0.9969006746937915,1,,,,
D3_03404,G_03639,en,E5x_pooled,0,0.9964434383231474,1,,,,
D3_03405,G_03640,en,E5x_pooled,0,0.8944636209808531,1,,,,
D3_03406,G_03641,en,E5x_pooled,0,0.9512268319856954,1,,,,
D3_03407,G_03642,en,E5x_pooled,0,0.7688902746671372,1,,,,
D3_03408,G_03643,en,E5x_pooled,0,0.9508283189195568,1,,,,
D3_03409,G_03644,en,E5x_pooled,0,0.9906582252436013,1,,,,
D3_03410,G_03645,en,E5x_pooled,0,0.9950920265637904,1,,,,
D3_03411,G_03634,en,E5x_pooled,0,0.9820887848948304,1,,,,
D3_03413,G_03647,en,E5x_pooled,0,0.9425356514495401,1,,,,
D3_03414,G_02018,en,E5x_pooled,0,0.9665636254778979,1,,,,
D3_03416,G_03639,en,E5x_pooled,0,0.9928371321572919,1,,,,
D3_03417,G_03650,en,E5x_pooled,0,0.9245767707992926,1,,,,
D3_03418,G_03651,en,E5x_pooled,0,0.9869046302217817,1,,,,
D3_03419,G_03652,en,E5x_pooled,0,0.9495785677005391,1,,,,
D3_03420,G_03653,en,E5x_pooled,0,0.8749752377820493,1,,,,
D3_03421,G_03654,en,E5x_pooled,0,0.9964249023852723,1,,,,
D3_03422,G_03655,en,E5x_pooled,0,0.9931325500191874,1,,,,
D3_03423,G_03656,en,E5x_pooled,0,0.9023605106500112,1,,,,
D3_03424,G_03657,en,E5x_pooled,0,0.7725978723491237,1,,,,
D3_03425,G_03658,en,E5x_pooled,0,0.6907868521051372,0,,,,
D3_03426,G_03659,en,E5x_pooled,0,0.9183560359842535,1,,,,
D3_03427,G_03660,en,E5x_pooled,0,0.9711372534606245,1,,,,
D3_03428,G_03661,en,E5x_pooled,0,0.9693420516489735,1,,,,
D3_03510,G_03662,en,E5x_pooled,0,0.805338651241698,1,,,,
D3_03511,G_03663,en,E5x_pooled,0,0.3418810640732261,0,,,,
D3_03512,G_03664,en,E5x_pooled,0,0.17957832884558353,0,,,,
D3_03513,G_03665,en,E5x_pooled,0,0.9586037497582797,1,,,,
D3_03514,G_03666,en,E5x_pooled,0,0.9666548849795683,1,,,,
D3_03515,G_03667,en,E5x_pooled,0,0.8006703481723643,1,,,,
D3_03516,G_02120,en,E5x_pooled,0,0.9665836800092342,1,,,,
D3_03517,G_02125,en,E5x_pooled,0,0.43724118304017767,0,,,,
D3_03518,G_02154,en,E5x_pooled,0,0.26214500696952286,0,,,,
D3_03519,G_02133,en,E5x_pooled,0,0.9673654657646709,1,,,,
D3_03520,G_02150,en,E5x_pooled,0,0.9564432881477095,1,,,,
D3_03521,G_03685,en,E5x_pooled,0,0.9301697498951046,1,,,,
D3_03522,G_03674,en,E5x_pooled,0,0.830190315939438,1,,,,
D3_03523,G_03675,en,E5x_pooled,0,0.4232529940858064,0,,,,
D3_03524,G_02154,en,E5x_pooled,0,0.24002077793046817,0,,,,
D3_03525,G_03677,en,E5x_pooled,0,0.9430018751453058,1,,,,
D3_03526,G_03678,en,E5x_pooled,0,0.9830181101835359,1,,,,
D3_03527,G_03679,en,E5x_pooled,0,0.8348393930564868,1,,,,
D3_03528,G_03680,en,E5x_pooled,0,0.973086977478684,1,,,,
D3_03529,G_03681,en,E5x_pooled,0,0.6140400296600175,0,,,,
D3_03530,G_02154,en,E5x_pooled,0,0.37980316454781815,0,,,,
D3_03531,G_03683,en,E5x_pooled,0,0.9757948705102459,1,,,,
D3_03532,G_02150,en,E5x_pooled,0,0.9615286389180517,1,,,,
D3_03533,G_03685,en,E5x_pooled,0,0.9221151801674997,1,,,,
D3_03534,G_03686,en,E5x_pooled,0,0.8291096442090355,1,,,,
D3_03535,G_03687,en,E5x_pooled,0,0.4599263086084937,0,,,,
D3_03536,G_03688,en,E5x_pooled,0,0.12798358045443586,0,,,,
D3_03537,G_03689,en,E5x_pooled,0,0.8910057003169133,1,,,,
D3_03538,G_03690,en,E5x_pooled,0,0.9504686722604694,1,,,,
D3_03539,G_03691,en,E5x_pooled,0,0.9312054612204534,1,,,,
D3_03540,G_03692,en,E5x_pooled,0,0.5960597065414452,0,,,,
D3_03541,G_03693,en,E5x_pooled,0,0.3053629568698827,0,,,,
D3_03542,G_03694,en,E5x_pooled,0,0.9600847052942824,1,,,,
D3_03543,G_03695,en,E5x_pooled,0,0.9239802302829881,1,,,,
D3_03544,G_03696,en,E5x_pooled,0,0.8536397176017365,1,,,,
D3_03626,G_03697,en,E5x_pooled,0,0.5701112869407333,0,,,,
D3_03627,G_03698,en,E5x_pooled,0,0.6651663672292888,0,,,,
D3_03628,G_03699,en,E5x_pooled,0,0.7078237517175979,1,,,,
D3_03629,G_03700,en,E5x_pooled,0,0.9044453440419197,1,,,,
D3_03630,G_03701,en,E5x_pooled,0,0.699690237664424,0,,,,
D3_03631,G_03702,en,E5x_pooled,0,0.8024433256871557,1,,,,
D3_03632,G_02238,en,E5x_pooled,0,0.9595373144901215,1,,,,
D3_03634,G_02264,en,E5x_pooled,0,0.6237144549850883,0,,,,
D3_03635,G_03281,en,E5x_pooled,0,0.9813018564890059,1,,,,
D3_03636,G_03717,en,E5x_pooled,0,0.9438098066207918,1,,,,
D3_03637,G_02252,en,E5x_pooled,0,0.8864204976024419,1,,,,
D3_03638,G_03708,en,E5x_pooled,0,0.7937371346514549,1,,,,
D3_03639,G_02239,en,E5x_pooled,0,0.7927300469804888,1,,,,
D3_03640,G_03710,en,E5x_pooled,0,0.4803278114392326,0,,,,
D3_03641,G_03281,en,E5x_pooled,0,0.9674651417564114,1,,,,
D3_03642,G_03717,en,E5x_pooled,0,0.8275952391279289,1,,,,
D3_03643,G_02252,en,E5x_pooled,0,0.9404284640748816,1,,,,
D3_03645,G_02239,en,E5x_pooled,0,0.8034467920574786,1,,,,
D3_03646,G_03715,en,E5x_pooled,0,0.602430861043691,0,,,,
D3_03647,G_03281,en,E5x_pooled,0,0.973986684954604,1,,,,
D3_03648,G_03717,en,E5x_pooled,0,0.9406284799151741,1,,,,
D3_03649,G_02252,en,E5x_pooled,0,0.8874194689628908,1,,,,
D3_03650,G_02238,en,E5x_pooled,0,0.8610559400489297,1,,,,
D3_03651,G_03720,en,E5x_pooled,0,0.6235338060711055,0,,,,
D3_03652,G_03721,en,E5x_pooled,0,0.6090247919807171,0,,,,
D3_03653,G_03281,en,E5x_pooled,0,0.9824028440217325,1,,,,
D3_03654,G_03723,en,E5x_pooled,0,0.9068128184990576,1,,,,
D3_03655,G_03724,en,E5x_pooled,0,0.8044257076959045,1,,,,
D3_03656,G_03725,en,E5x_pooled,0,0.6865267910097239,0,,,,
D3_03657,G_03726,en,E5x_pooled,0,0.6723778310999351,0,,,,
D3_03658,G_03727,en,E5x_pooled,0,0.4798050839553757,0,,,,
D3_03659,G_03728,en,E5x_pooled,0,0.9514501450002909,1,,,,
D3_03660,G_03729,en,E5x_pooled,0,0.797539092907107,1,,,,
D3_03661,G_03730,en,E5x_pooled,0,0.9289672832803565,1,,,,
D3_03742,G_03731,en,E5x_pooled,0,0.8115409702367345,1,,,,
D3_03743,G_03732,en,E5x_pooled,0,0.574635818807899,0,,,,
D3_03744,G_03733,en,E5x_pooled,0,0.7292031936223597,1,,,,
D3_03745,G_03734,en,E5x_pooled,0,0.686183027760894,0,,,,
D3_03746,G_03735,en,E5x_pooled,0,0.7135828777684294,1,,,,
D3_03747,G_03736,en,E5x_pooled,0,0.5226162852285469,0,,,,
D3_03748,G_02359,en,E5x_pooled,0,0.8795545835422997,1,,,,
D3_03749,G_02354,en,E5x_pooled,0,0.7288978370160244,1,,,,
D3_03750,G_02353,en,E5x_pooled,0,0.8799618811640456,1,,,,
D3_03751,G_02363,en,E5x_pooled,0,0.7642610889821563,1,,,,
D3_03752,G_03741,en,E5x_pooled,0,0.7511506351513024,1,,,,
D3_03753,G_03742,en,E5x_pooled,0,0.5941577997610499,0,,,,
D3_03754,G_03743,en,E5x_pooled,0,0.6718426794247011,0,,,,
D3_03755,G_03744,en,E5x_pooled,0,0.6180912512582629,0,,,,
D3_03756,G_02353,en,E5x_pooled,0,0.8721581391555638,1,,,,
D3_03757,G_02363,en,E5x_pooled,0,0.6943550098257728,0,,,,
D3_03758,G_03747,en,E5x_pooled,0,0.7547805844234059,1,,,,
D3_03759,G_03748,en,E5x_pooled,0,0.5882332299486727,0,,,,
D3_03760,G_03749,en,E5x_pooled,0,0.926322231982292,1,,,,
D3_03761,G_03750,en,E5x_pooled,0,0.8033295870854427,1,,,,
D3_03762,G_03751,en,E5x_pooled,0,0.9105160630393097,1,,,,
D3_03763,G_02363,en,E5x_pooled,0,0.7991432990406374,1,,,,
D3_03764,G_03753,en,E5x_pooled,0,0.8455218705449489,1,,,,
D3_03765,G_03754,en,E5x_pooled,0,0.6838525199242216,0,,,,
D3_03766,G_03755,en,E5x_pooled,0,0.8794433157284346,1,,,,
D3_03767,G_03756,en,E5x_pooled,0,0.537328939085005,0,,,,
D3_03768,G_03757,en,E5x_pooled,0,0.6934785982287907,0,,,,
D3_03769,G_03758,en,E5x_pooled,0,0.7595368950277301,1,,,,
D3_03770,G_03759,en,E5x_pooled,0,0.7538615294639761,1,,,,
D3_03771,G_03760,en,E5x_pooled,0,0.5758161358142136,0,,,,
D3_03772,G_03761,en,E5x_pooled,0,0.8164311757979672,1,,,,
D3_03773,G_03762,en,E5x_pooled,0,0.6555590755817018,0,,,,
D3_03774,G_03763,en,E5x_pooled,0,0.6499717755748758,0,,,,
D3_03775,G_03764,en,E5x_pooled,0,0.5588278473997286,0,,,,
D3_03776,G_03765,en,E5x_pooled,0,0.671762685723444,0,,,,
D3_03777,G_03766,en,E5x_pooled,0,0.6000169702335446,0,,,,
D3_03859,G_03767,en,E5x_pooled,0,0.8944235217765107,1,,,,
D3_03860,G_03768,en,E5x_pooled,0,0.4134782642613915,0,,,,
D3_03861,G_03769,en,E5x_pooled,0,0.7876193673831897,1,,,,
D3_03862,G_03770,en,E5x_pooled,0,0.9927149993532829,1,,,,
D3_03863,G_03771,en,E5x_pooled,0,0.9104845288980299,1,,,,
D3_03864,G_03772,en,E5x_pooled,0,0.7997550610936748,1,,,,
D3_03866,G_03773,en,E5x_pooled,0,0.7540775097699782,1,,,,
D3_03867,G_04639,en,E5x_pooled,0,0.9657721590955626,1,,,,
D3_03868,G_02277,en,E5x_pooled,0,0.9883858013341199,1,,,,
D3_03869,G_03776,en,E5x_pooled,0,0.9304394616953833,1,,,,
D3_03870,G_03717,en,E5x_pooled,0,0.9466173590573157,1,,,,
D3_03871,G_02238,en,E5x_pooled,0,0.962328047043544,1,,,,
D3_03872,G_03779,en,E5x_pooled,0,0.6657907397413838,0,,,,
D3_03873,G_03780,en,E5x_pooled,0,0.8066727686557466,1,,,,
D3_03874,G_03781,en,E5x_pooled,0,0.9224434617372012,1,,,,
D3_03875,G_03782,en,E5x_pooled,0,0.8858760853020661,1,,,,
D3_03876,G_03783,en,E5x_pooled,0,0.8778567943730006,1,,,,
D3_03878,G_03784,en,E5x_pooled,0,0.7455724665418767,1,,,,
D3_03883,G_02238,en,E5x_pooled,0,0.9623479101292114,1,,,,
D3_03884,G_03786,en,E5x_pooled,0,0.8288734733820217,1,,,,
D3_03885,G_03787,en,E5x_pooled,0,0.633965032123035,0,,,,
D3_03886,G_03788,en,E5x_pooled,0,0.9378239977491949,1,,,,
D3_03887,G_03789,en,E5x_pooled,0,0.8774973103869125,1,,,,
D3_03888,G_03790,en,E5x_pooled,0,0.8479331532663898,1,,,,
D3_03889,G_02238,en,E5x_pooled,0,0.9631441328202407,1,,,,
D3_03890,G_03792,en,E5x_pooled,0,0.6653807226217674,0,,,,
D3_03891,G_03793,en,E5x_pooled,0,0.6239832940744401,0,,,,
D3_03892,G_03794,en,E5x_pooled,0,0.8989488986849937,1,,,,
D3_03893,G_03795,en,E5x_pooled,0,0.8957190054227951,1,,,,
D3_03894,G_03796,en,E5x_pooled,0,0.68146969277915,0,,,,
D3_03975,G_03797,en,E5x_pooled,0,0.9580259621120893,1,,,,
D3_03976,G_03798,en,E5x_pooled,0,0.7403655438650614,1,,,,
D3_03977,G_03799,en,E5x_pooled,0,0.5753170103470366,0,,,,
D3_03978,G_03800,en,E5x_pooled,0,0.9931359921933498,1,,,,
D3_03979,G_03801,en,E5x_pooled,0,0.982861155585293,1,,,,
D3_03980,G_03802,en,E5x_pooled,0,0.633686174301401,0,,,,
D3_03981,G_02521,en,E5x_pooled,0,0.9951052754072458,1,,,,
D3_03982,G_03310,en,E5x_pooled,0,0.8764100376333052,1,,,,
D3_03983,G_02500,en,E5x_pooled,0,0.6785679255798137,0,,,,
D3_03984,G_03806,en,E5x_pooled,0,0.9947437673045669,1,,,,
D3_03985,G_02503,en,E5x_pooled,0,0.9903770009774777,1,,,,
D3_03986,G_03808,en,E5x_pooled,0,0.8876824011139579,1,,,,
D3_03987,G_03809,en,E5x_pooled,0,0.9758490259507314,1,,,,
D3_03988,G_03810,en,E5x_pooled,0,0.7529136710548355,1,,,,
D3_03989,G_03811,en,E5x_pooled,0,0.6827966637919477,0,,,,
D3_03990,G_03812,en,E5x_pooled,0,0.9881969893286533,1,,,,
D3_03991,G_03813,en,E5x_pooled,0,0.9927116190030483,1,,,,
D3_03992,G_03814,en,E5x_pooled,0,0.7779727131794067,1,,,,
D3_03994,G_03815,en,E5x_pooled,0,0.9168998039468576,1,,,,
D3_03995,G_03816,en,E5x_pooled,0,0.8025203150644289,1,,,,
D3_03996,G_03817,en,E5x_pooled,0,0.995756501428477,1,,,,
D3_03997,G_03818,en,E5x_pooled,0,0.9925010798268438,1,,,,
D3_03999,G_03819,en,E5x_pooled,0,0.9759457163944179,1,,,,
D3_04000,G_03820,en,E5x_pooled,0,0.46109240409768004,0,,,,
D3_04001,G_03821,en,E5x_pooled,0,0.6076922685058586,0,,,,
D3_04002,G_03806,en,E5x_pooled,0,0.9954365308190598,1,,,,
D3_04003,G_03823,en,E5x_pooled,0,0.9665991550801315,1,,,,
D3_04004,G_03824,en,E5x_pooled,0,0.8750396934199403,1,,,,
D3_04005,G_03825,en,E5x_pooled,0,0.9870468663247802,1,,,,
D3_04006,G_03826,en,E5x_pooled,0,0.5939196390383188,0,,,,
D3_04007,G_03827,en,E5x_pooled,0,0.7386002319590507,1,,,,
D3_04008,G_03828,en,E5x_pooled,0,0.9906336620629573,1,,,,
D3_04009,G_03829,en,E5x_pooled,0,0.8382151874570731,1,,,,
D3_04010,G_03830,en,E5x_pooled,0,0.8897368394570323,1,,,,
D3_04091,G_03831,en,E5x_pooled,0,0.9193118580851708,1,,,,
D3_04092,G_03832,en,E5x_pooled,0,0.9787175441435123,1,,,,
D3_04093,G_03833,en,E5x_pooled,0,0.9507207046233344,1,,,,
D3_04094,G_02615,en,E5x_pooled,0,0.9884345048915707,1,,,,
D3_04095,G_03835,en,E5x_pooled,0,0.9613591469122937,1,,,,
D3_04096,G_03836,en,E5x_pooled,0,0.9926368274910741,1,,,,
D3_04097,G_02612,en,E5x_pooled,0,0.9824409197568112,1,,,,
D3_04098,G_02610,en,E5x_pooled,0,0.9813904784910128,1,,,,
D3_04099,G_02608,en,E5x_pooled,0,0.9870833845730974,1,,,,
D3_04100,G_02615,en,E5x_pooled,0,0.9815031913110056,1,,,,
D3_04101,G_04699,en,E5x_pooled,0,0.9650460544560907,1,,,,
D3_04102,G_02614,en,E5x_pooled,0,0.9573852050934895,1,,,,
D3_04103,G_02612,en,E5x_pooled,0,0.984246817857127,1,,,,
D3_04105,G_02608,en,E5x_pooled,0,0.9848504270119937,1,,,,
D3_04106,G_02615,en,E5x_pooled,0,0.9802640574879581,1,,,,
D3_04107,G_04699,en,E5x_pooled,0,0.955872466296241,1,,,,
D3_04108,G_03847,en,E5x_pooled,0,0.9234644980645613,1,,,,
D3_04109,G_03848,en,E5x_pooled,0,0.9782332175749257,1,,,,
D3_04110,G_04281,en,E5x_pooled,0,0.971970445395588,1,,,,
D3_04111,G_03850,en,E5x_pooled,0,0.9887561225718051,1,,,,
D3_04112,G_03851,en,E5x_pooled,0,0.9761424363197487,1,,,,
D3_04113,G_03852,en,E5x_pooled,0,0.9754608726214501,1,,,,
D3_04114,G_02614,en,E5x_pooled,0,0.950918870826445,1,,,,
D3_04115,G_02612,en,E5x_pooled,0,0.9843966558076531,1,,,,
D3_04117,G_03855,en,E5x_pooled,0,0.9802955850901408,1,,,,
D3_04118,G_03856,en,E5x_pooled,0,0.9787635349051859,1,,,,
D3_04119,G_03857,en,E5x_pooled,0,0.9609929246522423,1,,,,
D3_04120,G_03858,en,E5x_pooled,0,0.9480540467830623,1,,,,
D3_04121,G_03859,en,E5x_pooled,0,0.9111220864367713,1,,,,
D3_04122,G_02610,en,E5x_pooled,0,0.9758007554447166,1,,,,
D3_04123,G_03861,en,E5x_pooled,0,0.9810651780516323,1,,,,
D3_04124,G_03862,en,E5x_pooled,0,0.9757458170437148,1,,,,
D3_04125,G_03863,en,E5x_pooled,0,0.9682463792076685,1,,,,
D3_04126,G_02614,en,E5x_pooled,0,0.9467127245067324,1,,,,
D3_04207,G_03865,en,E5x_pooled,0,0.4474156370337821,0,,,,
D3_04208,G_03866,en,E5x_pooled,0,0.4632890693423113,0,,,,
D3_04209,G_03867,en,E5x_pooled,0,0.634924674755903,0,,,,
D3_04210,G_03868,en,E5x_pooled,0,0.735154727986281,1,,,,
D3_04211,G_03869,en,E5x_pooled,0,0.9241081410465279,1,,,,
D3_04212,G_03870,en,E5x_pooled,0,0.9266866235222337,1,,,,
D3_04213,G_03871,en,E5x_pooled,0,0.7872315302952599,1,,,,
D3_04214,G_02726,en,E5x_pooled,0,0.524753486279072,0,,,,
D3_04215,G_03873,en,E5x_pooled,0,0.867110095210753,1,,,,
D3_04216,G_03874,en,E5x_pooled,0,0.6648486080658118,0,,,,
D3_04218,G_03875,en,E5x_pooled,0,0.9366000339427455,1,,,,
D3_04219,G_02752,en,E5x_pooled,0,0.7819082281199862,1,,,,
D3_04220,G_03877,en,E5x_pooled,0,0.5241421691589979,0,,,,
D3_04221,G_02827,en,E5x_pooled,0,0.8654086569884052,1,,,,
D3_04222,G_03879,en,E5x_pooled,0,0.7106116803917237,1,,,,
D3_04223,G_03880,en,E5x_pooled,0,0.8536726328301956,1,,,,
D3_04224,G_02738,en,E5x_pooled,0,0.9412914961433714,1,,,,
D3_04225,G_03882,en,E5x_pooled,0,0.8387400434920854,1,,,,
D3_04226,G_03418,en,E5x_pooled,0,0.6961980312486767,0,,,,
D3_04230,G_03456,en,E5x_pooled,0,0.9577131339079263,1,,,,
D3_04231,G_03885,en,E5x_pooled,0,0.7829563555855489,1,,,,
D3_04232,G_03886,en,E5x_pooled,0,0.5168644996561499,0,,,,
D3_04233,G_03887,en,E5x_pooled,0,0.8246262556743309,1,,,,
D3_04234,G_03888,en,E5x_pooled,0,0.5931619029428734,0,,,,
D3_04235,G_03889,en,E5x_pooled,0,0.9561250612374704,1,,,,
D3_04236,G_03890,en,E5x_pooled,0,0.6120782146250926,0,,,,
D3_04237,G_03891,en,E5x_pooled,0,0.5491710834216439,0,,,,
D3_04238,G_03892,en,E5x_pooled,0,0.7101308106822173,1,,,,
D3_04239,G_03893,en,E5x_pooled,0,0.7701536490839288,1,,,,
D3_04240,G_03894,en,E5x_pooled,0,0.6466303986503172,0,,,,
D3_04241,G_03895,en,E5x_pooled,0,0.6007747546894494,0,,,,
D3_04242,G_03896,en,E5x_pooled,0,0.7144437561078614,1,,,,
D3_04323,G_03897,en,E5x_pooled,0,0.9595774607686167,1,,,,
D3_04324,G_03898,en,E5x_pooled,0,0.8012796794100464,1,,,,
D3_04325,G_03899,en,E5x_pooled,0,0.958711171414101,1,,,,
D3_04326,G_03900,en,E5x_pooled,0,0.5375749286904844,0,,,,
D3_04327,G_03901,en,E5x_pooled,0,0.9268806291838171,1,,,,
D3_04328,G_03902,en,E5x_pooled,0,0.9067601102145667,1,,,,
D3_04329,G_03915,en,E5x_pooled,0,0.9715290809288653,1,,,,
D3_04330,G_03904,en,E5x_pooled,0,0.7936387095115204,1,,,,
D3_04331,G_03905,en,E5x_pooled,0,0.9827796493662037,1,,,,
D3_04332,G_03906,en,E5x_pooled,0,0.6648486080658118,0,,,,
D3_04333,G_02738,en,E5x_pooled,0,0.9381999527467932,1,,,,
D3_04334,G_02731,en,E5x_pooled,0,0.6757884670195492,0,,,,
D3_04335,G_03909,en,E5x_pooled,0,0.9690280844654401,1,,,,
D3_04336,G_02752,en,E5x_pooled,0,0.7944070558326183,1,,,,
D3_04337,G_03911,en,E5x_pooled,0,0.9638939487088952,1,,,,
D3_04338,G_03912,en,E5x_pooled,0,0.693380104568781,0,,,,
D3_04339,G_02738,en,E5x_pooled,0,0.9452934295963598,1,,,,
D3_04340,G_03914,en,E5x_pooled,0,0.523580781118026,0,,,,
D3_04341,G_03915,en,E5x_pooled,0,0.9489039265618717,1,,,,
D3_04344,G_02733,en,E5x_pooled,0,0.7365949568573897,1,,,,
D3_04347,G_03917,en,E5x_pooled,0,0.9689213103949715,1,,,,
D3_04348,G_03918,en,E5x_pooled,0,0.7041758318354365,0,,,,
D3_04349,G_03919,en,E5x_pooled,0,0.9757839857637793,1,,,,
D3_04350,G_03920,en,E5x_pooled,0,0.7018626159943219,0,,,,
D3_04351,G_03921,en,E5x_pooled,0,0.8783447650984013,1,,,,
D3_04352,G_03922,en,E5x_pooled,0,0.5884221851138888,0,,,,
D3_04353,G_03923,en,E5x_pooled,0,0.9491876154348379,1,,,,
D3_04354,G_03924,en,E5x_pooled,0,0.23650033904257378,0,,,,
D3_04355,G_03925,en,E5x_pooled,0,0.9884325521492517,1,,,,
D3_04356,G_03926,en,E5x_pooled,0,0.6657394881456936,0,,,,
D3_04357,G_03927,en,E5x_pooled,0,0.708792722450889,1,,,,
D3_04358,G_03928,en,E5x_pooled,0,0.6694775521026107,0,,,,
D3_04439,G_03929,en,E5x_pooled,0,0.45890123386012144,0,,,,
D3_04440,G_03930,en,E5x_pooled,0,0.9534582565627452,1,,,,
D3_04441,G_03931,en,E5x_pooled,0,0.962589302964082,1,,,,
D3_04442,G_03932,en,E5x_pooled,0,0.4302176841244533,0,,,,
D3_04443,G_03933,en,E5x_pooled,0,0.9957652735434868,1,,,,
D3_04444,G_03934,en,E5x_pooled,0,0.9731444526669552,1,,,,
D3_04445,G_03935,en,E5x_pooled,0,0.5080348117250507,0,,,,
D3_04446,G_03936,en,E5x_pooled,0,0.9692106317223308,1,,,,
D3_04447,G_03937,en,E5x_pooled,0,0.9685764132479517,1,,,,
D3_04448,G_02866,en,E5x_pooled,0,0.9783163028504396,1,,,,
D3_04449,G_03939,en,E5x_pooled,0,0.9969015498702879,1,,,,
D3_04450,G_02865,en,E5x_pooled,0,0.9857365320420359,1,,,,
D3_04451,G_03941,en,E5x_pooled,0,0.496918851570513,0,,,,
D3_04452,G_02855,en,E5x_pooled,0,0.9724369122867242,1,,,,
D3_04453,G_03943,en,E5x_pooled,0,0.9754474704124674,1,,,,
D3_04454,G_02866,en,E5x_pooled,0,0.9796494426569087,1,,,,
D3_04455,G_03945,en,E5x_pooled,0,0.9944778774299863,1,,,,
D3_04457,G_03946,en,E5x_pooled,0,0.6930329806225171,0,,,,
D3_04458,G_03947,en,E5x_pooled,0,0.9734772403897789,1,,,,
D3_04459,G_03948,en,E5x_pooled,0,0.9777954541138713,1,,,,
D3_04460,G_03949,en,E5x_pooled,0,0.9839667063982038,1,,,,
D3_04462,G_03950,en,E5x_pooled,0,0.9873533268099733,1,,,,
D3_04463,G_03951,en,E5x_pooled,0,0.4917554426798144,0,,,,
D3_04464,G_03952,en,E5x_pooled,0,0.979306868789133,1,,,,
D3_04465,G_03953,en,E5x_pooled,0,0.9715728185025633,1,,,,
D3_04466,G_03954,en,E5x_pooled,0,0.9559196046973094,1,,,,
D3_04467,G_03955,en,E5x_pooled,0,0.9746789900821782,1,,,,
D3_04468,G_02865,en,E5x_pooled,0,0.9762907060815902,1,,,,
D3_04469,G_03957,en,E5x_pooled,0,0.495919679281715,0,,,,
D3_04470,G_03958,en,E5x_pooled,0,0.978108662020413,1,,,,
D3_04471,G_03959,en,E5x_pooled,0,0.9739296684928791,1,,,,
D3_04472,G_03960,en,E5x_pooled,0,0.9517437407779298,1,,,,
D3_04473,G_03961,en,E5x_pooled,0,0.9634376325791155,1,,,,
D3_04474,G_03962,en,E5x_pooled,0,0.9939828458825621,1,,,,
D3_04555,G_03963,en,E5x_pooled,0,0.4852461586425871,0,,,,
D3_04556,G_03964,en,E5x_pooled,0,0.7233664860209449,1,,,,
D3_04557,G_03965,en,E5x_pooled,0,0.4710386607438075,0,,,,
D3_04558,G_03966,en,E5x_pooled,0,0.5480567978101218,0,,,,
D3_04559,G_03967,en,E5x_pooled,0,0.9092840100357322,1,,,,
D3_04560,G_03968,en,E5x_pooled,0,0.6187996644471834,0,,,,
D3_04561,G_01667,en,E5x_pooled,0,0.8936888768111971,1,,,,
D3_04562,G_01663,en,E5x_pooled,0,0.8091840049753161,1,,,,
D3_04563,G_01666,en,E5x_pooled,0,0.31529047188123793,0,,,,
D3_04564,G_01691,en,E5x_pooled,0,0.7990238960401451,1,,,,
D3_04565,G_01679,en,E5x_pooled,0,0.7535881272292361,1,,,,
D3_04566,G_02971,en,E5x_pooled,0,0.8901654277761565,1,,,,
D3_04567,G_03975,en,E5x_pooled,0,0.7181614800772036,1,,,,
D3_04568,G_03976,en,E5x_pooled,0,0.8114907936457757,1,,,,
D3_04569,G_03977,en,E5x_pooled,0,0.3451117064509387,0,,,,
D3_04570,G_03978,en,E5x_pooled,0,0.7178324126853532,1,,,,
D3_04571,G_03979,en,E5x_pooled,0,0.8498007792398216,1,,,,
D3_04572,G_03980,en,E5x_pooled,0,0.8942384232372148,1,,,,
D3_04573,G_03544,en,E5x_pooled,0,0.9252809414464613,1,,,,
D3_04574,G_01663,en,E5x_pooled,0,0.8396079716903851,1,,,,
D3_04575,G_03983,en,E5x_pooled,0,0.4504794867799094,0,,,,
D3_04576,G_01691,en,E5x_pooled,0,0.803606798703981,1,,,,
D3_04577,G_01679,en,E5x_pooled,0,0.7842041298786171,1,,,,
D3_04578,G_02971,en,E5x_pooled,0,0.9031542780620431,1,,,,
D3_04579,G_03987,en,E5x_pooled,0,0.8964553760063558,1,,,,
D3_04580,G_03988,en,E5x_pooled,0,0.7856261539268408,1,,,,
D3_04581,G_03989,en,E5x_pooled,0,0.4332456481873959,0,,,,
D3_04582,G_03990,en,E5x_pooled,0,0.7748469368934094,1,,,,
D3_04583,G_03991,en,E5x_pooled,0,0.5656580387991051,0,,,,
D3_04584,G_03992,en,E5x_pooled,0,0.9198035846702939,1,,,,
D3_04585,G_03993,en,E5x_pooled,0,0.5218305791857758,0,,,,
D3_04586,G_03994,en,E5x_pooled,0,0.5861898572981047,0,,,,
D3_04587,G_03995,en,E5x_pooled,0,0.38161795111885577,0,,,,
D3_04588,G_03996,en,E5x_pooled,0,0.8227799942484804,1,,,,
D3_04589,G_03997,en,E5x_pooled,0,0.5198567633425846,0,,,,
D3_04590,G_03998,en,E5x_pooled,0,0.7901627471030622,1,,,,
D3_04671,G_03999,en,E5x_pooled,0,0.4333371991767986,0,,,,
D3_04672,G_04000,en,E5x_pooled,0,0.7717758294658257,1,,,,
D3_04673,G_04001,en,E5x_pooled,0,0.5670268341405607,0,,,,
D3_04674,G_04002,en,E5x_pooled,0,0.7843555014105417,1,,,,
D3_04675,G_04003,en,E5x_pooled,0,0.662331926101553,0,,,,
D3_04676,G_04004,en,E5x_pooled,0,0.7665807693813173,1,,,,
D3_04677,G_01816,en,E5x_pooled,0,0.7767721784995963,1,,,,
D3_04678,G_03023,en,E5x_pooled,0,0.7383974012266193,1,,,,
D3_04679,G_03579,en,E5x_pooled,0,0.8601011820674966,1,,,,
D3_04680,G_01819,en,E5x_pooled,0,0.9738841194524014,1,,,,
D3_04681,G_01794,en,E5x_pooled,0,0.7818267246246945,1,,,,
D3_04682,G_03045,en,E5x_pooled,0,0.8629021909574459,1,,,,
D3_04683,G_04011,en,E5x_pooled,0,0.6201445217535158,0,,,,
D3_04684,G_04012,en,E5x_pooled,0,0.6803619890520362,0,,,,
D3_04685,G_03579,en,E5x_pooled,0,0.7584440072918028,1,,,,
D3_04686,G_04014,en,E5x_pooled,0,0.9211619973060311,1,,,,
D3_04687,G_04015,en,E5x_pooled,0,0.7336790869799094,1,,,,
D3_04689,G_01816,en,E5x_pooled,0,0.7970525706740825,1,,,,
D3_04690,G_03578,en,E5x_pooled,0,0.7723214078218165,1,,,,
D3_04691,G_03579,en,E5x_pooled,0,0.831206941014205,1,,,,
D3_04692,G_01819,en,E5x_pooled,0,0.9683550598715771,1,,,,
D3_04693,G_03581,en,E5x_pooled,0,0.8169974177090732,1,,,,
D3_04695,G_04021,en,E5x_pooled,0,0.608318282232209,0,,,,
D3_04696,G_03023,en,E5x_pooled,0,0.6760216262642033,0,,,,
D3_04697,G_03579,en,E5x_pooled,0,0.8394186525080917,1,,,,
D3_04698,G_04024,en,E5x_pooled,0,0.9627826267993282,1,,,,
D3_04699,G_04025,en,E5x_pooled,0,0.7793469010848697,1,,,,
D3_04701,G_04026,en,E5x_pooled,0,0.5559705270896054,0,,,,
D3_04702,G_04027,en,E5x_pooled,0,0.5506827919822971,0,,,,
D3_04703,G_04028,en,E5x_pooled,0,0.5660490701282906,0,,,,
D3_04704,G_04029,en,E5x_pooled,0,0.938767243792466,1,,,,
D3_04705,G_04030,en,E5x_pooled,0,0.8384895456842599,1,,,,
D3_04706,G_04031,en,E5x_pooled,0,0.7963182125374529,1,,,,
D3_04787,G_04032,en,E5x_pooled,0,0.9049838439545865,1,,,,
D3_04788,G_04033,en,E5x_pooled,0,0.1387351461751365,0,,,,
D3_04789,G_04034,en,E5x_pooled,0,0.6822701565898734,0,,,,
D3_04790,G_04035,en,E5x_pooled,0,0.696883216052428,0,,,,
D3_04791,G_04036,en,E5x_pooled,0,0.8691716787589064,1,,,,
D3_04792,G_04037,en,E5x_pooled,0,0.7493654414430397,1,,,,
D3_04793,G_01890,en,E5x_pooled,0,0.965304027146385,1,,,,
D3_04794,G_01896,en,E5x_pooled,0,0.3050824366664962,0,,,,
D3_04795,G_01899,en,E5x_pooled,0,0.9352120788430404,1,,,,
D3_04796,G_01907,en,E5x_pooled,0,0.914495262334037,1,,,,
D3_04797,G_01902,en,E5x_pooled,0,0.9363829035117941,1,,,,
D3_04798,G_03603,en,E5x_pooled,0,0.8899166484702368,1,,,,
D3_04799,G_04044,en,E5x_pooled,0,0.9368405299938011,1,,,,
D3_04800,G_04045,en,E5x_pooled,0,0.16796567579901267,0,,,,
D3_04801,G_04046,en,E5x_pooled,0,0.9223451621826516,1,,,,
D3_04802,G_04047,en,E5x_pooled,0,0.8727868480887884,1,,,,
D3_04803,G_04048,en,E5x_pooled,0,0.9197451067728402,1,,,,
D3_04804,G_04049,en,E5x_pooled,0,0.8475877955063071,1,,,,
D3_04806,G_01896,en,E5x_pooled,0,0.4190992016071914,0,,,,
D3_04807,G_01899,en,E5x_pooled,0,0.912278369053437,1,,,,
D3_04809,G_01902,en,E5x_pooled,0,0.9208150366684746,1,,,,
D3_04811,G_04053,en,E5x_pooled,0,0.7951202516868235,1,,,,
D3_04812,G_04054,en,E5x_pooled,0,0.20251457905471382,0,,,,
D3_04813,G_04055,en,E5x_pooled,0,0.9172252467839143,1,,,,
D3_04814,G_04056,en,E5x_pooled,0,0.912120019748664,1,,,,
D3_04815,G_04057,en,E5x_pooled,0,0.9650783642784733,1,,,,
D3_04816,G_04058,en,E5x_pooled,0,0.9019817648208092,1,,,,
D3_04817,G_04059,en,E5x_pooled,0,0.8543242029968484,1,,,,
D3_04818,G_04060,en,E5x_pooled,0,0.27175874948511225,0,,,,
D3_04819,G_04061,en,E5x_pooled,0,0.7491690918267666,1,,,,
D3_04820,G_04062,en,E5x_pooled,0,0.8446921848575681,1,,,,
D3_04821,G_04063,en,E5x_pooled,0,0.8867531500186182,1,,,,
D3_04822,G_04064,en,E5x_pooled,0,0.7775795504135824,1,,,,
D3_04903,G_04065,en,E5x_pooled,0,0.9596060030519171,1,,,,
D3_04905,G_04066,en,E5x_pooled,0,0.9826960158857722,1,,,,
D3_04906,G_04067,en,E5x_pooled,0,0.9617474918946969,1,,,,
D3_04907,G_04068,en,E5x_pooled,0,0.9840230264209858,1,,,,
D3_04908,G_04069,en,E5x_pooled,0,0.9977314160424541,1,,,,
D3_04909,G_02011,en,E5x_pooled,0,0.9836324900539772,1,,,,
D3_04910,G_02008,en,E5x_pooled,0,0.9459061942548608,1,,,,
D3_04911,G_03634,en,E5x_pooled,0,0.9897131590801698,1,,,,
D3_04912,G_02020,en,E5x_pooled,0,0.9961468513495624,1,,,,
D3_04913,G_04084,en,E5x_pooled,0,0.9949735059460549,1,,,,
D3_04914,G_02015,en,E5x_pooled,0,0.9968404700221659,1,,,,
D3_04915,G_04076,en,E5x_pooled,0,0.926317059114051,1,,,,
D3_04916,G_04077,en,E5x_pooled,0,0.6465636714575697,0,,,,
D3_04917,G_04078,en,E5x_pooled,0,0.9298422143333743,1,,,,
D3_04918,G_04079,en,E5x_pooled,0,0.9947760811572813,1,,,,
D3_04919,G_04080,en,E5x_pooled,0,0.9573971067532994,1,,,,
D3_04920,G_04081,en,E5x_pooled,0,0.9903411409888676,1,,,,
D3_04921,G_03126,en,E5x_pooled,0,0.9729434622423262,1,,,,
D3_04924,G_02020,en,E5x_pooled,0,0.9928158982964189,1,,,,
D3_04925,G_04084,en,E5x_pooled,0,0.9904308249042149,1,,,,
D3_04927,G_04085,en,E5x_pooled,0,0.9827845600045314,1,,,,
D3_04928,G_04086,en,E5x_pooled,0,0.9120418296196124,1,,,,
D3_04929,G_04087,en,E5x_pooled,0,0.9803454181777127,1,,,,
D3_04930,G_04088,en,E5x_pooled,0,0.9900243286407736,1,,,,
D3_04931,G_04089,en,E5x_pooled,0,0.978418812722976,1,,,,
D3_04932,G_04090,en,E5x_pooled,0,0.9955815021363577,1,,,,
D3_04933,G_04091,en,E5x_pooled,0,0.6365287977925532,0,,,,
D3_04934,G_04092,en,E5x_pooled,0,0.4575905317740189,0,,,,
D3_04935,G_04093,en,E5x_pooled,0,0.9572149689972735,1,,,,
D3_04936,G_04094,en,E5x_pooled,0,0.9820979006438046,1,,,,
D3_04937,G_04095,en,E5x_pooled,0,0.9183247546655811,1,,,,
D3_04938,G_04096,en,E5x_pooled,0,0.9640333982419792,1,,,,
D3_05020,G_04097,en,E5x_pooled,0,0.8048969623309931,1,,,,
D3_05021,G_04098,en,E5x_pooled,0,0.15251344334472847,0,,,,
D3_05022,G_04099,en,E5x_pooled,0,0.7877580153793834,1,,,,
D3_05023,G_04100,en,E5x_pooled,0,0.9605429575879569,1,,,,
D3_05024,G_04101,en,E5x_pooled,0,0.9751099336833777,1,,,,
D3_05025,G_04102,en,E5x_pooled,0,0.9373438747791882,1,,,,
D3_05026,G_02120,en,E5x_pooled,0,0.968031748443928,1,,,,
D3_05027,G_02154,en,E5x_pooled,0,0.26214500696952286,0,,,,
D3_05028,G_02119,en,E5x_pooled,0,0.6833233336030594,0,,,,
D3_05029,G_04106,en,E5x_pooled,0,0.9816236272529225,1,,,,
D3_05030,G_02133,en,E5x_pooled,0,0.9668899721552489,1,,,,
D3_05031,G_03168,en,E5x_pooled,0,0.9650351372361026,1,,,,
D3_05032,G_04109,en,E5x_pooled,0,0.7268005632958108,1,,,,
D3_05033,G_04110,en,E5x_pooled,0,0.14576161159086523,0,,,,
D3_05034,G_04111,en,E5x_pooled,0,0.5660873895481522,0,,,,
D3_05035,G_04112,en,E5x_pooled,0,0.9693074490480937,1,,,,
D3_05036,G_02133,en,E5x_pooled,0,0.9650589870174142,1,,,,
D3_05037,G_04114,en,E5x_pooled,0,0.9755933777808847,1,,,,
D3_05040,G_03159,en,E5x_pooled,0,0.9039520804706054,1,,,,
D3_05041,G_04106,en,E5x_pooled,0,0.9767165139569024,1,,,,
D3_05044,G_04117,en,E5x_pooled,0,0.8925498672563704,1,,,,
D3_05045,G_04118,en,E5x_pooled,0,0.04003258263367932,0,,,,
D3_05046,G_04119,en,E5x_pooled,0,0.9523318154153836,1,,,,
D3_05047,G_04120,en,E5x_pooled,0,0.9621081797717927,1,,,,
D3_05048,G_02133,en,E5x_pooled,0,0.9536006225015696,1,,,,
D3_05049,G_04122,en,E5x_pooled,0,0.8742808317855133,1,,,,
D3_05050,G_04123,en,E5x_pooled,0,0.5237222048184412,0,,,,
D3_05051,G_04124,en,E5x_pooled,0,0.0715072620420656,0,,,,
D3_05052,G_04125,en,E5x_pooled,0,0.1782962189858933,0,,,,
D3_05053,G_04126,en,E5x_pooled,0,0.9017389536784662,1,,,,
D3_05054,G_04127,en,E5x_pooled,0,0.8906645302609237,1,,,,
D3_05055,G_04128,en,E5x_pooled,0,0.8221727024698451,1,,,,
D3_05137,G_04129,en,E5x_pooled,0,0.8954237403536719,1,,,,
D3_05138,G_04130,en,E5x_pooled,0,0.7737021613367516,1,,,,
D3_05139,G_04131,en,E5x_pooled,0,0.952914064180426,1,,,,
D3_05140,G_04132,en,E5x_pooled,0,0.9436892244251016,1,,,,
D3_05141,G_04133,en,E5x_pooled,0,0.7671383476273691,1,,,,
D3_05142,G_03717,en,E5x_pooled,0,0.9556432797951431,1,,,,
D3_05143,G_02238,en,E5x_pooled,0,0.9614966722009199,1,,,,
D3_05144,G_02241,en,E5x_pooled,0,0.7549203004531991,1,,,,
D3_05145,G_02242,en,E5x_pooled,0,0.9553776016401367,1,,,,
D3_05146,G_02252,en,E5x_pooled,0,0.8914279907113724,1,,,,
D3_05147,G_02278,en,E5x_pooled,0,0.8025638046212501,1,,,,
D3_05148,G_03717,en,E5x_pooled,0,0.9451603705965529,1,,,,
D3_05149,G_04141,en,E5x_pooled,0,0.9208025705958993,1,,,,
D3_05150,G_04142,en,E5x_pooled,0,0.755611110573023,1,,,,
D3_05151,G_04143,en,E5x_pooled,0,0.9304471805129821,1,,,,
D3_05152,G_02252,en,E5x_pooled,0,0.8441842208133303,1,,,,
D3_05153,G_04145,en,E5x_pooled,0,0.7598858860973362,1,,,,
D3_05154,G_03717,en,E5x_pooled,0,0.9246160984745614,1,,,,
D3_05155,G_03202,en,E5x_pooled,0,0.9492806313980022,1,,,,
D3_05159,G_02278,en,E5x_pooled,0,0.8074011378420854,1,,,,
D3_05160,G_03717,en,E5x_pooled,0,0.9412030053209918,1,,,,
D3_05161,G_04150,en,E5x_pooled,0,0.9538698933508489,1,,,,
D3_05162,G_04151,en,E5x_pooled,0,0.7154246359821146,1,,,,
D3_05163,G_04152,en,E5x_pooled,0,0.750021197058101,1,,,,
D3_05164,G_02252,en,E5x_pooled,0,0.8761979146872876,1,,,,
D3_05165,G_04154,en,E5x_pooled,0,0.888625717670411,1,,,,
D3_05166,G_03790,en,E5x_pooled,0,0.9609342006332756,1,,,,
D3_05167,G_04156,en,E5x_pooled,0,0.9154162991905285,1,,,,
D3_05168,G_04157,en,E5x_pooled,0,0.6907333276939481,0,,,,
D3_05169,G_04158,en,E5x_pooled,0,0.9376456943058487,1,,,,
D3_05170,G_04159,en,E5x_pooled,0,0.9271756757185352,1,,,,
D3_05171,G_04160,en,E5x_pooled,0,0.6228472096763075,0,,,,
D3_05172,G_04161,en,E5x_pooled,0,0.9297548301515668,1,,,,
D3_05253,G_04162,en,E5x_pooled,0,0.7153907281791396,1,,,,
D3_05254,G_04163,en,E5x_pooled,0,0.7857529907816178,1,,,,
D3_05255,G_04164,en,E5x_pooled,0,0.8418331316266682,1,,,,
D3_05256,G_04165,en,E5x_pooled,0,0.7575960700292989,1,,,,
D3_05257,G_04166,en,E5x_pooled,0,0.9316086220329598,1,,,,
D3_05258,G_04167,en,E5x_pooled,0,0.6171812392515135,0,,,,
D3_05259,G_04180,en,E5x_pooled,0,0.8123935338523713,1,,,,
D3_05260,G_02357,en,E5x_pooled,0,0.909719809313148,1,,,,
D3_05261,G_02353,en,E5x_pooled,0,0.8906650522221039,1,,,,
D3_05262,G_02363,en,E5x_pooled,0,0.7383820301837377,1,,,,
D3_05263,G_03228,en,E5x_pooled,0,0.9340814331525468,1,,,,
D3_05264,G_02366,en,E5x_pooled,0,0.7678654773183057,1,,,,
D3_05265,G_04180,en,E5x_pooled,0,0.8004356640199126,1,,,,
D3_05266,G_04175,en,E5x_pooled,0,0.8870624923514462,1,,,,
D3_05267,G_04176,en,E5x_pooled,0,0.7964592702859722,1,,,,
D3_05268,G_04177,en,E5x_pooled,0,0.8521065894292266,1,,,,
D3_05269,G_04178,en,E5x_pooled,0,0.7845077863610889,1,,,,
D3_05270,G_04179,en,E5x_pooled,0,0.7200205931664545,1,,,,
D3_05271,G_04180,en,E5x_pooled,0,0.7510802413554071,1,,,,
D3_05272,G_04181,en,E5x_pooled,0,0.9429677872001825,1,,,,
D3_05273,G_02353,en,E5x_pooled,0,0.8121771119027645,1,,,,
D3_05274,G_04183,en,E5x_pooled,0,0.8434979390121876,1,,,,
D3_05276,G_04184,en,E5x_pooled,0,0.8500822952092338,1,,,,
D3_05277,G_04185,en,E5x_pooled,0,0.6360078504206939,0,,,,
D3_05278,G_04186,en,E5x_pooled,0,0.7692622682548371,1,,,,
D3_05279,G_04187,en,E5x_pooled,0,0.8809016148078846,1,,,,
D3_05280,G_04188,en,E5x_pooled,0,0.8465772819801113,1,,,,
D3_05281,G_04189,en,E5x_pooled,0,0.8689095090244535,1,,,,
D3_05282,G_04190,en,E5x_pooled,0,0.6936749158867089,0,,,,
D3_05283,G_04191,en,E5x_pooled,0,0.74758418650681,1,,,,
D3_05284,G_04192,en,E5x_pooled,0,0.6177243458698685,0,,,,
D3_05285,G_04193,en,E5x_pooled,0,0.7517185273023983,1,,,,
D3_05286,G_04194,en,E5x_pooled,0,0.2979841069023319,0,,,,
D3_05287,G_04195,en,E5x_pooled,0,0.8800343966122386,1,,,,
D3_05288,G_04196,en,E5x_pooled,0,0.7138954505086939,1,,,,
D3_05370,G_04197,en,E5x_pooled,0,0.9565559045853883,1,,,,
D3_05371,G_04198,en,E5x_pooled,0,0.6993056215192247,0,,,,
D3_05372,G_04199,en,E5x_pooled,0,0.6515718819896558,0,,,,
D3_05373,G_04200,en,E5x_pooled,0,0.8972269023640543,1,,,,
D3_05374,G_04201,en,E5x_pooled,0,0.9581029958974178,1,,,,
D3_05375,G_04202,en,E5x_pooled,0,0.9145595949436215,1,,,,
D3_05377,G_02241,en,E5x_pooled,0,0.7556905815056936,1,,,,
D3_05378,G_04204,en,E5x_pooled,0,0.9561408535956806,1,,,,
D3_05379,G_02277,en,E5x_pooled,0,0.9887467388487928,1,,,,
D3_05380,G_03717,en,E5x_pooled,0,0.9451603705965529,1,,,,
D3_05381,G_02252,en,E5x_pooled,0,0.8889249971409312,1,,,,
D3_05382,G_04208,en,E5x_pooled,0,0.914288771663898,1,,,,
D3_05383,G_04209,en,E5x_pooled,0,0.8026974667823891,1,,,,
D3_05384,G_02242,en,E5x_pooled,0,0.9503751304785416,1,,,,
D3_05385,G_04211,en,E5x_pooled,0,0.9618492504912225,1,,,,
D3_05386,G_04212,en,E5x_pooled,0,0.7579574563208874,1,,,,
D3_05387,G_02252,en,E5x_pooled,0,0.8970129603574688,1,,,,
D3_05391,G_02277,en,E5x_pooled,0,0.989799691484829,1,,,,
D3_05393,G_02252,en,E5x_pooled,0,0.9051033071110374,1,,,,
D3_05394,G_02238,en,E5x_pooled,0,0.9724674441986997,1,,,,
D3_05395,G_04217,en,E5x_pooled,0,0.7864896676165937,1,,,,
D3_05396,G_04218,en,E5x_pooled,0,0.7858064787550094,1,,,,
D3_05397,G_04219,en,E5x_pooled,0,0.9303781812112069,1,,,,
D3_05398,G_03717,en,E5x_pooled,0,0.8734716229186911,1,,,,
D3_05399,G_04221,en,E5x_pooled,0,0.8796482954780974,1,,,,
D3_05400,G_04222,en,E5x_pooled,0,0.913631550995837,1,,,,
D3_05401,G_04223,en,E5x_pooled,0,0.7294902546980168,1,,,,
D3_05402,G_04224,en,E5x_pooled,0,0.9163761937142518,1,,,,
D3_05403,G_04225,en,E5x_pooled,0,0.9829935465585904,1,,,,
D3_05404,G_04226,en,E5x_pooled,0,0.7813786678675604,1,,,,
D3_05405,G_04227,en,E5x_pooled,0,0.9427797942536204,1,,,,
D3_05486,G_04228,en,E5x_pooled,0,0.9639003229324337,1,,,,
D3_05487,G_04229,en,E5x_pooled,0,0.950702021584319,1,,,,
D3_05488,G_04230,en,E5x_pooled,0,0.9388665190774692,1,,,,
D3_05489,G_04231,en,E5x_pooled,0,0.8111387275655061,1,,,,
D3_05490,G_04232,en,E5x_pooled,0,0.998558419990093,1,,,,
D3_05491,G_04233,en,E5x_pooled,0,0.8512258263196258,1,,,,
D3_05492,G_03310,en,E5x_pooled,0,0.8706975483103512,1,,,,
D3_05493,G_02501,en,E5x_pooled,0,0.9885193597288864,1,,,,
D3_05494,G_02493,en,E5x_pooled,0,0.9880416454467413,1,,,,
D3_05495,G_03808,en,E5x_pooled,0,0.8815700507591195,1,,,,
D3_05496,G_02507,en,E5x_pooled,0,0.9950081711211315,1,,,,
D3_05497,G_02510,en,E5x_pooled,0,0.9738734186357766,1,,,,
D3_05498,G_04240,en,E5x_pooled,0,0.7993741821232557,1,,,,
D3_05499,G_04241,en,E5x_pooled,0,0.9274651579567934,1,,,,
D3_05500,G_02493,en,E5x_pooled,0,0.981604356307652,1,,,,
D3_05501,G_04243,en,E5x_pooled,0,0.6447323876974205,0,,,,
D3_05502,G_04244,en,E5x_pooled,0,0.9905557510647302,1,,,,
D3_05503,G_04245,en,E5x_pooled,0,0.9585175208293485,1,,,,
D3_05505,G_04246,en,E5x_pooled,0,0.9898344174076295,1,,,,
D3_05506,G_04247,en,E5x_pooled,0,0.9890893900290132,1,,,,
D3_05507,G_04248,en,E5x_pooled,0,0.8530792195924041,1,,,,
D3_05508,G_04249,en,E5x_pooled,0,0.9956797457559831,1,,,,
D3_05509,G_04250,en,E5x_pooled,0,0.979828505934303,1,,,,
D3_05510,G_04251,en,E5x_pooled,0,0.9170848186393568,1,,,,
D3_05511,G_04252,en,E5x_pooled,0,0.960897181808776,1,,,,
D3_05512,G_04253,en,E5x_pooled,0,0.96843052491538,1,,,,
D3_05513,G_04254,en,E5x_pooled,0,0.7683776936340345,1,,,,
D3_05514,G_04255,en,E5x_pooled,0,0.9927541254122616,1,,,,
D3_05515,G_04256,en,E5x_pooled,0,0.9735087876120049,1,,,,
D3_05516,G_04257,en,E5x_pooled,0,0.6105998390824858,0,,,,
D3_05517,G_04258,en,E5x_pooled,0,0.9603723341484091,1,,,,
D3_05518,G_04259,en,E5x_pooled,0,0.982514670823635,1,,,,
D3_05519,G_04260,en,E5x_pooled,0,0.8951074790283836,1,,,,
D3_05520,G_04261,en,E5x_pooled,0,0.9089530295193093,1,,,,
D3_05521,G_04262,en,E5x_pooled,0,0.9356454578379474,1,,,,
D3_05602,G_04263,en,E5x_pooled,0,0.9473429518178983,1,,,,
D3_05603,G_04264,en,E5x_pooled,0,0.8023563419683234,1,,,,
D3_05604,G_04265,en,E5x_pooled,0,0.9561048509554135,1,,,,
D3_05605,G_04266,en,E5x_pooled,0,0.9601594746561847,1,,,,
D3_05606,G_04267,en,E5x_pooled,0,0.8111135407513584,1,,,,
D3_05607,G_04268,en,E5x_pooled,0,0.9906527809102884,1,,,,
D3_05608,G_04269,en,E5x_pooled,0,0.9741353347455565,1,,,,
D3_05609,G_03339,en,E5x_pooled,0,0.9612984377580772,1,,,,
D3_05610,G_04271,en,E5x_pooled,0,0.9689330178633964,1,,,,
D3_05611,G_02615,en,E5x_pooled,0,0.9817067740978439,1,,,,
D3_05612,G_02621,en,E5x_pooled,0,0.9779884436613557,1,,,,
D3_05613,G_02617,en,E5x_pooled,0,0.9901403561020344,1,,,,
D3_05614,G_02610,en,E5x_pooled,0,0.9737595751506288,1,,,,
D3_05615,G_03339,en,E5x_pooled,0,0.9367744457965865,1,,,,
D3_05616,G_04277,en,E5x_pooled,0,0.9562323981823369,1,,,,
D3_05617,G_04278,en,E5x_pooled,0,0.9850632220128969,1,,,,
D3_05618,G_02621,en,E5x_pooled,0,0.9797238306382661,1,,,,
D3_05619,G_02617,en,E5x_pooled,0,0.9928102121552537,1,,,,
D3_05620,G_04281,en,E5x_pooled,0,0.963719718465462,1,,,,
D3_05621,G_02641,en,E5x_pooled,0,0.9732003342698293,1,,,,
D3_05622,G_04283,en,E5x_pooled,0,0.9572546337732939,1,,,,
D3_05624,G_04284,en,E5x_pooled,0,0.9842379861322849,1,,,,
D3_05625,G_03366,en,E5x_pooled,0,0.9924648909713251,1,,,,
D3_05626,G_04286,en,E5x_pooled,0,0.968002188673583,1,,,,
D3_05627,G_04287,en,E5x_pooled,0,0.9631361392871064,1,,,,
D3_05628,G_04288,en,E5x_pooled,0,0.9441787492546589,1,,,,
D3_05629,G_04289,en,E5x_pooled,0,0.9818094856308315,1,,,,
D3_05630,G_04290,en,E5x_pooled,0,0.9391972063748821,1,,,,
D3_05631,G_04291,en,E5x_pooled,0,0.9427295626562502,1,,,,
D3_05632,G_04292,en,E5x_pooled,0,0.9751983196011378,1,,,,
D3_05633,G_04293,en,E5x_pooled,0,0.8365839142037819,1,,,,
D3_05634,G_04294,en,E5x_pooled,0,0.9462706636580303,1,,,,
D3_05635,G_04295,en,E5x_pooled,0,0.9843238465418601,1,,,,
D3_05636,G_04296,en,E5x_pooled,0,0.958141094500636,1,,,,
D3_05637,G_04297,en,E5x_pooled,0,0.9511716834137474,1,,,,
D3_05718,G_04298,en,E5x_pooled,0,0.8209032424773077,1,,,,
D3_05719,G_04299,en,E5x_pooled,0,0.8498398997228184,1,,,,
D3_05720,G_04300,en,E5x_pooled,0,0.9780941827000782,1,,,,
D3_05721,G_04301,en,E5x_pooled,0,0.8490431879750656,1,,,,
D3_05722,G_04302,en,E5x_pooled,0,0.5827193316679965,0,,,,
D3_05723,G_04303,en,E5x_pooled,0,0.9116129334925928,1,,,,
D3_05724,G_04304,en,E5x_pooled,0,0.8662991757182165,1,,,,
D3_05725,G_03384,en,E5x_pooled,0,0.9523306206423211,1,,,,
D3_05726,G_03382,en,E5x_pooled,0,0.8938665955064609,1,,,,
D3_05727,G_02760,en,E5x_pooled,0,0.8914771713856502,1,,,,
D3_05728,G_04308,en,E5x_pooled,0,0.6700408162641796,0,,,,
D3_05729,G_04309,en,E5x_pooled,0,0.9385417663459926,1,,,,
D3_05730,G_04310,en,E5x_pooled,0,0.8757042424666145,1,,,,
D3_05731,G_04311,en,E5x_pooled,0,0.9341807876476487,1,,,,
D3_05732,G_04312,en,E5x_pooled,0,0.8235206027211955,1,,,,
D3_05733,G_04313,en,E5x_pooled,0,0.9171793161859239,1,,,,
D3_05734,G_04314,en,E5x_pooled,0,0.6364445516654905,0,,,,
D3_05735,G_04315,en,E5x_pooled,0,0.8925661607003933,1,,,,
D3_05736,G_02758,en,E5x_pooled,0,0.8368245131784705,1,,,,
D3_05737,G_04317,en,E5x_pooled,0,0.92481785985982,1,,,,
D3_05738,G_04318,en,E5x_pooled,0,0.8917625371286025,1,,,,
D3_05739,G_02760,en,E5x_pooled,0,0.8800721142453113,1,,,,
D3_05740,G_04320,en,E5x_pooled,0,0.7899638138921784,1,,,,
D3_05742,G_04321,en,E5x_pooled,0,0.7809701944587546,1,,,,
D3_05743,G_04322,en,E5x_pooled,0,0.9553782560782623,1,,,,
D3_05744,G_04323,en,E5x_pooled,0,0.9572206758712063,1,,,,
D3_05745,G_04324,en,E5x_pooled,0,0.8984180916131723,1,,,,
D3_05746,G_04325,en,E5x_pooled,0,0.6403392126872551,0,,,,
D3_05747,G_04326,en,E5x_pooled,0,0.8628823861253583,1,,,,
D3_05748,G_04327,en,E5x_pooled,0,0.881199263885406,1,,,,
D3_05749,G_04328,en,E5x_pooled,0,0.8937087329786014,1,,,,
D3_05750,G_04329,en,E5x_pooled,0,0.9225652403163632,1,,,,
D3_05751,G_04330,en,E5x_pooled,0,0.9025058580019011,1,,,,
D3_05752,G_04331,en,E5x_pooled,0,0.6544296419093456,0,,,,
D3_05753,G_04332,en,E5x_pooled,0,0.7833127685708906,1,,,,
D3_05834,G_04333,en,E5x_pooled,0,0.8554371051483107,1,,,,
D3_05835,G_04334,en,E5x_pooled,0,0.959946090347754,1,,,,
D3_05836,G_04335,en,E5x_pooled,0,0.6927395823659781,0,,,,
D3_05837,G_04336,en,E5x_pooled,0,0.9495874560108466,1,,,,
D3_05838,G_04337,en,E5x_pooled,0,0.5968499516078632,0,,,,
D3_05839,G_04338,en,E5x_pooled,0,0.8539865091286066,1,,,,
D3_05840,G_04339,en,E5x_pooled,0,0.7872315302952599,1,,,,
D3_05841,G_04340,en,E5x_pooled,0,0.8991316844441126,1,,,,
D3_05842,G_04341,en,E5x_pooled,0,0.8290488709675187,1,,,,
D3_05843,G_02735,en,E5x_pooled,0,0.961887077506607,1,,,,
D3_05844,G_04343,en,E5x_pooled,0,0.6647005825624621,0,,,,
D3_05845,G_02760,en,E5x_pooled,0,0.8935639028167179,1,,,,
D3_05846,G_04345,en,E5x_pooled,0,0.6477259962881956,0,,,,
D3_05847,G_04346,en,E5x_pooled,0,0.9507086047042413,1,,,,
D3_05848,G_04347,en,E5x_pooled,0,0.8330756534191097,1,,,,
D3_05849,G_04348,en,E5x_pooled,0,0.9457978868310417,1,,,,
D3_05850,G_04349,en,E5x_pooled,0,0.6806797731370136,0,,,,
D3_05851,G_04350,en,E5x_pooled,0,0.9275952631286875,1,,,,
D3_05852,G_03882,en,E5x_pooled,0,0.8104178919394187,1,,,,
D3_05853,G_04352,en,E5x_pooled,0,0.8741634442105038,1,,,,
D3_05854,G_04353,en,E5x_pooled,0,0.8796628798483146,1,,,,
D3_05855,G_04354,en,E5x_pooled,0,0.9724004956964647,1,,,,
D3_05858,G_04355,en,E5x_pooled,0,0.7415791329013787,1,,,,
D3_05859,G_04356,en,E5x_pooled,0,0.9573622367023824,1,,,,
D3_05860,G_04357,en,E5x_pooled,0,0.78413152384642,1,,,,
D3_05861,G_04358,en,E5x_pooled,0,0.9686078602669963,1,,,,
D3_05862,G_04359,en,E5x_pooled,0,0.5619785045265631,0,,,,
D3_05863,G_04360,en,E5x_pooled,0,0.9249284290380088,1,,,,
D3_05864,G_04361,en,E5x_pooled,0,0.5768919124303968,0,,,,
D3_05865,G_04362,en,E5x_pooled,0,0.9004446584339171,1,,,,
D3_05866,G_04363,en,E5x_pooled,0,0.7243293733446331,1,,,,
D3_05867,G_04364,en,E5x_pooled,0,0.9887708981244304,1,,,,
D3_05868,G_04365,en,E5x_pooled,0,0.9634314530923854,1,,,,
D3_05869,G_04366,en,E5x_pooled,0,0.6988764254027787,0,,,,
D3_05950,G_04367,en,E5x_pooled,0,0.9962147627136535,1,,,,
D3_05951,G_04368,en,E5x_pooled,0,0.9657421687097643,1,,,,
D3_05952,G_04369,en,E5x_pooled,0,0.5951957554767668,0,,,,
D3_05953,G_04370,en,E5x_pooled,0,0.9046230447510106,1,,,,
D3_05954,G_04371,en,E5x_pooled,0,0.948201121989764,1,,,,
D3_05955,G_04372,en,E5x_pooled,0,0.9934502002744059,1,,,,
D3_05956,G_04373,en,E5x_pooled,0,0.9858491540303524,1,,,,
D3_05957,G_04374,en,E5x_pooled,0,0.9608003230742369,1,,,,
D3_05958,G_04375,en,E5x_pooled,0,0.865554604126815,1,,,,
D3_05959,G_04376,en,E5x_pooled,0,0.880819138719764,1,,,,
D3_05960,G_04377,en,E5x_pooled,0,0.9894188430869962,1,,,,
D3_05961,G_04378,en,E5x_pooled,0,0.9970170978157309,1,,,,
D3_05962,G_04379,en,E5x_pooled,0,0.9639300931542739,1,,,,
D3_05963,G_04380,en,E5x_pooled,0,0.9494546324274925,1,,,,
D3_05964,G_04381,en,E5x_pooled,0,0.796326737611073,1,,,,
D3_05965,G_03481,en,E5x_pooled,0,0.9364015569811607,1,,,,
D3_05966,G_04383,en,E5x_pooled,0,0.9791275816954641,1,,,,
D3_05967,G_04384,en,E5x_pooled,0,0.9912950678207599,1,,,,
D3_05968,G_04385,en,E5x_pooled,0,0.9852192218919714,1,,,,
D3_05969,G_04386,en,E5x_pooled,0,0.9667461172620146,1,,,,
D3_05970,G_04387,en,E5x_pooled,0,0.9142733593607202,1,,,,
D3_05972,G_04388,en,E5x_pooled,0,0.9899166277605945,1,,,,
D3_05973,G_02894,en,E5x_pooled,0,0.9971472653310138,1,,,,
D3_05974,G_02862,en,E5x_pooled,0,0.9871482335972555,1,,,,
D3_05975,G_04391,en,E5x_pooled,0,0.6887395528876965,0,,,,
D3_05976,G_04392,en,E5x_pooled,0,0.7716472784516271,1,,,,
D3_05977,G_04393,en,E5x_pooled,0,0.7294447438718239,1,,,,
D3_05978,G_04394,en,E5x_pooled,0,0.919725228386019,1,,,,
D3_05979,G_04395,en,E5x_pooled,0,0.992971547190236,1,,,,
D3_05980,G_04396,en,E5x_pooled,0,0.9567201808996915,1,,,,
D3_05981,G_04397,en,E5x_pooled,0,0.5256496907188716,0,,,,
D3_05982,G_04398,en,E5x_pooled,0,0.5998358477812165,0,,,,
D3_05983,G_04399,en,E5x_pooled,0,0.8249248492180489,1,,,,
D3_05984,G_04400,en,E5x_pooled,0,0.905432482401039,1,,,,
D3_05985,G_04401,en,E5x_pooled,0,0.9810057863657351,1,,,,
D3_06066,G_04402,en,E5x_pooled,0,0.22922104984185607,0,,,,
D3_06067,G_04403,en,E5x_pooled,0,0.7541405866571468,1,,,,
D3_06068,G_04404,en,E5x_pooled,0,0.8865950387994336,1,,,,
D3_06069,G_04405,en,E5x_pooled,0,0.4732839257052781,0,,,,
D3_06070,G_04406,en,E5x_pooled,0,0.8274088838322646,1,,,,
D3_06071,G_04407,en,E5x_pooled,0,0.6972994476318387,0,,,,
D3_06072,G_01667,en,E5x_pooled,0,0.8919178605492618,1,,,,
D3_06073,G_02959,en,E5x_pooled,0,0.20149099905111867,0,,,,
D3_06074,G_04410,en,E5x_pooled,0,0.8874995642826681,1,,,,
D3_06075,G_02977,en,E5x_pooled,0,0.7063081548229805,0,,,,
D3_06076,G_01676,en,E5x_pooled,0,0.8897854088001741,1,,,,
D3_06077,G_01698,en,E5x_pooled,0,0.758369151257353,1,,,,
D3_06078,G_04414,en,E5x_pooled,0,0.6615251357699796,0,,,,
D3_06079,G_04415,en,E5x_pooled,0,0.2604817780205246,0,,,,
D3_06080,G_04416,en,E5x_pooled,0,0.5861954052228193,0,,,,
D3_06081,G_04417,en,E5x_pooled,0,0.7101809821748688,1,,,,
D3_06082,G_01676,en,E5x_pooled,0,0.8106098039029255,1,,,,
D3_06083,G_04419,en,E5x_pooled,0,0.8564928664330965,1,,,,
D3_06084,G_01667,en,E5x_pooled,0,0.9103837490141745,1,,,,
D3_06085,G_02997,en,E5x_pooled,0,0.28994291973030983,0,,,,
D3_06086,G_01669,en,E5x_pooled,0,0.8683798249267531,1,,,,
D3_06087,G_02977,en,E5x_pooled,0,0.8111436630252996,1,,,,
D3_06088,G_01676,en,E5x_pooled,0,0.9066035167020069,1,,,,
D3_06089,G_01698,en,E5x_pooled,0,0.7886791360181171,1,,,,
D3_06090,G_04426,en,E5x_pooled,0,0.8972039667105739,1,,,,
D3_06091,G_04427,en,E5x_pooled,0,0.9202952310438423,1,,,,
D3_06092,G_04428,en,E5x_pooled,0,0.820410465543316,1,,,,
D3_06093,G_04429,en,E5x_pooled,0,0.6180568721547106,0,,,,
D3_06094,G_04430,en,E5x_pooled,0,0.7927151655545943,1,,,,
D3_06095,G_04431,en,E5x_pooled,0,0.7577943626339361,1,,,,
D3_06096,G_04432,en,E5x_pooled,0,0.4731096601935733,0,,,,
D3_06097,G_04433,en,E5x_pooled,0,0.5700348464920807,0,,,,
D3_06098,G_04434,en,E5x_pooled,0,0.6941570779689807,0,,,,
D3_06099,G_04435,en,E5x_pooled,0,0.5986881738311327,0,,,,
D3_06100,G_04436,en,E5x_pooled,0,0.7647161647098971,1,,,,
D3_06101,G_04437,en,E5x_pooled,0,0.4325315828686513,0,,,,
D3_06182,G_04438,en,E5x_pooled,0,0.49768690552051204,0,,,,
D3_06183,G_04439,en,E5x_pooled,0,0.811932903871012,1,,,,
D3_06184,G_04440,en,E5x_pooled,0,0.557740886299248,0,,,,
D3_06185,G_04441,en,E5x_pooled,0,0.9549721851377353,1,,,,
D3_06186,G_04442,en,E5x_pooled,0,0.964812393390798,1,,,,
D3_06187,G_04443,en,E5x_pooled,0,0.6685614180177246,0,,,,
D3_06188,G_01783,en,E5x_pooled,0,0.5272868462232532,0,,,,
D3_06189,G_03579,en,E5x_pooled,0,0.8640121413931005,1,,,,
D3_06190,G_01816,en,E5x_pooled,0,0.7763246956119437,1,,,,
D3_06191,G_03045,en,E5x_pooled,0,0.8591099866749996,1,,,,
D3_06192,G_01819,en,E5x_pooled,0,0.9738841194524014,1,,,,
D3_06194,G_01783,en,E5x_pooled,0,0.4751569041357973,0,,,,
D3_06197,G_04450,en,E5x_pooled,0,0.8520076550022533,1,,,,
D3_06199,G_04451,en,E5x_pooled,0,0.8567504111457159,1,,,,
D3_06200,G_01783,en,E5x_pooled,0,0.6187976796730252,0,,,,
D3_06203,G_03058,en,E5x_pooled,0,0.8799061814449726,1,,,,
D3_06204,G_01819,en,E5x_pooled,0,0.9793983509841293,1,,,,
D3_06205,G_03581,en,E5x_pooled,0,0.8296270279474719,1,,,,
D3_06206,G_04456,en,E5x_pooled,0,0.5360341506767605,0,,,,
D3_06207,G_04457,en,E5x_pooled,0,0.6358320644324595,0,,,,
D3_06208,G_04458,en,E5x_pooled,0,0.6546656678617967,0,,,,
D3_06209,G_03045,en,E5x_pooled,0,0.761419945721832,1,,,,
D3_06211,G_04460,en,E5x_pooled,0,0.7787633142229463,1,,,,
D3_06212,G_04461,en,E5x_pooled,0,0.29792761958796854,0,,,,
D3_06213,G_04462,en,E5x_pooled,0,0.5970350384104407,0,,,,
D3_06215,G_04463,en,E5x_pooled,0,0.8420444047325545,1,,,,
D3_06217,G_04464,en,E5x_pooled,0,0.82940709370815,1,,,,
D3_06298,G_04465,en,E5x_pooled,0,0.5596784281844015,0,,,,
D3_06299,G_04466,en,E5x_pooled,0,0.9494817807960606,1,,,,
D3_06300,G_04467,en,E5x_pooled,0,0.5793714028859964,0,,,,
D3_06301,G_04468,en,E5x_pooled,0,0.7544692671610365,1,,,,
D3_06302,G_04469,en,E5x_pooled,0,0.8306983028091708,1,,,,
D3_06303,G_04470,en,E5x_pooled,0,0.9804274367803306,1,,,,
D3_06304,G_03601,en,E5x_pooled,0,0.5051674420162446,0,,,,
D3_06305,G_01890,en,E5x_pooled,0,0.9653910192287767,1,,,,
D3_06306,G_01896,en,E5x_pooled,0,0.2956071636967383,0,,,,
D3_06307,G_01903,en,E5x_pooled,0,0.897131837391964,1,,,,
D3_06308,G_04475,en,E5x_pooled,0,0.9678389225233373,1,,,,
D3_06309,G_04476,en,E5x_pooled,0,0.9854379799008401,1,,,,
D3_06310,G_03601,en,E5x_pooled,0,0.5199455141636672,0,,,,
D3_06311,G_01890,en,E5x_pooled,0,0.9756628662254816,1,,,,
D3_06312,G_01896,en,E5x_pooled,0,0.2930567119609686,0,,,,
D3_06313,G_04480,en,E5x_pooled,0,0.8768037268130243,1,,,,
D3_06315,G_04476,en,E5x_pooled,0,0.9791022628664919,1,,,,
D3_06317,G_04482,en,E5x_pooled,0,0.9722655651330477,1,,,,
D3_06318,G_04483,en,E5x_pooled,0,0.47110103806780046,0,,,,
D3_06319,G_01903,en,E5x_pooled,0,0.8678774051434665,1,,,,
D3_06320,G_04485,en,E5x_pooled,0,0.9740746837893391,1,,,,
D3_06321,G_04476,en,E5x_pooled,0,0.9851879635067188,1,,,,
D3_06322,G_04487,en,E5x_pooled,0,0.5825300379801738,0,,,,
D3_06323,G_04488,en,E5x_pooled,0,0.8862237593592581,1,,,,
D3_06324,G_04489,en,E5x_pooled,0,0.23353426328148358,0,,,,
D3_06325,G_04490,en,E5x_pooled,0,0.6398264760109351,0,,,,
D3_06326,G_04491,en,E5x_pooled,0,0.9692886670820067,1,,,,
D3_06327,G_04492,en,E5x_pooled,0,0.9568187715404395,1,,,,
D3_06328,G_04493,en,E5x_pooled,0,0.36450027265183704,0,,,,
D3_06329,G_04494,en,E5x_pooled,0,0.851102146634466,1,,,,
D3_06330,G_04495,en,E5x_pooled,0,0.5224315714328333,0,,,,
D3_06331,G_04496,en,E5x_pooled,0,0.7256483285320962,1,,,,
D3_06333,G_04497,en,E5x_pooled,0,0.9633156937632478,1,,,,
D3_06414,G_04498,en,E5x_pooled,0,0.9729525117549731,1,,,,
D3_06415,G_04499,en,E5x_pooled,0,0.960268328367701,1,,,,
D3_06416,G_04500,en,E5x_pooled,0,0.9248269020034339,1,,,,
D3_06417,G_04501,en,E5x_pooled,0,0.9801346463223356,1,,,,
D3_06418,G_04502,en,E5x_pooled,0,0.9973208523812488,1,,,,
D3_06419,G_04503,en,E5x_pooled,0,0.9839504054415464,1,,,,
D3_06420,G_03634,en,E5x_pooled,0,0.9891715502555228,1,,,,
D3_06421,G_02013,en,E5x_pooled,0,0.9678802373920737,1,,,,
D3_06422,G_02007,en,E5x_pooled,0,0.9813062709169126,1,,,,
D3_06423,G_02016,en,E5x_pooled,0,0.9895076847352096,1,,,,
D3_06424,G_03639,en,E5x_pooled,0,0.9965621100209128,1,,,,
D3_06425,G_04084,en,E5x_pooled,0,0.9949474382063711,1,,,,
D3_06426,G_04510,en,E5x_pooled,0,0.9853698936512328,1,,,,
D3_06428,G_04511,en,E5x_pooled,0,0.968951950635487,1,,,,
D3_06429,G_04512,en,E5x_pooled,0,0.9922457202318546,1,,,,
D3_06430,G_03639,en,E5x_pooled,0,0.9969330283494482,1,,,,
D3_06431,G_04084,en,E5x_pooled,0,0.9955108244637335,1,,,,
D3_06432,G_03634,en,E5x_pooled,0,0.9917720905769952,1,,,,
D3_06433,G_02013,en,E5x_pooled,0,0.9457874131217535,1,,,,
D3_06434,G_02007,en,E5x_pooled,0,0.9842360103451585,1,,,,
D3_06435,G_02016,en,E5x_pooled,0,0.9900055246105003,1,,,,
D3_06437,G_04084,en,E5x_pooled,0,0.9950028019162764,1,,,,
D3_06438,G_04520,en,E5x_pooled,0,0.9760792319982553,1,,,,
D3_06439,G_02013,en,E5x_pooled,0,0.969079206230443,1,,,,
D3_06440,G_04522,en,E5x_pooled,0,0.9497950470433929,1,,,,
D3_06441,G_04523,en,E5x_pooled,0,0.9853521760792971,1,,,,
D3_06442,G_04524,en,E5x_pooled,0,0.9975221278142816,1,,,,
D3_06443,G_04525,en,E5x_pooled,0,0.9830521705428684,1,,,,
D3_06444,G_04526,en,E5x_pooled,0,0.9507951209188799,1,,,,
D3_06445,G_04527,en,E5x_pooled,0,0.8835951691445465,1,,,,
D3_06446,G_04528,en,E5x_pooled,0,0.9298053167456597,1,,,,
D3_06447,G_04529,en,E5x_pooled,0,0.9161843825453736,1,,,,
D3_06448,G_04530,en,E5x_pooled,0,0.9861503464842893,1,,,,
D3_06449,G_04531,en,E5x_pooled,0,0.9559305958828137,1,,,,
D3_06531,G_04532,en,E5x_pooled,0,0.5904146069420371,0,,,,
D3_06532,G_04533,en,E5x_pooled,0,0.30802044593389477,0,,,,
D3_06533,G_04534,en,E5x_pooled,0,0.9597519350236207,1,,,,
D3_06534,G_04535,en,E5x_pooled,0,0.74019845519908,1,,,,
D3_06535,G_04536,en,E5x_pooled,0,0.9475595417931705,1,,,,
D3_06536,G_04537,en,E5x_pooled,0,0.9643972206184543,1,,,,
D3_06537,G_02119,en,E5x_pooled,0,0.6795309780828729,0,,,,
D3_06538,G_02126,en,E5x_pooled,0,0.8793970844053925,1,,,,
D3_06539,G_04540,en,E5x_pooled,0,0.9679481607295084,1,,,,
D3_06540,G_04541,en,E5x_pooled,0,0.8995672049448104,1,,,,
D3_06541,G_04542,en,E5x_pooled,0,0.9507044037428796,1,,,,
D3_06542,G_03168,en,E5x_pooled,0,0.965328579116757,1,,,,
D3_06543,G_04544,en,E5x_pooled,0,0.5766404542827869,0,,,,
D3_06544,G_04545,en,E5x_pooled,0,0.8779063739010612,1,,,,
D3_06546,G_02135,en,E5x_pooled,0,0.8930320337764047,1,,,,
D3_06547,G_04542,en,E5x_pooled,0,0.9461202656775208,1,,,,
D3_06548,G_04548,en,E5x_pooled,0,0.9425325407998563,1,,,,
D3_06550,G_04549,en,E5x_pooled,0,0.9151775109475773,1,,,,
D3_06552,G_02135,en,E5x_pooled,0,0.8669804041259288,1,,,,
D3_06553,G_04542,en,E5x_pooled,0,0.9476370643165072,1,,,,
D3_06554,G_04552,en,E5x_pooled,0,0.972135341250492,1,,,,
D3_06555,G_04553,en,E5x_pooled,0,0.6140144640539748,0,,,,
D3_06556,G_02126,en,E5x_pooled,0,0.8864376080546884,1,,,,
D3_06558,G_04555,en,E5x_pooled,0,0.8826374956070795,1,,,,
D3_06559,G_04556,en,E5x_pooled,0,0.9609119968126952,1,,,,
D3_06560,G_04557,en,E5x_pooled,0,0.9670945850192998,1,,,,
D3_06561,G_04558,en,E5x_pooled,0,0.5383137848886103,0,,,,
D3_06562,G_04559,en,E5x_pooled,0,0.6652526449017021,0,,,,
D3_06563,G_04560,en,E5x_pooled,0,0.6477164414643802,0,,,,
D3_06564,G_04561,en,E5x_pooled,0,0.8360427287040507,1,,,,
D3_06565,G_04562,en,E5x_pooled,0,0.9832479733597738,1,,,,
D3_06566,G_04563,en,E5x_pooled,0,0.9482236802108538,1,,,,
D3_06648,G_04564,en,E5x_pooled,0,0.6367865532995336,0,,,,
D3_06649,G_04565,en,E5x_pooled,0,0.8890727640437459,1,,,,
D3_06650,G_04566,en,E5x_pooled,0,0.7578225559007155,1,,,,
D3_06651,G_04567,en,E5x_pooled,0,0.8288297219697279,1,,,,
D3_06652,G_04568,en,E5x_pooled,0,0.9666978751245212,1,,,,
D3_06653,G_04569,en,E5x_pooled,0,0.7481889682861538,1,,,,
D3_06654,G_02235,en,E5x_pooled,0,0.5576502972297048,0,,,,
D3_06655,G_02239,en,E5x_pooled,0,0.7934804498747572,1,,,,
D3_06656,G_02243,en,E5x_pooled,0,0.7425724383263815,1,,,,
D3_06657,G_04642,en,E5x_pooled,0,0.7845973473892234,1,,,,
D3_06658,G_03281,en,E5x_pooled,0,0.9806925263960827,1,,,,
D3_06659,G_02249,en,E5x_pooled,0,0.7771496843983267,1,,,,
D3_06660,G_02235,en,E5x_pooled,0,0.6576979251009025,0,,,,
D3_06661,G_02239,en,E5x_pooled,0,0.8088590450163203,1,,,,
D3_06662,G_04578,en,E5x_pooled,0,0.6971034720177856,0,,,,
D3_06663,G_04579,en,E5x_pooled,0,0.8634013307452291,1,,,,
D3_06665,G_02249,en,E5x_pooled,0,0.691596790934508,0,,,,
D3_06666,G_04581,en,E5x_pooled,0,0.6504054274995069,0,,,,
D3_06669,G_04642,en,E5x_pooled,0,0.8191277198922335,1,,,,
D3_06671,G_02249,en,E5x_pooled,0,0.7530901193448505,1,,,,
D3_06672,G_04584,en,E5x_pooled,0,0.5803820885512636,0,,,,
D3_06673,G_04585,en,E5x_pooled,0,0.6729258843738812,0,,,,
D3_06674,G_02243,en,E5x_pooled,0,0.6506001146209732,0,,,,
D3_06675,G_04587,en,E5x_pooled,0,0.8346385509622333,1,,,,
D3_06676,G_03281,en,E5x_pooled,0,0.9639328660206573,1,,,,
D3_06677,G_04589,en,E5x_pooled,0,0.7906161272177114,1,,,,
D3_06678,G_04590,en,E5x_pooled,0,0.48494178026068396,0,,,,
D3_06679,G_04591,en,E5x_pooled,0,0.8423802333991036,1,,,,
D3_06680,G_04592,en,E5x_pooled,0,0.6095629315423429,0,,,,
D3_06681,G_04593,en,E5x_pooled,0,0.8016296020036869,1,,,,
D3_06682,G_03281,en,E5x_pooled,0,0.9786399145918414,1,,,,
D3_06683,G_04595,en,E5x_pooled,0,0.5048247982608924,0,,,,
D3_06764,G_04596,en,E5x_pooled,0,0.6967451185520265,0,,,,
D3_06765,G_04597,en,E5x_pooled,0,0.3712689909220109,0,,,,
D3_06766,G_04598,en,E5x_pooled,0,0.6575404657800736,0,,,,
D3_06767,G_04599,en,E5x_pooled,0,0.9070036850406971,1,,,,
D3_06768,G_04600,en,E5x_pooled,0,0.13651588561209782,0,,,,
D3_06769,G_04601,en,E5x_pooled,0,0.8969526176443567,1,,,,
D3_06770,G_04180,en,E5x_pooled,0,0.8181303304435157,1,,,,
D3_06771,G_02355,en,E5x_pooled,0,0.6216941681423375,0,,,,
D3_06772,G_03219,en,E5x_pooled,0,0.692285207848258,0,,,,
D3_06773,G_04605,en,E5x_pooled,0,0.9806242396044752,1,,,,
D3_06774,G_03230,en,E5x_pooled,0,0.9619347609542724,1,,,,
D3_06775,G_02363,en,E5x_pooled,0,0.7450710169577137,1,,,,
D3_06776,G_04180,en,E5x_pooled,0,0.5872379034179238,0,,,,
D3_06777,G_02355,en,E5x_pooled,0,0.6072368097694876,0,,,,
D3_06779,G_04610,en,E5x_pooled,0,0.9102251935562198,1,,,,
D3_06780,G_03230,en,E5x_pooled,0,0.8739313825436668,1,,,,
D3_06782,G_04612,en,E5x_pooled,0,0.8664860085883476,1,,,,
D3_06783,G_03255,en,E5x_pooled,0,0.7468332227677174,1,,,,
D3_06785,G_02364,en,E5x_pooled,0,0.9849384981307086,1,,,,
D3_06787,G_02363,en,E5x_pooled,0,0.7489284492572511,1,,,,
D3_06788,G_04180,en,E5x_pooled,0,0.8239728635131677,1,,,,
D3_06789,G_04617,en,E5x_pooled,0,0.6746120552253877,0,,,,
D3_06790,G_03219,en,E5x_pooled,0,0.7160312728979799,1,,,,
D3_06791,G_04619,en,E5x_pooled,0,0.9687621010900976,1,,,,
D3_06792,G_04620,en,E5x_pooled,0,0.7673631525988275,1,,,,
D3_06793,G_04621,en,E5x_pooled,0,0.8317286922392982,1,,,,
D3_06794,G_04622,en,E5x_pooled,0,0.6451420709238409,0,,,,
D3_06795,G_04623,en,E5x_pooled,0,0.6197243746344491,0,,,,
D3_06796,G_04624,en,E5x_pooled,0,0.3625516373526246,0,,,,
D3_06797,G_04625,en,E5x_pooled,0,0.9800771528069684,1,,,,
D3_06798,G_04626,en,E5x_pooled,0,0.5787684046692089,0,,,,
D3_06799,G_04627,en,E5x_pooled,0,0.6789189849191836,0,,,,
D3_06881,G_04628,en,E5x_pooled,0,0.9675853471510385,1,,,,
D3_06882,G_04629,en,E5x_pooled,0,0.9101068637095647,1,,,,
D3_06883,G_04630,en,E5x_pooled,0,0.950198170643284,1,,,,
D3_06884,G_04631,en,E5x_pooled,0,0.7458156061068516,1,,,,
D3_06885,G_04632,en,E5x_pooled,0,0.9316543900137944,1,,,,
D3_06886,G_04633,en,E5x_pooled,0,0.9913899099642633,1,,,,
D3_06887,G_04639,en,E5x_pooled,0,0.9640242028498854,1,,,,
D3_06888,G_04635,en,E5x_pooled,0,0.8959801674541226,1,,,,
D3_06889,G_04636,en,E5x_pooled,0,0.9560597422942375,1,,,,
D3_06890,G_04637,en,E5x_pooled,0,0.7886365374294028,1,,,,
D3_06891,G_02468,en,E5x_pooled,0,0.8925589924560778,1,,,,
D3_06893,G_04639,en,E5x_pooled,0,0.9540364388105411,1,,,,
D3_06894,G_04635,en,E5x_pooled,0,0.8976290610254037,1,,,,
D3_06895,G_02242,en,E5x_pooled,0,0.9588140046920779,1,,,,
D3_06896,G_04642,en,E5x_pooled,0,0.781914253332132,1,,,,
D3_06899,G_04643,en,E5x_pooled,0,0.9694263818653728,1,,,,
D3_06900,G_04644,en,E5x_pooled,0,0.9292861151960204,1,,,,
D3_06901,G_04645,en,E5x_pooled,0,0.9681370061600172,1,,,,
D3_06902,G_04642,en,E5x_pooled,0,0.849823824309335,1,,,,
D3_06903,G_04647,en,E5x_pooled,0,0.9220691491570261,1,,,,
D3_06905,G_04639,en,E5x_pooled,0,0.9662707545279089,1,,,,
D3_06906,G_04635,en,E5x_pooled,0,0.8933232695593596,1,,,,
D3_06907,G_02242,en,E5x_pooled,0,0.9594691326250699,1,,,,
D3_06908,G_04651,en,E5x_pooled,0,0.7188292887299984,1,,,,
D3_06909,G_04652,en,E5x_pooled,0,0.8584198131558152,1,,,,
D3_06911,G_04653,en,E5x_pooled,0,0.5485452647230991,0,,,,
D3_06912,G_04654,en,E5x_pooled,0,0.8444171958049842,1,,,,
D3_06913,G_04655,en,E5x_pooled,0,0.956722553207982,1,,,,
D3_06914,G_04656,en,E5x_pooled,0,0.7323428352483288,1,,,,
D3_06915,G_02468,en,E5x_pooled,0,0.9454646153973189,1,,,,
D3_06997,G_04658,en,E5x_pooled,0,0.9649756843356289,1,,,,
D3_06998,G_04659,en,E5x_pooled,0,0.7933735505183744,1,,,,
D3_06999,G_04660,en,E5x_pooled,0,0.9880794832399679,1,,,,
D3_07000,G_04661,en,E5x_pooled,0,0.992747953560047,1,,,,
D3_07001,G_04662,en,E5x_pooled,0,0.983805233672947,1,,,,
D3_07002,G_04663,en,E5x_pooled,0,0.9954115960309714,1,,,,
D3_07003,G_02501,en,E5x_pooled,0,0.9883422399114514,1,,,,
D3_07004,G_02497,en,E5x_pooled,0,0.9317525882114279,1,,,,
D3_07005,G_02519,en,E5x_pooled,0,0.9845770388160859,1,,,,
D3_07006,G_02503,en,E5x_pooled,0,0.9905593615647355,1,,,,
D3_07007,G_03806,en,E5x_pooled,0,0.9950894388084758,1,,,,
D3_07008,G_02509,en,E5x_pooled,0,0.9814618224615671,1,,,,
D3_07009,G_02501,en,E5x_pooled,0,0.964738853956185,1,,,,
D3_07010,G_04671,en,E5x_pooled,0,0.9324266401940337,1,,,,
D3_07011,G_04672,en,E5x_pooled,0,0.9586211594605091,1,,,,
D3_07012,G_04673,en,E5x_pooled,0,0.9648303825026823,1,,,,
D3_07013,G_04674,en,E5x_pooled,0,0.9898186080701776,1,,,,
D3_07014,G_02509,en,E5x_pooled,0,0.9863925724893294,1,,,,
D3_07015,G_04676,en,E5x_pooled,0,0.991119301218456,1,,,,
D3_07016,G_04677,en,E5x_pooled,0,0.9560881562700069,1,,,,
D3_07020,G_04678,en,E5x_pooled,0,0.9863782116108686,1,,,,
D3_07021,G_02501,en,E5x_pooled,0,0.9897206509232868,1,,,,
D3_07022,G_04680,en,E5x_pooled,0,0.8803459360603358,1,,,,
D3_07023,G_02519,en,E5x_pooled,0,0.9892052070599069,1,,,,
D3_07024,G_04682,en,E5x_pooled,0,0.9729368107178806,1,,,,
D3_07025,G_03806,en,E5x_pooled,0,0.9951787562773347,1,,,,
D3_07027,G_04684,en,E5x_pooled,0,0.9246989301998347,1,,,,
D3_07028,G_04685,en,E5x_pooled,0,0.6602892521788672,0,,,,
D3_07029,G_04686,en,E5x_pooled,0,0.977774491909161,1,,,,
D3_07030,G_02503,en,E5x_pooled,0,0.975274224380475,1,,,,
D3_07031,G_04688,en,E5x_pooled,0,0.9960656683697079,1,,,,
D3_07032,G_04689,en,E5x_pooled,0,0.8026735097141308,1,,,,
D3_07113,G_04690,en,E5x_pooled,0,0.9759421088955691,1,,,,
D3_07114,G_04691,en,E5x_pooled,0,0.8829402467620149,1,,,,
D3_07115,G_04692,en,E5x_pooled,0,0.9248189712638881,1,,,,
D3_07116,G_02613,en,E5x_pooled,0,0.9314636763598353,1,,,,
D3_07117,G_04694,en,E5x_pooled,0,0.9586487321099361,1,,,,
D3_07118,G_04695,en,E5x_pooled,0,0.9851413422757076,1,,,,
D3_07119,G_02607,en,E5x_pooled,0,0.9785578487506075,1,,,,
D3_07120,G_02603,en,E5x_pooled,0,0.9366310675016442,1,,,,
D3_07121,G_02610,en,E5x_pooled,0,0.9816627065596727,1,,,,
D3_07122,G_04699,en,E5x_pooled,0,0.9668060889650619,1,,,,
D3_07123,G_02613,en,E5x_pooled,0,0.9136341073493512,1,,,,
D3_07124,G_02621,en,E5x_pooled,0,0.9780911363520918,1,,,,
D3_07125,G_04702,en,E5x_pooled,0,0.9752583310768719,1,,,,
D3_07126,G_04703,en,E5x_pooled,0,0.9050457645222897,1,,,,
D3_07127,G_04704,en,E5x_pooled,0,0.9798439859165361,1,,,,
D3_07128,G_04699,en,E5x_pooled,0,0.956836217220652,1,,,,
D3_07129,G_04706,en,E5x_pooled,0,0.9219006197938984,1,,,,
D3_07131,G_04707,en,E5x_pooled,0,0.9822292938029503,1,,,,
D3_07132,G_04708,en,E5x_pooled,0,0.9320504941847432,1,,,,
D3_07133,G_02610,en,E5x_pooled,0,0.9858602374536085,1,,,,
D3_07135,G_02613,en,E5x_pooled,0,0.9147529929809978,1,,,,
D3_07137,G_04711,en,E5x_pooled,0,0.9791475454925846,1,,,,
D3_07138,G_02603,en,E5x_pooled,0,0.9035920250366261,1,,,,
D3_07139,G_04713,en,E5x_pooled,0,0.9872648456270608,1,,,,
D3_07140,G_04714,en,E5x_pooled,0,0.8997381601583371,1,,,,
D3_07141,G_04715,en,E5x_pooled,0,0.9083448793152475,1,,,,
D3_07142,G_04716,en,E5x_pooled,0,0.9669996100237325,1,,,,
D3_07143,G_04717,en,E5x_pooled,0,0.9734113737164596,1,,,,
D3_07144,G_04718,en,E5x_pooled,0,0.7924853425293605,1,,,,
D3_07145,G_04719,en,E5x_pooled,0,0.9797649457767207,1,,,,
D3_07146,G_04720,en,E5x_pooled,0,0.9488975426743552,1,,,,
D3_07147,G_04721,en,E5x_pooled,0,0.8792170739570861,1,,,,
D3_07148,G_04722,en,E5x_pooled,0,0.9611835428473998,1,,,,
D3_07229,G_04723,en,E5x_pooled,0,0.8798039210676551,1,,,,
D3_07231,G_04724,en,E5x_pooled,0,0.955271788155963,1,,,,
D3_07232,G_04725,en,E5x_pooled,0,0.7019750447816433,0,,,,
D3_07233,G_04726,en,E5x_pooled,0,0.9794453774322562,1,,,,
D3_07234,G_04727,en,E5x_pooled,0,0.9848416666722926,1,,,,
D3_07235,G_03387,en,E5x_pooled,0,0.9020081302791891,1,,,,
D3_07236,G_04729,en,E5x_pooled,0,0.7872315302952599,1,,,,
D3_07237,G_03384,en,E5x_pooled,0,0.9515890131834037,1,,,,
D3_07238,G_04731,en,E5x_pooled,0,0.6681470780654898,0,,,,
D3_07239,G_04732,en,E5x_pooled,0,0.9805203865152038,1,,,,
D3_07240,G_02732,en,E5x_pooled,0,0.9802221709352752,1,,,,
D3_07241,G_04734,en,E5x_pooled,0,0.9817136445780095,1,,,,
D3_07243,G_04735,en,E5x_pooled,0,0.9255076389320943,1,,,,
D3_07244,G_04736,en,E5x_pooled,0,0.43103585842855807,0,,,,
D3_07245,G_04737,en,E5x_pooled,0,0.9797259314727501,1,,,,
D3_07246,G_04738,en,E5x_pooled,0,0.9750519392815733,1,,,,
D3_07247,G_04352,en,E5x_pooled,0,0.8729258850870525,1,,,,
D3_07249,G_04317,en,E5x_pooled,0,0.92481785985982,1,,,,
D3_07252,G_04741,en,E5x_pooled,0,0.964872145131338,1,,,,
D3_07253,G_04742,en,E5x_pooled,0,0.815235209739052,1,,,,
D3_07255,G_04743,en,E5x_pooled,0,0.9506151777184636,1,,,,
D3_07256,G_04744,en,E5x_pooled,0,0.5837529144687195,0,,,,
D3_07257,G_02730,en,E5x_pooled,0,0.989106467029836,1,,,,
D3_07258,G_04746,en,E5x_pooled,0,0.9864014490570321,1,,,,
D3_07259,G_04747,en,E5x_pooled,0,0.8381284348699237,1,,,,
D3_07261,G_04748,en,E5x_pooled,0,0.9213102953591564,1,,,,
D3_07262,G_04749,en,E5x_pooled,0,0.6105063594971087,0,,,,
D3_07263,G_04750,en,E5x_pooled,0,0.9542374233041696,1,,,,
D3_07264,G_04751,en,E5x_pooled,0,0.915808034535672,1,,,,
D3_07345,G_04752,en,E5x_pooled,0,0.8681547156282836,1,,,,
D3_07346,G_04753,en,E5x_pooled,0,0.6908750983575096,0,,,,
D3_07347,G_04754,en,E5x_pooled,0,0.7962042937045896,1,,,,
D3_07348,G_04755,en,E5x_pooled,0,0.7739385602072696,1,,,,
D3_07349,G_04756,en,E5x_pooled,0,0.9378980316898637,1,,,,
D3_07350,G_04757,en,E5x_pooled,0,0.9714323582955332,1,,,,
D3_07351,G_03384,en,E5x_pooled,0,0.9513850664441986,1,,,,
D3_07352,G_04759,en,E5x_pooled,0,0.8180985261481921,1,,,,
D3_07353,G_04760,en,E5x_pooled,0,0.6335510580331595,0,,,,
D3_07354,G_04761,en,E5x_pooled,0,0.9862257441414085,1,,,,
D3_07355,G_04309,en,E5x_pooled,0,0.9385417663459926,1,,,,
D3_07356,G_04763,en,E5x_pooled,0,0.9781905943871145,1,,,,
D3_07357,G_04764,en,E5x_pooled,0,0.9652900119890884,1,,,,
D3_07358,G_02721,en,E5x_pooled,0,0.7922204587409083,1,,,,
D3_07359,G_04766,en,E5x_pooled,0,0.7982675011537611,1,,,,
D3_07360,G_04767,en,E5x_pooled,0,0.9815487403737233,1,,,,
D3_07361,G_04768,en,E5x_pooled,0,0.9580590916462746,1,,,,
D3_07362,G_04769,en,E5x_pooled,0,0.9818730353915242,1,,,,
D3_07364,G_02759,en,E5x_pooled,0,0.8555627668703659,1,,,,
D3_07365,G_04771,en,E5x_pooled,0,0.7612872038157814,1,,,,
D3_07366,G_04772,en,E5x_pooled,0,0.9870484714555693,1,,,,
D3_07368,G_04773,en,E5x_pooled,0,0.964971050656025,1,,,,
D3_07369,G_04774,en,E5x_pooled,0,0.9436265872028122,1,,,,
D3_07370,G_04775,en,E5x_pooled,0,0.6601826403800948,0,,,,
D3_07371,G_04776,en,E5x_pooled,0,0.640814331245012,0,,,,
D3_07372,G_04777,en,E5x_pooled,0,0.9692195458285855,1,,,,
D3_07373,G_02738,en,E5x_pooled,0,0.9284146340606889,1,,,,
D3_07374,G_02737,en,E5x_pooled,0,0.984128808696045,1,,,,
D3_07375,G_04780,en,E5x_pooled,0,0.9747260843296615,1,,,,
D3_07376,G_04781,en,E5x_pooled,0,0.7148649549338179,1,,,,
D3_07377,G_04782,en,E5x_pooled,0,0.8836591692361205,1,,,,
D3_07378,G_04783,en,E5x_pooled,0,0.9983146016891435,1,,,,
D3_07379,G_04784,en,E5x_pooled,0,0.926332986938457,1,,,,
D3_07380,G_04785,en,E5x_pooled,0,0.9804758093126075,1,,,,
D3_07462,G_04786,en,E5x_pooled,0,0.9854658017295762,1,,,,
D3_07463,G_04787,en,E5x_pooled,0,0.9911227042464628,1,,,,
D3_07464,G_04788,en,E5x_pooled,0,0.984640116116125,1,,,,
D3_07465,G_04789,en,E5x_pooled,0,0.916307209149153,1,,,,
D3_07466,G_04790,en,E5x_pooled,0,0.9264620173880029,1,,,,
D3_07467,G_04791,en,E5x_pooled,0,0.9685764132479517,1,,,,
D3_07468,G_04792,en,E5x_pooled,0,0.9813212094650181,1,,,,
D3_07470,G_04793,en,E5x_pooled,0,0.9979898350363371,1,,,,
D3_07471,G_04794,en,E5x_pooled,0,0.9675496437315075,1,,,,
D3_07472,G_04795,en,E5x_pooled,0,0.9488857889044919,1,,,,
D3_07473,G_04796,en,E5x_pooled,0,0.9645681376489551,1,,,,
D3_07475,G_03470,en,E5x_pooled,0,0.9641895771326733,1,,,,
D3_07476,G_04798,en,E5x_pooled,0,0.9939010556347601,1,,,,
D3_07477,G_02872,en,E5x_pooled,0,0.9746454975209149,1,,,,
D3_07478,G_02867,en,E5x_pooled,0,0.9348966935368956,1,,,,
D3_07480,G_04801,en,E5x_pooled,0,0.9813690719519133,1,,,,
D3_07481,G_03508,en,E5x_pooled,0,0.9918145561332801,1,,,,
D3_07482,G_04803,en,E5x_pooled,0,0.99704825907951,1,,,,
D3_07483,G_04804,en,E5x_pooled,0,0.9735224908672843,1,,,,
D3_07484,G_04805,en,E5x_pooled,0,0.9590502768308606,1,,,,
D3_07485,G_02863,en,E5x_pooled,0,0.9012752041147117,1,,,,
D3_07486,G_04786,en,E5x_pooled,0,0.979993129927125,1,,,,
D3_07487,G_04808,en,E5x_pooled,0,0.9737478420935328,1,,,,
D3_07488,G_04809,en,E5x_pooled,0,0.9978570033190839,1,,,,
D3_07490,G_04810,en,E5x_pooled,0,0.9526268635826952,1,,,,
D3_07491,G_04811,en,E5x_pooled,0,0.7225582435752849,1,,,,
D3_07493,G_04812,en,E5x_pooled,0,0.9453057610932442,1,,,,
D3_07494,G_02868,en,E5x_pooled,0,0.9978180552843413,1,,,,
D3_07495,G_04814,en,E5x_pooled,0,0.9298893324934864,1,,,,
D3_07576,G_04815,en,E5x_pooled,0,0.4199598299322089,0,,,,
D3_07577,G_04816,en,E5x_pooled,0,0.5362868700367017,0,,,,
D3_07578,G_04817,en,E5x_pooled,0,0.35977334437725295,0,,,,
D3_07579,G_04818,en,E5x_pooled,0,0.7169881436915297,1,,,,
D3_07580,G_04819,en,E5x_pooled,0,0.8827327811279857,1,,,,
D3_07581,G_04820,en,E5x_pooled,0,0.36259828743260547,0,,,,
D3_07582,G_01667,en,E5x_pooled,0,0.8943775858423224,1,,,,
D3_07583,G_01663,en,E5x_pooled,0,0.810054377381548,1,,,,
D3_07584,G_01666,en,E5x_pooled,0,0.3125863539680455,0,,,,
D3_07585,G_01679,en,E5x_pooled,0,0.7531627724936182,1,,,,
D3_07586,G_01680,en,E5x_pooled,0,0.8980287367717024,1,,,,
D3_07587,G_01676,en,E5x_pooled,0,0.8902479429745077,1,,,,
D3_07588,G_04827,en,E5x_pooled,0,0.7229753672425748,1,,,,
D3_07589,G_04828,en,E5x_pooled,0,0.8411106492155583,1,,,,
D3_07590,G_04829,en,E5x_pooled,0,0.2648469143385948,0,,,,
D3_07591,G_04830,en,E5x_pooled,0,0.810610948534552,1,,,,
D3_07592,G_04831,en,E5x_pooled,0,0.9274997999821195,1,,,,
D3_07593,G_01676,en,E5x_pooled,0,0.8952242645805292,1,,,,
D3_07594,G_01667,en,E5x_pooled,0,0.8835055807166609,1,,,,
D3_07595,G_01663,en,E5x_pooled,0,0.8628871533482677,1,,,,
D3_07596,G_04835,en,E5x_pooled,0,0.5134040058359106,0,,,,
D3_07598,G_01680,en,E5x_pooled,0,0.9142875759433898,1,,,,
D3_07599,G_01676,en,E5x_pooled,0,0.8867008410506376,1,,,,
D3_07600,G_04838,en,E5x_pooled,0,0.8900223365555047,1,,,,
D3_07601,G_04839,en,E5x_pooled,0,0.5212970611780485,0,,,,
D3_07602,G_04840,en,E5x_pooled,0,0.6495767233376755,0,,,,
D3_07603,G_04841,en,E5x_pooled,0,0.6716449745216281,0,,,,
D3_07604,G_04842,en,E5x_pooled,0,0.7485175821468774,1,,,,
D3_07605,G_04843,en,E5x_pooled,0,0.7594742256163676,1,,,,
D3_07606,G_04844,en,E5x_pooled,0,0.924886372143405,1,,,,
D3_07607,G_04845,en,E5x_pooled,0,0.22182582760726752,0,,,,
D3_07608,G_04846,en,E5x_pooled,0,0.6068895162074331,0,,,,
D3_07609,G_04847,en,E5x_pooled,0,0.9168855655442083,1,,,,
D3_07610,G_04848,en,E5x_pooled,0,0.8544080303381684,1,,,,
D3_07611,G_04849,en,E5x_pooled,0,0.8875662213822361,1,,,,
D3_07692,G_04850,en,E5x_pooled,0,0.4224226164491565,0,,,,
D3_07693,G_04851,en,E5x_pooled,0,0.3934090363946124,0,,,,
D3_07694,G_04852,en,E5x_pooled,0,0.5795596463030339,0,,,,
D3_07695,G_04853,en,E5x_pooled,0,0.6466471234500635,0,,,,
D3_07696,G_04854,en,E5x_pooled,0,0.9621901521930815,1,,,,
D3_07697,G_04855,en,E5x_pooled,0,0.9365627683413092,1,,,,
D3_07698,G_01783,en,E5x_pooled,0,0.5272868462232532,0,,,,
D3_07699,G_03579,en,E5x_pooled,0,0.8633438834041329,1,,,,
D3_07700,G_01816,en,E5x_pooled,0,0.7943721752594624,1,,,,
D3_07701,G_03045,en,E5x_pooled,0,0.8614498026333933,1,,,,
D3_07702,G_01819,en,E5x_pooled,0,0.9739215114453762,1,,,,
D3_07703,G_01794,en,E5x_pooled,0,0.7823402227759081,1,,,,
D3_07704,G_04862,en,E5x_pooled,0,0.5662825278890088,0,,,,
D3_07706,G_04863,en,E5x_pooled,0,0.6643304750729966,0,,,,
D3_07707,G_04864,en,E5x_pooled,0,0.7524434429024225,1,,,,
D3_07709,G_04865,en,E5x_pooled,0,0.7811833160615114,1,,,,
D3_07710,G_01783,en,E5x_pooled,0,0.6223277877520627,0,,,,
D3_07711,G_04867,en,E5x_pooled,0,0.890903953559327,1,,,,
D3_07713,G_03045,en,E5x_pooled,0,0.8983467797214375,1,,,,
D3_07714,G_01819,en,E5x_pooled,0,0.9782431592299495,1,,,,
D3_07715,G_03581,en,E5x_pooled,0,0.8315326848738029,1,,,,
D3_07716,G_04871,en,E5x_pooled,0,0.2957107780644045,0,,,,
D3_07718,G_04872,en,E5x_pooled,0,0.7007633883784656,0,,,,
D3_07719,G_04873,en,E5x_pooled,0,0.8426461856617999,1,,,,
D3_07721,G_04874,en,E5x_pooled,0,0.7832260316551396,1,,,,
D3_07722,G_04875,en,E5x_pooled,0,0.44255676666860516,0,,,,
D3_07724,G_04876,en,E5x_pooled,0,0.6064064361216341,0,,,,
D3_07725,G_04877,en,E5x_pooled,0,0.8918665839169221,1,,,,
D3_07727,G_04878,en,E5x_pooled,0,0.7627961911551686,1,,,,
D3_07809,G_04879,en,E5x_pooled,0,0.8972136677836084,1,,,,
D3_07810,G_04880,en,E5x_pooled,0,0.9749801680147613,1,,,,
D3_07811,G_04881,en,E5x_pooled,0,0.7678977383239615,1,,,,
D3_07812,G_04882,en,E5x_pooled,0,0.8192925221933437,1,,,,
D3_07813,G_04883,en,E5x_pooled,0,0.8366187863278001,1,,,,
D3_07814,G_04884,en,E5x_pooled,0,0.8340259098012606,1,,,,
D3_07815,G_01893,en,E5x_pooled,0,0.955543426808896,1,,,,
D3_07816,G_03601,en,E5x_pooled,0,0.4982201191504766,0,,,,
D3_07817,G_01897,en,E5x_pooled,0,0.9404006625243656,1,,,,
D3_07818,G_01903,en,E5x_pooled,0,0.8949750191567212,1,,,,
D3_07819,G_04475,en,E5x_pooled,0,0.9670283480567808,1,,,,
D3_07820,G_04476,en,E5x_pooled,0,0.9841498335231651,1,,,,
D3_07821,G_04891,en,E5x_pooled,0,0.7280899898775782,1,,,,
D3_07822,G_04892,en,E5x_pooled,0,0.3434392333951379,0,,,,
D3_07823,G_04893,en,E5x_pooled,0,0.9107312355902127,1,,,,
D3_07824,G_04894,en,E5x_pooled,0,0.815388478727447,1,,,,
D3_07825,G_04895,en,E5x_pooled,0,0.9703534211597186,1,,,,
D3_07826,G_04476,en,E5x_pooled,0,0.8814268399046461,1,,,,
D3_07827,G_04897,en,E5x_pooled,0,0.9694682909413092,1,,,,
D3_07829,G_04898,en,E5x_pooled,0,0.9533476248320103,1,,,,
D3_07830,G_04899,en,E5x_pooled,0,0.9174397037216772,1,,,,
D3_07833,G_04900,en,E5x_pooled,0,0.808621515452739,1,,,,
D3_07834,G_04901,en,E5x_pooled,0,0.38470851914791065,0,,,,
D3_07835,G_04902,en,E5x_pooled,0,0.8478679665343405,1,,,,
D3_07836,G_01903,en,E5x_pooled,0,0.9094350642811233,1,,,,
D3_07837,G_04904,en,E5x_pooled,0,0.9827821710088065,1,,,,
D3_07838,G_04905,en,E5x_pooled,0,0.9862234358770015,1,,,,
D3_07839,G_04906,en,E5x_pooled,0,0.27437538990232635,0,,,,
D3_07840,G_04907,en,E5x_pooled,0,0.3032804952035658,0,,,,
D3_07841,G_04908,en,E5x_pooled,0,0.6266836326771433,0,,,,
D3_07842,G_04909,en,E5x_pooled,0,0.7831760191634264,1,,,,
D3_07843,G_04910,en,E5x_pooled,0,0.8715278311621562,1,,,,
D3_07844,G_04911,en,E5x_pooled,0,0.8617227591804963,1,,,,
D3_07925,G_04912,en,E5x_pooled,0,0.98062731511831,1,,,,
D3_07926,G_04913,en,E5x_pooled,0,0.9630262102536639,1,,,,
D3_07927,G_04914,en,E5x_pooled,0,0.8499381648110833,1,,,,
D3_07928,G_04915,en,E5x_pooled,0,0.9741264522913384,1,,,,
D3_07929,G_04916,en,E5x_pooled,0,0.9956023223809,1,,,,
D3_07930,G_04917,en,E5x_pooled,0,0.9946511955801297,1,,,,
D3_07932,G_02011,en,E5x_pooled,0,0.9842723568544838,1,,,,
D3_07933,G_02014,en,E5x_pooled,0,0.9547416487940025,1,,,,
D3_07934,G_02016,en,E5x_pooled,0,0.9898526471538507,1,,,,
D3_07935,G_02020,en,E5x_pooled,0,0.9958482704795588,1,,,,
D3_07936,G_03639,en,E5x_pooled,0,0.996576612143085,1,,,,
D3_07937,G_04923,en,E5x_pooled,0,0.984739850425845,1,,,,
D3_07939,G_02014,en,E5x_pooled,0,0.9578973359682573,1,,,,
D3_07940,G_04925,en,E5x_pooled,0,0.9862003473591506,1,,,,
D3_07941,G_02020,en,E5x_pooled,0,0.9973314482567972,1,,,,
D3_07942,G_03639,en,E5x_pooled,0,0.9970559656295569,1,,,,
D3_07943,G_03634,en,E5x_pooled,0,0.9900197215258761,1,,,,
D3_07945,G_02014,en,E5x_pooled,0,0.9604423541789316,1,,,,
D3_07948,G_03639,en,E5x_pooled,0,0.9964287726213336,1,,,,
D3_07949,G_04931,en,E5x_pooled,0,0.9886418734730302,1,,,,
D3_07950,G_04932,en,E5x_pooled,0,0.9839640589302726,1,,,,
D3_07951,G_04933,en,E5x_pooled,0,0.9186569796867713,1,,,,
D3_07952,G_04934,en,E5x_pooled,0,0.9830136891393919,1,,,,
D3_07953,G_04935,en,E5x_pooled,0,0.9957015726049862,1,,,,
D3_07954,G_04936,en,E5x_pooled,0,0.9962220325377076,1,,,,
D3_07955,G_04937,en,E5x_pooled,0,0.9718796217813538,1,,,,
D3_07956,G_04938,en,E5x_pooled,0,0.827930447449699,1,,,,
D3_07957,G_04939,en,E5x_pooled,0,0.4822102687728206,0,,,,
D3_07958,G_04940,en,E5x_pooled,0,0.870513671742576,1,,,,
D3_07959,G_04941,en,E5x_pooled,0,0.9602938872998971,1,,,,
D3_07960,G_04942,en,E5x_pooled,0,0.9816188922548368,1,,,,
D3_08042,G_04943,en,E5x_pooled,0,0.2554798579611432,0,,,,
D3_08043,G_04944,en,E5x_pooled,0,0.7842499553560245,1,,,,
D3_08044,G_04945,en,E5x_pooled,0,0.963882322789065,1,,,,
D3_08045,G_04946,en,E5x_pooled,0,0.984102367424863,1,,,,
D3_08046,G_04947,en,E5x_pooled,0,0.9065442137601156,1,,,,
D3_08047,G_04948,en,E5x_pooled,0,0.9554884235009014,1,,,,
D3_08048,G_02119,en,E5x_pooled,0,0.6772024812335253,0,,,,
D3_08049,G_02128,en,E5x_pooled,0,0.37220549439400635,0,,,,
D3_08050,G_04962,en,E5x_pooled,0,0.9807898569682205,1,,,,
D3_08051,G_04542,en,E5x_pooled,0,0.951685571719572,1,,,,
D3_08052,G_02135,en,E5x_pooled,0,0.8976510918203802,1,,,,
D3_08053,G_02150,en,E5x_pooled,0,0.9571949345592424,1,,,,
D3_08054,G_04955,en,E5x_pooled,0,0.5467577923552092,0,,,,
D3_08055,G_04956,en,E5x_pooled,0,0.2816299041656988,0,,,,
D3_08056,G_04957,en,E5x_pooled,0,0.8431394961412018,1,,,,
D3_08057,G_04958,en,E5x_pooled,0,0.8762634170043815,1,,,,
D3_08058,G_04959,en,E5x_pooled,0,0.9212095612646998,1,,,,
D3_08059,G_02150,en,E5x_pooled,0,0.9233791031651696,1,,,,
D3_08061,G_04961,en,E5x_pooled,0,0.5472335245606391,0,,,,
D3_08062,G_04962,en,E5x_pooled,0,0.9858259235971318,1,,,,
D3_08064,G_02135,en,E5x_pooled,0,0.9113868669741416,1,,,,
D3_08066,G_04964,en,E5x_pooled,0,0.34479148285823513,0,,,,
D3_08067,G_04965,en,E5x_pooled,0,0.5147201320651041,0,,,,
D3_08068,G_04966,en,E5x_pooled,0,0.7937447606293739,1,,,,
D3_08069,G_04967,en,E5x_pooled,0,0.8443769098029928,1,,,,
D3_08070,G_04968,en,E5x_pooled,0,0.9152745671383126,1,,,,
D3_08071,G_04969,en,E5x_pooled,0,0.965552810991577,1,,,,
D3_08072,G_04970,en,E5x_pooled,0,0.28625222606574213,0,,,,
D3_08073,G_04971,en,E5x_pooled,0,0.7244828880804347,1,,,,
D3_08074,G_04972,en,E5x_pooled,0,0.7952272796505954,1,,,,
D3_08075,G_04973,en,E5x_pooled,0,0.688402869288996,0,,,,
D3_08076,G_04974,en,E5x_pooled,0,0.8873757652607683,1,,,,
D3_08077,G_04975,en,E5x_pooled,0,0.9688477115718745,1,,,,
D3_08159,G_04976,en,E5x_pooled,0,0.8692466639095583,1,,,,
D3_08160,G_04977,en,E5x_pooled,0,0.34509656177698833,0,,,,
D3_08161,G_04978,en,E5x_pooled,0,0.8574836524733006,1,,,,
D3_08162,G_04979,en,E5x_pooled,0,0.7844008674288802,1,,,,
D3_08163,G_04980,en,E5x_pooled,0,0.8694996332813475,1,,,,
D3_08164,G_04981,en,E5x_pooled,0,0.9539120042968433,1,,,,
D3_08165,G_02238,en,E5x_pooled,0,0.9587434068510368,1,,,,
D3_08166,G_02245,en,E5x_pooled,0,0.8745289578793124,1,,,,
D3_08167,G_04984,en,E5x_pooled,0,0.7885530454268727,1,,,,
D3_08168,G_04642,en,E5x_pooled,0,0.789080052833309,1,,,,
D3_08169,G_03281,en,E5x_pooled,0,0.9807747833689875,1,,,,
D3_08171,G_02238,en,E5x_pooled,0,0.9614619386342182,1,,,,
D3_08172,G_04988,en,E5x_pooled,0,0.8507420822675179,1,,,,
D3_08173,G_02239,en,E5x_pooled,0,0.7840849603564314,1,,,,
D3_08174,G_04642,en,E5x_pooled,0,0.7691148192872397,1,,,,
D3_08176,G_02252,en,E5x_pooled,0,0.874135298955661,1,,,,
D3_08178,G_02245,en,E5x_pooled,0,0.8397427069130071,1,,,,
D3_08181,G_04993,en,E5x_pooled,0,0.9841687158843585,1,,,,
D3_08183,G_04994,en,E5x_pooled,0,0.7762475513283698,1,,,,
D3_08184,G_02245,en,E5x_pooled,0,0.8807686597826829,1,,,,
D3_08185,G_02239,en,E5x_pooled,0,0.789927986496184,1,,,,
D3_08186,G_04651,en,E5x_pooled,0,0.7397384206012129,1,,,,
D3_08187,G_04998,en,E5x_pooled,0,0.9473026402696889,1,,,,
D3_08188,G_03281,en,E5x_pooled,0,0.9668158654896912,1,,,,
D3_08189,G_05000,en,E5x_pooled,0,0.538251943828727,0,,,,
D3_08190,G_05001,en,E5x_pooled,0,0.6038541213485862,0,,,,
D3_08191,G_05002,en,E5x_pooled,0,0.7135011289626868,1,,,,
D3_08192,G_05003,en,E5x_pooled,0,0.7602714347513995,1,,,,
D3_08193,G_05004,en,E5x_pooled,0,0.9049092918726083,1,,,,
D3_08194,G_05005,en,E5x_pooled,0,0.961932685091656,1,,,,
D3_08275,G_05006,en,E5x_pooled,0,0.7151295361946486,1,,,,
D3_08276,G_05007,en,E5x_pooled,0,0.7037138611721917,0,,,,
D3_08277,G_05008,en,E5x_pooled,0,0.525293432052325,0,,,,
D3_08278,G_05009,en,E5x_pooled,0,0.7305573222107015,1,,,,
D3_08279,G_05010,en,E5x_pooled,0,0.9210412998275176,1,,,,
D3_08280,G_05011,en,E5x_pooled,0,0.9893168370862246,1,,,,
D3_08282,G_03219,en,E5x_pooled,0,0.7072858761731534,1,,,,
D3_08283,G_05013,en,E5x_pooled,0,0.7236192144026546,1,,,,
D3_08284,G_02363,en,E5x_pooled,0,0.7607070504018979,1,,,,
D3_08285,G_05015,en,E5x_pooled,0,0.9804780639881207,1,,,,
D3_08286,G_02364,en,E5x_pooled,0,0.9804182190274338,1,,,,
D3_08287,G_05017,en,E5x_pooled,0,0.7873733089807311,1,,,,
D3_08289,G_02354,en,E5x_pooled,0,0.6092429781023474,0,,,,
D3_08290,G_05019,en,E5x_pooled,0,0.7046289492746269,0,,,,
D3_08291,G_03230,en,E5x_pooled,0,0.9706696232264946,1,,,,
D3_08292,G_05021,en,E5x_pooled,0,0.7482070323118135,1,,,,
D3_08293,G_03751,en,E5x_pooled,0,0.9110459206194703,1,,,,
D3_08295,G_03750,en,E5x_pooled,0,0.8050806543559718,1,,,,
D3_08297,G_02391,en,E5x_pooled,0,0.9833583935505803,1,,,,
D3_08298,G_02364,en,E5x_pooled,0,0.9848432563208699,1,,,,
D3_08299,G_05026,en,E5x_pooled,0,0.8123129976557579,1,,,,
D3_08300,G_05027,en,E5x_pooled,0,0.5924266626721989,0,,,,
D3_08301,G_05028,en,E5x_pooled,0,0.6064755113170373,0,,,,
D3_08302,G_05029,en,E5x_pooled,0,0.8523862395654331,1,,,,
D3_08303,G_05030,en,E5x_pooled,0,0.7825018331504993,1,,,,
D3_08304,G_05031,en,E5x_pooled,0,0.9477391799052863,1,,,,
D3_08305,G_05032,en,E5x_pooled,0,0.8005733030902411,1,,,,
D3_08306,G_05033,en,E5x_pooled,0,0.8120414956451372,1,,,,
D3_08307,G_05034,en,E5x_pooled,0,0.7657038110833433,1,,,,
D3_08308,G_05035,en,E5x_pooled,0,0.674359847883404,0,,,,
D3_08309,G_05036,en,E5x_pooled,0,0.5932765690234503,0,,,,
D3_08310,G_05037,en,E5x_pooled,0,0.9658738836757372,1,,,,
D3_08392,G_05038,en,E5x_pooled,0,0.797605800768021,1,,,,
D3_08393,G_05039,en,E5x_pooled,0,0.583398021049277,0,,,,
D3_08394,G_05040,en,E5x_pooled,0,0.45245525103894463,0,,,,
D3_08395,G_05041,en,E5x_pooled,0,0.9793153709159381,1,,,,
D3_08396,G_05042,en,E5x_pooled,0,0.9273803129044426,1,,,,
D3_08397,G_05043,en,E5x_pooled,0,0.9348813261059502,1,,,,
D3_08398,G_04639,en,E5x_pooled,0,0.963210877701922,1,,,,
D3_08400,G_02235,en,E5x_pooled,0,0.5648763623183639,0,,,,
D3_08402,G_03183,en,E5x_pooled,0,0.9309115446572379,1,,,,
D3_08403,G_04642,en,E5x_pooled,0,0.7894573983301367,1,,,,
D3_08404,G_04639,en,E5x_pooled,0,0.8742042318502636,1,,,,
D3_08405,G_02238,en,E5x_pooled,0,0.9658541810634692,1,,,,
D3_08407,G_02277,en,E5x_pooled,0,0.9839083123578395,1,,,,
D3_08408,G_05051,en,E5x_pooled,0,0.9227255662491795,1,,,,
D3_08409,G_04642,en,E5x_pooled,0,0.8423768144009499,1,,,,
D3_08414,G_05053,en,E5x_pooled,0,0.9460934357482474,1,,,,
D3_08416,G_04639,en,E5x_pooled,0,0.8310281160998314,1,,,,
D3_08417,G_05055,en,E5x_pooled,0,0.8212017905001116,1,,,,
D3_08419,G_05056,en,E5x_pooled,0,0.9898612147175245,1,,,,
D3_08420,G_05057,en,E5x_pooled,0,0.9566273261931978,1,,,,
D3_08421,G_02468,en,E5x_pooled,0,0.9046484332849939,1,,,,
D3_08422,G_05059,en,E5x_pooled,0,0.508336421119264,0,,,,
D3_08423,G_05060,en,E5x_pooled,0,0.4318136101871258,0,,,,
D3_08424,G_02235,en,E5x_pooled,0,0.45398140320071984,0,,,,
D3_08425,G_05062,en,E5x_pooled,0,0.9883938764524548,1,,,,
D3_08426,G_05063,en,E5x_pooled,0,0.9449499536798508,1,,,,
D3_08427,G_05064,en,E5x_pooled,0,0.9206825600827339,1,,,,
D3_08508,G_05065,en,E5x_pooled,0,0.9522265973433306,1,,,,
D3_08509,G_05066,en,E5x_pooled,0,0.8850850016106476,1,,,,
D3_08510,G_05067,en,E5x_pooled,0,0.8878184191342758,1,,,,
D3_08511,G_03806,en,E5x_pooled,0,0.9941048423630129,1,,,,
D3_08512,G_05069,en,E5x_pooled,0,0.9737787768235915,1,,,,
D3_08513,G_05070,en,E5x_pooled,0,0.9835447855923583,1,,,,
D3_08514,G_02501,en,E5x_pooled,0,0.988748740823442,1,,,,
D3_08515,G_02493,en,E5x_pooled,0,0.9883541914868083,1,,,,
D3_08516,G_02502,en,E5x_pooled,0,0.9278436949339754,1,,,,
D3_08517,G_03806,en,E5x_pooled,0,0.9944970098322299,1,,,,
D3_08518,G_02508,en,E5x_pooled,0,0.9867159630923111,1,,,,
D3_08519,G_02509,en,E5x_pooled,0,0.9831816210565865,1,,,,
D3_08520,G_02501,en,E5x_pooled,0,0.9841740590487001,1,,,,
D3_08521,G_02493,en,E5x_pooled,0,0.9815885378464372,1,,,,
D3_08522,G_02502,en,E5x_pooled,0,0.9111721929167992,1,,,,
D3_08523,G_03806,en,E5x_pooled,0,0.9960754046758038,1,,,,
D3_08524,G_02508,en,E5x_pooled,0,0.9810994654038391,1,,,,
D3_08525,G_05082,en,E5x_pooled,0,0.9689718208880758,1,,,,
D3_08528,G_05083,en,E5x_pooled,0,0.9481648419408931,1,,,,
D3_08529,G_05084,en,E5x_pooled,0,0.9950678906349072,1,,,,
D3_08530,G_05085,en,E5x_pooled,0,0.9743646058594119,1,,,,
D3_08532,G_05086,en,E5x_pooled,0,0.9551318058514057,1,,,,
D3_08533,G_02493,en,E5x_pooled,0,0.9803330149157325,1,,,,
D3_08534,G_05088,en,E5x_pooled,0,0.9051359881841539,1,,,,
D3_08535,G_03806,en,E5x_pooled,0,0.9916863028211955,1,,,,
D3_08536,G_05090,en,E5x_pooled,0,0.9659708899744861,1,,,,
D3_08537,G_02509,en,E5x_pooled,0,0.9846624811522644,1,,,,
D3_08538,G_05092,en,E5x_pooled,0,0.946526983681187,1,,,,
D3_08539,G_05093,en,E5x_pooled,0,0.9697912782883904,1,,,,
D3_08540,G_05094,en,E5x_pooled,0,0.6163708826163024,0,,,,
D3_08541,G_05095,en,E5x_pooled,0,0.9957019448025691,1,,,,
D3_08542,G_05096,en,E5x_pooled,0,0.9598634427876286,1,,,,
D3_08543,G_05097,en,E5x_pooled,0,0.9811606462928312,1,,,,
D3_08624,G_05098,en,E5x_pooled,0,0.9662174311708113,1,,,,
D3_08625,G_05099,en,E5x_pooled,0,0.8783482416027754,1,,,,
D3_08626,G_05100,en,E5x_pooled,0,0.8478888689716092,1,,,,
D3_08627,G_05101,en,E5x_pooled,0,0.9935652419873131,1,,,,
D3_08628,G_05102,en,E5x_pooled,0,0.9818059017992582,1,,,,
D3_08629,G_05103,en,E5x_pooled,0,0.9419710727023711,1,,,,
D3_08630,G_03339,en,E5x_pooled,0,0.9608502788019361,1,,,,
D3_08631,G_02610,en,E5x_pooled,0,0.9753074645772084,1,,,,
D3_08632,G_04271,en,E5x_pooled,0,0.9695774563071323,1,,,,
D3_08633,G_02622,en,E5x_pooled,0,0.9923829072322337,1,,,,
D3_08634,G_02619,en,E5x_pooled,0,0.9787100437688515,1,,,,
D3_08635,G_05109,en,E5x_pooled,0,0.9815031913110056,1,,,,
D3_08636,G_05110,en,E5x_pooled,0,0.8762214308932568,1,,,,
D3_08637,G_05111,en,E5x_pooled,0,0.948408890358777,1,,,,
D3_08638,G_04271,en,E5x_pooled,0,0.9667234811534431,1,,,,
D3_08639,G_05113,en,E5x_pooled,0,0.9933081415581402,1,,,,
D3_08640,G_02619,en,E5x_pooled,0,0.9783118245222144,1,,,,
D3_08641,G_02615,en,E5x_pooled,0,0.9751788526495675,1,,,,
D3_08642,G_04708,en,E5x_pooled,0,0.96749552200783,1,,,,
D3_08643,G_04281,en,E5x_pooled,0,0.9785541149572378,1,,,,
D3_08644,G_04271,en,E5x_pooled,0,0.9778343834777105,1,,,,
D3_08645,G_05119,en,E5x_pooled,0,0.9943840781177257,1,,,,
D3_08646,G_05120,en,E5x_pooled,0,0.9852059092606874,1,,,,
D3_08647,G_03851,en,E5x_pooled,0,0.9844975382189639,1,,,,
D3_08648,G_05122,en,E5x_pooled,0,0.8665986369231792,1,,,,
D3_08649,G_05123,en,E5x_pooled,0,0.9591282398769334,1,,,,
D3_08650,G_03339,en,E5x_pooled,0,0.964975687473504,1,,,,
D3_08651,G_05125,en,E5x_pooled,0,0.9858897841860953,1,,,,
D3_08652,G_02619,en,E5x_pooled,0,0.97100684989912,1,,,,
D3_08653,G_02615,en,E5x_pooled,0,0.9761802385198491,1,,,,
D3_08654,G_05128,en,E5x_pooled,0,0.9204864226886859,1,,,,
D3_08655,G_05129,en,E5x_pooled,0,0.8609139494032008,1,,,,
D3_08656,G_05130,en,E5x_pooled,0,0.8307625169472719,1,,,,
D3_08657,G_05131,en,E5x_pooled,0,0.9742461037329797,1,,,,
D3_08658,G_05132,en,E5x_pooled,0,0.9310329252502234,1,,,,
D3_08659,G_05133,en,E5x_pooled,0,0.9734920852673974,1,,,,
D3_08740,G_05134,en,E5x_pooled,0,0.8620703599209151,1,,,,
D3_08741,G_05135,en,E5x_pooled,0,0.8180636685584067,1,,,,
D3_08742,G_05136,en,E5x_pooled,0,0.8102488249759285,1,,,,
D3_08743,G_05137,en,E5x_pooled,0,0.9462745667087867,1,,,,
D3_08744,G_05138,en,E5x_pooled,0,0.8978028299099592,1,,,,
D3_08745,G_05139,en,E5x_pooled,0,0.9750672247975078,1,,,,
D3_08746,G_03387,en,E5x_pooled,0,0.901860797074846,1,,,,
D3_08747,G_03384,en,E5x_pooled,0,0.9538441466734003,1,,,,
D3_08748,G_05142,en,E5x_pooled,0,0.7831790464323105,1,,,,
D3_08749,G_02760,en,E5x_pooled,0,0.8909021510152909,1,,,,
D3_08750,G_05144,en,E5x_pooled,0,0.9595725862788865,1,,,,
D3_08751,G_05145,en,E5x_pooled,0,0.9771878957382145,1,,,,
D3_08752,G_05146,en,E5x_pooled,0,0.9039062026444137,1,,,,
D3_08753,G_03384,en,E5x_pooled,0,0.946423392257185,1,,,,
D3_08754,G_05148,en,E5x_pooled,0,0.8460937348545463,1,,,,
D3_08755,G_05149,en,E5x_pooled,0,0.9338104219017908,1,,,,
D3_08756,G_05150,en,E5x_pooled,0,0.9538587293953626,1,,,,
D3_08757,G_05151,en,E5x_pooled,0,0.9864318899774905,1,,,,
D3_08762,G_05152,en,E5x_pooled,0,0.9500407212994868,1,,,,
D3_08763,G_04773,en,E5x_pooled,0,0.964971050656025,1,,,,
D3_08764,G_05154,en,E5x_pooled,0,0.9005448878797241,1,,,,
D3_08765,G_05155,en,E5x_pooled,0,0.9587645648787527,1,,,,
D3_08766,G_05156,en,E5x_pooled,0,0.5082126216659058,0,,,,
D3_08767,G_05157,en,E5x_pooled,0,0.9423164071743407,1,,,,
D3_08768,G_02735,en,E5x_pooled,0,0.9167211891735713,1,,,,
D3_08769,G_05159,en,E5x_pooled,0,0.977641577853061,1,,,,
D3_08770,G_05160,en,E5x_pooled,0,0.7778776637728899,1,,,,
D3_08771,G_05161,en,E5x_pooled,0,0.9867819464186731,1,,,,
D3_08772,G_05162,en,E5x_pooled,0,0.9604149146723924,1,,,,
D3_08773,G_05163,en,E5x_pooled,0,0.9471907208547091,1,,,,
D3_08774,G_05164,en,E5x_pooled,0,0.7596833923248729,1,,,,
D3_08775,G_05165,en,E5x_pooled,0,0.9342262458743331,1,,,,
D3_08856,G_05166,en,E5x_pooled,0,0.6502077992468347,0,,,,
D3_08857,G_05167,en,E5x_pooled,0,0.9905775010954813,1,,,,
D3_08858,G_02726,en,E5x_pooled,0,0.6348700574630753,0,,,,
D3_08859,G_05169,en,E5x_pooled,0,0.9650803461400522,1,,,,
D3_08860,G_05170,en,E5x_pooled,0,0.9875794580264675,1,,,,
D3_08861,G_05171,en,E5x_pooled,0,0.6597442334629486,0,,,,
D3_08862,G_02827,en,E5x_pooled,0,0.8658109710918402,1,,,,
D3_08863,G_05173,en,E5x_pooled,0,0.9710373413343695,1,,,,
D3_08864,G_05174,en,E5x_pooled,0,0.5317418630470244,0,,,,
D3_08865,G_02732,en,E5x_pooled,0,0.9799144314751649,1,,,,
D3_08866,G_02730,en,E5x_pooled,0,0.9801508929692659,1,,,,
D3_08867,G_05177,en,E5x_pooled,0,0.934731990173447,1,,,,
D3_08868,G_02827,en,E5x_pooled,0,0.7803473914494486,1,,,,
D3_08869,G_03915,en,E5x_pooled,0,0.9699007307063319,1,,,,
D3_08870,G_05180,en,E5x_pooled,0,0.6638531276376151,0,,,,
D3_08871,G_05181,en,E5x_pooled,0,0.982044202875265,1,,,,
D3_08872,G_05182,en,E5x_pooled,0,0.9655198428515258,1,,,,
D3_08873,G_02738,en,E5x_pooled,0,0.8674670996617159,1,,,,
D3_08875,G_03915,en,E5x_pooled,0,0.9493773214762771,1,,,,
D3_08876,G_05185,en,E5x_pooled,0,0.6037411010233164,0,,,,
D3_08877,G_04741,en,E5x_pooled,0,0.964872145131338,1,,,,
D3_08878,G_02761,en,E5x_pooled,0,0.9679706057770278,1,,,,
D3_08880,G_05188,en,E5x_pooled,0,0.8585695116231337,1,,,,
D3_08881,G_05189,en,E5x_pooled,0,0.9569701464688011,1,,,,
D3_08882,G_05190,en,E5x_pooled,0,0.5948315200049211,0,,,,
D3_08883,G_05191,en,E5x_pooled,0,0.9493548183854329,1,,,,
D3_08884,G_05192,en,E5x_pooled,0,0.9856768945121912,1,,,,
D3_08885,G_05193,en,E5x_pooled,0,0.9492433063109447,1,,,,
D3_08886,G_05194,en,E5x_pooled,0,0.6843042846626136,0,,,,
D3_08887,G_05195,en,E5x_pooled,0,0.9627784316599156,1,,,,
D3_08888,G_05196,en,E5x_pooled,0,0.7848936853782026,1,,,,
D3_08889,G_05197,en,E5x_pooled,0,0.9608187797104327,1,,,,
D3_08890,G_05198,en,E5x_pooled,0,0.982084941885902,1,,,,
D3_08891,G_05199,en,E5x_pooled,0,0.9765059389773978,1,,,,
D3_08972,G_05200,en,E5x_pooled,0,0.603476269844047,0,,,,
D3_08973,G_05201,en,E5x_pooled,0,0.5981981214276146,0,,,,
D3_08974,G_05202,en,E5x_pooled,0,0.9639195594797456,1,,,,
D3_08975,G_05203,en,E5x_pooled,0,0.7773054118721485,1,,,,
D3_08976,G_05204,en,E5x_pooled,0,0.9967155240355595,1,,,,
D3_08977,G_05205,en,E5x_pooled,0,0.9235794147561608,1,,,,
D3_08978,G_05206,en,E5x_pooled,0,0.5270742873803508,0,,,,
D3_08979,G_05207,en,E5x_pooled,0,0.7012684053638858,0,,,,
D3_08980,G_05208,en,E5x_pooled,0,0.9910561620506312,1,,,,
D3_08981,G_05209,en,E5x_pooled,0,0.9675496437315075,1,,,,
D3_08982,G_05210,en,E5x_pooled,0,0.9970170978157309,1,,,,
D3_08983,G_02871,en,E5x_pooled,0,0.906788992858808,1,,,,
D3_08984,G_05212,en,E5x_pooled,0,0.4953011229329116,0,,,,
D3_08985,G_05213,en,E5x_pooled,0,0.6917544541154063,0,,,,
D3_08986,G_03470,en,E5x_pooled,0,0.9923289588573291,1,,,,
D3_08987,G_02872,en,E5x_pooled,0,0.9536585182020879,1,,,,
D3_08988,G_02864,en,E5x_pooled,0,0.995188520921266,1,,,,
D3_08989,G_05217,en,E5x_pooled,0,0.7593281756745891,1,,,,
D3_08990,G_05218,en,E5x_pooled,0,0.7061421568470698,0,,,,
D3_08991,G_05219,en,E5x_pooled,0,0.7758215697014325,1,,,,
D3_08993,G_05220,en,E5x_pooled,0,0.9317737022280692,1,,,,
D3_08995,G_05221,en,E5x_pooled,0,0.9399234559255523,1,,,,
D3_08996,G_05222,en,E5x_pooled,0,0.44794918320321087,0,,,,
D3_08997,G_05223,en,E5x_pooled,0,0.7039111293795116,0,,,,
D3_08998,G_05224,en,E5x_pooled,0,0.8619358803495565,1,,,,
D3_08999,G_05225,en,E5x_pooled,0,0.9710020711573102,1,,,,
D3_09000,G_05226,en,E5x_pooled,0,0.9864595054529796,1,,,,
D3_09001,G_05227,en,E5x_pooled,0,0.9088678594721256,1,,,,
D3_09002,G_05228,en,E5x_pooled,0,0.45457696081659305,0,,,,
D3_09003,G_05229,en,E5x_pooled,0,0.7255532849373733,1,,,,
D3_09004,G_05230,en,E5x_pooled,0,0.9598974862114196,1,,,,
D3_09005,G_05231,en,E5x_pooled,0,0.968629585622704,1,,,,
D3_09006,G_05232,en,E5x_pooled,0,0.9934289548782096,1,,,,
D3_09007,G_05233,en,E5x_pooled,0,0.928273962847416,1,,,,
D3_09088,G_05234,en,E5x_pooled,0,0.09249750238716727,0,,,,
D3_09089,G_05235,en,E5x_pooled,0,0.6275267395590872,0,,,,
D3_09090,G_05236,en,E5x_pooled,0,0.33007244014039966,0,,,,
D3_09091,G_05237,en,E5x_pooled,0,0.5334534032253133,0,,,,
D3_09092,G_05238,en,E5x_pooled,0,0.7242933643689364,1,,,,
D3_09093,G_05239,en,E5x_pooled,0,0.7129562402087508,1,,,,
D3_09094,G_01666,en,E5x_pooled,0,0.31790811541588315,0,,,,
D3_09095,G_01671,en,E5x_pooled,0,0.40240566259182015,0,,,,
D3_09096,G_01662,en,E5x_pooled,0,0.406038844708878,0,,,,
D3_09097,G_01677,en,E5x_pooled,0,0.5844976654984684,0,,,,
D3_09098,G_01698,en,E5x_pooled,0,0.7639914533792084,1,,,,
D3_09099,G_01678,en,E5x_pooled,0,0.6092496010435411,0,,,,
D3_09100,G_05246,en,E5x_pooled,0,0.25930524733516974,0,,,,
D3_09101,G_05247,en,E5x_pooled,0,0.48035784829639583,0,,,,
D3_09102,G_05248,en,E5x_pooled,0,0.3371156642467621,0,,,,
D3_09103,G_05249,en,E5x_pooled,0,0.536915281576625,0,,,,
D3_09104,G_05250,en,E5x_pooled,0,0.7815748819245777,1,,,,
D3_09105,G_05251,en,E5x_pooled,0,0.4872513693323581,0,,,,
D3_09106,G_03983,en,E5x_pooled,0,0.46849067768977126,0,,,,
D3_09107,G_01671,en,E5x_pooled,0,0.4527727969454657,0,,,,
D3_09109,G_01677,en,E5x_pooled,0,0.6386673275902851,0,,,,
D3_09110,G_01698,en,E5x_pooled,0,0.8132137638020824,1,,,,
D3_09111,G_01678,en,E5x_pooled,0,0.6558264417942288,0,,,,
D3_09112,G_05257,en,E5x_pooled,0,0.21512045218476314,0,,,,
D3_09113,G_05258,en,E5x_pooled,0,0.41480451307861493,0,,,,
D3_09114,G_05259,en,E5x_pooled,0,0.49154867333477786,0,,,,
D3_09115,G_05260,en,E5x_pooled,0,0.48534196286328124,0,,,,
D3_09116,G_05261,en,E5x_pooled,0,0.7650029652225407,1,,,,
D3_09117,G_01678,en,E5x_pooled,0,0.5553062270543386,0,,,,
D3_09118,G_05263,en,E5x_pooled,0,0.3168455893769911,0,,,,
D3_09119,G_05264,en,E5x_pooled,0,0.6901704139935955,0,,,,
D3_09120,G_05265,en,E5x_pooled,0,0.3113414065249588,0,,,,
D3_09121,G_05266,en,E5x_pooled,0,0.5050927430151474,0,,,,
D3_09122,G_05267,en,E5x_pooled,0,0.8285206276257117,1,,,,
D3_09123,G_05268,en,E5x_pooled,0,0.5545867986498664,0,,,,
D3_09203,G_05269,en,E5x_pooled,0,0.7772131818634651,1,,,,
D3_09204,G_05270,en,E5x_pooled,0,0.9145150908844676,1,,,,
D3_09206,G_05271,en,E5x_pooled,0,0.9646759859183753,1,,,,
D3_09207,G_05272,en,E5x_pooled,0,0.9908865150459535,1,,,,
D3_09208,G_05273,en,E5x_pooled,0,0.7300069786572322,1,,,,
D3_09209,G_01803,en,E5x_pooled,0,0.9638152474836322,1,,,,
D3_09210,G_01785,en,E5x_pooled,0,0.9019021985573284,1,,,,
D3_09211,G_01780,en,E5x_pooled,0,0.6455387550532244,0,,,,
D3_09212,G_01793,en,E5x_pooled,0,0.8996513076672663,1,,,,
D3_09213,G_01790,en,E5x_pooled,0,0.9881942383677857,1,,,,
D3_09214,G_03045,en,E5x_pooled,0,0.8631779147196319,1,,,,
D3_09215,G_01815,en,E5x_pooled,0,0.9646366103674577,1,,,,
D3_09216,G_05281,en,E5x_pooled,0,0.8850963934543361,1,,,,
D3_09217,G_05282,en,E5x_pooled,0,0.7347558594820381,1,,,,
D3_09218,G_05283,en,E5x_pooled,0,0.8867555087927821,1,,,,
D3_09219,G_05284,en,E5x_pooled,0,0.988627842824181,1,,,,
D3_09221,G_05285,en,E5x_pooled,0,0.956863411515554,1,,,,
D3_09222,G_05286,en,E5x_pooled,0,0.8510442962970841,1,,,,
D3_09224,G_05287,en,E5x_pooled,0,0.9225413206819599,1,,,,
D3_09225,G_05288,en,E5x_pooled,0,0.9841715797020215,1,,,,
D3_09226,G_05289,en,E5x_pooled,0,0.6860076987052802,0,,,,
D3_09227,G_05290,en,E5x_pooled,0,0.7703035093729899,1,,,,
D3_09228,G_05291,en,E5x_pooled,0,0.8308411850492917,1,,,,
D3_09230,G_05292,en,E5x_pooled,0,0.8840415093466298,1,,,,
D3_09231,G_05293,en,E5x_pooled,0,0.9872435760746608,1,,,,
D3_09232,G_05294,en,E5x_pooled,0,0.697550209488519,0,,,,
D3_09253,G_05295,en,E5x_pooled,0,0.9486657806513423,1,,,,
D3_09254,G_05296,en,E5x_pooled,0,0.5312404687634016,0,,,,
D3_09255,G_05297,en,E5x_pooled,0,0.9590792682041477,1,,,,
D3_09256,G_05298,en,E5x_pooled,0,0.9547510646491988,1,,,,
D3_09257,G_05299,en,E5x_pooled,0,0.8392212784284143,1,,,,
D3_09258,G_05300,en,E5x_pooled,0,0.9861627698691279,1,,,,
D3_09259,G_01895,en,E5x_pooled,0,0.9593815495922418,1,,,,
D3_09260,G_05302,en,E5x_pooled,0,0.44624539548654263,0,,,,
D3_09261,G_01899,en,E5x_pooled,0,0.9388575221583457,1,,,,
D3_09262,G_01909,en,E5x_pooled,0,0.9409559782209785,1,,,,
D3_09263,G_05305,en,E5x_pooled,0,0.9116277758594202,1,,,,
D3_09264,G_01906,en,E5x_pooled,0,0.8535168629155968,1,,,,
D3_09265,G_05307,en,E5x_pooled,0,0.8173939299079271,1,,,,
D3_09266,G_05308,en,E5x_pooled,0,0.2837408426410779,0,,,,
D3_09267,G_05309,en,E5x_pooled,0,0.8875372551283961,1,,,,
D3_09268,G_05310,en,E5x_pooled,0,0.9611975621708906,1,,,,
D3_09269,G_05311,en,E5x_pooled,0,0.8735196792292185,1,,,,
D3_09270,G_05312,en,E5x_pooled,0,0.9358105619995484,1,,,,
D3_09271,G_01895,en,E5x_pooled,0,0.9672404149170789,1,,,,
D3_09273,G_05314,en,E5x_pooled,0,0.9566535614412781,1,,,,
D3_09274,G_01909,en,E5x_pooled,0,0.9550337330271292,1,,,,
D3_09275,G_05316,en,E5x_pooled,0,0.9311727271834054,1,,,,
D3_09276,G_05317,en,E5x_pooled,0,0.8971067332082916,1,,,,
D3_09277,G_05318,en,E5x_pooled,0,0.9534216985350187,1,,,,
D3_09278,G_05319,en,E5x_pooled,0,0.34337066832166196,0,,,,
D3_09279,G_05320,en,E5x_pooled,0,0.9013009788073407,1,,,,
D3_09280,G_01909,en,E5x_pooled,0,0.9560175647468778,1,,,,
D3_09281,G_05322,en,E5x_pooled,0,0.9171720023245057,1,,,,
D3_09282,G_05323,en,E5x_pooled,0,0.8448527372888205,1,,,,
D3_09283,G_05324,en,E5x_pooled,0,0.9412716544550639,1,,,,
D3_09284,G_05325,en,E5x_pooled,0,0.3694759680046069,0,,,,
D3_09285,G_05326,en,E5x_pooled,0,0.6695493484715498,0,,,,
D3_09286,G_05327,en,E5x_pooled,0,0.9304113775923476,1,,,,
D3_09287,G_05328,en,E5x_pooled,0,0.9065510886531253,1,,,,
D3_09288,G_05329,en,E5x_pooled,0,0.8308812670205923,1,,,,
D3_09369,G_05330,en,E5x_pooled,0,0.9469322960133861,1,,,,
D3_09370,G_05331,en,E5x_pooled,0,0.9080944585001167,1,,,,
D3_09371,G_05332,en,E5x_pooled,0,0.9322797379093885,1,,,,
D3_09372,G_05333,en,E5x_pooled,0,0.9160060271886185,1,,,,
D3_09373,G_05334,en,E5x_pooled,0,0.8989159217335194,1,,,,
D3_09374,G_05335,en,E5x_pooled,0,0.9596163444730583,1,,,,
D3_09375,G_02007,en,E5x_pooled,0,0.981260246968408,1,,,,
D3_09376,G_02008,en,E5x_pooled,0,0.9470028950520389,1,,,,
D3_09377,G_02013,en,E5x_pooled,0,0.9675936265256737,1,,,,
D3_09378,G_02023,en,E5x_pooled,0,0.9942796539401662,1,,,,
D3_09379,G_02016,en,E5x_pooled,0,0.9898454011963965,1,,,,
D3_09380,G_03116,en,E5x_pooled,0,0.9800330410768658,1,,,,
D3_09381,G_05342,en,E5x_pooled,0,0.959808970499992,1,,,,
D3_09382,G_05343,en,E5x_pooled,0,0.9366533981443186,1,,,,
D3_09383,G_05344,en,E5x_pooled,0,0.9312485507455792,1,,,,
D3_09384,G_02023,en,E5x_pooled,0,0.9912529434464834,1,,,,
D3_09385,G_05346,en,E5x_pooled,0,0.965344001080968,1,,,,
D3_09386,G_05347,en,E5x_pooled,0,0.9292976895605617,1,,,,
D3_09390,G_02023,en,E5x_pooled,0,0.9904766964665248,1,,,,
D3_09393,G_05349,en,E5x_pooled,0,0.9659671176710359,1,,,,
D3_09394,G_05350,en,E5x_pooled,0,0.9389314940314195,1,,,,
D3_09395,G_05351,en,E5x_pooled,0,0.8402110250605936,1,,,,
D3_09396,G_05352,en,E5x_pooled,0,0.9541795627754548,1,,,,
D3_09397,G_05353,en,E5x_pooled,0,0.9879650538612361,1,,,,
D3_09398,G_05354,en,E5x_pooled,0,0.9622006028597446,1,,,,
D3_09399,G_05355,en,E5x_pooled,0,0.9237824844022078,1,,,,
D3_09400,G_05356,en,E5x_pooled,0,0.8486506607236793,1,,,,
D3_09401,G_05357,en,E5x_pooled,0,0.9161329004784745,1,,,,
D3_09402,G_05358,en,E5x_pooled,0,0.9826928224466576,1,,,,
D3_09403,G_05359,en,E5x_pooled,0,0.9863644099300235,1,,,,
D3_09404,G_05360,en,E5x_pooled,0,0.8823893015660748,1,,,,
D3_09486,G_05361,en,E5x_pooled,0,0.9666761440784036,1,,,,
D3_09487,G_05362,en,E5x_pooled,0,0.9490536463005805,1,,,,
D3_09488,G_05363,en,E5x_pooled,0,0.9316416995809659,1,,,,
D3_09489,G_05364,en,E5x_pooled,0,0.8334164679939973,1,,,,
D3_09490,G_05365,en,E5x_pooled,0,0.8970697299032432,1,,,,
D3_09491,G_05366,en,E5x_pooled,0,0.9175592439007909,1,,,,
D3_09492,G_02123,en,E5x_pooled,0,0.9972600725277263,1,,,,
D3_09493,G_03150,en,E5x_pooled,0,0.9265923688196462,1,,,,
D3_09494,G_02126,en,E5x_pooled,0,0.8821530776023246,1,,,,
D3_09495,G_02130,en,E5x_pooled,0,0.9236709512114655,1,,,,
D3_09496,G_02137,en,E5x_pooled,0,0.990705716198644,1,,,,
D3_09497,G_02136,en,E5x_pooled,0,0.893031807299976,1,,,,
D3_09498,G_05373,en,E5x_pooled,0,0.9585326495036749,1,,,,
D3_09499,G_05374,en,E5x_pooled,0,0.9209417954889257,1,,,,
D3_09500,G_05375,en,E5x_pooled,0,0.946624240494451,1,,,,
D3_09501,G_05376,en,E5x_pooled,0,0.9203959208800092,1,,,,
D3_09502,G_05377,en,E5x_pooled,0,0.9701360655990588,1,,,,
D3_09503,G_05378,en,E5x_pooled,0,0.9313157071981348,1,,,,
D3_09504,G_05379,en,E5x_pooled,0,0.992384833602809,1,,,,
D3_09506,G_02126,en,E5x_pooled,0,0.8550634337481893,1,,,,
D3_09507,G_02130,en,E5x_pooled,0,0.9285679460031441,1,,,,
D3_09508,G_02137,en,E5x_pooled,0,0.9814971378458952,1,,,,
D3_09510,G_05383,en,E5x_pooled,0,0.9931561106924607,1,,,,
D3_09511,G_03150,en,E5x_pooled,0,0.7512729632338986,1,,,,
D3_09512,G_05385,en,E5x_pooled,0,0.9101560117240749,1,,,,
D3_09513,G_05386,en,E5x_pooled,0,0.8911965362489913,1,,,,
D3_09514,G_05387,en,E5x_pooled,0,0.994907963637848,1,,,,
D3_09515,G_05388,en,E5x_pooled,0,0.9416147749408749,1,,,,
D3_09516,G_05389,en,E5x_pooled,0,0.9675247991206025,1,,,,
D3_09517,G_05390,en,E5x_pooled,0,0.9571508653655898,1,,,,
D3_09518,G_05391,en,E5x_pooled,0,0.9603845645340484,1,,,,
D3_09519,G_05392,en,E5x_pooled,0,0.7833272405187739,1,,,,
D3_09520,G_05393,en,E5x_pooled,0,0.9952729513911323,1,,,,
D3_09521,G_05394,en,E5x_pooled,0,0.8120856767634096,1,,,,
D3_09603,G_05395,en,E5x_pooled,0,0.9344770537036635,1,,,,
D3_09604,G_05396,en,E5x_pooled,0,0.31601564763312107,0,,,,
D3_09605,G_05397,en,E5x_pooled,0,0.6895012733164796,0,,,,
D3_09606,G_05398,en,E5x_pooled,0,0.89051255652315,1,,,,
D3_09607,G_05399,en,E5x_pooled,0,0.9679856741183605,1,,,,
D3_09608,G_05400,en,E5x_pooled,0,0.8244633096677954,1,,,,
D3_09609,G_02238,en,E5x_pooled,0,0.9585972343795849,1,,,,
D3_09610,G_02235,en,E5x_pooled,0,0.5678387407315771,0,,,,
D3_09611,G_02264,en,E5x_pooled,0,0.6324147099684115,0,,,,
D3_09612,G_02468,en,E5x_pooled,0,0.8940152456851963,1,,,,
D3_09613,G_02277,en,E5x_pooled,0,0.9885425645210186,1,,,,
D3_09614,G_03178,en,E5x_pooled,0,0.8882216883043011,1,,,,
D3_09615,G_02238,en,E5x_pooled,0,0.9706120531052363,1,,,,
D3_09616,G_02235,en,E5x_pooled,0,0.5279942546377699,0,,,,
D3_09617,G_05409,en,E5x_pooled,0,0.6761261615623543,0,,,,
D3_09618,G_05410,en,E5x_pooled,0,0.9371183570778516,1,,,,
D3_09619,G_05411,en,E5x_pooled,0,0.9892610345152436,1,,,,
D3_09620,G_05412,en,E5x_pooled,0,0.7193335597276147,1,,,,
D3_09625,G_02277,en,E5x_pooled,0,0.9793327800596046,1,,,,
D3_09627,G_05414,en,E5x_pooled,0,0.9292396712175018,1,,,,
D3_09628,G_05702,en,E5x_pooled,0,0.4787371880016422,0,,,,
D3_09629,G_05416,en,E5x_pooled,0,0.620539179690732,0,,,,
D3_09630,G_05417,en,E5x_pooled,0,0.939964434857008,1,,,,
D3_09631,G_05418,en,E5x_pooled,0,0.980274869414021,1,,,,
D3_09632,G_05419,en,E5x_pooled,0,0.7364189055378405,1,,,,
D3_09633,G_05420,en,E5x_pooled,0,0.9395620373753081,1,,,,
D3_09634,G_05421,en,E5x_pooled,0,0.3732593159541091,0,,,,
D3_09635,G_05397,en,E5x_pooled,0,0.6930714001070827,0,,,,
D3_09636,G_05423,en,E5x_pooled,0,0.9157869359271321,1,,,,
D3_09637,G_05424,en,E5x_pooled,0,0.9553474718883849,1,,,,
D3_09638,G_05425,en,E5x_pooled,0,0.7475708991972794,1,,,,
D3_09719,G_05426,en,E5x_pooled,0,0.9061123799758124,1,,,,
D3_09720,G_05427,en,E5x_pooled,0,0.807137698359295,1,,,,
D3_09721,G_05428,en,E5x_pooled,0,0.9071353753181709,1,,,,
D3_09722,G_05429,en,E5x_pooled,0,0.7084238075687495,1,,,,
D3_09723,G_05430,en,E5x_pooled,0,0.9122630930713856,1,,,,
D3_09724,G_05431,en,E5x_pooled,0,0.8094113728852337,1,,,,
D3_09725,G_04180,en,E5x_pooled,0,0.8131398904502087,1,,,,
D3_09726,G_02354,en,E5x_pooled,0,0.7284187362762425,1,,,,
D3_09727,G_02372,en,E5x_pooled,0,0.8871880864119598,1,,,,
D3_09728,G_02368,en,E5x_pooled,0,0.8139816905568413,1,,,,
D3_09729,G_02390,en,E5x_pooled,0,0.8884298570359416,1,,,,
D3_09730,G_02363,en,E5x_pooled,0,0.748316169896544,1,,,,
D3_09731,G_05438,en,E5x_pooled,0,0.7656709296643419,1,,,,
D3_09732,G_05439,en,E5x_pooled,0,0.6957444563960612,0,,,,
D3_09733,G_05440,en,E5x_pooled,0,0.9033545124269484,1,,,,
D3_09734,G_05441,en,E5x_pooled,0,0.694802644461317,0,,,,
D3_09735,G_05442,en,E5x_pooled,0,0.8776569891318223,1,,,,
D3_09736,G_05443,en,E5x_pooled,0,0.5645997790094912,0,,,,
D3_09737,G_04180,en,E5x_pooled,0,0.7484412456548196,1,,,,
D3_09738,G_02354,en,E5x_pooled,0,0.6698850147666016,0,,,,
D3_09740,G_05446,en,E5x_pooled,0,0.8190342638138812,1,,,,
D3_09741,G_02390,en,E5x_pooled,0,0.881983509129828,1,,,,
D3_09743,G_05448,en,E5x_pooled,0,0.8368694388868461,1,,,,
D3_09744,G_05449,en,E5x_pooled,0,0.7874375591500847,1,,,,
D3_09745,G_05450,en,E5x_pooled,0,0.8935732976790836,1,,,,
D3_09746,G_05451,en,E5x_pooled,0,0.7748751988903134,1,,,,
D3_09747,G_05452,en,E5x_pooled,0,0.8907265141939906,1,,,,
D3_09748,G_05453,en,E5x_pooled,0,0.9187897238679604,1,,,,
D3_09749,G_05454,en,E5x_pooled,0,0.5207132115761827,0,,,,
D3_09750,G_05455,en,E5x_pooled,0,0.6509003601324878,0,,,,
D3_09751,G_05456,en,E5x_pooled,0,0.9053079217944249,1,,,,
D3_09752,G_05457,en,E5x_pooled,0,0.8100940096230774,1,,,,
D3_09753,G_05458,en,E5x_pooled,0,0.35619059637830747,0,,,,
D3_09754,G_05459,en,E5x_pooled,0,0.7927611826333852,1,,,,
D3_09836,G_05460,en,E5x_pooled,0,0.9228110302905577,1,,,,
D3_09837,G_04635,en,E5x_pooled,0,0.7809154795802644,1,,,,
D3_09838,G_02235,en,E5x_pooled,0,0.44638079186377266,0,,,,
D3_09839,G_02468,en,E5x_pooled,0,0.9162949900667773,1,,,,
D3_09840,G_05464,en,E5x_pooled,0,0.965790825471974,1,,,,
D3_09841,G_05465,en,E5x_pooled,0,0.9248564266859581,1,,,,
D3_09842,G_02238,en,E5x_pooled,0,0.9584590632717276,1,,,,
D3_09843,G_04635,en,E5x_pooled,0,0.8969237078710847,1,,,,
D3_09844,G_02235,en,E5x_pooled,0,0.5668673325876753,0,,,,
D3_09845,G_02468,en,E5x_pooled,0,0.8931850313428109,1,,,,
D3_09846,G_02277,en,E5x_pooled,0,0.9884804903041773,1,,,,
D3_09847,G_03183,en,E5x_pooled,0,0.9309115446572379,1,,,,
D3_09848,G_05472,en,E5x_pooled,0,0.9057714961528707,1,,,,
D3_09849,G_05473,en,E5x_pooled,0,0.823331973343744,1,,,,
D3_09850,G_02235,en,E5x_pooled,0,0.5069551339294577,0,,,,
D3_09851,G_05475,en,E5x_pooled,0,0.9352385042918778,1,,,,
D3_09852,G_02277,en,E5x_pooled,0,0.981679484296241,1,,,,
D3_09853,G_03183,en,E5x_pooled,0,0.923953948615769,1,,,,
D3_09855,G_04635,en,E5x_pooled,0,0.8796080780927983,1,,,,
D3_09858,G_02277,en,E5x_pooled,0,0.9889476110279225,1,,,,
D3_09860,G_02238,en,E5x_pooled,0,0.9288815069966884,1,,,,
D3_09861,G_04635,en,E5x_pooled,0,0.8299020623108148,1,,,,
D3_09862,G_05482,en,E5x_pooled,0,0.4972678294537465,0,,,,
D3_09863,G_05483,en,E5x_pooled,0,0.9329271310891915,1,,,,
D3_09864,G_05484,en,E5x_pooled,0,0.9872531133443964,1,,,,
D3_09865,G_03183,en,E5x_pooled,0,0.9228812619459208,1,,,,
D3_09866,G_05486,en,E5x_pooled,0,0.5868252352097694,0,,,,
D3_09867,G_05487,en,E5x_pooled,0,0.8833116315990961,1,,,,
D3_09868,G_05488,en,E5x_pooled,0,0.3185755221101918,0,,,,
D3_09869,G_05489,en,E5x_pooled,0,0.9000224378187361,1,,,,
D3_09870,G_05490,en,E5x_pooled,0,0.975044748518326,1,,,,
D3_09952,G_05491,en,E5x_pooled,0,0.972335004335904,1,,,,
D3_09953,G_05492,en,E5x_pooled,0,0.9898742577131577,1,,,,
D3_09954,G_05493,en,E5x_pooled,0,0.7103959217296001,1,,,,
D3_09955,G_05494,en,E5x_pooled,0,0.9578285039065109,1,,,,
D3_09956,G_05495,en,E5x_pooled,0,0.9768017015147217,1,,,,
D3_09957,G_05496,en,E5x_pooled,0,0.9572399789946086,1,,,,
D3_09958,G_02499,en,E5x_pooled,0,0.9695896784979566,1,,,,
D3_09959,G_02500,en,E5x_pooled,0,0.6799429092390634,0,,,,
D3_09960,G_02504,en,E5x_pooled,0,0.9649016016820838,1,,,,
D3_09961,G_02510,en,E5x_pooled,0,0.9738734186357766,1,,,,
D3_09962,G_03808,en,E5x_pooled,0,0.8878416980578134,1,,,,
D3_09963,G_02499,en,E5x_pooled,0,0.8286066036527577,1,,,,
D3_09964,G_05503,en,E5x_pooled,0,0.9923551756392626,1,,,,
D3_09965,G_05504,en,E5x_pooled,0,0.42621538240954343,0,,,,
D3_09966,G_05505,en,E5x_pooled,0,0.9532464344140332,1,,,,
D3_09967,G_02510,en,E5x_pooled,0,0.9719102172460936,1,,,,
D3_09968,G_03808,en,E5x_pooled,0,0.8298756897597109,1,,,,
D3_09969,G_05508,en,E5x_pooled,0,0.9742612912559379,1,,,,
D3_09970,G_03319,en,E5x_pooled,0,0.9874357553401205,1,,,,
D3_09971,G_05510,en,E5x_pooled,0,0.6909628207741194,0,,,,
D3_09972,G_05511,en,E5x_pooled,0,0.9430428767898366,1,,,,
D3_09973,G_05512,en,E5x_pooled,0,0.946358566232821,1,,,,
D3_09975,G_05513,en,E5x_pooled,0,0.9577997216841374,1,,,,
D3_09976,G_05514,en,E5x_pooled,0,0.9683818424635857,1,,,,
D3_09977,G_05515,en,E5x_pooled,0,0.5104514923624348,0,,,,
D3_09978,G_05516,en,E5x_pooled,0,0.9713006410225967,1,,,,
D3_09979,G_05517,en,E5x_pooled,0,0.9738300254476983,1,,,,
D3_09980,G_05518,en,E5x_pooled,0,0.5506594478303408,0,,,,
D3_09981,G_05519,en,E5x_pooled,0,0.8174553245476274,1,,,,
D3_09982,G_05520,en,E5x_pooled,0,0.9334637444175733,1,,,,
D3_09983,G_05521,en,E5x_pooled,0,0.7442744551467605,1,,,,
D3_09984,G_05522,en,E5x_pooled,0,0.9829188547190854,1,,,,
D3_09985,G_05523,en,E5x_pooled,0,0.9963738283502358,1,,,,
D3_09986,G_05524,en,E5x_pooled,0,0.978601969253488,1,,,,
D3_10067,G_05525,en,E5x_pooled,0,0.5185912866228006,0,,,,
D3_10068,G_05526,en,E5x_pooled,0,0.37790663634061916,0,,,,
D3_10069,G_05527,en,E5x_pooled,0,0.1339981043766829,0,,,,
D3_10070,G_05528,en,E5x_pooled,0,0.7482612010719046,1,,,,
D3_10071,G_05529,en,E5x_pooled,0,0.5767598288272886,0,,,,
D3_10072,G_05530,en,E5x_pooled,0,0.8482068186499325,1,,,,
D3_10073,G_01667,en,E5x_pooled,0,0.8955797748902363,1,,,,
D3_10074,G_01664,en,E5x_pooled,0,0.6547388552729063,0,,,,
D3_10075,G_02968,en,E5x_pooled,0,0.5180675132992424,0,,,,
D3_10076,G_01691,en,E5x_pooled,0,0.799412011738651,1,,,,
D3_10077,G_01677,en,E5x_pooled,0,0.5847926028793293,0,,,,
D3_10078,G_01705,en,E5x_pooled,0,0.7927439246027106,1,,,,
D3_10079,G_05537,en,E5x_pooled,0,0.5813596500164692,0,,,,
D3_10081,G_05538,en,E5x_pooled,0,0.639820811526924,0,,,,
D3_10082,G_05539,en,E5x_pooled,0,0.819724493377536,1,,,,
D3_10083,G_05540,en,E5x_pooled,0,0.6065702869957401,0,,,,
D3_10084,G_01705,en,E5x_pooled,0,0.8456584480788096,1,,,,
D3_10086,G_01664,en,E5x_pooled,0,0.6413274820610437,0,,,,
D3_10087,G_03546,en,E5x_pooled,0,0.6882678872252961,0,,,,
D3_10089,G_05544,en,E5x_pooled,0,0.6734714781722669,0,,,,
D3_10090,G_01705,en,E5x_pooled,0,0.855558275305568,1,,,,
D3_10091,G_05546,en,E5x_pooled,0,0.53473195754033,0,,,,
D3_10092,G_01664,en,E5x_pooled,0,0.639093289917423,0,,,,
D3_10093,G_02968,en,E5x_pooled,0,0.5734152621592606,0,,,,
D3_10094,G_05549,en,E5x_pooled,0,0.8034950898872668,1,,,,
D3_10095,G_05550,en,E5x_pooled,0,0.5524124347448472,0,,,,
D3_10096,G_01705,en,E5x_pooled,0,0.7708425273386293,1,,,,
D3_10097,G_05552,en,E5x_pooled,0,0.6169113558335672,0,,,,
D3_10098,G_05553,en,E5x_pooled,0,0.3811527861486304,0,,,,
D3_10099,G_05554,en,E5x_pooled,0,0.4614479229181694,0,,,,
D3_10100,G_05555,en,E5x_pooled,0,0.559605315156683,0,,,,
D3_10101,G_05556,en,E5x_pooled,0,0.7669906388099572,1,,,,
D3_10102,G_05557,en,E5x_pooled,0,0.7418320753588825,1,,,,
D3_10183,G_05558,en,E5x_pooled,0,0.7096039671329739,1,,,,
D3_10184,G_05559,en,E5x_pooled,0,0.6841949689514263,0,,,,
D3_10185,G_05560,en,E5x_pooled,0,0.8107980859453744,1,,,,
D3_10186,G_05561,en,E5x_pooled,0,0.8304054341445453,1,,,,
D3_10187,G_05562,en,E5x_pooled,0,0.9710257951072702,1,,,,
D3_10188,G_05563,en,E5x_pooled,0,0.9325683275239165,1,,,,
D3_10189,G_01803,en,E5x_pooled,0,0.9638152474836322,1,,,,
D3_10190,G_05565,en,E5x_pooled,0,0.9014329157694149,1,,,,
D3_10191,G_01802,en,E5x_pooled,0,0.9536675464383723,1,,,,
D3_10192,G_03029,en,E5x_pooled,0,0.9303131517980426,1,,,,
D3_10193,G_01790,en,E5x_pooled,0,0.9881004297762926,1,,,,
D3_10194,G_01794,en,E5x_pooled,0,0.7816654306690093,1,,,,
D3_10195,G_01815,en,E5x_pooled,0,0.9291524609505122,1,,,,
D3_10196,G_05571,en,E5x_pooled,0,0.9337598533051817,1,,,,
D3_10197,G_05572,en,E5x_pooled,0,0.9668905710172204,1,,,,
D3_10198,G_05573,en,E5x_pooled,0,0.9462628845213964,1,,,,
D3_10199,G_05284,en,E5x_pooled,0,0.9794512675972836,1,,,,
D3_10201,G_05575,en,E5x_pooled,0,0.7139414675334647,1,,,,
D3_10202,G_01785,en,E5x_pooled,0,0.901117394656942,1,,,,
D3_10203,G_01802,en,E5x_pooled,0,0.9404567834672299,1,,,,
D3_10204,G_03029,en,E5x_pooled,0,0.9346925664381452,1,,,,
D3_10205,G_05579,en,E5x_pooled,0,0.9585866071586918,1,,,,
D3_10206,G_01794,en,E5x_pooled,0,0.7760024221085573,1,,,,
D3_10207,G_05581,en,E5x_pooled,0,0.9530018029086122,1,,,,
D3_10208,G_05582,en,E5x_pooled,0,0.6810828144525701,0,,,,
D3_10209,G_05583,en,E5x_pooled,0,0.9376697329520989,1,,,,
D3_10210,G_05584,en,E5x_pooled,0,0.8622691599340984,1,,,,
D3_10211,G_05585,en,E5x_pooled,0,0.9817025187696204,1,,,,
D3_10212,G_05586,en,E5x_pooled,0,0.9107618698563316,1,,,,
D3_10233,G_05587,en,E5x_pooled,0,0.44407591658836204,0,,,,
D3_10234,G_05588,en,E5x_pooled,0,0.6135992172818007,0,,,,
D3_10235,G_05589,en,E5x_pooled,0,0.16291426302196826,0,,,,
D3_10236,G_05590,en,E5x_pooled,0,0.8657745835999746,1,,,,
D3_10237,G_01902,en,E5x_pooled,0,0.9559048879127605,1,,,,
D3_10238,G_05592,en,E5x_pooled,0,0.9053457362274779,1,,,,
D3_10239,G_01893,en,E5x_pooled,0,0.9550971841969935,1,,,,
D3_10240,G_01890,en,E5x_pooled,0,0.9647423255692454,1,,,,
D3_10241,G_01896,en,E5x_pooled,0,0.29794115294335105,0,,,,
D3_10242,G_01906,en,E5x_pooled,0,0.8585720127243619,1,,,,
D3_10243,G_01902,en,E5x_pooled,0,0.936445513024927,1,,,,
D3_10244,G_01901,en,E5x_pooled,0,0.8914980103257287,1,,,,
D3_10245,G_05599,en,E5x_pooled,0,0.7979970144177222,1,,,,
D3_10246,G_05600,en,E5x_pooled,0,0.8729171612150625,1,,,,
D3_10247,G_05601,en,E5x_pooled,0,0.23188175589981444,0,,,,
D3_10248,G_05602,en,E5x_pooled,0,0.818289855167398,1,,,,
D3_10249,G_05603,en,E5x_pooled,0,0.9410987121442809,1,,,,
D3_10250,G_05604,en,E5x_pooled,0,0.8915059638991572,1,,,,
D3_10251,G_01893,en,E5x_pooled,0,0.9392734834718658,1,,,,
D3_10256,G_01901,en,E5x_pooled,0,0.8749931533438695,1,,,,
D3_10257,G_04900,en,E5x_pooled,0,0.932691713433192,1,,,,
D3_10258,G_05608,en,E5x_pooled,0,0.8680313077365331,1,,,,
D3_10259,G_05609,en,E5x_pooled,0,0.4171128884922836,0,,,,
D3_10260,G_01906,en,E5x_pooled,0,0.9052954119481867,1,,,,
D3_10261,G_01902,en,E5x_pooled,0,0.9534973559316291,1,,,,
D3_10262,G_01901,en,E5x_pooled,0,0.9105120742602693,1,,,,
D3_10263,G_05613,en,E5x_pooled,0,0.8655722386829657,1,,,,
D3_10264,G_05614,en,E5x_pooled,0,0.7789415908933762,1,,,,
D3_10265,G_05615,en,E5x_pooled,0,0.2619181437447019,0,,,,
D3_10266,G_05616,en,E5x_pooled,0,0.645080826569496,0,,,,
D3_10267,G_05617,en,E5x_pooled,0,0.8030198693767941,1,,,,
D3_10268,G_05618,en,E5x_pooled,0,0.8932703224475901,1,,,,
D3_10349,G_05619,en,E5x_pooled,0,0.995803433909036,1,,,,
D3_10350,G_05620,en,E5x_pooled,0,0.9316243785330621,1,,,,
D3_10351,G_05621,en,E5x_pooled,0,0.9835901313301948,1,,,,
D3_10352,G_05622,en,E5x_pooled,0,0.9557493475384446,1,,,,
D3_10353,G_05623,en,E5x_pooled,0,0.9950271730086565,1,,,,
D3_10354,G_05624,en,E5x_pooled,0,0.9420736036485509,1,,,,
D3_10355,G_02011,en,E5x_pooled,0,0.9834754701869428,1,,,,
D3_10356,G_03634,en,E5x_pooled,0,0.989646829592746,1,,,,
D3_10357,G_02007,en,E5x_pooled,0,0.9811077868324243,1,,,,
D3_10358,G_03116,en,E5x_pooled,0,0.9800330410768658,1,,,,
D3_10359,G_02020,en,E5x_pooled,0,0.9960562100917032,1,,,,
D3_10360,G_02021,en,E5x_pooled,0,0.9817141658870886,1,,,,
D3_10361,G_05631,en,E5x_pooled,0,0.9104546743189689,1,,,,
D3_10362,G_05632,en,E5x_pooled,0,0.968693660594916,1,,,,
D3_10363,G_05633,en,E5x_pooled,0,0.9635229301122492,1,,,,
D3_10364,G_05634,en,E5x_pooled,0,0.9620577629355849,1,,,,
D3_10365,G_05635,en,E5x_pooled,0,0.9810850643887977,1,,,,
D3_10366,G_05636,en,E5x_pooled,0,0.8909763785500676,1,,,,
D3_10371,G_02020,en,E5x_pooled,0,0.9960437825912289,1,,,,
D3_10372,G_02021,en,E5x_pooled,0,0.971991412466347,1,,,,
D3_10373,G_02011,en,E5x_pooled,0,0.979474925149902,1,,,,
D3_10374,G_05640,en,E5x_pooled,0,0.9793459353954396,1,,,,
D3_10375,G_05641,en,E5x_pooled,0,0.9799873174064697,1,,,,
D3_10376,G_05642,en,E5x_pooled,0,0.9487890548776237,1,,,,
D3_10377,G_05643,en,E5x_pooled,0,0.9973540208245609,1,,,,
D3_10378,G_05644,en,E5x_pooled,0,0.9869525828816804,1,,,,
D3_10379,G_05645,en,E5x_pooled,0,0.9180407730008849,1,,,,
D3_10380,G_05646,en,E5x_pooled,0,0.8847636474145865,1,,,,
D3_10381,G_05647,en,E5x_pooled,0,0.9731322933816576,1,,,,
D3_10382,G_05648,en,E5x_pooled,0,0.7177609612657927,1,,,,
D3_10383,G_05649,en,E5x_pooled,0,0.9986707169058624,1,,,,
D3_10384,G_05650,en,E5x_pooled,0,0.978995206826829,1,,,,
D3_10466,G_05651,en,E5x_pooled,0,0.871815754788724,1,,,,
D3_10467,G_05652,en,E5x_pooled,0,0.5409974280862482,0,,,,
D3_10468,G_05653,en,E5x_pooled,0,0.030103258491684104,0,,,,
D3_10469,G_04962,en,E5x_pooled,0,0.9804408734465413,1,,,,
D3_10470,G_02129,en,E5x_pooled,0,0.7874309196421594,1,,,,
D3_10471,G_05656,en,E5x_pooled,0,0.2614623353207093,0,,,,
D3_10472,G_02150,en,E5x_pooled,0,0.9564432881477095,1,,,,
D3_10473,G_03685,en,E5x_pooled,0,0.932284396926617,1,,,,
D3_10474,G_04106,en,E5x_pooled,0,0.9815327603551885,1,,,,
D3_10475,G_05660,en,E5x_pooled,0,0.944748036313917,1,,,,
D3_10476,G_05661,en,E5x_pooled,0,0.6338079566156967,0,,,,
D3_10477,G_05662,en,E5x_pooled,0,0.19162455067865944,0,,,,
D3_10478,G_05663,en,E5x_pooled,0,0.9467854803938025,1,,,,
D3_10479,G_05664,en,E5x_pooled,0,0.954314938258163,1,,,,
D3_10480,G_04106,en,E5x_pooled,0,0.9750674731220439,1,,,,
D3_10481,G_04962,en,E5x_pooled,0,0.9720505592419614,1,,,,
D3_10482,G_05667,en,E5x_pooled,0,0.8634690927539621,1,,,,
D3_10487,G_05668,en,E5x_pooled,0,0.8773345884777833,1,,,,
D3_10488,G_05669,en,E5x_pooled,0,0.623560728886453,0,,,,
D3_10489,G_05670,en,E5x_pooled,0,0.5666962636257634,0,,,,
D3_10490,G_05671,en,E5x_pooled,0,0.8632126494386677,1,,,,
D3_10491,G_03685,en,E5x_pooled,0,0.9463530974979911,1,,,,
D3_10492,G_05673,en,E5x_pooled,0,0.9757743696635482,1,,,,
D3_10493,G_05674,en,E5x_pooled,0,0.922249129992014,1,,,,
D3_10494,G_05675,en,E5x_pooled,0,0.8341015793707995,1,,,,
D3_10495,G_05676,en,E5x_pooled,0,0.21075072828488656,0,,,,
D3_10496,G_05677,en,E5x_pooled,0,0.92446345107955,1,,,,
D3_10497,G_05678,en,E5x_pooled,0,0.8100215007826223,1,,,,
D3_10498,G_05679,en,E5x_pooled,0,0.9246686968888959,1,,,,
D3_10580,G_05680,en,E5x_pooled,0,0.8028517126085226,1,,,,
D3_10581,G_05702,en,E5x_pooled,0,0.7025506649681205,0,,,,
D3_10582,G_05682,en,E5x_pooled,0,0.7871957893499503,1,,,,
D3_10583,G_05683,en,E5x_pooled,0,0.9393606727433712,1,,,,
D3_10584,G_05684,en,E5x_pooled,0,0.7588733643814325,1,,,,
D3_10585,G_05685,en,E5x_pooled,0,0.9686066205468961,1,,,,
D3_10586,G_04635,en,E5x_pooled,0,0.895661490473427,1,,,,
D3_10587,G_02235,en,E5x_pooled,0,0.5648540684332929,0,,,,
D3_10588,G_02243,en,E5x_pooled,0,0.7468617604596297,1,,,,
D3_10589,G_03178,en,E5x_pooled,0,0.8875535999339357,1,,,,
D3_10590,G_04642,en,E5x_pooled,0,0.789080052833309,1,,,,
D3_10591,G_02277,en,E5x_pooled,0,0.9877695802099077,1,,,,
D3_10592,G_05692,en,E5x_pooled,0,0.8800549206562234,1,,,,
D3_10593,G_05693,en,E5x_pooled,0,0.4027875767773673,0,,,,
D3_10594,G_05694,en,E5x_pooled,0,0.5321069536453098,0,,,,
D3_10595,G_05695,en,E5x_pooled,0,0.8785540936277461,1,,,,
D3_10596,G_05696,en,E5x_pooled,0,0.7755451421819313,1,,,,
D3_10597,G_05697,en,E5x_pooled,0,0.9175374013144171,1,,,,
D3_10600,G_05698,en,E5x_pooled,0,0.825608292343479,1,,,,
D3_10601,G_03178,en,E5x_pooled,0,0.9142193654499321,1,,,,
D3_10603,G_02277,en,E5x_pooled,0,0.9795235170635572,1,,,,
D3_10604,G_04635,en,E5x_pooled,0,0.9013058622305858,1,,,,
D3_10605,G_05702,en,E5x_pooled,0,0.7767582982115436,1,,,,
D3_10606,G_05703,en,E5x_pooled,0,0.6459686798356448,0,,,,
D3_10607,G_05704,en,E5x_pooled,0,0.9192608882861497,1,,,,
D3_10608,G_05705,en,E5x_pooled,0,0.7990263753994674,1,,,,
D3_10609,G_02277,en,E5x_pooled,0,0.9787326371642892,1,,,,
D3_10610,G_05707,en,E5x_pooled,0,0.7905620460293011,1,,,,
D3_10611,G_05702,en,E5x_pooled,0,0.7558919938840186,1,,,,
D3_10612,G_05709,en,E5x_pooled,0,0.4556636037847302,0,,,,
D3_10613,G_05710,en,E5x_pooled,0,0.917726999058076,1,,,,
D3_10614,G_05711,en,E5x_pooled,0,0.7874705375074779,1,,,,
D3_10615,G_05712,en,E5x_pooled,0,0.9286075314713413,1,,,,
D3_10696,G_05713,en,E5x_pooled,0,0.46730781723106213,0,,,,
D3_10697,G_05714,en,E5x_pooled,0,0.4532635738046926,0,,,,
D3_10698,G_05715,en,E5x_pooled,0,0.8158401965236274,1,,,,
D3_10699,G_05716,en,E5x_pooled,0,0.7200725671385192,1,,,,
D3_10700,G_05717,en,E5x_pooled,0,0.9038054476565799,1,,,,
D3_10701,G_05718,en,E5x_pooled,0,0.9573935087736442,1,,,,
D3_10702,G_02356,en,E5x_pooled,0,0.8189666342427744,1,,,,
D3_10703,G_02372,en,E5x_pooled,0,0.8871880864119598,1,,,,
D3_10704,G_02353,en,E5x_pooled,0,0.8782983515064555,1,,,,
D3_10705,G_02364,en,E5x_pooled,0,0.9804182190274338,1,,,,
D3_10706,G_03228,en,E5x_pooled,0,0.9335802366425279,1,,,,
D3_10707,G_02369,en,E5x_pooled,0,0.9384530619591014,1,,,,
D3_10708,G_05725,en,E5x_pooled,0,0.5102248921889436,0,,,,
D3_10709,G_05726,en,E5x_pooled,0,0.8350504084531888,1,,,,
D3_10710,G_05727,en,E5x_pooled,0,0.7148098163749798,1,,,,
D3_10711,G_02364,en,E5x_pooled,0,0.9813868040213712,1,,,,
D3_10712,G_05729,en,E5x_pooled,0,0.710927561662382,1,,,,
D3_10713,G_05730,en,E5x_pooled,0,0.9491972640462604,1,,,,
D3_10714,G_05731,en,E5x_pooled,0,0.7815852184840901,1,,,,
D3_10715,G_05732,en,E5x_pooled,0,0.9241350374507251,1,,,,
D3_10719,G_02369,en,E5x_pooled,0,0.9181607299968855,1,,,,
D3_10720,G_05734,en,E5x_pooled,0,0.8179113459196325,1,,,,
D3_10721,G_05735,en,E5x_pooled,0,0.8807950095418383,1,,,,
D3_10722,G_02372,en,E5x_pooled,0,0.8825369416031937,1,,,,
D3_10723,G_05737,en,E5x_pooled,0,0.7611369911105349,1,,,,
D3_10724,G_05738,en,E5x_pooled,0,0.7443888029472004,1,,,,
D3_10725,G_05739,en,E5x_pooled,0,0.7132455052633215,1,,,,
D3_10726,G_05740,en,E5x_pooled,0,0.3395295996450352,0,,,,
D3_10727,G_05741,en,E5x_pooled,0,0.57630709185628,0,,,,
D3_10728,G_05742,en,E5x_pooled,0,0.7213645610088671,1,,,,
D3_10729,G_02364,en,E5x_pooled,0,0.9809624338717444,1,,,,
D3_10730,G_05744,en,E5x_pooled,0,0.6242387650043146,0,,,,
D3_10731,G_05745,en,E5x_pooled,0,0.9345241311010999,1,,,,
D3_10813,G_05746,en,E5x_pooled,0,0.3748652962326916,0,,,,
D3_10814,G_05747,en,E5x_pooled,0,0.7082356846800448,1,,,,
D3_10815,G_05748,en,E5x_pooled,0,0.61660319267524,0,,,,
D3_10816,G_05749,en,E5x_pooled,0,0.9048005477901305,1,,,,
D3_10817,G_05750,en,E5x_pooled,0,0.9789441428439604,1,,,,
D3_10818,G_05751,en,E5x_pooled,0,0.8808903610192601,1,,,,
D3_10819,G_02235,en,E5x_pooled,0,0.5743545737722255,0,,,,
D3_10820,G_02243,en,E5x_pooled,0,0.755937495949295,1,,,,
D3_10821,G_04639,en,E5x_pooled,0,0.9638677978377151,1,,,,
D3_10822,G_02468,en,E5x_pooled,0,0.8931850313428109,1,,,,
D3_10823,G_02277,en,E5x_pooled,0,0.9885097632276754,1,,,,
D3_10824,G_03183,en,E5x_pooled,0,0.9309115446572379,1,,,,
D3_10825,G_05758,en,E5x_pooled,0,0.6154825820556503,0,,,,
D3_10826,G_05759,en,E5x_pooled,0,0.6260980867818265,0,,,,
D3_10827,G_05760,en,E5x_pooled,0,0.965098397659987,1,,,,
D3_10828,G_05761,en,E5x_pooled,0,0.9320325711042056,1,,,,
D3_10829,G_05762,en,E5x_pooled,0,0.9211122888891682,1,,,,
D3_10830,G_05763,en,E5x_pooled,0,0.9012021207855201,1,,,,
D3_10833,G_02275,en,E5x_pooled,0,0.9277658497353034,1,,,,
D3_10834,G_02276,en,E5x_pooled,0,0.8818649245508091,1,,,,
D3_10836,G_02475,en,E5x_pooled,0,0.9168573284482704,1,,,,
D3_10837,G_05702,en,E5x_pooled,0,0.7061428795034547,0,,,,
D3_10838,G_05768,en,E5x_pooled,0,0.7132291124893436,1,,,,
D3_10839,G_04639,en,E5x_pooled,0,0.9498845985700309,1,,,,
D3_10840,G_05770,en,E5x_pooled,0,0.9267697578704588,1,,,,
D3_10841,G_05771,en,E5x_pooled,0,0.9727690807877196,1,,,,
D3_10842,G_03183,en,E5x_pooled,0,0.9225260454838113,1,,,,
D3_10843,G_05773,en,E5x_pooled,0,0.7522503395961985,1,,,,
D3_10844,G_05774,en,E5x_pooled,0,0.6370572512372474,0,,,,
D3_10845,G_05775,en,E5x_pooled,0,0.7022358241215857,0,,,,
D3_10846,G_05776,en,E5x_pooled,0,0.8668671299153499,1,,,,
D3_10847,G_05777,en,E5x_pooled,0,0.6674057569893768,0,,,,
D3_10848,G_05778,en,E5x_pooled,0,0.898242458383772,1,,,,
D3_10929,G_05779,en,E5x_pooled,0,0.9860676604518716,1,,,,
D3_10930,G_05780,en,E5x_pooled,0,0.7087106372226998,1,,,,
D3_10931,G_05781,en,E5x_pooled,0,0.923533609668546,1,,,,
D3_10932,G_05782,en,E5x_pooled,0,0.9398854424225489,1,,,,
D3_10933,G_05783,en,E5x_pooled,0,0.9909987879516626,1,,,,
D3_10934,G_05784,en,E5x_pooled,0,0.8777613624767518,1,,,,
D3_10935,G_03310,en,E5x_pooled,0,0.873725637207049,1,,,,
D3_10936,G_02502,en,E5x_pooled,0,0.933746994263122,1,,,,
D3_10937,G_02500,en,E5x_pooled,0,0.6852644658808068,0,,,,
D3_10938,G_02508,en,E5x_pooled,0,0.9869613007599867,1,,,,
D3_10939,G_03806,en,E5x_pooled,0,0.9950894388084758,1,,,,
D3_10940,G_02504,en,E5x_pooled,0,0.9657531914410445,1,,,,
D3_10941,G_05791,en,E5x_pooled,0,0.5597725718954205,0,,,,
D3_10942,G_05792,en,E5x_pooled,0,0.9441597447212453,1,,,,
D3_10943,G_02500,en,E5x_pooled,0,0.46909280802382186,0,,,,
D3_10944,G_05794,en,E5x_pooled,0,0.9719543922876921,1,,,,
D3_10945,G_05795,en,E5x_pooled,0,0.9892023341479186,1,,,,
D3_10946,G_05796,en,E5x_pooled,0,0.864248937224198,1,,,,
D3_10947,G_03321,en,E5x_pooled,0,0.8418016201678613,1,,,,
D3_10948,G_05798,en,E5x_pooled,0,0.8801828744928933,1,,,,
D3_10951,G_05084,en,E5x_pooled,0,0.9867032364836705,1,,,,
D3_10953,G_05800,en,E5x_pooled,0,0.6050033914609771,0,,,,
D3_10954,G_02502,en,E5x_pooled,0,0.9091961592281471,1,,,,
D3_10955,G_05802,en,E5x_pooled,0,0.7442576839608945,1,,,,
D3_10956,G_05803,en,E5x_pooled,0,0.9892518315956933,1,,,,
D3_10957,G_05804,en,E5x_pooled,0,0.9947381492248206,1,,,,
D3_10958,G_05805,en,E5x_pooled,0,0.9044311972327793,1,,,,
D3_10959,G_05806,en,E5x_pooled,0,0.8643503297948087,1,,,,
D3_10960,G_05807,en,E5x_pooled,0,0.82502286633275,1,,,,
D3_10961,G_05808,en,E5x_pooled,0,0.48806660120581946,0,,,,
D3_10962,G_05809,en,E5x_pooled,0,0.9880289684270341,1,,,,
D3_10963,G_05810,en,E5x_pooled,0,0.994994499499058,1,,,,
D3_10964,G_05811,en,E5x_pooled,0,0.9830275770674732,1,,,,
