id,group_id,language,condition,label,score,pred,parent_id,method,technique,perturbation_rate
D1_00003,G_00002,en,E1_clean,0,0.0006786210578866303,0,,,,
D1_00007,G_00006,en,E1_clean,0,0.0006097209407016635,0,,,,
D1_00011,G_00010,en,E1_clean,1,0.9987342953681946,1,,,,
D1_00031,G_00030,en,E1_clean,0,0.0004630633338820189,0,,,,
D1_00032,G_00031,en,E1_clean,0,0.001969309290871024,0,,,,
D1_00040,G_00039,en,E1_clean,0,0.0026157747488468885,0,,,,
D1_00042,G_00041,en,E1_clean,0,0.0004472716827876866,0,,,,
D1_00045,G_00044,en,E1_clean,0,0.00042204654891975224,0,,,,
D1_00050,G_00049,en,E1_clean,0,0.00044564384734258056,0,,,,
D1_00055,G_00054,en,E1_clean,0,0.0004233585495967418,0,,,,
D1_00056,G_00055,en,E1_clean,0,0.0004667110333684832,0,,,,
D1_00057,G_00056,en,E1_clean,1,0.9993273019790649,1,,,,
D1_00064,G_00063,en,E1_clean,0,0.0004225598822813481,0,,,,
D1_00066,G_00065,en,E1_clean,0,0.000504376832395792,0,,,,
D1_00070,G_00069,en,E1_clean,1,0.9985218644142151,1,,,,
D1_00073,G_00072,en,E1_clean,0,0.00047599789104424417,0,,,,
D1_00077,G_00076,en,E1_clean,0,0.0004836824082303792,0,,,,
D1_00079,G_00078,en,E1_clean,1,0.999262273311615,1,,,,
D1_00082,G_00081,en,E1_clean,0,0.0005597677663899958,0,,,,
D1_00087,G_00086,en,E1_clean,1,0.9990353584289551,1,,,,
D1_00091,G_00090,en,E1_clean,0,0.0005301585188135505,0,,,,
D1_00102,G_00101,en,E1_clean,0,0.0007111557642929256,0,,,,
D1_00105,G_00055,en,E1_clean,0,0.0004300057771615684,0,,,,
D1_00111,G_00110,en,E1_clean,0,0.0004590046009980142,0,,,,
D1_00112,G_00111,en,E1_clean,0,0.0011542110005393624,0,,,,
D1_00133,G_00132,en,E1_clean,0,0.00044832032290287316,0,,,,
D1_00150,G_00149,en,E1_clean,0,0.0004641639825422317,0,,,,
D1_00160,G_00159,en,E1_clean,0,0.00043601859943009913,0,,,,
D1_00165,G_00164,en,E1_clean,0,0.0008339103078469634,0,,,,
D1_00167,G_00166,en,E1_clean,0,0.0013275109231472015,0,,,,
D1_00176,G_00175,en,E1_clean,0,0.001070181024260819,0,,,,
D1_00178,G_00177,en,E1_clean,0,0.000762171926908195,0,,,,
D1_00179,G_00178,en,E1_clean,1,0.9988589286804199,1,,,,
D1_00183,G_00182,other,E1_clean,0,0.0006419118144549429,0,,,,
D1_00206,G_00205,en,E1_clean,0,0.0006881835870444775,0,,,,
D1_00211,G_00210,other,E1_clean,0,0.00043894865666516125,0,,,,
D1_00212,G_00211,other,E1_clean,0,0.0017895697383210063,0,,,,
D1_00220,G_00219,other,E1_clean,0,0.001273364177905023,0,,,,
D1_00222,G_00221,other,E1_clean,0,0.0004332137468736619,0,,,,
D1_00233,G_00232,other,E1_clean,0,0.000434003712143749,0,,,,
D1_00249,G_00248,other,E1_clean,0,0.000433256704127416,0,,,,
D1_00251,G_00250,other,E1_clean,1,0.9992600083351135,1,,,,
D1_00259,G_00258,other,E1_clean,1,0.999159574508667,1,,,,
D1_00266,G_00265,other,E1_clean,0,0.00042641753680072725,0,,,,
D1_00267,G_00266,other,E1_clean,1,0.9991223216056824,1,,,,
D1_00273,G_00272,other,E1_clean,0,0.0004856096929870546,0,,,,
D1_00279,G_00278,other,E1_clean,0,0.00046661519445478916,0,,,,
D1_00283,G_00282,other,E1_clean,0,0.00044552554027177393,0,,,,
D1_00294,G_00293,other,E1_clean,0,0.0005476893857121468,0,,,,
D1_00300,G_00299,other,E1_clean,0,0.00045411157771013677,0,,,,
D1_00302,G_00301,other,E1_clean,0,0.0008393335738219321,0,,,,
D1_00313,G_00312,en,E1_clean,0,0.0004783818731084466,0,,,,
D1_00323,G_00322,other,E1_clean,0,0.000426697515649721,0,,,,
D1_00329,G_00328,other,E1_clean,0,0.00048515398520976305,0,,,,
D1_00343,G_00342,other,E1_clean,0,0.00044527443242259324,0,,,,
D1_00344,G_00343,other,E1_clean,0,0.0005099846748635173,0,,,,
D1_00347,G_00346,other,E1_clean,0,0.0005002133548259735,0,,,,
D1_00349,G_00348,other,E1_clean,1,0.9975706934928894,1,,,,
D1_00352,G_00351,other,E1_clean,1,0.9973401427268982,1,,,,
D1_00353,G_00352,other,E1_clean,0,0.9981212019920349,1,,,,
D1_00364,G_00363,en,E1_clean,1,0.9981087446212769,1,,,,
D1_00365,G_00364,other,E1_clean,0,0.00043767012539319694,0,,,,
D1_00367,G_00366,en,E1_clean,1,0.9990571141242981,1,,,,
D1_00370,G_00369,other,E1_clean,1,0.9987751841545105,1,,,,
D1_00378,G_00377,en,E1_clean,1,0.9991244673728943,1,,,,
D1_00406,G_00405,en,E1_clean,1,0.9992167949676514,1,,,,
D1_00408,G_00407,en,E1_clean,0,0.00044429287663660944,0,,,,
D1_00423,G_00422,en,E1_clean,1,0.998819887638092,1,,,,
D1_00432,G_00431,other,E1_clean,0,0.0005080722621642053,0,,,,
D1_00433,G_00432,other,E1_clean,0,0.0004890300333499908,0,,,,
D1_00440,G_00439,en,E1_clean,0,0.000516722968313843,0,,,,
D1_00449,G_00448,en,E1_clean,1,0.9991130232810974,1,,,,
D1_00450,G_00449,en,E1_clean,0,0.0004888771218247712,0,,,,
D1_00451,G_00450,en,E1_clean,1,0.9991316199302673,1,,,,
D1_00466,G_00465,en,E1_clean,1,0.9977124929428101,1,,,,
D1_00481,G_00480,en,E1_clean,0,0.0004460055206436664,0,,,,
D1_00484,G_00483,en,E1_clean,1,0.9990513920783997,1,,,,
D1_00498,G_00497,other,E1_clean,1,0.9992786049842834,1,,,,
D1_00502,G_00501,other,E1_clean,1,0.9991864562034607,1,,,,
D1_00505,G_00504,en,E1_clean,1,0.9991850256919861,1,,,,
D1_00512,G_00258,other,E1_clean,1,0.9992330074310303,1,,,,
D1_00514,G_00513,en,E1_clean,1,0.9979649782180786,1,,,,
D1_00530,G_00529,en,E1_clean,1,0.9990841150283813,1,,,,
D1_00544,G_00543,other,E1_clean,1,0.9900633692741394,1,,,,
D1_00560,G_00559,en,E1_clean,0,0.0004803810443263501,0,,,,
D1_00569,G_00568,en,E1_clean,0,0.0004265161696821451,0,,,,
D1_00582,G_00581,en,E1_clean,0,0.00042920929263345897,0,,,,
D1_00605,G_00604,other,E1_clean,0,0.000511044287122786,0,,,,
D1_00606,G_00605,other,E1_clean,0,0.0004493190790526569,0,,,,
D1_00611,G_00610,other,E1_clean,0,0.0004983501276001334,0,,,,
D1_00615,G_00614,other,E1_clean,0,0.0004151740577071905,0,,,,
D1_00619,G_00618,other,E1_clean,0,0.0004292616795282811,0,,,,
D1_00620,G_00619,other,E1_clean,0,0.0004600177053362131,0,,,,
D1_00629,G_00628,en,E1_clean,0,0.000493038387503475,0,,,,
D1_00630,G_00629,other,E1_clean,1,0.9986003041267395,1,,,,
D1_00633,G_00632,en,E1_clean,1,0.998572826385498,1,,,,
D1_00636,G_00635,en,E1_clean,1,0.9991748929023743,1,,,,
D1_00649,G_00648,en,E1_clean,1,0.9986530542373657,1,,,,
D1_00658,G_00657,en,E1_clean,1,0.9992401599884033,1,,,,
D1_00659,G_00658,en,E1_clean,1,0.9990482926368713,1,,,,
D1_00011__P1_back_translation,G_00010,en,E2_paraphrase,1,0.9986565113067627,1,D1_00011,P1_back_translation,,
D1_00031__P1_back_translation,G_00030,en,E2_paraphrase,0,0.0004227669269312173,0,D1_00031,P1_back_translation,,
D1_00040__P1_back_translation,G_00039,en,E2_paraphrase,0,0.0029835053719580173,0,D1_00040,P1_back_translation,,
D1_00042__P1_back_translation,G_00041,en,E2_paraphrase,0,0.00046075016143731773,0,D1_00042,P1_back_translation,,
D1_00070__P1_back_translation,G_00069,en,E2_paraphrase,1,0.9986839890480042,1,D1_00070,P1_back_translation,,
D1_00079__P1_back_translation,G_00078,en,E2_paraphrase,1,0.9992879033088684,1,D1_00079,P1_back_translation,,
D1_00091__P1_back_translation,G_00090,en,E2_paraphrase,0,0.0005427600117400289,0,D1_00091,P1_back_translation,,
D1_00150__P1_back_translation,G_00149,en,E2_paraphrase,0,0.000503581773955375,0,D1_00150,P1_back_translation,,
D1_00206__P1_back_translation,G_00205,en,E2_paraphrase,0,0.000630978203844279,0,D1_00206,P1_back_translation,,
D1_00251__P1_back_translation,G_00250,other,E2_paraphrase,1,0.9992668032646179,1,D1_00251,P1_back_translation,,
D1_00267__P1_back_translation,G_00266,other,E2_paraphrase,1,0.9989771842956543,1,D1_00267,P1_back_translation,,
D1_00313__P1_back_translation,G_00312,en,E2_paraphrase,0,0.00044745468767359853,0,D1_00313,P1_back_translation,,
D1_00344__P1_back_translation,G_00343,other,E2_paraphrase,0,0.000505675096064806,0,D1_00344,P1_back_translation,,
D1_00349__P1_back_translation,G_00348,other,E2_paraphrase,1,0.9983173608779907,1,D1_00349,P1_back_translation,,
D1_00352__P1_back_translation,G_00351,other,E2_paraphrase,1,0.0009883587481454015,0,D1_00352,P1_back_translation,,
D1_00364__P1_back_translation,G_00363,en,E2_paraphrase,1,0.9951476454734802,1,D1_00364,P1_back_translation,,
D1_00370__P1_back_translation,G_00369,other,E2_paraphrase,1,0.9981270432472229,1,D1_00370,P1_back_translation,,
D1_00378__P1_back_translation,G_00377,en,E2_paraphrase,1,0.9991111159324646,1,D1_00378,P1_back_translation,,
D1_00406__P1_back_translation,G_00405,en,E2_paraphrase,1,0.9992333650588989,1,D1_00406,P1_back_translation,,
D1_00432__P1_back_translation,G_00431,other,E2_paraphrase,0,0.0004613971395883709,0,D1_00432,P1_back_translation,,
D1_00440__P1_back_translation,G_00439,en,E2_paraphrase,0,0.000761774368584156,0,D1_00440,P1_back_translation,,
D1_00451__P1_back_translation,G_00450,en,E2_paraphrase,1,0.9990192651748657,1,D1_00451,P1_back_translation,,
D1_00466__P1_back_translation,G_00465,en,E2_paraphrase,1,0.9980802536010742,1,D1_00466,P1_back_translation,,
D1_00498__P1_back_translation,G_00497,other,E2_paraphrase,1,0.9991704225540161,1,D1_00498,P1_back_translation,,
D1_00502__P1_back_translation,G_00501,other,E2_paraphrase,1,0.9982995390892029,1,D1_00502,P1_back_translation,,
D1_00505__P1_back_translation,G_00504,en,E2_paraphrase,1,0.9991219639778137,1,D1_00505,P1_back_translation,,
D1_00530__P1_back_translation,G_00529,en,E2_paraphrase,1,0.0011338575277477503,0,D1_00530,P1_back_translation,,
D1_00544__P1_back_translation,G_00543,other,E2_paraphrase,1,0.0028696954250335693,0,D1_00544,P1_back_translation,,
D1_00615__P1_back_translation,G_00614,other,E2_paraphrase,0,0.0004254222149029374,0,D1_00615,P1_back_translation,,
D1_00629__P1_back_translation,G_00628,en,E2_paraphrase,0,0.0006488996441476047,0,D1_00629,P1_back_translation,,
D1_00630__P1_back_translation,G_00629,other,E2_paraphrase,1,0.998847484588623,1,D1_00630,P1_back_translation,,
D1_00633__P1_back_translation,G_00632,en,E2_paraphrase,1,0.997626006603241,1,D1_00633,P1_back_translation,,
D1_00636__P1_back_translation,G_00635,en,E2_paraphrase,1,0.9991565942764282,1,D1_00636,P1_back_translation,,
D1_00659__P1_back_translation,G_00658,en,E2_paraphrase,1,0.999021053314209,1,D1_00659,P1_back_translation,,
D1_00003__P3_wordnet,G_00002,en,E2_paraphrase,0,0.000771385501138866,0,D1_00003,P3_wordnet,,
D1_00007__P3_wordnet,G_00006,en,E2_paraphrase,0,0.0008848141296766698,0,D1_00007,P3_wordnet,,
D1_00011__P3_wordnet,G_00010,en,E2_paraphrase,1,0.9990777969360352,1,D1_00011,P3_wordnet,,
D1_00031__P3_wordnet,G_00030,en,E2_paraphrase,0,0.0004804034542758018,0,D1_00031,P3_wordnet,,
D1_00032__P3_wordnet,G_00031,en,E2_paraphrase,0,0.0029174096416682005,0,D1_00032,P3_wordnet,,
D1_00040__P3_wordnet,G_00039,en,E2_paraphrase,0,0.004671082366257906,0,D1_00040,P3_wordnet,,
D1_00045__P3_wordnet,G_00044,en,E2_paraphrase,0,0.0004290068172849715,0,D1_00045,P3_wordnet,,
D1_00050__P3_wordnet,G_00049,en,E2_paraphrase,0,0.008387049660086632,0,D1_00050,P3_wordnet,,
D1_00056__P3_wordnet,G_00055,en,E2_paraphrase,0,0.0004808206285815686,0,D1_00056,P3_wordnet,,
D1_00057__P3_wordnet,G_00056,en,E2_paraphrase,1,0.9993420243263245,1,D1_00057,P3_wordnet,,
D1_00064__P3_wordnet,G_00063,en,E2_paraphrase,0,0.0004216691595502198,0,D1_00064,P3_wordnet,,
D1_00066__P3_wordnet,G_00065,en,E2_paraphrase,0,0.0007001267513260245,0,D1_00066,P3_wordnet,,
D1_00070__P3_wordnet,G_00069,en,E2_paraphrase,1,0.9989853501319885,1,D1_00070,P3_wordnet,,
D1_00077__P3_wordnet,G_00076,en,E2_paraphrase,0,0.0005943643627688289,0,D1_00077,P3_wordnet,,
D1_00079__P3_wordnet,G_00078,en,E2_paraphrase,1,0.999241828918457,1,D1_00079,P3_wordnet,,
D1_00082__P3_wordnet,G_00081,en,E2_paraphrase,0,0.0006255317712202668,0,D1_00082,P3_wordnet,,
D1_00087__P3_wordnet,G_00086,en,E2_paraphrase,1,0.9992021918296814,1,D1_00087,P3_wordnet,,
D1_00102__P3_wordnet,G_00101,en,E2_paraphrase,0,0.0009375754743814468,0,D1_00102,P3_wordnet,,
D1_00105__P3_wordnet,G_00055,en,E2_paraphrase,0,0.0004287281772121787,0,D1_00105,P3_wordnet,,
D1_00112__P3_wordnet,G_00111,en,E2_paraphrase,0,0.02823674865067005,0,D1_00112,P3_wordnet,,
D1_00150__P3_wordnet,G_00149,en,E2_paraphrase,0,0.0005034814239479601,0,D1_00150,P3_wordnet,,
D1_00160__P3_wordnet,G_00159,en,E2_paraphrase,0,0.0004361574538052082,0,D1_00160,P3_wordnet,,
D1_00165__P3_wordnet,G_00164,en,E2_paraphrase,0,0.0010129522997885942,0,D1_00165,P3_wordnet,,
D1_00167__P3_wordnet,G_00166,en,E2_paraphrase,0,0.0019921741914004087,0,D1_00167,P3_wordnet,,
D1_00176__P3_wordnet,G_00175,en,E2_paraphrase,0,0.0015374618815258145,0,D1_00176,P3_wordnet,,
D1_00179__P3_wordnet,G_00178,en,E2_paraphrase,1,0.9991944432258606,1,D1_00179,P3_wordnet,,
D1_00313__P3_wordnet,G_00312,en,E2_paraphrase,0,0.0006363971042446792,0,D1_00313,P3_wordnet,,
D1_00364__P3_wordnet,G_00363,en,E2_paraphrase,1,0.9983865022659302,1,D1_00364,P3_wordnet,,
D1_00367__P3_wordnet,G_00366,en,E2_paraphrase,1,0.9990379810333252,1,D1_00367,P3_wordnet,,
D1_00406__P3_wordnet,G_00405,en,E2_paraphrase,1,0.9992638230323792,1,D1_00406,P3_wordnet,,
D1_00408__P3_wordnet,G_00407,en,E2_paraphrase,0,0.00046671772724948823,0,D1_00408,P3_wordnet,,
D1_00440__P3_wordnet,G_00439,en,E2_paraphrase,0,0.0006689707515761256,0,D1_00440,P3_wordnet,,
D1_00449__P3_wordnet,G_00448,en,E2_paraphrase,1,0.9991727471351624,1,D1_00449,P3_wordnet,,
D1_00451__P3_wordnet,G_00450,en,E2_paraphrase,1,0.9992268085479736,1,D1_00451,P3_wordnet,,
D1_00466__P3_wordnet,G_00465,en,E2_paraphrase,1,0.998221218585968,1,D1_00466,P3_wordnet,,
D1_00481__P3_wordnet,G_00480,en,E2_paraphrase,0,0.0004973871982656419,0,D1_00481,P3_wordnet,,
D1_00484__P3_wordnet,G_00483,en,E2_paraphrase,1,0.9989342093467712,1,D1_00484,P3_wordnet,,
D1_00514__P3_wordnet,G_00513,en,E2_paraphrase,1,0.9983721375465393,1,D1_00514,P3_wordnet,,
D1_00530__P3_wordnet,G_00529,en,E2_paraphrase,1,0.9990639090538025,1,D1_00530,P3_wordnet,,
D1_00560__P3_wordnet,G_00559,en,E2_paraphrase,0,0.0006770368199795485,0,D1_00560,P3_wordnet,,
D1_00569__P3_wordnet,G_00568,en,E2_paraphrase,0,0.0004174610076006502,0,D1_00569,P3_wordnet,,
D1_00582__P3_wordnet,G_00581,en,E2_paraphrase,0,0.0004379355814307928,0,D1_00582,P3_wordnet,,
D1_00633__P3_wordnet,G_00632,en,E2_paraphrase,1,0.9987888932228088,1,D1_00633,P3_wordnet,,
D1_00649__P3_wordnet,G_00648,en,E2_paraphrase,1,0.9987597465515137,1,D1_00649,P3_wordnet,,
D1_00658__P3_wordnet,G_00657,en,E2_paraphrase,1,0.9992691874504089,1,D1_00658,P3_wordnet,,
D1_00659__P3_wordnet,G_00658,en,E2_paraphrase,1,0.9992402791976929,1,D1_00659,P3_wordnet,,
D1_00003__O1_leetspeak_10,G_00002,en,E3_obfuscated,0,0.0013907141983509064,0,D1_00003,,O1_leetspeak,0.1
D1_00003__O1_leetspeak_20,G_00002,en,E3_obfuscated,0,0.9792806506156921,1,D1_00003,,O1_leetspeak,0.2
D1_00003__O1_leetspeak_30,G_00002,en,E3_obfuscated,0,0.9991521835327148,1,D1_00003,,O1_leetspeak,0.3
D1_00003__O2_char_spacing_10,G_00002,en,E3_obfuscated,0,0.0052041965536773205,0,D1_00003,,O2_char_spacing,0.1
D1_00003__O2_char_spacing_20,G_00002,en,E3_obfuscated,0,0.9953428506851196,1,D1_00003,,O2_char_spacing,0.2
D1_00003__O2_char_spacing_30,G_00002,en,E3_obfuscated,0,0.9959420561790466,1,D1_00003,,O2_char_spacing,0.3
D1_00003__O3_zero_width_10,G_00002,en,E3_obfuscated,0,0.9653652310371399,1,D1_00003,,O3_zero_width,0.1
D1_00003__O3_zero_width_20,G_00002,en,E3_obfuscated,0,0.9988991022109985,1,D1_00003,,O3_zero_width,0.2
D1_00003__O3_zero_width_30,G_00002,en,E3_obfuscated,0,0.9991525411605835,1,D1_00003,,O3_zero_width,0.3
D1_00003__O4_homoglyph_10,G_00002,en,E3_obfuscated,0,0.19569943845272064,0,D1_00003,,O4_homoglyph,0.1
D1_00003__O4_homoglyph_20,G_00002,en,E3_obfuscated,0,0.9970494508743286,1,D1_00003,,O4_homoglyph,0.2
D1_00003__O4_homoglyph_30,G_00002,en,E3_obfuscated,0,0.9988798499107361,1,D1_00003,,O4_homoglyph,0.3
D1_00003__O6_random_case_10,G_00002,en,E3_obfuscated,0,0.5211557745933533,1,D1_00003,,O6_random_case,0.1
D1_00003__O6_random_case_20,G_00002,en,E3_obfuscated,0,0.9990571141242981,1,D1_00003,,O6_random_case,0.2
D1_00003__O6_random_case_30,G_00002,en,E3_obfuscated,0,0.9991983771324158,1,D1_00003,,O6_random_case,0.3
D1_00003__O7_typo_10,G_00002,en,E3_obfuscated,0,0.0007470182026736438,0,D1_00003,,O7_typo,0.1
D1_00003__O7_typo_20,G_00002,en,E3_obfuscated,0,0.0007566592539660633,0,D1_00003,,O7_typo,0.2
D1_00003__O7_typo_30,G_00002,en,E3_obfuscated,0,0.0014282730408012867,0,D1_00003,,O7_typo,0.3
D1_00003__O5_base64_100,G_00002,en,E3_obfuscated,0,0.9991059899330139,1,D1_00003,,O5_base64,1.0
D1_00007__O1_leetspeak_10,G_00006,en,E3_obfuscated,0,0.03195808455348015,0,D1_00007,,O1_leetspeak,0.1
D1_00007__O1_leetspeak_20,G_00006,en,E3_obfuscated,0,0.9973160624504089,1,D1_00007,,O1_leetspeak,0.2
D1_00007__O1_leetspeak_30,G_00006,en,E3_obfuscated,0,0.9989822506904602,1,D1_00007,,O1_leetspeak,0.3
D1_00007__O2_char_spacing_10,G_00006,en,E3_obfuscated,0,0.008529583923518658,0,D1_00007,,O2_char_spacing,0.1
D1_00007__O2_char_spacing_20,G_00006,en,E3_obfuscated,0,0.989473283290863,1,D1_00007,,O2_char_spacing,0.2
D1_00007__O2_char_spacing_30,G_00006,en,E3_obfuscated,0,0.9959079027175903,1,D1_00007,,O2_char_spacing,0.3
D1_00007__O3_zero_width_10,G_00006,en,E3_obfuscated,0,0.4713800549507141,1,D1_00007,,O3_zero_width,0.1
D1_00007__O3_zero_width_20,G_00006,en,E3_obfuscated,0,0.9953199028968811,1,D1_00007,,O3_zero_width,0.2
D1_00007__O3_zero_width_30,G_00006,en,E3_obfuscated,0,0.9988499879837036,1,D1_00007,,O3_zero_width,0.3
D1_00007__O4_homoglyph_10,G_00006,en,E3_obfuscated,0,0.261156290769577,0,D1_00007,,O4_homoglyph,0.1
D1_00007__O4_homoglyph_20,G_00006,en,E3_obfuscated,0,0.9905145168304443,1,D1_00007,,O4_homoglyph,0.2
D1_00007__O4_homoglyph_30,G_00006,en,E3_obfuscated,0,0.9967137575149536,1,D1_00007,,O4_homoglyph,0.3
D1_00007__O6_random_case_10,G_00006,en,E3_obfuscated,0,0.989164412021637,1,D1_00007,,O6_random_case,0.1
D1_00007__O6_random_case_20,G_00006,en,E3_obfuscated,0,0.9990867376327515,1,D1_00007,,O6_random_case,0.2
D1_00007__O6_random_case_30,G_00006,en,E3_obfuscated,0,0.9991546869277954,1,D1_00007,,O6_random_case,0.3
D1_00007__O7_typo_10,G_00006,en,E3_obfuscated,0,0.0006198359769769013,0,D1_00007,,O7_typo,0.1
D1_00007__O7_typo_20,G_00006,en,E3_obfuscated,0,0.004024222493171692,0,D1_00007,,O7_typo,0.2
D1_00007__O7_typo_30,G_00006,en,E3_obfuscated,0,0.0010174375493079424,0,D1_00007,,O7_typo,0.3
D1_00007__O5_base64_100,G_00006,en,E3_obfuscated,0,0.9991236329078674,1,D1_00007,,O5_base64,1.0
D1_00011__O1_leetspeak_10,G_00010,en,E3_obfuscated,1,0.9989916682243347,1,D1_00011,,O1_leetspeak,0.1
D1_00011__O1_leetspeak_20,G_00010,en,E3_obfuscated,1,0.9991787075996399,1,D1_00011,,O1_leetspeak,0.2
D1_00011__O1_leetspeak_30,G_00010,en,E3_obfuscated,1,0.999237060546875,1,D1_00011,,O1_leetspeak,0.3
D1_00011__O2_char_spacing_10,G_00010,en,E3_obfuscated,1,0.9990284442901611,1,D1_00011,,O2_char_spacing,0.1
D1_00011__O2_char_spacing_20,G_00010,en,E3_obfuscated,1,0.9988225102424622,1,D1_00011,,O2_char_spacing,0.2
D1_00011__O2_char_spacing_30,G_00010,en,E3_obfuscated,1,0.9991514682769775,1,D1_00011,,O2_char_spacing,0.3
D1_00011__O3_zero_width_10,G_00010,en,E3_obfuscated,1,0.999210000038147,1,D1_00011,,O3_zero_width,0.1
D1_00011__O3_zero_width_20,G_00010,en,E3_obfuscated,1,0.9992157220840454,1,D1_00011,,O3_zero_width,0.2
D1_00011__O3_zero_width_30,G_00010,en,E3_obfuscated,1,0.9992228746414185,1,D1_00011,,O3_zero_width,0.3
D1_00011__O4_homoglyph_10,G_00010,en,E3_obfuscated,1,0.9991494417190552,1,D1_00011,,O4_homoglyph,0.1
D1_00011__O4_homoglyph_20,G_00010,en,E3_obfuscated,1,0.9990750551223755,1,D1_00011,,O4_homoglyph,0.2
D1_00011__O4_homoglyph_30,G_00010,en,E3_obfuscated,1,0.9992033839225769,1,D1_00011,,O4_homoglyph,0.3
D1_00011__O6_random_case_10,G_00010,en,E3_obfuscated,1,0.9992232322692871,1,D1_00011,,O6_random_case,0.1
D1_00011__O6_random_case_20,G_00010,en,E3_obfuscated,1,0.9991611242294312,1,D1_00011,,O6_random_case,0.2
D1_00011__O6_random_case_30,G_00010,en,E3_obfuscated,1,0.9992327690124512,1,D1_00011,,O6_random_case,0.3
D1_00011__O7_typo_10,G_00010,en,E3_obfuscated,1,0.9987980127334595,1,D1_00011,,O7_typo,0.1
D1_00011__O7_typo_20,G_00010,en,E3_obfuscated,1,0.9991685152053833,1,D1_00011,,O7_typo,0.2
D1_00011__O7_typo_30,G_00010,en,E3_obfuscated,1,0.9991098046302795,1,D1_00011,,O7_typo,0.3
D1_00011__O5_base64_100,G_00010,en,E3_obfuscated,1,0.9991421699523926,1,D1_00011,,O5_base64,1.0
D1_00031__O1_leetspeak_10,G_00030,en,E3_obfuscated,0,0.0005223396001383662,0,D1_00031,,O1_leetspeak,0.1
D1_00031__O1_leetspeak_20,G_00030,en,E3_obfuscated,0,0.010499965399503708,0,D1_00031,,O1_leetspeak,0.2
D1_00031__O1_leetspeak_30,G_00030,en,E3_obfuscated,0,0.4169781804084778,1,D1_00031,,O1_leetspeak,0.3
D1_00031__O2_char_spacing_10,G_00030,en,E3_obfuscated,0,0.8590206503868103,1,D1_00031,,O2_char_spacing,0.1
D1_00031__O2_char_spacing_20,G_00030,en,E3_obfuscated,0,0.007541289087384939,0,D1_00031,,O2_char_spacing,0.2
D1_00031__O2_char_spacing_30,G_00030,en,E3_obfuscated,0,0.8590206503868103,1,D1_00031,,O2_char_spacing,0.3
D1_00031__O3_zero_width_10,G_00030,en,E3_obfuscated,0,0.50236976146698,1,D1_00031,,O3_zero_width,0.1
D1_00031__O3_zero_width_20,G_00030,en,E3_obfuscated,0,0.9643670916557312,1,D1_00031,,O3_zero_width,0.2
D1_00031__O3_zero_width_30,G_00030,en,E3_obfuscated,0,0.9987878203392029,1,D1_00031,,O3_zero_width,0.3
D1_00031__O4_homoglyph_10,G_00030,en,E3_obfuscated,0,0.00046681694220751524,0,D1_00031,,O4_homoglyph,0.1
D1_00031__O4_homoglyph_20,G_00030,en,E3_obfuscated,0,0.0010366470087319613,0,D1_00031,,O4_homoglyph,0.2
D1_00031__O4_homoglyph_30,G_00030,en,E3_obfuscated,0,0.0012446744367480278,0,D1_00031,,O4_homoglyph,0.3
D1_00031__O6_random_case_10,G_00030,en,E3_obfuscated,0,0.7871655821800232,1,D1_00031,,O6_random_case,0.1
D1_00031__O6_random_case_20,G_00030,en,E3_obfuscated,0,0.9981355667114258,1,D1_00031,,O6_random_case,0.2
D1_00031__O6_random_case_30,G_00030,en,E3_obfuscated,0,0.9990125894546509,1,D1_00031,,O6_random_case,0.3
D1_00031__O7_typo_10,G_00030,en,E3_obfuscated,0,0.00046460749581456184,0,D1_00031,,O7_typo,0.1
D1_00031__O7_typo_20,G_00030,en,E3_obfuscated,0,0.0005193851538933814,0,D1_00031,,O7_typo,0.2
D1_00031__O7_typo_30,G_00030,en,E3_obfuscated,0,0.0004697479016613215,0,D1_00031,,O7_typo,0.3
D1_00031__O5_base64_100,G_00030,en,E3_obfuscated,0,0.9992275238037109,1,D1_00031,,O5_base64,1.0
D1_00032__O1_leetspeak_10,G_00031,en,E3_obfuscated,0,0.9785200953483582,1,D1_00032,,O1_leetspeak,0.1
D1_00032__O1_leetspeak_20,G_00031,en,E3_obfuscated,0,0.9954621195793152,1,D1_00032,,O1_leetspeak,0.2
D1_00032__O1_leetspeak_30,G_00031,en,E3_obfuscated,0,0.9988172054290771,1,D1_00032,,O1_leetspeak,0.3
D1_00032__O2_char_spacing_10,G_00031,en,E3_obfuscated,0,0.8736172914505005,1,D1_00032,,O2_char_spacing,0.1
D1_00032__O2_char_spacing_20,G_00031,en,E3_obfuscated,0,0.9984456896781921,1,D1_00032,,O2_char_spacing,0.2
D1_00032__O2_char_spacing_30,G_00031,en,E3_obfuscated,0,0.9989343285560608,1,D1_00032,,O2_char_spacing,0.3
D1_00032__O3_zero_width_10,G_00031,en,E3_obfuscated,0,0.9970159530639648,1,D1_00032,,O3_zero_width,0.1
D1_00032__O3_zero_width_20,G_00031,en,E3_obfuscated,0,0.9990897178649902,1,D1_00032,,O3_zero_width,0.2
D1_00032__O3_zero_width_30,G_00031,en,E3_obfuscated,0,0.9991475343704224,1,D1_00032,,O3_zero_width,0.3
D1_00032__O4_homoglyph_10,G_00031,en,E3_obfuscated,0,0.9428216814994812,1,D1_00032,,O4_homoglyph,0.1
D1_00032__O4_homoglyph_20,G_00031,en,E3_obfuscated,0,0.9988341927528381,1,D1_00032,,O4_homoglyph,0.2
D1_00032__O4_homoglyph_30,G_00031,en,E3_obfuscated,0,0.9991395473480225,1,D1_00032,,O4_homoglyph,0.3
D1_00032__O6_random_case_10,G_00031,en,E3_obfuscated,0,0.9989868998527527,1,D1_00032,,O6_random_case,0.1
D1_00032__O6_random_case_20,G_00031,en,E3_obfuscated,0,0.9991624355316162,1,D1_00032,,O6_random_case,0.2
D1_00032__O6_random_case_30,G_00031,en,E3_obfuscated,0,0.9991558790206909,1,D1_00032,,O6_random_case,0.3
D1_00032__O7_typo_10,G_00031,en,E3_obfuscated,0,0.004616661928594112,0,D1_00032,,O7_typo,0.1
D1_00032__O7_typo_20,G_00031,en,E3_obfuscated,0,0.5273016095161438,1,D1_00032,,O7_typo,0.2
D1_00032__O7_typo_30,G_00031,en,E3_obfuscated,0,0.07395750284194946,0,D1_00032,,O7_typo,0.3
D1_00032__O5_base64_100,G_00031,en,E3_obfuscated,0,0.9990992546081543,1,D1_00032,,O5_base64,1.0
D1_00040__O1_leetspeak_10,G_00039,en,E3_obfuscated,0,0.9961309432983398,1,D1_00040,,O1_leetspeak,0.1
D1_00040__O1_leetspeak_20,G_00039,en,E3_obfuscated,0,0.9983307719230652,1,D1_00040,,O1_leetspeak,0.2
D1_00040__O1_leetspeak_30,G_00039,en,E3_obfuscated,0,0.9992761015892029,1,D1_00040,,O1_leetspeak,0.3
D1_00040__O2_char_spacing_10,G_00039,en,E3_obfuscated,0,0.9741162657737732,1,D1_00040,,O2_char_spacing,0.1
D1_00040__O2_char_spacing_20,G_00039,en,E3_obfuscated,0,0.9978258013725281,1,D1_00040,,O2_char_spacing,0.2
D1_00040__O2_char_spacing_30,G_00039,en,E3_obfuscated,0,0.9987449645996094,1,D1_00040,,O2_char_spacing,0.3
D1_00040__O3_zero_width_10,G_00039,en,E3_obfuscated,0,0.9976522326469421,1,D1_00040,,O3_zero_width,0.1
D1_00040__O3_zero_width_20,G_00039,en,E3_obfuscated,0,0.9988885521888733,1,D1_00040,,O3_zero_width,0.2
D1_00040__O3_zero_width_30,G_00039,en,E3_obfuscated,0,0.9990949630737305,1,D1_00040,,O3_zero_width,0.3
D1_00040__O4_homoglyph_10,G_00039,en,E3_obfuscated,0,0.9963343143463135,1,D1_00040,,O4_homoglyph,0.1
D1_00040__O4_homoglyph_20,G_00039,en,E3_obfuscated,0,0.9982831478118896,1,D1_00040,,O4_homoglyph,0.2
D1_00040__O4_homoglyph_30,G_00039,en,E3_obfuscated,0,0.9988477230072021,1,D1_00040,,O4_homoglyph,0.3
D1_00040__O6_random_case_10,G_00039,en,E3_obfuscated,0,0.9992350339889526,1,D1_00040,,O6_random_case,0.1
D1_00040__O6_random_case_20,G_00039,en,E3_obfuscated,0,0.9991089701652527,1,D1_00040,,O6_random_case,0.2
D1_00040__O6_random_case_30,G_00039,en,E3_obfuscated,0,0.9991180300712585,1,D1_00040,,O6_random_case,0.3
D1_00040__O7_typo_10,G_00039,en,E3_obfuscated,0,0.7281686663627625,1,D1_00040,,O7_typo,0.1
D1_00040__O7_typo_20,G_00039,en,E3_obfuscated,0,0.19566571712493896,0,D1_00040,,O7_typo,0.2
D1_00040__O7_typo_30,G_00039,en,E3_obfuscated,0,0.9705092310905457,1,D1_00040,,O7_typo,0.3
D1_00040__O5_base64_100,G_00039,en,E3_obfuscated,0,0.9990536570549011,1,D1_00040,,O5_base64,1.0
D1_00042__O1_leetspeak_10,G_00041,en,E3_obfuscated,0,0.00048258909373544157,0,D1_00042,,O1_leetspeak,0.1
D1_00042__O1_leetspeak_20,G_00041,en,E3_obfuscated,0,0.0014857329661026597,0,D1_00042,,O1_leetspeak,0.2
D1_00042__O1_leetspeak_30,G_00041,en,E3_obfuscated,0,0.0005559055134654045,0,D1_00042,,O1_leetspeak,0.3
D1_00042__O2_char_spacing_10,G_00041,en,E3_obfuscated,0,0.0005745687521994114,0,D1_00042,,O2_char_spacing,0.1
D1_00042__O2_char_spacing_20,G_00041,en,E3_obfuscated,0,0.0005745687521994114,0,D1_00042,,O2_char_spacing,0.2
D1_00042__O2_char_spacing_30,G_00041,en,E3_obfuscated,0,0.24203944206237793,0,D1_00042,,O2_char_spacing,0.3
D1_00042__O3_zero_width_10,G_00041,en,E3_obfuscated,0,0.0014587255427613854,0,D1_00042,,O3_zero_width,0.1
D1_00042__O3_zero_width_20,G_00041,en,E3_obfuscated,0,0.9376335740089417,1,D1_00042,,O3_zero_width,0.2
D1_00042__O3_zero_width_30,G_00041,en,E3_obfuscated,0,0.006640314124524593,0,D1_00042,,O3_zero_width,0.3
D1_00042__O4_homoglyph_10,G_00041,en,E3_obfuscated,0,0.003992767073214054,0,D1_00042,,O4_homoglyph,0.1
D1_00042__O4_homoglyph_20,G_00041,en,E3_obfuscated,0,0.0006244810065254569,0,D1_00042,,O4_homoglyph,0.2
D1_00042__O4_homoglyph_30,G_00041,en,E3_obfuscated,0,0.000542959722224623,0,D1_00042,,O4_homoglyph,0.3
D1_00042__O6_random_case_10,G_00041,en,E3_obfuscated,0,0.41364970803260803,1,D1_00042,,O6_random_case,0.1
D1_00042__O6_random_case_20,G_00041,en,E3_obfuscated,0,0.9957147240638733,1,D1_00042,,O6_random_case,0.2
D1_00042__O6_random_case_30,G_00041,en,E3_obfuscated,0,0.0006083669723011553,0,D1_00042,,O6_random_case,0.3
D1_00042__O7_typo_10,G_00041,en,E3_obfuscated,0,0.0004760183219332248,0,D1_00042,,O7_typo,0.1
D1_00042__O7_typo_20,G_00041,en,E3_obfuscated,0,0.00046891754027456045,0,D1_00042,,O7_typo,0.2
D1_00042__O7_typo_30,G_00041,en,E3_obfuscated,0,0.0004472716827876866,0,D1_00042,,O7_typo,0.3
D1_00042__O5_base64_100,G_00041,en,E3_obfuscated,0,0.9991790652275085,1,D1_00042,,O5_base64,1.0
D1_00045__O1_leetspeak_10,G_00044,en,E3_obfuscated,0,0.0010005278745666146,0,D1_00045,,O1_leetspeak,0.1
D1_00045__O1_leetspeak_20,G_00044,en,E3_obfuscated,0,0.048845261335372925,0,D1_00045,,O1_leetspeak,0.2
D1_00045__O1_leetspeak_30,G_00044,en,E3_obfuscated,0,0.9975270628929138,1,D1_00045,,O1_leetspeak,0.3
D1_00045__O2_char_spacing_10,G_00044,en,E3_obfuscated,0,0.0018066628836095333,0,D1_00045,,O2_char_spacing,0.1
D1_00045__O2_char_spacing_20,G_00044,en,E3_obfuscated,0,0.0007476905011571944,0,D1_00045,,O2_char_spacing,0.2
D1_00045__O2_char_spacing_30,G_00044,en,E3_obfuscated,0,0.9949730634689331,1,D1_00045,,O2_char_spacing,0.3
D1_00045__O3_zero_width_10,G_00044,en,E3_obfuscated,0,0.9946386218070984,1,D1_00045,,O3_zero_width,0.1
D1_00045__O3_zero_width_20,G_00044,en,E3_obfuscated,0,0.8738124966621399,1,D1_00045,,O3_zero_width,0.2
D1_00045__O3_zero_width_30,G_00044,en,E3_obfuscated,0,0.9988260865211487,1,D1_00045,,O3_zero_width,0.3
D1_00045__O4_homoglyph_10,G_00044,en,E3_obfuscated,0,0.0006022582529112697,0,D1_00045,,O4_homoglyph,0.1
D1_00045__O4_homoglyph_20,G_00044,en,E3_obfuscated,0,0.9134279489517212,1,D1_00045,,O4_homoglyph,0.2
D1_00045__O4_homoglyph_30,G_00044,en,E3_obfuscated,0,0.9987461566925049,1,D1_00045,,O4_homoglyph,0.3
D1_00045__O6_random_case_10,G_00044,en,E3_obfuscated,0,0.6286820769309998,1,D1_00045,,O6_random_case,0.1
D1_00045__O6_random_case_20,G_00044,en,E3_obfuscated,0,0.9985944628715515,1,D1_00045,,O6_random_case,0.2
D1_00045__O6_random_case_30,G_00044,en,E3_obfuscated,0,0.9980345368385315,1,D1_00045,,O6_random_case,0.3
D1_00045__O7_typo_10,G_00044,en,E3_obfuscated,0,0.00045920544653199613,0,D1_00045,,O7_typo,0.1
D1_00045__O7_typo_20,G_00044,en,E3_obfuscated,0,0.00043543835636228323,0,D1_00045,,O7_typo,0.2
D1_00045__O7_typo_30,G_00044,en,E3_obfuscated,0,0.00042557090637274086,0,D1_00045,,O7_typo,0.3
D1_00045__O5_base64_100,G_00044,en,E3_obfuscated,0,0.999225378036499,1,D1_00045,,O5_base64,1.0
D1_00050__O1_leetspeak_10,G_00049,en,E3_obfuscated,0,0.0016435509314760566,0,D1_00050,,O1_leetspeak,0.1
D1_00050__O1_leetspeak_20,G_00049,en,E3_obfuscated,0,0.9388632774353027,1,D1_00050,,O1_leetspeak,0.2
D1_00050__O1_leetspeak_30,G_00049,en,E3_obfuscated,0,0.0013976589543744922,0,D1_00050,,O1_leetspeak,0.3
D1_00050__O2_char_spacing_10,G_00049,en,E3_obfuscated,0,0.0007109688012860715,0,D1_00050,,O2_char_spacing,0.1
D1_00050__O2_char_spacing_20,G_00049,en,E3_obfuscated,0,0.0005052833585068583,0,D1_00050,,O2_char_spacing,0.2
D1_00050__O2_char_spacing_30,G_00049,en,E3_obfuscated,0,0.000825906521640718,0,D1_00050,,O2_char_spacing,0.3
D1_00050__O3_zero_width_10,G_00049,en,E3_obfuscated,0,0.11089696735143661,0,D1_00050,,O3_zero_width,0.1
D1_00050__O3_zero_width_20,G_00049,en,E3_obfuscated,0,0.0014403503155335784,0,D1_00050,,O3_zero_width,0.2
D1_00050__O3_zero_width_30,G_00049,en,E3_obfuscated,0,0.9984456896781921,1,D1_00050,,O3_zero_width,0.3
D1_00050__O4_homoglyph_10,G_00049,en,E3_obfuscated,0,0.0006779743707738817,0,D1_00050,,O4_homoglyph,0.1
D1_00050__O4_homoglyph_20,G_00049,en,E3_obfuscated,0,0.05118616670370102,0,D1_00050,,O4_homoglyph,0.2
D1_00050__O4_homoglyph_30,G_00049,en,E3_obfuscated,0,0.023996712639927864,0,D1_00050,,O4_homoglyph,0.3
D1_00050__O6_random_case_10,G_00049,en,E3_obfuscated,0,0.5086158514022827,1,D1_00050,,O6_random_case,0.1
D1_00050__O6_random_case_20,G_00049,en,E3_obfuscated,0,0.998576283454895,1,D1_00050,,O6_random_case,0.2
D1_00050__O6_random_case_30,G_00049,en,E3_obfuscated,0,0.9967693090438843,1,D1_00050,,O6_random_case,0.3
D1_00050__O7_typo_10,G_00049,en,E3_obfuscated,0,0.00043557246681302786,0,D1_00050,,O7_typo,0.1
D1_00050__O7_typo_20,G_00049,en,E3_obfuscated,0,0.00043557246681302786,0,D1_00050,,O7_typo,0.2
D1_00050__O7_typo_30,G_00049,en,E3_obfuscated,0,0.00043557246681302786,0,D1_00050,,O7_typo,0.3
D1_00050__O5_base64_100,G_00049,en,E3_obfuscated,0,0.9991840720176697,1,D1_00050,,O5_base64,1.0
D1_00055__O1_leetspeak_10,G_00054,en,E3_obfuscated,0,0.0006869627977721393,0,D1_00055,,O1_leetspeak,0.1
D1_00055__O1_leetspeak_20,G_00054,en,E3_obfuscated,0,0.9476351737976074,1,D1_00055,,O1_leetspeak,0.2
D1_00055__O1_leetspeak_30,G_00054,en,E3_obfuscated,0,0.9982306361198425,1,D1_00055,,O1_leetspeak,0.3
D1_00055__O2_char_spacing_10,G_00054,en,E3_obfuscated,0,0.0005025857826694846,0,D1_00055,,O2_char_spacing,0.1
D1_00055__O2_char_spacing_20,G_00054,en,E3_obfuscated,0,0.0011732265120372176,0,D1_00055,,O2_char_spacing,0.2
D1_00055__O2_char_spacing_30,G_00054,en,E3_obfuscated,0,0.9978668093681335,1,D1_00055,,O2_char_spacing,0.3
D1_00055__O3_zero_width_10,G_00054,en,E3_obfuscated,0,0.0010535723995417356,0,D1_00055,,O3_zero_width,0.1
D1_00055__O3_zero_width_20,G_00054,en,E3_obfuscated,0,0.9990113973617554,1,D1_00055,,O3_zero_width,0.2
D1_00055__O3_zero_width_30,G_00054,en,E3_obfuscated,0,0.9989680051803589,1,D1_00055,,O3_zero_width,0.3
D1_00055__O4_homoglyph_10,G_00054,en,E3_obfuscated,0,0.0005237707518972456,0,D1_00055,,O4_homoglyph,0.1
D1_00055__O4_homoglyph_20,G_00054,en,E3_obfuscated,0,0.9061987996101379,1,D1_00055,,O4_homoglyph,0.2
D1_00055__O4_homoglyph_30,G_00054,en,E3_obfuscated,0,0.6288855075836182,1,D1_00055,,O4_homoglyph,0.3
D1_00055__O6_random_case_10,G_00054,en,E3_obfuscated,0,0.0037745763547718525,0,D1_00055,,O6_random_case,0.1
D1_00055__O6_random_case_20,G_00054,en,E3_obfuscated,0,0.9973841309547424,1,D1_00055,,O6_random_case,0.2
D1_00055__O6_random_case_30,G_00054,en,E3_obfuscated,0,0.9991739392280579,1,D1_00055,,O6_random_case,0.3
D1_00055__O7_typo_10,G_00054,en,E3_obfuscated,0,0.00042836274951696396,0,D1_00055,,O7_typo,0.1
D1_00055__O7_typo_20,G_00054,en,E3_obfuscated,0,0.000467063975520432,0,D1_00055,,O7_typo,0.2
D1_00055__O7_typo_30,G_00054,en,E3_obfuscated,0,0.00047483030357398093,0,D1_00055,,O7_typo,0.3
D1_00055__O5_base64_100,G_00054,en,E3_obfuscated,0,0.9992176294326782,1,D1_00055,,O5_base64,1.0
D1_00056__O1_leetspeak_10,G_00055,en,E3_obfuscated,0,0.0009938533185049891,0,D1_00056,,O1_leetspeak,0.1
D1_00056__O1_leetspeak_20,G_00055,en,E3_obfuscated,0,0.0009317585499957204,0,D1_00056,,O1_leetspeak,0.2
D1_00056__O1_leetspeak_30,G_00055,en,E3_obfuscated,0,0.0007078109192661941,0,D1_00056,,O1_leetspeak,0.3
D1_00056__O2_char_spacing_10,G_00055,en,E3_obfuscated,0,0.008715562522411346,0,D1_00056,,O2_char_spacing,0.1
D1_00056__O2_char_spacing_20,G_00055,en,E3_obfuscated,0,0.008715562522411346,0,D1_00056,,O2_char_spacing,0.2
D1_00056__O2_char_spacing_30,G_00055,en,E3_obfuscated,0,0.9967352747917175,1,D1_00056,,O2_char_spacing,0.3
D1_00056__O3_zero_width_10,G_00055,en,E3_obfuscated,0,0.0011348191183060408,0,D1_00056,,O3_zero_width,0.1
D1_00056__O3_zero_width_20,G_00055,en,E3_obfuscated,0,0.02765652723610401,0,D1_00056,,O3_zero_width,0.2
D1_00056__O3_zero_width_30,G_00055,en,E3_obfuscated,0,0.9963937401771545,1,D1_00056,,O3_zero_width,0.3
D1_00056__O4_homoglyph_10,G_00055,en,E3_obfuscated,0,0.0004918955964967608,0,D1_00056,,O4_homoglyph,0.1
D1_00056__O4_homoglyph_20,G_00055,en,E3_obfuscated,0,0.0010508071864023805,0,D1_00056,,O4_homoglyph,0.2
D1_00056__O4_homoglyph_30,G_00055,en,E3_obfuscated,0,0.9373330473899841,1,D1_00056,,O4_homoglyph,0.3
D1_00056__O6_random_case_10,G_00055,en,E3_obfuscated,0,0.9001762270927429,1,D1_00056,,O6_random_case,0.1
D1_00056__O6_random_case_20,G_00055,en,E3_obfuscated,0,0.32781755924224854,1,D1_00056,,O6_random_case,0.2
D1_00056__O6_random_case_30,G_00055,en,E3_obfuscated,0,0.9989786148071289,1,D1_00056,,O6_random_case,0.3
D1_00056__O7_typo_10,G_00055,en,E3_obfuscated,0,0.00046299511450342834,0,D1_00056,,O7_typo,0.1
D1_00056__O7_typo_20,G_00055,en,E3_obfuscated,0,0.04032817855477333,0,D1_00056,,O7_typo,0.2
D1_00056__O7_typo_30,G_00055,en,E3_obfuscated,0,0.0004953104653395712,0,D1_00056,,O7_typo,0.3
D1_00056__O5_base64_100,G_00055,en,E3_obfuscated,0,0.9991061091423035,1,D1_00056,,O5_base64,1.0
D1_00057__O1_leetspeak_10,G_00056,en,E3_obfuscated,1,0.9993394017219543,1,D1_00057,,O1_leetspeak,0.1
D1_00057__O1_leetspeak_20,G_00056,en,E3_obfuscated,1,0.9992204904556274,1,D1_00057,,O1_leetspeak,0.2
D1_00057__O1_leetspeak_30,G_00056,en,E3_obfuscated,1,0.9992870688438416,1,D1_00057,,O1_leetspeak,0.3
D1_00057__O2_char_spacing_10,G_00056,en,E3_obfuscated,1,0.9993273019790649,1,D1_00057,,O2_char_spacing,0.1
D1_00057__O2_char_spacing_20,G_00056,en,E3_obfuscated,1,0.9993177652359009,1,D1_00057,,O2_char_spacing,0.2
D1_00057__O2_char_spacing_30,G_00056,en,E3_obfuscated,1,0.9992294311523438,1,D1_00057,,O2_char_spacing,0.3
D1_00057__O3_zero_width_10,G_00056,en,E3_obfuscated,1,0.9992990493774414,1,D1_00057,,O3_zero_width,0.1
D1_00057__O3_zero_width_20,G_00056,en,E3_obfuscated,1,0.9992631077766418,1,D1_00057,,O3_zero_width,0.2
D1_00057__O3_zero_width_30,G_00056,en,E3_obfuscated,1,0.9991536140441895,1,D1_00057,,O3_zero_width,0.3
D1_00057__O4_homoglyph_10,G_00056,en,E3_obfuscated,1,0.9993212223052979,1,D1_00057,,O4_homoglyph,0.1
D1_00057__O4_homoglyph_20,G_00056,en,E3_obfuscated,1,0.9993124008178711,1,D1_00057,,O4_homoglyph,0.2
D1_00057__O4_homoglyph_30,G_00056,en,E3_obfuscated,1,0.9992977380752563,1,D1_00057,,O4_homoglyph,0.3
D1_00057__O6_random_case_10,G_00056,en,E3_obfuscated,1,0.9992478489875793,1,D1_00057,,O6_random_case,0.1
D1_00057__O6_random_case_20,G_00056,en,E3_obfuscated,1,0.9991940855979919,1,D1_00057,,O6_random_case,0.2
D1_00057__O6_random_case_30,G_00056,en,E3_obfuscated,1,0.9991191029548645,1,D1_00057,,O6_random_case,0.3
D1_00057__O7_typo_10,G_00056,en,E3_obfuscated,1,0.999351441860199,1,D1_00057,,O7_typo,0.1
D1_00057__O7_typo_20,G_00056,en,E3_obfuscated,1,0.9993340373039246,1,D1_00057,,O7_typo,0.2
D1_00057__O7_typo_30,G_00056,en,E3_obfuscated,1,0.9993329644203186,1,D1_00057,,O7_typo,0.3
D1_00057__O5_base64_100,G_00056,en,E3_obfuscated,1,0.9990984201431274,1,D1_00057,,O5_base64,1.0
D1_00064__O1_leetspeak_10,G_00063,en,E3_obfuscated,0,0.0005574681563302875,0,D1_00064,,O1_leetspeak,0.1
D1_00064__O1_leetspeak_20,G_00063,en,E3_obfuscated,0,0.3724936842918396,1,D1_00064,,O1_leetspeak,0.2
D1_00064__O1_leetspeak_30,G_00063,en,E3_obfuscated,0,0.9978359341621399,1,D1_00064,,O1_leetspeak,0.3
D1_00064__O2_char_spacing_10,G_00063,en,E3_obfuscated,0,0.9817339181900024,1,D1_00064,,O2_char_spacing,0.1
D1_00064__O2_char_spacing_20,G_00063,en,E3_obfuscated,0,0.13735361397266388,0,D1_00064,,O2_char_spacing,0.2
D1_00064__O2_char_spacing_30,G_00063,en,E3_obfuscated,0,0.9817339181900024,1,D1_00064,,O2_char_spacing,0.3
D1_00064__O3_zero_width_10,G_00063,en,E3_obfuscated,0,0.0038765366189181805,0,D1_00064,,O3_zero_width,0.1
D1_00064__O3_zero_width_20,G_00063,en,E3_obfuscated,0,0.4652658700942993,1,D1_00064,,O3_zero_width,0.2
D1_00064__O3_zero_width_30,G_00063,en,E3_obfuscated,0,0.9923611283302307,1,D1_00064,,O3_zero_width,0.3
D1_00064__O4_homoglyph_10,G_00063,en,E3_obfuscated,0,0.0005264735664241016,0,D1_00064,,O4_homoglyph,0.1
D1_00064__O4_homoglyph_20,G_00063,en,E3_obfuscated,0,0.0031799417920410633,0,D1_00064,,O4_homoglyph,0.2
D1_00064__O4_homoglyph_30,G_00063,en,E3_obfuscated,0,0.6567873954772949,1,D1_00064,,O4_homoglyph,0.3
D1_00064__O6_random_case_10,G_00063,en,E3_obfuscated,0,0.0006362736457958817,0,D1_00064,,O6_random_case,0.1
D1_00064__O6_random_case_20,G_00063,en,E3_obfuscated,0,0.5208331942558289,1,D1_00064,,O6_random_case,0.2
D1_00064__O6_random_case_30,G_00063,en,E3_obfuscated,0,0.9984456896781921,1,D1_00064,,O6_random_case,0.3
D1_00064__O7_typo_10,G_00063,en,E3_obfuscated,0,0.00042975746328011155,0,D1_00064,,O7_typo,0.1
D1_00064__O7_typo_20,G_00063,en,E3_obfuscated,0,0.00046751517220400274,0,D1_00064,,O7_typo,0.2
D1_00064__O7_typo_30,G_00063,en,E3_obfuscated,0,0.00046481681056320667,0,D1_00064,,O7_typo,0.3
D1_00064__O5_base64_100,G_00063,en,E3_obfuscated,0,0.9991711378097534,1,D1_00064,,O5_base64,1.0
D1_00066__O1_leetspeak_10,G_00065,en,E3_obfuscated,0,0.0007274796371348202,0,D1_00066,,O1_leetspeak,0.1
D1_00066__O1_leetspeak_20,G_00065,en,E3_obfuscated,0,0.9975288510322571,1,D1_00066,,O1_leetspeak,0.2
D1_00066__O1_leetspeak_30,G_00065,en,E3_obfuscated,0,0.9985833168029785,1,D1_00066,,O1_leetspeak,0.3
D1_00066__O2_char_spacing_10,G_00065,en,E3_obfuscated,0,0.9877647757530212,1,D1_00066,,O2_char_spacing,0.1
D1_00066__O2_char_spacing_20,G_00065,en,E3_obfuscated,0,0.9877647757530212,1,D1_00066,,O2_char_spacing,0.2
D1_00066__O2_char_spacing_30,G_00065,en,E3_obfuscated,0,0.9938790798187256,1,D1_00066,,O2_char_spacing,0.3
D1_00066__O3_zero_width_10,G_00065,en,E3_obfuscated,0,0.002687406726181507,0,D1_00066,,O3_zero_width,0.1
D1_00066__O3_zero_width_20,G_00065,en,E3_obfuscated,0,0.9989245533943176,1,D1_00066,,O3_zero_width,0.2
D1_00066__O3_zero_width_30,G_00065,en,E3_obfuscated,0,0.9986687898635864,1,D1_00066,,O3_zero_width,0.3
D1_00066__O4_homoglyph_10,G_00065,en,E3_obfuscated,0,0.0020684513729065657,0,D1_00066,,O4_homoglyph,0.1
D1_00066__O4_homoglyph_20,G_00065,en,E3_obfuscated,0,0.9973785877227783,1,D1_00066,,O4_homoglyph,0.2
D1_00066__O4_homoglyph_30,G_00065,en,E3_obfuscated,0,0.9962994456291199,1,D1_00066,,O4_homoglyph,0.3
D1_00066__O6_random_case_10,G_00065,en,E3_obfuscated,0,0.0006009676144458354,0,D1_00066,,O6_random_case,0.1
D1_00066__O6_random_case_20,G_00065,en,E3_obfuscated,0,0.9987491369247437,1,D1_00066,,O6_random_case,0.2
D1_00066__O6_random_case_30,G_00065,en,E3_obfuscated,0,0.9989643096923828,1,D1_00066,,O6_random_case,0.3
D1_00066__O7_typo_10,G_00065,en,E3_obfuscated,0,0.0005103945732116699,0,D1_00066,,O7_typo,0.1
D1_00066__O7_typo_20,G_00065,en,E3_obfuscated,0,0.0005516201490536332,0,D1_00066,,O7_typo,0.2
D1_00066__O7_typo_30,G_00065,en,E3_obfuscated,0,0.019647371023893356,0,D1_00066,,O7_typo,0.3
D1_00066__O5_base64_100,G_00065,en,E3_obfuscated,0,0.9991970658302307,1,D1_00066,,O5_base64,1.0
D1_00070__O1_leetspeak_10,G_00069,en,E3_obfuscated,1,0.9989620447158813,1,D1_00070,,O1_leetspeak,0.1
D1_00070__O1_leetspeak_20,G_00069,en,E3_obfuscated,1,0.9991925358772278,1,D1_00070,,O1_leetspeak,0.2
D1_00070__O1_leetspeak_30,G_00069,en,E3_obfuscated,1,0.9991790652275085,1,D1_00070,,O1_leetspeak,0.3
D1_00070__O2_char_spacing_10,G_00069,en,E3_obfuscated,1,0.9990136623382568,1,D1_00070,,O2_char_spacing,0.1
D1_00070__O2_char_spacing_20,G_00069,en,E3_obfuscated,1,0.9992483258247375,1,D1_00070,,O2_char_spacing,0.2
D1_00070__O2_char_spacing_30,G_00069,en,E3_obfuscated,1,0.9992233514785767,1,D1_00070,,O2_char_spacing,0.3
D1_00070__O3_zero_width_10,G_00069,en,E3_obfuscated,1,0.9992096424102783,1,D1_00070,,O3_zero_width,0.1
D1_00070__O3_zero_width_20,G_00069,en,E3_obfuscated,1,0.9991581439971924,1,D1_00070,,O3_zero_width,0.2
D1_00070__O3_zero_width_30,G_00069,en,E3_obfuscated,1,0.9992337226867676,1,D1_00070,,O3_zero_width,0.3
D1_00070__O4_homoglyph_10,G_00069,en,E3_obfuscated,1,0.999115526676178,1,D1_00070,,O4_homoglyph,0.1
D1_00070__O4_homoglyph_20,G_00069,en,E3_obfuscated,1,0.9992351531982422,1,D1_00070,,O4_homoglyph,0.2
D1_00070__O4_homoglyph_30,G_00069,en,E3_obfuscated,1,0.9992020726203918,1,D1_00070,,O4_homoglyph,0.3
D1_00070__O6_random_case_10,G_00069,en,E3_obfuscated,1,0.9990715980529785,1,D1_00070,,O6_random_case,0.1
D1_00070__O6_random_case_20,G_00069,en,E3_obfuscated,1,0.9992430210113525,1,D1_00070,,O6_random_case,0.2
D1_00070__O6_random_case_30,G_00069,en,E3_obfuscated,1,0.999238133430481,1,D1_00070,,O6_random_case,0.3
D1_00070__O7_typo_10,G_00069,en,E3_obfuscated,1,0.9989027976989746,1,D1_00070,,O7_typo,0.1
D1_00070__O7_typo_20,G_00069,en,E3_obfuscated,1,0.9991356730461121,1,D1_00070,,O7_typo,0.2
D1_00070__O7_typo_30,G_00069,en,E3_obfuscated,1,0.9990766048431396,1,D1_00070,,O7_typo,0.3
D1_00070__O5_base64_100,G_00069,en,E3_obfuscated,1,0.9991618394851685,1,D1_00070,,O5_base64,1.0
D1_00073__O1_leetspeak_10,G_00072,en,E3_obfuscated,0,0.0004891409771516919,0,D1_00073,,O1_leetspeak,0.1
D1_00073__O1_leetspeak_20,G_00072,en,E3_obfuscated,0,0.0005023846169933677,0,D1_00073,,O1_leetspeak,0.2
D1_00073__O1_leetspeak_30,G_00072,en,E3_obfuscated,0,0.0005073944921605289,0,D1_00073,,O1_leetspeak,0.3
D1_00073__O2_char_spacing_10,G_00072,en,E3_obfuscated,0,0.00047063754755072296,0,D1_00073,,O2_char_spacing,0.1
D1_00073__O2_char_spacing_20,G_00072,en,E3_obfuscated,0,0.0005666674696840346,0,D1_00073,,O2_char_spacing,0.2
D1_00073__O2_char_spacing_30,G_00072,en,E3_obfuscated,0,0.00047063754755072296,0,D1_00073,,O2_char_spacing,0.3
D1_00073__O3_zero_width_10,G_00072,en,E3_obfuscated,0,0.0005100614507682621,0,D1_00073,,O3_zero_width,0.1
D1_00073__O3_zero_width_20,G_00072,en,E3_obfuscated,0,0.0006874343380331993,0,D1_00073,,O3_zero_width,0.2
D1_00073__O3_zero_width_30,G_00072,en,E3_obfuscated,0,0.007033718749880791,0,D1_00073,,O3_zero_width,0.3
D1_00073__O4_homoglyph_10,G_00072,en,E3_obfuscated,0,0.000534780090674758,0,D1_00073,,O4_homoglyph,0.1
D1_00073__O4_homoglyph_20,G_00072,en,E3_obfuscated,0,0.000534780090674758,0,D1_00073,,O4_homoglyph,0.2
D1_00073__O4_homoglyph_30,G_00072,en,E3_obfuscated,0,0.0005347433616407216,0,D1_00073,,O4_homoglyph,0.3
D1_00073__O6_random_case_10,G_00072,en,E3_obfuscated,0,0.0004864556831307709,0,D1_00073,,O6_random_case,0.1
D1_00073__O6_random_case_20,G_00072,en,E3_obfuscated,0,0.0005062096752226353,0,D1_00073,,O6_random_case,0.2
D1_00073__O6_random_case_30,G_00072,en,E3_obfuscated,0,0.000529307930264622,0,D1_00073,,O6_random_case,0.3
D1_00073__O7_typo_10,G_00072,en,E3_obfuscated,0,0.0004913662560284138,0,D1_00073,,O7_typo,0.1
D1_00073__O7_typo_20,G_00072,en,E3_obfuscated,0,0.0004897889448329806,0,D1_00073,,O7_typo,0.2
D1_00073__O7_typo_30,G_00072,en,E3_obfuscated,0,0.0004827312659472227,0,D1_00073,,O7_typo,0.3
D1_00073__O5_base64_100,G_00072,en,E3_obfuscated,0,0.999183714389801,1,D1_00073,,O5_base64,1.0
D1_00077__O1_leetspeak_10,G_00076,en,E3_obfuscated,0,0.007182816509157419,0,D1_00077,,O1_leetspeak,0.1
D1_00077__O1_leetspeak_20,G_00076,en,E3_obfuscated,0,0.001369021600112319,0,D1_00077,,O1_leetspeak,0.2
D1_00077__O1_leetspeak_30,G_00076,en,E3_obfuscated,0,0.6931971907615662,1,D1_00077,,O1_leetspeak,0.3
D1_00077__O2_char_spacing_10,G_00076,en,E3_obfuscated,0,0.000625496672000736,0,D1_00077,,O2_char_spacing,0.1
D1_00077__O2_char_spacing_20,G_00076,en,E3_obfuscated,0,0.000625496672000736,0,D1_00077,,O2_char_spacing,0.2
D1_00077__O2_char_spacing_30,G_00076,en,E3_obfuscated,0,0.0005350252613425255,0,D1_00077,,O2_char_spacing,0.3
D1_00077__O3_zero_width_10,G_00076,en,E3_obfuscated,0,0.008478057570755482,0,D1_00077,,O3_zero_width,0.1
D1_00077__O3_zero_width_20,G_00076,en,E3_obfuscated,0,0.5030724406242371,1,D1_00077,,O3_zero_width,0.2
D1_00077__O3_zero_width_30,G_00076,en,E3_obfuscated,0,0.9987564086914062,1,D1_00077,,O3_zero_width,0.3
D1_00077__O4_homoglyph_10,G_00076,en,E3_obfuscated,0,0.0005712623242288828,0,D1_00077,,O4_homoglyph,0.1
D1_00077__O4_homoglyph_20,G_00076,en,E3_obfuscated,0,0.08288925141096115,0,D1_00077,,O4_homoglyph,0.2
D1_00077__O4_homoglyph_30,G_00076,en,E3_obfuscated,0,0.38053494691848755,1,D1_00077,,O4_homoglyph,0.3
D1_00077__O6_random_case_10,G_00076,en,E3_obfuscated,0,0.0006350330077111721,0,D1_00077,,O6_random_case,0.1
D1_00077__O6_random_case_20,G_00076,en,E3_obfuscated,0,0.001743668457493186,0,D1_00077,,O6_random_case,0.2
D1_00077__O6_random_case_30,G_00076,en,E3_obfuscated,0,0.9979532957077026,1,D1_00077,,O6_random_case,0.3
D1_00077__O7_typo_10,G_00076,en,E3_obfuscated,0,0.0004851847479585558,0,D1_00077,,O7_typo,0.1
D1_00077__O7_typo_20,G_00076,en,E3_obfuscated,0,0.0005521488492377102,0,D1_00077,,O7_typo,0.2
D1_00077__O7_typo_30,G_00076,en,E3_obfuscated,0,0.0005428601289168,0,D1_00077,,O7_typo,0.3
D1_00077__O5_base64_100,G_00076,en,E3_obfuscated,0,0.9991911053657532,1,D1_00077,,O5_base64,1.0
D1_00079__O1_leetspeak_10,G_00078,en,E3_obfuscated,1,0.9992715716362,1,D1_00079,,O1_leetspeak,0.1
D1_00079__O1_leetspeak_20,G_00078,en,E3_obfuscated,1,0.9992334842681885,1,D1_00079,,O1_leetspeak,0.2
D1_00079__O1_leetspeak_30,G_00078,en,E3_obfuscated,1,0.9991969466209412,1,D1_00079,,O1_leetspeak,0.3
D1_00079__O2_char_spacing_10,G_00078,en,E3_obfuscated,1,0.9992522597312927,1,D1_00079,,O2_char_spacing,0.1
D1_00079__O2_char_spacing_20,G_00078,en,E3_obfuscated,1,0.9992320537567139,1,D1_00079,,O2_char_spacing,0.2
D1_00079__O2_char_spacing_30,G_00078,en,E3_obfuscated,1,0.9992539286613464,1,D1_00079,,O2_char_spacing,0.3
D1_00079__O3_zero_width_10,G_00078,en,E3_obfuscated,1,0.9992586970329285,1,D1_00079,,O3_zero_width,0.1
D1_00079__O3_zero_width_20,G_00078,en,E3_obfuscated,1,0.9992369413375854,1,D1_00079,,O3_zero_width,0.2
D1_00079__O3_zero_width_30,G_00078,en,E3_obfuscated,1,0.9992019534111023,1,D1_00079,,O3_zero_width,0.3
D1_00079__O4_homoglyph_10,G_00078,en,E3_obfuscated,1,0.9992514252662659,1,D1_00079,,O4_homoglyph,0.1
D1_00079__O4_homoglyph_20,G_00078,en,E3_obfuscated,1,0.9992451667785645,1,D1_00079,,O4_homoglyph,0.2
D1_00079__O4_homoglyph_30,G_00078,en,E3_obfuscated,1,0.9992475509643555,1,D1_00079,,O4_homoglyph,0.3
D1_00079__O6_random_case_10,G_00078,en,E3_obfuscated,1,0.9991986155509949,1,D1_00079,,O6_random_case,0.1
D1_00079__O6_random_case_20,G_00078,en,E3_obfuscated,1,0.999233603477478,1,D1_00079,,O6_random_case,0.2
D1_00079__O6_random_case_30,G_00078,en,E3_obfuscated,1,0.9991133809089661,1,D1_00079,,O6_random_case,0.3
D1_00079__O7_typo_10,G_00078,en,E3_obfuscated,1,0.9992935657501221,1,D1_00079,,O7_typo,0.1
D1_00079__O7_typo_20,G_00078,en,E3_obfuscated,1,0.9992830157279968,1,D1_00079,,O7_typo,0.2
D1_00079__O7_typo_30,G_00078,en,E3_obfuscated,1,0.9992755055427551,1,D1_00079,,O7_typo,0.3
D1_00079__O5_base64_100,G_00078,en,E3_obfuscated,1,0.9990622401237488,1,D1_00079,,O5_base64,1.0
D1_00082__O1_leetspeak_10,G_00081,en,E3_obfuscated,0,0.0007659044349566102,0,D1_00082,,O1_leetspeak,0.1
D1_00082__O1_leetspeak_20,G_00081,en,E3_obfuscated,0,0.9964698553085327,1,D1_00082,,O1_leetspeak,0.2
D1_00082__O1_leetspeak_30,G_00081,en,E3_obfuscated,0,0.9954127669334412,1,D1_00082,,O1_leetspeak,0.3
D1_00082__O2_char_spacing_10,G_00081,en,E3_obfuscated,0,0.9929865002632141,1,D1_00082,,O2_char_spacing,0.1
D1_00082__O2_char_spacing_20,G_00081,en,E3_obfuscated,0,0.9929865002632141,1,D1_00082,,O2_char_spacing,0.2
D1_00082__O2_char_spacing_30,G_00081,en,E3_obfuscated,0,0.9929865002632141,1,D1_00082,,O2_char_spacing,0.3
D1_00082__O3_zero_width_10,G_00081,en,E3_obfuscated,0,0.8949950933456421,1,D1_00082,,O3_zero_width,0.1
D1_00082__O3_zero_width_20,G_00081,en,E3_obfuscated,0,0.998362123966217,1,D1_00082,,O3_zero_width,0.2
D1_00082__O3_zero_width_30,G_00081,en,E3_obfuscated,0,0.9990392923355103,1,D1_00082,,O3_zero_width,0.3
D1_00082__O4_homoglyph_10,G_00081,en,E3_obfuscated,0,0.0099128233268857,0,D1_00082,,O4_homoglyph,0.1
D1_00082__O4_homoglyph_20,G_00081,en,E3_obfuscated,0,0.015098084695637226,0,D1_00082,,O4_homoglyph,0.2
D1_00082__O4_homoglyph_30,G_00081,en,E3_obfuscated,0,0.9783491492271423,1,D1_00082,,O4_homoglyph,0.3
D1_00082__O6_random_case_10,G_00081,en,E3_obfuscated,0,0.9982116222381592,1,D1_00082,,O6_random_case,0.1
D1_00082__O6_random_case_20,G_00081,en,E3_obfuscated,0,0.9988011121749878,1,D1_00082,,O6_random_case,0.2
D1_00082__O6_random_case_30,G_00081,en,E3_obfuscated,0,0.9987699389457703,1,D1_00082,,O6_random_case,0.3
D1_00082__O7_typo_10,G_00081,en,E3_obfuscated,0,0.0005845997948199511,0,D1_00082,,O7_typo,0.1
D1_00082__O7_typo_20,G_00081,en,E3_obfuscated,0,0.000552771205548197,0,D1_00082,,O7_typo,0.2
D1_00082__O7_typo_30,G_00081,en,E3_obfuscated,0,0.0006086520152166486,0,D1_00082,,O7_typo,0.3
D1_00082__O5_base64_100,G_00081,en,E3_obfuscated,0,0.9992146492004395,1,D1_00082,,O5_base64,1.0
D1_00087__O1_leetspeak_10,G_00086,en,E3_obfuscated,1,0.9991551637649536,1,D1_00087,,O1_leetspeak,0.1
D1_00087__O1_leetspeak_20,G_00086,en,E3_obfuscated,1,0.9991857409477234,1,D1_00087,,O1_leetspeak,0.2
D1_00087__O1_leetspeak_30,G_00086,en,E3_obfuscated,1,0.9991623163223267,1,D1_00087,,O1_leetspeak,0.3
D1_00087__O2_char_spacing_10,G_00086,en,E3_obfuscated,1,0.9990943670272827,1,D1_00087,,O2_char_spacing,0.1
D1_00087__O2_char_spacing_20,G_00086,en,E3_obfuscated,1,0.999165415763855,1,D1_00087,,O2_char_spacing,0.2
D1_00087__O2_char_spacing_30,G_00086,en,E3_obfuscated,1,0.9992167949676514,1,D1_00087,,O2_char_spacing,0.3
D1_00087__O3_zero_width_10,G_00086,en,E3_obfuscated,1,0.999104917049408,1,D1_00087,,O3_zero_width,0.1
D1_00087__O3_zero_width_20,G_00086,en,E3_obfuscated,1,0.9990957975387573,1,D1_00087,,O3_zero_width,0.2
D1_00087__O3_zero_width_30,G_00086,en,E3_obfuscated,1,0.9991863369941711,1,D1_00087,,O3_zero_width,0.3
D1_00087__O4_homoglyph_10,G_00086,en,E3_obfuscated,1,0.9991955161094666,1,D1_00087,,O4_homoglyph,0.1
D1_00087__O4_homoglyph_20,G_00086,en,E3_obfuscated,1,0.9991788268089294,1,D1_00087,,O4_homoglyph,0.2
D1_00087__O4_homoglyph_30,G_00086,en,E3_obfuscated,1,0.9991740584373474,1,D1_00087,,O4_homoglyph,0.3
D1_00087__O6_random_case_10,G_00086,en,E3_obfuscated,1,0.9992094039916992,1,D1_00087,,O6_random_case,0.1
D1_00087__O6_random_case_20,G_00086,en,E3_obfuscated,1,0.9991785883903503,1,D1_00087,,O6_random_case,0.2
D1_00087__O6_random_case_30,G_00086,en,E3_obfuscated,1,0.9991053938865662,1,D1_00087,,O6_random_case,0.3
D1_00087__O7_typo_10,G_00086,en,E3_obfuscated,1,0.9989797472953796,1,D1_00087,,O7_typo,0.1
D1_00087__O7_typo_20,G_00086,en,E3_obfuscated,1,0.9991340041160583,1,D1_00087,,O7_typo,0.2
D1_00087__O7_typo_30,G_00086,en,E3_obfuscated,1,0.9991108775138855,1,D1_00087,,O7_typo,0.3
D1_00087__O5_base64_100,G_00086,en,E3_obfuscated,1,0.9991889595985413,1,D1_00087,,O5_base64,1.0
D1_00091__O1_leetspeak_10,G_00090,en,E3_obfuscated,0,0.0006894045509397984,0,D1_00091,,O1_leetspeak,0.1
D1_00091__O1_leetspeak_20,G_00090,en,E3_obfuscated,0,0.9969726800918579,1,D1_00091,,O1_leetspeak,0.2
D1_00091__O1_leetspeak_30,G_00090,en,E3_obfuscated,0,0.9910619258880615,1,D1_00091,,O1_leetspeak,0.3
D1_00091__O2_char_spacing_10,G_00090,en,E3_obfuscated,0,0.9982762336730957,1,D1_00091,,O2_char_spacing,0.1
D1_00091__O2_char_spacing_20,G_00090,en,E3_obfuscated,0,0.995682954788208,1,D1_00091,,O2_char_spacing,0.2
D1_00091__O2_char_spacing_30,G_00090,en,E3_obfuscated,0,0.9982762336730957,1,D1_00091,,O2_char_spacing,0.3
D1_00091__O3_zero_width_10,G_00090,en,E3_obfuscated,0,0.0024168866220861673,0,D1_00091,,O3_zero_width,0.1
D1_00091__O3_zero_width_20,G_00090,en,E3_obfuscated,0,0.9956730008125305,1,D1_00091,,O3_zero_width,0.2
D1_00091__O3_zero_width_30,G_00090,en,E3_obfuscated,0,0.9985451698303223,1,D1_00091,,O3_zero_width,0.3
D1_00091__O4_homoglyph_10,G_00090,en,E3_obfuscated,0,0.0008386884001083672,0,D1_00091,,O4_homoglyph,0.1
D1_00091__O4_homoglyph_20,G_00090,en,E3_obfuscated,0,0.8503044247627258,1,D1_00091,,O4_homoglyph,0.2
D1_00091__O4_homoglyph_30,G_00090,en,E3_obfuscated,0,0.9882314801216125,1,D1_00091,,O4_homoglyph,0.3
D1_00091__O6_random_case_10,G_00090,en,E3_obfuscated,0,0.0005354694440029562,0,D1_00091,,O6_random_case,0.1
D1_00091__O6_random_case_20,G_00090,en,E3_obfuscated,0,0.9969786405563354,1,D1_00091,,O6_random_case,0.2
D1_00091__O6_random_case_30,G_00090,en,E3_obfuscated,0,0.9983532428741455,1,D1_00091,,O6_random_case,0.3
D1_00091__O7_typo_10,G_00090,en,E3_obfuscated,0,0.0005901173572055995,0,D1_00091,,O7_typo,0.1
D1_00091__O7_typo_20,G_00090,en,E3_obfuscated,0,0.0005614534020423889,0,D1_00091,,O7_typo,0.2
D1_00091__O7_typo_30,G_00090,en,E3_obfuscated,0,0.0006161596975289285,0,D1_00091,,O7_typo,0.3
D1_00091__O5_base64_100,G_00090,en,E3_obfuscated,0,0.9991727471351624,1,D1_00091,,O5_base64,1.0
D1_00102__O1_leetspeak_10,G_00101,en,E3_obfuscated,0,0.06705596297979355,0,D1_00102,,O1_leetspeak,0.1
D1_00102__O1_leetspeak_20,G_00101,en,E3_obfuscated,0,0.9987404942512512,1,D1_00102,,O1_leetspeak,0.2
D1_00102__O1_leetspeak_30,G_00101,en,E3_obfuscated,0,0.9989522695541382,1,D1_00102,,O1_leetspeak,0.3
D1_00102__O2_char_spacing_10,G_00101,en,E3_obfuscated,0,0.9783816337585449,1,D1_00102,,O2_char_spacing,0.1
D1_00102__O2_char_spacing_20,G_00101,en,E3_obfuscated,0,0.9929303526878357,1,D1_00102,,O2_char_spacing,0.2
D1_00102__O2_char_spacing_30,G_00101,en,E3_obfuscated,0,0.998836100101471,1,D1_00102,,O2_char_spacing,0.3
D1_00102__O3_zero_width_10,G_00101,en,E3_obfuscated,0,0.909358561038971,1,D1_00102,,O3_zero_width,0.1
D1_00102__O3_zero_width_20,G_00101,en,E3_obfuscated,0,0.9984005093574524,1,D1_00102,,O3_zero_width,0.2
D1_00102__O3_zero_width_30,G_00101,en,E3_obfuscated,0,0.9990965127944946,1,D1_00102,,O3_zero_width,0.3
D1_00102__O4_homoglyph_10,G_00101,en,E3_obfuscated,0,0.024730123579502106,0,D1_00102,,O4_homoglyph,0.1
D1_00102__O4_homoglyph_20,G_00101,en,E3_obfuscated,0,0.9972673654556274,1,D1_00102,,O4_homoglyph,0.2
D1_00102__O4_homoglyph_30,G_00101,en,E3_obfuscated,0,0.9985610842704773,1,D1_00102,,O4_homoglyph,0.3
D1_00102__O6_random_case_10,G_00101,en,E3_obfuscated,0,0.9989972710609436,1,D1_00102,,O6_random_case,0.1
D1_00102__O6_random_case_20,G_00101,en,E3_obfuscated,0,0.9992340803146362,1,D1_00102,,O6_random_case,0.2
D1_00102__O6_random_case_30,G_00101,en,E3_obfuscated,0,0.9991669654846191,1,D1_00102,,O6_random_case,0.3
D1_00102__O7_typo_10,G_00101,en,E3_obfuscated,0,0.0007484529633074999,0,D1_00102,,O7_typo,0.1
D1_00102__O7_typo_20,G_00101,en,E3_obfuscated,0,0.4202137291431427,1,D1_00102,,O7_typo,0.2
D1_00102__O7_typo_30,G_00101,en,E3_obfuscated,0,0.1766115128993988,0,D1_00102,,O7_typo,0.3
D1_00102__O5_base64_100,G_00101,en,E3_obfuscated,0,0.9990376234054565,1,D1_00102,,O5_base64,1.0
D1_00105__O1_leetspeak_10,G_00055,en,E3_obfuscated,0,0.00046188387204892933,0,D1_00105,,O1_leetspeak,0.1
D1_00105__O1_leetspeak_20,G_00055,en,E3_obfuscated,0,0.3621004521846771,1,D1_00105,,O1_leetspeak,0.2
D1_00105__O1_leetspeak_30,G_00055,en,E3_obfuscated,0,0.9988194108009338,1,D1_00105,,O1_leetspeak,0.3
D1_00105__O2_char_spacing_10,G_00055,en,E3_obfuscated,0,0.1209961473941803,0,D1_00105,,O2_char_spacing,0.1
D1_00105__O2_char_spacing_20,G_00055,en,E3_obfuscated,0,0.0014814932364970446,0,D1_00105,,O2_char_spacing,0.2
D1_00105__O2_char_spacing_30,G_00055,en,E3_obfuscated,0,0.0005754047306254506,0,D1_00105,,O2_char_spacing,0.3
D1_00105__O3_zero_width_10,G_00055,en,E3_obfuscated,0,0.000735374866053462,0,D1_00105,,O3_zero_width,0.1
D1_00105__O3_zero_width_20,G_00055,en,E3_obfuscated,0,0.10755065828561783,0,D1_00105,,O3_zero_width,0.2
D1_00105__O3_zero_width_30,G_00055,en,E3_obfuscated,0,0.9905833005905151,1,D1_00105,,O3_zero_width,0.3
D1_00105__O4_homoglyph_10,G_00055,en,E3_obfuscated,0,0.0004629991017282009,0,D1_00105,,O4_homoglyph,0.1
D1_00105__O4_homoglyph_20,G_00055,en,E3_obfuscated,0,0.0005168705829419196,0,D1_00105,,O4_homoglyph,0.2
D1_00105__O4_homoglyph_30,G_00055,en,E3_obfuscated,0,0.000530195131432265,0,D1_00105,,O4_homoglyph,0.3
D1_00105__O6_random_case_10,G_00055,en,E3_obfuscated,0,0.0004770267114508897,0,D1_00105,,O6_random_case,0.1
D1_00105__O6_random_case_20,G_00055,en,E3_obfuscated,0,0.0005452870391309261,0,D1_00105,,O6_random_case,0.2
D1_00105__O6_random_case_30,G_00055,en,E3_obfuscated,0,0.9963394403457642,1,D1_00105,,O6_random_case,0.3
D1_00105__O7_typo_10,G_00055,en,E3_obfuscated,0,0.00043959979666396976,0,D1_00105,,O7_typo,0.1
D1_00105__O7_typo_20,G_00055,en,E3_obfuscated,0,0.00046613349695689976,0,D1_00105,,O7_typo,0.2
D1_00105__O7_typo_30,G_00055,en,E3_obfuscated,0,0.00043254983029328287,0,D1_00105,,O7_typo,0.3
D1_00105__O5_base64_100,G_00055,en,E3_obfuscated,0,0.9991790652275085,1,D1_00105,,O5_base64,1.0
D1_00111__O1_leetspeak_10,G_00110,en,E3_obfuscated,0,0.0009164538350887597,0,D1_00111,,O1_leetspeak,0.1
D1_00111__O1_leetspeak_20,G_00110,en,E3_obfuscated,0,0.011955998837947845,0,D1_00111,,O1_leetspeak,0.2
D1_00111__O1_leetspeak_30,G_00110,en,E3_obfuscated,0,0.44232478737831116,1,D1_00111,,O1_leetspeak,0.3
D1_00111__O2_char_spacing_10,G_00110,en,E3_obfuscated,0,0.0008110765484161675,0,D1_00111,,O2_char_spacing,0.1
D1_00111__O2_char_spacing_20,G_00110,en,E3_obfuscated,0,0.0008892467594705522,0,D1_00111,,O2_char_spacing,0.2
D1_00111__O2_char_spacing_30,G_00110,en,E3_obfuscated,0,0.9780760407447815,1,D1_00111,,O2_char_spacing,0.3
D1_00111__O3_zero_width_10,G_00110,en,E3_obfuscated,0,0.000780617818236351,0,D1_00111,,O3_zero_width,0.1
D1_00111__O3_zero_width_20,G_00110,en,E3_obfuscated,0,0.9666668176651001,1,D1_00111,,O3_zero_width,0.2
D1_00111__O3_zero_width_30,G_00110,en,E3_obfuscated,0,0.9987527132034302,1,D1_00111,,O3_zero_width,0.3
D1_00111__O4_homoglyph_10,G_00110,en,E3_obfuscated,0,0.000604841101448983,0,D1_00111,,O4_homoglyph,0.1
D1_00111__O4_homoglyph_20,G_00110,en,E3_obfuscated,0,0.6250295639038086,1,D1_00111,,O4_homoglyph,0.2
D1_00111__O4_homoglyph_30,G_00110,en,E3_obfuscated,0,0.08196838945150375,0,D1_00111,,O4_homoglyph,0.3
D1_00111__O6_random_case_10,G_00110,en,E3_obfuscated,0,0.000834564445540309,0,D1_00111,,O6_random_case,0.1
D1_00111__O6_random_case_20,G_00110,en,E3_obfuscated,0,0.5231661200523376,1,D1_00111,,O6_random_case,0.2
D1_00111__O6_random_case_30,G_00110,en,E3_obfuscated,0,0.998954176902771,1,D1_00111,,O6_random_case,0.3
D1_00111__O7_typo_10,G_00110,en,E3_obfuscated,0,0.0004914337187074125,0,D1_00111,,O7_typo,0.1
D1_00111__O7_typo_20,G_00110,en,E3_obfuscated,0,0.0005329512059688568,0,D1_00111,,O7_typo,0.2
D1_00111__O7_typo_30,G_00110,en,E3_obfuscated,0,0.0004786945355590433,0,D1_00111,,O7_typo,0.3
D1_00111__O5_base64_100,G_00110,en,E3_obfuscated,0,0.9992006421089172,1,D1_00111,,O5_base64,1.0
D1_00112__O1_leetspeak_10,G_00111,en,E3_obfuscated,0,0.9840520620346069,1,D1_00112,,O1_leetspeak,0.1
D1_00112__O1_leetspeak_20,G_00111,en,E3_obfuscated,0,0.9988138675689697,1,D1_00112,,O1_leetspeak,0.2
D1_00112__O1_leetspeak_30,G_00111,en,E3_obfuscated,0,0.9991536140441895,1,D1_00112,,O1_leetspeak,0.3
D1_00112__O2_char_spacing_10,G_00111,en,E3_obfuscated,0,0.9975071549415588,1,D1_00112,,O2_char_spacing,0.1
D1_00112__O2_char_spacing_20,G_00111,en,E3_obfuscated,0,0.9957452416419983,1,D1_00112,,O2_char_spacing,0.2
D1_00112__O2_char_spacing_30,G_00111,en,E3_obfuscated,0,0.9988127946853638,1,D1_00112,,O2_char_spacing,0.3
D1_00112__O3_zero_width_10,G_00111,en,E3_obfuscated,0,0.9926137924194336,1,D1_00112,,O3_zero_width,0.1
D1_00112__O3_zero_width_20,G_00111,en,E3_obfuscated,0,0.9980693459510803,1,D1_00112,,O3_zero_width,0.2
D1_00112__O3_zero_width_30,G_00111,en,E3_obfuscated,0,0.9992165565490723,1,D1_00112,,O3_zero_width,0.3
D1_00112__O4_homoglyph_10,G_00111,en,E3_obfuscated,0,0.9942042231559753,1,D1_00112,,O4_homoglyph,0.1
D1_00112__O4_homoglyph_20,G_00111,en,E3_obfuscated,0,0.9988546371459961,1,D1_00112,,O4_homoglyph,0.2
D1_00112__O4_homoglyph_30,G_00111,en,E3_obfuscated,0,0.9990876913070679,1,D1_00112,,O4_homoglyph,0.3
D1_00112__O6_random_case_10,G_00111,en,E3_obfuscated,0,0.9980822801589966,1,D1_00112,,O6_random_case,0.1
D1_00112__O6_random_case_20,G_00111,en,E3_obfuscated,0,0.9990848302841187,1,D1_00112,,O6_random_case,0.2
D1_00112__O6_random_case_30,G_00111,en,E3_obfuscated,0,0.9991926550865173,1,D1_00112,,O6_random_case,0.3
D1_00112__O7_typo_10,G_00111,en,E3_obfuscated,0,0.0022452231496572495,0,D1_00112,,O7_typo,0.1
D1_00112__O7_typo_20,G_00111,en,E3_obfuscated,0,0.042542196810245514,0,D1_00112,,O7_typo,0.2
D1_00112__O7_typo_30,G_00111,en,E3_obfuscated,0,0.9936530590057373,1,D1_00112,,O7_typo,0.3
D1_00112__O5_base64_100,G_00111,en,E3_obfuscated,0,0.9990693926811218,1,D1_00112,,O5_base64,1.0
D1_00133__O1_leetspeak_10,G_00132,en,E3_obfuscated,0,0.0006652919109910727,0,D1_00133,,O1_leetspeak,0.1
D1_00133__O1_leetspeak_20,G_00132,en,E3_obfuscated,0,0.31094589829444885,1,D1_00133,,O1_leetspeak,0.2
D1_00133__O1_leetspeak_30,G_00132,en,E3_obfuscated,0,0.9984482526779175,1,D1_00133,,O1_leetspeak,0.3
D1_00133__O2_char_spacing_10,G_00132,en,E3_obfuscated,0,0.000696183240506798,0,D1_00133,,O2_char_spacing,0.1
D1_00133__O2_char_spacing_20,G_00132,en,E3_obfuscated,0,0.15408547222614288,0,D1_00133,,O2_char_spacing,0.2
D1_00133__O2_char_spacing_30,G_00132,en,E3_obfuscated,0,0.016532564535737038,0,D1_00133,,O2_char_spacing,0.3
D1_00133__O3_zero_width_10,G_00132,en,E3_obfuscated,0,0.008035312406718731,0,D1_00133,,O3_zero_width,0.1
D1_00133__O3_zero_width_20,G_00132,en,E3_obfuscated,0,0.9161650538444519,1,D1_00133,,O3_zero_width,0.2
D1_00133__O3_zero_width_30,G_00132,en,E3_obfuscated,0,0.9989312291145325,1,D1_00133,,O3_zero_width,0.3
D1_00133__O4_homoglyph_10,G_00132,en,E3_obfuscated,0,0.001396864652633667,0,D1_00133,,O4_homoglyph,0.1
D1_00133__O4_homoglyph_20,G_00132,en,E3_obfuscated,0,0.008981524035334587,0,D1_00133,,O4_homoglyph,0.2
D1_00133__O4_homoglyph_30,G_00132,en,E3_obfuscated,0,0.9979259967803955,1,D1_00133,,O4_homoglyph,0.3
D1_00133__O6_random_case_10,G_00132,en,E3_obfuscated,0,0.0006602646899409592,0,D1_00133,,O6_random_case,0.1
D1_00133__O6_random_case_20,G_00132,en,E3_obfuscated,0,0.9966302514076233,1,D1_00133,,O6_random_case,0.2
D1_00133__O6_random_case_30,G_00132,en,E3_obfuscated,0,0.9989286065101624,1,D1_00133,,O6_random_case,0.3
D1_00133__O7_typo_10,G_00132,en,E3_obfuscated,0,0.0006456256378442049,0,D1_00133,,O7_typo,0.1
D1_00133__O7_typo_20,G_00132,en,E3_obfuscated,0,0.00047508362331427634,0,D1_00133,,O7_typo,0.2
D1_00133__O7_typo_30,G_00132,en,E3_obfuscated,0,0.000500816386193037,0,D1_00133,,O7_typo,0.3
D1_00133__O5_base64_100,G_00132,en,E3_obfuscated,0,0.9992110729217529,1,D1_00133,,O5_base64,1.0
D1_00150__O1_leetspeak_10,G_00149,en,E3_obfuscated,0,0.004384263884276152,0,D1_00150,,O1_leetspeak,0.1
D1_00150__O1_leetspeak_20,G_00149,en,E3_obfuscated,0,0.9907537698745728,1,D1_00150,,O1_leetspeak,0.2
D1_00150__O1_leetspeak_30,G_00149,en,E3_obfuscated,0,0.9979813694953918,1,D1_00150,,O1_leetspeak,0.3
D1_00150__O2_char_spacing_10,G_00149,en,E3_obfuscated,0,0.8300865888595581,1,D1_00150,,O2_char_spacing,0.1
D1_00150__O2_char_spacing_20,G_00149,en,E3_obfuscated,0,0.9314982891082764,1,D1_00150,,O2_char_spacing,0.2
D1_00150__O2_char_spacing_30,G_00149,en,E3_obfuscated,0,0.997593104839325,1,D1_00150,,O2_char_spacing,0.3
D1_00150__O3_zero_width_10,G_00149,en,E3_obfuscated,0,0.14003318548202515,0,D1_00150,,O3_zero_width,0.1
D1_00150__O3_zero_width_20,G_00149,en,E3_obfuscated,0,0.8597577214241028,1,D1_00150,,O3_zero_width,0.2
D1_00150__O3_zero_width_30,G_00149,en,E3_obfuscated,0,0.9975038170814514,1,D1_00150,,O3_zero_width,0.3
D1_00150__O4_homoglyph_10,G_00149,en,E3_obfuscated,0,0.000846136303152889,0,D1_00150,,O4_homoglyph,0.1
D1_00150__O4_homoglyph_20,G_00149,en,E3_obfuscated,0,0.9943057894706726,1,D1_00150,,O4_homoglyph,0.2
D1_00150__O4_homoglyph_30,G_00149,en,E3_obfuscated,0,0.9974138140678406,1,D1_00150,,O4_homoglyph,0.3
D1_00150__O6_random_case_10,G_00149,en,E3_obfuscated,0,0.01641000621020794,0,D1_00150,,O6_random_case,0.1
D1_00150__O6_random_case_20,G_00149,en,E3_obfuscated,0,0.9986703395843506,1,D1_00150,,O6_random_case,0.2
D1_00150__O6_random_case_30,G_00149,en,E3_obfuscated,0,0.9984945058822632,1,D1_00150,,O6_random_case,0.3
D1_00150__O7_typo_10,G_00149,en,E3_obfuscated,0,0.0005561556899920106,0,D1_00150,,O7_typo,0.1
D1_00150__O7_typo_20,G_00149,en,E3_obfuscated,0,0.0004861312045250088,0,D1_00150,,O7_typo,0.2
D1_00150__O7_typo_30,G_00149,en,E3_obfuscated,0,0.06588897109031677,0,D1_00150,,O7_typo,0.3
D1_00150__O5_base64_100,G_00149,en,E3_obfuscated,0,0.9991927742958069,1,D1_00150,,O5_base64,1.0
D1_00160__O1_leetspeak_10,G_00159,en,E3_obfuscated,0,0.00046574152656830847,0,D1_00160,,O1_leetspeak,0.1
D1_00160__O1_leetspeak_20,G_00159,en,E3_obfuscated,0,0.0009256159537471831,0,D1_00160,,O1_leetspeak,0.2
D1_00160__O1_leetspeak_30,G_00159,en,E3_obfuscated,0,0.9886386394500732,1,D1_00160,,O1_leetspeak,0.3
D1_00160__O2_char_spacing_10,G_00159,en,E3_obfuscated,0,0.0008449821616522968,0,D1_00160,,O2_char_spacing,0.1
D1_00160__O2_char_spacing_20,G_00159,en,E3_obfuscated,0,0.0005244851345196366,0,D1_00160,,O2_char_spacing,0.2
D1_00160__O2_char_spacing_30,G_00159,en,E3_obfuscated,0,0.0011123399017378688,0,D1_00160,,O2_char_spacing,0.3
D1_00160__O3_zero_width_10,G_00159,en,E3_obfuscated,0,0.0032267526257783175,0,D1_00160,,O3_zero_width,0.1
D1_00160__O3_zero_width_20,G_00159,en,E3_obfuscated,0,0.056695252656936646,0,D1_00160,,O3_zero_width,0.2
D1_00160__O3_zero_width_30,G_00159,en,E3_obfuscated,0,0.9309589862823486,1,D1_00160,,O3_zero_width,0.3
D1_00160__O4_homoglyph_10,G_00159,en,E3_obfuscated,0,0.00045465861330740154,0,D1_00160,,O4_homoglyph,0.1
D1_00160__O4_homoglyph_20,G_00159,en,E3_obfuscated,0,0.0017734895227476954,0,D1_00160,,O4_homoglyph,0.2
D1_00160__O4_homoglyph_30,G_00159,en,E3_obfuscated,0,0.0006660027429461479,0,D1_00160,,O4_homoglyph,0.3
D1_00160__O6_random_case_10,G_00159,en,E3_obfuscated,0,0.0005578322452493012,0,D1_00160,,O6_random_case,0.1
D1_00160__O6_random_case_20,G_00159,en,E3_obfuscated,0,0.0006654555909335613,0,D1_00160,,O6_random_case,0.2
D1_00160__O6_random_case_30,G_00159,en,E3_obfuscated,0,0.9967652559280396,1,D1_00160,,O6_random_case,0.3
D1_00160__O7_typo_10,G_00159,en,E3_obfuscated,0,0.00045831341412849724,0,D1_00160,,O7_typo,0.1
D1_00160__O7_typo_20,G_00159,en,E3_obfuscated,0,0.00045831341412849724,0,D1_00160,,O7_typo,0.2
D1_00160__O7_typo_30,G_00159,en,E3_obfuscated,0,0.0004808813100680709,0,D1_00160,,O7_typo,0.3
D1_00160__O5_base64_100,G_00159,en,E3_obfuscated,0,0.9991262555122375,1,D1_00160,,O5_base64,1.0
D1_00165__O1_leetspeak_10,G_00164,en,E3_obfuscated,0,0.8889734148979187,1,D1_00165,,O1_leetspeak,0.1
D1_00165__O1_leetspeak_20,G_00164,en,E3_obfuscated,0,0.9981786012649536,1,D1_00165,,O1_leetspeak,0.2
D1_00165__O1_leetspeak_30,G_00164,en,E3_obfuscated,0,0.9992037415504456,1,D1_00165,,O1_leetspeak,0.3
D1_00165__O2_char_spacing_10,G_00164,en,E3_obfuscated,0,0.9967507123947144,1,D1_00165,,O2_char_spacing,0.1
D1_00165__O2_char_spacing_20,G_00164,en,E3_obfuscated,0,0.997708797454834,1,D1_00165,,O2_char_spacing,0.2
D1_00165__O2_char_spacing_30,G_00164,en,E3_obfuscated,0,0.9984209537506104,1,D1_00165,,O2_char_spacing,0.3
D1_00165__O3_zero_width_10,G_00164,en,E3_obfuscated,0,0.9953781366348267,1,D1_00165,,O3_zero_width,0.1
D1_00165__O3_zero_width_20,G_00164,en,E3_obfuscated,0,0.9987469911575317,1,D1_00165,,O3_zero_width,0.2
D1_00165__O3_zero_width_30,G_00164,en,E3_obfuscated,0,0.9990348815917969,1,D1_00165,,O3_zero_width,0.3
D1_00165__O4_homoglyph_10,G_00164,en,E3_obfuscated,0,0.9583278894424438,1,D1_00165,,O4_homoglyph,0.1
D1_00165__O4_homoglyph_20,G_00164,en,E3_obfuscated,0,0.9959956407546997,1,D1_00165,,O4_homoglyph,0.2
D1_00165__O4_homoglyph_30,G_00164,en,E3_obfuscated,0,0.998218834400177,1,D1_00165,,O4_homoglyph,0.3
D1_00165__O6_random_case_10,G_00164,en,E3_obfuscated,0,0.9991961121559143,1,D1_00165,,O6_random_case,0.1
D1_00165__O6_random_case_20,G_00164,en,E3_obfuscated,0,0.9992517828941345,1,D1_00165,,O6_random_case,0.2
D1_00165__O6_random_case_30,G_00164,en,E3_obfuscated,0,0.9990928173065186,1,D1_00165,,O6_random_case,0.3
D1_00165__O7_typo_10,G_00164,en,E3_obfuscated,0,0.0010494490852579474,0,D1_00165,,O7_typo,0.1
D1_00165__O7_typo_20,G_00164,en,E3_obfuscated,0,0.001956875203177333,0,D1_00165,,O7_typo,0.2
D1_00165__O7_typo_30,G_00164,en,E3_obfuscated,0,0.4559888243675232,1,D1_00165,,O7_typo,0.3
D1_00165__O5_base64_100,G_00164,en,E3_obfuscated,0,0.9990247488021851,1,D1_00165,,O5_base64,1.0
D1_00167__O1_leetspeak_10,G_00166,en,E3_obfuscated,0,0.9952775239944458,1,D1_00167,,O1_leetspeak,0.1
D1_00167__O1_leetspeak_20,G_00166,en,E3_obfuscated,0,0.9976550340652466,1,D1_00167,,O1_leetspeak,0.2
D1_00167__O1_leetspeak_30,G_00166,en,E3_obfuscated,0,0.9990696310997009,1,D1_00167,,O1_leetspeak,0.3
D1_00167__O2_char_spacing_10,G_00166,en,E3_obfuscated,0,0.9826257228851318,1,D1_00167,,O2_char_spacing,0.1
D1_00167__O2_char_spacing_20,G_00166,en,E3_obfuscated,0,0.9984471201896667,1,D1_00167,,O2_char_spacing,0.2
D1_00167__O2_char_spacing_30,G_00166,en,E3_obfuscated,0,0.9986905455589294,1,D1_00167,,O2_char_spacing,0.3
D1_00167__O3_zero_width_10,G_00166,en,E3_obfuscated,0,0.9927794337272644,1,D1_00167,,O3_zero_width,0.1
D1_00167__O3_zero_width_20,G_00166,en,E3_obfuscated,0,0.9982441663742065,1,D1_00167,,O3_zero_width,0.2
D1_00167__O3_zero_width_30,G_00166,en,E3_obfuscated,0,0.9992027878761292,1,D1_00167,,O3_zero_width,0.3
D1_00167__O4_homoglyph_10,G_00166,en,E3_obfuscated,0,0.998704195022583,1,D1_00167,,O4_homoglyph,0.1
D1_00167__O4_homoglyph_20,G_00166,en,E3_obfuscated,0,0.9967992305755615,1,D1_00167,,O4_homoglyph,0.2
D1_00167__O4_homoglyph_30,G_00166,en,E3_obfuscated,0,0.9991567134857178,1,D1_00167,,O4_homoglyph,0.3
D1_00167__O6_random_case_10,G_00166,en,E3_obfuscated,0,0.9963650703430176,1,D1_00167,,O6_random_case,0.1
D1_00167__O6_random_case_20,G_00166,en,E3_obfuscated,0,0.9989609718322754,1,D1_00167,,O6_random_case,0.2
D1_00167__O6_random_case_30,G_00166,en,E3_obfuscated,0,0.9991815686225891,1,D1_00167,,O6_random_case,0.3
D1_00167__O7_typo_10,G_00166,en,E3_obfuscated,0,0.0018506109481677413,0,D1_00167,,O7_typo,0.1
D1_00167__O7_typo_20,G_00166,en,E3_obfuscated,0,0.02749103121459484,0,D1_00167,,O7_typo,0.2
D1_00167__O7_typo_30,G_00166,en,E3_obfuscated,0,0.7335553765296936,1,D1_00167,,O7_typo,0.3
D1_00167__O5_base64_100,G_00166,en,E3_obfuscated,0,0.998999297618866,1,D1_00167,,O5_base64,1.0
D1_00176__O1_leetspeak_10,G_00175,en,E3_obfuscated,0,0.7595282793045044,1,D1_00176,,O1_leetspeak,0.1
D1_00176__O1_leetspeak_20,G_00175,en,E3_obfuscated,0,0.9982895255088806,1,D1_00176,,O1_leetspeak,0.2
D1_00176__O1_leetspeak_30,G_00175,en,E3_obfuscated,0,0.9991648197174072,1,D1_00176,,O1_leetspeak,0.3
D1_00176__O2_char_spacing_10,G_00175,en,E3_obfuscated,0,0.9964248538017273,1,D1_00176,,O2_char_spacing,0.1
D1_00176__O2_char_spacing_20,G_00175,en,E3_obfuscated,0,0.9972310662269592,1,D1_00176,,O2_char_spacing,0.2
D1_00176__O2_char_spacing_30,G_00175,en,E3_obfuscated,0,0.9981549382209778,1,D1_00176,,O2_char_spacing,0.3
D1_00176__O3_zero_width_10,G_00175,en,E3_obfuscated,0,0.981395423412323,1,D1_00176,,O3_zero_width,0.1
D1_00176__O3_zero_width_20,G_00175,en,E3_obfuscated,0,0.9983275532722473,1,D1_00176,,O3_zero_width,0.2
D1_00176__O3_zero_width_30,G_00175,en,E3_obfuscated,0,0.9992383718490601,1,D1_00176,,O3_zero_width,0.3
D1_00176__O4_homoglyph_10,G_00175,en,E3_obfuscated,0,0.978181779384613,1,D1_00176,,O4_homoglyph,0.1
D1_00176__O4_homoglyph_20,G_00175,en,E3_obfuscated,0,0.9970180988311768,1,D1_00176,,O4_homoglyph,0.2
D1_00176__O4_homoglyph_30,G_00175,en,E3_obfuscated,0,0.9991340041160583,1,D1_00176,,O4_homoglyph,0.3
D1_00176__O6_random_case_10,G_00175,en,E3_obfuscated,0,0.9974889755249023,1,D1_00176,,O6_random_case,0.1
D1_00176__O6_random_case_20,G_00175,en,E3_obfuscated,0,0.9989757537841797,1,D1_00176,,O6_random_case,0.2
D1_00176__O6_random_case_30,G_00175,en,E3_obfuscated,0,0.9991106390953064,1,D1_00176,,O6_random_case,0.3
D1_00176__O7_typo_10,G_00175,en,E3_obfuscated,0,0.001311405561864376,0,D1_00176,,O7_typo,0.1
D1_00176__O7_typo_20,G_00175,en,E3_obfuscated,0,0.001387374592013657,0,D1_00176,,O7_typo,0.2
D1_00176__O7_typo_30,G_00175,en,E3_obfuscated,0,0.09517700970172882,0,D1_00176,,O7_typo,0.3
D1_00176__O5_base64_100,G_00175,en,E3_obfuscated,0,0.9990467429161072,1,D1_00176,,O5_base64,1.0
D1_00178__O1_leetspeak_10,G_00177,en,E3_obfuscated,0,0.9983592629432678,1,D1_00178,,O1_leetspeak,0.1
D1_00178__O1_leetspeak_20,G_00177,en,E3_obfuscated,0,0.9989057779312134,1,D1_00178,,O1_leetspeak,0.2
D1_00178__O1_leetspeak_30,G_00177,en,E3_obfuscated,0,0.999032735824585,1,D1_00178,,O1_leetspeak,0.3
D1_00178__O2_char_spacing_10,G_00177,en,E3_obfuscated,0,0.9935479760169983,1,D1_00178,,O2_char_spacing,0.1
D1_00178__O2_char_spacing_20,G_00177,en,E3_obfuscated,0,0.9972741007804871,1,D1_00178,,O2_char_spacing,0.2
D1_00178__O2_char_spacing_30,G_00177,en,E3_obfuscated,0,0.9990488886833191,1,D1_00178,,O2_char_spacing,0.3
D1_00178__O3_zero_width_10,G_00177,en,E3_obfuscated,0,0.9978107810020447,1,D1_00178,,O3_zero_width,0.1
D1_00178__O3_zero_width_20,G_00177,en,E3_obfuscated,0,0.9987207055091858,1,D1_00178,,O3_zero_width,0.2
D1_00178__O3_zero_width_30,G_00177,en,E3_obfuscated,0,0.998885452747345,1,D1_00178,,O3_zero_width,0.3
D1_00178__O4_homoglyph_10,G_00177,en,E3_obfuscated,0,0.8188523054122925,1,D1_00178,,O4_homoglyph,0.1
D1_00178__O4_homoglyph_20,G_00177,en,E3_obfuscated,0,0.9981410503387451,1,D1_00178,,O4_homoglyph,0.2
D1_00178__O4_homoglyph_30,G_00177,en,E3_obfuscated,0,0.9982271790504456,1,D1_00178,,O4_homoglyph,0.3
D1_00178__O6_random_case_10,G_00177,en,E3_obfuscated,0,0.9990237951278687,1,D1_00178,,O6_random_case,0.1
D1_00178__O6_random_case_20,G_00177,en,E3_obfuscated,0,0.9991911053657532,1,D1_00178,,O6_random_case,0.2
D1_00178__O6_random_case_30,G_00177,en,E3_obfuscated,0,0.9989749193191528,1,D1_00178,,O6_random_case,0.3
D1_00178__O7_typo_10,G_00177,en,E3_obfuscated,0,0.000908591435290873,0,D1_00178,,O7_typo,0.1
D1_00178__O7_typo_20,G_00177,en,E3_obfuscated,0,0.001075512613169849,0,D1_00178,,O7_typo,0.2
D1_00178__O7_typo_30,G_00177,en,E3_obfuscated,0,0.0048593818210065365,0,D1_00178,,O7_typo,0.3
D1_00178__O5_base64_100,G_00177,en,E3_obfuscated,0,0.9990484118461609,1,D1_00178,,O5_base64,1.0
D1_00179__O1_leetspeak_10,G_00178,en,E3_obfuscated,1,0.9990875720977783,1,D1_00179,,O1_leetspeak,0.1
D1_00179__O1_leetspeak_20,G_00178,en,E3_obfuscated,1,0.9991161227226257,1,D1_00179,,O1_leetspeak,0.2
D1_00179__O1_leetspeak_30,G_00178,en,E3_obfuscated,1,0.9991080164909363,1,D1_00179,,O1_leetspeak,0.3
D1_00179__O2_char_spacing_10,G_00178,en,E3_obfuscated,1,0.9990690350532532,1,D1_00179,,O2_char_spacing,0.1
D1_00179__O2_char_spacing_20,G_00178,en,E3_obfuscated,1,0.9991668462753296,1,D1_00179,,O2_char_spacing,0.2
D1_00179__O2_char_spacing_30,G_00178,en,E3_obfuscated,1,0.9992386102676392,1,D1_00179,,O2_char_spacing,0.3
D1_00179__O3_zero_width_10,G_00178,en,E3_obfuscated,1,0.9990606904029846,1,D1_00179,,O3_zero_width,0.1
D1_00179__O3_zero_width_20,G_00178,en,E3_obfuscated,1,0.9991974234580994,1,D1_00179,,O3_zero_width,0.2
D1_00179__O3_zero_width_30,G_00178,en,E3_obfuscated,1,0.9990159273147583,1,D1_00179,,O3_zero_width,0.3
D1_00179__O4_homoglyph_10,G_00178,en,E3_obfuscated,1,0.9991102814674377,1,D1_00179,,O4_homoglyph,0.1
D1_00179__O4_homoglyph_20,G_00178,en,E3_obfuscated,1,0.9991794228553772,1,D1_00179,,O4_homoglyph,0.2
D1_00179__O4_homoglyph_30,G_00178,en,E3_obfuscated,1,0.9991436004638672,1,D1_00179,,O4_homoglyph,0.3
D1_00179__O6_random_case_10,G_00178,en,E3_obfuscated,1,0.9991430044174194,1,D1_00179,,O6_random_case,0.1
D1_00179__O6_random_case_20,G_00178,en,E3_obfuscated,1,0.999177873134613,1,D1_00179,,O6_random_case,0.2
D1_00179__O6_random_case_30,G_00178,en,E3_obfuscated,1,0.9991000890731812,1,D1_00179,,O6_random_case,0.3
D1_00179__O7_typo_10,G_00178,en,E3_obfuscated,1,0.9990823268890381,1,D1_00179,,O7_typo,0.1
D1_00179__O7_typo_20,G_00178,en,E3_obfuscated,1,0.9991507530212402,1,D1_00179,,O7_typo,0.2
D1_00179__O7_typo_30,G_00178,en,E3_obfuscated,1,0.999090313911438,1,D1_00179,,O7_typo,0.3
D1_00179__O5_base64_100,G_00178,en,E3_obfuscated,1,0.9990406632423401,1,D1_00179,,O5_base64,1.0
D1_00183__O1_leetspeak_10,G_00182,other,E3_obfuscated,0,0.13739341497421265,0,D1_00183,,O1_leetspeak,0.1
D1_00183__O1_leetspeak_20,G_00182,other,E3_obfuscated,0,0.9985318183898926,1,D1_00183,,O1_leetspeak,0.2
D1_00183__O1_leetspeak_30,G_00182,other,E3_obfuscated,0,0.9991260170936584,1,D1_00183,,O1_leetspeak,0.3
D1_00183__O2_char_spacing_10,G_00182,other,E3_obfuscated,0,0.9863924384117126,1,D1_00183,,O2_char_spacing,0.1
D1_00183__O2_char_spacing_20,G_00182,other,E3_obfuscated,0,0.9991100430488586,1,D1_00183,,O2_char_spacing,0.2
D1_00183__O2_char_spacing_30,G_00182,other,E3_obfuscated,0,0.999043881893158,1,D1_00183,,O2_char_spacing,0.3
D1_00183__O3_zero_width_10,G_00182,other,E3_obfuscated,0,0.9851747155189514,1,D1_00183,,O3_zero_width,0.1
D1_00183__O3_zero_width_20,G_00182,other,E3_obfuscated,0,0.9987714886665344,1,D1_00183,,O3_zero_width,0.2
D1_00183__O3_zero_width_30,G_00182,other,E3_obfuscated,0,0.9989446997642517,1,D1_00183,,O3_zero_width,0.3
D1_00183__O4_homoglyph_10,G_00182,other,E3_obfuscated,0,0.6813340187072754,1,D1_00183,,O4_homoglyph,0.1
D1_00183__O4_homoglyph_20,G_00182,other,E3_obfuscated,0,0.9581009745597839,1,D1_00183,,O4_homoglyph,0.2
D1_00183__O4_homoglyph_30,G_00182,other,E3_obfuscated,0,0.9987751841545105,1,D1_00183,,O4_homoglyph,0.3
D1_00183__O6_random_case_10,G_00182,other,E3_obfuscated,0,0.04527117311954498,0,D1_00183,,O6_random_case,0.1
D1_00183__O6_random_case_20,G_00182,other,E3_obfuscated,0,0.9992185831069946,1,D1_00183,,O6_random_case,0.2
D1_00183__O6_random_case_30,G_00182,other,E3_obfuscated,0,0.9991459846496582,1,D1_00183,,O6_random_case,0.3
D1_00183__O7_typo_10,G_00182,other,E3_obfuscated,0,0.0006464730831794441,0,D1_00183,,O7_typo,0.1
D1_00183__O7_typo_20,G_00182,other,E3_obfuscated,0,0.0006431892397813499,0,D1_00183,,O7_typo,0.2
D1_00183__O7_typo_30,G_00182,other,E3_obfuscated,0,0.0007037684554234147,0,D1_00183,,O7_typo,0.3
D1_00183__O5_base64_100,G_00182,other,E3_obfuscated,0,0.9990794658660889,1,D1_00183,,O5_base64,1.0
D1_00206__O1_leetspeak_10,G_00205,en,E3_obfuscated,0,0.0007628451567143202,0,D1_00206,,O1_leetspeak,0.1
D1_00206__O1_leetspeak_20,G_00205,en,E3_obfuscated,0,0.0028865833301097155,0,D1_00206,,O1_leetspeak,0.2
D1_00206__O1_leetspeak_30,G_00205,en,E3_obfuscated,0,0.9987264275550842,1,D1_00206,,O1_leetspeak,0.3
D1_00206__O2_char_spacing_10,G_00205,en,E3_obfuscated,0,0.9933446645736694,1,D1_00206,,O2_char_spacing,0.1
D1_00206__O2_char_spacing_20,G_00205,en,E3_obfuscated,0,0.9984898567199707,1,D1_00206,,O2_char_spacing,0.2
D1_00206__O2_char_spacing_30,G_00205,en,E3_obfuscated,0,0.9985578656196594,1,D1_00206,,O2_char_spacing,0.3
D1_00206__O3_zero_width_10,G_00205,en,E3_obfuscated,0,0.9547697305679321,1,D1_00206,,O3_zero_width,0.1
D1_00206__O3_zero_width_20,G_00205,en,E3_obfuscated,0,0.9461389780044556,1,D1_00206,,O3_zero_width,0.2
D1_00206__O3_zero_width_30,G_00205,en,E3_obfuscated,0,0.9988505840301514,1,D1_00206,,O3_zero_width,0.3
D1_00206__O4_homoglyph_10,G_00205,en,E3_obfuscated,0,0.0008836754714138806,0,D1_00206,,O4_homoglyph,0.1
D1_00206__O4_homoglyph_20,G_00205,en,E3_obfuscated,0,0.9866446852684021,1,D1_00206,,O4_homoglyph,0.2
D1_00206__O4_homoglyph_30,G_00205,en,E3_obfuscated,0,0.23575739562511444,0,D1_00206,,O4_homoglyph,0.3
D1_00206__O6_random_case_10,G_00205,en,E3_obfuscated,0,0.0007458825130015612,0,D1_00206,,O6_random_case,0.1
D1_00206__O6_random_case_20,G_00205,en,E3_obfuscated,0,0.9960720539093018,1,D1_00206,,O6_random_case,0.2
D1_00206__O6_random_case_30,G_00205,en,E3_obfuscated,0,0.9988021850585938,1,D1_00206,,O6_random_case,0.3
D1_00206__O7_typo_10,G_00205,en,E3_obfuscated,0,0.0006843365845270455,0,D1_00206,,O7_typo,0.1
D1_00206__O7_typo_20,G_00205,en,E3_obfuscated,0,0.000661358586512506,0,D1_00206,,O7_typo,0.2
D1_00206__O7_typo_30,G_00205,en,E3_obfuscated,0,0.0006860638968646526,0,D1_00206,,O7_typo,0.3
D1_00206__O5_base64_100,G_00205,en,E3_obfuscated,0,0.9992176294326782,1,D1_00206,,O5_base64,1.0
D1_00211__O1_leetspeak_10,G_00210,other,E3_obfuscated,0,0.00045386404963210225,0,D1_00211,,O1_leetspeak,0.1
D1_00211__O1_leetspeak_20,G_00210,other,E3_obfuscated,0,0.0005031847395002842,0,D1_00211,,O1_leetspeak,0.2
D1_00211__O1_leetspeak_30,G_00210,other,E3_obfuscated,0,0.16314536333084106,0,D1_00211,,O1_leetspeak,0.3
D1_00211__O2_char_spacing_10,G_00210,other,E3_obfuscated,0,0.9987232089042664,1,D1_00211,,O2_char_spacing,0.1
D1_00211__O2_char_spacing_20,G_00210,other,E3_obfuscated,0,0.9975403547286987,1,D1_00211,,O2_char_spacing,0.2
D1_00211__O2_char_spacing_30,G_00210,other,E3_obfuscated,0,0.9989840388298035,1,D1_00211,,O2_char_spacing,0.3
D1_00211__O3_zero_width_10,G_00210,other,E3_obfuscated,0,0.0009290688904002309,0,D1_00211,,O3_zero_width,0.1
D1_00211__O3_zero_width_20,G_00210,other,E3_obfuscated,0,0.05860353633761406,0,D1_00211,,O3_zero_width,0.2
D1_00211__O3_zero_width_30,G_00210,other,E3_obfuscated,0,0.9951356053352356,1,D1_00211,,O3_zero_width,0.3
D1_00211__O4_homoglyph_10,G_00210,other,E3_obfuscated,0,0.00046463985927402973,0,D1_00211,,O4_homoglyph,0.1
D1_00211__O4_homoglyph_20,G_00210,other,E3_obfuscated,0,0.0006476278649643064,0,D1_00211,,O4_homoglyph,0.2
D1_00211__O4_homoglyph_30,G_00210,other,E3_obfuscated,0,0.9975882768630981,1,D1_00211,,O4_homoglyph,0.3
D1_00211__O6_random_case_10,G_00210,other,E3_obfuscated,0,0.7316789627075195,1,D1_00211,,O6_random_case,0.1
D1_00211__O6_random_case_20,G_00210,other,E3_obfuscated,0,0.0028392828535288572,0,D1_00211,,O6_random_case,0.2
D1_00211__O6_random_case_30,G_00210,other,E3_obfuscated,0,0.9985930323600769,1,D1_00211,,O6_random_case,0.3
D1_00211__O7_typo_10,G_00210,other,E3_obfuscated,0,0.00043178253690712154,0,D1_00211,,O7_typo,0.1
D1_00211__O7_typo_20,G_00210,other,E3_obfuscated,0,0.00043761817505583167,0,D1_00211,,O7_typo,0.2
D1_00211__O7_typo_30,G_00210,other,E3_obfuscated,0,0.0005057416274212301,0,D1_00211,,O7_typo,0.3
D1_00211__O5_base64_100,G_00210,other,E3_obfuscated,0,0.9991820454597473,1,D1_00211,,O5_base64,1.0
D1_00212__O1_leetspeak_10,G_00211,other,E3_obfuscated,0,0.9976474642753601,1,D1_00212,,O1_leetspeak,0.1
D1_00212__O1_leetspeak_20,G_00211,other,E3_obfuscated,0,0.9987720847129822,1,D1_00212,,O1_leetspeak,0.2
D1_00212__O1_leetspeak_30,G_00211,other,E3_obfuscated,0,0.9992272853851318,1,D1_00212,,O1_leetspeak,0.3
D1_00212__O2_char_spacing_10,G_00211,other,E3_obfuscated,0,0.998362123966217,1,D1_00212,,O2_char_spacing,0.1
D1_00212__O2_char_spacing_20,G_00211,other,E3_obfuscated,0,0.9991505146026611,1,D1_00212,,O2_char_spacing,0.2
D1_00212__O2_char_spacing_30,G_00211,other,E3_obfuscated,0,0.9990941286087036,1,D1_00212,,O2_char_spacing,0.3
D1_00212__O3_zero_width_10,G_00211,other,E3_obfuscated,0,0.9973390698432922,1,D1_00212,,O3_zero_width,0.1
D1_00212__O3_zero_width_20,G_00211,other,E3_obfuscated,0,0.9991579055786133,1,D1_00212,,O3_zero_width,0.2
D1_00212__O3_zero_width_30,G_00211,other,E3_obfuscated,0,0.9990023970603943,1,D1_00212,,O3_zero_width,0.3
D1_00212__O4_homoglyph_10,G_00211,other,E3_obfuscated,0,0.9938574433326721,1,D1_00212,,O4_homoglyph,0.1
D1_00212__O4_homoglyph_20,G_00211,other,E3_obfuscated,0,0.9988808035850525,1,D1_00212,,O4_homoglyph,0.2
D1_00212__O4_homoglyph_30,G_00211,other,E3_obfuscated,0,0.998997151851654,1,D1_00212,,O4_homoglyph,0.3
D1_00212__O6_random_case_10,G_00211,other,E3_obfuscated,0,0.9991363883018494,1,D1_00212,,O6_random_case,0.1
D1_00212__O6_random_case_20,G_00211,other,E3_obfuscated,0,0.9991790652275085,1,D1_00212,,O6_random_case,0.2
D1_00212__O6_random_case_30,G_00211,other,E3_obfuscated,0,0.9991401433944702,1,D1_00212,,O6_random_case,0.3
D1_00212__O7_typo_10,G_00211,other,E3_obfuscated,0,0.0034160776995122433,0,D1_00212,,O7_typo,0.1
D1_00212__O7_typo_20,G_00211,other,E3_obfuscated,0,0.0019762099254876375,0,D1_00212,,O7_typo,0.2
D1_00212__O7_typo_30,G_00211,other,E3_obfuscated,0,0.0025607713032513857,0,D1_00212,,O7_typo,0.3
D1_00212__O5_base64_100,G_00211,other,E3_obfuscated,0,0.9991191029548645,1,D1_00212,,O5_base64,1.0
D1_00220__O1_leetspeak_10,G_00219,other,E3_obfuscated,0,0.9982477426528931,1,D1_00220,,O1_leetspeak,0.1
D1_00220__O1_leetspeak_20,G_00219,other,E3_obfuscated,0,0.9984530210494995,1,D1_00220,,O1_leetspeak,0.2
D1_00220__O1_leetspeak_30,G_00219,other,E3_obfuscated,0,0.9990934133529663,1,D1_00220,,O1_leetspeak,0.3
D1_00220__O2_char_spacing_10,G_00219,other,E3_obfuscated,0,0.9983977675437927,1,D1_00220,,O2_char_spacing,0.1
D1_00220__O2_char_spacing_20,G_00219,other,E3_obfuscated,0,0.999171257019043,1,D1_00220,,O2_char_spacing,0.2
D1_00220__O2_char_spacing_30,G_00219,other,E3_obfuscated,0,0.9992554783821106,1,D1_00220,,O2_char_spacing,0.3
D1_00220__O3_zero_width_10,G_00219,other,E3_obfuscated,0,0.998083233833313,1,D1_00220,,O3_zero_width,0.1
D1_00220__O3_zero_width_20,G_00219,other,E3_obfuscated,0,0.9990231990814209,1,D1_00220,,O3_zero_width,0.2
D1_00220__O3_zero_width_30,G_00219,other,E3_obfuscated,0,0.9991512298583984,1,D1_00220,,O3_zero_width,0.3
D1_00220__O4_homoglyph_10,G_00219,other,E3_obfuscated,0,0.9965298771858215,1,D1_00220,,O4_homoglyph,0.1
D1_00220__O4_homoglyph_20,G_00219,other,E3_obfuscated,0,0.9959281086921692,1,D1_00220,,O4_homoglyph,0.2
D1_00220__O4_homoglyph_30,G_00219,other,E3_obfuscated,0,0.998944103717804,1,D1_00220,,O4_homoglyph,0.3
D1_00220__O6_random_case_10,G_00219,other,E3_obfuscated,0,0.9990125894546509,1,D1_00220,,O6_random_case,0.1
D1_00220__O6_random_case_20,G_00219,other,E3_obfuscated,0,0.9991897940635681,1,D1_00220,,O6_random_case,0.2
D1_00220__O6_random_case_30,G_00219,other,E3_obfuscated,0,0.9990805387496948,1,D1_00220,,O6_random_case,0.3
D1_00220__O7_typo_10,G_00219,other,E3_obfuscated,0,0.0013542745728045702,0,D1_00220,,O7_typo,0.1
D1_00220__O7_typo_20,G_00219,other,E3_obfuscated,0,0.0014669661177322268,0,D1_00220,,O7_typo,0.2
D1_00220__O7_typo_30,G_00219,other,E3_obfuscated,0,0.016863640397787094,0,D1_00220,,O7_typo,0.3
D1_00220__O5_base64_100,G_00219,other,E3_obfuscated,0,0.9991067051887512,1,D1_00220,,O5_base64,1.0
D1_00222__O1_leetspeak_10,G_00221,other,E3_obfuscated,0,0.0004461781936697662,0,D1_00222,,O1_leetspeak,0.1
D1_00222__O1_leetspeak_20,G_00221,other,E3_obfuscated,0,0.000459393544588238,0,D1_00222,,O1_leetspeak,0.2
D1_00222__O1_leetspeak_30,G_00221,other,E3_obfuscated,0,0.0007784152985550463,0,D1_00222,,O1_leetspeak,0.3
D1_00222__O2_char_spacing_10,G_00221,other,E3_obfuscated,0,0.6013202667236328,1,D1_00222,,O2_char_spacing,0.1
D1_00222__O2_char_spacing_20,G_00221,other,E3_obfuscated,0,0.9631355404853821,1,D1_00222,,O2_char_spacing,0.2
D1_00222__O2_char_spacing_30,G_00221,other,E3_obfuscated,0,0.9631355404853821,1,D1_00222,,O2_char_spacing,0.3
D1_00222__O3_zero_width_10,G_00221,other,E3_obfuscated,0,0.995705783367157,1,D1_00222,,O3_zero_width,0.1
D1_00222__O3_zero_width_20,G_00221,other,E3_obfuscated,0,0.05623214319348335,0,D1_00222,,O3_zero_width,0.2
D1_00222__O3_zero_width_30,G_00221,other,E3_obfuscated,0,0.9971152544021606,1,D1_00222,,O3_zero_width,0.3
D1_00222__O4_homoglyph_10,G_00221,other,E3_obfuscated,0,0.0006112191476859152,0,D1_00222,,O4_homoglyph,0.1
D1_00222__O4_homoglyph_20,G_00221,other,E3_obfuscated,0,0.00046013458631932735,0,D1_00222,,O4_homoglyph,0.2
D1_00222__O4_homoglyph_30,G_00221,other,E3_obfuscated,0,0.6877327561378479,1,D1_00222,,O4_homoglyph,0.3
D1_00222__O6_random_case_10,G_00221,other,E3_obfuscated,0,0.0037276220973581076,0,D1_00222,,O6_random_case,0.1
D1_00222__O6_random_case_20,G_00221,other,E3_obfuscated,0,0.00043590684072114527,0,D1_00222,,O6_random_case,0.2
D1_00222__O6_random_case_30,G_00221,other,E3_obfuscated,0,0.002555713290348649,0,D1_00222,,O6_random_case,0.3
D1_00222__O7_typo_10,G_00221,other,E3_obfuscated,0,0.0004397548327688128,0,D1_00222,,O7_typo,0.1
D1_00222__O7_typo_20,G_00221,other,E3_obfuscated,0,0.000438570132246241,0,D1_00222,,O7_typo,0.2
D1_00222__O7_typo_30,G_00221,other,E3_obfuscated,0,0.000438570132246241,0,D1_00222,,O7_typo,0.3
D1_00222__O5_base64_100,G_00221,other,E3_obfuscated,0,0.9991706609725952,1,D1_00222,,O5_base64,1.0
D1_00233__O1_leetspeak_10,G_00232,other,E3_obfuscated,0,0.0011626153718680143,0,D1_00233,,O1_leetspeak,0.1
D1_00233__O1_leetspeak_20,G_00232,other,E3_obfuscated,0,0.04106583073735237,0,D1_00233,,O1_leetspeak,0.2
D1_00233__O1_leetspeak_30,G_00232,other,E3_obfuscated,0,0.9991694688796997,1,D1_00233,,O1_leetspeak,0.3
D1_00233__O2_char_spacing_10,G_00232,other,E3_obfuscated,0,0.005938237067312002,0,D1_00233,,O2_char_spacing,0.1
D1_00233__O2_char_spacing_20,G_00232,other,E3_obfuscated,0,0.9990379810333252,1,D1_00233,,O2_char_spacing,0.2
D1_00233__O2_char_spacing_30,G_00232,other,E3_obfuscated,0,0.9988186955451965,1,D1_00233,,O2_char_spacing,0.3
D1_00233__O3_zero_width_10,G_00232,other,E3_obfuscated,0,0.0033085832837969065,0,D1_00233,,O3_zero_width,0.1
D1_00233__O3_zero_width_20,G_00232,other,E3_obfuscated,0,0.9990430474281311,1,D1_00233,,O3_zero_width,0.2
D1_00233__O3_zero_width_30,G_00232,other,E3_obfuscated,0,0.9991288781166077,1,D1_00233,,O3_zero_width,0.3
D1_00233__O4_homoglyph_10,G_00232,other,E3_obfuscated,0,0.0014628906501457095,0,D1_00233,,O4_homoglyph,0.1
D1_00233__O4_homoglyph_20,G_00232,other,E3_obfuscated,0,0.9285494089126587,1,D1_00233,,O4_homoglyph,0.2
D1_00233__O4_homoglyph_30,G_00232,other,E3_obfuscated,0,0.998354434967041,1,D1_00233,,O4_homoglyph,0.3
D1_00233__O6_random_case_10,G_00232,other,E3_obfuscated,0,0.9971262812614441,1,D1_00233,,O6_random_case,0.1
D1_00233__O6_random_case_20,G_00232,other,E3_obfuscated,0,0.9992294311523438,1,D1_00233,,O6_random_case,0.2
D1_00233__O6_random_case_30,G_00232,other,E3_obfuscated,0,0.9991900324821472,1,D1_00233,,O6_random_case,0.3
D1_00233__O7_typo_10,G_00232,other,E3_obfuscated,0,0.0004356048011686653,0,D1_00233,,O7_typo,0.1
D1_00233__O7_typo_20,G_00232,other,E3_obfuscated,0,0.00043441011803224683,0,D1_00233,,O7_typo,0.2
D1_00233__O7_typo_30,G_00232,other,E3_obfuscated,0,0.00044530245941132307,0,D1_00233,,O7_typo,0.3
D1_00233__O5_base64_100,G_00232,other,E3_obfuscated,0,0.9992024302482605,1,D1_00233,,O5_base64,1.0
D1_00249__O1_leetspeak_10,G_00248,other,E3_obfuscated,0,0.00044826880912296474,0,D1_00249,,O1_leetspeak,0.1
D1_00249__O1_leetspeak_20,G_00248,other,E3_obfuscated,0,0.0006560526671819389,0,D1_00249,,O1_leetspeak,0.2
D1_00249__O1_leetspeak_30,G_00248,other,E3_obfuscated,0,0.0035799099132418633,0,D1_00249,,O1_leetspeak,0.3
D1_00249__O2_char_spacing_10,G_00248,other,E3_obfuscated,0,0.0008630171651020646,0,D1_00249,,O2_char_spacing,0.1
D1_00249__O2_char_spacing_20,G_00248,other,E3_obfuscated,0,0.014734641648828983,0,D1_00249,,O2_char_spacing,0.2
D1_00249__O2_char_spacing_30,G_00248,other,E3_obfuscated,0,0.9990921020507812,1,D1_00249,,O2_char_spacing,0.3
D1_00249__O3_zero_width_10,G_00248,other,E3_obfuscated,0,0.0019729433115571737,0,D1_00249,,O3_zero_width,0.1
D1_00249__O3_zero_width_20,G_00248,other,E3_obfuscated,0,0.010659217834472656,0,D1_00249,,O3_zero_width,0.2
D1_00249__O3_zero_width_30,G_00248,other,E3_obfuscated,0,0.9989970326423645,1,D1_00249,,O3_zero_width,0.3
D1_00249__O4_homoglyph_10,G_00248,other,E3_obfuscated,0,0.0004375270218588412,0,D1_00249,,O4_homoglyph,0.1
D1_00249__O4_homoglyph_20,G_00248,other,E3_obfuscated,0,0.0004927855916321278,0,D1_00249,,O4_homoglyph,0.2
D1_00249__O4_homoglyph_30,G_00248,other,E3_obfuscated,0,0.002823739079758525,0,D1_00249,,O4_homoglyph,0.3
D1_00249__O6_random_case_10,G_00248,other,E3_obfuscated,0,0.0005719229229725897,0,D1_00249,,O6_random_case,0.1
D1_00249__O6_random_case_20,G_00248,other,E3_obfuscated,0,0.9990819692611694,1,D1_00249,,O6_random_case,0.2
D1_00249__O6_random_case_30,G_00248,other,E3_obfuscated,0,0.9990859031677246,1,D1_00249,,O6_random_case,0.3
D1_00249__O7_typo_10,G_00248,other,E3_obfuscated,0,0.00044072006130591035,0,D1_00249,,O7_typo,0.1
D1_00249__O7_typo_20,G_00248,other,E3_obfuscated,0,0.000445477751782164,0,D1_00249,,O7_typo,0.2
D1_00249__O7_typo_30,G_00248,other,E3_obfuscated,0,0.000450153776910156,0,D1_00249,,O7_typo,0.3
D1_00249__O5_base64_100,G_00248,other,E3_obfuscated,0,0.9992164373397827,1,D1_00249,,O5_base64,1.0
D1_00251__O1_leetspeak_10,G_00250,other,E3_obfuscated,1,0.9992940425872803,1,D1_00251,,O1_leetspeak,0.1
D1_00251__O1_leetspeak_20,G_00250,other,E3_obfuscated,1,0.9992868304252625,1,D1_00251,,O1_leetspeak,0.2
D1_00251__O1_leetspeak_30,G_00250,other,E3_obfuscated,1,0.999277651309967,1,D1_00251,,O1_leetspeak,0.3
D1_00251__O2_char_spacing_10,G_00250,other,E3_obfuscated,1,0.999299168586731,1,D1_00251,,O2_char_spacing,0.1
D1_00251__O2_char_spacing_20,G_00250,other,E3_obfuscated,1,0.9993484616279602,1,D1_00251,,O2_char_spacing,0.2
D1_00251__O2_char_spacing_30,G_00250,other,E3_obfuscated,1,0.9993094205856323,1,D1_00251,,O2_char_spacing,0.3
D1_00251__O3_zero_width_10,G_00250,other,E3_obfuscated,1,0.9993065595626831,1,D1_00251,,O3_zero_width,0.1
D1_00251__O3_zero_width_20,G_00250,other,E3_obfuscated,1,0.9992954730987549,1,D1_00251,,O3_zero_width,0.2
D1_00251__O3_zero_width_30,G_00250,other,E3_obfuscated,1,0.999250590801239,1,D1_00251,,O3_zero_width,0.3
D1_00251__O4_homoglyph_10,G_00250,other,E3_obfuscated,1,0.999344527721405,1,D1_00251,,O4_homoglyph,0.1
D1_00251__O4_homoglyph_20,G_00250,other,E3_obfuscated,1,0.9992951154708862,1,D1_00251,,O4_homoglyph,0.2
D1_00251__O4_homoglyph_30,G_00250,other,E3_obfuscated,1,0.9992840886116028,1,D1_00251,,O4_homoglyph,0.3
D1_00251__O6_random_case_10,G_00250,other,E3_obfuscated,1,0.9992971420288086,1,D1_00251,,O6_random_case,0.1
D1_00251__O6_random_case_20,G_00250,other,E3_obfuscated,1,0.999219536781311,1,D1_00251,,O6_random_case,0.2
D1_00251__O6_random_case_30,G_00250,other,E3_obfuscated,1,0.9991094470024109,1,D1_00251,,O6_random_case,0.3
D1_00251__O7_typo_10,G_00250,other,E3_obfuscated,1,0.9992589354515076,1,D1_00251,,O7_typo,0.1
D1_00251__O7_typo_20,G_00250,other,E3_obfuscated,1,0.9992445707321167,1,D1_00251,,O7_typo,0.2
D1_00251__O7_typo_30,G_00250,other,E3_obfuscated,1,0.9992365837097168,1,D1_00251,,O7_typo,0.3
D1_00251__O5_base64_100,G_00250,other,E3_obfuscated,1,0.9990373849868774,1,D1_00251,,O5_base64,1.0
D1_00259__O1_leetspeak_10,G_00258,other,E3_obfuscated,1,0.9992915391921997,1,D1_00259,,O1_leetspeak,0.1
D1_00259__O1_leetspeak_20,G_00258,other,E3_obfuscated,1,0.9992984533309937,1,D1_00259,,O1_leetspeak,0.2
D1_00259__O1_leetspeak_30,G_00258,other,E3_obfuscated,1,0.9992550015449524,1,D1_00259,,O1_leetspeak,0.3
D1_00259__O2_char_spacing_10,G_00258,other,E3_obfuscated,1,0.9992497563362122,1,D1_00259,,O2_char_spacing,0.1
D1_00259__O2_char_spacing_20,G_00258,other,E3_obfuscated,1,0.9993391633033752,1,D1_00259,,O2_char_spacing,0.2
D1_00259__O2_char_spacing_30,G_00258,other,E3_obfuscated,1,0.9993312358856201,1,D1_00259,,O2_char_spacing,0.3
D1_00259__O3_zero_width_10,G_00258,other,E3_obfuscated,1,0.9992874264717102,1,D1_00259,,O3_zero_width,0.1
D1_00259__O3_zero_width_20,G_00258,other,E3_obfuscated,1,0.9992325305938721,1,D1_00259,,O3_zero_width,0.2
D1_00259__O3_zero_width_30,G_00258,other,E3_obfuscated,1,0.9992504715919495,1,D1_00259,,O3_zero_width,0.3
D1_00259__O4_homoglyph_10,G_00258,other,E3_obfuscated,1,0.9992986917495728,1,D1_00259,,O4_homoglyph,0.1
D1_00259__O4_homoglyph_20,G_00258,other,E3_obfuscated,1,0.9992794394493103,1,D1_00259,,O4_homoglyph,0.2
D1_00259__O4_homoglyph_30,G_00258,other,E3_obfuscated,1,0.999265730381012,1,D1_00259,,O4_homoglyph,0.3
D1_00259__O6_random_case_10,G_00258,other,E3_obfuscated,1,0.9991673231124878,1,D1_00259,,O6_random_case,0.1
D1_00259__O6_random_case_20,G_00258,other,E3_obfuscated,1,0.999247670173645,1,D1_00259,,O6_random_case,0.2
D1_00259__O6_random_case_30,G_00258,other,E3_obfuscated,1,0.9990928173065186,1,D1_00259,,O6_random_case,0.3
D1_00259__O7_typo_10,G_00258,other,E3_obfuscated,1,0.9991821646690369,1,D1_00259,,O7_typo,0.1
D1_00259__O7_typo_20,G_00258,other,E3_obfuscated,1,0.9992231130599976,1,D1_00259,,O7_typo,0.2
D1_00259__O7_typo_30,G_00258,other,E3_obfuscated,1,0.9992270469665527,1,D1_00259,,O7_typo,0.3
D1_00259__O5_base64_100,G_00258,other,E3_obfuscated,1,0.9990732669830322,1,D1_00259,,O5_base64,1.0
D1_00266__O1_leetspeak_10,G_00265,other,E3_obfuscated,0,0.0005948531907051802,0,D1_00266,,O1_leetspeak,0.1
D1_00266__O1_leetspeak_20,G_00265,other,E3_obfuscated,0,0.9979433417320251,1,D1_00266,,O1_leetspeak,0.2
D1_00266__O1_leetspeak_30,G_00265,other,E3_obfuscated,0,0.9990780353546143,1,D1_00266,,O1_leetspeak,0.3
D1_00266__O2_char_spacing_10,G_00265,other,E3_obfuscated,0,0.985791802406311,1,D1_00266,,O2_char_spacing,0.1
D1_00266__O2_char_spacing_20,G_00265,other,E3_obfuscated,0,0.9980402588844299,1,D1_00266,,O2_char_spacing,0.2
D1_00266__O2_char_spacing_30,G_00265,other,E3_obfuscated,0,0.9988905787467957,1,D1_00266,,O2_char_spacing,0.3
D1_00266__O3_zero_width_10,G_00265,other,E3_obfuscated,0,0.9635273814201355,1,D1_00266,,O3_zero_width,0.1
D1_00266__O3_zero_width_20,G_00265,other,E3_obfuscated,0,0.9822814464569092,1,D1_00266,,O3_zero_width,0.2
D1_00266__O3_zero_width_30,G_00265,other,E3_obfuscated,0,0.9991727471351624,1,D1_00266,,O3_zero_width,0.3
D1_00266__O4_homoglyph_10,G_00265,other,E3_obfuscated,0,0.09805815666913986,0,D1_00266,,O4_homoglyph,0.1
D1_00266__O4_homoglyph_20,G_00265,other,E3_obfuscated,0,0.3407456576824188,1,D1_00266,,O4_homoglyph,0.2
D1_00266__O4_homoglyph_30,G_00265,other,E3_obfuscated,0,0.6681649088859558,1,D1_00266,,O4_homoglyph,0.3
D1_00266__O6_random_case_10,G_00265,other,E3_obfuscated,0,0.009563636034727097,0,D1_00266,,O6_random_case,0.1
D1_00266__O6_random_case_20,G_00265,other,E3_obfuscated,0,0.9992675185203552,1,D1_00266,,O6_random_case,0.2
D1_00266__O6_random_case_30,G_00265,other,E3_obfuscated,0,0.9991708993911743,1,D1_00266,,O6_random_case,0.3
D1_00266__O7_typo_10,G_00265,other,E3_obfuscated,0,0.00043049099622294307,0,D1_00266,,O7_typo,0.1
D1_00266__O7_typo_20,G_00265,other,E3_obfuscated,0,0.00045331401634030044,0,D1_00266,,O7_typo,0.2
D1_00266__O7_typo_30,G_00265,other,E3_obfuscated,0,0.00044385308865457773,0,D1_00266,,O7_typo,0.3
D1_00266__O5_base64_100,G_00265,other,E3_obfuscated,0,0.9991528987884521,1,D1_00266,,O5_base64,1.0
D1_00267__O1_leetspeak_10,G_00266,other,E3_obfuscated,1,0.9992904663085938,1,D1_00267,,O1_leetspeak,0.1
D1_00267__O1_leetspeak_20,G_00266,other,E3_obfuscated,1,0.999197781085968,1,D1_00267,,O1_leetspeak,0.2
D1_00267__O1_leetspeak_30,G_00266,other,E3_obfuscated,1,0.9991657733917236,1,D1_00267,,O1_leetspeak,0.3
D1_00267__O2_char_spacing_10,G_00266,other,E3_obfuscated,1,0.999201238155365,1,D1_00267,,O2_char_spacing,0.1
D1_00267__O2_char_spacing_20,G_00266,other,E3_obfuscated,1,0.9992400407791138,1,D1_00267,,O2_char_spacing,0.2
D1_00267__O2_char_spacing_30,G_00266,other,E3_obfuscated,1,0.999220609664917,1,D1_00267,,O2_char_spacing,0.3
D1_00267__O3_zero_width_10,G_00266,other,E3_obfuscated,1,0.9991987347602844,1,D1_00267,,O3_zero_width,0.1
D1_00267__O3_zero_width_20,G_00266,other,E3_obfuscated,1,0.9991300702095032,1,D1_00267,,O3_zero_width,0.2
D1_00267__O3_zero_width_30,G_00266,other,E3_obfuscated,1,0.9991018772125244,1,D1_00267,,O3_zero_width,0.3
D1_00267__O4_homoglyph_10,G_00266,other,E3_obfuscated,1,0.999235987663269,1,D1_00267,,O4_homoglyph,0.1
D1_00267__O4_homoglyph_20,G_00266,other,E3_obfuscated,1,0.9992268085479736,1,D1_00267,,O4_homoglyph,0.2
D1_00267__O4_homoglyph_30,G_00266,other,E3_obfuscated,1,0.9991494417190552,1,D1_00267,,O4_homoglyph,0.3
D1_00267__O6_random_case_10,G_00266,other,E3_obfuscated,1,0.9992141723632812,1,D1_00267,,O6_random_case,0.1
D1_00267__O6_random_case_20,G_00266,other,E3_obfuscated,1,0.9991419315338135,1,D1_00267,,O6_random_case,0.2
D1_00267__O6_random_case_30,G_00266,other,E3_obfuscated,1,0.9990315437316895,1,D1_00267,,O6_random_case,0.3
D1_00267__O7_typo_10,G_00266,other,E3_obfuscated,1,0.9991135001182556,1,D1_00267,,O7_typo,0.1
D1_00267__O7_typo_20,G_00266,other,E3_obfuscated,1,0.9991016387939453,1,D1_00267,,O7_typo,0.2
D1_00267__O7_typo_30,G_00266,other,E3_obfuscated,1,0.9990214109420776,1,D1_00267,,O7_typo,0.3
D1_00267__O5_base64_100,G_00266,other,E3_obfuscated,1,0.999202311038971,1,D1_00267,,O5_base64,1.0
D1_00273__O1_leetspeak_10,G_00272,other,E3_obfuscated,0,0.9949588179588318,1,D1_00273,,O1_leetspeak,0.1
D1_00273__O1_leetspeak_20,G_00272,other,E3_obfuscated,0,0.0005561570287682116,0,D1_00273,,O1_leetspeak,0.2
D1_00273__O1_leetspeak_30,G_00272,other,E3_obfuscated,0,0.9976673722267151,1,D1_00273,,O1_leetspeak,0.3
D1_00273__O2_char_spacing_10,G_00272,other,E3_obfuscated,0,0.9983987212181091,1,D1_00273,,O2_char_spacing,0.1
D1_00273__O2_char_spacing_20,G_00272,other,E3_obfuscated,0,0.9983987212181091,1,D1_00273,,O2_char_spacing,0.2
D1_00273__O2_char_spacing_30,G_00272,other,E3_obfuscated,0,0.998102605342865,1,D1_00273,,O2_char_spacing,0.3
D1_00273__O3_zero_width_10,G_00272,other,E3_obfuscated,0,0.9986984729766846,1,D1_00273,,O3_zero_width,0.1
D1_00273__O3_zero_width_20,G_00272,other,E3_obfuscated,0,0.9987672567367554,1,D1_00273,,O3_zero_width,0.2
D1_00273__O3_zero_width_30,G_00272,other,E3_obfuscated,0,0.9990476965904236,1,D1_00273,,O3_zero_width,0.3
D1_00273__O4_homoglyph_10,G_00272,other,E3_obfuscated,0,0.0005608635838143528,0,D1_00273,,O4_homoglyph,0.1
D1_00273__O4_homoglyph_20,G_00272,other,E3_obfuscated,0,0.0038337637670338154,0,D1_00273,,O4_homoglyph,0.2
D1_00273__O4_homoglyph_30,G_00272,other,E3_obfuscated,0,0.004780768416821957,0,D1_00273,,O4_homoglyph,0.3
D1_00273__O6_random_case_10,G_00272,other,E3_obfuscated,0,0.0006690956652164459,0,D1_00273,,O6_random_case,0.1
D1_00273__O6_random_case_20,G_00272,other,E3_obfuscated,0,0.9989956021308899,1,D1_00273,,O6_random_case,0.2
D1_00273__O6_random_case_30,G_00272,other,E3_obfuscated,0,0.999091386795044,1,D1_00273,,O6_random_case,0.3
D1_00273__O7_typo_10,G_00272,other,E3_obfuscated,0,0.002905244240537286,0,D1_00273,,O7_typo,0.1
D1_00273__O7_typo_20,G_00272,other,E3_obfuscated,0,0.0006952476687729359,0,D1_00273,,O7_typo,0.2
D1_00273__O7_typo_30,G_00272,other,E3_obfuscated,0,0.0005090900231152773,0,D1_00273,,O7_typo,0.3
D1_00273__O5_base64_100,G_00272,other,E3_obfuscated,0,0.9992260932922363,1,D1_00273,,O5_base64,1.0
D1_00279__O1_leetspeak_10,G_00278,other,E3_obfuscated,0,0.0005354387103579938,0,D1_00279,,O1_leetspeak,0.1
D1_00279__O1_leetspeak_20,G_00278,other,E3_obfuscated,0,0.9825477004051208,1,D1_00279,,O1_leetspeak,0.2
D1_00279__O1_leetspeak_30,G_00278,other,E3_obfuscated,0,0.9983419179916382,1,D1_00279,,O1_leetspeak,0.3
D1_00279__O2_char_spacing_10,G_00278,other,E3_obfuscated,0,0.9918501973152161,1,D1_00279,,O2_char_spacing,0.1
D1_00279__O2_char_spacing_20,G_00278,other,E3_obfuscated,0,0.9971776008605957,1,D1_00279,,O2_char_spacing,0.2
D1_00279__O2_char_spacing_30,G_00278,other,E3_obfuscated,0,0.999065101146698,1,D1_00279,,O2_char_spacing,0.3
D1_00279__O3_zero_width_10,G_00278,other,E3_obfuscated,0,0.005856156814843416,0,D1_00279,,O3_zero_width,0.1
D1_00279__O3_zero_width_20,G_00278,other,E3_obfuscated,0,0.9947728514671326,1,D1_00279,,O3_zero_width,0.2
D1_00279__O3_zero_width_30,G_00278,other,E3_obfuscated,0,0.9991752505302429,1,D1_00279,,O3_zero_width,0.3
D1_00279__O4_homoglyph_10,G_00278,other,E3_obfuscated,0,0.9017396569252014,1,D1_00279,,O4_homoglyph,0.1
D1_00279__O4_homoglyph_20,G_00278,other,E3_obfuscated,0,0.002448249841108918,0,D1_00279,,O4_homoglyph,0.2
D1_00279__O4_homoglyph_30,G_00278,other,E3_obfuscated,0,0.95554518699646,1,D1_00279,,O4_homoglyph,0.3
D1_00279__O6_random_case_10,G_00278,other,E3_obfuscated,0,0.0005835910560563207,0,D1_00279,,O6_random_case,0.1
D1_00279__O6_random_case_20,G_00278,other,E3_obfuscated,0,0.9990552067756653,1,D1_00279,,O6_random_case,0.2
D1_00279__O6_random_case_30,G_00278,other,E3_obfuscated,0,0.9991738200187683,1,D1_00279,,O6_random_case,0.3
D1_00279__O7_typo_10,G_00278,other,E3_obfuscated,0,0.0005114172818139195,0,D1_00279,,O7_typo,0.1
D1_00279__O7_typo_20,G_00278,other,E3_obfuscated,0,0.000490377307869494,0,D1_00279,,O7_typo,0.2
D1_00279__O7_typo_30,G_00278,other,E3_obfuscated,0,0.00048084143782034516,0,D1_00279,,O7_typo,0.3
D1_00279__O5_base64_100,G_00278,other,E3_obfuscated,0,0.9992014765739441,1,D1_00279,,O5_base64,1.0
D1_00283__O1_leetspeak_10,G_00282,other,E3_obfuscated,0,0.0006191939464770257,0,D1_00283,,O1_leetspeak,0.1
D1_00283__O1_leetspeak_20,G_00282,other,E3_obfuscated,0,0.06770291924476624,0,D1_00283,,O1_leetspeak,0.2
D1_00283__O1_leetspeak_30,G_00282,other,E3_obfuscated,0,0.8704955577850342,1,D1_00283,,O1_leetspeak,0.3
D1_00283__O2_char_spacing_10,G_00282,other,E3_obfuscated,0,0.0004772418469656259,0,D1_00283,,O2_char_spacing,0.1
D1_00283__O2_char_spacing_20,G_00282,other,E3_obfuscated,0,0.0004772418469656259,0,D1_00283,,O2_char_spacing,0.2
D1_00283__O2_char_spacing_30,G_00282,other,E3_obfuscated,0,0.0004772418469656259,0,D1_00283,,O2_char_spacing,0.3
D1_00283__O3_zero_width_10,G_00282,other,E3_obfuscated,0,0.0035855320747941732,0,D1_00283,,O3_zero_width,0.1
D1_00283__O3_zero_width_20,G_00282,other,E3_obfuscated,0,0.0009133766288869083,0,D1_00283,,O3_zero_width,0.2
D1_00283__O3_zero_width_30,G_00282,other,E3_obfuscated,0,0.0010094201425090432,0,D1_00283,,O3_zero_width,0.3
D1_00283__O4_homoglyph_10,G_00282,other,E3_obfuscated,0,0.0005199032020755112,0,D1_00283,,O4_homoglyph,0.1
D1_00283__O4_homoglyph_20,G_00282,other,E3_obfuscated,0,0.0005753441946581006,0,D1_00283,,O4_homoglyph,0.2
D1_00283__O4_homoglyph_30,G_00282,other,E3_obfuscated,0,0.0005507415626198053,0,D1_00283,,O4_homoglyph,0.3
D1_00283__O6_random_case_10,G_00282,other,E3_obfuscated,0,0.00045333258458413184,0,D1_00283,,O6_random_case,0.1
D1_00283__O6_random_case_20,G_00282,other,E3_obfuscated,0,0.0006615218590013683,0,D1_00283,,O6_random_case,0.2
D1_00283__O6_random_case_30,G_00282,other,E3_obfuscated,0,0.0012479845900088549,0,D1_00283,,O6_random_case,0.3
D1_00283__O7_typo_10,G_00282,other,E3_obfuscated,0,0.0006180719356052577,0,D1_00283,,O7_typo,0.1
D1_00283__O7_typo_20,G_00282,other,E3_obfuscated,0,0.0004929962451569736,0,D1_00283,,O7_typo,0.2
D1_00283__O7_typo_30,G_00282,other,E3_obfuscated,0,0.0004582081164699048,0,D1_00283,,O7_typo,0.3
D1_00283__O5_base64_100,G_00282,other,E3_obfuscated,0,0.9990498423576355,1,D1_00283,,O5_base64,1.0
D1_00294__O1_leetspeak_10,G_00293,other,E3_obfuscated,0,0.0006301305838860571,0,D1_00294,,O1_leetspeak,0.1
D1_00294__O1_leetspeak_20,G_00293,other,E3_obfuscated,0,0.0008552109356969595,0,D1_00294,,O1_leetspeak,0.2
D1_00294__O1_leetspeak_30,G_00293,other,E3_obfuscated,0,0.9984375834465027,1,D1_00294,,O1_leetspeak,0.3
D1_00294__O2_char_spacing_10,G_00293,other,E3_obfuscated,0,0.997759222984314,1,D1_00294,,O2_char_spacing,0.1
D1_00294__O2_char_spacing_20,G_00293,other,E3_obfuscated,0,0.997759222984314,1,D1_00294,,O2_char_spacing,0.2
D1_00294__O2_char_spacing_30,G_00293,other,E3_obfuscated,0,0.9983320832252502,1,D1_00294,,O2_char_spacing,0.3
D1_00294__O3_zero_width_10,G_00293,other,E3_obfuscated,0,0.003314159344881773,0,D1_00294,,O3_zero_width,0.1
D1_00294__O3_zero_width_20,G_00293,other,E3_obfuscated,0,0.9954885840415955,1,D1_00294,,O3_zero_width,0.2
D1_00294__O3_zero_width_30,G_00293,other,E3_obfuscated,0,0.9987747073173523,1,D1_00294,,O3_zero_width,0.3
D1_00294__O4_homoglyph_10,G_00293,other,E3_obfuscated,0,0.0005965221207588911,0,D1_00294,,O4_homoglyph,0.1
D1_00294__O4_homoglyph_20,G_00293,other,E3_obfuscated,0,0.0006249627331271768,0,D1_00294,,O4_homoglyph,0.2
D1_00294__O4_homoglyph_30,G_00293,other,E3_obfuscated,0,0.0006408960907720029,0,D1_00294,,O4_homoglyph,0.3
D1_00294__O6_random_case_10,G_00293,other,E3_obfuscated,0,0.0023500737734138966,0,D1_00294,,O6_random_case,0.1
D1_00294__O6_random_case_20,G_00293,other,E3_obfuscated,0,0.001021845731884241,0,D1_00294,,O6_random_case,0.2
D1_00294__O6_random_case_30,G_00293,other,E3_obfuscated,0,0.9991268515586853,1,D1_00294,,O6_random_case,0.3
D1_00294__O7_typo_10,G_00293,other,E3_obfuscated,0,0.0005772999720647931,0,D1_00294,,O7_typo,0.1
D1_00294__O7_typo_20,G_00293,other,E3_obfuscated,0,0.0005391909508034587,0,D1_00294,,O7_typo,0.2
D1_00294__O7_typo_30,G_00293,other,E3_obfuscated,0,0.0005295610171742737,0,D1_00294,,O7_typo,0.3
D1_00294__O5_base64_100,G_00293,other,E3_obfuscated,0,0.9992262125015259,1,D1_00294,,O5_base64,1.0
D1_00300__O1_leetspeak_10,G_00299,other,E3_obfuscated,0,0.0005309954285621643,0,D1_00300,,O1_leetspeak,0.1
D1_00300__O1_leetspeak_20,G_00299,other,E3_obfuscated,0,0.9497688412666321,1,D1_00300,,O1_leetspeak,0.2
D1_00300__O1_leetspeak_30,G_00299,other,E3_obfuscated,0,0.0007839208119548857,0,D1_00300,,O1_leetspeak,0.3
D1_00300__O2_char_spacing_10,G_00299,other,E3_obfuscated,0,0.0022943594958633184,0,D1_00300,,O2_char_spacing,0.1
D1_00300__O2_char_spacing_20,G_00299,other,E3_obfuscated,0,0.0005115996464155614,0,D1_00300,,O2_char_spacing,0.2
D1_00300__O2_char_spacing_30,G_00299,other,E3_obfuscated,0,0.994279146194458,1,D1_00300,,O2_char_spacing,0.3
D1_00300__O3_zero_width_10,G_00299,other,E3_obfuscated,0,0.001143912086263299,0,D1_00300,,O3_zero_width,0.1
D1_00300__O3_zero_width_20,G_00299,other,E3_obfuscated,0,0.0011639677686616778,0,D1_00300,,O3_zero_width,0.2
D1_00300__O3_zero_width_30,G_00299,other,E3_obfuscated,0,0.8870159387588501,1,D1_00300,,O3_zero_width,0.3
D1_00300__O4_homoglyph_10,G_00299,other,E3_obfuscated,0,0.0004993415204808116,0,D1_00300,,O4_homoglyph,0.1
D1_00300__O4_homoglyph_20,G_00299,other,E3_obfuscated,0,0.0005038540111854672,0,D1_00300,,O4_homoglyph,0.2
D1_00300__O4_homoglyph_30,G_00299,other,E3_obfuscated,0,0.0005891377804800868,0,D1_00300,,O4_homoglyph,0.3
D1_00300__O6_random_case_10,G_00299,other,E3_obfuscated,0,0.00048450101166963577,0,D1_00300,,O6_random_case,0.1
D1_00300__O6_random_case_20,G_00299,other,E3_obfuscated,0,0.14285311102867126,0,D1_00300,,O6_random_case,0.2
D1_00300__O6_random_case_30,G_00299,other,E3_obfuscated,0,0.000808798591606319,0,D1_00300,,O6_random_case,0.3
D1_00300__O7_typo_10,G_00299,other,E3_obfuscated,0,0.0004664704028982669,0,D1_00300,,O7_typo,0.1
D1_00300__O7_typo_20,G_00299,other,E3_obfuscated,0,0.0004532824968919158,0,D1_00300,,O7_typo,0.2
D1_00300__O7_typo_30,G_00299,other,E3_obfuscated,0,0.0004664704028982669,0,D1_00300,,O7_typo,0.3
D1_00300__O5_base64_100,G_00299,other,E3_obfuscated,0,0.9991636276245117,1,D1_00300,,O5_base64,1.0
D1_00302__O1_leetspeak_10,G_00301,other,E3_obfuscated,0,0.9506699442863464,1,D1_00302,,O1_leetspeak,0.1
D1_00302__O1_leetspeak_20,G_00301,other,E3_obfuscated,0,0.9992538094520569,1,D1_00302,,O1_leetspeak,0.2
D1_00302__O1_leetspeak_30,G_00301,other,E3_obfuscated,0,0.9992955923080444,1,D1_00302,,O1_leetspeak,0.3
D1_00302__O2_char_spacing_10,G_00301,other,E3_obfuscated,0,0.9931222796440125,1,D1_00302,,O2_char_spacing,0.1
D1_00302__O2_char_spacing_20,G_00301,other,E3_obfuscated,0,0.9991728663444519,1,D1_00302,,O2_char_spacing,0.2
D1_00302__O2_char_spacing_30,G_00301,other,E3_obfuscated,0,0.9991625547409058,1,D1_00302,,O2_char_spacing,0.3
D1_00302__O3_zero_width_10,G_00301,other,E3_obfuscated,0,0.9986336827278137,1,D1_00302,,O3_zero_width,0.1
D1_00302__O3_zero_width_20,G_00301,other,E3_obfuscated,0,0.9989513158798218,1,D1_00302,,O3_zero_width,0.2
D1_00302__O3_zero_width_30,G_00301,other,E3_obfuscated,0,0.999065101146698,1,D1_00302,,O3_zero_width,0.3
D1_00302__O4_homoglyph_10,G_00301,other,E3_obfuscated,0,0.9955396056175232,1,D1_00302,,O4_homoglyph,0.1
D1_00302__O4_homoglyph_20,G_00301,other,E3_obfuscated,0,0.9989156723022461,1,D1_00302,,O4_homoglyph,0.2
D1_00302__O4_homoglyph_30,G_00301,other,E3_obfuscated,0,0.9992030262947083,1,D1_00302,,O4_homoglyph,0.3
D1_00302__O6_random_case_10,G_00301,other,E3_obfuscated,0,0.9991791844367981,1,D1_00302,,O6_random_case,0.1
D1_00302__O6_random_case_20,G_00301,other,E3_obfuscated,0,0.999090313911438,1,D1_00302,,O6_random_case,0.2
D1_00302__O6_random_case_30,G_00301,other,E3_obfuscated,0,0.9990023970603943,1,D1_00302,,O6_random_case,0.3
D1_00302__O7_typo_10,G_00301,other,E3_obfuscated,0,0.0008846560376696289,0,D1_00302,,O7_typo,0.1
D1_00302__O7_typo_20,G_00301,other,E3_obfuscated,0,0.0008486688602715731,0,D1_00302,,O7_typo,0.2
D1_00302__O7_typo_30,G_00301,other,E3_obfuscated,0,0.000896470679435879,0,D1_00302,,O7_typo,0.3
D1_00302__O5_base64_100,G_00301,other,E3_obfuscated,0,0.9990484118461609,1,D1_00302,,O5_base64,1.0
D1_00313__O1_leetspeak_10,G_00312,en,E3_obfuscated,0,0.3891041874885559,1,D1_00313,,O1_leetspeak,0.1
D1_00313__O1_leetspeak_20,G_00312,en,E3_obfuscated,0,0.9983425140380859,1,D1_00313,,O1_leetspeak,0.2
D1_00313__O1_leetspeak_30,G_00312,en,E3_obfuscated,0,0.9990367889404297,1,D1_00313,,O1_leetspeak,0.3
D1_00313__O2_char_spacing_10,G_00312,en,E3_obfuscated,0,0.9988641738891602,1,D1_00313,,O2_char_spacing,0.1
D1_00313__O2_char_spacing_20,G_00312,en,E3_obfuscated,0,0.04343120753765106,0,D1_00313,,O2_char_spacing,0.2
D1_00313__O2_char_spacing_30,G_00312,en,E3_obfuscated,0,0.9991565942764282,1,D1_00313,,O2_char_spacing,0.3
D1_00313__O3_zero_width_10,G_00312,en,E3_obfuscated,0,0.9052180647850037,1,D1_00313,,O3_zero_width,0.1
D1_00313__O3_zero_width_20,G_00312,en,E3_obfuscated,0,0.9988964796066284,1,D1_00313,,O3_zero_width,0.2
D1_00313__O3_zero_width_30,G_00312,en,E3_obfuscated,0,0.9988861680030823,1,D1_00313,,O3_zero_width,0.3
D1_00313__O4_homoglyph_10,G_00312,en,E3_obfuscated,0,0.0005157558480277658,0,D1_00313,,O4_homoglyph,0.1
D1_00313__O4_homoglyph_20,G_00312,en,E3_obfuscated,0,0.9502530694007874,1,D1_00313,,O4_homoglyph,0.2
D1_00313__O4_homoglyph_30,G_00312,en,E3_obfuscated,0,0.9948180317878723,1,D1_00313,,O4_homoglyph,0.3
D1_00313__O6_random_case_10,G_00312,en,E3_obfuscated,0,0.06981632113456726,0,D1_00313,,O6_random_case,0.1
D1_00313__O6_random_case_20,G_00312,en,E3_obfuscated,0,0.9253502488136292,1,D1_00313,,O6_random_case,0.2
D1_00313__O6_random_case_30,G_00312,en,E3_obfuscated,0,0.988867998123169,1,D1_00313,,O6_random_case,0.3
D1_00313__O7_typo_10,G_00312,en,E3_obfuscated,0,0.0006032733945176005,0,D1_00313,,O7_typo,0.1
D1_00313__O7_typo_20,G_00312,en,E3_obfuscated,0,0.0004783818731084466,0,D1_00313,,O7_typo,0.2
D1_00313__O7_typo_30,G_00312,en,E3_obfuscated,0,0.0005426155985333025,0,D1_00313,,O7_typo,0.3
D1_00313__O5_base64_100,G_00312,en,E3_obfuscated,0,0.9992353916168213,1,D1_00313,,O5_base64,1.0
D1_00323__O1_leetspeak_10,G_00322,other,E3_obfuscated,0,0.00043226126581430435,0,D1_00323,,O1_leetspeak,0.1
D1_00323__O1_leetspeak_20,G_00322,other,E3_obfuscated,0,0.00048605012125335634,0,D1_00323,,O1_leetspeak,0.2
D1_00323__O1_leetspeak_30,G_00322,other,E3_obfuscated,0,0.0006779074319638312,0,D1_00323,,O1_leetspeak,0.3
D1_00323__O2_char_spacing_10,G_00322,other,E3_obfuscated,0,0.9973329305648804,1,D1_00323,,O2_char_spacing,0.1
D1_00323__O2_char_spacing_20,G_00322,other,E3_obfuscated,0,0.9973329305648804,1,D1_00323,,O2_char_spacing,0.2
D1_00323__O2_char_spacing_30,G_00322,other,E3_obfuscated,0,0.9986838698387146,1,D1_00323,,O2_char_spacing,0.3
D1_00323__O3_zero_width_10,G_00322,other,E3_obfuscated,0,0.0008034625207073987,0,D1_00323,,O3_zero_width,0.1
D1_00323__O3_zero_width_20,G_00322,other,E3_obfuscated,0,0.02006026729941368,0,D1_00323,,O3_zero_width,0.2
D1_00323__O3_zero_width_30,G_00322,other,E3_obfuscated,0,0.9905410408973694,1,D1_00323,,O3_zero_width,0.3
D1_00323__O4_homoglyph_10,G_00322,other,E3_obfuscated,0,0.00042522678268142045,0,D1_00323,,O4_homoglyph,0.1
D1_00323__O4_homoglyph_20,G_00322,other,E3_obfuscated,0,0.0004868124087806791,0,D1_00323,,O4_homoglyph,0.2
D1_00323__O4_homoglyph_30,G_00322,other,E3_obfuscated,0,0.00094635906862095,0,D1_00323,,O4_homoglyph,0.3
D1_00323__O6_random_case_10,G_00322,other,E3_obfuscated,0,0.0005394984036684036,0,D1_00323,,O6_random_case,0.1
D1_00323__O6_random_case_20,G_00322,other,E3_obfuscated,0,0.9753057956695557,1,D1_00323,,O6_random_case,0.2
D1_00323__O6_random_case_30,G_00322,other,E3_obfuscated,0,0.9980295300483704,1,D1_00323,,O6_random_case,0.3
D1_00323__O7_typo_10,G_00322,other,E3_obfuscated,0,0.0004284326278138906,0,D1_00323,,O7_typo,0.1
D1_00323__O7_typo_20,G_00322,other,E3_obfuscated,0,0.0004237231332808733,0,D1_00323,,O7_typo,0.2
D1_00323__O7_typo_30,G_00322,other,E3_obfuscated,0,0.0004284326278138906,0,D1_00323,,O7_typo,0.3
D1_00323__O5_base64_100,G_00322,other,E3_obfuscated,0,0.9991729855537415,1,D1_00323,,O5_base64,1.0
D1_00329__O1_leetspeak_10,G_00328,other,E3_obfuscated,0,0.002061419887468219,0,D1_00329,,O1_leetspeak,0.1
D1_00329__O1_leetspeak_20,G_00328,other,E3_obfuscated,0,0.9974186420440674,1,D1_00329,,O1_leetspeak,0.2
D1_00329__O1_leetspeak_30,G_00328,other,E3_obfuscated,0,0.9985314607620239,1,D1_00329,,O1_leetspeak,0.3
D1_00329__O2_char_spacing_10,G_00328,other,E3_obfuscated,0,0.9951232075691223,1,D1_00329,,O2_char_spacing,0.1
D1_00329__O2_char_spacing_20,G_00328,other,E3_obfuscated,0,0.9969251751899719,1,D1_00329,,O2_char_spacing,0.2
D1_00329__O2_char_spacing_30,G_00328,other,E3_obfuscated,0,0.9969730377197266,1,D1_00329,,O2_char_spacing,0.3
D1_00329__O3_zero_width_10,G_00328,other,E3_obfuscated,0,0.9108958840370178,1,D1_00329,,O3_zero_width,0.1
D1_00329__O3_zero_width_20,G_00328,other,E3_obfuscated,0,0.9988825917243958,1,D1_00329,,O3_zero_width,0.2
D1_00329__O3_zero_width_30,G_00328,other,E3_obfuscated,0,0.9989526271820068,1,D1_00329,,O3_zero_width,0.3
D1_00329__O4_homoglyph_10,G_00328,other,E3_obfuscated,0,0.9342026114463806,1,D1_00329,,O4_homoglyph,0.1
D1_00329__O4_homoglyph_20,G_00328,other,E3_obfuscated,0,0.9921070337295532,1,D1_00329,,O4_homoglyph,0.2
D1_00329__O4_homoglyph_30,G_00328,other,E3_obfuscated,0,0.9617258906364441,1,D1_00329,,O4_homoglyph,0.3
D1_00329__O6_random_case_10,G_00328,other,E3_obfuscated,0,0.9982251524925232,1,D1_00329,,O6_random_case,0.1
D1_00329__O6_random_case_20,G_00328,other,E3_obfuscated,0,0.9992325305938721,1,D1_00329,,O6_random_case,0.2
D1_00329__O6_random_case_30,G_00328,other,E3_obfuscated,0,0.9991098046302795,1,D1_00329,,O6_random_case,0.3
D1_00329__O7_typo_10,G_00328,other,E3_obfuscated,0,0.0004888434777967632,0,D1_00329,,O7_typo,0.1
D1_00329__O7_typo_20,G_00328,other,E3_obfuscated,0,0.0004960874211974442,0,D1_00329,,O7_typo,0.2
D1_00329__O7_typo_30,G_00328,other,E3_obfuscated,0,0.0004905168898403645,0,D1_00329,,O7_typo,0.3
D1_00329__O5_base64_100,G_00328,other,E3_obfuscated,0,0.9991022348403931,1,D1_00329,,O5_base64,1.0
D1_00343__O1_leetspeak_10,G_00342,other,E3_obfuscated,0,0.0006080222665332258,0,D1_00343,,O1_leetspeak,0.1
D1_00343__O1_leetspeak_20,G_00342,other,E3_obfuscated,0,0.0013442474883049726,0,D1_00343,,O1_leetspeak,0.2
D1_00343__O1_leetspeak_30,G_00342,other,E3_obfuscated,0,0.9893929958343506,1,D1_00343,,O1_leetspeak,0.3
D1_00343__O2_char_spacing_10,G_00342,other,E3_obfuscated,0,0.005493639037013054,0,D1_00343,,O2_char_spacing,0.1
D1_00343__O2_char_spacing_20,G_00342,other,E3_obfuscated,0,0.9566344618797302,1,D1_00343,,O2_char_spacing,0.2
D1_00343__O2_char_spacing_30,G_00342,other,E3_obfuscated,0,0.9964639544487,1,D1_00343,,O2_char_spacing,0.3
D1_00343__O3_zero_width_10,G_00342,other,E3_obfuscated,0,0.0017589646158739924,0,D1_00343,,O3_zero_width,0.1
D1_00343__O3_zero_width_20,G_00342,other,E3_obfuscated,0,0.013830467127263546,0,D1_00343,,O3_zero_width,0.2
D1_00343__O3_zero_width_30,G_00342,other,E3_obfuscated,0,0.9990354776382446,1,D1_00343,,O3_zero_width,0.3
D1_00343__O4_homoglyph_10,G_00342,other,E3_obfuscated,0,0.0005740594351664186,0,D1_00343,,O4_homoglyph,0.1
D1_00343__O4_homoglyph_20,G_00342,other,E3_obfuscated,0,0.0044702766463160515,0,D1_00343,,O4_homoglyph,0.2
D1_00343__O4_homoglyph_30,G_00342,other,E3_obfuscated,0,0.002670479938387871,0,D1_00343,,O4_homoglyph,0.3
D1_00343__O6_random_case_10,G_00342,other,E3_obfuscated,0,0.4102107882499695,1,D1_00343,,O6_random_case,0.1
D1_00343__O6_random_case_20,G_00342,other,E3_obfuscated,0,0.9984210729598999,1,D1_00343,,O6_random_case,0.2
D1_00343__O6_random_case_30,G_00342,other,E3_obfuscated,0,0.9989468455314636,1,D1_00343,,O6_random_case,0.3
D1_00343__O7_typo_10,G_00342,other,E3_obfuscated,0,0.0004406415391713381,0,D1_00343,,O7_typo,0.1
D1_00343__O7_typo_20,G_00342,other,E3_obfuscated,0,0.00046634505270048976,0,D1_00343,,O7_typo,0.2
D1_00343__O7_typo_30,G_00342,other,E3_obfuscated,0,0.00048645545030012727,0,D1_00343,,O7_typo,0.3
D1_00343__O5_base64_100,G_00342,other,E3_obfuscated,0,0.9991967082023621,1,D1_00343,,O5_base64,1.0
D1_00344__O1_leetspeak_10,G_00343,other,E3_obfuscated,0,0.0008017562213353813,0,D1_00344,,O1_leetspeak,0.1
D1_00344__O1_leetspeak_20,G_00343,other,E3_obfuscated,0,0.998374342918396,1,D1_00344,,O1_leetspeak,0.2
D1_00344__O1_leetspeak_30,G_00343,other,E3_obfuscated,0,0.9972075819969177,1,D1_00344,,O1_leetspeak,0.3
D1_00344__O2_char_spacing_10,G_00343,other,E3_obfuscated,0,0.9983322024345398,1,D1_00344,,O2_char_spacing,0.1
D1_00344__O2_char_spacing_20,G_00343,other,E3_obfuscated,0,0.9973117113113403,1,D1_00344,,O2_char_spacing,0.2
D1_00344__O2_char_spacing_30,G_00343,other,E3_obfuscated,0,0.9983322024345398,1,D1_00344,,O2_char_spacing,0.3
D1_00344__O3_zero_width_10,G_00343,other,E3_obfuscated,0,0.5559525489807129,1,D1_00344,,O3_zero_width,0.1
D1_00344__O3_zero_width_20,G_00343,other,E3_obfuscated,0,0.9990831613540649,1,D1_00344,,O3_zero_width,0.2
D1_00344__O3_zero_width_30,G_00343,other,E3_obfuscated,0,0.9990733861923218,1,D1_00344,,O3_zero_width,0.3
D1_00344__O4_homoglyph_10,G_00343,other,E3_obfuscated,0,0.0006705834530293941,0,D1_00344,,O4_homoglyph,0.1
D1_00344__O4_homoglyph_20,G_00343,other,E3_obfuscated,0,0.9961250424385071,1,D1_00344,,O4_homoglyph,0.2
D1_00344__O4_homoglyph_30,G_00343,other,E3_obfuscated,0,0.9983239769935608,1,D1_00344,,O4_homoglyph,0.3
D1_00344__O6_random_case_10,G_00343,other,E3_obfuscated,0,0.0006805936573073268,0,D1_00344,,O6_random_case,0.1
D1_00344__O6_random_case_20,G_00343,other,E3_obfuscated,0,0.9990230798721313,1,D1_00344,,O6_random_case,0.2
D1_00344__O6_random_case_30,G_00343,other,E3_obfuscated,0,0.9989317059516907,1,D1_00344,,O6_random_case,0.3
D1_00344__O7_typo_10,G_00343,other,E3_obfuscated,0,0.0005046569276601076,0,D1_00344,,O7_typo,0.1
D1_00344__O7_typo_20,G_00343,other,E3_obfuscated,0,0.0006118970341049135,0,D1_00344,,O7_typo,0.2
D1_00344__O7_typo_30,G_00343,other,E3_obfuscated,0,0.0005002304678782821,0,D1_00344,,O7_typo,0.3
D1_00344__O5_base64_100,G_00343,other,E3_obfuscated,0,0.9990943670272827,1,D1_00344,,O5_base64,1.0
D1_00347__O1_leetspeak_10,G_00346,other,E3_obfuscated,0,0.12629041075706482,0,D1_00347,,O1_leetspeak,0.1
D1_00347__O1_leetspeak_20,G_00346,other,E3_obfuscated,0,0.9991668462753296,1,D1_00347,,O1_leetspeak,0.2
D1_00347__O1_leetspeak_30,G_00346,other,E3_obfuscated,0,0.9992881417274475,1,D1_00347,,O1_leetspeak,0.3
D1_00347__O2_char_spacing_10,G_00346,other,E3_obfuscated,0,0.9860261082649231,1,D1_00347,,O2_char_spacing,0.1
D1_00347__O2_char_spacing_20,G_00346,other,E3_obfuscated,0,0.9986587762832642,1,D1_00347,,O2_char_spacing,0.2
D1_00347__O2_char_spacing_30,G_00346,other,E3_obfuscated,0,0.9991123080253601,1,D1_00347,,O2_char_spacing,0.3
D1_00347__O3_zero_width_10,G_00346,other,E3_obfuscated,0,0.997844934463501,1,D1_00347,,O3_zero_width,0.1
D1_00347__O3_zero_width_20,G_00346,other,E3_obfuscated,0,0.9992333650588989,1,D1_00347,,O3_zero_width,0.2
D1_00347__O3_zero_width_30,G_00346,other,E3_obfuscated,0,0.9992071986198425,1,D1_00347,,O3_zero_width,0.3
D1_00347__O4_homoglyph_10,G_00346,other,E3_obfuscated,0,0.15199939906597137,0,D1_00347,,O4_homoglyph,0.1
D1_00347__O4_homoglyph_20,G_00346,other,E3_obfuscated,0,0.9953250885009766,1,D1_00347,,O4_homoglyph,0.2
D1_00347__O4_homoglyph_30,G_00346,other,E3_obfuscated,0,0.9989312291145325,1,D1_00347,,O4_homoglyph,0.3
D1_00347__O6_random_case_10,G_00346,other,E3_obfuscated,0,0.9991416931152344,1,D1_00347,,O6_random_case,0.1
D1_00347__O6_random_case_20,G_00346,other,E3_obfuscated,0,0.9990915060043335,1,D1_00347,,O6_random_case,0.2
D1_00347__O6_random_case_30,G_00346,other,E3_obfuscated,0,0.9989935755729675,1,D1_00347,,O6_random_case,0.3
D1_00347__O7_typo_10,G_00346,other,E3_obfuscated,0,0.0005102365394122899,0,D1_00347,,O7_typo,0.1
D1_00347__O7_typo_20,G_00346,other,E3_obfuscated,0,0.015170679427683353,0,D1_00347,,O7_typo,0.2
D1_00347__O7_typo_30,G_00346,other,E3_obfuscated,0,0.0009344834834337234,0,D1_00347,,O7_typo,0.3
D1_00347__O5_base64_100,G_00346,other,E3_obfuscated,0,0.9990235567092896,1,D1_00347,,O5_base64,1.0
D1_00349__O1_leetspeak_10,G_00348,other,E3_obfuscated,1,0.9984696507453918,1,D1_00349,,O1_leetspeak,0.1
D1_00349__O1_leetspeak_20,G_00348,other,E3_obfuscated,1,0.9988547563552856,1,D1_00349,,O1_leetspeak,0.2
D1_00349__O1_leetspeak_30,G_00348,other,E3_obfuscated,1,0.9992021918296814,1,D1_00349,,O1_leetspeak,0.3
D1_00349__O2_char_spacing_10,G_00348,other,E3_obfuscated,1,0.9981278777122498,1,D1_00349,,O2_char_spacing,0.1
D1_00349__O2_char_spacing_20,G_00348,other,E3_obfuscated,1,0.9991220831871033,1,D1_00349,,O2_char_spacing,0.2
D1_00349__O2_char_spacing_30,G_00348,other,E3_obfuscated,1,0.9990324974060059,1,D1_00349,,O2_char_spacing,0.3
D1_00349__O3_zero_width_10,G_00348,other,E3_obfuscated,1,0.9985018968582153,1,D1_00349,,O3_zero_width,0.1
D1_00349__O3_zero_width_20,G_00348,other,E3_obfuscated,1,0.9992231130599976,1,D1_00349,,O3_zero_width,0.2
D1_00349__O3_zero_width_30,G_00348,other,E3_obfuscated,1,0.9990381002426147,1,D1_00349,,O3_zero_width,0.3
D1_00349__O4_homoglyph_10,G_00348,other,E3_obfuscated,1,0.9989055395126343,1,D1_00349,,O4_homoglyph,0.1
D1_00349__O4_homoglyph_20,G_00348,other,E3_obfuscated,1,0.99922776222229,1,D1_00349,,O4_homoglyph,0.2
D1_00349__O4_homoglyph_30,G_00348,other,E3_obfuscated,1,0.999197781085968,1,D1_00349,,O4_homoglyph,0.3
D1_00349__O6_random_case_10,G_00348,other,E3_obfuscated,1,0.9985998272895813,1,D1_00349,,O6_random_case,0.1
D1_00349__O6_random_case_20,G_00348,other,E3_obfuscated,1,0.9991621971130371,1,D1_00349,,O6_random_case,0.2
D1_00349__O6_random_case_30,G_00348,other,E3_obfuscated,1,0.9991461038589478,1,D1_00349,,O6_random_case,0.3
D1_00349__O7_typo_10,G_00348,other,E3_obfuscated,1,0.9974701404571533,1,D1_00349,,O7_typo,0.1
D1_00349__O7_typo_20,G_00348,other,E3_obfuscated,1,0.9974504113197327,1,D1_00349,,O7_typo,0.2
D1_00349__O7_typo_30,G_00348,other,E3_obfuscated,1,0.9979962110519409,1,D1_00349,,O7_typo,0.3
D1_00349__O5_base64_100,G_00348,other,E3_obfuscated,1,0.999259889125824,1,D1_00349,,O5_base64,1.0
D1_00352__O1_leetspeak_10,G_00351,other,E3_obfuscated,1,0.9473569393157959,1,D1_00352,,O1_leetspeak,0.1
D1_00352__O1_leetspeak_20,G_00351,other,E3_obfuscated,1,0.8102572560310364,1,D1_00352,,O1_leetspeak,0.2
D1_00352__O1_leetspeak_30,G_00351,other,E3_obfuscated,1,0.9989472031593323,1,D1_00352,,O1_leetspeak,0.3
D1_00352__O2_char_spacing_10,G_00351,other,E3_obfuscated,1,0.9985030889511108,1,D1_00352,,O2_char_spacing,0.1
D1_00352__O2_char_spacing_20,G_00351,other,E3_obfuscated,1,0.9985030889511108,1,D1_00352,,O2_char_spacing,0.2
D1_00352__O2_char_spacing_30,G_00351,other,E3_obfuscated,1,0.9985030889511108,1,D1_00352,,O2_char_spacing,0.3
D1_00352__O3_zero_width_10,G_00351,other,E3_obfuscated,1,0.9987301230430603,1,D1_00352,,O3_zero_width,0.1
D1_00352__O3_zero_width_20,G_00351,other,E3_obfuscated,1,0.9973812699317932,1,D1_00352,,O3_zero_width,0.2
D1_00352__O3_zero_width_30,G_00351,other,E3_obfuscated,1,0.9988730549812317,1,D1_00352,,O3_zero_width,0.3
D1_00352__O4_homoglyph_10,G_00351,other,E3_obfuscated,1,0.9958242177963257,1,D1_00352,,O4_homoglyph,0.1
D1_00352__O4_homoglyph_20,G_00351,other,E3_obfuscated,1,0.9974303841590881,1,D1_00352,,O4_homoglyph,0.2
D1_00352__O4_homoglyph_30,G_00351,other,E3_obfuscated,1,0.9988665580749512,1,D1_00352,,O4_homoglyph,0.3
D1_00352__O6_random_case_10,G_00351,other,E3_obfuscated,1,0.027978459373116493,0,D1_00352,,O6_random_case,0.1
D1_00352__O6_random_case_20,G_00351,other,E3_obfuscated,1,0.998738706111908,1,D1_00352,,O6_random_case,0.2
D1_00352__O6_random_case_30,G_00351,other,E3_obfuscated,1,0.0007958690403029323,0,D1_00352,,O6_random_case,0.3
D1_00352__O7_typo_10,G_00351,other,E3_obfuscated,1,0.998792290687561,1,D1_00352,,O7_typo,0.1
D1_00352__O7_typo_20,G_00351,other,E3_obfuscated,1,0.9955262541770935,1,D1_00352,,O7_typo,0.2
D1_00352__O7_typo_30,G_00351,other,E3_obfuscated,1,0.27533677220344543,0,D1_00352,,O7_typo,0.3
D1_00352__O5_base64_100,G_00351,other,E3_obfuscated,1,0.9991776347160339,1,D1_00352,,O5_base64,1.0
D1_00353__O1_leetspeak_10,G_00352,other,E3_obfuscated,0,0.9981840252876282,1,D1_00353,,O1_leetspeak,0.1
D1_00353__O1_leetspeak_20,G_00352,other,E3_obfuscated,0,0.9989206790924072,1,D1_00353,,O1_leetspeak,0.2
D1_00353__O1_leetspeak_30,G_00352,other,E3_obfuscated,0,0.9991512298583984,1,D1_00353,,O1_leetspeak,0.3
D1_00353__O2_char_spacing_10,G_00352,other,E3_obfuscated,0,0.9988099336624146,1,D1_00353,,O2_char_spacing,0.1
D1_00353__O2_char_spacing_20,G_00352,other,E3_obfuscated,0,0.9988099336624146,1,D1_00353,,O2_char_spacing,0.2
D1_00353__O2_char_spacing_30,G_00352,other,E3_obfuscated,0,0.9991185069084167,1,D1_00353,,O2_char_spacing,0.3
D1_00353__O3_zero_width_10,G_00352,other,E3_obfuscated,0,0.998399555683136,1,D1_00353,,O3_zero_width,0.1
D1_00353__O3_zero_width_20,G_00352,other,E3_obfuscated,0,0.9988930821418762,1,D1_00353,,O3_zero_width,0.2
D1_00353__O3_zero_width_30,G_00352,other,E3_obfuscated,0,0.9987952709197998,1,D1_00353,,O3_zero_width,0.3
D1_00353__O4_homoglyph_10,G_00352,other,E3_obfuscated,0,0.9989025592803955,1,D1_00353,,O4_homoglyph,0.1
D1_00353__O4_homoglyph_20,G_00352,other,E3_obfuscated,0,0.9986397624015808,1,D1_00353,,O4_homoglyph,0.2
D1_00353__O4_homoglyph_30,G_00352,other,E3_obfuscated,0,0.9986867308616638,1,D1_00353,,O4_homoglyph,0.3
D1_00353__O6_random_case_10,G_00352,other,E3_obfuscated,0,0.9985719919204712,1,D1_00353,,O6_random_case,0.1
D1_00353__O6_random_case_20,G_00352,other,E3_obfuscated,0,0.9991067051887512,1,D1_00353,,O6_random_case,0.2
D1_00353__O6_random_case_30,G_00352,other,E3_obfuscated,0,0.9989563226699829,1,D1_00353,,O6_random_case,0.3
D1_00353__O7_typo_10,G_00352,other,E3_obfuscated,0,0.9986616373062134,1,D1_00353,,O7_typo,0.1
D1_00353__O7_typo_20,G_00352,other,E3_obfuscated,0,0.9981188178062439,1,D1_00353,,O7_typo,0.2
D1_00353__O7_typo_30,G_00352,other,E3_obfuscated,0,0.9972127079963684,1,D1_00353,,O7_typo,0.3
D1_00353__O5_base64_100,G_00352,other,E3_obfuscated,0,0.999211311340332,1,D1_00353,,O5_base64,1.0
D1_00364__O1_leetspeak_10,G_00363,en,E3_obfuscated,1,0.9985314607620239,1,D1_00364,,O1_leetspeak,0.1
D1_00364__O1_leetspeak_20,G_00363,en,E3_obfuscated,1,0.9990587830543518,1,D1_00364,,O1_leetspeak,0.2
D1_00364__O1_leetspeak_30,G_00363,en,E3_obfuscated,1,0.9991494417190552,1,D1_00364,,O1_leetspeak,0.3
D1_00364__O2_char_spacing_10,G_00363,en,E3_obfuscated,1,0.9983797073364258,1,D1_00364,,O2_char_spacing,0.1
D1_00364__O2_char_spacing_20,G_00363,en,E3_obfuscated,1,0.9988258481025696,1,D1_00364,,O2_char_spacing,0.2
D1_00364__O2_char_spacing_30,G_00363,en,E3_obfuscated,1,0.9989967942237854,1,D1_00364,,O2_char_spacing,0.3
D1_00364__O3_zero_width_10,G_00363,en,E3_obfuscated,1,0.9988804459571838,1,D1_00364,,O3_zero_width,0.1
D1_00364__O3_zero_width_20,G_00363,en,E3_obfuscated,1,0.9990297555923462,1,D1_00364,,O3_zero_width,0.2
D1_00364__O3_zero_width_30,G_00363,en,E3_obfuscated,1,0.999099612236023,1,D1_00364,,O3_zero_width,0.3
D1_00364__O4_homoglyph_10,G_00363,en,E3_obfuscated,1,0.9989864230155945,1,D1_00364,,O4_homoglyph,0.1
D1_00364__O4_homoglyph_20,G_00363,en,E3_obfuscated,1,0.9990515112876892,1,D1_00364,,O4_homoglyph,0.2
D1_00364__O4_homoglyph_30,G_00363,en,E3_obfuscated,1,0.999090313911438,1,D1_00364,,O4_homoglyph,0.3
D1_00364__O6_random_case_10,G_00363,en,E3_obfuscated,1,0.9989367127418518,1,D1_00364,,O6_random_case,0.1
D1_00364__O6_random_case_20,G_00363,en,E3_obfuscated,1,0.9991199374198914,1,D1_00364,,O6_random_case,0.2
D1_00364__O6_random_case_30,G_00363,en,E3_obfuscated,1,0.9990171194076538,1,D1_00364,,O6_random_case,0.3
D1_00364__O7_typo_10,G_00363,en,E3_obfuscated,1,0.9982981085777283,1,D1_00364,,O7_typo,0.1
D1_00364__O7_typo_20,G_00363,en,E3_obfuscated,1,0.998305082321167,1,D1_00364,,O7_typo,0.2
D1_00364__O7_typo_30,G_00363,en,E3_obfuscated,1,0.998347282409668,1,D1_00364,,O7_typo,0.3
D1_00364__O5_base64_100,G_00363,en,E3_obfuscated,1,0.9992364645004272,1,D1_00364,,O5_base64,1.0
D1_00365__O1_leetspeak_10,G_00364,other,E3_obfuscated,0,0.0005068550235591829,0,D1_00365,,O1_leetspeak,0.1
D1_00365__O1_leetspeak_20,G_00364,other,E3_obfuscated,0,0.9706614017486572,1,D1_00365,,O1_leetspeak,0.2
D1_00365__O1_leetspeak_30,G_00364,other,E3_obfuscated,0,0.9989256262779236,1,D1_00365,,O1_leetspeak,0.3
D1_00365__O2_char_spacing_10,G_00364,other,E3_obfuscated,0,0.00046875575208105147,0,D1_00365,,O2_char_spacing,0.1
D1_00365__O2_char_spacing_20,G_00364,other,E3_obfuscated,0,0.9989562034606934,1,D1_00365,,O2_char_spacing,0.2
D1_00365__O2_char_spacing_30,G_00364,other,E3_obfuscated,0,0.7978152632713318,1,D1_00365,,O2_char_spacing,0.3
D1_00365__O3_zero_width_10,G_00364,other,E3_obfuscated,0,0.029459333047270775,0,D1_00365,,O3_zero_width,0.1
D1_00365__O3_zero_width_20,G_00364,other,E3_obfuscated,0,0.0026180781424045563,0,D1_00365,,O3_zero_width,0.2
D1_00365__O3_zero_width_30,G_00364,other,E3_obfuscated,0,0.977670431137085,1,D1_00365,,O3_zero_width,0.3
D1_00365__O4_homoglyph_10,G_00364,other,E3_obfuscated,0,0.00058903475292027,0,D1_00365,,O4_homoglyph,0.1
D1_00365__O4_homoglyph_20,G_00364,other,E3_obfuscated,0,0.0011291229166090488,0,D1_00365,,O4_homoglyph,0.2
D1_00365__O4_homoglyph_30,G_00364,other,E3_obfuscated,0,0.8043240904808044,1,D1_00365,,O4_homoglyph,0.3
D1_00365__O6_random_case_10,G_00364,other,E3_obfuscated,0,0.0005663629272021353,0,D1_00365,,O6_random_case,0.1
D1_00365__O6_random_case_20,G_00364,other,E3_obfuscated,0,0.9945849776268005,1,D1_00365,,O6_random_case,0.2
D1_00365__O6_random_case_30,G_00364,other,E3_obfuscated,0,0.9986152648925781,1,D1_00365,,O6_random_case,0.3
D1_00365__O7_typo_10,G_00364,other,E3_obfuscated,0,0.00044973561307415366,0,D1_00365,,O7_typo,0.1
D1_00365__O7_typo_20,G_00364,other,E3_obfuscated,0,0.0004218177346047014,0,D1_00365,,O7_typo,0.2
D1_00365__O7_typo_30,G_00364,other,E3_obfuscated,0,0.0004640597617253661,0,D1_00365,,O7_typo,0.3
D1_00365__O5_base64_100,G_00364,other,E3_obfuscated,0,0.9991856217384338,1,D1_00365,,O5_base64,1.0
D1_00367__O1_leetspeak_10,G_00366,en,E3_obfuscated,1,0.9991588592529297,1,D1_00367,,O1_leetspeak,0.1
D1_00367__O1_leetspeak_20,G_00366,en,E3_obfuscated,1,0.99915611743927,1,D1_00367,,O1_leetspeak,0.2
D1_00367__O1_leetspeak_30,G_00366,en,E3_obfuscated,1,0.9992263317108154,1,D1_00367,,O1_leetspeak,0.3
D1_00367__O2_char_spacing_10,G_00366,en,E3_obfuscated,1,0.9992058873176575,1,D1_00367,,O2_char_spacing,0.1
D1_00367__O2_char_spacing_20,G_00366,en,E3_obfuscated,1,0.9991880059242249,1,D1_00367,,O2_char_spacing,0.2
D1_00367__O2_char_spacing_30,G_00366,en,E3_obfuscated,1,0.9992515444755554,1,D1_00367,,O2_char_spacing,0.3
D1_00367__O3_zero_width_10,G_00366,en,E3_obfuscated,1,0.9992194175720215,1,D1_00367,,O3_zero_width,0.1
D1_00367__O3_zero_width_20,G_00366,en,E3_obfuscated,1,0.9992161989212036,1,D1_00367,,O3_zero_width,0.2
D1_00367__O3_zero_width_30,G_00366,en,E3_obfuscated,1,0.9991797804832458,1,D1_00367,,O3_zero_width,0.3
D1_00367__O4_homoglyph_10,G_00366,en,E3_obfuscated,1,0.9991505146026611,1,D1_00367,,O4_homoglyph,0.1
D1_00367__O4_homoglyph_20,G_00366,en,E3_obfuscated,1,0.9991822838783264,1,D1_00367,,O4_homoglyph,0.2
D1_00367__O4_homoglyph_30,G_00366,en,E3_obfuscated,1,0.9992313385009766,1,D1_00367,,O4_homoglyph,0.3
D1_00367__O6_random_case_10,G_00366,en,E3_obfuscated,1,0.9992142915725708,1,D1_00367,,O6_random_case,0.1
D1_00367__O6_random_case_20,G_00366,en,E3_obfuscated,1,0.9992220401763916,1,D1_00367,,O6_random_case,0.2
D1_00367__O6_random_case_30,G_00366,en,E3_obfuscated,1,0.9991233944892883,1,D1_00367,,O6_random_case,0.3
D1_00367__O7_typo_10,G_00366,en,E3_obfuscated,1,0.9990720748901367,1,D1_00367,,O7_typo,0.1
D1_00367__O7_typo_20,G_00366,en,E3_obfuscated,1,0.9991651773452759,1,D1_00367,,O7_typo,0.2
D1_00367__O7_typo_30,G_00366,en,E3_obfuscated,1,0.9991563558578491,1,D1_00367,,O7_typo,0.3
D1_00367__O5_base64_100,G_00366,en,E3_obfuscated,1,0.9991601705551147,1,D1_00367,,O5_base64,1.0
D1_00370__O1_leetspeak_10,G_00369,other,E3_obfuscated,1,0.9991413354873657,1,D1_00370,,O1_leetspeak,0.1
D1_00370__O1_leetspeak_20,G_00369,other,E3_obfuscated,1,0.9991926550865173,1,D1_00370,,O1_leetspeak,0.2
D1_00370__O1_leetspeak_30,G_00369,other,E3_obfuscated,1,0.9990668892860413,1,D1_00370,,O1_leetspeak,0.3
D1_00370__O2_char_spacing_10,G_00369,other,E3_obfuscated,1,0.9991570711135864,1,D1_00370,,O2_char_spacing,0.1
D1_00370__O2_char_spacing_20,G_00369,other,E3_obfuscated,1,0.9990808963775635,1,D1_00370,,O2_char_spacing,0.2
D1_00370__O2_char_spacing_30,G_00369,other,E3_obfuscated,1,0.999093770980835,1,D1_00370,,O2_char_spacing,0.3
D1_00370__O3_zero_width_10,G_00369,other,E3_obfuscated,1,0.999066174030304,1,D1_00370,,O3_zero_width,0.1
D1_00370__O3_zero_width_20,G_00369,other,E3_obfuscated,1,0.9991344809532166,1,D1_00370,,O3_zero_width,0.2
D1_00370__O3_zero_width_30,G_00369,other,E3_obfuscated,1,0.999171257019043,1,D1_00370,,O3_zero_width,0.3
D1_00370__O4_homoglyph_10,G_00369,other,E3_obfuscated,1,0.9987936019897461,1,D1_00370,,O4_homoglyph,0.1
D1_00370__O4_homoglyph_20,G_00369,other,E3_obfuscated,1,0.9991080164909363,1,D1_00370,,O4_homoglyph,0.2
D1_00370__O4_homoglyph_30,G_00369,other,E3_obfuscated,1,0.9991002082824707,1,D1_00370,,O4_homoglyph,0.3
D1_00370__O6_random_case_10,G_00369,other,E3_obfuscated,1,0.9990837574005127,1,D1_00370,,O6_random_case,0.1
D1_00370__O6_random_case_20,G_00369,other,E3_obfuscated,1,0.9978110194206238,1,D1_00370,,O6_random_case,0.2
D1_00370__O6_random_case_30,G_00369,other,E3_obfuscated,1,0.9991623163223267,1,D1_00370,,O6_random_case,0.3
D1_00370__O7_typo_10,G_00369,other,E3_obfuscated,1,0.9987751841545105,1,D1_00370,,O7_typo,0.1
D1_00370__O7_typo_20,G_00369,other,E3_obfuscated,1,0.999125063419342,1,D1_00370,,O7_typo,0.2
D1_00370__O7_typo_30,G_00369,other,E3_obfuscated,1,0.9988879561424255,1,D1_00370,,O7_typo,0.3
D1_00370__O5_base64_100,G_00369,other,E3_obfuscated,1,0.9991248250007629,1,D1_00370,,O5_base64,1.0
D1_00378__O1_leetspeak_10,G_00377,en,E3_obfuscated,1,0.9992231130599976,1,D1_00378,,O1_leetspeak,0.1
D1_00378__O1_leetspeak_20,G_00377,en,E3_obfuscated,1,0.9992402791976929,1,D1_00378,,O1_leetspeak,0.2
D1_00378__O1_leetspeak_30,G_00377,en,E3_obfuscated,1,0.9992924928665161,1,D1_00378,,O1_leetspeak,0.3
D1_00378__O2_char_spacing_10,G_00377,en,E3_obfuscated,1,0.9992571473121643,1,D1_00378,,O2_char_spacing,0.1
D1_00378__O2_char_spacing_20,G_00377,en,E3_obfuscated,1,0.9992871880531311,1,D1_00378,,O2_char_spacing,0.2
D1_00378__O2_char_spacing_30,G_00377,en,E3_obfuscated,1,0.9992923736572266,1,D1_00378,,O2_char_spacing,0.3
D1_00378__O3_zero_width_10,G_00377,en,E3_obfuscated,1,0.9992495179176331,1,D1_00378,,O3_zero_width,0.1
D1_00378__O3_zero_width_20,G_00377,en,E3_obfuscated,1,0.9992420673370361,1,D1_00378,,O3_zero_width,0.2
D1_00378__O3_zero_width_30,G_00377,en,E3_obfuscated,1,0.9992616772651672,1,D1_00378,,O3_zero_width,0.3
D1_00378__O4_homoglyph_10,G_00377,en,E3_obfuscated,1,0.9992863535881042,1,D1_00378,,O4_homoglyph,0.1
D1_00378__O4_homoglyph_20,G_00377,en,E3_obfuscated,1,0.9992606043815613,1,D1_00378,,O4_homoglyph,0.2
D1_00378__O4_homoglyph_30,G_00377,en,E3_obfuscated,1,0.9992509484291077,1,D1_00378,,O4_homoglyph,0.3
D1_00378__O6_random_case_10,G_00377,en,E3_obfuscated,1,0.9992813467979431,1,D1_00378,,O6_random_case,0.1
D1_00378__O6_random_case_20,G_00377,en,E3_obfuscated,1,0.9992220401763916,1,D1_00378,,O6_random_case,0.2
D1_00378__O6_random_case_30,G_00377,en,E3_obfuscated,1,0.9992870688438416,1,D1_00378,,O6_random_case,0.3
D1_00378__O7_typo_10,G_00377,en,E3_obfuscated,1,0.9991855025291443,1,D1_00378,,O7_typo,0.1
D1_00378__O7_typo_20,G_00377,en,E3_obfuscated,1,0.9991922974586487,1,D1_00378,,O7_typo,0.2
D1_00378__O7_typo_30,G_00377,en,E3_obfuscated,1,0.9992184638977051,1,D1_00378,,O7_typo,0.3
D1_00378__O5_base64_100,G_00377,en,E3_obfuscated,1,0.9991536140441895,1,D1_00378,,O5_base64,1.0
D1_00406__O1_leetspeak_10,G_00405,en,E3_obfuscated,1,0.9992407560348511,1,D1_00406,,O1_leetspeak,0.1
D1_00406__O1_leetspeak_20,G_00405,en,E3_obfuscated,1,0.9991875290870667,1,D1_00406,,O1_leetspeak,0.2
D1_00406__O1_leetspeak_30,G_00405,en,E3_obfuscated,1,0.9991577863693237,1,D1_00406,,O1_leetspeak,0.3
D1_00406__O2_char_spacing_10,G_00405,en,E3_obfuscated,1,0.9992695450782776,1,D1_00406,,O2_char_spacing,0.1
D1_00406__O2_char_spacing_20,G_00405,en,E3_obfuscated,1,0.9992577433586121,1,D1_00406,,O2_char_spacing,0.2
D1_00406__O2_char_spacing_30,G_00405,en,E3_obfuscated,1,0.9992413520812988,1,D1_00406,,O2_char_spacing,0.3
D1_00406__O3_zero_width_10,G_00405,en,E3_obfuscated,1,0.999197781085968,1,D1_00406,,O3_zero_width,0.1
D1_00406__O3_zero_width_20,G_00405,en,E3_obfuscated,1,0.9991540908813477,1,D1_00406,,O3_zero_width,0.2
D1_00406__O3_zero_width_30,G_00405,en,E3_obfuscated,1,0.9991590976715088,1,D1_00406,,O3_zero_width,0.3
D1_00406__O4_homoglyph_10,G_00405,en,E3_obfuscated,1,0.9992579817771912,1,D1_00406,,O4_homoglyph,0.1
D1_00406__O4_homoglyph_20,G_00405,en,E3_obfuscated,1,0.9992282390594482,1,D1_00406,,O4_homoglyph,0.2
D1_00406__O4_homoglyph_30,G_00405,en,E3_obfuscated,1,0.9992021918296814,1,D1_00406,,O4_homoglyph,0.3
D1_00406__O6_random_case_10,G_00405,en,E3_obfuscated,1,0.9992594122886658,1,D1_00406,,O6_random_case,0.1
D1_00406__O6_random_case_20,G_00405,en,E3_obfuscated,1,0.9991915822029114,1,D1_00406,,O6_random_case,0.2
D1_00406__O6_random_case_30,G_00405,en,E3_obfuscated,1,0.999125063419342,1,D1_00406,,O6_random_case,0.3
D1_00406__O7_typo_10,G_00405,en,E3_obfuscated,1,0.9992386102676392,1,D1_00406,,O7_typo,0.1
D1_00406__O7_typo_20,G_00405,en,E3_obfuscated,1,0.9992478489875793,1,D1_00406,,O7_typo,0.2
D1_00406__O7_typo_30,G_00405,en,E3_obfuscated,1,0.9993062019348145,1,D1_00406,,O7_typo,0.3
D1_00406__O5_base64_100,G_00405,en,E3_obfuscated,1,0.9990812540054321,1,D1_00406,,O5_base64,1.0
D1_00408__O1_leetspeak_10,G_00407,en,E3_obfuscated,0,0.00048025211435742676,0,D1_00408,,O1_leetspeak,0.1
D1_00408__O1_leetspeak_20,G_00407,en,E3_obfuscated,0,0.0016110383439809084,0,D1_00408,,O1_leetspeak,0.2
D1_00408__O1_leetspeak_30,G_00407,en,E3_obfuscated,0,0.0028212307952344418,0,D1_00408,,O1_leetspeak,0.3
D1_00408__O2_char_spacing_10,G_00407,en,E3_obfuscated,0,0.0010470199631527066,0,D1_00408,,O2_char_spacing,0.1
D1_00408__O2_char_spacing_20,G_00407,en,E3_obfuscated,0,0.0010470199631527066,0,D1_00408,,O2_char_spacing,0.2
D1_00408__O2_char_spacing_30,G_00407,en,E3_obfuscated,0,0.0004984180559404194,0,D1_00408,,O2_char_spacing,0.3
D1_00408__O3_zero_width_10,G_00407,en,E3_obfuscated,0,0.034526560455560684,0,D1_00408,,O3_zero_width,0.1
D1_00408__O3_zero_width_20,G_00407,en,E3_obfuscated,0,0.9802618026733398,1,D1_00408,,O3_zero_width,0.2
D1_00408__O3_zero_width_30,G_00407,en,E3_obfuscated,0,0.9257240891456604,1,D1_00408,,O3_zero_width,0.3
D1_00408__O4_homoglyph_10,G_00407,en,E3_obfuscated,0,0.0008084236760623753,0,D1_00408,,O4_homoglyph,0.1
D1_00408__O4_homoglyph_20,G_00407,en,E3_obfuscated,0,0.0005847126012668014,0,D1_00408,,O4_homoglyph,0.2
D1_00408__O4_homoglyph_30,G_00407,en,E3_obfuscated,0,0.0007862101192586124,0,D1_00408,,O4_homoglyph,0.3
D1_00408__O6_random_case_10,G_00407,en,E3_obfuscated,0,0.0005738534382544458,0,D1_00408,,O6_random_case,0.1
D1_00408__O6_random_case_20,G_00407,en,E3_obfuscated,0,0.008487114682793617,0,D1_00408,,O6_random_case,0.2
D1_00408__O6_random_case_30,G_00407,en,E3_obfuscated,0,0.0006664519896730781,0,D1_00408,,O6_random_case,0.3
D1_00408__O7_typo_10,G_00407,en,E3_obfuscated,0,0.0004869061813224107,0,D1_00408,,O7_typo,0.1
D1_00408__O7_typo_20,G_00407,en,E3_obfuscated,0,0.0005187693168409169,0,D1_00408,,O7_typo,0.2
D1_00408__O7_typo_30,G_00407,en,E3_obfuscated,0,0.0004942546947859228,0,D1_00408,,O7_typo,0.3
D1_00408__O5_base64_100,G_00407,en,E3_obfuscated,0,0.9991782307624817,1,D1_00408,,O5_base64,1.0
D1_00423__O1_leetspeak_10,G_00422,en,E3_obfuscated,1,0.9988765120506287,1,D1_00423,,O1_leetspeak,0.1
D1_00423__O1_leetspeak_20,G_00422,en,E3_obfuscated,1,0.9988946318626404,1,D1_00423,,O1_leetspeak,0.2
D1_00423__O1_leetspeak_30,G_00422,en,E3_obfuscated,1,0.998863935470581,1,D1_00423,,O1_leetspeak,0.3
D1_00423__O2_char_spacing_10,G_00422,en,E3_obfuscated,1,0.998819887638092,1,D1_00423,,O2_char_spacing,0.1
D1_00423__O2_char_spacing_20,G_00422,en,E3_obfuscated,1,0.998819887638092,1,D1_00423,,O2_char_spacing,0.2
D1_00423__O2_char_spacing_30,G_00422,en,E3_obfuscated,1,0.998819887638092,1,D1_00423,,O2_char_spacing,0.3
D1_00423__O3_zero_width_10,G_00422,en,E3_obfuscated,1,0.9988818764686584,1,D1_00423,,O3_zero_width,0.1
D1_00423__O3_zero_width_20,G_00422,en,E3_obfuscated,1,0.9989031553268433,1,D1_00423,,O3_zero_width,0.2
D1_00423__O3_zero_width_30,G_00422,en,E3_obfuscated,1,0.9988839030265808,1,D1_00423,,O3_zero_width,0.3
D1_00423__O4_homoglyph_10,G_00422,en,E3_obfuscated,1,0.9989058971405029,1,D1_00423,,O4_homoglyph,0.1
D1_00423__O4_homoglyph_20,G_00422,en,E3_obfuscated,1,0.9988952875137329,1,D1_00423,,O4_homoglyph,0.2
D1_00423__O4_homoglyph_30,G_00422,en,E3_obfuscated,1,0.9989973902702332,1,D1_00423,,O4_homoglyph,0.3
D1_00423__O6_random_case_10,G_00422,en,E3_obfuscated,1,0.9988092184066772,1,D1_00423,,O6_random_case,0.1
D1_00423__O6_random_case_20,G_00422,en,E3_obfuscated,1,0.998794674873352,1,D1_00423,,O6_random_case,0.2
D1_00423__O6_random_case_30,G_00422,en,E3_obfuscated,1,0.9986901879310608,1,D1_00423,,O6_random_case,0.3
D1_00423__O7_typo_10,G_00422,en,E3_obfuscated,1,0.998819887638092,1,D1_00423,,O7_typo,0.1
D1_00423__O7_typo_20,G_00422,en,E3_obfuscated,1,0.998819887638092,1,D1_00423,,O7_typo,0.2
D1_00423__O7_typo_30,G_00422,en,E3_obfuscated,1,0.998819887638092,1,D1_00423,,O7_typo,0.3
D1_00423__O5_base64_100,G_00422,en,E3_obfuscated,1,0.999226450920105,1,D1_00423,,O5_base64,1.0
D1_00432__O1_leetspeak_10,G_00431,other,E3_obfuscated,0,0.9970545768737793,1,D1_00432,,O1_leetspeak,0.1
D1_00432__O1_leetspeak_20,G_00431,other,E3_obfuscated,0,0.9991557598114014,1,D1_00432,,O1_leetspeak,0.2
D1_00432__O1_leetspeak_30,G_00431,other,E3_obfuscated,0,0.9986670017242432,1,D1_00432,,O1_leetspeak,0.3
D1_00432__O2_char_spacing_10,G_00431,other,E3_obfuscated,0,0.9979420304298401,1,D1_00432,,O2_char_spacing,0.1
D1_00432__O2_char_spacing_20,G_00431,other,E3_obfuscated,0,0.9977140426635742,1,D1_00432,,O2_char_spacing,0.2
D1_00432__O2_char_spacing_30,G_00431,other,E3_obfuscated,0,0.9985026121139526,1,D1_00432,,O2_char_spacing,0.3
D1_00432__O3_zero_width_10,G_00431,other,E3_obfuscated,0,0.9974986910820007,1,D1_00432,,O3_zero_width,0.1
D1_00432__O3_zero_width_20,G_00431,other,E3_obfuscated,0,0.9987095594406128,1,D1_00432,,O3_zero_width,0.2
D1_00432__O3_zero_width_30,G_00431,other,E3_obfuscated,0,0.9987725615501404,1,D1_00432,,O3_zero_width,0.3
D1_00432__O4_homoglyph_10,G_00431,other,E3_obfuscated,0,0.0018750936724245548,0,D1_00432,,O4_homoglyph,0.1
D1_00432__O4_homoglyph_20,G_00431,other,E3_obfuscated,0,0.9972071051597595,1,D1_00432,,O4_homoglyph,0.2
D1_00432__O4_homoglyph_30,G_00431,other,E3_obfuscated,0,0.9947928786277771,1,D1_00432,,O4_homoglyph,0.3
D1_00432__O6_random_case_10,G_00431,other,E3_obfuscated,0,0.9991545677185059,1,D1_00432,,O6_random_case,0.1
D1_00432__O6_random_case_20,G_00431,other,E3_obfuscated,0,0.9975860118865967,1,D1_00432,,O6_random_case,0.2
D1_00432__O6_random_case_30,G_00431,other,E3_obfuscated,0,0.9990118741989136,1,D1_00432,,O6_random_case,0.3
D1_00432__O7_typo_10,G_00431,other,E3_obfuscated,0,0.0005438057705760002,0,D1_00432,,O7_typo,0.1
D1_00432__O7_typo_20,G_00431,other,E3_obfuscated,0,0.0005254996940493584,0,D1_00432,,O7_typo,0.2
D1_00432__O7_typo_30,G_00431,other,E3_obfuscated,0,0.0006056945421732962,0,D1_00432,,O7_typo,0.3
D1_00432__O5_base64_100,G_00431,other,E3_obfuscated,0,0.9992104768753052,1,D1_00432,,O5_base64,1.0
D1_00433__O1_leetspeak_10,G_00432,other,E3_obfuscated,0,0.0005975936655886471,0,D1_00433,,O1_leetspeak,0.1
D1_00433__O1_leetspeak_20,G_00432,other,E3_obfuscated,0,0.9923277497291565,1,D1_00433,,O1_leetspeak,0.2
D1_00433__O1_leetspeak_30,G_00432,other,E3_obfuscated,0,0.999009370803833,1,D1_00433,,O1_leetspeak,0.3
D1_00433__O2_char_spacing_10,G_00432,other,E3_obfuscated,0,0.0006155160954222083,0,D1_00433,,O2_char_spacing,0.1
D1_00433__O2_char_spacing_20,G_00432,other,E3_obfuscated,0,0.9989370703697205,1,D1_00433,,O2_char_spacing,0.2
D1_00433__O2_char_spacing_30,G_00432,other,E3_obfuscated,0,0.9987910389900208,1,D1_00433,,O2_char_spacing,0.3
D1_00433__O3_zero_width_10,G_00432,other,E3_obfuscated,0,0.44775527715682983,1,D1_00433,,O3_zero_width,0.1
D1_00433__O3_zero_width_20,G_00432,other,E3_obfuscated,0,0.9920416474342346,1,D1_00433,,O3_zero_width,0.2
D1_00433__O3_zero_width_30,G_00432,other,E3_obfuscated,0,0.9989941716194153,1,D1_00433,,O3_zero_width,0.3
D1_00433__O4_homoglyph_10,G_00432,other,E3_obfuscated,0,0.0007146799471229315,0,D1_00433,,O4_homoglyph,0.1
D1_00433__O4_homoglyph_20,G_00432,other,E3_obfuscated,0,0.9771338105201721,1,D1_00433,,O4_homoglyph,0.2
D1_00433__O4_homoglyph_30,G_00432,other,E3_obfuscated,0,0.99757319688797,1,D1_00433,,O4_homoglyph,0.3
D1_00433__O6_random_case_10,G_00432,other,E3_obfuscated,0,0.05803123861551285,0,D1_00433,,O6_random_case,0.1
D1_00433__O6_random_case_20,G_00432,other,E3_obfuscated,0,0.987456738948822,1,D1_00433,,O6_random_case,0.2
D1_00433__O6_random_case_30,G_00432,other,E3_obfuscated,0,0.9990959167480469,1,D1_00433,,O6_random_case,0.3
D1_00433__O7_typo_10,G_00432,other,E3_obfuscated,0,0.00051335763419047,0,D1_00433,,O7_typo,0.1
D1_00433__O7_typo_20,G_00432,other,E3_obfuscated,0,0.0004899615305475891,0,D1_00433,,O7_typo,0.2
D1_00433__O7_typo_30,G_00432,other,E3_obfuscated,0,0.0004948144778609276,0,D1_00433,,O7_typo,0.3
D1_00433__O5_base64_100,G_00432,other,E3_obfuscated,0,0.999228835105896,1,D1_00433,,O5_base64,1.0
D1_00440__O1_leetspeak_10,G_00439,en,E3_obfuscated,0,0.007546416483819485,0,D1_00440,,O1_leetspeak,0.1
D1_00440__O1_leetspeak_20,G_00439,en,E3_obfuscated,0,0.9948587417602539,1,D1_00440,,O1_leetspeak,0.2
D1_00440__O1_leetspeak_30,G_00439,en,E3_obfuscated,0,0.9988422989845276,1,D1_00440,,O1_leetspeak,0.3
D1_00440__O2_char_spacing_10,G_00439,en,E3_obfuscated,0,0.0011287572560831904,0,D1_00440,,O2_char_spacing,0.1
D1_00440__O2_char_spacing_20,G_00439,en,E3_obfuscated,0,0.9962032437324524,1,D1_00440,,O2_char_spacing,0.2
D1_00440__O2_char_spacing_30,G_00439,en,E3_obfuscated,0,0.4523470103740692,1,D1_00440,,O2_char_spacing,0.3
D1_00440__O3_zero_width_10,G_00439,en,E3_obfuscated,0,0.029883595183491707,0,D1_00440,,O3_zero_width,0.1
D1_00440__O3_zero_width_20,G_00439,en,E3_obfuscated,0,0.9980508089065552,1,D1_00440,,O3_zero_width,0.2
D1_00440__O3_zero_width_30,G_00439,en,E3_obfuscated,0,0.9962871074676514,1,D1_00440,,O3_zero_width,0.3
D1_00440__O4_homoglyph_10,G_00439,en,E3_obfuscated,0,0.9068729281425476,1,D1_00440,,O4_homoglyph,0.1
D1_00440__O4_homoglyph_20,G_00439,en,E3_obfuscated,0,0.9936491847038269,1,D1_00440,,O4_homoglyph,0.2
D1_00440__O4_homoglyph_30,G_00439,en,E3_obfuscated,0,0.9984610080718994,1,D1_00440,,O4_homoglyph,0.3
D1_00440__O6_random_case_10,G_00439,en,E3_obfuscated,0,0.9969834685325623,1,D1_00440,,O6_random_case,0.1
D1_00440__O6_random_case_20,G_00439,en,E3_obfuscated,0,0.9986086487770081,1,D1_00440,,O6_random_case,0.2
D1_00440__O6_random_case_30,G_00439,en,E3_obfuscated,0,0.9990226030349731,1,D1_00440,,O6_random_case,0.3
D1_00440__O7_typo_10,G_00439,en,E3_obfuscated,0,0.0005325792590156198,0,D1_00440,,O7_typo,0.1
D1_00440__O7_typo_20,G_00439,en,E3_obfuscated,0,0.000556610117200762,0,D1_00440,,O7_typo,0.2
D1_00440__O7_typo_30,G_00439,en,E3_obfuscated,0,0.0006115544820204377,0,D1_00440,,O7_typo,0.3
D1_00440__O5_base64_100,G_00439,en,E3_obfuscated,0,0.9991875290870667,1,D1_00440,,O5_base64,1.0
D1_00449__O1_leetspeak_10,G_00448,en,E3_obfuscated,1,0.9991436004638672,1,D1_00449,,O1_leetspeak,0.1
D1_00449__O1_leetspeak_20,G_00448,en,E3_obfuscated,1,0.9992289543151855,1,D1_00449,,O1_leetspeak,0.2
D1_00449__O1_leetspeak_30,G_00448,en,E3_obfuscated,1,0.999206006526947,1,D1_00449,,O1_leetspeak,0.3
D1_00449__O2_char_spacing_10,G_00448,en,E3_obfuscated,1,0.9992024302482605,1,D1_00449,,O2_char_spacing,0.1
D1_00449__O2_char_spacing_20,G_00448,en,E3_obfuscated,1,0.9991999268531799,1,D1_00449,,O2_char_spacing,0.2
D1_00449__O2_char_spacing_30,G_00448,en,E3_obfuscated,1,0.9991969466209412,1,D1_00449,,O2_char_spacing,0.3
D1_00449__O3_zero_width_10,G_00448,en,E3_obfuscated,1,0.9992504715919495,1,D1_00449,,O3_zero_width,0.1
D1_00449__O3_zero_width_20,G_00448,en,E3_obfuscated,1,0.9991989731788635,1,D1_00449,,O3_zero_width,0.2
D1_00449__O3_zero_width_30,G_00448,en,E3_obfuscated,1,0.999292254447937,1,D1_00449,,O3_zero_width,0.3
D1_00449__O4_homoglyph_10,G_00448,en,E3_obfuscated,1,0.9992314577102661,1,D1_00449,,O4_homoglyph,0.1
D1_00449__O4_homoglyph_20,G_00448,en,E3_obfuscated,1,0.9991714954376221,1,D1_00449,,O4_homoglyph,0.2
D1_00449__O4_homoglyph_30,G_00448,en,E3_obfuscated,1,0.9992302656173706,1,D1_00449,,O4_homoglyph,0.3
D1_00449__O6_random_case_10,G_00448,en,E3_obfuscated,1,0.9992309808731079,1,D1_00449,,O6_random_case,0.1
D1_00449__O6_random_case_20,G_00448,en,E3_obfuscated,1,0.9991487264633179,1,D1_00449,,O6_random_case,0.2
D1_00449__O6_random_case_30,G_00448,en,E3_obfuscated,1,0.9991613626480103,1,D1_00449,,O6_random_case,0.3
D1_00449__O7_typo_10,G_00448,en,E3_obfuscated,1,0.9992270469665527,1,D1_00449,,O7_typo,0.1
D1_00449__O7_typo_20,G_00448,en,E3_obfuscated,1,0.9992493987083435,1,D1_00449,,O7_typo,0.2
D1_00449__O7_typo_30,G_00448,en,E3_obfuscated,1,0.9992424249649048,1,D1_00449,,O7_typo,0.3
D1_00449__O5_base64_100,G_00448,en,E3_obfuscated,1,0.9991973042488098,1,D1_00449,,O5_base64,1.0
D1_00450__O1_leetspeak_10,G_00449,en,E3_obfuscated,0,0.000567914335988462,0,D1_00450,,O1_leetspeak,0.1
D1_00450__O1_leetspeak_20,G_00449,en,E3_obfuscated,0,0.0006512030959129333,0,D1_00450,,O1_leetspeak,0.2
D1_00450__O1_leetspeak_30,G_00449,en,E3_obfuscated,0,0.0006980567122809589,0,D1_00450,,O1_leetspeak,0.3
D1_00450__O2_char_spacing_10,G_00449,en,E3_obfuscated,0,0.0007542911334894598,0,D1_00450,,O2_char_spacing,0.1
D1_00450__O2_char_spacing_20,G_00449,en,E3_obfuscated,0,0.0006208783597685397,0,D1_00450,,O2_char_spacing,0.2
D1_00450__O2_char_spacing_30,G_00449,en,E3_obfuscated,0,0.0007542911334894598,0,D1_00450,,O2_char_spacing,0.3
D1_00450__O3_zero_width_10,G_00449,en,E3_obfuscated,0,0.0005615261034108698,0,D1_00450,,O3_zero_width,0.1
D1_00450__O3_zero_width_20,G_00449,en,E3_obfuscated,0,0.0008901580004021525,0,D1_00450,,O3_zero_width,0.2
D1_00450__O3_zero_width_30,G_00449,en,E3_obfuscated,0,0.0030001981649547815,0,D1_00450,,O3_zero_width,0.3
D1_00450__O4_homoglyph_10,G_00449,en,E3_obfuscated,0,0.0005736374878324568,0,D1_00450,,O4_homoglyph,0.1
D1_00450__O4_homoglyph_20,G_00449,en,E3_obfuscated,0,0.0006158039905130863,0,D1_00450,,O4_homoglyph,0.2
D1_00450__O4_homoglyph_30,G_00449,en,E3_obfuscated,0,0.003236529417335987,0,D1_00450,,O4_homoglyph,0.3
D1_00450__O6_random_case_10,G_00449,en,E3_obfuscated,0,0.0005776106845587492,0,D1_00450,,O6_random_case,0.1
D1_00450__O6_random_case_20,G_00449,en,E3_obfuscated,0,0.0007228657486848533,0,D1_00450,,O6_random_case,0.2
D1_00450__O6_random_case_30,G_00449,en,E3_obfuscated,0,0.0005435217171907425,0,D1_00450,,O6_random_case,0.3
D1_00450__O7_typo_10,G_00449,en,E3_obfuscated,0,0.00048416698700748384,0,D1_00450,,O7_typo,0.1
D1_00450__O7_typo_20,G_00449,en,E3_obfuscated,0,0.0005281732301227748,0,D1_00450,,O7_typo,0.2
D1_00450__O7_typo_30,G_00449,en,E3_obfuscated,0,0.00048416698700748384,0,D1_00450,,O7_typo,0.3
D1_00450__O5_base64_100,G_00449,en,E3_obfuscated,0,0.9992031455039978,1,D1_00450,,O5_base64,1.0
D1_00451__O1_leetspeak_10,G_00450,en,E3_obfuscated,1,0.9991617202758789,1,D1_00451,,O1_leetspeak,0.1
D1_00451__O1_leetspeak_20,G_00450,en,E3_obfuscated,1,0.9992073178291321,1,D1_00451,,O1_leetspeak,0.2
D1_00451__O1_leetspeak_30,G_00450,en,E3_obfuscated,1,0.999189555644989,1,D1_00451,,O1_leetspeak,0.3
D1_00451__O2_char_spacing_10,G_00450,en,E3_obfuscated,1,0.9992502331733704,1,D1_00451,,O2_char_spacing,0.1
D1_00451__O2_char_spacing_20,G_00450,en,E3_obfuscated,1,0.9991532564163208,1,D1_00451,,O2_char_spacing,0.2
D1_00451__O2_char_spacing_30,G_00450,en,E3_obfuscated,1,0.9992340803146362,1,D1_00451,,O2_char_spacing,0.3
D1_00451__O3_zero_width_10,G_00450,en,E3_obfuscated,1,0.9991925358772278,1,D1_00451,,O3_zero_width,0.1
D1_00451__O3_zero_width_20,G_00450,en,E3_obfuscated,1,0.9991766810417175,1,D1_00451,,O3_zero_width,0.2
D1_00451__O3_zero_width_30,G_00450,en,E3_obfuscated,1,0.9989995360374451,1,D1_00451,,O3_zero_width,0.3
D1_00451__O4_homoglyph_10,G_00450,en,E3_obfuscated,1,0.9991791844367981,1,D1_00451,,O4_homoglyph,0.1
D1_00451__O4_homoglyph_20,G_00450,en,E3_obfuscated,1,0.9992278814315796,1,D1_00451,,O4_homoglyph,0.2
D1_00451__O4_homoglyph_30,G_00450,en,E3_obfuscated,1,0.9991926550865173,1,D1_00451,,O4_homoglyph,0.3
D1_00451__O6_random_case_10,G_00450,en,E3_obfuscated,1,0.9992080330848694,1,D1_00451,,O6_random_case,0.1
D1_00451__O6_random_case_20,G_00450,en,E3_obfuscated,1,0.9992218017578125,1,D1_00451,,O6_random_case,0.2
D1_00451__O6_random_case_30,G_00450,en,E3_obfuscated,1,0.9991809725761414,1,D1_00451,,O6_random_case,0.3
D1_00451__O7_typo_10,G_00450,en,E3_obfuscated,1,0.9991729855537415,1,D1_00451,,O7_typo,0.1
D1_00451__O7_typo_20,G_00450,en,E3_obfuscated,1,0.9992496371269226,1,D1_00451,,O7_typo,0.2
D1_00451__O7_typo_30,G_00450,en,E3_obfuscated,1,0.9992109537124634,1,D1_00451,,O7_typo,0.3
D1_00451__O5_base64_100,G_00450,en,E3_obfuscated,1,0.999079704284668,1,D1_00451,,O5_base64,1.0
D1_00466__O1_leetspeak_10,G_00465,en,E3_obfuscated,1,0.9988503456115723,1,D1_00466,,O1_leetspeak,0.1
D1_00466__O1_leetspeak_20,G_00465,en,E3_obfuscated,1,0.9990058541297913,1,D1_00466,,O1_leetspeak,0.2
D1_00466__O1_leetspeak_30,G_00465,en,E3_obfuscated,1,0.9991999268531799,1,D1_00466,,O1_leetspeak,0.3
D1_00466__O2_char_spacing_10,G_00465,en,E3_obfuscated,1,0.9980759620666504,1,D1_00466,,O2_char_spacing,0.1
D1_00466__O2_char_spacing_20,G_00465,en,E3_obfuscated,1,0.9989622831344604,1,D1_00466,,O2_char_spacing,0.2
D1_00466__O2_char_spacing_30,G_00465,en,E3_obfuscated,1,0.9989113807678223,1,D1_00466,,O2_char_spacing,0.3
D1_00466__O3_zero_width_10,G_00465,en,E3_obfuscated,1,0.9987530708312988,1,D1_00466,,O3_zero_width,0.1
D1_00466__O3_zero_width_20,G_00465,en,E3_obfuscated,1,0.9986222982406616,1,D1_00466,,O3_zero_width,0.2
D1_00466__O3_zero_width_30,G_00465,en,E3_obfuscated,1,0.9989350438117981,1,D1_00466,,O3_zero_width,0.3
D1_00466__O4_homoglyph_10,G_00465,en,E3_obfuscated,1,0.9985155463218689,1,D1_00466,,O4_homoglyph,0.1
D1_00466__O4_homoglyph_20,G_00465,en,E3_obfuscated,1,0.9990420937538147,1,D1_00466,,O4_homoglyph,0.2
D1_00466__O4_homoglyph_30,G_00465,en,E3_obfuscated,1,0.9990957975387573,1,D1_00466,,O4_homoglyph,0.3
D1_00466__O6_random_case_10,G_00465,en,E3_obfuscated,1,0.9988371729850769,1,D1_00466,,O6_random_case,0.1
D1_00466__O6_random_case_20,G_00465,en,E3_obfuscated,1,0.9989114999771118,1,D1_00466,,O6_random_case,0.2
D1_00466__O6_random_case_30,G_00465,en,E3_obfuscated,1,0.9990988969802856,1,D1_00466,,O6_random_case,0.3
D1_00466__O7_typo_10,G_00465,en,E3_obfuscated,1,0.9981228709220886,1,D1_00466,,O7_typo,0.1
D1_00466__O7_typo_20,G_00465,en,E3_obfuscated,1,0.9979041814804077,1,D1_00466,,O7_typo,0.2
D1_00466__O7_typo_30,G_00465,en,E3_obfuscated,1,0.9983355402946472,1,D1_00466,,O7_typo,0.3
D1_00466__O5_base64_100,G_00465,en,E3_obfuscated,1,0.9992142915725708,1,D1_00466,,O5_base64,1.0
D1_00481__O1_leetspeak_10,G_00480,en,E3_obfuscated,0,0.000610685208812356,0,D1_00481,,O1_leetspeak,0.1
D1_00481__O1_leetspeak_20,G_00480,en,E3_obfuscated,0,0.000610685208812356,0,D1_00481,,O1_leetspeak,0.2
D1_00481__O1_leetspeak_30,G_00480,en,E3_obfuscated,0,0.0006908777868375182,0,D1_00481,,O1_leetspeak,0.3
D1_00481__O2_char_spacing_10,G_00480,en,E3_obfuscated,0,0.002380048856139183,0,D1_00481,,O2_char_spacing,0.1
D1_00481__O2_char_spacing_20,G_00480,en,E3_obfuscated,0,0.002380048856139183,0,D1_00481,,O2_char_spacing,0.2
D1_00481__O2_char_spacing_30,G_00480,en,E3_obfuscated,0,0.9764334559440613,1,D1_00481,,O2_char_spacing,0.3
D1_00481__O3_zero_width_10,G_00480,en,E3_obfuscated,0,0.0010041226632893085,0,D1_00481,,O3_zero_width,0.1
D1_00481__O3_zero_width_20,G_00480,en,E3_obfuscated,0,0.003190068295225501,0,D1_00481,,O3_zero_width,0.2
D1_00481__O3_zero_width_30,G_00480,en,E3_obfuscated,0,0.05297892540693283,0,D1_00481,,O3_zero_width,0.3
D1_00481__O4_homoglyph_10,G_00480,en,E3_obfuscated,0,0.0005108555778861046,0,D1_00481,,O4_homoglyph,0.1
D1_00481__O4_homoglyph_20,G_00480,en,E3_obfuscated,0,0.0008257589652203023,0,D1_00481,,O4_homoglyph,0.2
D1_00481__O4_homoglyph_30,G_00480,en,E3_obfuscated,0,0.0010128041030839086,0,D1_00481,,O4_homoglyph,0.3
D1_00481__O6_random_case_10,G_00480,en,E3_obfuscated,0,0.0004803118936251849,0,D1_00481,,O6_random_case,0.1
D1_00481__O6_random_case_20,G_00480,en,E3_obfuscated,0,0.0005045756697654724,0,D1_00481,,O6_random_case,0.2
D1_00481__O6_random_case_30,G_00480,en,E3_obfuscated,0,0.9951671361923218,1,D1_00481,,O6_random_case,0.3
D1_00481__O7_typo_10,G_00480,en,E3_obfuscated,0,0.0004632463096641004,0,D1_00481,,O7_typo,0.1
D1_00481__O7_typo_20,G_00480,en,E3_obfuscated,0,0.000615701253991574,0,D1_00481,,O7_typo,0.2
D1_00481__O7_typo_30,G_00480,en,E3_obfuscated,0,0.0004750012303702533,0,D1_00481,,O7_typo,0.3
D1_00481__O5_base64_100,G_00480,en,E3_obfuscated,0,0.9991194605827332,1,D1_00481,,O5_base64,1.0
D1_00484__O1_leetspeak_10,G_00483,en,E3_obfuscated,1,0.9991638660430908,1,D1_00484,,O1_leetspeak,0.1
D1_00484__O1_leetspeak_20,G_00483,en,E3_obfuscated,1,0.9992226362228394,1,D1_00484,,O1_leetspeak,0.2
D1_00484__O1_leetspeak_30,G_00483,en,E3_obfuscated,1,0.9991961121559143,1,D1_00484,,O1_leetspeak,0.3
D1_00484__O2_char_spacing_10,G_00483,en,E3_obfuscated,1,0.9992343187332153,1,D1_00484,,O2_char_spacing,0.1
D1_00484__O2_char_spacing_20,G_00483,en,E3_obfuscated,1,0.9991841912269592,1,D1_00484,,O2_char_spacing,0.2
D1_00484__O2_char_spacing_30,G_00483,en,E3_obfuscated,1,0.999305248260498,1,D1_00484,,O2_char_spacing,0.3
D1_00484__O3_zero_width_10,G_00483,en,E3_obfuscated,1,0.9992573857307434,1,D1_00484,,O3_zero_width,0.1
D1_00484__O3_zero_width_20,G_00483,en,E3_obfuscated,1,0.9992672801017761,1,D1_00484,,O3_zero_width,0.2
D1_00484__O3_zero_width_30,G_00483,en,E3_obfuscated,1,0.9992000460624695,1,D1_00484,,O3_zero_width,0.3
D1_00484__O4_homoglyph_10,G_00483,en,E3_obfuscated,1,0.9991374015808105,1,D1_00484,,O4_homoglyph,0.1
D1_00484__O4_homoglyph_20,G_00483,en,E3_obfuscated,1,0.9992169141769409,1,D1_00484,,O4_homoglyph,0.2
D1_00484__O4_homoglyph_30,G_00483,en,E3_obfuscated,1,0.9992345571517944,1,D1_00484,,O4_homoglyph,0.3
D1_00484__O6_random_case_10,G_00483,en,E3_obfuscated,1,0.9991874098777771,1,D1_00484,,O6_random_case,0.1
D1_00484__O6_random_case_20,G_00483,en,E3_obfuscated,1,0.9992425441741943,1,D1_00484,,O6_random_case,0.2
D1_00484__O6_random_case_30,G_00483,en,E3_obfuscated,1,0.9992266893386841,1,D1_00484,,O6_random_case,0.3
D1_00484__O7_typo_10,G_00483,en,E3_obfuscated,1,0.9991875290870667,1,D1_00484,,O7_typo,0.1
D1_00484__O7_typo_20,G_00483,en,E3_obfuscated,1,0.9991505146026611,1,D1_00484,,O7_typo,0.2
D1_00484__O7_typo_30,G_00483,en,E3_obfuscated,1,0.9992173910140991,1,D1_00484,,O7_typo,0.3
D1_00484__O5_base64_100,G_00483,en,E3_obfuscated,1,0.9991983771324158,1,D1_00484,,O5_base64,1.0
D1_00498__O1_leetspeak_10,G_00497,other,E3_obfuscated,1,0.9992848038673401,1,D1_00498,,O1_leetspeak,0.1
D1_00498__O1_leetspeak_20,G_00497,other,E3_obfuscated,1,0.9992954730987549,1,D1_00498,,O1_leetspeak,0.2
D1_00498__O1_leetspeak_30,G_00497,other,E3_obfuscated,1,0.9992609620094299,1,D1_00498,,O1_leetspeak,0.3
D1_00498__O2_char_spacing_10,G_00497,other,E3_obfuscated,1,0.9992653727531433,1,D1_00498,,O2_char_spacing,0.1
D1_00498__O2_char_spacing_20,G_00497,other,E3_obfuscated,1,0.999294638633728,1,D1_00498,,O2_char_spacing,0.2
D1_00498__O2_char_spacing_30,G_00497,other,E3_obfuscated,1,0.9992212057113647,1,D1_00498,,O2_char_spacing,0.3
D1_00498__O3_zero_width_10,G_00497,other,E3_obfuscated,1,0.9992746710777283,1,D1_00498,,O3_zero_width,0.1
D1_00498__O3_zero_width_20,G_00497,other,E3_obfuscated,1,0.9992534518241882,1,D1_00498,,O3_zero_width,0.2
D1_00498__O3_zero_width_30,G_00497,other,E3_obfuscated,1,0.9991835951805115,1,D1_00498,,O3_zero_width,0.3
D1_00498__O4_homoglyph_10,G_00497,other,E3_obfuscated,1,0.9992908239364624,1,D1_00498,,O4_homoglyph,0.1
D1_00498__O4_homoglyph_20,G_00497,other,E3_obfuscated,1,0.9992521405220032,1,D1_00498,,O4_homoglyph,0.2
D1_00498__O4_homoglyph_30,G_00497,other,E3_obfuscated,1,0.9992434978485107,1,D1_00498,,O4_homoglyph,0.3
D1_00498__O6_random_case_10,G_00497,other,E3_obfuscated,1,0.9992849230766296,1,D1_00498,,O6_random_case,0.1
D1_00498__O6_random_case_20,G_00497,other,E3_obfuscated,1,0.9991949200630188,1,D1_00498,,O6_random_case,0.2
D1_00498__O6_random_case_30,G_00497,other,E3_obfuscated,1,0.9991915822029114,1,D1_00498,,O6_random_case,0.3
D1_00498__O7_typo_10,G_00497,other,E3_obfuscated,1,0.9992838501930237,1,D1_00498,,O7_typo,0.1
D1_00498__O7_typo_20,G_00497,other,E3_obfuscated,1,0.999271810054779,1,D1_00498,,O7_typo,0.2
D1_00498__O7_typo_30,G_00497,other,E3_obfuscated,1,0.9993107318878174,1,D1_00498,,O7_typo,0.3
D1_00498__O5_base64_100,G_00497,other,E3_obfuscated,1,0.9989957213401794,1,D1_00498,,O5_base64,1.0
D1_00502__O1_leetspeak_10,G_00501,other,E3_obfuscated,1,0.9993485808372498,1,D1_00502,,O1_leetspeak,0.1
D1_00502__O1_leetspeak_20,G_00501,other,E3_obfuscated,1,0.9993416666984558,1,D1_00502,,O1_leetspeak,0.2
D1_00502__O1_leetspeak_30,G_00501,other,E3_obfuscated,1,0.9992757439613342,1,D1_00502,,O1_leetspeak,0.3
D1_00502__O2_char_spacing_10,G_00501,other,E3_obfuscated,1,0.9993258714675903,1,D1_00502,,O2_char_spacing,0.1
D1_00502__O2_char_spacing_20,G_00501,other,E3_obfuscated,1,0.9993078708648682,1,D1_00502,,O2_char_spacing,0.2
D1_00502__O2_char_spacing_30,G_00501,other,E3_obfuscated,1,0.9992691874504089,1,D1_00502,,O2_char_spacing,0.3
D1_00502__O3_zero_width_10,G_00501,other,E3_obfuscated,1,0.9992747902870178,1,D1_00502,,O3_zero_width,0.1
D1_00502__O3_zero_width_20,G_00501,other,E3_obfuscated,1,0.9992974996566772,1,D1_00502,,O3_zero_width,0.2
D1_00502__O3_zero_width_30,G_00501,other,E3_obfuscated,1,0.999049961566925,1,D1_00502,,O3_zero_width,0.3
D1_00502__O4_homoglyph_10,G_00501,other,E3_obfuscated,1,0.9993417859077454,1,D1_00502,,O4_homoglyph,0.1
D1_00502__O4_homoglyph_20,G_00501,other,E3_obfuscated,1,0.999294638633728,1,D1_00502,,O4_homoglyph,0.2
D1_00502__O4_homoglyph_30,G_00501,other,E3_obfuscated,1,0.9992448091506958,1,D1_00502,,O4_homoglyph,0.3
D1_00502__O6_random_case_10,G_00501,other,E3_obfuscated,1,0.9993189573287964,1,D1_00502,,O6_random_case,0.1
D1_00502__O6_random_case_20,G_00501,other,E3_obfuscated,1,0.9991528987884521,1,D1_00502,,O6_random_case,0.2
D1_00502__O6_random_case_30,G_00501,other,E3_obfuscated,1,0.9991311430931091,1,D1_00502,,O6_random_case,0.3
D1_00502__O7_typo_10,G_00501,other,E3_obfuscated,1,0.999214768409729,1,D1_00502,,O7_typo,0.1
D1_00502__O7_typo_20,G_00501,other,E3_obfuscated,1,0.9992844462394714,1,D1_00502,,O7_typo,0.2
D1_00502__O7_typo_30,G_00501,other,E3_obfuscated,1,0.9992401599884033,1,D1_00502,,O7_typo,0.3
D1_00502__O5_base64_100,G_00501,other,E3_obfuscated,1,0.9990467429161072,1,D1_00502,,O5_base64,1.0
D1_00505__O1_leetspeak_10,G_00504,en,E3_obfuscated,1,0.9991899132728577,1,D1_00505,,O1_leetspeak,0.1
D1_00505__O1_leetspeak_20,G_00504,en,E3_obfuscated,1,0.9991815686225891,1,D1_00505,,O1_leetspeak,0.2
D1_00505__O1_leetspeak_30,G_00504,en,E3_obfuscated,1,0.9991613626480103,1,D1_00505,,O1_leetspeak,0.3
D1_00505__O2_char_spacing_10,G_00504,en,E3_obfuscated,1,0.9991686344146729,1,D1_00505,,O2_char_spacing,0.1
D1_00505__O2_char_spacing_20,G_00504,en,E3_obfuscated,1,0.9991967082023621,1,D1_00505,,O2_char_spacing,0.2
D1_00505__O2_char_spacing_30,G_00504,en,E3_obfuscated,1,0.9991482496261597,1,D1_00505,,O2_char_spacing,0.3
D1_00505__O3_zero_width_10,G_00504,en,E3_obfuscated,1,0.9992014765739441,1,D1_00505,,O3_zero_width,0.1
D1_00505__O3_zero_width_20,G_00504,en,E3_obfuscated,1,0.9992061257362366,1,D1_00505,,O3_zero_width,0.2
D1_00505__O3_zero_width_30,G_00504,en,E3_obfuscated,1,0.9991419315338135,1,D1_00505,,O3_zero_width,0.3
D1_00505__O4_homoglyph_10,G_00504,en,E3_obfuscated,1,0.999131977558136,1,D1_00505,,O4_homoglyph,0.1
D1_00505__O4_homoglyph_20,G_00504,en,E3_obfuscated,1,0.999157190322876,1,D1_00505,,O4_homoglyph,0.2
D1_00505__O4_homoglyph_30,G_00504,en,E3_obfuscated,1,0.9991469383239746,1,D1_00505,,O4_homoglyph,0.3
D1_00505__O6_random_case_10,G_00504,en,E3_obfuscated,1,0.9991900324821472,1,D1_00505,,O6_random_case,0.1
D1_00505__O6_random_case_20,G_00504,en,E3_obfuscated,1,0.9991409778594971,1,D1_00505,,O6_random_case,0.2
D1_00505__O6_random_case_30,G_00504,en,E3_obfuscated,1,0.9992387294769287,1,D1_00505,,O6_random_case,0.3
D1_00505__O7_typo_10,G_00504,en,E3_obfuscated,1,0.9991844296455383,1,D1_00505,,O7_typo,0.1
D1_00505__O7_typo_20,G_00504,en,E3_obfuscated,1,0.9991909861564636,1,D1_00505,,O7_typo,0.2
D1_00505__O7_typo_30,G_00504,en,E3_obfuscated,1,0.9991914629936218,1,D1_00505,,O7_typo,0.3
D1_00505__O5_base64_100,G_00504,en,E3_obfuscated,1,0.9990249872207642,1,D1_00505,,O5_base64,1.0
D1_00512__O1_leetspeak_10,G_00258,other,E3_obfuscated,1,0.999303936958313,1,D1_00512,,O1_leetspeak,0.1
D1_00512__O1_leetspeak_20,G_00258,other,E3_obfuscated,1,0.9992039799690247,1,D1_00512,,O1_leetspeak,0.2
D1_00512__O1_leetspeak_30,G_00258,other,E3_obfuscated,1,0.9992714524269104,1,D1_00512,,O1_leetspeak,0.3
D1_00512__O2_char_spacing_10,G_00258,other,E3_obfuscated,1,0.9993231296539307,1,D1_00512,,O2_char_spacing,0.1
D1_00512__O2_char_spacing_20,G_00258,other,E3_obfuscated,1,0.9993189573287964,1,D1_00512,,O2_char_spacing,0.2
D1_00512__O2_char_spacing_30,G_00258,other,E3_obfuscated,1,0.9992189407348633,1,D1_00512,,O2_char_spacing,0.3
D1_00512__O3_zero_width_10,G_00258,other,E3_obfuscated,1,0.9993057250976562,1,D1_00512,,O3_zero_width,0.1
D1_00512__O3_zero_width_20,G_00258,other,E3_obfuscated,1,0.9991788268089294,1,D1_00512,,O3_zero_width,0.2
D1_00512__O3_zero_width_30,G_00258,other,E3_obfuscated,1,0.9991986155509949,1,D1_00512,,O3_zero_width,0.3
D1_00512__O4_homoglyph_10,G_00258,other,E3_obfuscated,1,0.9992948770523071,1,D1_00512,,O4_homoglyph,0.1
D1_00512__O4_homoglyph_20,G_00258,other,E3_obfuscated,1,0.9992814660072327,1,D1_00512,,O4_homoglyph,0.2
D1_00512__O4_homoglyph_30,G_00258,other,E3_obfuscated,1,0.9992196559906006,1,D1_00512,,O4_homoglyph,0.3
D1_00512__O6_random_case_10,G_00258,other,E3_obfuscated,1,0.9992334842681885,1,D1_00512,,O6_random_case,0.1
D1_00512__O6_random_case_20,G_00258,other,E3_obfuscated,1,0.99920254945755,1,D1_00512,,O6_random_case,0.2
D1_00512__O6_random_case_30,G_00258,other,E3_obfuscated,1,0.9991071820259094,1,D1_00512,,O6_random_case,0.3
D1_00512__O7_typo_10,G_00258,other,E3_obfuscated,1,0.9991723299026489,1,D1_00512,,O7_typo,0.1
D1_00512__O7_typo_20,G_00258,other,E3_obfuscated,1,0.999261200428009,1,D1_00512,,O7_typo,0.2
D1_00512__O7_typo_30,G_00258,other,E3_obfuscated,1,0.9992181062698364,1,D1_00512,,O7_typo,0.3
D1_00512__O5_base64_100,G_00258,other,E3_obfuscated,1,0.9990493655204773,1,D1_00512,,O5_base64,1.0
D1_00514__O1_leetspeak_10,G_00513,en,E3_obfuscated,1,0.9992675185203552,1,D1_00514,,O1_leetspeak,0.1
D1_00514__O1_leetspeak_20,G_00513,en,E3_obfuscated,1,0.9992542862892151,1,D1_00514,,O1_leetspeak,0.2
D1_00514__O1_leetspeak_30,G_00513,en,E3_obfuscated,1,0.9991773962974548,1,D1_00514,,O1_leetspeak,0.3
D1_00514__O2_char_spacing_10,G_00513,en,E3_obfuscated,1,0.999075174331665,1,D1_00514,,O2_char_spacing,0.1
D1_00514__O2_char_spacing_20,G_00513,en,E3_obfuscated,1,0.9991349577903748,1,D1_00514,,O2_char_spacing,0.2
D1_00514__O2_char_spacing_30,G_00513,en,E3_obfuscated,1,0.9992802739143372,1,D1_00514,,O2_char_spacing,0.3
D1_00514__O3_zero_width_10,G_00513,en,E3_obfuscated,1,0.9992832541465759,1,D1_00514,,O3_zero_width,0.1
D1_00514__O3_zero_width_20,G_00513,en,E3_obfuscated,1,0.9990831613540649,1,D1_00514,,O3_zero_width,0.2
D1_00514__O3_zero_width_30,G_00513,en,E3_obfuscated,1,0.9990622401237488,1,D1_00514,,O3_zero_width,0.3
D1_00514__O4_homoglyph_10,G_00513,en,E3_obfuscated,1,0.9991512298583984,1,D1_00514,,O4_homoglyph,0.1
D1_00514__O4_homoglyph_20,G_00513,en,E3_obfuscated,1,0.9990826845169067,1,D1_00514,,O4_homoglyph,0.2
D1_00514__O4_homoglyph_30,G_00513,en,E3_obfuscated,1,0.9990711212158203,1,D1_00514,,O4_homoglyph,0.3
D1_00514__O6_random_case_10,G_00513,en,E3_obfuscated,1,0.9992764592170715,1,D1_00514,,O6_random_case,0.1
D1_00514__O6_random_case_20,G_00513,en,E3_obfuscated,1,0.9992150068283081,1,D1_00514,,O6_random_case,0.2
D1_00514__O6_random_case_30,G_00513,en,E3_obfuscated,1,0.9991931319236755,1,D1_00514,,O6_random_case,0.3
D1_00514__O7_typo_10,G_00513,en,E3_obfuscated,1,0.9984059929847717,1,D1_00514,,O7_typo,0.1
D1_00514__O7_typo_20,G_00513,en,E3_obfuscated,1,0.9989845156669617,1,D1_00514,,O7_typo,0.2
D1_00514__O7_typo_30,G_00513,en,E3_obfuscated,1,0.9993053674697876,1,D1_00514,,O7_typo,0.3
D1_00514__O5_base64_100,G_00513,en,E3_obfuscated,1,0.9990984201431274,1,D1_00514,,O5_base64,1.0
D1_00530__O1_leetspeak_10,G_00529,en,E3_obfuscated,1,0.9991461038589478,1,D1_00530,,O1_leetspeak,0.1
D1_00530__O1_leetspeak_20,G_00529,en,E3_obfuscated,1,0.9992332458496094,1,D1_00530,,O1_leetspeak,0.2
D1_00530__O1_leetspeak_30,G_00529,en,E3_obfuscated,1,0.9991583824157715,1,D1_00530,,O1_leetspeak,0.3
D1_00530__O2_char_spacing_10,G_00529,en,E3_obfuscated,1,0.9990569949150085,1,D1_00530,,O2_char_spacing,0.1
D1_00530__O2_char_spacing_20,G_00529,en,E3_obfuscated,1,0.9992251396179199,1,D1_00530,,O2_char_spacing,0.2
D1_00530__O2_char_spacing_30,G_00529,en,E3_obfuscated,1,0.9991651773452759,1,D1_00530,,O2_char_spacing,0.3
D1_00530__O3_zero_width_10,G_00529,en,E3_obfuscated,1,0.9990845918655396,1,D1_00530,,O3_zero_width,0.1
D1_00530__O3_zero_width_20,G_00529,en,E3_obfuscated,1,0.9992096424102783,1,D1_00530,,O3_zero_width,0.2
D1_00530__O3_zero_width_30,G_00529,en,E3_obfuscated,1,0.9989938139915466,1,D1_00530,,O3_zero_width,0.3
D1_00530__O4_homoglyph_10,G_00529,en,E3_obfuscated,1,0.9992437362670898,1,D1_00530,,O4_homoglyph,0.1
D1_00530__O4_homoglyph_20,G_00529,en,E3_obfuscated,1,0.9992766976356506,1,D1_00530,,O4_homoglyph,0.2
D1_00530__O4_homoglyph_30,G_00529,en,E3_obfuscated,1,0.9992214441299438,1,D1_00530,,O4_homoglyph,0.3
D1_00530__O6_random_case_10,G_00529,en,E3_obfuscated,1,0.9992334842681885,1,D1_00530,,O6_random_case,0.1
D1_00530__O6_random_case_20,G_00529,en,E3_obfuscated,1,0.999119222164154,1,D1_00530,,O6_random_case,0.2
D1_00530__O6_random_case_30,G_00529,en,E3_obfuscated,1,0.99908447265625,1,D1_00530,,O6_random_case,0.3
D1_00530__O7_typo_10,G_00529,en,E3_obfuscated,1,0.9990719556808472,1,D1_00530,,O7_typo,0.1
D1_00530__O7_typo_20,G_00529,en,E3_obfuscated,1,0.9990501999855042,1,D1_00530,,O7_typo,0.2
D1_00530__O7_typo_30,G_00529,en,E3_obfuscated,1,0.9992608428001404,1,D1_00530,,O7_typo,0.3
D1_00530__O5_base64_100,G_00529,en,E3_obfuscated,1,0.9990425705909729,1,D1_00530,,O5_base64,1.0
D1_00544__O1_leetspeak_10,G_00543,other,E3_obfuscated,1,0.9989114999771118,1,D1_00544,,O1_leetspeak,0.1
D1_00544__O1_leetspeak_20,G_00543,other,E3_obfuscated,1,0.9969315528869629,1,D1_00544,,O1_leetspeak,0.2
D1_00544__O1_leetspeak_30,G_00543,other,E3_obfuscated,1,0.9992713332176208,1,D1_00544,,O1_leetspeak,0.3
D1_00544__O2_char_spacing_10,G_00543,other,E3_obfuscated,1,0.99904865026474,1,D1_00544,,O2_char_spacing,0.1
D1_00544__O2_char_spacing_20,G_00543,other,E3_obfuscated,1,0.9988456964492798,1,D1_00544,,O2_char_spacing,0.2
D1_00544__O2_char_spacing_30,G_00543,other,E3_obfuscated,1,0.998539924621582,1,D1_00544,,O2_char_spacing,0.3
D1_00544__O3_zero_width_10,G_00543,other,E3_obfuscated,1,0.9986763596534729,1,D1_00544,,O3_zero_width,0.1
D1_00544__O3_zero_width_20,G_00543,other,E3_obfuscated,1,0.9991739392280579,1,D1_00544,,O3_zero_width,0.2
D1_00544__O3_zero_width_30,G_00543,other,E3_obfuscated,1,0.9991069436073303,1,D1_00544,,O3_zero_width,0.3
D1_00544__O4_homoglyph_10,G_00543,other,E3_obfuscated,1,0.9984912872314453,1,D1_00544,,O4_homoglyph,0.1
D1_00544__O4_homoglyph_20,G_00543,other,E3_obfuscated,1,0.9988484382629395,1,D1_00544,,O4_homoglyph,0.2
D1_00544__O4_homoglyph_30,G_00543,other,E3_obfuscated,1,0.9991214871406555,1,D1_00544,,O4_homoglyph,0.3
D1_00544__O6_random_case_10,G_00543,other,E3_obfuscated,1,0.9990742206573486,1,D1_00544,,O6_random_case,0.1
D1_00544__O6_random_case_20,G_00543,other,E3_obfuscated,1,0.999140739440918,1,D1_00544,,O6_random_case,0.2
D1_00544__O6_random_case_30,G_00543,other,E3_obfuscated,1,0.9991546869277954,1,D1_00544,,O6_random_case,0.3
D1_00544__O7_typo_10,G_00543,other,E3_obfuscated,1,0.9957243204116821,1,D1_00544,,O7_typo,0.1
D1_00544__O7_typo_20,G_00543,other,E3_obfuscated,1,0.9969852566719055,1,D1_00544,,O7_typo,0.2
D1_00544__O7_typo_30,G_00543,other,E3_obfuscated,1,0.9973689317703247,1,D1_00544,,O7_typo,0.3
D1_00544__O5_base64_100,G_00543,other,E3_obfuscated,1,0.9990712404251099,1,D1_00544,,O5_base64,1.0
D1_00560__O1_leetspeak_10,G_00559,en,E3_obfuscated,0,0.0005424209521152079,0,D1_00560,,O1_leetspeak,0.1
D1_00560__O1_leetspeak_20,G_00559,en,E3_obfuscated,0,0.0006937998114153743,0,D1_00560,,O1_leetspeak,0.2
D1_00560__O1_leetspeak_30,G_00559,en,E3_obfuscated,0,0.0007195224170573056,0,D1_00560,,O1_leetspeak,0.3
D1_00560__O2_char_spacing_10,G_00559,en,E3_obfuscated,0,0.0007640812546014786,0,D1_00560,,O2_char_spacing,0.1
D1_00560__O2_char_spacing_20,G_00559,en,E3_obfuscated,0,0.004066924564540386,0,D1_00560,,O2_char_spacing,0.2
D1_00560__O2_char_spacing_30,G_00559,en,E3_obfuscated,0,0.9978373646736145,1,D1_00560,,O2_char_spacing,0.3
D1_00560__O3_zero_width_10,G_00559,en,E3_obfuscated,0,0.24156174063682556,0,D1_00560,,O3_zero_width,0.1
D1_00560__O3_zero_width_20,G_00559,en,E3_obfuscated,0,0.9570314288139343,1,D1_00560,,O3_zero_width,0.2
D1_00560__O3_zero_width_30,G_00559,en,E3_obfuscated,0,0.9975269436836243,1,D1_00560,,O3_zero_width,0.3
D1_00560__O4_homoglyph_10,G_00559,en,E3_obfuscated,0,0.0005027010338380933,0,D1_00560,,O4_homoglyph,0.1
D1_00560__O4_homoglyph_20,G_00559,en,E3_obfuscated,0,0.02015199512243271,0,D1_00560,,O4_homoglyph,0.2
D1_00560__O4_homoglyph_30,G_00559,en,E3_obfuscated,0,0.006267173681408167,0,D1_00560,,O4_homoglyph,0.3
D1_00560__O6_random_case_10,G_00559,en,E3_obfuscated,0,0.984847366809845,1,D1_00560,,O6_random_case,0.1
D1_00560__O6_random_case_20,G_00559,en,E3_obfuscated,0,0.9980605244636536,1,D1_00560,,O6_random_case,0.2
D1_00560__O6_random_case_30,G_00559,en,E3_obfuscated,0,0.0011267457157373428,0,D1_00560,,O6_random_case,0.3
D1_00560__O7_typo_10,G_00559,en,E3_obfuscated,0,0.0005438746302388608,0,D1_00560,,O7_typo,0.1
D1_00560__O7_typo_20,G_00559,en,E3_obfuscated,0,0.0005438746302388608,0,D1_00560,,O7_typo,0.2
D1_00560__O7_typo_30,G_00559,en,E3_obfuscated,0,0.0011720898328348994,0,D1_00560,,O7_typo,0.3
D1_00560__O5_base64_100,G_00559,en,E3_obfuscated,0,0.999151349067688,1,D1_00560,,O5_base64,1.0
D1_00569__O1_leetspeak_10,G_00568,en,E3_obfuscated,0,0.0009136208100244403,0,D1_00569,,O1_leetspeak,0.1
D1_00569__O1_leetspeak_20,G_00568,en,E3_obfuscated,0,0.8602302074432373,1,D1_00569,,O1_leetspeak,0.2
D1_00569__O1_leetspeak_30,G_00568,en,E3_obfuscated,0,0.997276246547699,1,D1_00569,,O1_leetspeak,0.3
D1_00569__O2_char_spacing_10,G_00568,en,E3_obfuscated,0,0.0007461413042619824,0,D1_00569,,O2_char_spacing,0.1
D1_00569__O2_char_spacing_20,G_00568,en,E3_obfuscated,0,0.9456678628921509,1,D1_00569,,O2_char_spacing,0.2
D1_00569__O2_char_spacing_30,G_00568,en,E3_obfuscated,0,0.903243362903595,1,D1_00569,,O2_char_spacing,0.3
D1_00569__O3_zero_width_10,G_00568,en,E3_obfuscated,0,0.0011939207324758172,0,D1_00569,,O3_zero_width,0.1
D1_00569__O3_zero_width_20,G_00568,en,E3_obfuscated,0,0.3186711072921753,1,D1_00569,,O3_zero_width,0.2
D1_00569__O3_zero_width_30,G_00568,en,E3_obfuscated,0,0.9988470077514648,1,D1_00569,,O3_zero_width,0.3
D1_00569__O4_homoglyph_10,G_00568,en,E3_obfuscated,0,0.0009358658571727574,0,D1_00569,,O4_homoglyph,0.1
D1_00569__O4_homoglyph_20,G_00568,en,E3_obfuscated,0,0.21956045925617218,0,D1_00569,,O4_homoglyph,0.2
D1_00569__O4_homoglyph_30,G_00568,en,E3_obfuscated,0,0.9987117052078247,1,D1_00569,,O4_homoglyph,0.3
D1_00569__O6_random_case_10,G_00568,en,E3_obfuscated,0,0.0008662616019137204,0,D1_00569,,O6_random_case,0.1
D1_00569__O6_random_case_20,G_00568,en,E3_obfuscated,0,0.9989485144615173,1,D1_00569,,O6_random_case,0.2
D1_00569__O6_random_case_30,G_00568,en,E3_obfuscated,0,0.9991000890731812,1,D1_00569,,O6_random_case,0.3
D1_00569__O7_typo_10,G_00568,en,E3_obfuscated,0,0.0004307673079892993,0,D1_00569,,O7_typo,0.1
D1_00569__O7_typo_20,G_00568,en,E3_obfuscated,0,0.0004307673079892993,0,D1_00569,,O7_typo,0.2
D1_00569__O7_typo_30,G_00568,en,E3_obfuscated,0,0.0005174395628273487,0,D1_00569,,O7_typo,0.3
D1_00569__O5_base64_100,G_00568,en,E3_obfuscated,0,0.9992256164550781,1,D1_00569,,O5_base64,1.0
D1_00582__O1_leetspeak_10,G_00581,en,E3_obfuscated,0,0.0006205858662724495,0,D1_00582,,O1_leetspeak,0.1
D1_00582__O1_leetspeak_20,G_00581,en,E3_obfuscated,0,0.9740602970123291,1,D1_00582,,O1_leetspeak,0.2
D1_00582__O1_leetspeak_30,G_00581,en,E3_obfuscated,0,0.9990505576133728,1,D1_00582,,O1_leetspeak,0.3
D1_00582__O2_char_spacing_10,G_00581,en,E3_obfuscated,0,0.7114402651786804,1,D1_00582,,O2_char_spacing,0.1
D1_00582__O2_char_spacing_20,G_00581,en,E3_obfuscated,0,0.9638645648956299,1,D1_00582,,O2_char_spacing,0.2
D1_00582__O2_char_spacing_30,G_00581,en,E3_obfuscated,0,0.996557354927063,1,D1_00582,,O2_char_spacing,0.3
D1_00582__O3_zero_width_10,G_00581,en,E3_obfuscated,0,0.0011699569877237082,0,D1_00582,,O3_zero_width,0.1
D1_00582__O3_zero_width_20,G_00581,en,E3_obfuscated,0,0.987592875957489,1,D1_00582,,O3_zero_width,0.2
D1_00582__O3_zero_width_30,G_00581,en,E3_obfuscated,0,0.99908447265625,1,D1_00582,,O3_zero_width,0.3
D1_00582__O4_homoglyph_10,G_00581,en,E3_obfuscated,0,0.01297482568770647,0,D1_00582,,O4_homoglyph,0.1
D1_00582__O4_homoglyph_20,G_00581,en,E3_obfuscated,0,0.9858608245849609,1,D1_00582,,O4_homoglyph,0.2
D1_00582__O4_homoglyph_30,G_00581,en,E3_obfuscated,0,0.9980304837226868,1,D1_00582,,O4_homoglyph,0.3
D1_00582__O6_random_case_10,G_00581,en,E3_obfuscated,0,0.6438997983932495,1,D1_00582,,O6_random_case,0.1
D1_00582__O6_random_case_20,G_00581,en,E3_obfuscated,0,0.9991959929466248,1,D1_00582,,O6_random_case,0.2
D1_00582__O6_random_case_30,G_00581,en,E3_obfuscated,0,0.9989995360374451,1,D1_00582,,O6_random_case,0.3
D1_00582__O7_typo_10,G_00581,en,E3_obfuscated,0,0.0004507994162850082,0,D1_00582,,O7_typo,0.1
D1_00582__O7_typo_20,G_00581,en,E3_obfuscated,0,0.00047661058488301933,0,D1_00582,,O7_typo,0.2
D1_00582__O7_typo_30,G_00581,en,E3_obfuscated,0,0.00047426874516531825,0,D1_00582,,O7_typo,0.3
D1_00582__O5_base64_100,G_00581,en,E3_obfuscated,0,0.9992270469665527,1,D1_00582,,O5_base64,1.0
D1_00605__O1_leetspeak_10,G_00604,other,E3_obfuscated,0,0.00052740698447451,0,D1_00605,,O1_leetspeak,0.1
D1_00605__O1_leetspeak_20,G_00604,other,E3_obfuscated,0,0.1107526645064354,0,D1_00605,,O1_leetspeak,0.2
D1_00605__O1_leetspeak_30,G_00604,other,E3_obfuscated,0,0.9986124038696289,1,D1_00605,,O1_leetspeak,0.3
D1_00605__O2_char_spacing_10,G_00604,other,E3_obfuscated,0,0.99819415807724,1,D1_00605,,O2_char_spacing,0.1
D1_00605__O2_char_spacing_20,G_00604,other,E3_obfuscated,0,0.99819415807724,1,D1_00605,,O2_char_spacing,0.2
D1_00605__O2_char_spacing_30,G_00604,other,E3_obfuscated,0,0.99819415807724,1,D1_00605,,O2_char_spacing,0.3
D1_00605__O3_zero_width_10,G_00604,other,E3_obfuscated,0,0.00502361124381423,0,D1_00605,,O3_zero_width,0.1
D1_00605__O3_zero_width_20,G_00604,other,E3_obfuscated,0,0.9990084767341614,1,D1_00605,,O3_zero_width,0.2
D1_00605__O3_zero_width_30,G_00604,other,E3_obfuscated,0,0.9990147352218628,1,D1_00605,,O3_zero_width,0.3
D1_00605__O4_homoglyph_10,G_00604,other,E3_obfuscated,0,0.0005197391728870571,0,D1_00605,,O4_homoglyph,0.1
D1_00605__O4_homoglyph_20,G_00604,other,E3_obfuscated,0,0.0005435175844468176,0,D1_00605,,O4_homoglyph,0.2
D1_00605__O4_homoglyph_30,G_00604,other,E3_obfuscated,0,0.001635223743505776,0,D1_00605,,O4_homoglyph,0.3
D1_00605__O6_random_case_10,G_00604,other,E3_obfuscated,0,0.0005379307549446821,0,D1_00605,,O6_random_case,0.1
D1_00605__O6_random_case_20,G_00604,other,E3_obfuscated,0,0.998367965221405,1,D1_00605,,O6_random_case,0.2
D1_00605__O6_random_case_30,G_00604,other,E3_obfuscated,0,0.9990398287773132,1,D1_00605,,O6_random_case,0.3
D1_00605__O7_typo_10,G_00604,other,E3_obfuscated,0,0.00052941421745345,0,D1_00605,,O7_typo,0.1
D1_00605__O7_typo_20,G_00604,other,E3_obfuscated,0,0.0005149740027263761,0,D1_00605,,O7_typo,0.2
D1_00605__O7_typo_30,G_00604,other,E3_obfuscated,0,0.0005077825044281781,0,D1_00605,,O7_typo,0.3
D1_00605__O5_base64_100,G_00604,other,E3_obfuscated,0,0.9991920590400696,1,D1_00605,,O5_base64,1.0
D1_00606__O1_leetspeak_10,G_00605,other,E3_obfuscated,0,0.0006225063698366284,0,D1_00606,,O1_leetspeak,0.1
D1_00606__O1_leetspeak_20,G_00605,other,E3_obfuscated,0,0.07516993582248688,0,D1_00606,,O1_leetspeak,0.2
D1_00606__O1_leetspeak_30,G_00605,other,E3_obfuscated,0,0.9988362193107605,1,D1_00606,,O1_leetspeak,0.3
D1_00606__O2_char_spacing_10,G_00605,other,E3_obfuscated,0,0.11206815391778946,0,D1_00606,,O2_char_spacing,0.1
D1_00606__O2_char_spacing_20,G_00605,other,E3_obfuscated,0,0.9967913031578064,1,D1_00606,,O2_char_spacing,0.2
D1_00606__O2_char_spacing_30,G_00605,other,E3_obfuscated,0,0.9988021850585938,1,D1_00606,,O2_char_spacing,0.3
D1_00606__O3_zero_width_10,G_00605,other,E3_obfuscated,0,0.0051283640787005424,0,D1_00606,,O3_zero_width,0.1
D1_00606__O3_zero_width_20,G_00605,other,E3_obfuscated,0,0.9919447302818298,1,D1_00606,,O3_zero_width,0.2
D1_00606__O3_zero_width_30,G_00605,other,E3_obfuscated,0,0.9983322024345398,1,D1_00606,,O3_zero_width,0.3
D1_00606__O4_homoglyph_10,G_00605,other,E3_obfuscated,0,0.001136287464760244,0,D1_00606,,O4_homoglyph,0.1
D1_00606__O4_homoglyph_20,G_00605,other,E3_obfuscated,0,0.0018392789643257856,0,D1_00606,,O4_homoglyph,0.2
D1_00606__O4_homoglyph_30,G_00605,other,E3_obfuscated,0,0.9078642129898071,1,D1_00606,,O4_homoglyph,0.3
D1_00606__O6_random_case_10,G_00605,other,E3_obfuscated,0,0.0004494051681831479,0,D1_00606,,O6_random_case,0.1
D1_00606__O6_random_case_20,G_00605,other,E3_obfuscated,0,0.9985106587409973,1,D1_00606,,O6_random_case,0.2
D1_00606__O6_random_case_30,G_00605,other,E3_obfuscated,0,0.9991555213928223,1,D1_00606,,O6_random_case,0.3
D1_00606__O7_typo_10,G_00605,other,E3_obfuscated,0,0.0004565173585433513,0,D1_00606,,O7_typo,0.1
D1_00606__O7_typo_20,G_00605,other,E3_obfuscated,0,0.00044803685159422457,0,D1_00606,,O7_typo,0.2
D1_00606__O7_typo_30,G_00605,other,E3_obfuscated,0,0.0004650740884244442,0,D1_00606,,O7_typo,0.3
D1_00606__O5_base64_100,G_00605,other,E3_obfuscated,0,0.9991812109947205,1,D1_00606,,O5_base64,1.0
D1_00611__O1_leetspeak_10,G_00610,other,E3_obfuscated,0,0.9988051652908325,1,D1_00611,,O1_leetspeak,0.1
D1_00611__O1_leetspeak_20,G_00610,other,E3_obfuscated,0,0.9989125728607178,1,D1_00611,,O1_leetspeak,0.2
D1_00611__O1_leetspeak_30,G_00610,other,E3_obfuscated,0,0.9991525411605835,1,D1_00611,,O1_leetspeak,0.3
D1_00611__O2_char_spacing_10,G_00610,other,E3_obfuscated,0,0.9964652061462402,1,D1_00611,,O2_char_spacing,0.1
D1_00611__O2_char_spacing_20,G_00610,other,E3_obfuscated,0,0.9988561868667603,1,D1_00611,,O2_char_spacing,0.2
D1_00611__O2_char_spacing_30,G_00610,other,E3_obfuscated,0,0.9990997314453125,1,D1_00611,,O2_char_spacing,0.3
D1_00611__O3_zero_width_10,G_00610,other,E3_obfuscated,0,0.01363411732017994,0,D1_00611,,O3_zero_width,0.1
D1_00611__O3_zero_width_20,G_00610,other,E3_obfuscated,0,0.9984440207481384,1,D1_00611,,O3_zero_width,0.2
D1_00611__O3_zero_width_30,G_00610,other,E3_obfuscated,0,0.9990478157997131,1,D1_00611,,O3_zero_width,0.3
D1_00611__O4_homoglyph_10,G_00610,other,E3_obfuscated,0,0.0010592915350571275,0,D1_00611,,O4_homoglyph,0.1
D1_00611__O4_homoglyph_20,G_00610,other,E3_obfuscated,0,0.9893771409988403,1,D1_00611,,O4_homoglyph,0.2
D1_00611__O4_homoglyph_30,G_00610,other,E3_obfuscated,0,0.9990606904029846,1,D1_00611,,O4_homoglyph,0.3
D1_00611__O6_random_case_10,G_00610,other,E3_obfuscated,0,0.9991356730461121,1,D1_00611,,O6_random_case,0.1
D1_00611__O6_random_case_20,G_00610,other,E3_obfuscated,0,0.9992156028747559,1,D1_00611,,O6_random_case,0.2
D1_00611__O6_random_case_30,G_00610,other,E3_obfuscated,0,0.9991512298583984,1,D1_00611,,O6_random_case,0.3
D1_00611__O7_typo_10,G_00610,other,E3_obfuscated,0,0.0004983501276001334,0,D1_00611,,O7_typo,0.1
D1_00611__O7_typo_20,G_00610,other,E3_obfuscated,0,0.0005038722883909941,0,D1_00611,,O7_typo,0.2
D1_00611__O7_typo_30,G_00610,other,E3_obfuscated,0,0.0005303606740199029,0,D1_00611,,O7_typo,0.3
D1_00611__O5_base64_100,G_00610,other,E3_obfuscated,0,0.9992457628250122,1,D1_00611,,O5_base64,1.0
D1_00615__O1_leetspeak_10,G_00614,other,E3_obfuscated,0,0.0008604274480603635,0,D1_00615,,O1_leetspeak,0.1
D1_00615__O1_leetspeak_20,G_00614,other,E3_obfuscated,0,0.7660685777664185,1,D1_00615,,O1_leetspeak,0.2
D1_00615__O1_leetspeak_30,G_00614,other,E3_obfuscated,0,0.9982380867004395,1,D1_00615,,O1_leetspeak,0.3
D1_00615__O2_char_spacing_10,G_00614,other,E3_obfuscated,0,0.9888456463813782,1,D1_00615,,O2_char_spacing,0.1
D1_00615__O2_char_spacing_20,G_00614,other,E3_obfuscated,0,0.9983164072036743,1,D1_00615,,O2_char_spacing,0.2
D1_00615__O2_char_spacing_30,G_00614,other,E3_obfuscated,0,0.9975427389144897,1,D1_00615,,O2_char_spacing,0.3
D1_00615__O3_zero_width_10,G_00614,other,E3_obfuscated,0,0.004811475984752178,0,D1_00615,,O3_zero_width,0.1
D1_00615__O3_zero_width_20,G_00614,other,E3_obfuscated,0,0.9977551102638245,1,D1_00615,,O3_zero_width,0.2
D1_00615__O3_zero_width_30,G_00614,other,E3_obfuscated,0,0.9986922144889832,1,D1_00615,,O3_zero_width,0.3
D1_00615__O4_homoglyph_10,G_00614,other,E3_obfuscated,0,0.8870301842689514,1,D1_00615,,O4_homoglyph,0.1
D1_00615__O4_homoglyph_20,G_00614,other,E3_obfuscated,0,0.0005011616740375757,0,D1_00615,,O4_homoglyph,0.2
D1_00615__O4_homoglyph_30,G_00614,other,E3_obfuscated,0,0.0006512164254672825,0,D1_00615,,O4_homoglyph,0.3
D1_00615__O6_random_case_10,G_00614,other,E3_obfuscated,0,0.0005407268181443214,0,D1_00615,,O6_random_case,0.1
D1_00615__O6_random_case_20,G_00614,other,E3_obfuscated,0,0.998898983001709,1,D1_00615,,O6_random_case,0.2
D1_00615__O6_random_case_30,G_00614,other,E3_obfuscated,0,0.9990463852882385,1,D1_00615,,O6_random_case,0.3
D1_00615__O7_typo_10,G_00614,other,E3_obfuscated,0,0.000416867493186146,0,D1_00615,,O7_typo,0.1
D1_00615__O7_typo_20,G_00614,other,E3_obfuscated,0,0.000416867493186146,0,D1_00615,,O7_typo,0.2
D1_00615__O7_typo_30,G_00614,other,E3_obfuscated,0,0.00041608355240896344,0,D1_00615,,O7_typo,0.3
D1_00615__O5_base64_100,G_00614,other,E3_obfuscated,0,0.9992368221282959,1,D1_00615,,O5_base64,1.0
D1_00619__O1_leetspeak_10,G_00618,other,E3_obfuscated,0,0.009644783101975918,0,D1_00619,,O1_leetspeak,0.1
D1_00619__O1_leetspeak_20,G_00618,other,E3_obfuscated,0,0.9723532199859619,1,D1_00619,,O1_leetspeak,0.2
D1_00619__O1_leetspeak_30,G_00618,other,E3_obfuscated,0,0.9986374974250793,1,D1_00619,,O1_leetspeak,0.3
D1_00619__O2_char_spacing_10,G_00618,other,E3_obfuscated,0,0.00043872278183698654,0,D1_00619,,O2_char_spacing,0.1
D1_00619__O2_char_spacing_20,G_00618,other,E3_obfuscated,0,0.994592010974884,1,D1_00619,,O2_char_spacing,0.2
D1_00619__O2_char_spacing_30,G_00618,other,E3_obfuscated,0,0.9986169338226318,1,D1_00619,,O2_char_spacing,0.3
D1_00619__O3_zero_width_10,G_00618,other,E3_obfuscated,0,0.9976012110710144,1,D1_00619,,O3_zero_width,0.1
D1_00619__O3_zero_width_20,G_00618,other,E3_obfuscated,0,0.9969944953918457,1,D1_00619,,O3_zero_width,0.2
D1_00619__O3_zero_width_30,G_00618,other,E3_obfuscated,0,0.9991357922554016,1,D1_00619,,O3_zero_width,0.3
D1_00619__O4_homoglyph_10,G_00618,other,E3_obfuscated,0,0.0006933156400918961,0,D1_00619,,O4_homoglyph,0.1
D1_00619__O4_homoglyph_20,G_00618,other,E3_obfuscated,0,0.9794088006019592,1,D1_00619,,O4_homoglyph,0.2
D1_00619__O4_homoglyph_30,G_00618,other,E3_obfuscated,0,0.9968558549880981,1,D1_00619,,O4_homoglyph,0.3
D1_00619__O6_random_case_10,G_00618,other,E3_obfuscated,0,0.0006448528729379177,0,D1_00619,,O6_random_case,0.1
D1_00619__O6_random_case_20,G_00618,other,E3_obfuscated,0,0.9992341995239258,1,D1_00619,,O6_random_case,0.2
D1_00619__O6_random_case_30,G_00618,other,E3_obfuscated,0,0.9991509914398193,1,D1_00619,,O6_random_case,0.3
D1_00619__O7_typo_10,G_00618,other,E3_obfuscated,0,0.00043440659646876156,0,D1_00619,,O7_typo,0.1
D1_00619__O7_typo_20,G_00618,other,E3_obfuscated,0,0.00043312375782988966,0,D1_00619,,O7_typo,0.2
D1_00619__O7_typo_30,G_00618,other,E3_obfuscated,0,0.00046218730858527124,0,D1_00619,,O7_typo,0.3
D1_00619__O5_base64_100,G_00618,other,E3_obfuscated,0,0.999151349067688,1,D1_00619,,O5_base64,1.0
D1_00620__O1_leetspeak_10,G_00619,other,E3_obfuscated,0,0.000575115904211998,0,D1_00620,,O1_leetspeak,0.1
D1_00620__O1_leetspeak_20,G_00619,other,E3_obfuscated,0,0.9990065693855286,1,D1_00620,,O1_leetspeak,0.2
D1_00620__O1_leetspeak_30,G_00619,other,E3_obfuscated,0,0.9991235136985779,1,D1_00620,,O1_leetspeak,0.3
D1_00620__O2_char_spacing_10,G_00619,other,E3_obfuscated,0,0.9984778761863708,1,D1_00620,,O2_char_spacing,0.1
D1_00620__O2_char_spacing_20,G_00619,other,E3_obfuscated,0,0.9972151517868042,1,D1_00620,,O2_char_spacing,0.2
D1_00620__O2_char_spacing_30,G_00619,other,E3_obfuscated,0,0.9988406300544739,1,D1_00620,,O2_char_spacing,0.3
D1_00620__O3_zero_width_10,G_00619,other,E3_obfuscated,0,0.05621624365448952,0,D1_00620,,O3_zero_width,0.1
D1_00620__O3_zero_width_20,G_00619,other,E3_obfuscated,0,0.9485368132591248,1,D1_00620,,O3_zero_width,0.2
D1_00620__O3_zero_width_30,G_00619,other,E3_obfuscated,0,0.9991795420646667,1,D1_00620,,O3_zero_width,0.3
D1_00620__O4_homoglyph_10,G_00619,other,E3_obfuscated,0,0.04120202735066414,0,D1_00620,,O4_homoglyph,0.1
D1_00620__O4_homoglyph_20,G_00619,other,E3_obfuscated,0,0.02343980222940445,0,D1_00620,,O4_homoglyph,0.2
D1_00620__O4_homoglyph_30,G_00619,other,E3_obfuscated,0,0.993282675743103,1,D1_00620,,O4_homoglyph,0.3
D1_00620__O6_random_case_10,G_00619,other,E3_obfuscated,0,0.9958423972129822,1,D1_00620,,O6_random_case,0.1
D1_00620__O6_random_case_20,G_00619,other,E3_obfuscated,0,0.9992295503616333,1,D1_00620,,O6_random_case,0.2
D1_00620__O6_random_case_30,G_00619,other,E3_obfuscated,0,0.9991798996925354,1,D1_00620,,O6_random_case,0.3
D1_00620__O7_typo_10,G_00619,other,E3_obfuscated,0,0.00046649156138300896,0,D1_00620,,O7_typo,0.1
D1_00620__O7_typo_20,G_00619,other,E3_obfuscated,0,0.00047493280726484954,0,D1_00620,,O7_typo,0.2
D1_00620__O7_typo_30,G_00619,other,E3_obfuscated,0,0.00046891215606592596,0,D1_00620,,O7_typo,0.3
D1_00620__O5_base64_100,G_00619,other,E3_obfuscated,0,0.9989426732063293,1,D1_00620,,O5_base64,1.0
D1_00629__O1_leetspeak_10,G_00628,en,E3_obfuscated,0,0.0014588757185265422,0,D1_00629,,O1_leetspeak,0.1
D1_00629__O1_leetspeak_20,G_00628,en,E3_obfuscated,0,0.9436274170875549,1,D1_00629,,O1_leetspeak,0.2
D1_00629__O1_leetspeak_30,G_00628,en,E3_obfuscated,0,0.9972176551818848,1,D1_00629,,O1_leetspeak,0.3
D1_00629__O2_char_spacing_10,G_00628,en,E3_obfuscated,0,0.0007741079316474497,0,D1_00629,,O2_char_spacing,0.1
D1_00629__O2_char_spacing_20,G_00628,en,E3_obfuscated,0,0.63997483253479,1,D1_00629,,O2_char_spacing,0.2
D1_00629__O2_char_spacing_30,G_00628,en,E3_obfuscated,0,0.9986428618431091,1,D1_00629,,O2_char_spacing,0.3
D1_00629__O3_zero_width_10,G_00628,en,E3_obfuscated,0,0.9508095979690552,1,D1_00629,,O3_zero_width,0.1
D1_00629__O3_zero_width_20,G_00628,en,E3_obfuscated,0,0.9930434226989746,1,D1_00629,,O3_zero_width,0.2
D1_00629__O3_zero_width_30,G_00628,en,E3_obfuscated,0,0.999046266078949,1,D1_00629,,O3_zero_width,0.3
D1_00629__O4_homoglyph_10,G_00628,en,E3_obfuscated,0,0.0013093624729663134,0,D1_00629,,O4_homoglyph,0.1
D1_00629__O4_homoglyph_20,G_00628,en,E3_obfuscated,0,0.9969137907028198,1,D1_00629,,O4_homoglyph,0.2
D1_00629__O4_homoglyph_30,G_00628,en,E3_obfuscated,0,0.9986030459403992,1,D1_00629,,O4_homoglyph,0.3
D1_00629__O6_random_case_10,G_00628,en,E3_obfuscated,0,0.9910421371459961,1,D1_00629,,O6_random_case,0.1
D1_00629__O6_random_case_20,G_00628,en,E3_obfuscated,0,0.9990930557250977,1,D1_00629,,O6_random_case,0.2
D1_00629__O6_random_case_30,G_00628,en,E3_obfuscated,0,0.9989014863967896,1,D1_00629,,O6_random_case,0.3
D1_00629__O7_typo_10,G_00628,en,E3_obfuscated,0,0.0005730128614231944,0,D1_00629,,O7_typo,0.1
D1_00629__O7_typo_20,G_00628,en,E3_obfuscated,0,0.0005035458016209304,0,D1_00629,,O7_typo,0.2
D1_00629__O7_typo_30,G_00628,en,E3_obfuscated,0,0.0011336818570271134,0,D1_00629,,O7_typo,0.3
D1_00629__O5_base64_100,G_00628,en,E3_obfuscated,0,0.9992033839225769,1,D1_00629,,O5_base64,1.0
D1_00630__O1_leetspeak_10,G_00629,other,E3_obfuscated,1,0.9991402626037598,1,D1_00630,,O1_leetspeak,0.1
D1_00630__O1_leetspeak_20,G_00629,other,E3_obfuscated,1,0.9991395473480225,1,D1_00630,,O1_leetspeak,0.2
D1_00630__O1_leetspeak_30,G_00629,other,E3_obfuscated,1,0.9991931319236755,1,D1_00630,,O1_leetspeak,0.3
D1_00630__O2_char_spacing_10,G_00629,other,E3_obfuscated,1,0.9991095662117004,1,D1_00630,,O2_char_spacing,0.1
D1_00630__O2_char_spacing_20,G_00629,other,E3_obfuscated,1,0.999006450176239,1,D1_00630,,O2_char_spacing,0.2
D1_00630__O2_char_spacing_30,G_00629,other,E3_obfuscated,1,0.999203622341156,1,D1_00630,,O2_char_spacing,0.3
D1_00630__O3_zero_width_10,G_00629,other,E3_obfuscated,1,0.9991071820259094,1,D1_00630,,O3_zero_width,0.1
D1_00630__O3_zero_width_20,G_00629,other,E3_obfuscated,1,0.9992328882217407,1,D1_00630,,O3_zero_width,0.2
D1_00630__O3_zero_width_30,G_00629,other,E3_obfuscated,1,0.9992043375968933,1,D1_00630,,O3_zero_width,0.3
D1_00630__O4_homoglyph_10,G_00629,other,E3_obfuscated,1,0.9991223216056824,1,D1_00630,,O4_homoglyph,0.1
D1_00630__O4_homoglyph_20,G_00629,other,E3_obfuscated,1,0.9991118311882019,1,D1_00630,,O4_homoglyph,0.2
D1_00630__O4_homoglyph_30,G_00629,other,E3_obfuscated,1,0.99912029504776,1,D1_00630,,O4_homoglyph,0.3
D1_00630__O6_random_case_10,G_00629,other,E3_obfuscated,1,0.9991909861564636,1,D1_00630,,O6_random_case,0.1
D1_00630__O6_random_case_20,G_00629,other,E3_obfuscated,1,0.9991533756256104,1,D1_00630,,O6_random_case,0.2
D1_00630__O6_random_case_30,G_00629,other,E3_obfuscated,1,0.9992165565490723,1,D1_00630,,O6_random_case,0.3
D1_00630__O7_typo_10,G_00629,other,E3_obfuscated,1,0.9985560774803162,1,D1_00630,,O7_typo,0.1
D1_00630__O7_typo_20,G_00629,other,E3_obfuscated,1,0.9988027811050415,1,D1_00630,,O7_typo,0.2
D1_00630__O7_typo_30,G_00629,other,E3_obfuscated,1,0.9988868832588196,1,D1_00630,,O7_typo,0.3
D1_00630__O5_base64_100,G_00629,other,E3_obfuscated,1,0.9991963505744934,1,D1_00630,,O5_base64,1.0
D1_00633__O1_leetspeak_10,G_00632,en,E3_obfuscated,1,0.9989590644836426,1,D1_00633,,O1_leetspeak,0.1
D1_00633__O1_leetspeak_20,G_00632,en,E3_obfuscated,1,0.9991804957389832,1,D1_00633,,O1_leetspeak,0.2
D1_00633__O1_leetspeak_30,G_00632,en,E3_obfuscated,1,0.9990469813346863,1,D1_00633,,O1_leetspeak,0.3
D1_00633__O2_char_spacing_10,G_00632,en,E3_obfuscated,1,0.9987494945526123,1,D1_00633,,O2_char_spacing,0.1
D1_00633__O2_char_spacing_20,G_00632,en,E3_obfuscated,1,0.999026894569397,1,D1_00633,,O2_char_spacing,0.2
D1_00633__O2_char_spacing_30,G_00632,en,E3_obfuscated,1,0.9991855025291443,1,D1_00633,,O2_char_spacing,0.3
D1_00633__O3_zero_width_10,G_00632,en,E3_obfuscated,1,0.9990478157997131,1,D1_00633,,O3_zero_width,0.1
D1_00633__O3_zero_width_20,G_00632,en,E3_obfuscated,1,0.9991239905357361,1,D1_00633,,O3_zero_width,0.2
D1_00633__O3_zero_width_30,G_00632,en,E3_obfuscated,1,0.9990376234054565,1,D1_00633,,O3_zero_width,0.3
D1_00633__O4_homoglyph_10,G_00632,en,E3_obfuscated,1,0.9989550113677979,1,D1_00633,,O4_homoglyph,0.1
D1_00633__O4_homoglyph_20,G_00632,en,E3_obfuscated,1,0.9991550445556641,1,D1_00633,,O4_homoglyph,0.2
D1_00633__O4_homoglyph_30,G_00632,en,E3_obfuscated,1,0.9990556836128235,1,D1_00633,,O4_homoglyph,0.3
D1_00633__O6_random_case_10,G_00632,en,E3_obfuscated,1,0.9992092847824097,1,D1_00633,,O6_random_case,0.1
D1_00633__O6_random_case_20,G_00632,en,E3_obfuscated,1,0.9992393255233765,1,D1_00633,,O6_random_case,0.2
D1_00633__O6_random_case_30,G_00632,en,E3_obfuscated,1,0.9992693066596985,1,D1_00633,,O6_random_case,0.3
D1_00633__O7_typo_10,G_00632,en,E3_obfuscated,1,0.998572826385498,1,D1_00633,,O7_typo,0.1
D1_00633__O7_typo_20,G_00632,en,E3_obfuscated,1,0.9987736344337463,1,D1_00633,,O7_typo,0.2
D1_00633__O7_typo_30,G_00632,en,E3_obfuscated,1,0.9989771842956543,1,D1_00633,,O7_typo,0.3
D1_00633__O5_base64_100,G_00632,en,E3_obfuscated,1,0.9991621971130371,1,D1_00633,,O5_base64,1.0
D1_00636__O1_leetspeak_10,G_00635,en,E3_obfuscated,1,0.9992042183876038,1,D1_00636,,O1_leetspeak,0.1
D1_00636__O1_leetspeak_20,G_00635,en,E3_obfuscated,1,0.9991260170936584,1,D1_00636,,O1_leetspeak,0.2
D1_00636__O1_leetspeak_30,G_00635,en,E3_obfuscated,1,0.9991820454597473,1,D1_00636,,O1_leetspeak,0.3
D1_00636__O2_char_spacing_10,G_00635,en,E3_obfuscated,1,0.9991783499717712,1,D1_00636,,O2_char_spacing,0.1
D1_00636__O2_char_spacing_20,G_00635,en,E3_obfuscated,1,0.9992011189460754,1,D1_00636,,O2_char_spacing,0.2
D1_00636__O2_char_spacing_30,G_00635,en,E3_obfuscated,1,0.9992011189460754,1,D1_00636,,O2_char_spacing,0.3
D1_00636__O3_zero_width_10,G_00635,en,E3_obfuscated,1,0.999139666557312,1,D1_00636,,O3_zero_width,0.1
D1_00636__O3_zero_width_20,G_00635,en,E3_obfuscated,1,0.9991594552993774,1,D1_00636,,O3_zero_width,0.2
D1_00636__O3_zero_width_30,G_00635,en,E3_obfuscated,1,0.9991782307624817,1,D1_00636,,O3_zero_width,0.3
D1_00636__O4_homoglyph_10,G_00635,en,E3_obfuscated,1,0.9991224408149719,1,D1_00636,,O4_homoglyph,0.1
D1_00636__O4_homoglyph_20,G_00635,en,E3_obfuscated,1,0.9991200566291809,1,D1_00636,,O4_homoglyph,0.2
D1_00636__O4_homoglyph_30,G_00635,en,E3_obfuscated,1,0.9991475343704224,1,D1_00636,,O4_homoglyph,0.3
D1_00636__O6_random_case_10,G_00635,en,E3_obfuscated,1,0.9992184638977051,1,D1_00636,,O6_random_case,0.1
D1_00636__O6_random_case_20,G_00635,en,E3_obfuscated,1,0.9992303848266602,1,D1_00636,,O6_random_case,0.2
D1_00636__O6_random_case_30,G_00635,en,E3_obfuscated,1,0.9991115927696228,1,D1_00636,,O6_random_case,0.3
D1_00636__O7_typo_10,G_00635,en,E3_obfuscated,1,0.9991658926010132,1,D1_00636,,O7_typo,0.1
D1_00636__O7_typo_20,G_00635,en,E3_obfuscated,1,0.9991331696510315,1,D1_00636,,O7_typo,0.2
D1_00636__O7_typo_30,G_00635,en,E3_obfuscated,1,0.9992274045944214,1,D1_00636,,O7_typo,0.3
D1_00636__O5_base64_100,G_00635,en,E3_obfuscated,1,0.9991877675056458,1,D1_00636,,O5_base64,1.0
D1_00649__O1_leetspeak_10,G_00648,en,E3_obfuscated,1,0.9992108345031738,1,D1_00649,,O1_leetspeak,0.1
D1_00649__O1_leetspeak_20,G_00648,en,E3_obfuscated,1,0.9992741942405701,1,D1_00649,,O1_leetspeak,0.2
D1_00649__O1_leetspeak_30,G_00648,en,E3_obfuscated,1,0.9992746710777283,1,D1_00649,,O1_leetspeak,0.3
D1_00649__O2_char_spacing_10,G_00648,en,E3_obfuscated,1,0.9990389347076416,1,D1_00649,,O2_char_spacing,0.1
D1_00649__O2_char_spacing_20,G_00648,en,E3_obfuscated,1,0.9991152882575989,1,D1_00649,,O2_char_spacing,0.2
D1_00649__O2_char_spacing_30,G_00648,en,E3_obfuscated,1,0.9991450309753418,1,D1_00649,,O2_char_spacing,0.3
D1_00649__O3_zero_width_10,G_00648,en,E3_obfuscated,1,0.9991808533668518,1,D1_00649,,O3_zero_width,0.1
D1_00649__O3_zero_width_20,G_00648,en,E3_obfuscated,1,0.9992108345031738,1,D1_00649,,O3_zero_width,0.2
D1_00649__O3_zero_width_30,G_00648,en,E3_obfuscated,1,0.999218225479126,1,D1_00649,,O3_zero_width,0.3
D1_00649__O4_homoglyph_10,G_00648,en,E3_obfuscated,1,0.9992033839225769,1,D1_00649,,O4_homoglyph,0.1
D1_00649__O4_homoglyph_20,G_00648,en,E3_obfuscated,1,0.9992650151252747,1,D1_00649,,O4_homoglyph,0.2
D1_00649__O4_homoglyph_30,G_00648,en,E3_obfuscated,1,0.9992479681968689,1,D1_00649,,O4_homoglyph,0.3
D1_00649__O6_random_case_10,G_00648,en,E3_obfuscated,1,0.9991962313652039,1,D1_00649,,O6_random_case,0.1
D1_00649__O6_random_case_20,G_00648,en,E3_obfuscated,1,0.9992923736572266,1,D1_00649,,O6_random_case,0.2
D1_00649__O6_random_case_30,G_00648,en,E3_obfuscated,1,0.9992621541023254,1,D1_00649,,O6_random_case,0.3
D1_00649__O7_typo_10,G_00648,en,E3_obfuscated,1,0.9988295435905457,1,D1_00649,,O7_typo,0.1
D1_00649__O7_typo_20,G_00648,en,E3_obfuscated,1,0.9991042017936707,1,D1_00649,,O7_typo,0.2
D1_00649__O7_typo_30,G_00648,en,E3_obfuscated,1,0.9991492033004761,1,D1_00649,,O7_typo,0.3
D1_00649__O5_base64_100,G_00648,en,E3_obfuscated,1,0.9991689920425415,1,D1_00649,,O5_base64,1.0
D1_00658__O1_leetspeak_10,G_00657,en,E3_obfuscated,1,0.9991507530212402,1,D1_00658,,O1_leetspeak,0.1
D1_00658__O1_leetspeak_20,G_00657,en,E3_obfuscated,1,0.9992109537124634,1,D1_00658,,O1_leetspeak,0.2
D1_00658__O1_leetspeak_30,G_00657,en,E3_obfuscated,1,0.9991342425346375,1,D1_00658,,O1_leetspeak,0.3
D1_00658__O2_char_spacing_10,G_00657,en,E3_obfuscated,1,0.9992515444755554,1,D1_00658,,O2_char_spacing,0.1
D1_00658__O2_char_spacing_20,G_00657,en,E3_obfuscated,1,0.9992642998695374,1,D1_00658,,O2_char_spacing,0.2
D1_00658__O2_char_spacing_30,G_00657,en,E3_obfuscated,1,0.9992415904998779,1,D1_00658,,O2_char_spacing,0.3
D1_00658__O3_zero_width_10,G_00657,en,E3_obfuscated,1,0.9991913437843323,1,D1_00658,,O3_zero_width,0.1
D1_00658__O3_zero_width_20,G_00657,en,E3_obfuscated,1,0.9991617202758789,1,D1_00658,,O3_zero_width,0.2
D1_00658__O3_zero_width_30,G_00657,en,E3_obfuscated,1,0.999052107334137,1,D1_00658,,O3_zero_width,0.3
D1_00658__O4_homoglyph_10,G_00657,en,E3_obfuscated,1,0.9992227554321289,1,D1_00658,,O4_homoglyph,0.1
D1_00658__O4_homoglyph_20,G_00657,en,E3_obfuscated,1,0.9991883635520935,1,D1_00658,,O4_homoglyph,0.2
D1_00658__O4_homoglyph_30,G_00657,en,E3_obfuscated,1,0.9991523027420044,1,D1_00658,,O4_homoglyph,0.3
D1_00658__O6_random_case_10,G_00657,en,E3_obfuscated,1,0.9992157220840454,1,D1_00658,,O6_random_case,0.1
D1_00658__O6_random_case_20,G_00657,en,E3_obfuscated,1,0.9991335272789001,1,D1_00658,,O6_random_case,0.2
D1_00658__O6_random_case_30,G_00657,en,E3_obfuscated,1,0.9991004467010498,1,D1_00658,,O6_random_case,0.3
D1_00658__O7_typo_10,G_00657,en,E3_obfuscated,1,0.9992731213569641,1,D1_00658,,O7_typo,0.1
D1_00658__O7_typo_20,G_00657,en,E3_obfuscated,1,0.9992474317550659,1,D1_00658,,O7_typo,0.2
D1_00658__O7_typo_30,G_00657,en,E3_obfuscated,1,0.9992669224739075,1,D1_00658,,O7_typo,0.3
D1_00658__O5_base64_100,G_00657,en,E3_obfuscated,1,0.9990563988685608,1,D1_00658,,O5_base64,1.0
D1_00659__O1_leetspeak_10,G_00658,en,E3_obfuscated,1,0.999297022819519,1,D1_00659,,O1_leetspeak,0.1
D1_00659__O1_leetspeak_20,G_00658,en,E3_obfuscated,1,0.9993236064910889,1,D1_00659,,O1_leetspeak,0.2
D1_00659__O1_leetspeak_30,G_00658,en,E3_obfuscated,1,0.9992431402206421,1,D1_00659,,O1_leetspeak,0.3
D1_00659__O2_char_spacing_10,G_00658,en,E3_obfuscated,1,0.9991746544837952,1,D1_00659,,O2_char_spacing,0.1
D1_00659__O2_char_spacing_20,G_00658,en,E3_obfuscated,1,0.9992478489875793,1,D1_00659,,O2_char_spacing,0.2
D1_00659__O2_char_spacing_30,G_00658,en,E3_obfuscated,1,0.999195396900177,1,D1_00659,,O2_char_spacing,0.3
D1_00659__O3_zero_width_10,G_00658,en,E3_obfuscated,1,0.9992313385009766,1,D1_00659,,O3_zero_width,0.1
D1_00659__O3_zero_width_20,G_00658,en,E3_obfuscated,1,0.999271810054779,1,D1_00659,,O3_zero_width,0.2
D1_00659__O3_zero_width_30,G_00658,en,E3_obfuscated,1,0.9991877675056458,1,D1_00659,,O3_zero_width,0.3
D1_00659__O4_homoglyph_10,G_00658,en,E3_obfuscated,1,0.9992502331733704,1,D1_00659,,O4_homoglyph,0.1
D1_00659__O4_homoglyph_20,G_00658,en,E3_obfuscated,1,0.9992689490318298,1,D1_00659,,O4_homoglyph,0.2
D1_00659__O4_homoglyph_30,G_00658,en,E3_obfuscated,1,0.999234676361084,1,D1_00659,,O4_homoglyph,0.3
D1_00659__O6_random_case_10,G_00658,en,E3_obfuscated,1,0.9993146657943726,1,D1_00659,,O6_random_case,0.1
D1_00659__O6_random_case_20,G_00658,en,E3_obfuscated,1,0.999243974685669,1,D1_00659,,O6_random_case,0.2
D1_00659__O6_random_case_30,G_00658,en,E3_obfuscated,1,0.9992252588272095,1,D1_00659,,O6_random_case,0.3
D1_00659__O7_typo_10,G_00658,en,E3_obfuscated,1,0.9992290735244751,1,D1_00659,,O7_typo,0.1
D1_00659__O7_typo_20,G_00658,en,E3_obfuscated,1,0.99930739402771,1,D1_00659,,O7_typo,0.2
D1_00659__O7_typo_30,G_00658,en,E3_obfuscated,1,0.9993045330047607,1,D1_00659,,O7_typo,0.3
D1_00659__O5_base64_100,G_00658,en,E3_obfuscated,1,0.9990678429603577,1,D1_00659,,O5_base64,1.0
BNEN_0001,BNEN_G001,en,E4_codemix,1,0.9991713762283325,1,,,,
BNEN_0002,BNEN_G001,bn,E4_codemix,1,0.9985172152519226,1,,,,
BNEN_0003,BNEN_G001,bn-en,E4_codemix,1,0.9991655349731445,1,,,,
BNEN_0004,BNEN_G002,en,E4_codemix,1,0.9992074370384216,1,,,,
BNEN_0005,BNEN_G002,bn,E4_codemix,1,0.9985186457633972,1,,,,
BNEN_0006,BNEN_G002,bn-en,E4_codemix,1,0.9988429546356201,1,,,,
BNEN_0007,BNEN_G003,en,E4_codemix,1,0.9991004467010498,1,,,,
BNEN_0008,BNEN_G003,bn,E4_codemix,1,0.9983698725700378,1,,,,
BNEN_0009,BNEN_G003,bn-en,E4_codemix,1,0.9992141723632812,1,,,,
BNEN_0010,BNEN_G004,en,E4_codemix,1,0.9989686012268066,1,,,,
BNEN_0011,BNEN_G004,bn,E4_codemix,1,0.9983673691749573,1,,,,
BNEN_0012,BNEN_G004,bn-en,E4_codemix,1,0.999038577079773,1,,,,
BNEN_0013,BNEN_G005,en,E4_codemix,1,0.9991466999053955,1,,,,
BNEN_0014,BNEN_G005,bn,E4_codemix,1,0.9985248446464539,1,,,,
BNEN_0015,BNEN_G005,bn-en,E4_codemix,1,0.9992198944091797,1,,,,
BNEN_0016,BNEN_G006,en,E4_codemix,1,0.9986230134963989,1,,,,
BNEN_0017,BNEN_G006,bn,E4_codemix,1,0.9984588623046875,1,,,,
BNEN_0018,BNEN_G006,bn-en,E4_codemix,1,0.9990198612213135,1,,,,
BNEN_0019,BNEN_G007,en,E4_codemix,1,0.9991851449012756,1,,,,
BNEN_0020,BNEN_G007,bn,E4_codemix,1,0.9985166192054749,1,,,,
BNEN_0021,BNEN_G007,bn-en,E4_codemix,1,0.9992031455039978,1,,,,
BNEN_0022,BNEN_G008,en,E4_codemix,1,0.9992000460624695,1,,,,
BNEN_0023,BNEN_G008,bn,E4_codemix,1,0.9984904527664185,1,,,,
BNEN_0024,BNEN_G008,bn-en,E4_codemix,1,0.998891294002533,1,,,,
BNEN_0025,BNEN_G009,en,E4_codemix,1,0.999251663684845,1,,,,
BNEN_0026,BNEN_G009,bn,E4_codemix,1,0.998508632183075,1,,,,
BNEN_0027,BNEN_G009,bn-en,E4_codemix,1,0.999263346195221,1,,,,
BNEN_0028,BNEN_G010,en,E4_codemix,1,0.9990549683570862,1,,,,
BNEN_0029,BNEN_G010,bn,E4_codemix,1,0.9984942674636841,1,,,,
BNEN_0030,BNEN_G010,bn-en,E4_codemix,1,0.999101996421814,1,,,,
BNEN_0031,BNEN_G011,en,E4_codemix,1,0.9989727735519409,1,,,,
BNEN_0032,BNEN_G011,bn,E4_codemix,1,0.9984281063079834,1,,,,
BNEN_0033,BNEN_G011,bn-en,E4_codemix,1,0.9991716146469116,1,,,,
BNEN_0034,BNEN_G012,en,E4_codemix,1,0.9992969036102295,1,,,,
BNEN_0035,BNEN_G012,bn,E4_codemix,1,0.998537540435791,1,,,,
BNEN_0036,BNEN_G012,bn-en,E4_codemix,1,0.9990670084953308,1,,,,
BNEN_0037,BNEN_G013,en,E4_codemix,1,0.9992221593856812,1,,,,
BNEN_0038,BNEN_G013,bn,E4_codemix,1,0.9984719157218933,1,,,,
BNEN_0039,BNEN_G013,bn-en,E4_codemix,1,0.9991838335990906,1,,,,
BNEN_0040,BNEN_G014,en,E4_codemix,1,0.9992333650588989,1,,,,
BNEN_0041,BNEN_G014,bn,E4_codemix,1,0.998481810092926,1,,,,
BNEN_0042,BNEN_G014,bn-en,E4_codemix,1,0.9992018342018127,1,,,,
BNEN_0043,BNEN_G015,en,E4_codemix,1,0.9991254210472107,1,,,,
BNEN_0044,BNEN_G015,bn,E4_codemix,1,0.9984748959541321,1,,,,
BNEN_0045,BNEN_G015,bn-en,E4_codemix,1,0.999068558216095,1,,,,
BNEN_0046,BNEN_G016,en,E4_codemix,1,0.9992507100105286,1,,,,
BNEN_0047,BNEN_G016,bn,E4_codemix,1,0.9984803795814514,1,,,,
BNEN_0048,BNEN_G016,bn-en,E4_codemix,1,0.9991437196731567,1,,,,
BNEN_0049,BNEN_G017,en,E4_codemix,1,0.9989625215530396,1,,,,
BNEN_0050,BNEN_G017,bn,E4_codemix,1,0.9985130429267883,1,,,,
BNEN_0051,BNEN_G017,bn-en,E4_codemix,1,0.9990517497062683,1,,,,
BNEN_0052,BNEN_G018,en,E4_codemix,1,0.9989174604415894,1,,,,
BNEN_0053,BNEN_G018,bn,E4_codemix,1,0.9985477328300476,1,,,,
BNEN_0054,BNEN_G018,bn-en,E4_codemix,1,0.999142050743103,1,,,,
BNEN_0055,BNEN_G019,en,E4_codemix,1,0.9991212487220764,1,,,,
BNEN_0056,BNEN_G019,bn,E4_codemix,1,0.998543381690979,1,,,,
BNEN_0057,BNEN_G019,bn-en,E4_codemix,1,0.9989847540855408,1,,,,
BNEN_0058,BNEN_G020,en,E4_codemix,1,0.9992139339447021,1,,,,
BNEN_0059,BNEN_G020,bn,E4_codemix,1,0.9984227418899536,1,,,,
BNEN_0060,BNEN_G020,bn-en,E4_codemix,1,0.999159574508667,1,,,,
BNEN_0061,BNEN_G021,en,E4_codemix,1,0.99928218126297,1,,,,
BNEN_0062,BNEN_G021,bn,E4_codemix,1,0.9983401298522949,1,,,,
BNEN_0063,BNEN_G021,bn-en,E4_codemix,1,0.9989946484565735,1,,,,
BNEN_0064,BNEN_G022,en,E4_codemix,1,0.9991795420646667,1,,,,
BNEN_0065,BNEN_G022,bn,E4_codemix,1,0.9985401630401611,1,,,,
BNEN_0066,BNEN_G022,bn-en,E4_codemix,1,0.9991063475608826,1,,,,
BNEN_0067,BNEN_G023,en,E4_codemix,1,0.9990403056144714,1,,,,
BNEN_0068,BNEN_G023,bn,E4_codemix,1,0.9984983205795288,1,,,,
BNEN_0069,BNEN_G023,bn-en,E4_codemix,1,0.9989665746688843,1,,,,
BNEN_0070,BNEN_G024,en,E4_codemix,1,0.9992771744728088,1,,,,
BNEN_0071,BNEN_G024,bn,E4_codemix,1,0.9985685348510742,1,,,,
BNEN_0072,BNEN_G024,bn-en,E4_codemix,1,0.9992153644561768,1,,,,
BNEN_0073,BNEN_G025,en,E4_codemix,1,0.9990813732147217,1,,,,
BNEN_0074,BNEN_G025,bn,E4_codemix,1,0.998464822769165,1,,,,
BNEN_0075,BNEN_G025,bn-en,E4_codemix,1,0.9990039467811584,1,,,,
BNEN_0076,BNEN_G026,en,E4_codemix,1,0.9991098046302795,1,,,,
BNEN_0077,BNEN_G026,bn,E4_codemix,1,0.9984800219535828,1,,,,
BNEN_0078,BNEN_G026,bn-en,E4_codemix,1,0.9992011189460754,1,,,,
BNEN_0079,BNEN_G027,en,E4_codemix,1,0.9989653825759888,1,,,,
BNEN_0080,BNEN_G027,bn,E4_codemix,1,0.9985532164573669,1,,,,
BNEN_0081,BNEN_G027,bn-en,E4_codemix,1,0.9988903403282166,1,,,,
BNEN_0082,BNEN_G028,en,E4_codemix,1,0.9991514682769775,1,,,,
BNEN_0083,BNEN_G028,bn,E4_codemix,1,0.9985620379447937,1,,,,
BNEN_0084,BNEN_G028,bn-en,E4_codemix,1,0.9991853833198547,1,,,,
BNEN_0085,BNEN_G029,en,E4_codemix,1,0.9991010427474976,1,,,,
BNEN_0086,BNEN_G029,bn,E4_codemix,1,0.9986901879310608,1,,,,
BNEN_0087,BNEN_G029,bn-en,E4_codemix,1,0.9990532994270325,1,,,,
BNEN_0088,BNEN_G030,en,E4_codemix,1,0.9988222718238831,1,,,,
BNEN_0089,BNEN_G030,bn,E4_codemix,1,0.9985206723213196,1,,,,
BNEN_0090,BNEN_G030,bn-en,E4_codemix,1,0.9991492033004761,1,,,,
BNEN_0091,BNEN_G031,en,E4_codemix,1,0.9991010427474976,1,,,,
BNEN_0092,BNEN_G031,bn,E4_codemix,1,0.9985598921775818,1,,,,
BNEN_0093,BNEN_G031,bn-en,E4_codemix,1,0.9990552067756653,1,,,,
BNEN_0094,BNEN_G032,en,E4_codemix,1,0.9991600513458252,1,,,,
BNEN_0095,BNEN_G032,bn,E4_codemix,1,0.9985418319702148,1,,,,
BNEN_0096,BNEN_G032,bn-en,E4_codemix,1,0.9992258548736572,1,,,,
BNEN_0097,BNEN_G033,en,E4_codemix,1,0.9967343807220459,1,,,,
BNEN_0098,BNEN_G033,bn,E4_codemix,1,0.9984639883041382,1,,,,
BNEN_0099,BNEN_G033,bn-en,E4_codemix,1,0.9991410970687866,1,,,,
BNEN_0100,BNEN_G034,en,E4_codemix,1,0.9991162419319153,1,,,,
BNEN_0101,BNEN_G034,bn,E4_codemix,1,0.9985982775688171,1,,,,
BNEN_0102,BNEN_G034,bn-en,E4_codemix,1,0.9992161989212036,1,,,,
BNEN_0103,BNEN_G035,en,E4_codemix,1,0.9992287158966064,1,,,,
BNEN_0104,BNEN_G035,bn,E4_codemix,1,0.9984891414642334,1,,,,
BNEN_0105,BNEN_G035,bn-en,E4_codemix,1,0.9990494847297668,1,,,,
BNEN_0106,BNEN_G036,en,E4_codemix,1,0.9992433786392212,1,,,,
BNEN_0107,BNEN_G036,bn,E4_codemix,1,0.9986693859100342,1,,,,
BNEN_0108,BNEN_G036,bn-en,E4_codemix,1,0.9992241859436035,1,,,,
BNEN_0109,BNEN_G037,en,E4_codemix,1,0.9992210865020752,1,,,,
BNEN_0110,BNEN_G037,bn,E4_codemix,1,0.9985914826393127,1,,,,
BNEN_0111,BNEN_G037,bn-en,E4_codemix,1,0.9991514682769775,1,,,,
BNEN_0112,BNEN_G038,en,E4_codemix,1,0.9990875720977783,1,,,,
BNEN_0113,BNEN_G038,bn,E4_codemix,1,0.9985321760177612,1,,,,
BNEN_0114,BNEN_G038,bn-en,E4_codemix,1,0.9991564750671387,1,,,,
BNEN_0115,BNEN_G039,en,E4_codemix,1,0.9992726445198059,1,,,,
BNEN_0116,BNEN_G039,bn,E4_codemix,1,0.9986030459403992,1,,,,
BNEN_0117,BNEN_G039,bn-en,E4_codemix,1,0.9991825222969055,1,,,,
BNEN_0118,BNEN_G040,en,E4_codemix,1,0.9992181062698364,1,,,,
BNEN_0119,BNEN_G040,bn,E4_codemix,1,0.9986392855644226,1,,,,
BNEN_0120,BNEN_G040,bn-en,E4_codemix,1,0.9992031455039978,1,,,,
BNEN_0121,BNEN_G041,en,E4_codemix,1,0.9989318251609802,1,,,,
BNEN_0122,BNEN_G041,bn,E4_codemix,1,0.99854975938797,1,,,,
BNEN_0123,BNEN_G041,bn-en,E4_codemix,1,0.9990379810333252,1,,,,
BNEN_0124,BNEN_G042,en,E4_codemix,1,0.9990630745887756,1,,,,
BNEN_0125,BNEN_G042,bn,E4_codemix,1,0.9985656142234802,1,,,,
BNEN_0126,BNEN_G042,bn-en,E4_codemix,1,0.999157190322876,1,,,,
BNEN_0127,BNEN_G043,en,E4_codemix,1,0.9991405010223389,1,,,,
BNEN_0128,BNEN_G043,bn,E4_codemix,1,0.9983832836151123,1,,,,
BNEN_0129,BNEN_G043,bn-en,E4_codemix,1,0.9991666078567505,1,,,,
BNEN_0130,BNEN_G044,en,E4_codemix,1,0.9992035031318665,1,,,,
BNEN_0131,BNEN_G044,bn,E4_codemix,1,0.9985114932060242,1,,,,
BNEN_0132,BNEN_G044,bn-en,E4_codemix,1,0.9991759657859802,1,,,,
BNEN_0133,BNEN_G045,en,E4_codemix,1,0.9991273283958435,1,,,,
BNEN_0134,BNEN_G045,bn,E4_codemix,1,0.9986856579780579,1,,,,
BNEN_0135,BNEN_G045,bn-en,E4_codemix,1,0.9991008043289185,1,,,,
BNEN_0136,BNEN_G046,en,E4_codemix,1,0.9987519979476929,1,,,,
BNEN_0137,BNEN_G046,bn,E4_codemix,1,0.9985588192939758,1,,,,
BNEN_0138,BNEN_G046,bn-en,E4_codemix,1,0.9991703033447266,1,,,,
BNEN_0139,BNEN_G047,en,E4_codemix,1,0.9991124272346497,1,,,,
BNEN_0140,BNEN_G047,bn,E4_codemix,1,0.9985328912734985,1,,,,
BNEN_0141,BNEN_G047,bn-en,E4_codemix,1,0.9992000460624695,1,,,,
BNEN_0142,BNEN_G048,en,E4_codemix,1,0.9991840720176697,1,,,,
BNEN_0143,BNEN_G048,bn,E4_codemix,1,0.9986026883125305,1,,,,
BNEN_0144,BNEN_G048,bn-en,E4_codemix,1,0.9991067051887512,1,,,,
BNEN_0145,BNEN_G049,en,E4_codemix,1,0.9989393353462219,1,,,,
BNEN_0146,BNEN_G049,bn,E4_codemix,1,0.9986411929130554,1,,,,
BNEN_0147,BNEN_G049,bn-en,E4_codemix,1,0.9991160035133362,1,,,,
BNEN_0148,BNEN_G050,en,E4_codemix,1,0.9988370537757874,1,,,,
BNEN_0149,BNEN_G050,bn,E4_codemix,1,0.9982799291610718,1,,,,
BNEN_0150,BNEN_G050,bn-en,E4_codemix,1,0.9991036057472229,1,,,,
BNEN_0151,BNEN_G051,en,E4_codemix,1,0.9991877675056458,1,,,,
BNEN_0152,BNEN_G051,bn,E4_codemix,1,0.9989815354347229,1,,,,
BNEN_0153,BNEN_G051,bn-en,E4_codemix,1,0.9992197751998901,1,,,,
BNEN_0154,BNEN_G052,en,E4_codemix,1,0.9992074370384216,1,,,,
BNEN_0155,BNEN_G052,bn,E4_codemix,1,0.9986949563026428,1,,,,
BNEN_0156,BNEN_G052,bn-en,E4_codemix,1,0.9990721940994263,1,,,,
BNEN_0157,BNEN_G053,en,E4_codemix,1,0.999113142490387,1,,,,
BNEN_0158,BNEN_G053,bn,E4_codemix,1,0.9985448122024536,1,,,,
BNEN_0159,BNEN_G053,bn-en,E4_codemix,1,0.9992154836654663,1,,,,
BNEN_0160,BNEN_G054,en,E4_codemix,1,0.9992546439170837,1,,,,
BNEN_0161,BNEN_G054,bn,E4_codemix,1,0.998630940914154,1,,,,
BNEN_0162,BNEN_G054,bn-en,E4_codemix,1,0.9991268515586853,1,,,,
BNEN_0163,BNEN_G055,en,E4_codemix,1,0.9992597699165344,1,,,,
BNEN_0164,BNEN_G055,bn,E4_codemix,1,0.9987633228302002,1,,,,
BNEN_0165,BNEN_G055,bn-en,E4_codemix,1,0.9992276430130005,1,,,,
BNEN_0166,BNEN_G056,en,E4_codemix,1,0.9992953538894653,1,,,,
BNEN_0167,BNEN_G056,bn,E4_codemix,1,0.9988250136375427,1,,,,
BNEN_0168,BNEN_G056,bn-en,E4_codemix,1,0.9991599321365356,1,,,,
BNEN_0169,BNEN_G057,en,E4_codemix,1,0.9992361068725586,1,,,,
BNEN_0170,BNEN_G057,bn,E4_codemix,1,0.9986498951911926,1,,,,
BNEN_0171,BNEN_G057,bn-en,E4_codemix,1,0.9991912245750427,1,,,,
BNEN_0172,BNEN_G058,en,E4_codemix,1,0.999110758304596,1,,,,
BNEN_0173,BNEN_G058,bn,E4_codemix,1,0.9984562397003174,1,,,,
BNEN_0174,BNEN_G058,bn-en,E4_codemix,1,0.9990261793136597,1,,,,
BNEN_0175,BNEN_G059,en,E4_codemix,1,0.9992270469665527,1,,,,
BNEN_0176,BNEN_G059,bn,E4_codemix,1,0.9986715316772461,1,,,,
BNEN_0177,BNEN_G059,bn-en,E4_codemix,1,0.9991456270217896,1,,,,
BNEN_0178,BNEN_G060,en,E4_codemix,1,0.999292254447937,1,,,,
BNEN_0179,BNEN_G060,bn,E4_codemix,1,0.9990861415863037,1,,,,
BNEN_0180,BNEN_G060,bn-en,E4_codemix,1,0.99904865026474,1,,,,
BNEN_0181,BNEN_G061,en,E4_codemix,1,0.9990792274475098,1,,,,
BNEN_0182,BNEN_G061,bn,E4_codemix,1,0.9991279244422913,1,,,,
BNEN_0183,BNEN_G061,bn-en,E4_codemix,1,0.9992020726203918,1,,,,
BNEN_0184,BNEN_G062,en,E4_codemix,1,0.9992805123329163,1,,,,
BNEN_0185,BNEN_G062,bn,E4_codemix,1,0.9987508058547974,1,,,,
BNEN_0186,BNEN_G062,bn-en,E4_codemix,1,0.9991934895515442,1,,,,
BNEN_0187,BNEN_G063,en,E4_codemix,1,0.999086856842041,1,,,,
BNEN_0188,BNEN_G063,bn,E4_codemix,1,0.9988096952438354,1,,,,
BNEN_0189,BNEN_G063,bn-en,E4_codemix,1,0.999262273311615,1,,,,
BNEN_0190,BNEN_G064,en,E4_codemix,1,0.9992683529853821,1,,,,
BNEN_0191,BNEN_G064,bn,E4_codemix,1,0.9989849925041199,1,,,,
BNEN_0192,BNEN_G064,bn-en,E4_codemix,1,0.9991642236709595,1,,,,
BNEN_0193,BNEN_G065,en,E4_codemix,1,0.9990172386169434,1,,,,
BNEN_0194,BNEN_G065,bn,E4_codemix,1,0.9984903335571289,1,,,,
BNEN_0195,BNEN_G065,bn-en,E4_codemix,1,0.9991708993911743,1,,,,
BNEN_0196,BNEN_G066,en,E4_codemix,1,0.9991198182106018,1,,,,
BNEN_0197,BNEN_G066,bn,E4_codemix,1,0.9985621571540833,1,,,,
BNEN_0198,BNEN_G066,bn-en,E4_codemix,1,0.9992467164993286,1,,,,
BNEN_0199,BNEN_G067,en,E4_codemix,1,0.9992579817771912,1,,,,
BNEN_0200,BNEN_G067,bn,E4_codemix,1,0.9985151886940002,1,,,,
BNEN_0201,BNEN_G067,bn-en,E4_codemix,1,0.9990943670272827,1,,,,
BNEN_0202,BNEN_G068,en,E4_codemix,1,0.9992631077766418,1,,,,
BNEN_0203,BNEN_G068,bn,E4_codemix,1,0.9985982775688171,1,,,,
BNEN_0204,BNEN_G068,bn-en,E4_codemix,1,0.9991623163223267,1,,,,
BNEN_0205,BNEN_G069,en,E4_codemix,1,0.9992388486862183,1,,,,
BNEN_0206,BNEN_G069,bn,E4_codemix,1,0.9990942478179932,1,,,,
BNEN_0207,BNEN_G069,bn-en,E4_codemix,1,0.9991804957389832,1,,,,
BNEN_0208,BNEN_G070,en,E4_codemix,1,0.9993077516555786,1,,,,
BNEN_0209,BNEN_G070,bn,E4_codemix,1,0.9991437196731567,1,,,,
BNEN_0210,BNEN_G070,bn-en,E4_codemix,1,0.9992552399635315,1,,,,
BNEN_0211,BNEN_G071,en,E4_codemix,1,0.9992159605026245,1,,,,
BNEN_0212,BNEN_G071,bn,E4_codemix,1,0.9988775849342346,1,,,,
BNEN_0213,BNEN_G071,bn-en,E4_codemix,1,0.9991776347160339,1,,,,
BNEN_0214,BNEN_G072,en,E4_codemix,1,0.9992368221282959,1,,,,
BNEN_0215,BNEN_G072,bn,E4_codemix,1,0.9988172650337219,1,,,,
BNEN_0216,BNEN_G072,bn-en,E4_codemix,1,0.9992200136184692,1,,,,
BNEN_0217,BNEN_G073,en,E4_codemix,1,0.9991627931594849,1,,,,
BNEN_0218,BNEN_G073,bn,E4_codemix,1,0.9989427924156189,1,,,,
BNEN_0219,BNEN_G073,bn-en,E4_codemix,1,0.9991763234138489,1,,,,
BNEN_0220,BNEN_G074,en,E4_codemix,1,0.9991686344146729,1,,,,
BNEN_0221,BNEN_G074,bn,E4_codemix,1,0.9985828399658203,1,,,,
BNEN_0222,BNEN_G074,bn-en,E4_codemix,1,0.9992551207542419,1,,,,
BNEN_0223,BNEN_G075,en,E4_codemix,1,0.9991737008094788,1,,,,
BNEN_0224,BNEN_G075,bn,E4_codemix,1,0.9986155033111572,1,,,,
BNEN_0225,BNEN_G075,bn-en,E4_codemix,1,0.999177873134613,1,,,,
BNEN_0226,BNEN_G076,en,E4_codemix,1,0.999178946018219,1,,,,
BNEN_0227,BNEN_G076,bn,E4_codemix,1,0.9988695979118347,1,,,,
BNEN_0228,BNEN_G076,bn-en,E4_codemix,1,0.9991644620895386,1,,,,
BNEN_0229,BNEN_G077,en,E4_codemix,1,0.999215841293335,1,,,,
BNEN_0230,BNEN_G077,bn,E4_codemix,1,0.998636782169342,1,,,,
BNEN_0231,BNEN_G077,bn-en,E4_codemix,1,0.999305009841919,1,,,,
BNEN_0232,BNEN_G078,en,E4_codemix,1,0.9990440011024475,1,,,,
BNEN_0233,BNEN_G078,bn,E4_codemix,1,0.9989824891090393,1,,,,
BNEN_0234,BNEN_G078,bn-en,E4_codemix,1,0.9992461204528809,1,,,,
BNEN_0235,BNEN_G079,en,E4_codemix,1,0.9992964267730713,1,,,,
BNEN_0236,BNEN_G079,bn,E4_codemix,1,0.9988178610801697,1,,,,
BNEN_0237,BNEN_G079,bn-en,E4_codemix,1,0.9992287158966064,1,,,,
BNEN_0238,BNEN_G080,en,E4_codemix,1,0.9991449117660522,1,,,,
BNEN_0239,BNEN_G080,bn,E4_codemix,1,0.9986347556114197,1,,,,
BNEN_0240,BNEN_G080,bn-en,E4_codemix,1,0.9991484880447388,1,,,,
BNEN_0241,BNEN_G081,en,E4_codemix,1,0.9991937279701233,1,,,,
BNEN_0242,BNEN_G081,bn,E4_codemix,1,0.9987494945526123,1,,,,
BNEN_0243,BNEN_G081,bn-en,E4_codemix,1,0.9992436170578003,1,,,,
BNEN_0244,BNEN_G082,en,E4_codemix,1,0.9991711378097534,1,,,,
BNEN_0245,BNEN_G082,bn,E4_codemix,1,0.9986855387687683,1,,,,
BNEN_0246,BNEN_G082,bn-en,E4_codemix,1,0.9992189407348633,1,,,,
BNEN_0247,BNEN_G083,en,E4_codemix,1,0.9992889165878296,1,,,,
BNEN_0248,BNEN_G083,bn,E4_codemix,1,0.9988619089126587,1,,,,
BNEN_0249,BNEN_G083,bn-en,E4_codemix,1,0.9992799162864685,1,,,,
BNEN_0250,BNEN_G084,en,E4_codemix,1,0.9990988969802856,1,,,,
BNEN_0251,BNEN_G084,bn,E4_codemix,1,0.9986106157302856,1,,,,
BNEN_0252,BNEN_G084,bn-en,E4_codemix,1,0.999165415763855,1,,,,
BNEN_0253,BNEN_G085,en,E4_codemix,1,0.9991418123245239,1,,,,
BNEN_0254,BNEN_G085,bn,E4_codemix,1,0.9990397095680237,1,,,,
BNEN_0255,BNEN_G085,bn-en,E4_codemix,1,0.999276340007782,1,,,,
BNEN_0256,BNEN_G086,en,E4_codemix,1,0.9991294741630554,1,,,,
BNEN_0257,BNEN_G086,bn,E4_codemix,1,0.9989469647407532,1,,,,
BNEN_0258,BNEN_G086,bn-en,E4_codemix,1,0.9991698265075684,1,,,,
BNEN_0259,BNEN_G087,en,E4_codemix,1,0.9992387294769287,1,,,,
BNEN_0260,BNEN_G087,bn,E4_codemix,1,0.9987888932228088,1,,,,
BNEN_0261,BNEN_G087,bn-en,E4_codemix,1,0.9992571473121643,1,,,,
BNEN_0262,BNEN_G088,en,E4_codemix,1,0.999288022518158,1,,,,
BNEN_0263,BNEN_G088,bn,E4_codemix,1,0.9987972974777222,1,,,,
BNEN_0264,BNEN_G088,bn-en,E4_codemix,1,0.9990885257720947,1,,,,
BNEN_0265,BNEN_G089,en,E4_codemix,1,0.9991841912269592,1,,,,
BNEN_0266,BNEN_G089,bn,E4_codemix,1,0.9986349940299988,1,,,,
BNEN_0267,BNEN_G089,bn-en,E4_codemix,1,0.9992039799690247,1,,,,
BNEN_0268,BNEN_G090,en,E4_codemix,1,0.9989057779312134,1,,,,
BNEN_0269,BNEN_G090,bn,E4_codemix,1,0.9989990592002869,1,,,,
BNEN_0270,BNEN_G090,bn-en,E4_codemix,1,0.9991461038589478,1,,,,
BNEN_0271,BNEN_G091,en,E4_codemix,1,0.9992272853851318,1,,,,
BNEN_0272,BNEN_G091,bn,E4_codemix,1,0.9986698627471924,1,,,,
BNEN_0273,BNEN_G091,bn-en,E4_codemix,1,0.9992276430130005,1,,,,
BNEN_0274,BNEN_G092,en,E4_codemix,1,0.9992116689682007,1,,,,
BNEN_0275,BNEN_G092,bn,E4_codemix,1,0.9988442659378052,1,,,,
BNEN_0276,BNEN_G092,bn-en,E4_codemix,1,0.9992095232009888,1,,,,
BNEN_0277,BNEN_G093,en,E4_codemix,1,0.9991877675056458,1,,,,
BNEN_0278,BNEN_G093,bn,E4_codemix,1,0.9987333416938782,1,,,,
BNEN_0279,BNEN_G093,bn-en,E4_codemix,1,0.9992094039916992,1,,,,
BNEN_0280,BNEN_G094,en,E4_codemix,1,0.9992814660072327,1,,,,
BNEN_0281,BNEN_G094,bn,E4_codemix,1,0.9986107349395752,1,,,,
BNEN_0282,BNEN_G094,bn-en,E4_codemix,1,0.9991437196731567,1,,,,
BNEN_0283,BNEN_G095,en,E4_codemix,1,0.999096155166626,1,,,,
BNEN_0284,BNEN_G095,bn,E4_codemix,1,0.9987931251525879,1,,,,
BNEN_0285,BNEN_G095,bn-en,E4_codemix,1,0.9991840720176697,1,,,,
BNEN_0286,BNEN_G096,en,E4_codemix,1,0.999114453792572,1,,,,
BNEN_0287,BNEN_G096,bn,E4_codemix,1,0.9987749457359314,1,,,,
BNEN_0288,BNEN_G096,bn-en,E4_codemix,1,0.9992507100105286,1,,,,
BNEN_0289,BNEN_G097,en,E4_codemix,1,0.999256432056427,1,,,,
BNEN_0290,BNEN_G097,bn,E4_codemix,1,0.9988918900489807,1,,,,
BNEN_0291,BNEN_G097,bn-en,E4_codemix,1,0.9992138147354126,1,,,,
BNEN_0292,BNEN_G098,en,E4_codemix,1,0.9992037415504456,1,,,,
BNEN_0293,BNEN_G098,bn,E4_codemix,1,0.9989309906959534,1,,,,
BNEN_0294,BNEN_G098,bn-en,E4_codemix,1,0.9992218017578125,1,,,,
BNEN_0295,BNEN_G099,en,E4_codemix,1,0.9993093013763428,1,,,,
BNEN_0296,BNEN_G099,bn,E4_codemix,1,0.9986461997032166,1,,,,
BNEN_0297,BNEN_G099,bn-en,E4_codemix,1,0.999138593673706,1,,,,
BNEN_0298,BNEN_G100,en,E4_codemix,1,0.9990909099578857,1,,,,
BNEN_0299,BNEN_G100,bn,E4_codemix,1,0.9990818500518799,1,,,,
BNEN_0300,BNEN_G100,bn-en,E4_codemix,1,0.9992045760154724,1,,,,
BNEN_0301,BNEN_G101,en,E4_codemix,1,0.999248206615448,1,,,,
BNEN_0302,BNEN_G101,bn,E4_codemix,1,0.9987674951553345,1,,,,
BNEN_0303,BNEN_G101,bn-en,E4_codemix,1,0.9992122650146484,1,,,,
BNEN_0304,BNEN_G102,en,E4_codemix,1,0.9992341995239258,1,,,,
BNEN_0305,BNEN_G102,bn,E4_codemix,1,0.9987412095069885,1,,,,
BNEN_0306,BNEN_G102,bn-en,E4_codemix,1,0.999055802822113,1,,,,
BNEN_0307,BNEN_G103,en,E4_codemix,1,0.9992944002151489,1,,,,
BNEN_0308,BNEN_G103,bn,E4_codemix,1,0.9987248778343201,1,,,,
BNEN_0309,BNEN_G103,bn-en,E4_codemix,1,0.9992707371711731,1,,,,
BNEN_0310,BNEN_G104,en,E4_codemix,1,0.999204695224762,1,,,,
BNEN_0311,BNEN_G104,bn,E4_codemix,1,0.9990922212600708,1,,,,
BNEN_0312,BNEN_G104,bn-en,E4_codemix,1,0.9992577433586121,1,,,,
BNEN_0313,BNEN_G105,en,E4_codemix,1,0.9991729855537415,1,,,,
BNEN_0314,BNEN_G105,bn,E4_codemix,1,0.9986898303031921,1,,,,
BNEN_0315,BNEN_G105,bn-en,E4_codemix,1,0.9991177916526794,1,,,,
BNEN_0316,BNEN_G106,en,E4_codemix,1,0.999224066734314,1,,,,
BNEN_0317,BNEN_G106,bn,E4_codemix,1,0.9987555742263794,1,,,,
BNEN_0318,BNEN_G106,bn-en,E4_codemix,1,0.9991471767425537,1,,,,
BNEN_0319,BNEN_G107,en,E4_codemix,1,0.9992579817771912,1,,,,
BNEN_0320,BNEN_G107,bn,E4_codemix,1,0.9987260699272156,1,,,,
BNEN_0321,BNEN_G107,bn-en,E4_codemix,1,0.999230146408081,1,,,,
BNEN_0322,BNEN_G108,en,E4_codemix,1,0.9993124008178711,1,,,,
BNEN_0323,BNEN_G108,bn,E4_codemix,1,0.9985411167144775,1,,,,
BNEN_0324,BNEN_G108,bn-en,E4_codemix,1,0.9990353584289551,1,,,,
BNEN_0325,BNEN_G109,en,E4_codemix,1,0.9992638230323792,1,,,,
BNEN_0326,BNEN_G109,bn,E4_codemix,1,0.9988054037094116,1,,,,
BNEN_0327,BNEN_G109,bn-en,E4_codemix,1,0.9992706179618835,1,,,,
BNEN_0328,BNEN_G110,en,E4_codemix,1,0.9991783499717712,1,,,,
BNEN_0329,BNEN_G110,bn,E4_codemix,1,0.9987210631370544,1,,,,
BNEN_0330,BNEN_G110,bn-en,E4_codemix,1,0.9990484118461609,1,,,,
BNEN_0331,BNEN_G111,en,E4_codemix,1,0.9992432594299316,1,,,,
BNEN_0332,BNEN_G111,bn,E4_codemix,1,0.9989959597587585,1,,,,
BNEN_0333,BNEN_G111,bn-en,E4_codemix,1,0.9992935657501221,1,,,,
BNEN_0334,BNEN_G112,en,E4_codemix,1,0.9991922974586487,1,,,,
BNEN_0335,BNEN_G112,bn,E4_codemix,1,0.9988044500350952,1,,,,
BNEN_0336,BNEN_G112,bn-en,E4_codemix,1,0.9992027878761292,1,,,,
BNEN_0337,BNEN_G113,en,E4_codemix,1,0.9991533756256104,1,,,,
BNEN_0338,BNEN_G113,bn,E4_codemix,1,0.9986932873725891,1,,,,
BNEN_0339,BNEN_G113,bn-en,E4_codemix,1,0.9992202520370483,1,,,,
BNEN_0340,BNEN_G114,en,E4_codemix,1,0.9992502331733704,1,,,,
BNEN_0341,BNEN_G114,bn,E4_codemix,1,0.9986080527305603,1,,,,
BNEN_0342,BNEN_G114,bn-en,E4_codemix,1,0.9992102384567261,1,,,,
BNEN_0343,BNEN_G115,en,E4_codemix,1,0.999240517616272,1,,,,
BNEN_0344,BNEN_G115,bn,E4_codemix,1,0.9986404776573181,1,,,,
BNEN_0345,BNEN_G115,bn-en,E4_codemix,1,0.999268114566803,1,,,,
BNEN_0346,BNEN_G116,en,E4_codemix,1,0.9992440938949585,1,,,,
BNEN_0347,BNEN_G116,bn,E4_codemix,1,0.9987980127334595,1,,,,
BNEN_0348,BNEN_G116,bn-en,E4_codemix,1,0.9991878867149353,1,,,,
BNEN_0349,BNEN_G117,en,E4_codemix,1,0.9992045760154724,1,,,,
BNEN_0350,BNEN_G117,bn,E4_codemix,1,0.9987859129905701,1,,,,
BNEN_0351,BNEN_G117,bn-en,E4_codemix,1,0.9992658495903015,1,,,,
BNEN_0352,BNEN_G118,en,E4_codemix,1,0.99921715259552,1,,,,
BNEN_0353,BNEN_G118,bn,E4_codemix,1,0.9986873269081116,1,,,,
BNEN_0354,BNEN_G118,bn-en,E4_codemix,1,0.9989215135574341,1,,,,
BNEN_0355,BNEN_G119,en,E4_codemix,1,0.9992362260818481,1,,,,
BNEN_0356,BNEN_G119,bn,E4_codemix,1,0.9989637136459351,1,,,,
BNEN_0357,BNEN_G119,bn-en,E4_codemix,1,0.999279797077179,1,,,,
BNEN_0358,BNEN_G120,en,E4_codemix,1,0.999136745929718,1,,,,
BNEN_0359,BNEN_G120,bn,E4_codemix,1,0.9986403584480286,1,,,,
BNEN_0360,BNEN_G120,bn-en,E4_codemix,1,0.999213457107544,1,,,,
BNEN_0361,BNEN_G121,en,E4_codemix,1,0.9993089437484741,1,,,,
BNEN_0362,BNEN_G121,bn,E4_codemix,1,0.9987367987632751,1,,,,
BNEN_0363,BNEN_G121,bn-en,E4_codemix,1,0.9992735981941223,1,,,,
BNEN_0364,BNEN_G122,en,E4_codemix,1,0.9992430210113525,1,,,,
BNEN_0365,BNEN_G122,bn,E4_codemix,1,0.9986827969551086,1,,,,
BNEN_0366,BNEN_G122,bn-en,E4_codemix,1,0.9990488886833191,1,,,,
BNEN_0367,BNEN_G123,en,E4_codemix,1,0.9992444515228271,1,,,,
BNEN_0368,BNEN_G123,bn,E4_codemix,1,0.9987568855285645,1,,,,
BNEN_0369,BNEN_G123,bn-en,E4_codemix,1,0.9992176294326782,1,,,,
BNEN_0370,BNEN_G124,en,E4_codemix,1,0.9992017149925232,1,,,,
BNEN_0371,BNEN_G124,bn,E4_codemix,1,0.9987396597862244,1,,,,
BNEN_0372,BNEN_G124,bn-en,E4_codemix,1,0.9992138147354126,1,,,,
BNEN_0373,BNEN_G125,en,E4_codemix,1,0.999152660369873,1,,,,
BNEN_0374,BNEN_G125,bn,E4_codemix,1,0.9988730549812317,1,,,,
BNEN_0375,BNEN_G125,bn-en,E4_codemix,1,0.9992254972457886,1,,,,
BNEN_0376,BNEN_G126,en,E4_codemix,1,0.999213457107544,1,,,,
BNEN_0377,BNEN_G126,bn,E4_codemix,1,0.9987301230430603,1,,,,
BNEN_0378,BNEN_G126,bn-en,E4_codemix,1,0.9992082715034485,1,,,,
BNEN_0379,BNEN_G127,en,E4_codemix,1,0.9992846846580505,1,,,,
BNEN_0380,BNEN_G127,bn,E4_codemix,1,0.9987930059432983,1,,,,
BNEN_0381,BNEN_G127,bn-en,E4_codemix,1,0.9992349147796631,1,,,,
BNEN_0382,BNEN_G128,en,E4_codemix,1,0.9993398785591125,1,,,,
BNEN_0383,BNEN_G128,bn,E4_codemix,1,0.9986808896064758,1,,,,
BNEN_0384,BNEN_G128,bn-en,E4_codemix,1,0.9992666840553284,1,,,,
BNEN_0385,BNEN_G129,en,E4_codemix,1,0.999091625213623,1,,,,
BNEN_0386,BNEN_G129,bn,E4_codemix,1,0.9986830353736877,1,,,,
BNEN_0387,BNEN_G129,bn-en,E4_codemix,1,0.9992276430130005,1,,,,
BNEN_0388,BNEN_G130,en,E4_codemix,1,0.9992691874504089,1,,,,
BNEN_0389,BNEN_G130,bn,E4_codemix,1,0.9986966252326965,1,,,,
BNEN_0390,BNEN_G130,bn-en,E4_codemix,1,0.9992247819900513,1,,,,
BNEN_0391,BNEN_G131,en,E4_codemix,1,0.9992935657501221,1,,,,
BNEN_0392,BNEN_G131,bn,E4_codemix,1,0.9986763596534729,1,,,,
BNEN_0393,BNEN_G131,bn-en,E4_codemix,1,0.9991247057914734,1,,,,
BNEN_0394,BNEN_G132,en,E4_codemix,1,0.9992259740829468,1,,,,
BNEN_0395,BNEN_G132,bn,E4_codemix,1,0.9986706972122192,1,,,,
BNEN_0396,BNEN_G132,bn-en,E4_codemix,1,0.99916672706604,1,,,,
BNEN_0397,BNEN_G133,en,E4_codemix,1,0.9991990923881531,1,,,,
BNEN_0398,BNEN_G133,bn,E4_codemix,1,0.9988123178482056,1,,,,
BNEN_0399,BNEN_G133,bn-en,E4_codemix,1,0.9990799427032471,1,,,,
BNEN_0400,BNEN_G134,en,E4_codemix,1,0.9990867376327515,1,,,,
BNEN_0401,BNEN_G134,bn,E4_codemix,1,0.9988603591918945,1,,,,
BNEN_0402,BNEN_G134,bn-en,E4_codemix,1,0.9992320537567139,1,,,,
BNEN_0403,BNEN_G135,en,E4_codemix,1,0.99925297498703,1,,,,
BNEN_0404,BNEN_G135,bn,E4_codemix,1,0.9987260699272156,1,,,,
BNEN_0405,BNEN_G135,bn-en,E4_codemix,1,0.9991737008094788,1,,,,
BNEN_0406,BNEN_G136,en,E4_codemix,1,0.9992503523826599,1,,,,
BNEN_0407,BNEN_G136,bn,E4_codemix,1,0.9986594915390015,1,,,,
BNEN_0408,BNEN_G136,bn-en,E4_codemix,1,0.9992297887802124,1,,,,
BNEN_0409,BNEN_G137,en,E4_codemix,1,0.9993261098861694,1,,,,
BNEN_0410,BNEN_G137,bn,E4_codemix,1,0.998664379119873,1,,,,
BNEN_0411,BNEN_G137,bn-en,E4_codemix,1,0.9992280006408691,1,,,,
BNEN_0412,BNEN_G138,en,E4_codemix,1,0.999202311038971,1,,,,
BNEN_0413,BNEN_G138,bn,E4_codemix,1,0.9987404942512512,1,,,,
BNEN_0414,BNEN_G138,bn-en,E4_codemix,1,0.999129593372345,1,,,,
BNEN_0415,BNEN_G139,en,E4_codemix,1,0.9990487694740295,1,,,,
BNEN_0416,BNEN_G139,bn,E4_codemix,1,0.9986716508865356,1,,,,
BNEN_0417,BNEN_G139,bn-en,E4_codemix,1,0.9992470741271973,1,,,,
BNEN_0418,BNEN_G140,en,E4_codemix,1,0.9991850256919861,1,,,,
BNEN_0419,BNEN_G140,bn,E4_codemix,1,0.9986889958381653,1,,,,
BNEN_0420,BNEN_G140,bn-en,E4_codemix,1,0.9992082715034485,1,,,,
BNEN_0421,BNEN_G141,en,E4_codemix,1,0.9992467164993286,1,,,,
BNEN_0422,BNEN_G141,bn,E4_codemix,1,0.9987491369247437,1,,,,
BNEN_0423,BNEN_G141,bn-en,E4_codemix,1,0.9992942810058594,1,,,,
BNEN_0424,BNEN_G142,en,E4_codemix,1,0.9992555975914001,1,,,,
BNEN_0425,BNEN_G142,bn,E4_codemix,1,0.9989461302757263,1,,,,
BNEN_0426,BNEN_G142,bn-en,E4_codemix,1,0.9992594122886658,1,,,,
BNEN_0427,BNEN_G143,en,E4_codemix,1,0.9991648197174072,1,,,,
BNEN_0428,BNEN_G143,bn,E4_codemix,1,0.9988184571266174,1,,,,
BNEN_0429,BNEN_G143,bn-en,E4_codemix,1,0.9991856217384338,1,,,,
BNEN_0430,BNEN_G144,en,E4_codemix,1,0.9992249011993408,1,,,,
BNEN_0431,BNEN_G144,bn,E4_codemix,1,0.9987722039222717,1,,,,
BNEN_0432,BNEN_G144,bn-en,E4_codemix,1,0.9993225336074829,1,,,,
BNEN_0433,BNEN_G145,en,E4_codemix,1,0.9992400407791138,1,,,,
BNEN_0434,BNEN_G145,bn,E4_codemix,1,0.9987745881080627,1,,,,
BNEN_0435,BNEN_G145,bn-en,E4_codemix,1,0.9992979764938354,1,,,,
BNEN_0436,BNEN_G146,en,E4_codemix,1,0.9992764592170715,1,,,,
BNEN_0437,BNEN_G146,bn,E4_codemix,1,0.9987157583236694,1,,,,
BNEN_0438,BNEN_G146,bn-en,E4_codemix,1,0.9991674423217773,1,,,,
BNEN_0439,BNEN_G147,en,E4_codemix,1,0.9991387128829956,1,,,,
BNEN_0440,BNEN_G147,bn,E4_codemix,1,0.9987691044807434,1,,,,
BNEN_0441,BNEN_G147,bn-en,E4_codemix,1,0.9992383718490601,1,,,,
BNEN_0442,BNEN_G148,en,E4_codemix,1,0.9991681575775146,1,,,,
BNEN_0443,BNEN_G148,bn,E4_codemix,1,0.9988226294517517,1,,,,
BNEN_0444,BNEN_G148,bn-en,E4_codemix,1,0.9992604851722717,1,,,,
BNEN_0445,BNEN_G149,en,E4_codemix,1,0.9992917776107788,1,,,,
BNEN_0446,BNEN_G149,bn,E4_codemix,1,0.9986843466758728,1,,,,
BNEN_0447,BNEN_G149,bn-en,E4_codemix,1,0.9991363883018494,1,,,,
BNEN_0448,BNEN_G150,en,E4_codemix,1,0.9992231130599976,1,,,,
BNEN_0449,BNEN_G150,bn,E4_codemix,1,0.9987286925315857,1,,,,
BNEN_0450,BNEN_G150,bn-en,E4_codemix,1,0.9992021918296814,1,,,,
BNEN_0451,BNEN_G151,en,E4_codemix,0,0.0021578881423920393,0,,,,
BNEN_0452,BNEN_G151,bn,E4_codemix,0,0.9986189603805542,1,,,,
BNEN_0453,BNEN_G151,bn-en,E4_codemix,0,0.999051034450531,1,,,,
BNEN_0454,BNEN_G152,en,E4_codemix,0,0.0006076819845475256,0,,,,
BNEN_0455,BNEN_G152,bn,E4_codemix,0,0.9985072016716003,1,,,,
BNEN_0456,BNEN_G152,bn-en,E4_codemix,0,0.9989984631538391,1,,,,
BNEN_0457,BNEN_G153,en,E4_codemix,0,0.0004963933024555445,0,,,,
BNEN_0458,BNEN_G153,bn,E4_codemix,0,0.9985087513923645,1,,,,
BNEN_0459,BNEN_G153,bn-en,E4_codemix,0,0.9986831545829773,1,,,,
BNEN_0460,BNEN_G154,en,E4_codemix,0,0.0004576545616146177,0,,,,
BNEN_0461,BNEN_G154,bn,E4_codemix,0,0.9986193180084229,1,,,,
BNEN_0462,BNEN_G154,bn-en,E4_codemix,0,0.9991280436515808,1,,,,
BNEN_0463,BNEN_G155,en,E4_codemix,0,0.0004787901707459241,0,,,,
BNEN_0464,BNEN_G155,bn,E4_codemix,0,0.998461127281189,1,,,,
BNEN_0465,BNEN_G155,bn-en,E4_codemix,0,0.9984073042869568,1,,,,
BNEN_0466,BNEN_G156,en,E4_codemix,0,0.9859033823013306,1,,,,
BNEN_0467,BNEN_G156,bn,E4_codemix,0,0.998591959476471,1,,,,
BNEN_0468,BNEN_G156,bn-en,E4_codemix,0,0.9990463852882385,1,,,,
BNEN_0469,BNEN_G157,en,E4_codemix,0,0.004510572180151939,0,,,,
BNEN_0470,BNEN_G157,bn,E4_codemix,0,0.9986281394958496,1,,,,
BNEN_0471,BNEN_G157,bn-en,E4_codemix,0,0.999138593673706,1,,,,
BNEN_0472,BNEN_G158,en,E4_codemix,0,0.0004971758462488651,0,,,,
BNEN_0473,BNEN_G158,bn,E4_codemix,0,0.9984447360038757,1,,,,
BNEN_0474,BNEN_G158,bn-en,E4_codemix,0,0.999154806137085,1,,,,
BNEN_0475,BNEN_G159,en,E4_codemix,0,0.9931778907775879,1,,,,
BNEN_0476,BNEN_G159,bn,E4_codemix,0,0.9986733198165894,1,,,,
BNEN_0477,BNEN_G159,bn-en,E4_codemix,0,0.9990733861923218,1,,,,
BNEN_0478,BNEN_G160,en,E4_codemix,0,0.9989577531814575,1,,,,
BNEN_0479,BNEN_G160,bn,E4_codemix,0,0.9985920786857605,1,,,,
BNEN_0480,BNEN_G160,bn-en,E4_codemix,0,0.9987421631813049,1,,,,
BNEN_0481,BNEN_G161,en,E4_codemix,0,0.00044260750291869044,0,,,,
BNEN_0482,BNEN_G161,bn,E4_codemix,0,0.9985461235046387,1,,,,
BNEN_0483,BNEN_G161,bn-en,E4_codemix,0,0.9836306571960449,1,,,,
BNEN_0484,BNEN_G162,en,E4_codemix,0,0.0023640943691134453,0,,,,
BNEN_0485,BNEN_G162,bn,E4_codemix,0,0.9985387325286865,1,,,,
BNEN_0486,BNEN_G162,bn-en,E4_codemix,0,0.9990957975387573,1,,,,
BNEN_0487,BNEN_G163,en,E4_codemix,0,0.00047919765347614884,0,,,,
BNEN_0488,BNEN_G163,bn,E4_codemix,0,0.9985095858573914,1,,,,
BNEN_0489,BNEN_G163,bn-en,E4_codemix,0,0.6941279768943787,1,,,,
BNEN_0490,BNEN_G164,en,E4_codemix,0,0.00045934642548672855,0,,,,
BNEN_0491,BNEN_G164,bn,E4_codemix,0,0.9984928369522095,1,,,,
BNEN_0492,BNEN_G164,bn-en,E4_codemix,0,0.9991662502288818,1,,,,
BNEN_0493,BNEN_G165,en,E4_codemix,0,0.5579079389572144,1,,,,
BNEN_0494,BNEN_G165,bn,E4_codemix,0,0.9990000128746033,1,,,,
BNEN_0495,BNEN_G165,bn-en,E4_codemix,0,0.9991227984428406,1,,,,
BNEN_0496,BNEN_G166,en,E4_codemix,0,0.0006651512230746448,0,,,,
BNEN_0497,BNEN_G166,bn,E4_codemix,0,0.9986202716827393,1,,,,
BNEN_0498,BNEN_G166,bn-en,E4_codemix,0,0.9990880489349365,1,,,,
BNEN_0499,BNEN_G167,en,E4_codemix,0,0.0005338767659850419,0,,,,
BNEN_0500,BNEN_G167,bn,E4_codemix,0,0.9984201192855835,1,,,,
BNEN_0501,BNEN_G167,bn-en,E4_codemix,0,0.9955736398696899,1,,,,
BNEN_0502,BNEN_G168,en,E4_codemix,0,0.0025671320036053658,0,,,,
BNEN_0503,BNEN_G168,bn,E4_codemix,0,0.99856036901474,1,,,,
BNEN_0504,BNEN_G168,bn-en,E4_codemix,0,0.999028205871582,1,,,,
BNEN_0505,BNEN_G169,en,E4_codemix,0,0.00043205489055253565,0,,,,
BNEN_0506,BNEN_G169,bn,E4_codemix,0,0.9985120892524719,1,,,,
BNEN_0507,BNEN_G169,bn-en,E4_codemix,0,0.9953852295875549,1,,,,
BNEN_0508,BNEN_G170,en,E4_codemix,0,0.9981389045715332,1,,,,
BNEN_0509,BNEN_G170,bn,E4_codemix,0,0.9983610510826111,1,,,,
BNEN_0510,BNEN_G170,bn-en,E4_codemix,0,0.9991239905357361,1,,,,
BNEN_0511,BNEN_G171,en,E4_codemix,0,0.0004747666826006025,0,,,,
BNEN_0512,BNEN_G171,bn,E4_codemix,0,0.9984714388847351,1,,,,
BNEN_0513,BNEN_G171,bn-en,E4_codemix,0,0.9988503456115723,1,,,,
BNEN_0514,BNEN_G172,en,E4_codemix,0,0.9979631900787354,1,,,,
BNEN_0515,BNEN_G172,bn,E4_codemix,0,0.9984520673751831,1,,,,
BNEN_0516,BNEN_G172,bn-en,E4_codemix,0,0.9990578293800354,1,,,,
BNEN_0517,BNEN_G173,en,E4_codemix,0,0.0005814711912535131,0,,,,
BNEN_0518,BNEN_G173,bn,E4_codemix,0,0.9986737966537476,1,,,,
BNEN_0519,BNEN_G173,bn-en,E4_codemix,0,0.9981155395507812,1,,,,
BNEN_0520,BNEN_G174,en,E4_codemix,0,0.0005881671677343547,0,,,,
BNEN_0521,BNEN_G174,bn,E4_codemix,0,0.998489499092102,1,,,,
BNEN_0522,BNEN_G174,bn-en,E4_codemix,0,0.9990900754928589,1,,,,
BNEN_0523,BNEN_G175,en,E4_codemix,0,0.998779833316803,1,,,,
BNEN_0524,BNEN_G175,bn,E4_codemix,0,0.9986317753791809,1,,,,
BNEN_0525,BNEN_G175,bn-en,E4_codemix,0,0.9992684721946716,1,,,,
BNEN_0526,BNEN_G176,en,E4_codemix,0,0.00048359361244365573,0,,,,
BNEN_0527,BNEN_G176,bn,E4_codemix,0,0.9984334111213684,1,,,,
BNEN_0528,BNEN_G176,bn-en,E4_codemix,0,0.9967094659805298,1,,,,
BNEN_0529,BNEN_G177,en,E4_codemix,0,0.0004592777113430202,0,,,,
BNEN_0530,BNEN_G177,bn,E4_codemix,0,0.9984173774719238,1,,,,
BNEN_0531,BNEN_G177,bn-en,E4_codemix,0,0.9985394477844238,1,,,,
BNEN_0532,BNEN_G178,en,E4_codemix,0,0.003399430075660348,0,,,,
BNEN_0533,BNEN_G178,bn,E4_codemix,0,0.9982680082321167,1,,,,
BNEN_0534,BNEN_G178,bn-en,E4_codemix,0,0.9981024861335754,1,,,,
BNEN_0535,BNEN_G179,en,E4_codemix,0,0.0005477906670421362,0,,,,
BNEN_0536,BNEN_G179,bn,E4_codemix,0,0.9984637498855591,1,,,,
BNEN_0537,BNEN_G179,bn-en,E4_codemix,0,0.9990536570549011,1,,,,
BNEN_0538,BNEN_G180,en,E4_codemix,0,0.0005857498617842793,0,,,,
BNEN_0539,BNEN_G180,bn,E4_codemix,0,0.9984536170959473,1,,,,
BNEN_0540,BNEN_G180,bn-en,E4_codemix,0,0.9985955357551575,1,,,,
BNEN_0541,BNEN_G181,en,E4_codemix,0,0.0004588985175359994,0,,,,
BNEN_0542,BNEN_G181,bn,E4_codemix,0,0.998503565788269,1,,,,
BNEN_0543,BNEN_G181,bn-en,E4_codemix,0,0.9985694885253906,1,,,,
BNEN_0544,BNEN_G182,en,E4_codemix,0,0.03429121524095535,0,,,,
BNEN_0545,BNEN_G182,bn,E4_codemix,0,0.9984502792358398,1,,,,
BNEN_0546,BNEN_G182,bn-en,E4_codemix,0,0.9986444115638733,1,,,,
BNEN_0547,BNEN_G183,en,E4_codemix,0,0.0004347038338892162,0,,,,
BNEN_0548,BNEN_G183,bn,E4_codemix,0,0.9985939860343933,1,,,,
BNEN_0549,BNEN_G183,bn-en,E4_codemix,0,0.9989305138587952,1,,,,
BNEN_0550,BNEN_G184,en,E4_codemix,0,0.2978367805480957,1,,,,
BNEN_0551,BNEN_G184,bn,E4_codemix,0,0.9984064698219299,1,,,,
BNEN_0552,BNEN_G184,bn-en,E4_codemix,0,0.9986176490783691,1,,,,
BNEN_0553,BNEN_G185,en,E4_codemix,0,0.0005089453770779073,0,,,,
BNEN_0554,BNEN_G185,bn,E4_codemix,0,0.998488187789917,1,,,,
BNEN_0555,BNEN_G185,bn-en,E4_codemix,0,0.998964786529541,1,,,,
BNEN_0556,BNEN_G186,en,E4_codemix,0,0.9980852603912354,1,,,,
BNEN_0557,BNEN_G186,bn,E4_codemix,0,0.9986943602561951,1,,,,
BNEN_0558,BNEN_G186,bn-en,E4_codemix,0,0.9989975094795227,1,,,,
BNEN_0559,BNEN_G187,en,E4_codemix,0,0.000475989276310429,0,,,,
BNEN_0560,BNEN_G187,bn,E4_codemix,0,0.998342752456665,1,,,,
BNEN_0561,BNEN_G187,bn-en,E4_codemix,0,0.9988290667533875,1,,,,
BNEN_0562,BNEN_G188,en,E4_codemix,0,0.6278819441795349,1,,,,
BNEN_0563,BNEN_G188,bn,E4_codemix,0,0.9985608458518982,1,,,,
BNEN_0564,BNEN_G188,bn-en,E4_codemix,0,0.9989866614341736,1,,,,
BNEN_0565,BNEN_G189,en,E4_codemix,0,0.00047655083471909165,0,,,,
BNEN_0566,BNEN_G189,bn,E4_codemix,0,0.9984523057937622,1,,,,
BNEN_0567,BNEN_G189,bn-en,E4_codemix,0,0.9983695149421692,1,,,,
BNEN_0568,BNEN_G190,en,E4_codemix,0,0.8205543160438538,1,,,,
BNEN_0569,BNEN_G190,bn,E4_codemix,0,0.9984673857688904,1,,,,
BNEN_0570,BNEN_G190,bn-en,E4_codemix,0,0.9989450573921204,1,,,,
BNEN_0571,BNEN_G191,en,E4_codemix,0,0.0004888747353106737,0,,,,
BNEN_0572,BNEN_G191,bn,E4_codemix,0,0.9984973669052124,1,,,,
BNEN_0573,BNEN_G191,bn-en,E4_codemix,0,0.9989173412322998,1,,,,
BNEN_0574,BNEN_G192,en,E4_codemix,0,0.0013050975976511836,0,,,,
BNEN_0575,BNEN_G192,bn,E4_codemix,0,0.9984186887741089,1,,,,
BNEN_0576,BNEN_G192,bn-en,E4_codemix,0,0.9988532066345215,1,,,,
BNEN_0577,BNEN_G193,en,E4_codemix,0,0.00046659004874527454,0,,,,
BNEN_0578,BNEN_G193,bn,E4_codemix,0,0.9985772371292114,1,,,,
BNEN_0579,BNEN_G193,bn-en,E4_codemix,0,0.9985008239746094,1,,,,
BNEN_0580,BNEN_G194,en,E4_codemix,0,0.00044207117753103375,0,,,,
BNEN_0581,BNEN_G194,bn,E4_codemix,0,0.9984319806098938,1,,,,
BNEN_0582,BNEN_G194,bn-en,E4_codemix,0,0.9967747330665588,1,,,,
BNEN_0583,BNEN_G195,en,E4_codemix,0,0.0005563762388192117,0,,,,
BNEN_0584,BNEN_G195,bn,E4_codemix,0,0.9983983635902405,1,,,,
BNEN_0585,BNEN_G195,bn-en,E4_codemix,0,0.9987296462059021,1,,,,
BNEN_0586,BNEN_G196,en,E4_codemix,0,0.0005056927329860628,0,,,,
BNEN_0587,BNEN_G196,bn,E4_codemix,0,0.9984669089317322,1,,,,
BNEN_0588,BNEN_G196,bn-en,E4_codemix,0,0.0012639174237847328,0,,,,
BNEN_0589,BNEN_G197,en,E4_codemix,0,0.0006114344578236341,0,,,,
BNEN_0590,BNEN_G197,bn,E4_codemix,0,0.9984476566314697,1,,,,
BNEN_0591,BNEN_G197,bn-en,E4_codemix,0,0.9989218711853027,1,,,,
BNEN_0592,BNEN_G198,en,E4_codemix,0,0.00045243208296597004,0,,,,
BNEN_0593,BNEN_G198,bn,E4_codemix,0,0.998439610004425,1,,,,
BNEN_0594,BNEN_G198,bn-en,E4_codemix,0,0.9977858066558838,1,,,,
BNEN_0595,BNEN_G199,en,E4_codemix,0,0.9920445680618286,1,,,,
BNEN_0596,BNEN_G199,bn,E4_codemix,0,0.9985464215278625,1,,,,
BNEN_0597,BNEN_G199,bn-en,E4_codemix,0,0.998746395111084,1,,,,
BNEN_0598,BNEN_G200,en,E4_codemix,0,0.0005283366190269589,0,,,,
BNEN_0599,BNEN_G200,bn,E4_codemix,0,0.9984872341156006,1,,,,
BNEN_0600,BNEN_G200,bn-en,E4_codemix,0,0.9940424561500549,1,,,,
BNEN_0601,BNEN_G201,en,E4_codemix,0,0.03044823929667473,0,,,,
BNEN_0602,BNEN_G201,bn,E4_codemix,0,0.9984931945800781,1,,,,
BNEN_0603,BNEN_G201,bn-en,E4_codemix,0,0.9990369081497192,1,,,,
BNEN_0604,BNEN_G202,en,E4_codemix,0,0.0004692434740718454,0,,,,
BNEN_0605,BNEN_G202,bn,E4_codemix,0,0.9983528852462769,1,,,,
BNEN_0606,BNEN_G202,bn-en,E4_codemix,0,0.9982814788818359,1,,,,
BNEN_0607,BNEN_G203,en,E4_codemix,0,0.9938596487045288,1,,,,
BNEN_0608,BNEN_G203,bn,E4_codemix,0,0.9983454942703247,1,,,,
BNEN_0609,BNEN_G203,bn-en,E4_codemix,0,0.9988608360290527,1,,,,
BNEN_0610,BNEN_G204,en,E4_codemix,0,0.0004440124030224979,0,,,,
BNEN_0611,BNEN_G204,bn,E4_codemix,0,0.9985418319702148,1,,,,
BNEN_0612,BNEN_G204,bn-en,E4_codemix,0,0.9989282488822937,1,,,,
BNEN_0613,BNEN_G205,en,E4_codemix,0,0.00045864639105275273,0,,,,
BNEN_0614,BNEN_G205,bn,E4_codemix,0,0.9984840750694275,1,,,,
BNEN_0615,BNEN_G205,bn-en,E4_codemix,0,0.999108612537384,1,,,,
BNEN_0616,BNEN_G206,en,E4_codemix,0,0.9967756867408752,1,,,,
BNEN_0617,BNEN_G206,bn,E4_codemix,0,0.9985352754592896,1,,,,
BNEN_0618,BNEN_G206,bn-en,E4_codemix,0,0.9992244243621826,1,,,,
BNEN_0619,BNEN_G207,en,E4_codemix,0,0.0004446394741535187,0,,,,
BNEN_0620,BNEN_G207,bn,E4_codemix,0,0.9985179305076599,1,,,,
BNEN_0621,BNEN_G207,bn-en,E4_codemix,0,0.9988142251968384,1,,,,
BNEN_0622,BNEN_G208,en,E4_codemix,0,0.6577193140983582,1,,,,
BNEN_0623,BNEN_G208,bn,E4_codemix,0,0.9984244108200073,1,,,,
BNEN_0624,BNEN_G208,bn-en,E4_codemix,0,0.9990078806877136,1,,,,
BNEN_0625,BNEN_G209,en,E4_codemix,0,0.0005009869928471744,0,,,,
BNEN_0626,BNEN_G209,bn,E4_codemix,0,0.9984650611877441,1,,,,
BNEN_0627,BNEN_G209,bn-en,E4_codemix,0,0.9988238215446472,1,,,,
BNEN_0628,BNEN_G210,en,E4_codemix,0,0.00042884243885055184,0,,,,
BNEN_0629,BNEN_G210,bn,E4_codemix,0,0.9985082745552063,1,,,,
BNEN_0630,BNEN_G210,bn-en,E4_codemix,0,0.9829067587852478,1,,,,
BNEN_0631,BNEN_G211,en,E4_codemix,0,0.9988738894462585,1,,,,
BNEN_0632,BNEN_G211,bn,E4_codemix,0,0.9988941550254822,1,,,,
BNEN_0633,BNEN_G211,bn-en,E4_codemix,0,0.9991700649261475,1,,,,
BNEN_0634,BNEN_G212,en,E4_codemix,0,0.0005108321784064174,0,,,,
BNEN_0635,BNEN_G212,bn,E4_codemix,0,0.9982839226722717,1,,,,
BNEN_0636,BNEN_G212,bn-en,E4_codemix,0,0.9988214373588562,1,,,,
BNEN_0637,BNEN_G213,en,E4_codemix,0,0.00045991598744876683,0,,,,
BNEN_0638,BNEN_G213,bn,E4_codemix,0,0.9982781410217285,1,,,,
BNEN_0639,BNEN_G213,bn-en,E4_codemix,0,0.998818576335907,1,,,,
BNEN_0640,BNEN_G214,en,E4_codemix,0,0.02682727761566639,0,,,,
BNEN_0641,BNEN_G214,bn,E4_codemix,0,0.9985596537590027,1,,,,
BNEN_0642,BNEN_G214,bn-en,E4_codemix,0,0.9979046583175659,1,,,,
BNEN_0643,BNEN_G215,en,E4_codemix,0,0.0004611804033629596,0,,,,
BNEN_0644,BNEN_G215,bn,E4_codemix,0,0.9984846711158752,1,,,,
BNEN_0645,BNEN_G215,bn-en,E4_codemix,0,0.9986904263496399,1,,,,
BNEN_0646,BNEN_G216,en,E4_codemix,0,0.00042920580017380416,0,,,,
BNEN_0647,BNEN_G216,bn,E4_codemix,0,0.9985729455947876,1,,,,
BNEN_0648,BNEN_G216,bn-en,E4_codemix,0,0.0006311532342806458,0,,,,
BNEN_0649,BNEN_G217,en,E4_codemix,0,0.0005021077231504023,0,,,,
BNEN_0650,BNEN_G217,bn,E4_codemix,0,0.998496413230896,1,,,,
BNEN_0651,BNEN_G217,bn-en,E4_codemix,0,0.9989532232284546,1,,,,
BNEN_0652,BNEN_G218,en,E4_codemix,0,0.008727656677365303,0,,,,
BNEN_0653,BNEN_G218,bn,E4_codemix,0,0.998478353023529,1,,,,
BNEN_0654,BNEN_G218,bn-en,E4_codemix,0,0.9989707469940186,1,,,,
BNEN_0655,BNEN_G219,en,E4_codemix,0,0.00045207078801468015,0,,,,
BNEN_0656,BNEN_G219,bn,E4_codemix,0,0.9983062744140625,1,,,,
BNEN_0657,BNEN_G219,bn-en,E4_codemix,0,0.9983225464820862,1,,,,
BNEN_0658,BNEN_G220,en,E4_codemix,0,0.0005166718037799001,0,,,,
BNEN_0659,BNEN_G220,bn,E4_codemix,0,0.9984601736068726,1,,,,
BNEN_0660,BNEN_G220,bn-en,E4_codemix,0,0.998289167881012,1,,,,
BNEN_0661,BNEN_G221,en,E4_codemix,0,0.000585612840950489,0,,,,
BNEN_0662,BNEN_G221,bn,E4_codemix,0,0.9987234473228455,1,,,,
BNEN_0663,BNEN_G221,bn-en,E4_codemix,0,0.9987988471984863,1,,,,
BNEN_0664,BNEN_G222,en,E4_codemix,0,0.00222880975343287,0,,,,
BNEN_0665,BNEN_G222,bn,E4_codemix,0,0.9985750913619995,1,,,,
BNEN_0666,BNEN_G222,bn-en,E4_codemix,0,0.9975910186767578,1,,,,
BNEN_0667,BNEN_G223,en,E4_codemix,0,0.0005207611829973757,0,,,,
BNEN_0668,BNEN_G223,bn,E4_codemix,0,0.9984534978866577,1,,,,
BNEN_0669,BNEN_G223,bn-en,E4_codemix,0,0.9990414977073669,1,,,,
BNEN_0670,BNEN_G224,en,E4_codemix,0,0.0004243460716679692,0,,,,
BNEN_0671,BNEN_G224,bn,E4_codemix,0,0.9985677003860474,1,,,,
BNEN_0672,BNEN_G224,bn-en,E4_codemix,0,0.998986542224884,1,,,,
BNEN_0673,BNEN_G225,en,E4_codemix,0,0.9968212842941284,1,,,,
BNEN_0674,BNEN_G225,bn,E4_codemix,0,0.998536229133606,1,,,,
BNEN_0675,BNEN_G225,bn-en,E4_codemix,0,0.9989657402038574,1,,,,
BNEN_0676,BNEN_G226,en,E4_codemix,0,0.00047197905951179564,0,,,,
BNEN_0677,BNEN_G226,bn,E4_codemix,0,0.9985818862915039,1,,,,
BNEN_0678,BNEN_G226,bn-en,E4_codemix,0,0.9989111423492432,1,,,,
BNEN_0679,BNEN_G227,en,E4_codemix,0,0.0005336063914000988,0,,,,
BNEN_0680,BNEN_G227,bn,E4_codemix,0,0.9985089898109436,1,,,,
BNEN_0681,BNEN_G227,bn-en,E4_codemix,0,0.9990047812461853,1,,,,
BNEN_0682,BNEN_G228,en,E4_codemix,0,0.996612012386322,1,,,,
BNEN_0683,BNEN_G228,bn,E4_codemix,0,0.9985873699188232,1,,,,
BNEN_0684,BNEN_G228,bn-en,E4_codemix,0,0.999038577079773,1,,,,
BNEN_0685,BNEN_G229,en,E4_codemix,0,0.0004611588374245912,0,,,,
BNEN_0686,BNEN_G229,bn,E4_codemix,0,0.9985737800598145,1,,,,
BNEN_0687,BNEN_G229,bn-en,E4_codemix,0,0.9988865256309509,1,,,,
BNEN_0688,BNEN_G230,en,E4_codemix,0,0.0004588387964759022,0,,,,
BNEN_0689,BNEN_G230,bn,E4_codemix,0,0.9983617663383484,1,,,,
BNEN_0690,BNEN_G230,bn-en,E4_codemix,0,0.9990944862365723,1,,,,
BNEN_0691,BNEN_G231,en,E4_codemix,0,0.9991505146026611,1,,,,
BNEN_0692,BNEN_G231,bn,E4_codemix,0,0.9985719919204712,1,,,,
BNEN_0693,BNEN_G231,bn-en,E4_codemix,0,0.9989544153213501,1,,,,
BNEN_0694,BNEN_G232,en,E4_codemix,0,0.00043265538988634944,0,,,,
BNEN_0695,BNEN_G232,bn,E4_codemix,0,0.9985840320587158,1,,,,
BNEN_0696,BNEN_G232,bn-en,E4_codemix,0,0.9986794590950012,1,,,,
BNEN_0697,BNEN_G233,en,E4_codemix,0,0.00047225356684066355,0,,,,
BNEN_0698,BNEN_G233,bn,E4_codemix,0,0.9986779093742371,1,,,,
BNEN_0699,BNEN_G233,bn-en,E4_codemix,0,0.9989550113677979,1,,,,
BNEN_0700,BNEN_G234,en,E4_codemix,0,0.0005020629032514989,0,,,,
BNEN_0701,BNEN_G234,bn,E4_codemix,0,0.9985186457633972,1,,,,
BNEN_0702,BNEN_G234,bn-en,E4_codemix,0,0.9991268515586853,1,,,,
BNEN_0703,BNEN_G235,en,E4_codemix,0,0.0009286679560318589,0,,,,
BNEN_0704,BNEN_G235,bn,E4_codemix,0,0.9985963702201843,1,,,,
BNEN_0705,BNEN_G235,bn-en,E4_codemix,0,0.998816728591919,1,,,,
BNEN_0706,BNEN_G236,en,E4_codemix,0,0.00046513567212969065,0,,,,
BNEN_0707,BNEN_G236,bn,E4_codemix,0,0.9985520243644714,1,,,,
BNEN_0708,BNEN_G236,bn-en,E4_codemix,0,0.998724639415741,1,,,,
BNEN_0709,BNEN_G237,en,E4_codemix,0,0.0010018454631790519,0,,,,
BNEN_0710,BNEN_G237,bn,E4_codemix,0,0.9984158277511597,1,,,,
BNEN_0711,BNEN_G237,bn-en,E4_codemix,0,0.9991426467895508,1,,,,
BNEN_0712,BNEN_G238,en,E4_codemix,0,0.7503334283828735,1,,,,
BNEN_0713,BNEN_G238,bn,E4_codemix,0,0.9985296726226807,1,,,,
BNEN_0714,BNEN_G238,bn-en,E4_codemix,0,0.9988994598388672,1,,,,
BNEN_0715,BNEN_G239,en,E4_codemix,0,0.0006252915482036769,0,,,,
BNEN_0716,BNEN_G239,bn,E4_codemix,0,0.9984158277511597,1,,,,
BNEN_0717,BNEN_G239,bn-en,E4_codemix,0,0.9990239143371582,1,,,,
BNEN_0718,BNEN_G240,en,E4_codemix,0,0.0005146470502950251,0,,,,
BNEN_0719,BNEN_G240,bn,E4_codemix,0,0.9985688924789429,1,,,,
BNEN_0720,BNEN_G240,bn-en,E4_codemix,0,0.9991497993469238,1,,,,
BNEN_0721,BNEN_G241,en,E4_codemix,0,0.00046075895079411566,0,,,,
BNEN_0722,BNEN_G241,bn,E4_codemix,0,0.9985089898109436,1,,,,
BNEN_0723,BNEN_G241,bn-en,E4_codemix,0,0.998367965221405,1,,,,
BNEN_0724,BNEN_G242,en,E4_codemix,0,0.9990348815917969,1,,,,
BNEN_0725,BNEN_G242,bn,E4_codemix,0,0.9986246824264526,1,,,,
BNEN_0726,BNEN_G242,bn-en,E4_codemix,0,0.9991685152053833,1,,,,
BNEN_0727,BNEN_G243,en,E4_codemix,0,0.00044302496826276183,0,,,,
BNEN_0728,BNEN_G243,bn,E4_codemix,0,0.998497486114502,1,,,,
BNEN_0729,BNEN_G243,bn-en,E4_codemix,0,0.9961034059524536,1,,,,
BNEN_0730,BNEN_G244,en,E4_codemix,0,0.00843706727027893,0,,,,
BNEN_0731,BNEN_G244,bn,E4_codemix,0,0.9984599351882935,1,,,,
BNEN_0732,BNEN_G244,bn-en,E4_codemix,0,0.9987899661064148,1,,,,
BNEN_0733,BNEN_G245,en,E4_codemix,0,0.9185105562210083,1,,,,
BNEN_0734,BNEN_G245,bn,E4_codemix,0,0.9985257983207703,1,,,,
BNEN_0735,BNEN_G245,bn-en,E4_codemix,0,0.9990485310554504,1,,,,
BNEN_0736,BNEN_G246,en,E4_codemix,0,0.001734898192808032,0,,,,
BNEN_0737,BNEN_G246,bn,E4_codemix,0,0.9984532594680786,1,,,,
BNEN_0738,BNEN_G246,bn-en,E4_codemix,0,0.9989985823631287,1,,,,
BNEN_0739,BNEN_G247,en,E4_codemix,0,0.0007271022186614573,0,,,,
BNEN_0740,BNEN_G247,bn,E4_codemix,0,0.9985554814338684,1,,,,
BNEN_0741,BNEN_G247,bn-en,E4_codemix,0,0.9983914494514465,1,,,,
BNEN_0742,BNEN_G248,en,E4_codemix,0,0.0004743275057990104,0,,,,
BNEN_0743,BNEN_G248,bn,E4_codemix,0,0.998573899269104,1,,,,
BNEN_0744,BNEN_G248,bn-en,E4_codemix,0,0.9989425539970398,1,,,,
BNEN_0745,BNEN_G249,en,E4_codemix,0,0.6200006604194641,1,,,,
BNEN_0746,BNEN_G249,bn,E4_codemix,0,0.9986076951026917,1,,,,
BNEN_0747,BNEN_G249,bn-en,E4_codemix,0,0.9990437626838684,1,,,,
BNEN_0748,BNEN_G250,en,E4_codemix,0,0.9989842772483826,1,,,,
BNEN_0749,BNEN_G250,bn,E4_codemix,0,0.9984536170959473,1,,,,
BNEN_0750,BNEN_G250,bn-en,E4_codemix,0,0.999041736125946,1,,,,
BNEN_0751,BNEN_G251,en,E4_codemix,0,0.000465002260170877,0,,,,
BNEN_0752,BNEN_G251,bn,E4_codemix,0,0.9983843564987183,1,,,,
BNEN_0753,BNEN_G251,bn-en,E4_codemix,0,0.9985609650611877,1,,,,
BNEN_0754,BNEN_G252,en,E4_codemix,0,0.0005000736564397812,0,,,,
BNEN_0755,BNEN_G252,bn,E4_codemix,0,0.9984672665596008,1,,,,
BNEN_0756,BNEN_G252,bn-en,E4_codemix,0,0.9922559261322021,1,,,,
BNEN_0757,BNEN_G253,en,E4_codemix,0,0.00044982435065321624,0,,,,
BNEN_0758,BNEN_G253,bn,E4_codemix,0,0.9984379410743713,1,,,,
BNEN_0759,BNEN_G253,bn-en,E4_codemix,0,0.9965469241142273,1,,,,
BNEN_0760,BNEN_G254,en,E4_codemix,0,0.0065094768069684505,0,,,,
BNEN_0761,BNEN_G254,bn,E4_codemix,0,0.9984387755393982,1,,,,
BNEN_0762,BNEN_G254,bn-en,E4_codemix,0,0.9988641738891602,1,,,,
BNEN_0763,BNEN_G255,en,E4_codemix,0,0.0005014110938645899,0,,,,
BNEN_0764,BNEN_G255,bn,E4_codemix,0,0.9985590577125549,1,,,,
BNEN_0765,BNEN_G255,bn-en,E4_codemix,0,0.9989678859710693,1,,,,
BNEN_0766,BNEN_G256,en,E4_codemix,0,0.0004711523943115026,0,,,,
BNEN_0767,BNEN_G256,bn,E4_codemix,0,0.9984707236289978,1,,,,
BNEN_0768,BNEN_G256,bn-en,E4_codemix,0,0.9986542463302612,1,,,,
BNEN_0769,BNEN_G257,en,E4_codemix,0,0.15985329449176788,0,,,,
BNEN_0770,BNEN_G257,bn,E4_codemix,0,0.9986868500709534,1,,,,
BNEN_0771,BNEN_G257,bn-en,E4_codemix,0,0.9990297555923462,1,,,,
BNEN_0772,BNEN_G258,en,E4_codemix,0,0.0004871781566180289,0,,,,
BNEN_0773,BNEN_G258,bn,E4_codemix,0,0.9984062314033508,1,,,,
BNEN_0774,BNEN_G258,bn-en,E4_codemix,0,0.9988787770271301,1,,,,
BNEN_0775,BNEN_G259,en,E4_codemix,0,0.0005015042843297124,0,,,,
BNEN_0776,BNEN_G259,bn,E4_codemix,0,0.9984549283981323,1,,,,
BNEN_0777,BNEN_G259,bn-en,E4_codemix,0,0.9963515996932983,1,,,,
BNEN_0778,BNEN_G260,en,E4_codemix,0,0.08119889348745346,0,,,,
BNEN_0779,BNEN_G260,bn,E4_codemix,0,0.9984429478645325,1,,,,
BNEN_0780,BNEN_G260,bn-en,E4_codemix,0,0.9989981055259705,1,,,,
BNEN_0781,BNEN_G261,en,E4_codemix,0,0.00047933857422322035,0,,,,
BNEN_0782,BNEN_G261,bn,E4_codemix,0,0.9985136389732361,1,,,,
BNEN_0783,BNEN_G261,bn-en,E4_codemix,0,0.9988592863082886,1,,,,
BNEN_0784,BNEN_G262,en,E4_codemix,0,0.0004295371181797236,0,,,,
BNEN_0785,BNEN_G262,bn,E4_codemix,0,0.9983786344528198,1,,,,
BNEN_0786,BNEN_G262,bn-en,E4_codemix,0,0.9893302321434021,1,,,,
BNEN_0787,BNEN_G263,en,E4_codemix,0,0.0032059818040579557,0,,,,
BNEN_0788,BNEN_G263,bn,E4_codemix,0,0.9985494017601013,1,,,,
BNEN_0789,BNEN_G263,bn-en,E4_codemix,0,0.9991475343704224,1,,,,
BNEN_0790,BNEN_G264,en,E4_codemix,0,0.00047324583283625543,0,,,,
BNEN_0791,BNEN_G264,bn,E4_codemix,0,0.9985799789428711,1,,,,
BNEN_0792,BNEN_G264,bn-en,E4_codemix,0,0.9983577132225037,1,,,,
BNEN_0793,BNEN_G265,en,E4_codemix,0,0.0004605719295796007,0,,,,
BNEN_0794,BNEN_G265,bn,E4_codemix,0,0.9984456896781921,1,,,,
BNEN_0795,BNEN_G265,bn-en,E4_codemix,0,0.9987334609031677,1,,,,
BNEN_0796,BNEN_G266,en,E4_codemix,0,0.0013350715162232518,0,,,,
BNEN_0797,BNEN_G266,bn,E4_codemix,0,0.9984462857246399,1,,,,
BNEN_0798,BNEN_G266,bn-en,E4_codemix,0,0.998771607875824,1,,,,
BNEN_0799,BNEN_G267,en,E4_codemix,0,0.00045518417027778924,0,,,,
BNEN_0800,BNEN_G267,bn,E4_codemix,0,0.998488187789917,1,,,,
BNEN_0801,BNEN_G267,bn-en,E4_codemix,0,0.9989385008811951,1,,,,
BNEN_0802,BNEN_G268,en,E4_codemix,0,0.9941689968109131,1,,,,
BNEN_0803,BNEN_G268,bn,E4_codemix,0,0.998565137386322,1,,,,
BNEN_0804,BNEN_G268,bn-en,E4_codemix,0,0.9988178610801697,1,,,,
BNEN_0805,BNEN_G269,en,E4_codemix,0,0.0004971701418980956,0,,,,
BNEN_0806,BNEN_G269,bn,E4_codemix,0,0.9985765218734741,1,,,,
BNEN_0807,BNEN_G269,bn-en,E4_codemix,0,0.9987452030181885,1,,,,
BNEN_0808,BNEN_G270,en,E4_codemix,0,0.00046355376252904534,0,,,,
BNEN_0809,BNEN_G270,bn,E4_codemix,0,0.9985837936401367,1,,,,
BNEN_0810,BNEN_G270,bn-en,E4_codemix,0,0.9985274076461792,1,,,,
BNEN_0811,BNEN_G271,en,E4_codemix,0,0.0004686766769737005,0,,,,
BNEN_0812,BNEN_G271,bn,E4_codemix,0,0.998481810092926,1,,,,
BNEN_0813,BNEN_G271,bn-en,E4_codemix,0,0.9987848401069641,1,,,,
BNEN_0814,BNEN_G272,en,E4_codemix,0,0.000433169596362859,0,,,,
BNEN_0815,BNEN_G272,bn,E4_codemix,0,0.9985414743423462,1,,,,
BNEN_0816,BNEN_G272,bn-en,E4_codemix,0,0.9982690811157227,1,,,,
BNEN_0817,BNEN_G273,en,E4_codemix,0,0.059338927268981934,0,,,,
BNEN_0818,BNEN_G273,bn,E4_codemix,0,0.9984785914421082,1,,,,
BNEN_0819,BNEN_G273,bn-en,E4_codemix,0,0.9991231560707092,1,,,,
BNEN_0820,BNEN_G274,en,E4_codemix,0,0.000472326937597245,0,,,,
BNEN_0821,BNEN_G274,bn,E4_codemix,0,0.998424768447876,1,,,,
BNEN_0822,BNEN_G274,bn-en,E4_codemix,0,0.9985927939414978,1,,,,
BNEN_0823,BNEN_G275,en,E4_codemix,0,0.0004897520993836224,0,,,,
BNEN_0824,BNEN_G275,bn,E4_codemix,0,0.9985138773918152,1,,,,
BNEN_0825,BNEN_G275,bn-en,E4_codemix,0,0.9987198114395142,1,,,,
BNEN_0826,BNEN_G276,en,E4_codemix,0,0.5608909130096436,1,,,,
BNEN_0827,BNEN_G276,bn,E4_codemix,0,0.9984377026557922,1,,,,
BNEN_0828,BNEN_G276,bn-en,E4_codemix,0,0.9990983009338379,1,,,,
BNEN_0829,BNEN_G277,en,E4_codemix,0,0.0004994948394596577,0,,,,
BNEN_0830,BNEN_G277,bn,E4_codemix,0,0.9985349178314209,1,,,,
BNEN_0831,BNEN_G277,bn-en,E4_codemix,0,0.999001681804657,1,,,,
BNEN_0832,BNEN_G278,en,E4_codemix,0,0.0004308633506298065,0,,,,
BNEN_0833,BNEN_G278,bn,E4_codemix,0,0.9985826015472412,1,,,,
BNEN_0834,BNEN_G278,bn-en,E4_codemix,0,0.9987094402313232,1,,,,
BNEN_0835,BNEN_G279,en,E4_codemix,0,0.07890471071004868,0,,,,
BNEN_0836,BNEN_G279,bn,E4_codemix,0,0.998430073261261,1,,,,
BNEN_0837,BNEN_G279,bn-en,E4_codemix,0,0.9988628625869751,1,,,,
BNEN_0838,BNEN_G280,en,E4_codemix,0,0.0006903825560584664,0,,,,
BNEN_0839,BNEN_G280,bn,E4_codemix,0,0.9983323216438293,1,,,,
BNEN_0840,BNEN_G280,bn-en,E4_codemix,0,0.03579256683588028,0,,,,
BNEN_0841,BNEN_G281,en,E4_codemix,0,0.0004294945683795959,0,,,,
BNEN_0842,BNEN_G281,bn,E4_codemix,0,0.998441755771637,1,,,,
BNEN_0843,BNEN_G281,bn-en,E4_codemix,0,0.9988346695899963,1,,,,
BNEN_0844,BNEN_G282,en,E4_codemix,0,0.004631085321307182,0,,,,
BNEN_0845,BNEN_G282,bn,E4_codemix,0,0.9983785152435303,1,,,,
BNEN_0846,BNEN_G282,bn-en,E4_codemix,0,0.9991582632064819,1,,,,
BNEN_0847,BNEN_G283,en,E4_codemix,0,0.000506411655806005,0,,,,
BNEN_0848,BNEN_G283,bn,E4_codemix,0,0.9985827207565308,1,,,,
BNEN_0849,BNEN_G283,bn-en,E4_codemix,0,0.9990480542182922,1,,,,
BNEN_0850,BNEN_G284,en,E4_codemix,0,0.00042601433233357966,0,,,,
BNEN_0851,BNEN_G284,bn,E4_codemix,0,0.9985388517379761,1,,,,
BNEN_0852,BNEN_G284,bn-en,E4_codemix,0,0.9990299940109253,1,,,,
BNEN_0853,BNEN_G285,en,E4_codemix,0,0.00046532065607607365,0,,,,
BNEN_0854,BNEN_G285,bn,E4_codemix,0,0.9984239339828491,1,,,,
BNEN_0855,BNEN_G285,bn-en,E4_codemix,0,0.9989578723907471,1,,,,
BNEN_0856,BNEN_G286,en,E4_codemix,0,0.8606873154640198,1,,,,
BNEN_0857,BNEN_G286,bn,E4_codemix,0,0.9986749291419983,1,,,,
BNEN_0858,BNEN_G286,bn-en,E4_codemix,0,0.9990423321723938,1,,,,
BNEN_0859,BNEN_G287,en,E4_codemix,0,0.00046202537487261,0,,,,
BNEN_0860,BNEN_G287,bn,E4_codemix,0,0.9985182881355286,1,,,,
BNEN_0861,BNEN_G287,bn-en,E4_codemix,0,0.9990604519844055,1,,,,
BNEN_0862,BNEN_G288,en,E4_codemix,0,0.000493155384901911,0,,,,
BNEN_0863,BNEN_G288,bn,E4_codemix,0,0.9983686804771423,1,,,,
BNEN_0864,BNEN_G288,bn-en,E4_codemix,0,0.994269609451294,1,,,,
BNEN_0865,BNEN_G289,en,E4_codemix,0,0.061077848076820374,0,,,,
BNEN_0866,BNEN_G289,bn,E4_codemix,0,0.9985271692276001,1,,,,
BNEN_0867,BNEN_G289,bn-en,E4_codemix,0,0.9990530610084534,1,,,,
BNEN_0868,BNEN_G290,en,E4_codemix,0,0.030865712091326714,0,,,,
BNEN_0869,BNEN_G290,bn,E4_codemix,0,0.9986352324485779,1,,,,
BNEN_0870,BNEN_G290,bn-en,E4_codemix,0,0.9989312291145325,1,,,,
BNEN_0871,BNEN_G291,en,E4_codemix,0,0.0005005564889870584,0,,,,
BNEN_0872,BNEN_G291,bn,E4_codemix,0,0.9984563589096069,1,,,,
BNEN_0873,BNEN_G291,bn-en,E4_codemix,0,0.9982659220695496,1,,,,
BNEN_0874,BNEN_G292,en,E4_codemix,0,0.0004464372468646616,0,,,,
BNEN_0875,BNEN_G292,bn,E4_codemix,0,0.998458743095398,1,,,,
BNEN_0876,BNEN_G292,bn-en,E4_codemix,0,0.9989308714866638,1,,,,
BNEN_0877,BNEN_G293,en,E4_codemix,0,0.7904724478721619,1,,,,
BNEN_0878,BNEN_G293,bn,E4_codemix,0,0.9986017346382141,1,,,,
BNEN_0879,BNEN_G293,bn-en,E4_codemix,0,0.9988006353378296,1,,,,
BNEN_0880,BNEN_G294,en,E4_codemix,0,0.0005046725855208933,0,,,,
BNEN_0881,BNEN_G294,bn,E4_codemix,0,0.9983591437339783,1,,,,
BNEN_0882,BNEN_G294,bn-en,E4_codemix,0,0.995905876159668,1,,,,
BNEN_0883,BNEN_G295,en,E4_codemix,0,0.000503128336276859,0,,,,
BNEN_0884,BNEN_G295,bn,E4_codemix,0,0.9984017014503479,1,,,,
BNEN_0885,BNEN_G295,bn-en,E4_codemix,0,0.9984331727027893,1,,,,
BNEN_0886,BNEN_G296,en,E4_codemix,0,0.0030763072427362204,0,,,,
BNEN_0887,BNEN_G296,bn,E4_codemix,0,0.9983312487602234,1,,,,
BNEN_0888,BNEN_G296,bn-en,E4_codemix,0,0.9986760020256042,1,,,,
BNEN_0889,BNEN_G297,en,E4_codemix,0,0.00045878675882704556,0,,,,
BNEN_0890,BNEN_G297,bn,E4_codemix,0,0.9982994198799133,1,,,,
BNEN_0891,BNEN_G297,bn-en,E4_codemix,0,0.998672604560852,1,,,,
BNEN_0892,BNEN_G298,en,E4_codemix,0,0.0004956275806762278,0,,,,
BNEN_0893,BNEN_G298,bn,E4_codemix,0,0.9984363913536072,1,,,,
BNEN_0894,BNEN_G298,bn-en,E4_codemix,0,0.998784601688385,1,,,,
BNEN_0895,BNEN_G299,en,E4_codemix,0,0.0027068329509347677,0,,,,
BNEN_0896,BNEN_G299,bn,E4_codemix,0,0.9983786344528198,1,,,,
BNEN_0897,BNEN_G299,bn-en,E4_codemix,0,0.9989815354347229,1,,,,
BNEN_0898,BNEN_G300,en,E4_codemix,0,0.0004393447015900165,0,,,,
BNEN_0899,BNEN_G300,bn,E4_codemix,0,0.9985752105712891,1,,,,
BNEN_0900,BNEN_G300,bn-en,E4_codemix,0,0.9989225268363953,1,,,,
D2_00001,G_00662,en,E5_crossdataset,1,0.999099612236023,1,,,,
D2_00002,G_00663,en,E5_crossdataset,1,0.9991311430931091,1,,,,
D2_00003,G_00664,en,E5_crossdataset,1,0.9991493225097656,1,,,,
D2_00004,G_00665,en,E5_crossdataset,1,0.9874125719070435,1,,,,
D2_00005,G_00666,en,E5_crossdataset,1,0.9982556700706482,1,,,,
D2_00006,G_00667,en,E5_crossdataset,1,0.9982609152793884,1,,,,
D2_00007,G_00668,en,E5_crossdataset,1,0.9988369345664978,1,,,,
D2_00008,G_00669,en,E5_crossdataset,1,0.9991973042488098,1,,,,
D2_00009,G_00670,en,E5_crossdataset,1,0.9984133243560791,1,,,,
D2_00010,G_00671,en,E5_crossdataset,1,0.9991932511329651,1,,,,
D2_00011,G_00672,en,E5_crossdataset,1,0.99918133020401,1,,,,
D2_00012,G_00673,en,E5_crossdataset,1,0.9992089867591858,1,,,,
D2_00013,G_00674,en,E5_crossdataset,1,0.9992941617965698,1,,,,
D2_00014,G_00675,en,E5_crossdataset,1,0.9993476271629333,1,,,,
D2_00015,G_00676,en,E5_crossdataset,1,0.999323844909668,1,,,,
D2_00016,G_00677,en,E5_crossdataset,1,0.9989369511604309,1,,,,
D2_00017,G_00678,en,E5_crossdataset,1,0.9991142153739929,1,,,,
D2_00018,G_00679,en,E5_crossdataset,1,0.9992179870605469,1,,,,
D2_00019,G_00680,en,E5_crossdataset,1,0.9991449117660522,1,,,,
D2_00020,G_00681,en,E5_crossdataset,1,0.9990376234054565,1,,,,
D2_00021,G_00682,en,E5_crossdataset,1,0.0007188302115537226,0,,,,
D2_00022,G_00683,en,E5_crossdataset,1,0.9992690682411194,1,,,,
D2_00023,G_00684,en,E5_crossdataset,1,0.9988765120506287,1,,,,
D2_00024,G_00685,en,E5_crossdataset,1,0.9976155757904053,1,,,,
D2_00025,G_00686,en,E5_crossdataset,1,0.9989402890205383,1,,,,
D2_00026,G_00687,en,E5_crossdataset,1,0.9991248250007629,1,,,,
D2_00027,G_00688,en,E5_crossdataset,1,0.9990888833999634,1,,,,
D2_00028,G_00689,en,E5_crossdataset,1,0.9987741112709045,1,,,,
D2_00029,G_00690,en,E5_crossdataset,1,0.9991307854652405,1,,,,
D2_00030,G_00691,en,E5_crossdataset,1,0.9992777705192566,1,,,,
D2_00031,G_00692,en,E5_crossdataset,1,0.9827073216438293,1,,,,
D2_00032,G_00693,en,E5_crossdataset,1,0.9992465972900391,1,,,,
D2_00033,G_00694,en,E5_crossdataset,1,0.9987947940826416,1,,,,
D2_00034,G_00695,en,E5_crossdataset,1,0.999053418636322,1,,,,
D2_00035,G_00696,en,E5_crossdataset,1,0.9991366267204285,1,,,,
D2_00036,G_00697,en,E5_crossdataset,1,0.9991554021835327,1,,,,
D2_00037,G_00698,en,E5_crossdataset,1,0.999140739440918,1,,,,
D2_00038,G_00699,en,E5_crossdataset,1,0.9991865754127502,1,,,,
D2_00039,G_00700,en,E5_crossdataset,1,0.9926839470863342,1,,,,
D2_00040,G_00701,en,E5_crossdataset,1,0.007367254700511694,0,,,,
D2_00041,G_00702,en,E5_crossdataset,1,0.9505271315574646,1,,,,
D2_00042,G_00703,en,E5_crossdataset,1,0.9989281296730042,1,,,,
D2_00043,G_00704,en,E5_crossdataset,1,0.9993249177932739,1,,,,
D2_00044,G_00705,en,E5_crossdataset,1,0.9987095594406128,1,,,,
D2_00045,G_00706,en,E5_crossdataset,1,0.0008828191785141826,0,,,,
D2_00046,G_00707,en,E5_crossdataset,1,0.9992863535881042,1,,,,
D2_00047,G_00708,en,E5_crossdataset,1,0.9878484010696411,1,,,,
D2_00048,G_00709,en,E5_crossdataset,1,0.958312451839447,1,,,,
D2_00049,G_00710,en,E5_crossdataset,1,0.0004592431359924376,0,,,,
D2_00050,G_00711,en,E5_crossdataset,1,0.998930037021637,1,,,,
D2_00051,G_00712,en,E5_crossdataset,1,0.9992817044258118,1,,,,
D2_00052,G_00713,en,E5_crossdataset,1,0.9989731311798096,1,,,,
D2_00053,G_00714,en,E5_crossdataset,1,0.9992145299911499,1,,,,
D2_00054,G_00715,en,E5_crossdataset,1,0.000865286507178098,0,,,,
D2_00055,G_00716,en,E5_crossdataset,1,0.9992362260818481,1,,,,
D2_00056,G_00717,en,E5_crossdataset,1,0.9991769194602966,1,,,,
D2_00057,G_00718,en,E5_crossdataset,1,0.9978079199790955,1,,,,
D2_00058,G_00719,en,E5_crossdataset,1,0.9989725351333618,1,,,,
D2_00059,G_00720,en,E5_crossdataset,1,0.9978387951850891,1,,,,
D2_00060,G_00721,en,E5_crossdataset,1,0.9830259680747986,1,,,,
D2_00061,G_00722,en,E5_crossdataset,1,0.9984152317047119,1,,,,
D2_00062,G_00723,en,E5_crossdataset,1,0.9992191791534424,1,,,,
D2_00063,G_00724,en,E5_crossdataset,1,0.9991713762283325,1,,,,
D2_00064,G_00725,en,E5_crossdataset,1,0.9985436201095581,1,,,,
D2_00065,G_00726,en,E5_crossdataset,1,0.9992105960845947,1,,,,
D2_00066,G_00727,en,E5_crossdataset,1,0.9991241097450256,1,,,,
D2_00067,G_00728,en,E5_crossdataset,1,0.9989708662033081,1,,,,
D2_00068,G_00729,en,E5_crossdataset,1,0.9992019534111023,1,,,,
D2_00069,G_00730,en,E5_crossdataset,1,0.9990849494934082,1,,,,
D2_00070,G_00731,en,E5_crossdataset,1,0.9990014433860779,1,,,,
D2_00071,G_00732,en,E5_crossdataset,1,0.9991846680641174,1,,,,
D2_00072,G_00733,en,E5_crossdataset,1,0.9987409710884094,1,,,,
D2_00073,G_00734,en,E5_crossdataset,1,0.9990971088409424,1,,,,
D2_00074,G_00735,en,E5_crossdataset,1,0.9989271759986877,1,,,,
D2_00075,G_00736,en,E5_crossdataset,1,0.9990875720977783,1,,,,
D2_00076,G_00737,en,E5_crossdataset,1,0.9977542757987976,1,,,,
D2_00077,G_00738,en,E5_crossdataset,1,0.9980930685997009,1,,,,
D2_00078,G_00739,en,E5_crossdataset,1,0.983319103717804,1,,,,
D2_00079,G_00740,en,E5_crossdataset,1,0.999100923538208,1,,,,
D2_00080,G_00741,en,E5_crossdataset,1,0.9990780353546143,1,,,,
D2_00081,G_00742,en,E5_crossdataset,1,0.9992961883544922,1,,,,
D2_00082,G_00743,en,E5_crossdataset,1,0.0005768086411990225,0,,,,
D2_00083,G_00744,en,E5_crossdataset,1,0.9990745782852173,1,,,,
D2_00084,G_00745,en,E5_crossdataset,1,0.9989562034606934,1,,,,
D2_00085,G_00746,en,E5_crossdataset,1,0.9989684820175171,1,,,,
D2_00086,G_00747,en,E5_crossdataset,1,0.9966534972190857,1,,,,
D2_00087,G_00748,en,E5_crossdataset,1,0.9989137649536133,1,,,,
D2_00088,G_00749,en,E5_crossdataset,1,0.9992309808731079,1,,,,
D2_00089,G_00750,en,E5_crossdataset,1,0.9989650249481201,1,,,,
D2_00090,G_00751,en,E5_crossdataset,1,0.9988295435905457,1,,,,
D2_00091,G_00752,en,E5_crossdataset,1,0.999314546585083,1,,,,
D2_00092,G_00753,en,E5_crossdataset,1,0.9991214871406555,1,,,,
D2_00093,G_00754,en,E5_crossdataset,1,0.9992939233779907,1,,,,
D2_00094,G_00755,en,E5_crossdataset,1,0.9991999268531799,1,,,,
D2_00095,G_00756,en,E5_crossdataset,1,0.9986431002616882,1,,,,
D2_00096,G_00757,en,E5_crossdataset,1,0.8781259655952454,1,,,,
D2_00097,G_00758,en,E5_crossdataset,1,0.9992169141769409,1,,,,
D2_00098,G_00759,en,E5_crossdataset,1,0.9989864230155945,1,,,,
D2_00099,G_00760,en,E5_crossdataset,1,0.9984444975852966,1,,,,
D2_00100,G_00761,en,E5_crossdataset,1,0.9985365867614746,1,,,,
D2_00101,G_00762,en,E5_crossdataset,1,0.9987024068832397,1,,,,
D2_00102,G_00763,en,E5_crossdataset,1,0.9992384910583496,1,,,,
D2_00103,G_00764,en,E5_crossdataset,1,0.99871826171875,1,,,,
D2_00104,G_00765,en,E5_crossdataset,1,0.9988977909088135,1,,,,
D2_00105,G_00766,en,E5_crossdataset,1,0.9992066025733948,1,,,,
D2_00106,G_00767,en,E5_crossdataset,1,0.9989960789680481,1,,,,
D2_00107,G_00768,en,E5_crossdataset,1,0.9988251328468323,1,,,,
D2_00108,G_00769,en,E5_crossdataset,1,0.9964893460273743,1,,,,
D2_00109,G_00770,en,E5_crossdataset,1,0.9990563988685608,1,,,,
D2_00110,G_00771,en,E5_crossdataset,1,0.9979320764541626,1,,,,
D2_00111,G_00772,en,E5_crossdataset,1,0.99905925989151,1,,,,
D2_00112,G_00773,en,E5_crossdataset,1,0.9988777041435242,1,,,,
D2_00113,G_00774,en,E5_crossdataset,1,0.9990121126174927,1,,,,
D2_00114,G_00775,en,E5_crossdataset,1,0.9990826845169067,1,,,,
D2_00115,G_00776,en,E5_crossdataset,1,0.9988263249397278,1,,,,
D2_00116,G_00777,en,E5_crossdataset,1,0.9990800619125366,1,,,,
D2_00117,G_00778,en,E5_crossdataset,1,0.9992747902870178,1,,,,
D2_00118,G_00779,en,E5_crossdataset,1,0.9991463422775269,1,,,,
D2_00119,G_00780,en,E5_crossdataset,1,0.9984461665153503,1,,,,
D2_00120,G_00781,en,E5_crossdataset,1,0.9986599683761597,1,,,,
D2_00121,G_00782,en,E5_crossdataset,1,0.9977618455886841,1,,,,
D2_00122,G_00783,en,E5_crossdataset,1,0.16928696632385254,0,,,,
D2_00123,G_00784,en,E5_crossdataset,1,0.9988778233528137,1,,,,
D2_00124,G_00785,en,E5_crossdataset,1,0.999144434928894,1,,,,
D2_00125,G_00786,en,E5_crossdataset,1,0.00046567560639232397,0,,,,
D2_00126,G_00787,en,E5_crossdataset,1,0.9988638162612915,1,,,,
D2_00127,G_00788,en,E5_crossdataset,1,0.9986096620559692,1,,,,
D2_00128,G_00789,en,E5_crossdataset,1,0.9990204572677612,1,,,,
D2_00129,G_00790,en,E5_crossdataset,1,0.997995138168335,1,,,,
D2_00130,G_00791,en,E5_crossdataset,1,0.9984586238861084,1,,,,
D2_00131,G_00792,en,E5_crossdataset,1,0.9993487000465393,1,,,,
D2_00132,G_00793,en,E5_crossdataset,1,0.9990053772926331,1,,,,
D2_00133,G_00794,en,E5_crossdataset,1,0.9991500377655029,1,,,,
D2_00134,G_00795,en,E5_crossdataset,1,0.9991980195045471,1,,,,
D2_00135,G_00796,en,E5_crossdataset,1,0.9988075494766235,1,,,,
D2_00136,G_00797,en,E5_crossdataset,1,0.9991850256919861,1,,,,
D2_00137,G_00798,en,E5_crossdataset,1,0.9991067051887512,1,,,,
D2_00138,G_00799,en,E5_crossdataset,1,0.9987961053848267,1,,,,
D2_00139,G_00800,en,E5_crossdataset,1,0.9990099668502808,1,,,,
D2_00140,G_00801,en,E5_crossdataset,1,0.999273955821991,1,,,,
D2_00141,G_00802,en,E5_crossdataset,1,0.9992497563362122,1,,,,
D2_00142,G_00803,en,E5_crossdataset,1,0.9985150694847107,1,,,,
D2_00143,G_00804,en,E5_crossdataset,1,0.9991594552993774,1,,,,
D2_00144,G_00805,en,E5_crossdataset,1,0.9991549253463745,1,,,,
D2_00145,G_00806,en,E5_crossdataset,1,0.00044439834891818464,0,,,,
D2_00146,G_00807,en,E5_crossdataset,1,0.9991397857666016,1,,,,
D2_00147,G_00808,en,E5_crossdataset,1,0.9992830157279968,1,,,,
D2_00148,G_00809,en,E5_crossdataset,1,0.9987447261810303,1,,,,
D2_00149,G_00810,en,E5_crossdataset,1,0.999114453792572,1,,,,
D2_00150,G_00811,en,E5_crossdataset,1,0.0005301529308781028,0,,,,
D2_00151,G_00812,en,E5_crossdataset,1,0.9991993308067322,1,,,,
D2_00152,G_00813,en,E5_crossdataset,1,0.9987471103668213,1,,,,
D2_00153,G_00814,en,E5_crossdataset,1,0.9987205266952515,1,,,,
D2_00154,G_00815,en,E5_crossdataset,1,0.9991784691810608,1,,,,
D2_00155,G_00816,en,E5_crossdataset,1,0.9991074204444885,1,,,,
D2_00156,G_00817,en,E5_crossdataset,1,0.0010581405367702246,0,,,,
D2_00157,G_00818,en,E5_crossdataset,1,0.9990115165710449,1,,,,
D2_00158,G_00819,en,E5_crossdataset,1,0.9992890357971191,1,,,,
D2_00159,G_00820,en,E5_crossdataset,1,0.9989694356918335,1,,,,
D2_00160,G_00821,en,E5_crossdataset,1,0.9936586022377014,1,,,,
D2_00161,G_00822,en,E5_crossdataset,1,0.9989043474197388,1,,,,
D2_00162,G_00823,en,E5_crossdataset,1,0.9989309906959534,1,,,,
D2_00163,G_00824,en,E5_crossdataset,1,0.9924222826957703,1,,,,
D2_00164,G_00825,en,E5_crossdataset,1,0.0007706122705712914,0,,,,
D2_00165,G_00826,en,E5_crossdataset,1,0.9989728927612305,1,,,,
D2_00166,G_00827,en,E5_crossdataset,1,0.00046710314927622676,0,,,,
D2_00167,G_00828,en,E5_crossdataset,1,0.4191431403160095,1,,,,
D2_00168,G_00829,en,E5_crossdataset,1,0.9990397095680237,1,,,,
D2_00169,G_00830,en,E5_crossdataset,1,0.9989402890205383,1,,,,
D2_00170,G_00831,en,E5_crossdataset,1,0.9991810917854309,1,,,,
D2_00171,G_00832,en,E5_crossdataset,1,0.9991907477378845,1,,,,
D2_00172,G_00833,en,E5_crossdataset,1,0.999123752117157,1,,,,
D2_00173,G_00834,en,E5_crossdataset,1,0.9993318915367126,1,,,,
D2_00174,G_00835,en,E5_crossdataset,1,0.9991160035133362,1,,,,
D2_00175,G_00836,en,E5_crossdataset,1,0.9992390871047974,1,,,,
D2_00176,G_00837,en,E5_crossdataset,1,0.9990358352661133,1,,,,
D2_00177,G_00838,en,E5_crossdataset,1,0.9989803433418274,1,,,,
D2_00178,G_00839,en,E5_crossdataset,1,0.9991993308067322,1,,,,
D2_00179,G_00840,en,E5_crossdataset,1,0.9990271329879761,1,,,,
D2_00180,G_00841,en,E5_crossdataset,1,0.999142050743103,1,,,,
D2_00181,G_00842,en,E5_crossdataset,1,0.9966603517532349,1,,,,
D2_00182,G_00843,en,E5_crossdataset,1,0.9978985786437988,1,,,,
D2_00183,G_00844,en,E5_crossdataset,1,0.9989494681358337,1,,,,
D2_00184,G_00790,en,E5_crossdataset,1,0.9977537989616394,1,,,,
D2_00185,G_00846,en,E5_crossdataset,1,0.9992135763168335,1,,,,
D2_00186,G_00847,en,E5_crossdataset,1,0.9992188215255737,1,,,,
D2_00187,G_00848,en,E5_crossdataset,1,0.9991975426673889,1,,,,
D2_00188,G_00849,en,E5_crossdataset,1,0.9993208646774292,1,,,,
D2_00189,G_00850,en,E5_crossdataset,1,0.9982495903968811,1,,,,
D2_00190,G_00851,en,E5_crossdataset,1,0.9989948868751526,1,,,,
D2_00191,G_00852,en,E5_crossdataset,1,0.9990512728691101,1,,,,
D2_00192,G_00853,en,E5_crossdataset,1,0.9421206116676331,1,,,,
D2_00193,G_00854,en,E5_crossdataset,1,0.9991137385368347,1,,,,
D2_00194,G_00855,en,E5_crossdataset,1,0.999268114566803,1,,,,
D2_00195,G_00856,en,E5_crossdataset,1,0.999077320098877,1,,,,
D2_00196,G_00857,en,E5_crossdataset,1,0.9977104663848877,1,,,,
D2_00197,G_00858,en,E5_crossdataset,1,0.9991493225097656,1,,,,
D2_00198,G_00859,en,E5_crossdataset,1,0.9993200302124023,1,,,,
D2_00199,G_00860,en,E5_crossdataset,1,0.9991782307624817,1,,,,
D2_00200,G_00861,en,E5_crossdataset,1,0.9992326498031616,1,,,,
D2_00201,G_00862,en,E5_crossdataset,1,0.9441297650337219,1,,,,
D2_00202,G_00863,en,E5_crossdataset,1,0.9964063763618469,1,,,,
D2_00203,G_00864,en,E5_crossdataset,1,0.9991176724433899,1,,,,
D2_00204,G_00865,en,E5_crossdataset,1,0.5311076641082764,1,,,,
D2_00205,G_00866,en,E5_crossdataset,1,0.9990087151527405,1,,,,
D2_00206,G_00867,en,E5_crossdataset,1,0.9989211559295654,1,,,,
D2_00207,G_00868,en,E5_crossdataset,1,0.998358428478241,1,,,,
D2_00208,G_00869,en,E5_crossdataset,1,0.9990837574005127,1,,,,
D2_00209,G_00870,en,E5_crossdataset,1,0.999011754989624,1,,,,
D2_00210,G_00871,en,E5_crossdataset,1,0.991685688495636,1,,,,
D2_00211,G_00872,en,E5_crossdataset,1,0.9975748658180237,1,,,,
D2_00212,G_00873,en,E5_crossdataset,1,0.9992092251777649,1,,,,
D2_00213,G_00874,en,E5_crossdataset,1,0.9980608820915222,1,,,,
D2_00214,G_00875,en,E5_crossdataset,1,0.998908519744873,1,,,,
D2_00215,G_00876,en,E5_crossdataset,1,0.9992623925209045,1,,,,
D2_00216,G_00877,en,E5_crossdataset,1,0.999263346195221,1,,,,
D2_00217,G_00878,en,E5_crossdataset,1,0.9993090629577637,1,,,,
D2_00218,G_00879,en,E5_crossdataset,1,0.9984551668167114,1,,,,
D2_00219,G_00880,en,E5_crossdataset,1,0.9992721676826477,1,,,,
D2_00220,G_00881,en,E5_crossdataset,1,0.9991934895515442,1,,,,
D2_00221,G_00882,en,E5_crossdataset,1,0.9976767897605896,1,,,,
D2_00222,G_00883,en,E5_crossdataset,1,0.9992436170578003,1,,,,
D2_00223,G_00884,en,E5_crossdataset,1,0.9992351531982422,1,,,,
D2_00224,G_00885,en,E5_crossdataset,1,0.9981051683425903,1,,,,
D2_00225,G_00886,en,E5_crossdataset,1,0.9992928504943848,1,,,,
D2_00226,G_00887,en,E5_crossdataset,1,0.9989851117134094,1,,,,
D2_00227,G_00888,en,E5_crossdataset,1,0.999250590801239,1,,,,
D2_00228,G_00889,en,E5_crossdataset,1,0.9988478422164917,1,,,,
D2_00229,G_00890,en,E5_crossdataset,1,0.999180018901825,1,,,,
D2_00230,G_00891,en,E5_crossdataset,1,0.9991472959518433,1,,,,
D2_00231,G_00892,en,E5_crossdataset,1,0.9990251064300537,1,,,,
D2_00232,G_00893,en,E5_crossdataset,1,0.9990277290344238,1,,,,
D2_00233,G_00894,en,E5_crossdataset,1,0.999045193195343,1,,,,
D2_00234,G_00895,en,E5_crossdataset,1,0.9964575171470642,1,,,,
D2_00235,G_00896,en,E5_crossdataset,1,0.9990058541297913,1,,,,
D2_00236,G_00897,en,E5_crossdataset,1,0.999351441860199,1,,,,
D2_00237,G_00898,en,E5_crossdataset,1,0.9983072280883789,1,,,,
D2_00238,G_00899,en,E5_crossdataset,1,0.9990529417991638,1,,,,
D2_00239,G_00900,en,E5_crossdataset,1,0.99894779920578,1,,,,
D2_00240,G_00901,en,E5_crossdataset,1,0.9984130859375,1,,,,
D2_00241,G_00902,en,E5_crossdataset,1,0.999099850654602,1,,,,
D2_00242,G_00903,en,E5_crossdataset,1,0.9693705439567566,1,,,,
D2_00243,G_00904,en,E5_crossdataset,1,0.9993195533752441,1,,,,
D2_00244,G_00905,en,E5_crossdataset,1,0.9991816878318787,1,,,,
D2_00245,G_00906,en,E5_crossdataset,1,0.9991611242294312,1,,,,
D2_00246,G_00907,en,E5_crossdataset,1,0.0004889600095339119,0,,,,
D2_00247,G_00908,en,E5_crossdataset,1,0.9872532486915588,1,,,,
D2_00248,G_00909,en,E5_crossdataset,1,0.999267041683197,1,,,,
D2_00249,G_00910,en,E5_crossdataset,1,0.9992167949676514,1,,,,
D2_00250,G_00911,en,E5_crossdataset,1,0.998534083366394,1,,,,
D2_00251,G_00912,en,E5_crossdataset,1,0.9992807507514954,1,,,,
D2_00252,G_00913,en,E5_crossdataset,1,0.998703122138977,1,,,,
D2_00253,G_00914,en,E5_crossdataset,1,0.9986687898635864,1,,,,
D2_00254,G_00915,en,E5_crossdataset,1,0.9987136125564575,1,,,,
D2_00255,G_00916,en,E5_crossdataset,1,0.0008271454134956002,0,,,,
D2_00256,G_00917,en,E5_crossdataset,1,0.9986074566841125,1,,,,
D2_00257,G_00918,en,E5_crossdataset,1,0.9986987113952637,1,,,,
D2_00258,G_00919,en,E5_crossdataset,1,0.9972586631774902,1,,,,
D2_00259,G_00920,en,E5_crossdataset,1,0.9992601275444031,1,,,,
D2_00260,G_00921,en,E5_crossdataset,1,0.9992407560348511,1,,,,
D2_00261,G_00922,en,E5_crossdataset,1,0.9984164237976074,1,,,,
D2_00262,G_00923,en,E5_crossdataset,1,0.9992757439613342,1,,,,
D2_00263,G_00924,en,E5_crossdataset,1,0.9932969212532043,1,,,,
D2_00264,G_00925,en,E5_crossdataset,1,0.9989211559295654,1,,,,
D2_00265,G_00926,en,E5_crossdataset,1,0.9985979199409485,1,,,,
D2_00266,G_00927,en,E5_crossdataset,1,0.9991275668144226,1,,,,
D2_00267,G_00928,en,E5_crossdataset,1,0.9992638230323792,1,,,,
D2_00268,G_00929,en,E5_crossdataset,1,0.9961128234863281,1,,,,
D2_00269,G_00930,en,E5_crossdataset,1,0.999186098575592,1,,,,
D2_00270,G_00931,en,E5_crossdataset,1,0.0005749034462496638,0,,,,
D2_00271,G_00932,en,E5_crossdataset,1,0.9992190599441528,1,,,,
D2_00272,G_00933,en,E5_crossdataset,1,0.9989792108535767,1,,,,
D2_00273,G_00934,en,E5_crossdataset,1,0.9988297820091248,1,,,,
D2_00274,G_00935,en,E5_crossdataset,1,0.0008403239189647138,0,,,,
D2_00275,G_00936,en,E5_crossdataset,1,0.9986429810523987,1,,,,
D2_00276,G_00937,en,E5_crossdataset,1,0.999242901802063,1,,,,
D2_00277,G_00938,en,E5_crossdataset,1,0.9988117218017578,1,,,,
D2_00278,G_00939,en,E5_crossdataset,1,0.9993340373039246,1,,,,
D2_00279,G_00940,en,E5_crossdataset,1,0.9992071986198425,1,,,,
D2_00280,G_00941,en,E5_crossdataset,1,0.9993125200271606,1,,,,
D2_00281,G_00942,en,E5_crossdataset,1,0.9988704323768616,1,,,,
D2_00282,G_00943,en,E5_crossdataset,1,0.9992727637290955,1,,,,
D2_00283,G_00944,en,E5_crossdataset,1,0.9974778294563293,1,,,,
D2_00284,G_00945,en,E5_crossdataset,1,0.9991631507873535,1,,,,
D2_00285,G_00946,en,E5_crossdataset,1,0.9987071752548218,1,,,,
D2_00286,G_00947,en,E5_crossdataset,1,0.9990127086639404,1,,,,
D2_00287,G_00948,en,E5_crossdataset,1,0.9988658428192139,1,,,,
D2_00288,G_00949,en,E5_crossdataset,1,0.999152660369873,1,,,,
D2_00289,G_00950,en,E5_crossdataset,1,0.9983186721801758,1,,,,
D2_00290,G_00951,en,E5_crossdataset,1,0.9987140893936157,1,,,,
D2_00291,G_00952,en,E5_crossdataset,1,0.998904824256897,1,,,,
D2_00292,G_00953,en,E5_crossdataset,1,0.9987770915031433,1,,,,
D2_00293,G_00954,en,E5_crossdataset,1,0.9992375373840332,1,,,,
D2_00294,G_00955,en,E5_crossdataset,1,0.9992403984069824,1,,,,
D2_00295,G_00956,en,E5_crossdataset,1,0.9966843724250793,1,,,,
D2_00296,G_00957,en,E5_crossdataset,1,0.9990411400794983,1,,,,
D2_00297,G_00958,en,E5_crossdataset,1,0.0004610875912476331,0,,,,
D2_00298,G_00959,en,E5_crossdataset,1,0.9992793202400208,1,,,,
D2_00299,G_00960,en,E5_crossdataset,1,0.9982452392578125,1,,,,
D2_00300,G_00961,en,E5_crossdataset,1,0.9993093013763428,1,,,,
D2_00301,G_00962,en,E5_crossdataset,1,0.00044310817611403763,0,,,,
D2_00302,G_00963,en,E5_crossdataset,1,0.9986374974250793,1,,,,
D2_00303,G_00964,en,E5_crossdataset,1,0.9992965459823608,1,,,,
D2_00304,G_00965,en,E5_crossdataset,1,0.9990822076797485,1,,,,
D2_00305,G_00966,en,E5_crossdataset,1,0.9991687536239624,1,,,,
D2_00306,G_00967,en,E5_crossdataset,1,0.028756607323884964,0,,,,
D2_00307,G_00968,en,E5_crossdataset,1,0.9991982579231262,1,,,,
D2_00308,G_00969,en,E5_crossdataset,1,0.9943351149559021,1,,,,
D2_00309,G_00970,en,E5_crossdataset,1,0.0004561075766105205,0,,,,
D2_00310,G_00971,en,E5_crossdataset,1,0.9991138577461243,1,,,,
D2_00311,G_00972,en,E5_crossdataset,1,0.9992559552192688,1,,,,
D2_00312,G_00973,en,E5_crossdataset,1,0.9991047978401184,1,,,,
D2_00313,G_00974,en,E5_crossdataset,1,0.999259889125824,1,,,,
D2_00314,G_00975,en,E5_crossdataset,1,0.9992972612380981,1,,,,
D2_00315,G_00976,en,E5_crossdataset,1,0.9990847110748291,1,,,,
D2_00316,G_00977,en,E5_crossdataset,1,0.9814733862876892,1,,,,
D2_00317,G_00978,en,E5_crossdataset,1,0.9990819692611694,1,,,,
D2_00318,G_00979,en,E5_crossdataset,1,0.9991316199302673,1,,,,
D2_00319,G_00980,en,E5_crossdataset,1,0.9992438554763794,1,,,,
D2_00320,G_00981,en,E5_crossdataset,1,0.9991642236709595,1,,,,
D2_00321,G_00982,en,E5_crossdataset,1,0.9990076422691345,1,,,,
D2_00322,G_00983,en,E5_crossdataset,1,0.9988780617713928,1,,,,
D2_00323,G_00984,en,E5_crossdataset,1,0.9988736510276794,1,,,,
D2_00324,G_00985,en,E5_crossdataset,1,0.9991315007209778,1,,,,
D2_00325,G_00986,en,E5_crossdataset,1,0.9984073042869568,1,,,,
D2_00326,G_00987,en,E5_crossdataset,1,0.9991911053657532,1,,,,
D2_00327,G_00988,en,E5_crossdataset,1,0.9989902377128601,1,,,,
D2_00328,G_00989,en,E5_crossdataset,1,0.9992706179618835,1,,,,
D2_00329,G_00990,en,E5_crossdataset,1,0.9982390403747559,1,,,,
D2_00330,G_00991,en,E5_crossdataset,1,0.9989410042762756,1,,,,
D2_00331,G_00992,en,E5_crossdataset,1,0.9984318614006042,1,,,,
D2_00332,G_00993,en,E5_crossdataset,1,0.9992745518684387,1,,,,
D2_00333,G_00994,en,E5_crossdataset,1,0.9948322772979736,1,,,,
D2_00334,G_00995,en,E5_crossdataset,1,0.99921715259552,1,,,,
D2_00335,G_00996,en,E5_crossdataset,1,0.9988143444061279,1,,,,
D2_00336,G_00997,en,E5_crossdataset,1,0.9990218877792358,1,,,,
D2_00337,G_00998,en,E5_crossdataset,1,0.9990149736404419,1,,,,
D2_00338,G_00999,en,E5_crossdataset,1,0.99887615442276,1,,,,
D2_00339,G_01000,en,E5_crossdataset,1,0.9985798597335815,1,,,,
D2_00340,G_01001,en,E5_crossdataset,1,0.9983456134796143,1,,,,
D2_00341,G_01002,en,E5_crossdataset,1,0.9992511868476868,1,,,,
D2_00342,G_01003,en,E5_crossdataset,1,0.9992244243621826,1,,,,
D2_00343,G_01004,en,E5_crossdataset,1,0.9916338920593262,1,,,,
D2_00344,G_01005,en,E5_crossdataset,1,0.9990277290344238,1,,,,
D2_00345,G_01006,en,E5_crossdataset,1,0.9992951154708862,1,,,,
D2_00346,G_01007,en,E5_crossdataset,1,0.9990838766098022,1,,,,
D2_00347,G_01008,en,E5_crossdataset,1,0.9991402626037598,1,,,,
D2_00348,G_01009,en,E5_crossdataset,1,0.9989219903945923,1,,,,
D2_00349,G_01010,en,E5_crossdataset,1,0.9991487264633179,1,,,,
D2_00350,G_01011,en,E5_crossdataset,1,0.9988440275192261,1,,,,
D2_00351,G_01012,en,E5_crossdataset,1,0.9993215799331665,1,,,,
D2_00352,G_01013,en,E5_crossdataset,1,0.9989544153213501,1,,,,
D2_00353,G_01014,en,E5_crossdataset,1,0.9991025924682617,1,,,,
D2_00354,G_01015,en,E5_crossdataset,1,0.9990836381912231,1,,,,
D2_00355,G_01016,en,E5_crossdataset,1,0.998818576335907,1,,,,
D2_00356,G_01017,en,E5_crossdataset,1,0.9777740240097046,1,,,,
D2_00357,G_01018,en,E5_crossdataset,1,0.9970287680625916,1,,,,
D2_00358,G_01019,en,E5_crossdataset,1,0.0006234834436327219,0,,,,
D2_00359,G_01020,en,E5_crossdataset,1,0.999116837978363,1,,,,
D2_00360,G_01021,en,E5_crossdataset,1,0.9888284206390381,1,,,,
D2_00361,G_01022,en,E5_crossdataset,1,0.9990488886833191,1,,,,
D2_00362,G_01023,en,E5_crossdataset,1,0.9993032217025757,1,,,,
D2_00363,G_01024,en,E5_crossdataset,1,0.9987425208091736,1,,,,
D2_00364,G_01025,en,E5_crossdataset,1,0.001228907029144466,0,,,,
D2_00365,G_01026,en,E5_crossdataset,1,0.9990623593330383,1,,,,
D2_00366,G_01027,en,E5_crossdataset,1,0.9989402890205383,1,,,,
D2_00367,G_01028,en,E5_crossdataset,1,0.9990847110748291,1,,,,
D2_00368,G_01029,en,E5_crossdataset,1,0.998836100101471,1,,,,
D2_00369,G_01030,en,E5_crossdataset,1,0.9992150068283081,1,,,,
D2_00370,G_01031,en,E5_crossdataset,1,0.9962393045425415,1,,,,
D2_00371,G_01032,en,E5_crossdataset,1,0.999277651309967,1,,,,
D2_00372,G_01033,en,E5_crossdataset,1,0.9984183311462402,1,,,,
D2_00373,G_01034,en,E5_crossdataset,1,0.9991047978401184,1,,,,
D2_00374,G_01035,en,E5_crossdataset,1,0.00044894832535646856,0,,,,
D2_00375,G_01036,en,E5_crossdataset,1,0.9989192485809326,1,,,,
D2_00376,G_01037,en,E5_crossdataset,1,0.9991983771324158,1,,,,
D2_00377,G_01038,en,E5_crossdataset,1,0.9989126920700073,1,,,,
D2_00378,G_01039,en,E5_crossdataset,1,0.9956141710281372,1,,,,
D2_00379,G_01040,en,E5_crossdataset,1,0.9990768432617188,1,,,,
D2_00380,G_01041,en,E5_crossdataset,1,0.9992245435714722,1,,,,
D2_00381,G_01042,en,E5_crossdataset,1,0.9978446960449219,1,,,,
D2_00382,G_01043,en,E5_crossdataset,1,0.9992795586585999,1,,,,
D2_00383,G_01044,en,E5_crossdataset,1,0.00045637483708560467,0,,,,
D2_00384,G_01045,en,E5_crossdataset,1,0.9989344477653503,1,,,,
D2_00385,G_01046,en,E5_crossdataset,1,0.00044302226160652936,0,,,,
D2_00386,G_01047,en,E5_crossdataset,1,0.0004574981867335737,0,,,,
D2_00387,G_01048,en,E5_crossdataset,1,0.9991639852523804,1,,,,
D2_00388,G_01049,en,E5_crossdataset,1,0.9991744160652161,1,,,,
D2_00389,G_01050,en,E5_crossdataset,1,0.999288022518158,1,,,,
D2_00390,G_01051,en,E5_crossdataset,1,0.9990860223770142,1,,,,
D2_00391,G_01052,en,E5_crossdataset,1,0.9990399479866028,1,,,,
D2_00392,G_01053,en,E5_crossdataset,1,0.9991446733474731,1,,,,
D2_00393,G_01054,en,E5_crossdataset,1,0.9992178678512573,1,,,,
D2_00394,G_01055,en,E5_crossdataset,1,0.9993487000465393,1,,,,
D2_00395,G_01056,en,E5_crossdataset,1,0.00044144998537376523,0,,,,
D2_00396,G_01057,en,E5_crossdataset,1,0.9992050528526306,1,,,,
D2_00397,G_01058,en,E5_crossdataset,1,0.9986129999160767,1,,,,
D2_00398,G_01059,en,E5_crossdataset,1,0.9988981485366821,1,,,,
D2_00399,G_01060,en,E5_crossdataset,1,0.9989120960235596,1,,,,
D2_00400,G_01061,en,E5_crossdataset,1,0.9987295269966125,1,,,,
D2_00401,G_01062,en,E5_crossdataset,1,0.9942060708999634,1,,,,
D2_00402,G_01063,en,E5_crossdataset,1,0.0005639266455546021,0,,,,
D2_00403,G_01064,en,E5_crossdataset,1,0.9400613307952881,1,,,,
D2_00404,G_01065,en,E5_crossdataset,1,0.9985162615776062,1,,,,
D2_00405,G_01066,en,E5_crossdataset,1,0.9987820982933044,1,,,,
D2_00406,G_01067,en,E5_crossdataset,1,0.9948549270629883,1,,,,
D2_00407,G_01068,en,E5_crossdataset,1,0.9992793202400208,1,,,,
D2_00408,G_01069,en,E5_crossdataset,1,0.9976339340209961,1,,,,
D2_00409,G_01070,en,E5_crossdataset,1,0.9987635612487793,1,,,,
D2_00410,G_01071,en,E5_crossdataset,1,0.9992185831069946,1,,,,
D2_00411,G_01072,en,E5_crossdataset,1,0.9992672801017761,1,,,,
D2_00412,G_01073,en,E5_crossdataset,1,0.9985249638557434,1,,,,
D2_00413,G_01074,en,E5_crossdataset,1,0.9992647767066956,1,,,,
D2_00414,G_01075,en,E5_crossdataset,1,0.0193929523229599,0,,,,
D2_00415,G_01076,en,E5_crossdataset,1,0.9985918402671814,1,,,,
D2_00416,G_00711,en,E5_crossdataset,1,0.9988804459571838,1,,,,
D2_00417,G_01078,en,E5_crossdataset,1,0.9988394379615784,1,,,,
D2_00418,G_01079,en,E5_crossdataset,1,0.9993199110031128,1,,,,
D2_00419,G_01080,en,E5_crossdataset,1,0.9851256608963013,1,,,,
D2_00420,G_01081,en,E5_crossdataset,1,0.0004420479526743293,0,,,,
D2_00421,G_01082,en,E5_crossdataset,1,0.9988699555397034,1,,,,
D2_00422,G_01083,en,E5_crossdataset,1,0.9991746544837952,1,,,,
D2_00423,G_01084,en,E5_crossdataset,1,0.998842179775238,1,,,,
D2_00424,G_01085,en,E5_crossdataset,1,0.0008376277983188629,0,,,,
D2_00425,G_01086,en,E5_crossdataset,1,0.9933499693870544,1,,,,
D2_00426,G_01087,en,E5_crossdataset,1,0.9990872144699097,1,,,,
D2_00427,G_01088,en,E5_crossdataset,1,0.997044026851654,1,,,,
D2_00428,G_01089,en,E5_crossdataset,1,0.9645663499832153,1,,,,
D2_00429,G_01090,en,E5_crossdataset,1,0.9938783049583435,1,,,,
D2_00430,G_01091,en,E5_crossdataset,1,0.9991356730461121,1,,,,
D2_00431,G_01092,en,E5_crossdataset,1,0.9991031885147095,1,,,,
D2_00432,G_01093,en,E5_crossdataset,1,0.9992037415504456,1,,,,
D2_00433,G_01094,en,E5_crossdataset,1,0.9989917874336243,1,,,,
D2_00434,G_01095,en,E5_crossdataset,1,0.9956101775169373,1,,,,
D2_00435,G_01096,en,E5_crossdataset,1,0.0009486484923399985,0,,,,
D2_00436,G_01097,en,E5_crossdataset,1,0.9986352324485779,1,,,,
D2_00437,G_01098,en,E5_crossdataset,1,0.9829460382461548,1,,,,
D2_00438,G_01099,en,E5_crossdataset,1,0.9992413520812988,1,,,,
D2_00439,G_01100,en,E5_crossdataset,1,0.9990729093551636,1,,,,
D2_00440,G_01101,en,E5_crossdataset,1,0.9990823268890381,1,,,,
D2_00441,G_01102,en,E5_crossdataset,1,0.9989519119262695,1,,,,
D2_00442,G_01103,en,E5_crossdataset,1,0.9988341927528381,1,,,,
D2_00443,G_01104,en,E5_crossdataset,1,0.9827749133110046,1,,,,
D2_00444,G_01105,en,E5_crossdataset,1,0.9990580677986145,1,,,,
D2_00445,G_01106,en,E5_crossdataset,1,0.9990849494934082,1,,,,
D2_00446,G_01107,en,E5_crossdataset,1,0.9966114163398743,1,,,,
D2_00447,G_01108,en,E5_crossdataset,1,0.998566210269928,1,,,,
D2_00448,G_01109,en,E5_crossdataset,1,0.9973721504211426,1,,,,
D2_00449,G_01110,en,E5_crossdataset,1,0.9990824460983276,1,,,,
D2_00450,G_01111,en,E5_crossdataset,1,0.9982142448425293,1,,,,
D2_00451,G_01112,en,E5_crossdataset,1,0.9989379048347473,1,,,,
D2_00452,G_01113,en,E5_crossdataset,1,0.9991359114646912,1,,,,
D2_00453,G_01114,en,E5_crossdataset,1,0.9828959703445435,1,,,,
D2_00454,G_01115,en,E5_crossdataset,1,0.9991850256919861,1,,,,
D2_00455,G_01116,en,E5_crossdataset,1,0.998855710029602,1,,,,
D2_00456,G_01117,en,E5_crossdataset,1,0.9975918531417847,1,,,,
D2_00457,G_01118,en,E5_crossdataset,1,0.9976443648338318,1,,,,
D2_00458,G_01119,en,E5_crossdataset,1,0.9989176988601685,1,,,,
D2_00459,G_01120,en,E5_crossdataset,1,0.9992159605026245,1,,,,
D2_00460,G_01121,en,E5_crossdataset,1,0.9991657733917236,1,,,,
D2_00461,G_01122,en,E5_crossdataset,1,0.9993095397949219,1,,,,
D2_00462,G_01123,en,E5_crossdataset,1,0.9990012049674988,1,,,,
D2_00463,G_01124,en,E5_crossdataset,1,0.9984436631202698,1,,,,
D2_00464,G_01125,en,E5_crossdataset,1,0.9980756044387817,1,,,,
D2_00465,G_01126,en,E5_crossdataset,1,0.9990052580833435,1,,,,
D2_00466,G_01127,en,E5_crossdataset,1,0.9992583394050598,1,,,,
D2_00467,G_01128,en,E5_crossdataset,1,0.9990829229354858,1,,,,
D2_00468,G_01129,en,E5_crossdataset,1,0.9991170763969421,1,,,,
D2_00469,G_01130,en,E5_crossdataset,1,0.999114453792572,1,,,,
D2_00470,G_01131,en,E5_crossdataset,1,0.9992961883544922,1,,,,
D2_00471,G_01132,en,E5_crossdataset,1,0.00043548812391236424,0,,,,
D2_00472,G_01133,en,E5_crossdataset,1,0.9979986548423767,1,,,,
D2_00473,G_01134,en,E5_crossdataset,1,0.00046408738126046956,0,,,,
D2_00474,G_01135,en,E5_crossdataset,1,0.9992939233779907,1,,,,
D2_00475,G_01136,en,E5_crossdataset,1,0.9991324543952942,1,,,,
D2_00476,G_01137,en,E5_crossdataset,1,0.9991371035575867,1,,,,
D2_00477,G_01138,en,E5_crossdataset,1,0.999234676361084,1,,,,
D2_00478,G_01139,en,E5_crossdataset,1,0.9992338418960571,1,,,,
D2_00479,G_01140,en,E5_crossdataset,1,0.9992327690124512,1,,,,
D2_00480,G_01141,en,E5_crossdataset,1,0.9991207718849182,1,,,,
D2_00481,G_01142,en,E5_crossdataset,1,0.9990235567092896,1,,,,
D2_00482,G_01143,en,E5_crossdataset,1,0.9990823268890381,1,,,,
D2_00483,G_01144,en,E5_crossdataset,1,0.9992766976356506,1,,,,
D2_00484,G_01145,en,E5_crossdataset,1,0.9990611672401428,1,,,,
D2_00485,G_01146,en,E5_crossdataset,1,0.9821808338165283,1,,,,
D2_00486,G_01147,en,E5_crossdataset,1,0.997931718826294,1,,,,
D2_00487,G_01148,en,E5_crossdataset,1,0.998360812664032,1,,,,
D2_00488,G_01149,en,E5_crossdataset,1,0.999201238155365,1,,,,
D2_00489,G_01150,en,E5_crossdataset,1,0.9993607401847839,1,,,,
D2_00490,G_01151,en,E5_crossdataset,1,0.09436207264661789,0,,,,
D2_00491,G_01152,en,E5_crossdataset,1,0.9992324113845825,1,,,,
D2_00492,G_01153,en,E5_crossdataset,1,0.999244213104248,1,,,,
D2_00493,G_01154,en,E5_crossdataset,1,0.9989975094795227,1,,,,
D2_00494,G_01155,en,E5_crossdataset,1,0.998593270778656,1,,,,
D2_00495,G_01156,en,E5_crossdataset,1,0.999041736125946,1,,,,
D2_00496,G_01157,en,E5_crossdataset,1,0.9992017149925232,1,,,,
D2_00497,G_01158,en,E5_crossdataset,1,0.99930739402771,1,,,,
D2_00498,G_01159,en,E5_crossdataset,1,0.9990027546882629,1,,,,
D2_00499,G_01160,en,E5_crossdataset,1,0.9990618824958801,1,,,,
D2_00500,G_01161,en,E5_crossdataset,1,0.99076908826828,1,,,,
D2_00501,G_01162,en,E5_crossdataset,1,0.9990116357803345,1,,,,
D2_00502,G_01163,en,E5_crossdataset,1,0.998975396156311,1,,,,
D2_00503,G_01164,en,E5_crossdataset,1,0.999277651309967,1,,,,
D2_00504,G_01165,en,E5_crossdataset,1,0.9979737401008606,1,,,,
D2_00505,G_01166,en,E5_crossdataset,1,0.9993151426315308,1,,,,
D2_00506,G_01167,en,E5_crossdataset,1,0.0007591118919663131,0,,,,
D2_00507,G_01168,en,E5_crossdataset,1,0.9982438087463379,1,,,,
D2_00508,G_01169,en,E5_crossdataset,1,0.999173104763031,1,,,,
D2_00509,G_01170,en,E5_crossdataset,1,0.9993441700935364,1,,,,
D2_00510,G_01171,en,E5_crossdataset,1,0.9990885257720947,1,,,,
D2_00511,G_01172,en,E5_crossdataset,1,0.9985419511795044,1,,,,
D2_00512,G_01173,en,E5_crossdataset,1,0.9993100166320801,1,,,,
D2_00513,G_01174,en,E5_crossdataset,1,0.9993078708648682,1,,,,
D2_00514,G_01175,en,E5_crossdataset,1,0.9989633560180664,1,,,,
D2_00515,G_01176,en,E5_crossdataset,1,0.9984747767448425,1,,,,
D2_00516,G_01177,en,E5_crossdataset,1,0.999131977558136,1,,,,
D2_00517,G_01178,en,E5_crossdataset,1,0.9991974234580994,1,,,,
D2_00518,G_01179,en,E5_crossdataset,1,0.9986795783042908,1,,,,
D2_00519,G_01180,en,E5_crossdataset,1,0.999278724193573,1,,,,
D2_00520,G_01181,en,E5_crossdataset,1,0.9990056157112122,1,,,,
D2_00521,G_01182,en,E5_crossdataset,1,0.9991545677185059,1,,,,
D2_00522,G_01183,en,E5_crossdataset,1,0.9988872408866882,1,,,,
D2_00523,G_01184,en,E5_crossdataset,1,0.996088981628418,1,,,,
D2_00524,G_01185,en,E5_crossdataset,1,0.9992493987083435,1,,,,
D2_00525,G_01186,en,E5_crossdataset,1,0.9988716244697571,1,,,,
D2_00526,G_01187,en,E5_crossdataset,1,0.9991844296455383,1,,,,
D2_00527,G_01188,en,E5_crossdataset,1,0.9982590079307556,1,,,,
D2_00528,G_01189,en,E5_crossdataset,1,0.9991528987884521,1,,,,
D2_00529,G_01190,en,E5_crossdataset,1,0.9915174841880798,1,,,,
D2_00530,G_01191,en,E5_crossdataset,1,0.9989619255065918,1,,,,
D2_00531,G_01192,en,E5_crossdataset,1,0.9989736080169678,1,,,,
D2_00532,G_01193,en,E5_crossdataset,1,0.9982357025146484,1,,,,
D2_00533,G_01194,en,E5_crossdataset,1,0.9989456534385681,1,,,,
D2_00534,G_01195,en,E5_crossdataset,1,0.9988294243812561,1,,,,
D2_00535,G_01196,en,E5_crossdataset,1,0.9987803101539612,1,,,,
D2_00536,G_01197,en,E5_crossdataset,1,0.9992375373840332,1,,,,
D2_00537,G_01198,en,E5_crossdataset,1,0.9984539747238159,1,,,,
D2_00538,G_01199,en,E5_crossdataset,1,0.9991891980171204,1,,,,
D2_00539,G_01200,en,E5_crossdataset,1,0.9991638660430908,1,,,,
D2_00540,G_01201,en,E5_crossdataset,1,0.0006568991811946034,0,,,,
D2_00541,G_01202,en,E5_crossdataset,1,0.9992623925209045,1,,,,
D2_00542,G_01203,en,E5_crossdataset,1,0.9986559152603149,1,,,,
D2_00543,G_01204,en,E5_crossdataset,1,0.9982339143753052,1,,,,
D2_00544,G_01205,en,E5_crossdataset,1,0.9993113279342651,1,,,,
D2_00545,G_01206,en,E5_crossdataset,1,0.0004956393968313932,0,,,,
D2_00546,G_01207,en,E5_crossdataset,1,0.9991752505302429,1,,,,
D2_00547,G_01208,en,E5_crossdataset,1,0.9983899593353271,1,,,,
D2_00548,G_01209,en,E5_crossdataset,1,0.9991528987884521,1,,,,
D2_00549,G_01210,en,E5_crossdataset,1,0.9992374181747437,1,,,,
D2_00550,G_01211,en,E5_crossdataset,1,0.0009151999838650227,0,,,,
D2_00551,G_01212,en,E5_crossdataset,1,0.9991728663444519,1,,,,
D2_00552,G_01213,en,E5_crossdataset,1,0.0029989515896886587,0,,,,
D2_00553,G_01214,en,E5_crossdataset,1,0.9992770552635193,1,,,,
D2_00554,G_01215,en,E5_crossdataset,1,0.9990262985229492,1,,,,
D2_00555,G_01216,en,E5_crossdataset,1,0.9992434978485107,1,,,,
D2_00556,G_01217,en,E5_crossdataset,1,0.9988481998443604,1,,,,
D2_00557,G_01218,en,E5_crossdataset,1,0.9988195300102234,1,,,,
D2_00558,G_01219,en,E5_crossdataset,1,0.9991137385368347,1,,,,
D2_00559,G_01220,en,E5_crossdataset,1,0.9992780089378357,1,,,,
D2_00560,G_01221,en,E5_crossdataset,1,0.998621940612793,1,,,,
D2_00561,G_01222,en,E5_crossdataset,1,0.9971478581428528,1,,,,
D2_00562,G_01223,en,E5_crossdataset,1,0.9992313385009766,1,,,,
D2_00563,G_01224,en,E5_crossdataset,1,0.9973670840263367,1,,,,
D2_00564,G_01225,en,E5_crossdataset,1,0.998955249786377,1,,,,
D2_00565,G_01226,en,E5_crossdataset,1,0.9987899661064148,1,,,,
D2_00566,G_01227,en,E5_crossdataset,1,0.9990059733390808,1,,,,
D2_00567,G_01228,en,E5_crossdataset,1,0.9992002844810486,1,,,,
D2_00568,G_01229,en,E5_crossdataset,1,0.9988757967948914,1,,,,
D2_00569,G_01230,en,E5_crossdataset,1,0.999144434928894,1,,,,
D2_00570,G_01231,en,E5_crossdataset,1,0.999201238155365,1,,,,
D2_00571,G_01232,en,E5_crossdataset,1,0.0008406790439039469,0,,,,
D2_00572,G_01233,en,E5_crossdataset,1,0.9989010095596313,1,,,,
D2_00573,G_01234,en,E5_crossdataset,1,0.9991699457168579,1,,,,
D2_00574,G_01235,en,E5_crossdataset,1,0.9993139505386353,1,,,,
D2_00575,G_01236,en,E5_crossdataset,1,0.9991660118103027,1,,,,
D2_00576,G_01237,en,E5_crossdataset,1,0.998349666595459,1,,,,
D2_00577,G_01238,en,E5_crossdataset,1,0.9950439929962158,1,,,,
D2_00578,G_01239,en,E5_crossdataset,1,0.9993202686309814,1,,,,
D2_00579,G_01240,en,E5_crossdataset,1,0.9991950392723083,1,,,,
D2_00580,G_01241,en,E5_crossdataset,1,0.9989044666290283,1,,,,
D2_00581,G_01242,en,E5_crossdataset,1,0.9989219903945923,1,,,,
D2_00582,G_01243,en,E5_crossdataset,1,0.9992522597312927,1,,,,
D2_00583,G_01244,en,E5_crossdataset,1,0.9990783929824829,1,,,,
D2_00584,G_01245,en,E5_crossdataset,1,0.9989264607429504,1,,,,
D2_00585,G_01246,en,E5_crossdataset,1,0.9992560744285583,1,,,,
D2_00586,G_01247,en,E5_crossdataset,1,0.9955384135246277,1,,,,
D2_00587,G_01248,en,E5_crossdataset,1,0.9992169141769409,1,,,,
D2_00588,G_01249,en,E5_crossdataset,1,0.9990884065628052,1,,,,
D2_00589,G_01250,en,E5_crossdataset,1,0.999258816242218,1,,,,
D2_00590,G_01251,en,E5_crossdataset,1,0.999244213104248,1,,,,
D2_00591,G_01252,en,E5_crossdataset,1,0.9949387311935425,1,,,,
D2_00592,G_01253,en,E5_crossdataset,1,0.9924863576889038,1,,,,
D2_00593,G_01254,en,E5_crossdataset,1,0.9991152882575989,1,,,,
D2_00594,G_01255,en,E5_crossdataset,1,0.9992800354957581,1,,,,
D2_00595,G_01256,en,E5_crossdataset,1,0.9979494214057922,1,,,,
D2_00596,G_01257,en,E5_crossdataset,1,0.9991193413734436,1,,,,
D2_00597,G_01258,en,E5_crossdataset,1,0.9990997314453125,1,,,,
D2_00598,G_01259,en,E5_crossdataset,1,0.9990642666816711,1,,,,
D2_00599,G_01260,en,E5_crossdataset,1,0.9991562366485596,1,,,,
D2_00600,G_01261,en,E5_crossdataset,1,0.9990383386611938,1,,,,
D2_00601,G_01262,en,E5_crossdataset,1,0.9988264441490173,1,,,,
D2_00602,G_01263,en,E5_crossdataset,1,0.9990680813789368,1,,,,
D2_00603,G_01264,en,E5_crossdataset,1,0.9990334510803223,1,,,,
D2_00604,G_01265,en,E5_crossdataset,1,0.9992626309394836,1,,,,
D2_00605,G_01266,en,E5_crossdataset,1,0.9991341233253479,1,,,,
D2_00606,G_01267,en,E5_crossdataset,1,0.9992079138755798,1,,,,
D2_00607,G_01268,en,E5_crossdataset,1,0.9990957975387573,1,,,,
D2_00608,G_01269,en,E5_crossdataset,1,0.00046375926467590034,0,,,,
D2_00609,G_01270,en,E5_crossdataset,1,0.0004889679257757962,0,,,,
D2_00610,G_01271,en,E5_crossdataset,1,0.9992944002151489,1,,,,
D2_00611,G_01272,en,E5_crossdataset,1,0.9949449896812439,1,,,,
D2_00612,G_01273,en,E5_crossdataset,1,0.0004554159822873771,0,,,,
D2_00613,G_00870,en,E5_crossdataset,1,0.9987257122993469,1,,,,
D2_00614,G_01275,en,E5_crossdataset,1,0.9990904331207275,1,,,,
D2_00615,G_01276,en,E5_crossdataset,1,0.9988586902618408,1,,,,
D2_00616,G_01277,en,E5_crossdataset,1,0.998197615146637,1,,,,
D2_00617,G_01278,en,E5_crossdataset,1,0.9993367791175842,1,,,,
D2_00618,G_01279,en,E5_crossdataset,1,0.9992239475250244,1,,,,
D2_00619,G_01280,en,E5_crossdataset,1,0.0007190192118287086,0,,,,
D2_00620,G_01281,en,E5_crossdataset,1,0.999152421951294,1,,,,
D2_00621,G_01282,en,E5_crossdataset,1,0.9980189800262451,1,,,,
D2_00622,G_01283,en,E5_crossdataset,1,0.997554361820221,1,,,,
D2_00623,G_01284,en,E5_crossdataset,1,0.9991050362586975,1,,,,
D2_00624,G_01285,en,E5_crossdataset,1,0.9990429282188416,1,,,,
D2_00625,G_01286,en,E5_crossdataset,1,0.9991148114204407,1,,,,
D2_00626,G_01287,en,E5_crossdataset,1,0.9992930889129639,1,,,,
D2_00627,G_01288,en,E5_crossdataset,1,0.9988215565681458,1,,,,
D2_00628,G_01289,en,E5_crossdataset,1,0.9989808201789856,1,,,,
D2_00629,G_01290,en,E5_crossdataset,1,0.9990862607955933,1,,,,
D2_00630,G_01291,en,E5_crossdataset,1,0.9993126392364502,1,,,,
D2_00631,G_01292,en,E5_crossdataset,1,0.9988207221031189,1,,,,
D2_00632,G_01293,en,E5_crossdataset,1,0.9986169338226318,1,,,,
D2_00633,G_01294,en,E5_crossdataset,1,0.9983788728713989,1,,,,
D2_00634,G_01295,en,E5_crossdataset,1,0.9988409876823425,1,,,,
D2_00635,G_01296,en,E5_crossdataset,1,0.0004577215586323291,0,,,,
D2_00636,G_01297,en,E5_crossdataset,1,0.9990345239639282,1,,,,
D2_00637,G_01298,en,E5_crossdataset,1,0.0005159498541615903,0,,,,
D2_00638,G_01299,en,E5_crossdataset,1,0.9992486834526062,1,,,,
D2_00639,G_01300,en,E5_crossdataset,1,0.9987183809280396,1,,,,
D2_00640,G_01301,en,E5_crossdataset,1,0.9990530610084534,1,,,,
D2_00641,G_01302,en,E5_crossdataset,1,0.9993348717689514,1,,,,
D2_00642,G_01303,en,E5_crossdataset,1,0.9991525411605835,1,,,,
D2_00643,G_01304,en,E5_crossdataset,1,0.9990505576133728,1,,,,
D2_00644,G_01305,en,E5_crossdataset,1,0.999220609664917,1,,,,
D2_00645,G_01306,en,E5_crossdataset,1,0.9993060827255249,1,,,,
D2_00646,G_01307,en,E5_crossdataset,1,0.9377216100692749,1,,,,
D2_00647,G_01308,en,E5_crossdataset,1,0.9984728693962097,1,,,,
D2_00648,G_01309,en,E5_crossdataset,1,0.9992374181747437,1,,,,
D2_00649,G_01310,en,E5_crossdataset,1,0.9993150234222412,1,,,,
D2_00650,G_01311,en,E5_crossdataset,1,0.9992565512657166,1,,,,
D2_00651,G_01312,en,E5_crossdataset,1,0.9992479681968689,1,,,,
D2_00652,G_01313,en,E5_crossdataset,1,0.999177873134613,1,,,,
D2_00653,G_01314,en,E5_crossdataset,1,0.9992985725402832,1,,,,
D2_00654,G_01315,en,E5_crossdataset,1,0.9983332753181458,1,,,,
D2_00655,G_01316,en,E5_crossdataset,1,0.9992538094520569,1,,,,
D2_00656,G_01317,en,E5_crossdataset,1,0.9988822340965271,1,,,,
D2_00657,G_01318,en,E5_crossdataset,1,0.9968786239624023,1,,,,
D2_00658,G_01319,en,E5_crossdataset,1,0.9973258972167969,1,,,,
D2_00659,G_01320,en,E5_crossdataset,1,0.9218870401382446,1,,,,
D2_00660,G_01321,en,E5_crossdataset,1,0.3707186281681061,1,,,,
D2_00661,G_01322,en,E5_crossdataset,1,0.9980236291885376,1,,,,
D2_00662,G_01323,en,E5_crossdataset,1,0.9987646341323853,1,,,,
D2_00663,G_01324,en,E5_crossdataset,1,0.998863697052002,1,,,,
D2_00664,G_01325,en,E5_crossdataset,1,0.9992673993110657,1,,,,
D2_00665,G_01326,en,E5_crossdataset,1,0.9991641044616699,1,,,,
D2_00666,G_01327,en,E5_crossdataset,1,0.9992969036102295,1,,,,
D2_00667,G_01328,en,E5_crossdataset,1,0.999175488948822,1,,,,
D2_00668,G_01329,en,E5_crossdataset,1,0.9984448552131653,1,,,,
D2_00669,G_01330,en,E5_crossdataset,1,0.9990776777267456,1,,,,
D2_00670,G_01331,en,E5_crossdataset,1,0.9944726824760437,1,,,,
D2_00671,G_01332,en,E5_crossdataset,1,0.9981525540351868,1,,,,
D2_00672,G_01333,en,E5_crossdataset,1,0.9991466999053955,1,,,,
D2_00673,G_01334,en,E5_crossdataset,1,0.9986881613731384,1,,,,
D2_00674,G_01335,en,E5_crossdataset,1,0.8330894112586975,1,,,,
D2_00675,G_01336,en,E5_crossdataset,1,0.9991974234580994,1,,,,
D2_00676,G_01337,en,E5_crossdataset,1,0.9966993927955627,1,,,,
D2_00677,G_01338,en,E5_crossdataset,1,0.9992833733558655,1,,,,
D2_00678,G_01339,en,E5_crossdataset,1,0.9985356330871582,1,,,,
D2_00679,G_01340,en,E5_crossdataset,1,0.9991618394851685,1,,,,
D2_00680,G_01341,en,E5_crossdataset,1,0.9992836117744446,1,,,,
D2_00681,G_01342,en,E5_crossdataset,1,0.9985643029212952,1,,,,
D2_00682,G_01343,en,E5_crossdataset,1,0.9943388104438782,1,,,,
D2_00683,G_01344,en,E5_crossdataset,1,0.9992484450340271,1,,,,
D2_00684,G_01345,en,E5_crossdataset,1,0.985194742679596,1,,,,
D2_00685,G_01346,en,E5_crossdataset,1,0.9990172386169434,1,,,,
D2_00686,G_01347,en,E5_crossdataset,1,0.9985225796699524,1,,,,
D2_00687,G_01348,en,E5_crossdataset,1,0.9989713430404663,1,,,,
D2_00688,G_01349,en,E5_crossdataset,1,0.9989354014396667,1,,,,
D2_00689,G_01350,en,E5_crossdataset,1,0.9978498220443726,1,,,,
D2_00690,G_01351,en,E5_crossdataset,1,0.0004450822016224265,0,,,,
D2_00691,G_01352,en,E5_crossdataset,1,0.9986469149589539,1,,,,
D2_00692,G_01353,en,E5_crossdataset,1,0.9988019466400146,1,,,,
D2_00693,G_01354,en,E5_crossdataset,1,0.9989911913871765,1,,,,
D2_00694,G_01355,en,E5_crossdataset,1,0.998561441898346,1,,,,
D2_00695,G_01356,en,E5_crossdataset,1,0.9992068409919739,1,,,,
D2_00696,G_01357,en,E5_crossdataset,1,0.9982221722602844,1,,,,
D2_00697,G_01358,en,E5_crossdataset,1,0.9990932941436768,1,,,,
D2_00698,G_01359,en,E5_crossdataset,1,0.9895169138908386,1,,,,
D2_00699,G_01360,en,E5_crossdataset,1,0.9988628625869751,1,,,,
D2_00700,G_01361,en,E5_crossdataset,1,0.9989767074584961,1,,,,
D2_00701,G_01362,en,E5_crossdataset,1,0.0004499165515881032,0,,,,
D2_00702,G_01363,en,E5_crossdataset,1,0.9989005327224731,1,,,,
D2_00703,G_01364,en,E5_crossdataset,1,0.9967753291130066,1,,,,
D2_00704,G_01365,en,E5_crossdataset,1,0.9981101751327515,1,,,,
D2_00705,G_01366,en,E5_crossdataset,1,0.9981881976127625,1,,,,
D2_00706,G_01367,en,E5_crossdataset,1,0.9989736080169678,1,,,,
D2_00707,G_01368,en,E5_crossdataset,1,0.9992857575416565,1,,,,
D2_00708,G_01369,en,E5_crossdataset,1,0.0009808195754885674,0,,,,
D2_00709,G_01370,en,E5_crossdataset,1,0.994691789150238,1,,,,
D2_00710,G_01371,en,E5_crossdataset,1,0.9988334774971008,1,,,,
D2_00711,G_01372,en,E5_crossdataset,1,0.9991003274917603,1,,,,
D2_00712,G_01373,en,E5_crossdataset,1,0.9961199760437012,1,,,,
D2_00713,G_01374,en,E5_crossdataset,1,0.998802661895752,1,,,,
D2_00714,G_01375,en,E5_crossdataset,1,0.9927669763565063,1,,,,
D2_00715,G_01376,en,E5_crossdataset,1,0.9989714622497559,1,,,,
D2_00716,G_01377,en,E5_crossdataset,1,0.9982686042785645,1,,,,
D2_00717,G_01378,en,E5_crossdataset,1,0.9990522265434265,1,,,,
D2_00718,G_01379,en,E5_crossdataset,1,0.9991376399993896,1,,,,
D2_00719,G_01380,en,E5_crossdataset,1,0.9992571473121643,1,,,,
D2_00720,G_01381,en,E5_crossdataset,1,0.9993010759353638,1,,,,
D2_00721,G_01382,en,E5_crossdataset,1,0.9983763694763184,1,,,,
D2_00722,G_01383,en,E5_crossdataset,1,0.9989307522773743,1,,,,
D2_00723,G_01384,en,E5_crossdataset,1,0.9983439445495605,1,,,,
D2_00724,G_01385,en,E5_crossdataset,1,0.0006543095805682242,0,,,,
D2_00725,G_01386,en,E5_crossdataset,1,0.0016455280128866434,0,,,,
D2_00726,G_01387,en,E5_crossdataset,1,0.9988790154457092,1,,,,
D2_00727,G_01388,en,E5_crossdataset,1,0.9992051720619202,1,,,,
D2_00728,G_01389,en,E5_crossdataset,1,0.9988306164741516,1,,,,
D2_00729,G_01390,en,E5_crossdataset,1,0.9991899132728577,1,,,,
D2_00730,G_01391,en,E5_crossdataset,1,0.998731791973114,1,,,,
D2_00731,G_01392,en,E5_crossdataset,1,0.99918133020401,1,,,,
D2_00732,G_01393,en,E5_crossdataset,1,0.9981998205184937,1,,,,
D2_00733,G_01394,en,E5_crossdataset,1,0.9986300468444824,1,,,,
D2_00734,G_01395,en,E5_crossdataset,1,0.999175488948822,1,,,,
D2_00735,G_01396,en,E5_crossdataset,1,0.9990691542625427,1,,,,
D2_00736,G_01397,en,E5_crossdataset,1,0.9990671277046204,1,,,,
D2_00737,G_01398,en,E5_crossdataset,1,0.9991924166679382,1,,,,
D2_00738,G_01399,en,E5_crossdataset,1,0.9991726279258728,1,,,,
D2_00739,G_01400,en,E5_crossdataset,1,0.9991387128829956,1,,,,
D2_00740,G_01401,en,E5_crossdataset,1,0.9990605711936951,1,,,,
D2_00741,G_01402,en,E5_crossdataset,1,0.9979085922241211,1,,,,
D2_00742,G_01403,en,E5_crossdataset,1,0.9992223978042603,1,,,,
D2_00743,G_01404,en,E5_crossdataset,1,0.999104917049408,1,,,,
D2_00744,G_01405,en,E5_crossdataset,1,0.9990379810333252,1,,,,
D2_00745,G_01406,en,E5_crossdataset,1,0.9719180464744568,1,,,,
D2_00746,G_01407,en,E5_crossdataset,1,0.9957996010780334,1,,,,
D2_00747,G_01408,en,E5_crossdataset,1,0.9989026784896851,1,,,,
D2_00748,G_01409,en,E5_crossdataset,1,0.9989445805549622,1,,,,
D2_00749,G_01410,en,E5_crossdataset,1,0.9992895126342773,1,,,,
D2_00750,G_01411,en,E5_crossdataset,1,0.9992771744728088,1,,,,
D2_00751,G_01412,en,E5_crossdataset,1,0.9992088675498962,1,,,,
D2_00752,G_01413,en,E5_crossdataset,1,0.00045128891360946,0,,,,
D2_00753,G_01414,en,E5_crossdataset,1,0.9992628693580627,1,,,,
D2_00754,G_01415,en,E5_crossdataset,1,0.9973214268684387,1,,,,
D2_00755,G_01416,en,E5_crossdataset,1,0.999222993850708,1,,,,
D2_00756,G_01417,en,E5_crossdataset,1,0.9993065595626831,1,,,,
D2_00757,G_01418,en,E5_crossdataset,1,0.999152421951294,1,,,,
D2_00758,G_01419,en,E5_crossdataset,1,0.999114453792572,1,,,,
D2_00759,G_01420,en,E5_crossdataset,1,0.9991495609283447,1,,,,
D2_00760,G_01421,en,E5_crossdataset,1,0.0010543832322582603,0,,,,
D2_00761,G_01422,en,E5_crossdataset,1,0.99894779920578,1,,,,
D2_00762,G_01423,en,E5_crossdataset,1,0.00044513310422189534,0,,,,
D2_00763,G_01424,en,E5_crossdataset,1,0.9984708428382874,1,,,,
D2_00764,G_01425,en,E5_crossdataset,1,0.9987648725509644,1,,,,
D2_00765,G_01426,en,E5_crossdataset,1,0.9990860223770142,1,,,,
D2_00766,G_01427,en,E5_crossdataset,1,0.9990532994270325,1,,,,
D2_00767,G_01428,en,E5_crossdataset,1,0.9937337040901184,1,,,,
D2_00768,G_01429,en,E5_crossdataset,1,0.00045420852256938815,0,,,,
D2_00769,G_01430,en,E5_crossdataset,1,0.9992907047271729,1,,,,
D2_00770,G_01431,en,E5_crossdataset,1,0.0009029984357766807,0,,,,
D2_00771,G_01432,en,E5_crossdataset,1,0.9985098242759705,1,,,,
D2_00772,G_01433,en,E5_crossdataset,1,0.9993295669555664,1,,,,
D2_00773,G_01434,en,E5_crossdataset,1,0.9993419051170349,1,,,,
D2_00774,G_01435,en,E5_crossdataset,1,0.9991872906684875,1,,,,
D2_00775,G_01436,en,E5_crossdataset,1,0.9992477893829346,1,,,,
D2_00776,G_01437,en,E5_crossdataset,1,0.9981570839881897,1,,,,
D2_00777,G_01438,en,E5_crossdataset,1,0.999214768409729,1,,,,
D2_00778,G_01439,en,E5_crossdataset,1,0.9975757002830505,1,,,,
D2_00779,G_01440,en,E5_crossdataset,1,0.9989047050476074,1,,,,
D2_00780,G_01441,en,E5_crossdataset,1,0.9993081092834473,1,,,,
D2_00781,G_01442,en,E5_crossdataset,1,0.9992982149124146,1,,,,
D2_00782,G_01443,en,E5_crossdataset,1,0.9993294477462769,1,,,,
D2_00783,G_01444,en,E5_crossdataset,1,0.0006200963398441672,0,,,,
D2_00784,G_01445,en,E5_crossdataset,1,0.9986566305160522,1,,,,
D2_00785,G_01446,en,E5_crossdataset,1,0.9980044960975647,1,,,,
D2_00786,G_01447,en,E5_crossdataset,1,0.9991342425346375,1,,,,
D2_00787,G_01448,en,E5_crossdataset,1,0.9978200197219849,1,,,,
D2_00788,G_01449,en,E5_crossdataset,1,0.9963384866714478,1,,,,
D2_00789,G_01450,en,E5_crossdataset,1,0.9987367987632751,1,,,,
D2_00790,G_01451,en,E5_crossdataset,1,0.9991089701652527,1,,,,
D2_00791,G_01452,en,E5_crossdataset,1,0.9990887641906738,1,,,,
D2_00792,G_01453,en,E5_crossdataset,1,0.9990924596786499,1,,,,
D2_00793,G_01454,en,E5_crossdataset,1,0.9993072748184204,1,,,,
D2_00794,G_01455,en,E5_crossdataset,1,0.8638704419136047,1,,,,
D2_00795,G_01456,en,E5_crossdataset,1,0.9992270469665527,1,,,,
D2_00796,G_01457,en,E5_crossdataset,1,0.9989081621170044,1,,,,
D2_00797,G_01458,en,E5_crossdataset,1,0.9989759922027588,1,,,,
D2_00798,G_01459,en,E5_crossdataset,1,0.9989498257637024,1,,,,
D2_00799,G_01460,en,E5_crossdataset,1,0.9991256594657898,1,,,,
D2_00800,G_01461,en,E5_crossdataset,1,0.9990853071212769,1,,,,
D2_00801,G_01462,en,E5_crossdataset,1,0.9992700219154358,1,,,,
D2_00802,G_01463,en,E5_crossdataset,1,0.9992063641548157,1,,,,
D2_00803,G_01464,en,E5_crossdataset,1,0.9992092847824097,1,,,,
D2_00804,G_01465,en,E5_crossdataset,1,0.998746395111084,1,,,,
D2_00805,G_01466,en,E5_crossdataset,1,0.9992526173591614,1,,,,
D2_00806,G_01467,en,E5_crossdataset,1,0.9976087808609009,1,,,,
D2_00807,G_01468,en,E5_crossdataset,1,0.9991700649261475,1,,,,
D2_00808,G_01469,en,E5_crossdataset,1,0.9991064667701721,1,,,,
D2_00809,G_01470,en,E5_crossdataset,1,0.9989902377128601,1,,,,
D2_00810,G_01471,en,E5_crossdataset,1,0.9991236329078674,1,,,,
D2_00811,G_01472,en,E5_crossdataset,1,0.9980741739273071,1,,,,
D2_00812,G_01473,en,E5_crossdataset,1,0.9991617202758789,1,,,,
D2_00813,G_01474,en,E5_crossdataset,1,0.9989327788352966,1,,,,
D2_00814,G_01475,en,E5_crossdataset,1,0.9991256594657898,1,,,,
D2_00815,G_01476,en,E5_crossdataset,1,0.8331265449523926,1,,,,
D2_00816,G_01477,en,E5_crossdataset,1,0.9980965256690979,1,,,,
D2_00817,G_01478,en,E5_crossdataset,1,0.998802661895752,1,,,,
D2_00818,G_01479,en,E5_crossdataset,1,0.9992965459823608,1,,,,
D2_00819,G_01480,en,E5_crossdataset,1,0.9990609288215637,1,,,,
D2_00820,G_01481,en,E5_crossdataset,1,0.9990977048873901,1,,,,
D2_00821,G_01482,en,E5_crossdataset,1,0.9992274045944214,1,,,,
D2_00822,G_01483,en,E5_crossdataset,1,0.9991790652275085,1,,,,
D2_00823,G_01484,en,E5_crossdataset,1,0.9991697072982788,1,,,,
D2_00824,G_01485,en,E5_crossdataset,1,0.9989641904830933,1,,,,
D2_00825,G_01486,en,E5_crossdataset,1,0.9885095953941345,1,,,,
D2_00826,G_01487,en,E5_crossdataset,1,0.997819185256958,1,,,,
D2_00827,G_01488,en,E5_crossdataset,1,0.9992538094520569,1,,,,
D2_00828,G_01489,en,E5_crossdataset,1,0.9969862103462219,1,,,,
D2_00829,G_01490,en,E5_crossdataset,1,0.9989984631538391,1,,,,
D2_00830,G_01491,en,E5_crossdataset,1,0.002302190288901329,0,,,,
D2_00831,G_01492,en,E5_crossdataset,1,0.9989053010940552,1,,,,
D2_00832,G_01493,en,E5_crossdataset,1,0.9988473653793335,1,,,,
D2_00833,G_01494,en,E5_crossdataset,1,0.9989612102508545,1,,,,
D2_00834,G_01495,en,E5_crossdataset,1,0.990580141544342,1,,,,
D2_00835,G_01496,en,E5_crossdataset,1,0.9986833930015564,1,,,,
D2_00836,G_01497,en,E5_crossdataset,1,0.9993101358413696,1,,,,
D2_00837,G_01498,en,E5_crossdataset,1,0.9991756081581116,1,,,,
D2_00838,G_01499,en,E5_crossdataset,1,0.008985653519630432,0,,,,
D2_00839,G_01500,en,E5_crossdataset,1,0.9990262985229492,1,,,,
D2_00840,G_00868,en,E5_crossdataset,1,0.9984115362167358,1,,,,
D2_00841,G_01502,en,E5_crossdataset,1,0.9507737159729004,1,,,,
D2_00842,G_01503,en,E5_crossdataset,1,0.9992648959159851,1,,,,
D2_00843,G_01504,en,E5_crossdataset,1,0.998986542224884,1,,,,
D2_00844,G_01505,en,E5_crossdataset,1,0.9990766048431396,1,,,,
D2_00845,G_01506,en,E5_crossdataset,1,0.9989748001098633,1,,,,
D2_00846,G_01507,en,E5_crossdataset,1,0.9991559982299805,1,,,,
D2_00847,G_01508,en,E5_crossdataset,1,0.9992602467536926,1,,,,
D2_00848,G_01509,en,E5_crossdataset,1,0.998846173286438,1,,,,
D2_00849,G_01510,en,E5_crossdataset,1,0.999165415763855,1,,,,
D2_00850,G_01511,en,E5_crossdataset,1,0.9984173774719238,1,,,,
D2_00851,G_01512,en,E5_crossdataset,1,0.9978960752487183,1,,,,
D2_00852,G_01513,en,E5_crossdataset,1,0.9991593360900879,1,,,,
D2_00853,G_01514,en,E5_crossdataset,1,0.0004679211415350437,0,,,,
D2_00854,G_01515,en,E5_crossdataset,1,0.000577965343836695,0,,,,
D2_00855,G_01516,en,E5_crossdataset,1,0.9991150498390198,1,,,,
D2_00856,G_01517,en,E5_crossdataset,1,0.9990007281303406,1,,,,
D2_00857,G_01518,en,E5_crossdataset,1,0.9993222951889038,1,,,,
D2_00858,G_01519,en,E5_crossdataset,1,0.00048517712275497615,0,,,,
D2_00859,G_01520,en,E5_crossdataset,1,0.9990634322166443,1,,,,
D2_00860,G_01521,en,E5_crossdataset,1,0.9977320432662964,1,,,,
D2_00861,G_01522,en,E5_crossdataset,1,0.9980946183204651,1,,,,
D2_00862,G_01523,en,E5_crossdataset,1,0.9991379976272583,1,,,,
D2_00863,G_01524,en,E5_crossdataset,1,0.0006953139090910554,0,,,,
D2_00864,G_01525,en,E5_crossdataset,1,0.998650848865509,1,,,,
D2_00865,G_01526,en,E5_crossdataset,1,0.9991864562034607,1,,,,
D2_00866,G_01527,en,E5_crossdataset,1,0.9991638660430908,1,,,,
D2_00867,G_01528,en,E5_crossdataset,1,0.998992383480072,1,,,,
D2_00868,G_01529,en,E5_crossdataset,1,0.9973834156990051,1,,,,
D2_00869,G_01530,en,E5_crossdataset,1,0.998420238494873,1,,,,
D2_00870,G_01531,en,E5_crossdataset,1,0.997465968132019,1,,,,
D2_00871,G_01532,en,E5_crossdataset,1,0.999203622341156,1,,,,
D2_00872,G_01533,en,E5_crossdataset,1,0.9989732503890991,1,,,,
D2_00873,G_01534,en,E5_crossdataset,1,0.9992154836654663,1,,,,
D2_00874,G_01535,en,E5_crossdataset,1,0.9988987445831299,1,,,,
D2_00875,G_01536,en,E5_crossdataset,1,0.9992658495903015,1,,,,
D2_00876,G_01537,en,E5_crossdataset,1,0.9990645051002502,1,,,,
D2_00877,G_01538,en,E5_crossdataset,1,0.9992102384567261,1,,,,
D2_00878,G_01539,en,E5_crossdataset,1,0.9991685152053833,1,,,,
D2_00879,G_01540,en,E5_crossdataset,1,0.9989792704582214,1,,,,
D2_00880,G_01541,en,E5_crossdataset,1,0.9991057515144348,1,,,,
D2_00881,G_01542,en,E5_crossdataset,1,0.99901282787323,1,,,,
D2_00882,G_01543,en,E5_crossdataset,1,0.9981877207756042,1,,,,
D2_00883,G_01544,en,E5_crossdataset,1,0.0005013071349821985,0,,,,
D2_00884,G_01545,en,E5_crossdataset,1,0.9991944432258606,1,,,,
D2_00885,G_01546,en,E5_crossdataset,1,0.9990580677986145,1,,,,
D2_00886,G_01547,en,E5_crossdataset,1,0.9981204867362976,1,,,,
D2_00887,G_01548,en,E5_crossdataset,1,0.9991310238838196,1,,,,
D2_00888,G_01549,en,E5_crossdataset,1,0.9977381229400635,1,,,,
D2_00889,G_01550,en,E5_crossdataset,1,0.9991312623023987,1,,,,
D2_00890,G_01551,en,E5_crossdataset,1,0.9992635846138,1,,,,
D2_00891,G_01552,en,E5_crossdataset,1,0.9991575479507446,1,,,,
D2_00892,G_01553,en,E5_crossdataset,1,0.9990857839584351,1,,,,
D2_00893,G_01554,en,E5_crossdataset,1,0.9991135001182556,1,,,,
D2_00894,G_01555,en,E5_crossdataset,1,0.999240517616272,1,,,,
D2_00895,G_01556,en,E5_crossdataset,1,0.9992491602897644,1,,,,
D2_00896,G_01557,en,E5_crossdataset,1,0.9987143278121948,1,,,,
D2_00897,G_01558,en,E5_crossdataset,1,0.9986962676048279,1,,,,
D2_00898,G_01559,en,E5_crossdataset,1,0.9981575608253479,1,,,,
D2_00899,G_01560,en,E5_crossdataset,1,0.9990806579589844,1,,,,
D2_00900,G_01561,en,E5_crossdataset,1,0.99913090467453,1,,,,
D2_00901,G_01562,en,E5_crossdataset,1,0.999182403087616,1,,,,
D2_00902,G_01563,en,E5_crossdataset,1,0.998999297618866,1,,,,
D2_00903,G_01564,en,E5_crossdataset,1,0.9991826415061951,1,,,,
D2_00904,G_01565,en,E5_crossdataset,1,0.9990272521972656,1,,,,
D2_00905,G_01566,en,E5_crossdataset,1,0.9990548491477966,1,,,,
D2_00906,G_01567,en,E5_crossdataset,1,0.9987550973892212,1,,,,
D2_00907,G_01568,en,E5_crossdataset,1,0.9989363551139832,1,,,,
D2_00908,G_01569,en,E5_crossdataset,1,0.9991360306739807,1,,,,
D2_00909,G_01570,en,E5_crossdataset,1,0.9993374943733215,1,,,,
D2_00910,G_01571,en,E5_crossdataset,1,0.9988044500350952,1,,,,
D2_00911,G_01572,en,E5_crossdataset,1,0.0005798092461191118,0,,,,
D2_00912,G_01573,en,E5_crossdataset,1,0.9982642531394958,1,,,,
D2_00913,G_01574,en,E5_crossdataset,1,0.9990837574005127,1,,,,
D2_00914,G_01575,en,E5_crossdataset,1,0.999129593372345,1,,,,
D2_00915,G_01576,en,E5_crossdataset,1,0.9992257356643677,1,,,,
D2_00916,G_01577,en,E5_crossdataset,1,0.9992496371269226,1,,,,
D2_00917,G_01578,en,E5_crossdataset,1,0.9987335801124573,1,,,,
D2_00918,G_01579,en,E5_crossdataset,1,0.9982455968856812,1,,,,
D2_00919,G_01580,en,E5_crossdataset,1,0.9988313317298889,1,,,,
D2_00920,G_01581,en,E5_crossdataset,1,0.9992209672927856,1,,,,
D2_00921,G_01582,en,E5_crossdataset,1,0.9991661310195923,1,,,,
D2_00922,G_01583,en,E5_crossdataset,1,0.998927652835846,1,,,,
D2_00923,G_01584,en,E5_crossdataset,1,0.9989905953407288,1,,,,
D2_00924,G_01585,en,E5_crossdataset,1,0.9989996552467346,1,,,,
D2_00925,G_01586,en,E5_crossdataset,1,0.9992061257362366,1,,,,
D2_00926,G_01587,en,E5_crossdataset,1,0.000942873302847147,0,,,,
D2_00927,G_01588,en,E5_crossdataset,1,0.999006450176239,1,,,,
D2_00928,G_01589,en,E5_crossdataset,1,0.9991439580917358,1,,,,
D2_00929,G_01590,en,E5_crossdataset,1,0.9991175532341003,1,,,,
D2_00930,G_01591,en,E5_crossdataset,1,0.9992203712463379,1,,,,
D2_00931,G_01592,en,E5_crossdataset,1,0.9991233944892883,1,,,,
D2_00932,G_01593,en,E5_crossdataset,1,0.9993407130241394,1,,,,
D2_00933,G_01594,en,E5_crossdataset,1,0.9990248680114746,1,,,,
D2_00934,G_01595,en,E5_crossdataset,1,0.9942210912704468,1,,,,
D2_00935,G_01596,en,E5_crossdataset,1,0.9990266561508179,1,,,,
D2_00936,G_01597,en,E5_crossdataset,1,0.9989669322967529,1,,,,
D2_00937,G_01598,en,E5_crossdataset,1,0.9991500377655029,1,,,,
D2_00938,G_01599,en,E5_crossdataset,1,0.997800886631012,1,,,,
D2_00939,G_01600,en,E5_crossdataset,1,0.9990729093551636,1,,,,
D2_00940,G_01601,en,E5_crossdataset,1,0.9972291588783264,1,,,,
D2_00941,G_01602,en,E5_crossdataset,1,0.0004356513381935656,0,,,,
D2_00942,G_01603,en,E5_crossdataset,1,0.9055826663970947,1,,,,
D2_00943,G_01604,en,E5_crossdataset,1,0.0005353589658625424,0,,,,
D2_00944,G_01605,en,E5_crossdataset,1,0.9993191957473755,1,,,,
D2_00945,G_01606,en,E5_crossdataset,1,0.9992234706878662,1,,,,
D2_00946,G_01607,en,E5_crossdataset,1,0.9980980753898621,1,,,,
D2_00947,G_01608,en,E5_crossdataset,1,0.9990235567092896,1,,,,
D2_00948,G_01609,en,E5_crossdataset,1,0.9989920258522034,1,,,,
D2_00949,G_01610,en,E5_crossdataset,1,0.9989616870880127,1,,,,
D2_00950,G_01611,en,E5_crossdataset,1,0.9972174167633057,1,,,,
D2_00951,G_01612,en,E5_crossdataset,1,0.9992721676826477,1,,,,
D2_00952,G_01613,en,E5_crossdataset,1,0.998977780342102,1,,,,
D2_00953,G_01614,en,E5_crossdataset,1,0.9985878467559814,1,,,,
D2_00954,G_01615,en,E5_crossdataset,1,0.9992796778678894,1,,,,
D2_00955,G_01616,en,E5_crossdataset,1,0.9991180300712585,1,,,,
D2_00956,G_01617,en,E5_crossdataset,1,0.9990929365158081,1,,,,
D2_00957,G_01618,en,E5_crossdataset,1,0.9985948204994202,1,,,,
D2_00958,G_01619,en,E5_crossdataset,1,0.9992021918296814,1,,,,
D2_00959,G_01620,en,E5_crossdataset,1,0.002544586081057787,0,,,,
D2_00960,G_01621,en,E5_crossdataset,1,0.9985731840133667,1,,,,
D2_00961,G_01622,en,E5_crossdataset,1,0.9991083741188049,1,,,,
D2_00962,G_01623,en,E5_crossdataset,1,0.9989539384841919,1,,,,
D2_00963,G_01624,en,E5_crossdataset,1,0.999099850654602,1,,,,
D2_00964,G_01625,en,E5_crossdataset,1,0.9993323683738708,1,,,,
D2_00965,G_01626,en,E5_crossdataset,1,0.9855598211288452,1,,,,
D2_00966,G_01627,en,E5_crossdataset,1,0.0005289387772791088,0,,,,
D2_00967,G_01628,en,E5_crossdataset,1,0.9991821646690369,1,,,,
D2_00968,G_01629,en,E5_crossdataset,1,0.9964555501937866,1,,,,
D2_00969,G_01630,en,E5_crossdataset,1,0.9990952014923096,1,,,,
D2_00970,G_01631,en,E5_crossdataset,1,0.9992027878761292,1,,,,
D2_00971,G_01632,en,E5_crossdataset,1,0.9987724423408508,1,,,,
D2_00972,G_01633,en,E5_crossdataset,1,0.998499870300293,1,,,,
D2_00973,G_01634,en,E5_crossdataset,1,0.00044187947059981525,0,,,,
D2_00974,G_01635,en,E5_crossdataset,1,0.0004658425459638238,0,,,,
D2_00975,G_01636,en,E5_crossdataset,1,0.9981492757797241,1,,,,
D2_00976,G_01637,en,E5_crossdataset,1,0.9993027448654175,1,,,,
D2_00977,G_01638,en,E5_crossdataset,1,0.9979293346405029,1,,,,
D2_00978,G_01639,en,E5_crossdataset,1,0.9991165995597839,1,,,,
D2_00979,G_01640,en,E5_crossdataset,1,0.9965873956680298,1,,,,
D2_00980,G_01641,en,E5_crossdataset,1,0.9993270635604858,1,,,,
D2_00981,G_01642,en,E5_crossdataset,1,0.9981548190116882,1,,,,
D2_00982,G_01643,en,E5_crossdataset,1,0.9991191029548645,1,,,,
D2_00983,G_01644,en,E5_crossdataset,1,0.0004814695566892624,0,,,,
D2_00984,G_01645,en,E5_crossdataset,1,0.9991989731788635,1,,,,
D2_00985,G_01646,en,E5_crossdataset,1,0.9992208480834961,1,,,,
D2_00986,G_01647,en,E5_crossdataset,1,0.9992948770523071,1,,,,
D2_00987,G_01648,en,E5_crossdataset,1,0.9993165731430054,1,,,,
D2_00988,G_01649,en,E5_crossdataset,1,0.9992701411247253,1,,,,
D2_00989,G_01650,en,E5_crossdataset,1,0.9990617632865906,1,,,,
D2_00990,G_01651,en,E5_crossdataset,1,0.9991335272789001,1,,,,
D2_00991,G_01652,en,E5_crossdataset,1,0.999197781085968,1,,,,
D2_00992,G_01653,en,E5_crossdataset,1,0.9992087483406067,1,,,,
D2_00993,G_01654,en,E5_crossdataset,1,0.9992309808731079,1,,,,
D2_00994,G_01655,en,E5_crossdataset,1,0.9989639520645142,1,,,,
D2_00995,G_01656,en,E5_crossdataset,1,0.12116573750972748,0,,,,
D2_00996,G_01657,en,E5_crossdataset,1,0.9989513158798218,1,,,,
D2_00997,G_01658,en,E5_crossdataset,1,0.9990993738174438,1,,,,
D2_00998,G_01659,en,E5_crossdataset,1,0.005137505475431681,0,,,,
D2_00999,G_01660,en,E5_crossdataset,1,0.9992362260818481,1,,,,
D2_01000,G_01661,en,E5_crossdataset,1,0.9991084933280945,1,,,,
D3_00001,G_01662,en,FP_promptbench,0,0.9962952733039856,1,,,,
D3_00002,G_01663,en,FP_promptbench,0,0.9990430474281311,1,,,,
D3_00003,G_01664,en,FP_promptbench,0,0.9982206225395203,1,,,,
D3_00004,G_02959,en,FP_promptbench,0,0.9973905682563782,1,,,,
D3_00005,G_01666,en,FP_promptbench,0,0.9903976917266846,1,,,,
D3_00006,G_01667,en,FP_promptbench,0,0.999057948589325,1,,,,
D3_00007,G_01668,en,FP_promptbench,0,0.9990359544754028,1,,,,
D3_00008,G_01669,en,FP_promptbench,0,0.9978445768356323,1,,,,
D3_00009,G_02968,en,FP_promptbench,0,0.9987781643867493,1,,,,
D3_00010,G_01671,en,FP_promptbench,0,0.9978235960006714,1,,,,
D3_00011,G_01691,en,FP_promptbench,0,0.9987697005271912,1,,,,
D3_00012,G_01698,en,FP_promptbench,0,0.9982787370681763,1,,,,
D3_00013,G_01705,en,FP_promptbench,0,0.998830258846283,1,,,,
D3_00014,G_02971,en,FP_promptbench,0,0.9988812804222107,1,,,,
D3_00015,G_01676,en,FP_promptbench,0,0.9989093542098999,1,,,,
D3_00016,G_01677,en,FP_promptbench,0,0.9985352754592896,1,,,,
D3_00017,G_01678,en,FP_promptbench,0,0.9988592863082886,1,,,,
D3_00018,G_01679,en,FP_promptbench,0,0.9990014433860779,1,,,,
D3_00019,G_01680,en,FP_promptbench,0,0.9982580542564392,1,,,,
D3_00020,G_02977,en,FP_promptbench,0,0.9988460540771484,1,,,,
D3_00021,G_01682,en,FP_promptbench,0,0.9980631470680237,1,,,,
D3_00022,G_01683,en,FP_promptbench,0,0.997665286064148,1,,,,
D3_00023,G_01684,en,FP_promptbench,0,0.9990825653076172,1,,,,
D3_00024,G_01685,en,FP_promptbench,0,0.9988152980804443,1,,,,
D3_00025,G_01686,en,FP_promptbench,0,0.9987200498580933,1,,,,
D3_00026,G_01687,en,FP_promptbench,0,0.9990618824958801,1,,,,
D3_00027,G_01664,en,FP_promptbench,0,0.9990276098251343,1,,,,
D3_00028,G_01689,en,FP_promptbench,0,0.9981332421302795,1,,,,
D3_00029,G_01663,en,FP_promptbench,0,0.9991666078567505,1,,,,
D3_00030,G_01691,en,FP_promptbench,0,0.9989826083183289,1,,,,
D3_00031,G_01698,en,FP_promptbench,0,0.9992013573646545,1,,,,
D3_00032,G_01705,en,FP_promptbench,0,0.9990498423576355,1,,,,
D3_00033,G_01664,en,FP_promptbench,0,0.9988470077514648,1,,,,
D3_00034,G_01662,en,FP_promptbench,0,0.9972246885299683,1,,,,
D3_00035,G_01663,en,FP_promptbench,0,0.9991583824157715,1,,,,
D3_00036,G_01691,en,FP_promptbench,0,0.9991642236709595,1,,,,
D3_00037,G_01698,en,FP_promptbench,0,0.9990311861038208,1,,,,
D3_00038,G_01705,en,FP_promptbench,0,0.9989318251609802,1,,,,
D3_00039,G_01664,en,FP_promptbench,0,0.9991781115531921,1,,,,
D3_00040,G_01701,en,FP_promptbench,0,0.999108612537384,1,,,,
D3_00041,G_01663,en,FP_promptbench,0,0.9992716908454895,1,,,,
D3_00042,G_01691,en,FP_promptbench,0,0.9991703033447266,1,,,,
D3_00043,G_01698,en,FP_promptbench,0,0.9992071986198425,1,,,,
D3_00044,G_01705,en,FP_promptbench,0,0.9991770386695862,1,,,,
D3_00045,G_01706,en,FP_promptbench,0,0.999122679233551,1,,,,
D3_00046,G_01662,en,FP_promptbench,0,0.9987724423408508,1,,,,
D3_00047,G_01708,en,FP_promptbench,0,0.9992526173591614,1,,,,
D3_00048,G_01691,en,FP_promptbench,0,0.9991125464439392,1,,,,
D3_00049,G_01710,en,FP_promptbench,0,0.9992039799690247,1,,,,
D3_00050,G_01705,en,FP_promptbench,0,0.9989759922027588,1,,,,
D3_00051,G_01712,en,FP_promptbench,0,0.9984239339828491,1,,,,
D3_00052,G_01713,en,FP_promptbench,0,0.9984163045883179,1,,,,
D3_00053,G_01714,en,FP_promptbench,0,0.9990247488021851,1,,,,
D3_00055,G_01715,en,FP_promptbench,0,0.9990629553794861,1,,,,
D3_00056,G_01716,en,FP_promptbench,0,0.9987797141075134,1,,,,
D3_00057,G_01717,en,FP_promptbench,0,0.9990957975387573,1,,,,
D3_00058,G_01718,other,FP_promptbench,0,0.9985094666481018,1,,,,
D3_00059,G_01719,other,FP_promptbench,0,0.9980880618095398,1,,,,
D3_00060,G_01720,other,FP_promptbench,0,0.9987492561340332,1,,,,
D3_00061,G_01721,other,FP_promptbench,0,0.9965207576751709,1,,,,
D3_00062,G_01722,other,FP_promptbench,0,0.9958885312080383,1,,,,
D3_00063,G_01723,other,FP_promptbench,0,0.9981517195701599,1,,,,
D3_00064,G_01724,other,FP_promptbench,0,0.9981645941734314,1,,,,
D3_00065,G_01723,other,FP_promptbench,0,0.9978487491607666,1,,,,
D3_00066,G_01726,other,FP_promptbench,0,0.996407687664032,1,,,,
D3_00068,G_01727,other,FP_promptbench,0,0.9965618252754211,1,,,,
D3_00069,G_01728,other,FP_promptbench,0,0.9943304061889648,1,,,,
D3_00070,G_01729,other,FP_promptbench,0,0.99724280834198,1,,,,
D3_00071,G_01730,other,FP_promptbench,0,0.997191846370697,1,,,,
D3_00072,G_01731,other,FP_promptbench,0,0.9966263771057129,1,,,,
D3_00073,G_01732,other,FP_promptbench,0,0.9934533834457397,1,,,,
D3_00074,G_01733,other,FP_promptbench,0,0.9984299540519714,1,,,,
D3_00075,G_01734,other,FP_promptbench,0,0.9982727766036987,1,,,,
D3_00076,G_01735,other,FP_promptbench,0,0.9888773560523987,1,,,,
D3_00077,G_01736,other,FP_promptbench,0,0.9975703358650208,1,,,,
D3_00078,G_01737,other,FP_promptbench,0,0.9986129999160767,1,,,,
D3_00079,G_01738,other,FP_promptbench,0,0.9972060322761536,1,,,,
D3_00080,G_01739,other,FP_promptbench,0,0.9975360631942749,1,,,,
D3_00081,G_01740,other,FP_promptbench,0,0.9982099533081055,1,,,,
D3_00082,G_01741,other,FP_promptbench,0,0.9979776740074158,1,,,,
D3_00083,G_01742,other,FP_promptbench,0,0.9981629252433777,1,,,,
D3_00084,G_01743,other,FP_promptbench,0,0.997585654258728,1,,,,
D3_00085,G_01744,other,FP_promptbench,0,0.9979559183120728,1,,,,
D3_00086,G_01745,other,FP_promptbench,0,0.9973580241203308,1,,,,
D3_00087,G_01746,other,FP_promptbench,0,0.998271107673645,1,,,,
D3_00088,G_01747,other,FP_promptbench,0,0.998691976070404,1,,,,
D3_00089,G_01738,other,FP_promptbench,0,0.9972196817398071,1,,,,
D3_00090,G_01749,other,FP_promptbench,0,0.9982520937919617,1,,,,
D3_00091,G_01750,other,FP_promptbench,0,0.9984506368637085,1,,,,
D3_00092,G_01751,other,FP_promptbench,0,0.9965968728065491,1,,,,
D3_00093,G_01752,other,FP_promptbench,0,0.9975678324699402,1,,,,
D3_00094,G_01753,other,FP_promptbench,0,0.9899431467056274,1,,,,
D3_00095,G_01754,other,FP_promptbench,0,0.9983341097831726,1,,,,
D3_00096,G_01755,other,FP_promptbench,0,0.9985709190368652,1,,,,
D3_00097,G_01756,other,FP_promptbench,0,0.9980296492576599,1,,,,
D3_00098,G_01757,other,FP_promptbench,0,0.9981492757797241,1,,,,
D3_00099,G_01758,other,FP_promptbench,0,0.9986042380332947,1,,,,
D3_00100,G_01759,other,FP_promptbench,0,0.9966727495193481,1,,,,
D3_00101,G_01760,other,FP_promptbench,0,0.9969362020492554,1,,,,
D3_00102,G_01761,other,FP_promptbench,0,0.9929008483886719,1,,,,
D3_00103,G_01762,other,FP_promptbench,0,0.9963518381118774,1,,,,
D3_00104,G_01763,other,FP_promptbench,0,0.816963791847229,1,,,,
D3_00105,G_01764,other,FP_promptbench,0,0.9967271089553833,1,,,,
D3_00106,G_01762,other,FP_promptbench,0,0.9957876801490784,1,,,,
D3_00107,G_01766,other,FP_promptbench,0,0.9649954438209534,1,,,,
D3_00108,G_01767,other,FP_promptbench,0,0.9986283779144287,1,,,,
D3_00109,G_01768,other,FP_promptbench,0,0.9988258481025696,1,,,,
D3_00110,G_01769,other,FP_promptbench,0,0.9980295300483704,1,,,,
D3_00111,G_01770,other,FP_promptbench,0,0.9979640245437622,1,,,,
D3_00112,G_01771,other,FP_promptbench,0,0.9980841875076294,1,,,,
D3_00113,G_01772,other,FP_promptbench,0,0.9967808723449707,1,,,,
D3_00114,G_01773,other,FP_promptbench,0,0.9978386759757996,1,,,,
D3_00115,G_01774,other,FP_promptbench,0,0.9973104000091553,1,,,,
D3_00117,G_01775,other,FP_promptbench,0,0.9898563623428345,1,,,,
D3_00118,G_01803,en,FP_promptbench,0,0.9989089965820312,1,,,,
D3_00119,G_01802,en,FP_promptbench,0,0.9987350106239319,1,,,,
D3_00120,G_01816,en,FP_promptbench,0,0.999082088470459,1,,,,
D3_00121,G_03017,en,FP_promptbench,0,0.9985421895980835,1,,,,
D3_00122,G_01780,en,FP_promptbench,0,0.9988069534301758,1,,,,
D3_00123,G_03023,en,FP_promptbench,0,0.9991378784179688,1,,,,
D3_00124,G_03579,en,FP_promptbench,0,0.9991586208343506,1,,,,
D3_00125,G_01783,en,FP_promptbench,0,0.9990673661231995,1,,,,
D3_00126,G_01784,en,FP_promptbench,0,0.9987213015556335,1,,,,
D3_00127,G_01785,en,FP_promptbench,0,0.9988995790481567,1,,,,
D3_00128,G_01811,en,FP_promptbench,0,0.9989595413208008,1,,,,
D3_00129,G_01819,en,FP_promptbench,0,0.9992031455039978,1,,,,
D3_00130,G_01818,en,FP_promptbench,0,0.9988985061645508,1,,,,
D3_00131,G_01789,en,FP_promptbench,0,0.998934805393219,1,,,,
D3_00132,G_01790,en,FP_promptbench,0,0.9990021586418152,1,,,,
D3_00133,G_03045,en,FP_promptbench,0,0.9991150498390198,1,,,,
D3_00134,G_03029,en,FP_promptbench,0,0.9989365935325623,1,,,,
D3_00135,G_01793,en,FP_promptbench,0,0.9989311099052429,1,,,,
D3_00136,G_01794,en,FP_promptbench,0,0.9992002844810486,1,,,,
D3_00137,G_01795,en,FP_promptbench,0,0.9989374279975891,1,,,,
D3_00138,G_01796,en,FP_promptbench,0,0.9990084767341614,1,,,,
D3_00139,G_01797,en,FP_promptbench,0,0.9988865256309509,1,,,,
D3_00140,G_01798,en,FP_promptbench,0,0.9992522597312927,1,,,,
D3_00141,G_01799,en,FP_promptbench,0,0.9989185333251953,1,,,,
D3_00142,G_01800,en,FP_promptbench,0,0.9993211030960083,1,,,,
D3_00143,G_01801,en,FP_promptbench,0,0.9991649389266968,1,,,,
D3_00144,G_01802,en,FP_promptbench,0,0.9990400671958923,1,,,,
D3_00145,G_01803,en,FP_promptbench,0,0.9991340041160583,1,,,,
D3_00146,G_01816,en,FP_promptbench,0,0.9992139339447021,1,,,,
D3_00147,G_01811,en,FP_promptbench,0,0.9991963505744934,1,,,,
D3_00148,G_01818,en,FP_promptbench,0,0.9990272521972656,1,,,,
D3_00149,G_01819,en,FP_promptbench,0,0.9992759823799133,1,,,,
D3_00150,G_01808,en,FP_promptbench,0,0.9988037347793579,1,,,,
D3_00151,G_01809,en,FP_promptbench,0,0.9992700219154358,1,,,,
D3_00152,G_01810,en,FP_promptbench,0,0.9991384744644165,1,,,,
D3_00153,G_01811,en,FP_promptbench,0,0.9992052912712097,1,,,,
D3_00154,G_01812,en,FP_promptbench,0,0.999248206615448,1,,,,
D3_00155,G_01819,en,FP_promptbench,0,0.9993267059326172,1,,,,
D3_00156,G_01814,en,FP_promptbench,0,0.9991706609725952,1,,,,
D3_00157,G_01815,en,FP_promptbench,0,0.9991586208343506,1,,,,
D3_00158,G_01816,en,FP_promptbench,0,0.99928218126297,1,,,,
D3_00159,G_01811,en,FP_promptbench,0,0.999187171459198,1,,,,
D3_00160,G_01818,en,FP_promptbench,0,0.9991605281829834,1,,,,
D3_00161,G_01819,en,FP_promptbench,0,0.9992978572845459,1,,,,
D3_00162,G_01816,en,FP_promptbench,0,0.9991459846496582,1,,,,
D3_00163,G_01821,en,FP_promptbench,0,0.9987671375274658,1,,,,
D3_00164,G_01822,en,FP_promptbench,0,0.9990424513816833,1,,,,
D3_00165,G_01823,en,FP_promptbench,0,0.9989981055259705,1,,,,
D3_00166,G_01824,en,FP_promptbench,0,0.9992620348930359,1,,,,
D3_00167,G_01825,en,FP_promptbench,0,0.999123752117157,1,,,,
D3_00168,G_01826,en,FP_promptbench,0,0.9990167617797852,1,,,,
D3_00169,G_01827,en,FP_promptbench,0,0.9991003274917603,1,,,,
D3_00170,G_01828,en,FP_promptbench,0,0.9987995624542236,1,,,,
D3_00171,G_01829,en,FP_promptbench,0,0.9991186261177063,1,,,,
D3_00172,G_01830,en,FP_promptbench,0,0.9992581009864807,1,,,,
D3_00173,G_01831,en,FP_promptbench,0,0.9988283514976501,1,,,,
D3_00174,G_01832,other,FP_promptbench,0,0.998745322227478,1,,,,
D3_00175,G_01833,other,FP_promptbench,0,0.9986883997917175,1,,,,
D3_00176,G_01842,other,FP_promptbench,0,0.9989387392997742,1,,,,
D3_00177,G_01835,other,FP_promptbench,0,0.9989721775054932,1,,,,
D3_00178,G_01842,other,FP_promptbench,0,0.998792290687561,1,,,,
D3_00179,G_01837,other,FP_promptbench,0,0.999037504196167,1,,,,
D3_00180,G_01838,other,FP_promptbench,0,0.9989897608757019,1,,,,
D3_00182,G_01839,other,FP_promptbench,0,0.9986704587936401,1,,,,
D3_00183,G_01838,other,FP_promptbench,0,0.9990105628967285,1,,,,
D3_00184,G_01841,other,FP_promptbench,0,0.9990053772926331,1,,,,
D3_00185,G_01842,other,FP_promptbench,0,0.9988901019096375,1,,,,
D3_00186,G_01843,other,FP_promptbench,0,0.998722493648529,1,,,,
D3_00187,G_01844,other,FP_promptbench,0,0.9989155530929565,1,,,,
D3_00188,G_01842,other,FP_promptbench,0,0.9988096952438354,1,,,,
D3_00189,G_01844,other,FP_promptbench,0,0.9988480806350708,1,,,,
D3_00190,G_01847,other,FP_promptbench,0,0.9984026551246643,1,,,,
D3_00191,G_01842,other,FP_promptbench,0,0.9989620447158813,1,,,,
D3_00192,G_01849,other,FP_promptbench,0,0.9989129304885864,1,,,,
D3_00193,G_01850,other,FP_promptbench,0,0.998601496219635,1,,,,
D3_00194,G_01851,other,FP_promptbench,0,0.9989319443702698,1,,,,
D3_00195,G_01833,other,FP_promptbench,0,0.9988812804222107,1,,,,
D3_00196,G_01853,other,FP_promptbench,0,0.9986398816108704,1,,,,
D3_00197,G_01854,other,FP_promptbench,0,0.999029278755188,1,,,,
D3_00199,G_01855,other,FP_promptbench,0,0.9990077614784241,1,,,,
D3_00200,G_01856,other,FP_promptbench,0,0.9986081719398499,1,,,,
D3_00201,G_01842,other,FP_promptbench,0,0.998957633972168,1,,,,
D3_00202,G_01858,other,FP_promptbench,0,0.999042809009552,1,,,,
D3_00203,G_01859,other,FP_promptbench,0,0.9981841444969177,1,,,,
D3_00204,G_01860,other,FP_promptbench,0,0.9989641904830933,1,,,,
D3_00205,G_01861,other,FP_promptbench,0,0.9986806511878967,1,,,,
D3_00206,G_01862,other,FP_promptbench,0,0.9988780617713928,1,,,,
D3_00207,G_01863,other,FP_promptbench,0,0.9988176226615906,1,,,,
D3_00208,G_01864,other,FP_promptbench,0,0.9989050626754761,1,,,,
D3_00209,G_01865,other,FP_promptbench,0,0.9984311461448669,1,,,,
D3_00210,G_01863,other,FP_promptbench,0,0.9986914992332458,1,,,,
D3_00211,G_01867,other,FP_promptbench,0,0.9987340569496155,1,,,,
D3_00212,G_01862,other,FP_promptbench,0,0.9988800883293152,1,,,,
D3_00213,G_01869,other,FP_promptbench,0,0.9989314675331116,1,,,,
D3_00214,G_01870,other,FP_promptbench,0,0.9990226030349731,1,,,,
D3_00215,G_01870,other,FP_promptbench,0,0.9989223480224609,1,,,,
D3_00216,G_01872,other,FP_promptbench,0,0.9984678626060486,1,,,,
D3_00217,G_01873,other,FP_promptbench,0,0.9989374279975891,1,,,,
D3_00218,G_01874,other,FP_promptbench,0,0.9989827275276184,1,,,,
D3_00219,G_01874,other,FP_promptbench,0,0.9990137815475464,1,,,,
D3_00220,G_01873,other,FP_promptbench,0,0.9990897178649902,1,,,,
D3_00221,G_01874,other,FP_promptbench,0,0.9988055229187012,1,,,,
D3_00222,G_01878,other,FP_promptbench,0,0.9991440773010254,1,,,,
D3_00223,G_01879,other,FP_promptbench,0,0.9991565942764282,1,,,,
D3_00224,G_01833,other,FP_promptbench,0,0.9985836744308472,1,,,,
D3_00225,G_01881,other,FP_promptbench,0,0.9986934065818787,1,,,,
D3_00226,G_01882,other,FP_promptbench,0,0.9989080429077148,1,,,,
D3_00227,G_01833,other,FP_promptbench,0,0.9990381002426147,1,,,,
D3_00228,G_01884,other,FP_promptbench,0,0.9987836480140686,1,,,,
D3_00229,G_01885,other,FP_promptbench,0,0.9984690546989441,1,,,,
D3_00230,G_01833,other,FP_promptbench,0,0.9988355040550232,1,,,,
D3_00231,G_01887,other,FP_promptbench,0,0.9986082911491394,1,,,,
D3_00232,G_01888,other,FP_promptbench,0,0.9988864064216614,1,,,,
D3_00233,G_01889,other,FP_promptbench,0,0.9987673759460449,1,,,,
D3_00234,G_01890,en,FP_promptbench,0,0.9987674951553345,1,,,,
D3_00235,G_01891,en,FP_promptbench,0,0.9983879327774048,1,,,,
D3_00236,G_01892,en,FP_promptbench,0,0.9988824725151062,1,,,,
D3_00237,G_01893,en,FP_promptbench,0,0.9988951086997986,1,,,,
D3_00238,G_03601,en,FP_promptbench,0,0.9989861845970154,1,,,,
D3_00239,G_01895,en,FP_promptbench,0,0.9985474944114685,1,,,,
D3_00240,G_01896,en,FP_promptbench,0,0.998956561088562,1,,,,
D3_00241,G_01897,en,FP_promptbench,0,0.999062716960907,1,,,,
D3_00242,G_01898,en,FP_promptbench,0,0.9986134767532349,1,,,,
D3_00243,G_01899,en,FP_promptbench,0,0.9991151690483093,1,,,,
D3_00244,G_01931,en,FP_promptbench,0,0.9986599683761597,1,,,,
D3_00245,G_01901,en,FP_promptbench,0,0.9989851117134094,1,,,,
D3_00246,G_01902,en,FP_promptbench,0,0.9989734888076782,1,,,,
D3_00247,G_01903,en,FP_promptbench,0,0.9988453388214111,1,,,,
D3_00248,G_04476,en,FP_promptbench,0,0.998727023601532,1,,,,
D3_00249,G_03603,en,FP_promptbench,0,0.9989439845085144,1,,,,
D3_00250,G_01906,en,FP_promptbench,0,0.9988916516304016,1,,,,
D3_00251,G_01907,en,FP_promptbench,0,0.9987810254096985,1,,,,
D3_00252,G_04475,en,FP_promptbench,0,0.9987958669662476,1,,,,
D3_00253,G_01909,en,FP_promptbench,0,0.9988229870796204,1,,,,
D3_00254,G_01910,en,FP_promptbench,0,0.9989789724349976,1,,,,
D3_00255,G_01911,en,FP_promptbench,0,0.998995840549469,1,,,,
D3_00256,G_01912,en,FP_promptbench,0,0.998950719833374,1,,,,
D3_00257,G_01913,en,FP_promptbench,0,0.9990824460983276,1,,,,
D3_00258,G_01914,en,FP_promptbench,0,0.9992184638977051,1,,,,
D3_00259,G_01915,en,FP_promptbench,0,0.9990812540054321,1,,,,
D3_00260,G_01890,en,FP_promptbench,0,0.9988996982574463,1,,,,
D3_00261,G_01892,en,FP_promptbench,0,0.9991251826286316,1,,,,
D3_00262,G_01891,en,FP_promptbench,0,0.9989171028137207,1,,,,
D3_00263,G_01931,en,FP_promptbench,0,0.9989873766899109,1,,,,
D3_00264,G_01902,en,FP_promptbench,0,0.9990894794464111,1,,,,
D3_00265,G_01901,en,FP_promptbench,0,0.9991714954376221,1,,,,
D3_00266,G_01922,en,FP_promptbench,0,0.99895179271698,1,,,,
D3_00267,G_01923,en,FP_promptbench,0,0.9989816546440125,1,,,,
D3_00268,G_01924,en,FP_promptbench,0,0.9992183446884155,1,,,,
D3_00269,G_01925,en,FP_promptbench,0,0.9989872574806213,1,,,,
D3_00270,G_01926,en,FP_promptbench,0,0.9992284774780273,1,,,,
D3_00271,G_01901,en,FP_promptbench,0,0.9992417097091675,1,,,,
D3_00272,G_01890,en,FP_promptbench,0,0.999113142490387,1,,,,
D3_00273,G_01929,en,FP_promptbench,0,0.9991021156311035,1,,,,
D3_00274,G_01891,en,FP_promptbench,0,0.9990370273590088,1,,,,
D3_00275,G_01931,en,FP_promptbench,0,0.9991106390953064,1,,,,
D3_00276,G_01902,en,FP_promptbench,0,0.9991826415061951,1,,,,
D3_00277,G_01901,en,FP_promptbench,0,0.9991959929466248,1,,,,
D3_00278,G_01890,en,FP_promptbench,0,0.9991175532341003,1,,,,
D3_00279,G_01935,en,FP_promptbench,0,0.9988725781440735,1,,,,
D3_00280,G_01891,en,FP_promptbench,0,0.9984850287437439,1,,,,
D3_00281,G_01937,en,FP_promptbench,0,0.9988628625869751,1,,,,
D3_00282,G_01938,en,FP_promptbench,0,0.9992085099220276,1,,,,
D3_00283,G_01939,en,FP_promptbench,0,0.9991921782493591,1,,,,
D3_00284,G_01940,en,FP_promptbench,0,0.9988382458686829,1,,,,
D3_00285,G_01941,en,FP_promptbench,0,0.9989389777183533,1,,,,
D3_00286,G_01942,en,FP_promptbench,0,0.9990680813789368,1,,,,
D3_00287,G_01943,en,FP_promptbench,0,0.9987370371818542,1,,,,
D3_00288,G_01944,en,FP_promptbench,0,0.9991291165351868,1,,,,
D3_00289,G_01945,en,FP_promptbench,0,0.9991711378097534,1,,,,
D3_00290,G_01946,other,FP_promptbench,0,0.9980556964874268,1,,,,
D3_00291,G_01947,other,FP_promptbench,0,0.9987055063247681,1,,,,
D3_00292,G_01948,other,FP_promptbench,0,0.9987286925315857,1,,,,
D3_00293,G_01949,other,FP_promptbench,0,0.9988428354263306,1,,,,
D3_00294,G_01950,other,FP_promptbench,0,0.9988536834716797,1,,,,
D3_00295,G_01951,other,FP_promptbench,0,0.998590886592865,1,,,,
D3_00296,G_01952,other,FP_promptbench,0,0.9989174604415894,1,,,,
D3_00297,G_01953,other,FP_promptbench,0,0.9988837838172913,1,,,,
D3_00298,G_01951,other,FP_promptbench,0,0.9984967708587646,1,,,,
D3_00299,G_01955,other,FP_promptbench,0,0.9984517097473145,1,,,,
D3_00300,G_01956,other,FP_promptbench,0,0.9987058639526367,1,,,,
D3_00301,G_01957,other,FP_promptbench,0,0.9965618252754211,1,,,,
D3_00302,G_01951,other,FP_promptbench,0,0.998482882976532,1,,,,
D3_00303,G_01959,other,FP_promptbench,0,0.9985966086387634,1,,,,
D3_00304,G_01960,other,FP_promptbench,0,0.9919471144676208,1,,,,
D3_00305,G_01961,other,FP_promptbench,0,0.998927652835846,1,,,,
D3_00306,G_01962,other,FP_promptbench,0,0.9965167045593262,1,,,,
D3_00307,G_01963,other,FP_promptbench,0,0.9985540509223938,1,,,,
D3_00308,G_01951,other,FP_promptbench,0,0.9975495934486389,1,,,,
D3_00309,G_01965,other,FP_promptbench,0,0.9988142251968384,1,,,,
D3_00310,G_01946,other,FP_promptbench,0,0.9986907839775085,1,,,,
D3_00311,G_01967,other,FP_promptbench,0,0.9987508058547974,1,,,,
D3_00312,G_01968,other,FP_promptbench,0,0.9988930821418762,1,,,,
D3_00313,G_01969,other,FP_promptbench,0,0.9989203214645386,1,,,,
D3_00314,G_01970,other,FP_promptbench,0,0.9990341663360596,1,,,,
D3_00315,G_01967,other,FP_promptbench,0,0.9986453652381897,1,,,,
D3_00316,G_01972,other,FP_promptbench,0,0.9985872507095337,1,,,,
D3_00317,G_01973,other,FP_promptbench,0,0.9986968636512756,1,,,,
D3_00318,G_01974,other,FP_promptbench,0,0.9989012479782104,1,,,,
D3_00319,G_01975,other,FP_promptbench,0,0.9978206157684326,1,,,,
D3_00320,G_01976,other,FP_promptbench,0,0.9987478256225586,1,,,,
D3_00322,G_01977,other,FP_promptbench,0,0.9988454580307007,1,,,,
D3_00323,G_01978,other,FP_promptbench,0,0.9988985061645508,1,,,,
D3_00324,G_01979,other,FP_promptbench,0,0.9984778761863708,1,,,,
D3_00325,G_01980,other,FP_promptbench,0,0.9989375472068787,1,,,,
D3_00326,G_01981,other,FP_promptbench,0,0.9988986253738403,1,,,,
D3_00327,G_01982,other,FP_promptbench,0,0.9984026551246643,1,,,,
D3_00328,G_01983,other,FP_promptbench,0,0.9988998174667358,1,,,,
D3_00329,G_01984,other,FP_promptbench,0,0.9986287355422974,1,,,,
D3_00330,G_01985,other,FP_promptbench,0,0.9974344372749329,1,,,,
D3_00331,G_01986,other,FP_promptbench,0,0.9976357221603394,1,,,,
D3_00332,G_01987,other,FP_promptbench,0,0.9978172779083252,1,,,,
D3_00333,G_01988,other,FP_promptbench,0,0.9987200498580933,1,,,,
D3_00334,G_01989,other,FP_promptbench,0,0.9983670115470886,1,,,,
D3_00335,G_01990,other,FP_promptbench,0,0.9987284541130066,1,,,,
D3_00336,G_01991,other,FP_promptbench,0,0.9981100559234619,1,,,,
D3_00337,G_01992,other,FP_promptbench,0,0.9980055689811707,1,,,,
D3_00338,G_01993,other,FP_promptbench,0,0.9988371729850769,1,,,,
D3_00339,G_01994,other,FP_promptbench,0,0.9887630343437195,1,,,,
D3_00340,G_01995,other,FP_promptbench,0,0.9987879395484924,1,,,,
D3_00341,G_01996,other,FP_promptbench,0,0.9990363121032715,1,,,,
D3_00342,G_01997,other,FP_promptbench,0,0.9980742931365967,1,,,,
D3_00343,G_01998,other,FP_promptbench,0,0.9985665678977966,1,,,,
D3_00344,G_01999,other,FP_promptbench,0,0.9989756345748901,1,,,,
D3_00345,G_02000,other,FP_promptbench,0,0.9982023239135742,1,,,,
D3_00346,G_02001,other,FP_promptbench,0,0.9987574815750122,1,,,,
D3_00347,G_02002,other,FP_promptbench,0,0.9956492781639099,1,,,,
D3_00348,G_02003,other,FP_promptbench,0,0.9983711838722229,1,,,,
D3_00349,G_02004,other,FP_promptbench,0,0.9990712404251099,1,,,,
D3_00350,G_02005,en,FP_promptbench,0,0.9989973902702332,1,,,,
D3_00351,G_02032,en,FP_promptbench,0,0.9990946054458618,1,,,,
D3_00352,G_02007,en,FP_promptbench,0,0.9989311099052429,1,,,,
D3_00353,G_02008,en,FP_promptbench,0,0.9990423321723938,1,,,,
D3_00354,G_02009,en,FP_promptbench,0,0.998941957950592,1,,,,
D3_00355,G_03634,en,FP_promptbench,0,0.9990947246551514,1,,,,
D3_00356,G_02011,en,FP_promptbench,0,0.9989526271820068,1,,,,
D3_00357,G_02012,en,FP_promptbench,0,0.9989355206489563,1,,,,
D3_00358,G_02013,en,FP_promptbench,0,0.9990338087081909,1,,,,
D3_00359,G_02014,en,FP_promptbench,0,0.9990161657333374,1,,,,
D3_00360,G_02015,en,FP_promptbench,0,0.9991579055786133,1,,,,
D3_00361,G_02016,en,FP_promptbench,0,0.9989410042762756,1,,,,
D3_00362,G_03116,en,FP_promptbench,0,0.9989516735076904,1,,,,
D3_00363,G_02018,en,FP_promptbench,0,0.9991256594657898,1,,,,
D3_00364,G_02019,en,FP_promptbench,0,0.9991173148155212,1,,,,
D3_00365,G_02020,en,FP_promptbench,0,0.9991750121116638,1,,,,
D3_00366,G_02021,en,FP_promptbench,0,0.9990923404693604,1,,,,
D3_00367,G_04084,en,FP_promptbench,0,0.9991440773010254,1,,,,
D3_00368,G_02023,en,FP_promptbench,0,0.999133288860321,1,,,,
D3_00369,G_03639,en,FP_promptbench,0,0.9991229176521301,1,,,,
D3_00370,G_02025,en,FP_promptbench,0,0.9990419745445251,1,,,,
D3_00371,G_02026,en,FP_promptbench,0,0.9991983771324158,1,,,,
D3_00372,G_02027,en,FP_promptbench,0,0.9992110729217529,1,,,,
D3_00373,G_02028,en,FP_promptbench,0,0.9991686344146729,1,,,,
D3_00374,G_02029,en,FP_promptbench,0,0.999180018901825,1,,,,
D3_00375,G_02030,en,FP_promptbench,0,0.9990338087081909,1,,,,
D3_00376,G_02005,en,FP_promptbench,0,0.9989940524101257,1,,,,
D3_00377,G_02032,en,FP_promptbench,0,0.9991322159767151,1,,,,
D3_00378,G_02007,en,FP_promptbench,0,0.9989904761314392,1,,,,
D3_00379,G_02015,en,FP_promptbench,0,0.9991946816444397,1,,,,
D3_00380,G_02016,en,FP_promptbench,0,0.9990967512130737,1,,,,
D3_00381,G_03116,en,FP_promptbench,0,0.9991164803504944,1,,,,
D3_00382,G_02005,en,FP_promptbench,0,0.9992152452468872,1,,,,
D3_00383,G_02032,en,FP_promptbench,0,0.9991461038589478,1,,,,
D3_00384,G_02039,en,FP_promptbench,0,0.9993317723274231,1,,,,
D3_00385,G_02040,en,FP_promptbench,0,0.9992672801017761,1,,,,
D3_00387,G_02041,en,FP_promptbench,0,0.9992502331733704,1,,,,
D3_00388,G_02005,en,FP_promptbench,0,0.9991351962089539,1,,,,
D3_00389,G_02043,en,FP_promptbench,0,0.9991483688354492,1,,,,
D3_00390,G_02007,en,FP_promptbench,0,0.9991645812988281,1,,,,
D3_00391,G_02015,en,FP_promptbench,0,0.999229907989502,1,,,,
D3_00392,G_02016,en,FP_promptbench,0,0.9991877675056458,1,,,,
D3_00393,G_03116,en,FP_promptbench,0,0.9991705417633057,1,,,,
D3_00394,G_02048,en,FP_promptbench,0,0.9991662502288818,1,,,,
D3_00395,G_02049,en,FP_promptbench,0,0.9991982579231262,1,,,,
D3_00397,G_02050,en,FP_promptbench,0,0.9992833733558655,1,,,,
D3_00398,G_02051,en,FP_promptbench,0,0.999242901802063,1,,,,
D3_00399,G_03116,en,FP_promptbench,0,0.9991366267204285,1,,,,
D3_00400,G_02053,en,FP_promptbench,0,0.9992161989212036,1,,,,
D3_00401,G_02054,en,FP_promptbench,0,0.9991223216056824,1,,,,
D3_00402,G_02055,en,FP_promptbench,0,0.9991666078567505,1,,,,
D3_00403,G_02056,en,FP_promptbench,0,0.9992291927337646,1,,,,
D3_00404,G_02057,en,FP_promptbench,0,0.9990836381912231,1,,,,
D3_00405,G_02058,en,FP_promptbench,0,0.9991084933280945,1,,,,
D3_00406,G_02059,other,FP_promptbench,0,0.9991282820701599,1,,,,
D3_00407,G_02060,other,FP_promptbench,0,0.999038577079773,1,,,,
D3_00408,G_02061,other,FP_promptbench,0,0.9990105628967285,1,,,,
D3_00409,G_02062,other,FP_promptbench,0,0.9991187453269958,1,,,,
D3_00410,G_02063,other,FP_promptbench,0,0.9990397095680237,1,,,,
D3_00411,G_02064,other,FP_promptbench,0,0.9991148114204407,1,,,,
D3_00412,G_02065,other,FP_promptbench,0,0.9992014765739441,1,,,,
D3_00413,G_02066,other,FP_promptbench,0,0.9990460276603699,1,,,,
D3_00414,G_02067,other,FP_promptbench,0,0.9990079998970032,1,,,,
D3_00415,G_02068,other,FP_promptbench,0,0.9991532564163208,1,,,,
D3_00416,G_02069,other,FP_promptbench,0,0.999089241027832,1,,,,
D3_00417,G_02070,other,FP_promptbench,0,0.999134361743927,1,,,,
D3_00418,G_02071,other,FP_promptbench,0,0.999121367931366,1,,,,
D3_00419,G_02072,other,FP_promptbench,0,0.9991218447685242,1,,,,
D3_00420,G_02073,other,FP_promptbench,0,0.9989432692527771,1,,,,
D3_00421,G_02074,other,FP_promptbench,0,0.9991269707679749,1,,,,
D3_00422,G_02075,other,FP_promptbench,0,0.9990033507347107,1,,,,
D3_00423,G_02076,other,FP_promptbench,0,0.9990633130073547,1,,,,
D3_00424,G_02077,other,FP_promptbench,0,0.9991812109947205,1,,,,
D3_00425,G_02072,other,FP_promptbench,0,0.9991227984428406,1,,,,
D3_00426,G_02079,other,FP_promptbench,0,0.9990572333335876,1,,,,
D3_00427,G_02080,other,FP_promptbench,0,0.9988203644752502,1,,,,
D3_00428,G_02081,other,FP_promptbench,0,0.9992102384567261,1,,,,
D3_00429,G_02082,other,FP_promptbench,0,0.999004065990448,1,,,,
D3_00430,G_02083,other,FP_promptbench,0,0.9990940093994141,1,,,,
D3_00431,G_02084,other,FP_promptbench,0,0.999126136302948,1,,,,
D3_00432,G_02085,other,FP_promptbench,0,0.9989823698997498,1,,,,
D3_00433,G_02086,other,FP_promptbench,0,0.9989749193191528,1,,,,
D3_00434,G_02087,other,FP_promptbench,0,0.999170184135437,1,,,,
D3_00435,G_02088,other,FP_promptbench,0,0.9990087151527405,1,,,,
D3_00436,G_02089,other,FP_promptbench,0,0.9991616010665894,1,,,,
D3_00437,G_02090,other,FP_promptbench,0,0.9991310238838196,1,,,,
D3_00438,G_02091,other,FP_promptbench,0,0.9990411400794983,1,,,,
D3_00439,G_02092,other,FP_promptbench,0,0.9991331696510315,1,,,,
D3_00440,G_02093,other,FP_promptbench,0,0.9988656044006348,1,,,,
D3_00441,G_02094,other,FP_promptbench,0,0.9991092085838318,1,,,,
D3_00442,G_02095,other,FP_promptbench,0,0.999091625213623,1,,,,
D3_00443,G_02096,other,FP_promptbench,0,0.9990342855453491,1,,,,
D3_00444,G_02097,other,FP_promptbench,0,0.9991751313209534,1,,,,
D3_00445,G_02098,other,FP_promptbench,0,0.9991496801376343,1,,,,
D3_00446,G_02099,other,FP_promptbench,0,0.9991497993469238,1,,,,
D3_00447,G_02100,other,FP_promptbench,0,0.9990546107292175,1,,,,
D3_00448,G_02099,other,FP_promptbench,0,0.9990633130073547,1,,,,
D3_00449,G_02102,other,FP_promptbench,0,0.9990906715393066,1,,,,
D3_00450,G_02103,other,FP_promptbench,0,0.9991162419319153,1,,,,
D3_00451,G_02104,other,FP_promptbench,0,0.9991586208343506,1,,,,
D3_00452,G_02105,other,FP_promptbench,0,0.9989368319511414,1,,,,
D3_00453,G_02105,other,FP_promptbench,0,0.9988828301429749,1,,,,
D3_00454,G_02103,other,FP_promptbench,0,0.9990917444229126,1,,,,
D3_00455,G_02108,other,FP_promptbench,0,0.9990237951278687,1,,,,
D3_00456,G_02109,other,FP_promptbench,0,0.9990605711936951,1,,,,
D3_00457,G_02110,other,FP_promptbench,0,0.999036431312561,1,,,,
D3_00458,G_02111,other,FP_promptbench,0,0.9991949200630188,1,,,,
D3_00459,G_02112,other,FP_promptbench,0,0.9991818070411682,1,,,,
D3_00460,G_02113,other,FP_promptbench,0,0.9989342093467712,1,,,,
D3_00461,G_02114,other,FP_promptbench,0,0.9991191029548645,1,,,,
D3_00462,G_02115,other,FP_promptbench,0,0.9991453886032104,1,,,,
D3_00463,G_02116,other,FP_promptbench,0,0.9991068243980408,1,,,,
D3_00464,G_02117,other,FP_promptbench,0,0.9991312623023987,1,,,,
D3_00465,G_02118,other,FP_promptbench,0,0.9991959929466248,1,,,,
D3_00466,G_02119,en,FP_promptbench,0,0.9988077878952026,1,,,,
D3_00467,G_02120,en,FP_promptbench,0,0.9990426898002625,1,,,,
D3_00468,G_02154,en,FP_promptbench,0,0.9989012479782104,1,,,,
D3_00469,G_04962,en,FP_promptbench,0,0.9989503026008606,1,,,,
D3_00470,G_02123,en,FP_promptbench,0,0.9988190531730652,1,,,,
D3_00471,G_03150,en,FP_promptbench,0,0.9988287091255188,1,,,,
D3_00472,G_02125,en,FP_promptbench,0,0.9989331364631653,1,,,,
D3_00473,G_02126,en,FP_promptbench,0,0.9990304708480835,1,,,,
D3_00474,G_02127,en,FP_promptbench,0,0.9988148212432861,1,,,,
D3_00475,G_02128,en,FP_promptbench,0,0.9989834427833557,1,,,,
D3_00476,G_02129,en,FP_promptbench,0,0.9988850951194763,1,,,,
D3_00477,G_02130,en,FP_promptbench,0,0.9990754127502441,1,,,,
D3_00478,G_02150,en,FP_promptbench,0,0.9991587400436401,1,,,,
D3_00479,G_04106,en,FP_promptbench,0,0.9990414977073669,1,,,,
D3_00480,G_02133,en,FP_promptbench,0,0.999057948589325,1,,,,
D3_00481,G_03168,en,FP_promptbench,0,0.999042809009552,1,,,,
D3_00482,G_02135,en,FP_promptbench,0,0.9988563060760498,1,,,,
D3_00483,G_02136,en,FP_promptbench,0,0.9990273714065552,1,,,,
D3_00484,G_02137,en,FP_promptbench,0,0.9988732933998108,1,,,,
D3_00485,G_04542,en,FP_promptbench,0,0.9987427592277527,1,,,,
D3_00486,G_03685,en,FP_promptbench,0,0.998954176902771,1,,,,
D3_00487,G_02140,en,FP_promptbench,0,0.9987665414810181,1,,,,
D3_00488,G_02141,en,FP_promptbench,0,0.9991795420646667,1,,,,
D3_00489,G_02142,en,FP_promptbench,0,0.9987789988517761,1,,,,
D3_00490,G_02143,en,FP_promptbench,0,0.9990522265434265,1,,,,
D3_00491,G_04106,en,FP_promptbench,0,0.9990830421447754,1,,,,
D3_00492,G_02145,en,FP_promptbench,0,0.9991618394851685,1,,,,
D3_00493,G_02119,en,FP_promptbench,0,0.9990088939666748,1,,,,
D3_00494,G_02120,en,FP_promptbench,0,0.9992560744285583,1,,,,
D3_00495,G_02154,en,FP_promptbench,0,0.9991187453269958,1,,,,
D3_00496,G_04106,en,FP_promptbench,0,0.9991575479507446,1,,,,
D3_00497,G_02150,en,FP_promptbench,0,0.9991834759712219,1,,,,
D3_00498,G_02130,en,FP_promptbench,0,0.999114453792572,1,,,,
D3_00499,G_02152,en,FP_promptbench,0,0.9990463852882385,1,,,,
D3_00500,G_02153,en,FP_promptbench,0,0.9991481304168701,1,,,,
D3_00501,G_02154,en,FP_promptbench,0,0.999024510383606,1,,,,
D3_00502,G_04106,en,FP_promptbench,0,0.9991770386695862,1,,,,
D3_00504,G_02150,en,FP_promptbench,0,0.9992606043815613,1,,,,
D3_00505,G_02120,en,FP_promptbench,0,0.9992179870605469,1,,,,
D3_00506,G_02119,en,FP_promptbench,0,0.9991102814674377,1,,,,
D3_00507,G_02159,en,FP_promptbench,0,0.9991360306739807,1,,,,
D3_00508,G_04106,en,FP_promptbench,0,0.9991662502288818,1,,,,
D3_00509,G_02150,en,FP_promptbench,0,0.9992270469665527,1,,,,
D3_00510,G_02162,en,FP_promptbench,0,0.9992097616195679,1,,,,
D3_00511,G_02163,en,FP_promptbench,0,0.9990129470825195,1,,,,
D3_00512,G_02164,en,FP_promptbench,0,0.99904865026474,1,,,,
D3_00513,G_02154,en,FP_promptbench,0,0.9991258978843689,1,,,,
D3_00514,G_02166,en,FP_promptbench,0,0.999257504940033,1,,,,
D3_00515,G_02150,en,FP_promptbench,0,0.9991519451141357,1,,,,
D3_00516,G_04106,en,FP_promptbench,0,0.999116837978363,1,,,,
D3_00517,G_02169,en,FP_promptbench,0,0.9990004897117615,1,,,,
D3_00518,G_02170,en,FP_promptbench,0,0.9989688396453857,1,,,,
D3_00519,G_02171,en,FP_promptbench,0,0.9988634586334229,1,,,,
D3_00520,G_02172,en,FP_promptbench,0,0.9990863800048828,1,,,,
D3_00521,G_02173,en,FP_promptbench,0,0.9991768002510071,1,,,,
D3_00522,G_02174,en,FP_promptbench,0,0.9990754127502441,1,,,,
D3_00523,G_02175,other,FP_promptbench,0,0.9971016049385071,1,,,,
D3_00524,G_02176,other,FP_promptbench,0,0.9990655779838562,1,,,,
D3_00525,G_02177,other,FP_promptbench,0,0.9972007274627686,1,,,,
D3_00526,G_02178,other,FP_promptbench,0,0.9979698061943054,1,,,,
D3_00527,G_02179,other,FP_promptbench,0,0.9975548386573792,1,,,,
D3_00528,G_02180,other,FP_promptbench,0,0.9984890222549438,1,,,,
D3_00529,G_02181,other,FP_promptbench,0,0.998175859451294,1,,,,
D3_00530,G_02182,other,FP_promptbench,0,0.9968929290771484,1,,,,
D3_00531,G_02183,other,FP_promptbench,0,0.9941375255584717,1,,,,
D3_00532,G_02184,other,FP_promptbench,0,0.9979986548423767,1,,,,
D3_00533,G_02185,other,FP_promptbench,0,0.998842179775238,1,,,,
D3_00534,G_02186,other,FP_promptbench,0,0.9989895224571228,1,,,,
D3_00535,G_02187,other,FP_promptbench,0,0.9988627433776855,1,,,,
D3_00536,G_02188,other,FP_promptbench,0,0.9983248114585876,1,,,,
D3_00537,G_02189,other,FP_promptbench,0,0.9984723925590515,1,,,,
D3_00538,G_02190,other,FP_promptbench,0,0.9986255168914795,1,,,,
D3_00539,G_02191,other,FP_promptbench,0,0.9989532232284546,1,,,,
D3_00540,G_02192,other,FP_promptbench,0,0.9977924823760986,1,,,,
D3_00541,G_02193,other,FP_promptbench,0,0.9933652281761169,1,,,,
D3_00542,G_02194,other,FP_promptbench,0,0.9984160661697388,1,,,,
D3_00543,G_02195,other,FP_promptbench,0,0.9989758729934692,1,,,,
D3_00544,G_02196,other,FP_promptbench,0,0.9988480806350708,1,,,,
D3_00545,G_02197,other,FP_promptbench,0,0.998935878276825,1,,,,
D3_00546,G_02198,other,FP_promptbench,0,0.9984569549560547,1,,,,
D3_00547,G_02199,other,FP_promptbench,0,0.9973255395889282,1,,,,
D3_00548,G_02200,other,FP_promptbench,0,0.9990057349205017,1,,,,
D3_00549,G_02201,other,FP_promptbench,0,0.9937871694564819,1,,,,
D3_00550,G_02202,other,FP_promptbench,0,0.998559296131134,1,,,,
D3_00551,G_02203,other,FP_promptbench,0,0.9988631010055542,1,,,,
D3_00552,G_02204,other,FP_promptbench,0,0.9984655380249023,1,,,,
D3_00553,G_02205,other,FP_promptbench,0,0.9986574649810791,1,,,,
D3_00554,G_02206,other,FP_promptbench,0,0.9986975193023682,1,,,,
D3_00555,G_02207,other,FP_promptbench,0,0.9966968297958374,1,,,,
D3_00556,G_02208,other,FP_promptbench,0,0.9986782670021057,1,,,,
D3_00557,G_02209,other,FP_promptbench,0,0.9975787997245789,1,,,,
D3_00558,G_02210,other,FP_promptbench,0,0.9987572431564331,1,,,,
D3_00559,G_02206,other,FP_promptbench,0,0.9985883831977844,1,,,,
D3_00560,G_02212,other,FP_promptbench,0,0.9984391331672668,1,,,,
D3_00561,G_02213,other,FP_promptbench,0,0.9987912774085999,1,,,,
D3_00562,G_02214,other,FP_promptbench,0,0.998581051826477,1,,,,
D3_00563,G_02215,other,FP_promptbench,0,0.9988086223602295,1,,,,
D3_00564,G_02216,other,FP_promptbench,0,0.9980827569961548,1,,,,
D3_00565,G_02217,other,FP_promptbench,0,0.9985663294792175,1,,,,
D3_00566,G_02218,other,FP_promptbench,0,0.9986513257026672,1,,,,
D3_00567,G_02219,other,FP_promptbench,0,0.998525083065033,1,,,,
D3_00568,G_02217,other,FP_promptbench,0,0.9980035424232483,1,,,,
D3_00569,G_02221,other,FP_promptbench,0,0.999017596244812,1,,,,
D3_00570,G_02222,other,FP_promptbench,0,0.9969732761383057,1,,,,
D3_00571,G_02223,other,FP_promptbench,0,0.9989718198776245,1,,,,
D3_00572,G_02224,other,FP_promptbench,0,0.998954176902771,1,,,,
D3_00573,G_02225,other,FP_promptbench,0,0.9986143112182617,1,,,,
D3_00574,G_02226,other,FP_promptbench,0,0.9982938170433044,1,,,,
D3_00575,G_02227,other,FP_promptbench,0,0.9982910752296448,1,,,,
D3_00576,G_02228,other,FP_promptbench,0,0.9985907673835754,1,,,,
D3_00577,G_02229,other,FP_promptbench,0,0.9986901879310608,1,,,,
D3_00578,G_02230,other,FP_promptbench,0,0.9978418350219727,1,,,,
D3_00579,G_02231,other,FP_promptbench,0,0.9986525177955627,1,,,,
D3_00580,G_02229,other,FP_promptbench,0,0.9987854361534119,1,,,,
D3_00581,G_02233,other,FP_promptbench,0,0.9990249872207642,1,,,,
D3_00582,G_02234,other,FP_promptbench,0,0.9987784028053284,1,,,,
D3_00583,G_02235,en,FP_promptbench,0,0.9991357922554016,1,,,,
D3_00584,G_02264,en,FP_promptbench,0,0.9989198446273804,1,,,,
D3_00585,G_04639,en,FP_promptbench,0,0.9989719390869141,1,,,,
D3_00586,G_02238,en,FP_promptbench,0,0.9991992115974426,1,,,,
D3_00587,G_02239,en,FP_promptbench,0,0.9991045594215393,1,,,,
D3_00588,G_04635,en,FP_promptbench,0,0.9988355040550232,1,,,,
D3_00589,G_02241,en,FP_promptbench,0,0.998705267906189,1,,,,
D3_00590,G_02242,en,FP_promptbench,0,0.9987562894821167,1,,,,
D3_00591,G_02243,en,FP_promptbench,0,0.9991194605827332,1,,,,
D3_00592,G_02244,en,FP_promptbench,0,0.9987499713897705,1,,,,
D3_00593,G_02245,en,FP_promptbench,0,0.9991326928138733,1,,,,
D3_00594,G_02468,en,FP_promptbench,0,0.9989678859710693,1,,,,
D3_00595,G_02278,en,FP_promptbench,0,0.9989110231399536,1,,,,
D3_00596,G_02277,en,FP_promptbench,0,0.9990054965019226,1,,,,
D3_00597,G_02249,en,FP_promptbench,0,0.9989132881164551,1,,,,
D3_00598,G_03717,en,FP_promptbench,0,0.9988982677459717,1,,,,
D3_00599,G_03281,en,FP_promptbench,0,0.9992243051528931,1,,,,
D3_00600,G_02252,en,FP_promptbench,0,0.9991517066955566,1,,,,
D3_00601,G_03178,en,FP_promptbench,0,0.9990591406822205,1,,,,
D3_00602,G_03183,en,FP_promptbench,0,0.9989381432533264,1,,,,
D3_00603,G_04642,en,FP_promptbench,0,0.9992203712463379,1,,,,
D3_00604,G_02256,en,FP_promptbench,0,0.9990056157112122,1,,,,
D3_00605,G_02257,en,FP_promptbench,0,0.9991713762283325,1,,,,
D3_00606,G_02258,en,FP_promptbench,0,0.9991771578788757,1,,,,
D3_00607,G_02259,en,FP_promptbench,0,0.998985230922699,1,,,,
D3_00608,G_02260,en,FP_promptbench,0,0.9990172386169434,1,,,,
D3_00609,G_02261,en,FP_promptbench,0,0.9990260601043701,1,,,,
D3_00610,G_02262,en,FP_promptbench,0,0.9991722106933594,1,,,,
D3_00611,G_04639,en,FP_promptbench,0,0.9991536140441895,1,,,,
D3_00612,G_02264,en,FP_promptbench,0,0.9990643858909607,1,,,,
D3_00613,G_02468,en,FP_promptbench,0,0.9991481304168701,1,,,,
D3_00614,G_02277,en,FP_promptbench,0,0.9991003274917603,1,,,,
D3_00615,G_02278,en,FP_promptbench,0,0.9991207718849182,1,,,,
D3_00616,G_02235,en,FP_promptbench,0,0.9992713332176208,1,,,,
D3_00617,G_02269,en,FP_promptbench,0,0.9992861151695251,1,,,,
D3_00618,G_04639,en,FP_promptbench,0,0.9991152882575989,1,,,,
D3_00619,G_02271,en,FP_promptbench,0,0.9992139339447021,1,,,,
D3_00621,G_02272,en,FP_promptbench,0,0.9992089867591858,1,,,,
D3_00622,G_02273,en,FP_promptbench,0,0.9992497563362122,1,,,,
D3_00623,G_02274,en,FP_promptbench,0,0.9991579055786133,1,,,,
D3_00624,G_02275,en,FP_promptbench,0,0.9992055296897888,1,,,,
D3_00625,G_02276,en,FP_promptbench,0,0.999139666557312,1,,,,
D3_00626,G_02277,en,FP_promptbench,0,0.9991859793663025,1,,,,
D3_00627,G_02278,en,FP_promptbench,0,0.999202311038971,1,,,,
D3_00628,G_02279,en,FP_promptbench,0,0.9992786049842834,1,,,,
D3_00629,G_02280,en,FP_promptbench,0,0.9991357922554016,1,,,,
D3_00630,G_02281,en,FP_promptbench,0,0.9988571405410767,1,,,,
D3_00631,G_02468,en,FP_promptbench,0,0.9990144968032837,1,,,,
D3_00632,G_02283,en,FP_promptbench,0,0.9992061257362366,1,,,,
D3_00633,G_02277,en,FP_promptbench,0,0.9991555213928223,1,,,,
D3_00634,G_02285,en,FP_promptbench,0,0.9992642998695374,1,,,,
D3_00635,G_02286,en,FP_promptbench,0,0.9989244341850281,1,,,,
D3_00636,G_02287,en,FP_promptbench,0,0.9989897608757019,1,,,,
D3_00637,G_02288,en,FP_promptbench,0,0.9990708827972412,1,,,,
D3_00638,G_02289,en,FP_promptbench,0,0.9989526271820068,1,,,,
D3_00639,G_02290,en,FP_promptbench,0,0.9989694356918335,1,,,,
D3_00640,G_02291,other,FP_promptbench,0,0.9990691542625427,1,,,,
D3_00641,G_02292,other,FP_promptbench,0,0.9990020394325256,1,,,,
D3_00642,G_02293,other,FP_promptbench,0,0.9989448189735413,1,,,,
D3_00643,G_02294,other,FP_promptbench,0,0.9991461038589478,1,,,,
D3_00644,G_02295,other,FP_promptbench,0,0.9989257454872131,1,,,,
D3_00645,G_02296,other,FP_promptbench,0,0.9990092515945435,1,,,,
D3_00646,G_02297,other,FP_promptbench,0,0.998963475227356,1,,,,
D3_00647,G_02298,other,FP_promptbench,0,0.9988623857498169,1,,,,
D3_00648,G_02299,other,FP_promptbench,0,0.9991798996925354,1,,,,
D3_00649,G_02300,other,FP_promptbench,0,0.9990559220314026,1,,,,
D3_00650,G_02301,other,FP_promptbench,0,0.998989999294281,1,,,,
D3_00651,G_02302,other,FP_promptbench,0,0.9991425275802612,1,,,,
D3_00652,G_02303,other,FP_promptbench,0,0.9990841150283813,1,,,,
D3_00653,G_02304,other,FP_promptbench,0,0.9990254640579224,1,,,,
D3_00654,G_02305,other,FP_promptbench,0,0.9991175532341003,1,,,,
D3_00655,G_02306,other,FP_promptbench,0,0.9989118576049805,1,,,,
D3_00656,G_02307,other,FP_promptbench,0,0.9989926218986511,1,,,,
D3_00657,G_02308,other,FP_promptbench,0,0.9990683197975159,1,,,,
D3_00658,G_02309,other,FP_promptbench,0,0.9989578723907471,1,,,,
D3_00659,G_02310,other,FP_promptbench,0,0.998855710029602,1,,,,
D3_00660,G_02311,other,FP_promptbench,0,0.9990299940109253,1,,,,
D3_00661,G_02312,other,FP_promptbench,0,0.9989675283432007,1,,,,
D3_00662,G_02313,other,FP_promptbench,0,0.998943030834198,1,,,,
D3_00663,G_02314,other,FP_promptbench,0,0.9990804195404053,1,,,,
D3_00664,G_02315,other,FP_promptbench,0,0.9989781379699707,1,,,,
D3_00665,G_02316,other,FP_promptbench,0,0.9990224838256836,1,,,,
D3_00666,G_02317,other,FP_promptbench,0,0.9991518259048462,1,,,,
D3_00667,G_02318,other,FP_promptbench,0,0.9990912675857544,1,,,,
D3_00668,G_02319,other,FP_promptbench,0,0.9990770816802979,1,,,,
D3_00669,G_02320,other,FP_promptbench,0,0.9990267753601074,1,,,,
D3_00670,G_02321,other,FP_promptbench,0,0.9990411400794983,1,,,,
D3_00671,G_02322,other,FP_promptbench,0,0.9990947246551514,1,,,,
D3_00672,G_02323,other,FP_promptbench,0,0.9988498687744141,1,,,,
D3_00673,G_02324,other,FP_promptbench,0,0.9991855025291443,1,,,,
D3_00674,G_02325,other,FP_promptbench,0,0.9991607666015625,1,,,,
D3_00675,G_02326,other,FP_promptbench,0,0.9989204406738281,1,,,,
D3_00676,G_02327,other,FP_promptbench,0,0.9991117119789124,1,,,,
D3_00677,G_02328,other,FP_promptbench,0,0.9991733431816101,1,,,,
D3_00678,G_02329,other,FP_promptbench,0,0.9989074468612671,1,,,,
D3_00679,G_02330,other,FP_promptbench,0,0.9990593791007996,1,,,,
D3_00680,G_02331,other,FP_promptbench,0,0.9988449811935425,1,,,,
D3_00681,G_02332,other,FP_promptbench,0,0.998775064945221,1,,,,
D3_00682,G_02333,other,FP_promptbench,0,0.9990034699440002,1,,,,
D3_00683,G_02334,other,FP_promptbench,0,0.9989534616470337,1,,,,
D3_00684,G_02335,other,FP_promptbench,0,0.9989435076713562,1,,,,
D3_00685,G_02336,other,FP_promptbench,0,0.9989497065544128,1,,,,
D3_00686,G_02337,other,FP_promptbench,0,0.9988357424736023,1,,,,
D3_00687,G_02338,other,FP_promptbench,0,0.9988853335380554,1,,,,
D3_00689,G_02339,other,FP_promptbench,0,0.9988369345664978,1,,,,
D3_00690,G_02340,other,FP_promptbench,0,0.9991230368614197,1,,,,
D3_00691,G_02341,other,FP_promptbench,0,0.9987843632698059,1,,,,
D3_00692,G_02342,other,FP_promptbench,0,0.9989545345306396,1,,,,
D3_00693,G_02343,other,FP_promptbench,0,0.9990386962890625,1,,,,
D3_00694,G_02344,other,FP_promptbench,0,0.9990662932395935,1,,,,
D3_00695,G_02345,other,FP_promptbench,0,0.9990695118904114,1,,,,
D3_00696,G_02346,other,FP_promptbench,0,0.9990330934524536,1,,,,
D3_00697,G_02347,other,FP_promptbench,0,0.9988670349121094,1,,,,
D3_00698,G_02348,other,FP_promptbench,0,0.9989219903945923,1,,,,
D3_00699,G_02349,other,FP_promptbench,0,0.9988910555839539,1,,,,
D3_00700,G_04180,en,FP_promptbench,0,0.9979524612426758,1,,,,
D3_00701,G_02372,en,FP_promptbench,0,0.9988805651664734,1,,,,
D3_00702,G_03219,en,FP_promptbench,0,0.9984350800514221,1,,,,
D3_00703,G_02353,en,FP_promptbench,0,0.9985774755477905,1,,,,
D3_00704,G_02354,en,FP_promptbench,0,0.9937286376953125,1,,,,
D3_00705,G_02355,en,FP_promptbench,0,0.9982509016990662,1,,,,
D3_00706,G_02356,en,FP_promptbench,0,0.8714001178741455,1,,,,
D3_00707,G_02357,en,FP_promptbench,0,0.9983004927635193,1,,,,
D3_00708,G_02358,en,FP_promptbench,0,0.9974626302719116,1,,,,
D3_00709,G_02359,en,FP_promptbench,0,0.32436493039131165,1,,,,
D3_00710,G_02360,en,FP_promptbench,0,0.998457670211792,1,,,,
D3_00711,G_02390,en,FP_promptbench,0,0.9988834261894226,1,,,,
D3_00712,G_03230,en,FP_promptbench,0,0.9983510971069336,1,,,,
D3_00713,G_02363,en,FP_promptbench,0,0.9989191293716431,1,,,,
D3_00714,G_02364,en,FP_promptbench,0,0.9977567791938782,1,,,,
D3_00715,G_03228,en,FP_promptbench,0,0.9972021579742432,1,,,,
D3_00716,G_02366,en,FP_promptbench,0,0.9969135522842407,1,,,,
D3_00717,G_02367,en,FP_promptbench,0,0.9952470660209656,1,,,,
D3_00718,G_02368,en,FP_promptbench,0,0.9986481070518494,1,,,,
D3_00719,G_02369,en,FP_promptbench,0,0.995881199836731,1,,,,
D3_00720,G_02370,en,FP_promptbench,0,0.9988651275634766,1,,,,
D3_00721,G_02371,en,FP_promptbench,0,0.998755931854248,1,,,,
D3_00722,G_02372,en,FP_promptbench,0,0.9990410208702087,1,,,,
D3_00723,G_02360,en,FP_promptbench,0,0.9988164901733398,1,,,,
D3_00724,G_02390,en,FP_promptbench,0,0.9991286396980286,1,,,,
D3_00725,G_03230,en,FP_promptbench,0,0.9989343285560608,1,,,,
D3_00726,G_02376,en,FP_promptbench,0,0.9990554451942444,1,,,,
D3_00727,G_02377,en,FP_promptbench,0,0.9988971948623657,1,,,,
D3_00728,G_02378,en,FP_promptbench,0,0.998802661895752,1,,,,
D3_00729,G_02379,en,FP_promptbench,0,0.9989209175109863,1,,,,
D3_00730,G_02380,en,FP_promptbench,0,0.9990721940994263,1,,,,
D3_00731,G_02381,en,FP_promptbench,0,0.9990837574005127,1,,,,
D3_00732,G_02382,en,FP_promptbench,0,0.9988859295845032,1,,,,
D3_00735,G_02383,en,FP_promptbench,0,0.9988262057304382,1,,,,
D3_00736,G_02390,en,FP_promptbench,0,0.9991106390953064,1,,,,
D3_00737,G_02385,en,FP_promptbench,0,0.9992339611053467,1,,,,
D3_00738,G_04180,en,FP_promptbench,0,0.9991084933280945,1,,,,
D3_00739,G_03219,en,FP_promptbench,0,0.9992327690124512,1,,,,
D3_00740,G_02372,en,FP_promptbench,0,0.9991963505744934,1,,,,
D3_00741,G_02389,en,FP_promptbench,0,0.9989755153656006,1,,,,
D3_00742,G_02390,en,FP_promptbench,0,0.9991517066955566,1,,,,
D3_00743,G_02391,en,FP_promptbench,0,0.9990039467811584,1,,,,
D3_00744,G_02392,en,FP_promptbench,0,0.9990789890289307,1,,,,
D3_00745,G_02393,en,FP_promptbench,0,0.998343825340271,1,,,,
D3_00746,G_02394,en,FP_promptbench,0,0.9988800883293152,1,,,,
D3_00747,G_02395,en,FP_promptbench,0,0.99903404712677,1,,,,
D3_00748,G_02396,en,FP_promptbench,0,0.9990330934524536,1,,,,
D3_00749,G_02397,en,FP_promptbench,0,0.9989504814147949,1,,,,
D3_00750,G_02398,en,FP_promptbench,0,0.9971178770065308,1,,,,
D3_00751,G_02399,en,FP_promptbench,0,0.9988371729850769,1,,,,
D3_00752,G_02400,en,FP_promptbench,0,0.9989213943481445,1,,,,
D3_00753,G_02401,en,FP_promptbench,0,0.9986095428466797,1,,,,
D3_00754,G_02402,en,FP_promptbench,0,0.9985835552215576,1,,,,
D3_00755,G_02403,en,FP_promptbench,0,0.9978775978088379,1,,,,
D3_00756,G_02404,other,FP_promptbench,0,0.9973516464233398,1,,,,
D3_00757,G_02405,other,FP_promptbench,0,0.9924869537353516,1,,,,
D3_00758,G_02406,other,FP_promptbench,0,0.9976314306259155,1,,,,
D3_00759,G_02407,other,FP_promptbench,0,0.9961565136909485,1,,,,
D3_00760,G_02408,other,FP_promptbench,0,0.9985989928245544,1,,,,
D3_00761,G_02409,other,FP_promptbench,0,0.9976751208305359,1,,,,
D3_00762,G_02410,other,FP_promptbench,0,0.9990363121032715,1,,,,
D3_00763,G_02411,other,FP_promptbench,0,0.997500479221344,1,,,,
D3_00764,G_02412,other,FP_promptbench,0,0.9911206364631653,1,,,,
D3_00765,G_02413,other,FP_promptbench,0,0.9979230761528015,1,,,,
D3_00766,G_02414,other,FP_promptbench,0,0.9989134073257446,1,,,,
D3_00767,G_02415,other,FP_promptbench,0,0.9839177131652832,1,,,,
D3_00768,G_02416,other,FP_promptbench,0,0.9983053207397461,1,,,,
D3_00769,G_02417,other,FP_promptbench,0,0.9923918843269348,1,,,,
D3_00770,G_02418,other,FP_promptbench,0,0.9963433146476746,1,,,,
D3_00771,G_02419,other,FP_promptbench,0,0.9953244924545288,1,,,,
D3_00772,G_02420,other,FP_promptbench,0,0.9977922439575195,1,,,,
D3_00773,G_02421,other,FP_promptbench,0,0.9972633123397827,1,,,,
D3_00774,G_02422,other,FP_promptbench,0,0.9974583983421326,1,,,,
D3_00776,G_02423,other,FP_promptbench,0,0.9990185499191284,1,,,,
D3_00777,G_02424,other,FP_promptbench,0,0.0005071377381682396,0,,,,
D3_00778,G_02425,other,FP_promptbench,0,0.0005568999331444502,0,,,,
D3_00779,G_02426,other,FP_promptbench,0,0.0004733194364234805,0,,,,
D3_00780,G_02427,other,FP_promptbench,0,0.0005697707529179752,0,,,,
D3_00781,G_02428,other,FP_promptbench,0,0.0010618020314723253,0,,,,
D3_00782,G_02429,other,FP_promptbench,0,0.0004940385697409511,0,,,,
D3_00783,G_02430,other,FP_promptbench,0,0.0009328692685812712,0,,,,
D3_00784,G_02429,other,FP_promptbench,0,0.00048015257925726473,0,,,,
D3_00785,G_02432,other,FP_promptbench,0,0.005297961179167032,0,,,,
D3_00786,G_02433,other,FP_promptbench,0,0.9980301260948181,1,,,,
D3_00787,G_02434,other,FP_promptbench,0,0.2091146856546402,0,,,,
D3_00788,G_02435,other,FP_promptbench,0,0.9966756105422974,1,,,,
D3_00789,G_02436,other,FP_promptbench,0,0.9179901480674744,1,,,,
D3_00790,G_02437,other,FP_promptbench,0,0.6621300578117371,1,,,,
D3_00791,G_02438,other,FP_promptbench,0,0.9987063407897949,1,,,,
D3_00792,G_02439,other,FP_promptbench,0,0.9975599050521851,1,,,,
D3_00793,G_02440,other,FP_promptbench,0,0.002333423588424921,0,,,,
D3_00794,G_02441,other,FP_promptbench,0,0.0022575154434889555,0,,,,
D3_00795,G_02442,other,FP_promptbench,0,0.9676101207733154,1,,,,
D3_00796,G_02443,other,FP_promptbench,0,0.9990280866622925,1,,,,
D3_00797,G_02444,other,FP_promptbench,0,0.09192022681236267,0,,,,
D3_00798,G_02445,other,FP_promptbench,0,0.9927535653114319,1,,,,
D3_00799,G_02446,other,FP_promptbench,0,0.9970123767852783,1,,,,
D3_00800,G_02447,other,FP_promptbench,0,0.9984118938446045,1,,,,
D3_00801,G_02448,other,FP_promptbench,0,0.998333752155304,1,,,,
D3_00802,G_02445,other,FP_promptbench,0,0.9985407590866089,1,,,,
D3_00803,G_02450,other,FP_promptbench,0,0.9964569211006165,1,,,,
D3_00804,G_02451,other,FP_promptbench,0,0.9985225796699524,1,,,,
D3_00805,G_02445,other,FP_promptbench,0,0.9960619807243347,1,,,,
D3_00806,G_02453,other,FP_promptbench,0,0.9986557960510254,1,,,,
D3_00807,G_02454,other,FP_promptbench,0,0.9987770915031433,1,,,,
D3_00808,G_02455,other,FP_promptbench,0,0.9970255494117737,1,,,,
D3_00809,G_02456,other,FP_promptbench,0,0.9988178610801697,1,,,,
D3_00810,G_02457,other,FP_promptbench,0,0.998524010181427,1,,,,
D3_00811,G_02458,other,FP_promptbench,0,0.9988094568252563,1,,,,
D3_00812,G_02459,other,FP_promptbench,0,0.9987053871154785,1,,,,
D3_00813,G_02460,other,FP_promptbench,0,0.9983475208282471,1,,,,
D3_00814,G_02461,other,FP_promptbench,0,0.998075008392334,1,,,,
D3_00815,G_02462,other,FP_promptbench,0,0.9986960291862488,1,,,,
D3_00837,G_02463,en,FP_promptbench,0,0.9992347955703735,1,,,,
D3_00838,G_02464,en,FP_promptbench,0,0.998910665512085,1,,,,
D3_00839,G_02465,en,FP_promptbench,0,0.9987782835960388,1,,,,
D3_00840,G_02466,en,FP_promptbench,0,0.9990672469139099,1,,,,
D3_00841,G_02467,en,FP_promptbench,0,0.999092698097229,1,,,,
D3_00842,G_02468,en,FP_promptbench,0,0.9992258548736572,1,,,,
D3_00843,G_02238,en,FP_promptbench,0,0.9992501139640808,1,,,,
D3_00845,G_02470,en,FP_promptbench,0,0.9989097118377686,1,,,,
D3_00847,G_03178,en,FP_promptbench,0,0.9990839958190918,1,,,,
D3_00848,G_02472,en,FP_promptbench,0,0.9991638660430908,1,,,,
D3_00849,G_02473,en,FP_promptbench,0,0.9993215799331665,1,,,,
D3_00851,G_02242,en,FP_promptbench,0,0.9991475343704224,1,,,,
D3_00852,G_02475,en,FP_promptbench,0,0.9991174340248108,1,,,,
D3_00853,G_03178,en,FP_promptbench,0,0.9991031885147095,1,,,,
D3_00855,G_02477,en,FP_promptbench,0,0.9992125034332275,1,,,,
D3_00857,G_02478,en,FP_promptbench,0,0.9986245632171631,1,,,,
D3_00858,G_03183,en,FP_promptbench,0,0.9990594983100891,1,,,,
D3_00859,G_02480,en,FP_promptbench,0,0.9990506768226624,1,,,,
D3_00860,G_02468,en,FP_promptbench,0,0.9988712668418884,1,,,,
D3_00861,G_02238,en,FP_promptbench,0,0.9992619156837463,1,,,,
D3_00863,G_02242,en,FP_promptbench,0,0.9990298748016357,1,,,,
D3_00864,G_02484,en,FP_promptbench,0,0.9991349577903748,1,,,,
D3_00865,G_02468,en,FP_promptbench,0,0.9991682767868042,1,,,,
D3_00866,G_03178,en,FP_promptbench,0,0.9992665648460388,1,,,,
D3_00867,G_02487,en,FP_promptbench,0,0.999203622341156,1,,,,
D3_00868,G_02488,en,FP_promptbench,0,0.9988627433776855,1,,,,
D3_00869,G_02489,en,FP_promptbench,0,0.9987059831619263,1,,,,
D3_00870,G_02490,en,FP_promptbench,0,0.9987228512763977,1,,,,
D3_00871,G_02491,en,FP_promptbench,0,0.9990516304969788,1,,,,
D3_00872,G_02492,en,FP_promptbench,0,0.9985653758049011,1,,,,
D3_00933,G_02493,en,FP_promptbench,0,0.9988346695899963,1,,,,
D3_00934,G_02521,en,FP_promptbench,0,0.9990196228027344,1,,,,
D3_00935,G_02519,en,FP_promptbench,0,0.9990398287773132,1,,,,
D3_00936,G_03310,en,FP_promptbench,0,0.9989412426948547,1,,,,
D3_00937,G_02497,en,FP_promptbench,0,0.9989776611328125,1,,,,
D3_00938,G_02498,en,FP_promptbench,0,0.9988749623298645,1,,,,
D3_00939,G_02499,en,FP_promptbench,0,0.9988271594047546,1,,,,
D3_00940,G_02500,en,FP_promptbench,0,0.9987941980361938,1,,,,
D3_00941,G_02501,en,FP_promptbench,0,0.9989467263221741,1,,,,
D3_00942,G_02502,en,FP_promptbench,0,0.9988535642623901,1,,,,
D3_00943,G_02503,en,FP_promptbench,0,0.999140739440918,1,,,,
D3_00944,G_02504,en,FP_promptbench,0,0.9991249442100525,1,,,,
D3_00945,G_03808,en,FP_promptbench,0,0.9991377592086792,1,,,,
D3_00946,G_03806,en,FP_promptbench,0,0.9990848302841187,1,,,,
D3_00947,G_02507,en,FP_promptbench,0,0.999016523361206,1,,,,
D3_00948,G_02508,en,FP_promptbench,0,0.999138593673706,1,,,,
D3_00949,G_02509,en,FP_promptbench,0,0.9991151690483093,1,,,,
D3_00950,G_02510,en,FP_promptbench,0,0.9991625547409058,1,,,,
D3_00951,G_02511,en,FP_promptbench,0,0.999051034450531,1,,,,
D3_00952,G_02512,en,FP_promptbench,0,0.9991449117660522,1,,,,
D3_00953,G_02513,en,FP_promptbench,0,0.9990308284759521,1,,,,
D3_00954,G_02514,en,FP_promptbench,0,0.99908447265625,1,,,,
D3_00955,G_02515,en,FP_promptbench,0,0.9991045594215393,1,,,,
D3_00956,G_02516,en,FP_promptbench,0,0.9991896748542786,1,,,,
D3_00957,G_02517,en,FP_promptbench,0,0.9990872144699097,1,,,,
D3_00958,G_02518,en,FP_promptbench,0,0.999049723148346,1,,,,
D3_00959,G_02519,en,FP_promptbench,0,0.9991482496261597,1,,,,
D3_00960,G_02520,en,FP_promptbench,0,0.9990505576133728,1,,,,
D3_00961,G_02521,en,FP_promptbench,0,0.999193012714386,1,,,,
D3_00962,G_03808,en,FP_promptbench,0,0.9991569519042969,1,,,,
D3_00963,G_02503,en,FP_promptbench,0,0.9992269277572632,1,,,,
D3_00964,G_02504,en,FP_promptbench,0,0.9992145299911499,1,,,,
D3_00965,G_02493,en,FP_promptbench,0,0.9990492463111877,1,,,,
D3_00966,G_02526,en,FP_promptbench,0,0.9992243051528931,1,,,,
D3_00967,G_02519,en,FP_promptbench,0,0.9991855025291443,1,,,,
D3_00968,G_03808,en,FP_promptbench,0,0.9991205334663391,1,,,,
D3_00969,G_02503,en,FP_promptbench,0,0.9990647435188293,1,,,,
D3_00970,G_02504,en,FP_promptbench,0,0.9991982579231262,1,,,,
D3_00971,G_02531,en,FP_promptbench,0,0.9992218017578125,1,,,,
D3_00972,G_02532,en,FP_promptbench,0,0.9992150068283081,1,,,,
D3_00973,G_02533,en,FP_promptbench,0,0.9991734623908997,1,,,,
D3_00974,G_02534,en,FP_promptbench,0,0.9992629885673523,1,,,,
D3_00975,G_02535,en,FP_promptbench,0,0.9992547631263733,1,,,,
D3_00976,G_02536,en,FP_promptbench,0,0.9992552399635315,1,,,,
D3_00977,G_02537,en,FP_promptbench,0,0.9991082549095154,1,,,,
D3_00978,G_02538,en,FP_promptbench,0,0.9991959929466248,1,,,,
D3_00979,G_02539,en,FP_promptbench,0,0.9990367889404297,1,,,,
D3_00980,G_02503,en,FP_promptbench,0,0.9991574287414551,1,,,,
D3_00981,G_02541,en,FP_promptbench,0,0.9992488026618958,1,,,,
D3_00982,G_02542,en,FP_promptbench,0,0.9992172718048096,1,,,,
D3_00983,G_02543,en,FP_promptbench,0,0.9989909529685974,1,,,,
D3_00984,G_02544,en,FP_promptbench,0,0.999113142490387,1,,,,
D3_00985,G_02545,en,FP_promptbench,0,0.999015212059021,1,,,,
D3_00986,G_02546,en,FP_promptbench,0,0.999157190322876,1,,,,
D3_00987,G_02547,en,FP_promptbench,0,0.9990906715393066,1,,,,
D3_00988,G_02548,en,FP_promptbench,0,0.9991657733917236,1,,,,
D3_00989,G_02549,other,FP_promptbench,0,0.9989797472953796,1,,,,
D3_00990,G_02550,other,FP_promptbench,0,0.9983842372894287,1,,,,
D3_00991,G_02550,other,FP_promptbench,0,0.998073935508728,1,,,,
D3_00992,G_02552,other,FP_promptbench,0,0.9987654685974121,1,,,,
D3_00993,G_02553,other,FP_promptbench,0,0.9979826211929321,1,,,,
D3_00994,G_02554,other,FP_promptbench,0,0.9987911581993103,1,,,,
D3_00995,G_02550,other,FP_promptbench,0,0.9975409507751465,1,,,,
D3_00997,G_02550,other,FP_promptbench,0,0.9988154172897339,1,,,,
D3_00999,G_02557,other,FP_promptbench,0,0.9989607334136963,1,,,,
D3_01000,G_02558,other,FP_promptbench,0,0.9983634352684021,1,,,,
D3_01001,G_02559,other,FP_promptbench,0,0.9989504218101501,1,,,,
D3_01002,G_02560,other,FP_promptbench,0,0.9990880489349365,1,,,,
D3_01003,G_02561,other,FP_promptbench,0,0.9986913800239563,1,,,,
D3_01004,G_02562,other,FP_promptbench,0,0.9990580677986145,1,,,,
D3_01005,G_02563,other,FP_promptbench,0,0.9986774325370789,1,,,,
D3_01006,G_02564,other,FP_promptbench,0,0.9987779259681702,1,,,,
D3_01007,G_02565,other,FP_promptbench,0,0.9982557892799377,1,,,,
D3_01008,G_02566,other,FP_promptbench,0,0.9987912774085999,1,,,,
D3_01009,G_02567,other,FP_promptbench,0,0.9988822340965271,1,,,,
D3_01010,G_02567,other,FP_promptbench,0,0.9989044666290283,1,,,,
D3_01011,G_02567,other,FP_promptbench,0,0.9989790916442871,1,,,,
D3_01012,G_02570,other,FP_promptbench,0,0.9988715052604675,1,,,,
D3_01013,G_02567,other,FP_promptbench,0,0.9988325238227844,1,,,,
D3_01014,G_02572,other,FP_promptbench,0,0.9982092380523682,1,,,,
D3_01015,G_02573,other,FP_promptbench,0,0.9987993240356445,1,,,,
D3_01016,G_02574,other,FP_promptbench,0,0.9987468719482422,1,,,,
D3_01017,G_02575,other,FP_promptbench,0,0.9988040924072266,1,,,,
D3_01019,G_02576,other,FP_promptbench,0,0.998964786529541,1,,,,
D3_01020,G_02577,other,FP_promptbench,0,0.9989401698112488,1,,,,
D3_01022,G_02578,other,FP_promptbench,0,0.9990347623825073,1,,,,
D3_01023,G_02579,other,FP_promptbench,0,0.9990838766098022,1,,,,
D3_01024,G_02580,other,FP_promptbench,0,0.9990701079368591,1,,,,
D3_01025,G_02581,other,FP_promptbench,0,0.999026894569397,1,,,,
D3_01026,G_02582,other,FP_promptbench,0,0.9990887641906738,1,,,,
D3_01027,G_02583,other,FP_promptbench,0,0.9989581108093262,1,,,,
D3_01028,G_02584,other,FP_promptbench,0,0.9991508722305298,1,,,,
D3_01029,G_02585,other,FP_promptbench,0,0.9976627826690674,1,,,,
D3_01030,G_02586,other,FP_promptbench,0,0.9986289739608765,1,,,,
D3_01031,G_02576,other,FP_promptbench,0,0.9989915490150452,1,,,,
D3_01032,G_02588,other,FP_promptbench,0,0.9986086487770081,1,,,,
D3_01033,G_02589,other,FP_promptbench,0,0.9984912872314453,1,,,,
D3_01034,G_02588,other,FP_promptbench,0,0.9987874627113342,1,,,,
D3_01036,G_02586,other,FP_promptbench,0,0.9988982677459717,1,,,,
D3_01038,G_02592,other,FP_promptbench,0,0.997975766658783,1,,,,
D3_01039,G_02593,other,FP_promptbench,0,0.9989894032478333,1,,,,
D3_01040,G_02594,other,FP_promptbench,0,0.9989534616470337,1,,,,
D3_01041,G_02595,other,FP_promptbench,0,0.9988678693771362,1,,,,
D3_01042,G_02596,other,FP_promptbench,0,0.9987634420394897,1,,,,
D3_01043,G_02596,other,FP_promptbench,0,0.9988964796066284,1,,,,
D3_01044,G_02598,other,FP_promptbench,0,0.9990087747573853,1,,,,
D3_01045,G_02599,other,FP_promptbench,0,0.9991087317466736,1,,,,
D3_01046,G_02600,other,FP_promptbench,0,0.9990787506103516,1,,,,
D3_01047,G_02601,other,FP_promptbench,0,0.9990346431732178,1,,,,
D3_01048,G_02602,other,FP_promptbench,0,0.9991418123245239,1,,,,
D3_01049,G_02603,en,FP_promptbench,0,0.9991067051887512,1,,,,
D3_01050,G_02604,en,FP_promptbench,0,0.9990463852882385,1,,,,
D3_01051,G_03338,en,FP_promptbench,0,0.9991070628166199,1,,,,
D3_01052,G_02606,en,FP_promptbench,0,0.9991241097450256,1,,,,
D3_01053,G_02607,en,FP_promptbench,0,0.9991251826286316,1,,,,
D3_01054,G_02608,en,FP_promptbench,0,0.9991293549537659,1,,,,
D3_01055,G_04271,en,FP_promptbench,0,0.9991469383239746,1,,,,
D3_01056,G_02610,en,FP_promptbench,0,0.9990148544311523,1,,,,
D3_01057,G_02611,en,FP_promptbench,0,0.9990686774253845,1,,,,
D3_01058,G_02612,en,FP_promptbench,0,0.9991544485092163,1,,,,
D3_01059,G_02613,en,FP_promptbench,0,0.9991807341575623,1,,,,
D3_01060,G_02614,en,FP_promptbench,0,0.9992007613182068,1,,,,
D3_01061,G_02615,en,FP_promptbench,0,0.9991084933280945,1,,,,
D3_01062,G_02616,en,FP_promptbench,0,0.99898761510849,1,,,,
D3_01063,G_02617,en,FP_promptbench,0,0.9991912245750427,1,,,,
D3_01064,G_04699,en,FP_promptbench,0,0.9989896416664124,1,,,,
D3_01065,G_02619,en,FP_promptbench,0,0.9991962313652039,1,,,,
D3_01066,G_02620,en,FP_promptbench,0,0.9991455078125,1,,,,
D3_01067,G_02621,en,FP_promptbench,0,0.9992150068283081,1,,,,
D3_01068,G_02622,en,FP_promptbench,0,0.9991883635520935,1,,,,
D3_01069,G_02623,en,FP_promptbench,0,0.9992089867591858,1,,,,
D3_01070,G_02624,en,FP_promptbench,0,0.9992652535438538,1,,,,
D3_01071,G_02625,en,FP_promptbench,0,0.9992239475250244,1,,,,
D3_01072,G_02626,en,FP_promptbench,0,0.9991917014122009,1,,,,
D3_01073,G_02627,en,FP_promptbench,0,0.9991890788078308,1,,,,
D3_01074,G_02628,en,FP_promptbench,0,0.9992726445198059,1,,,,
D3_01075,G_02603,en,FP_promptbench,0,0.9991793036460876,1,,,,
D3_01076,G_02604,en,FP_promptbench,0,0.9991173148155212,1,,,,
D3_01077,G_03338,en,FP_promptbench,0,0.9992781281471252,1,,,,
D3_01078,G_02614,en,FP_promptbench,0,0.9992566704750061,1,,,,
D3_01079,G_02613,en,FP_promptbench,0,0.9992596507072449,1,,,,
D3_01080,G_02615,en,FP_promptbench,0,0.999214768409729,1,,,,
D3_01081,G_02635,en,FP_promptbench,0,0.9992548823356628,1,,,,
D3_01082,G_03338,en,FP_promptbench,0,0.9993125200271606,1,,,,
D3_01083,G_02637,en,FP_promptbench,0,0.999309778213501,1,,,,
D3_01084,G_02613,en,FP_promptbench,0,0.9992964267730713,1,,,,
D3_01085,G_02639,en,FP_promptbench,0,0.9992637038230896,1,,,,
D3_01086,G_02640,en,FP_promptbench,0,0.999302864074707,1,,,,
D3_01087,G_02641,en,FP_promptbench,0,0.9992762207984924,1,,,,
D3_01088,G_03338,en,FP_promptbench,0,0.9992721676826477,1,,,,
D3_01089,G_02643,en,FP_promptbench,0,0.9992474317550659,1,,,,
D3_01090,G_02644,en,FP_promptbench,0,0.9992988109588623,1,,,,
D3_01091,G_02614,en,FP_promptbench,0,0.9992558360099792,1,,,,
D3_01092,G_02615,en,FP_promptbench,0,0.999290943145752,1,,,,
D3_01093,G_02647,en,FP_promptbench,0,0.9992708563804626,1,,,,
D3_01094,G_02648,en,FP_promptbench,0,0.9993119239807129,1,,,,
D3_01095,G_03338,en,FP_promptbench,0,0.9992662072181702,1,,,,
D3_01096,G_02650,en,FP_promptbench,0,0.9992513060569763,1,,,,
D3_01097,G_02651,en,FP_promptbench,0,0.9993131160736084,1,,,,
D3_01098,G_02652,en,FP_promptbench,0,0.9993062019348145,1,,,,
D3_01099,G_02653,en,FP_promptbench,0,0.9991902709007263,1,,,,
D3_01100,G_02654,en,FP_promptbench,0,0.9991388320922852,1,,,,
D3_01101,G_02655,en,FP_promptbench,0,0.9992861151695251,1,,,,
D3_01102,G_02656,en,FP_promptbench,0,0.9992944002151489,1,,,,
D3_01103,G_02657,en,FP_promptbench,0,0.9992185831069946,1,,,,
D3_01104,G_02658,en,FP_promptbench,0,0.9992885589599609,1,,,,
D3_01105,G_02659,other,FP_promptbench,0,0.9991918206214905,1,,,,
D3_01106,G_02660,other,FP_promptbench,0,0.9991021156311035,1,,,,
D3_01107,G_02660,other,FP_promptbench,0,0.9991574287414551,1,,,,
D3_01108,G_02660,other,FP_promptbench,0,0.9991330504417419,1,,,,
D3_01109,G_02660,other,FP_promptbench,0,0.9990856647491455,1,,,,
D3_01110,G_02664,other,FP_promptbench,0,0.9991996884346008,1,,,,
D3_01111,G_02660,other,FP_promptbench,0,0.9991880059242249,1,,,,
D3_01112,G_02666,other,FP_promptbench,0,0.9990455508232117,1,,,,
D3_01113,G_02666,other,FP_promptbench,0,0.999128520488739,1,,,,
D3_01114,G_02668,other,FP_promptbench,0,0.9991057515144348,1,,,,
D3_01115,G_02669,other,FP_promptbench,0,0.9992081522941589,1,,,,
D3_01116,G_02670,other,FP_promptbench,0,0.9991986155509949,1,,,,
D3_01117,G_02669,other,FP_promptbench,0,0.9992096424102783,1,,,,
D3_01118,G_02672,other,FP_promptbench,0,0.9992069602012634,1,,,,
D3_01119,G_02669,other,FP_promptbench,0,0.9991534948348999,1,,,,
D3_01120,G_02674,other,FP_promptbench,0,0.9991695880889893,1,,,,
D3_01121,G_02675,other,FP_promptbench,0,0.9992077946662903,1,,,,
D3_01122,G_02670,other,FP_promptbench,0,0.9991471767425537,1,,,,
D3_01123,G_02677,other,FP_promptbench,0,0.999195396900177,1,,,,
D3_01124,G_02678,other,FP_promptbench,0,0.999187171459198,1,,,,
D3_01125,G_02679,other,FP_promptbench,0,0.9992327690124512,1,,,,
D3_01126,G_02680,other,FP_promptbench,0,0.99921715259552,1,,,,
D3_01127,G_02681,other,FP_promptbench,0,0.9990975856781006,1,,,,
D3_01128,G_02682,other,FP_promptbench,0,0.9992489218711853,1,,,,
D3_01129,G_02683,other,FP_promptbench,0,0.9991768002510071,1,,,,
D3_01130,G_02684,other,FP_promptbench,0,0.9991300702095032,1,,,,
D3_01131,G_02685,other,FP_promptbench,0,0.9992071986198425,1,,,,
D3_01132,G_02686,other,FP_promptbench,0,0.9991676807403564,1,,,,
D3_01133,G_02687,other,FP_promptbench,0,0.9992257356643677,1,,,,
D3_01134,G_02688,other,FP_promptbench,0,0.9991505146026611,1,,,,
D3_01135,G_02689,other,FP_promptbench,0,0.9991834759712219,1,,,,
D3_01136,G_02690,other,FP_promptbench,0,0.9991563558578491,1,,,,
D3_01137,G_02691,other,FP_promptbench,0,0.9990185499191284,1,,,,
D3_01138,G_02692,other,FP_promptbench,0,0.9992637038230896,1,,,,
D3_01139,G_02693,other,FP_promptbench,0,0.9991233944892883,1,,,,
D3_01140,G_02694,other,FP_promptbench,0,0.9990878105163574,1,,,,
D3_01141,G_02695,other,FP_promptbench,0,0.9992621541023254,1,,,,
D3_01142,G_02696,other,FP_promptbench,0,0.9990667700767517,1,,,,
D3_01143,G_02697,other,FP_promptbench,0,0.9991294741630554,1,,,,
D3_01144,G_02698,other,FP_promptbench,0,0.9992461204528809,1,,,,
D3_01145,G_02699,other,FP_promptbench,0,0.9991996884346008,1,,,,
D3_01146,G_02700,other,FP_promptbench,0,0.9992403984069824,1,,,,
D3_01147,G_02701,other,FP_promptbench,0,0.9992596507072449,1,,,,
D3_01148,G_02702,other,FP_promptbench,0,0.9992114305496216,1,,,,
D3_01149,G_02703,other,FP_promptbench,0,0.9992517828941345,1,,,,
D3_01150,G_02704,other,FP_promptbench,0,0.9991772770881653,1,,,,
D3_01151,G_02705,other,FP_promptbench,0,0.9993082284927368,1,,,,
D3_01152,G_02706,other,FP_promptbench,0,0.9992590546607971,1,,,,
D3_01153,G_02707,other,FP_promptbench,0,0.9992170333862305,1,,,,
D3_01154,G_02702,other,FP_promptbench,0,0.999232292175293,1,,,,
D3_01155,G_02709,other,FP_promptbench,0,0.9991365075111389,1,,,,
D3_01156,G_02710,other,FP_promptbench,0,0.999153733253479,1,,,,
D3_01157,G_02711,other,FP_promptbench,0,0.999112069606781,1,,,,
D3_01158,G_02712,other,FP_promptbench,0,0.9991791844367981,1,,,,
D3_01159,G_02713,other,FP_promptbench,0,0.9991931319236755,1,,,,
D3_01160,G_02714,other,FP_promptbench,0,0.9992590546607971,1,,,,
D3_01161,G_02715,other,FP_promptbench,0,0.9990972280502319,1,,,,
D3_01162,G_02716,other,FP_promptbench,0,0.9992333650588989,1,,,,
D3_01163,G_02717,other,FP_promptbench,0,0.9991415739059448,1,,,,
D3_01164,G_02718,other,FP_promptbench,0,0.9991718530654907,1,,,,
D3_01165,G_02752,en,FP_promptbench,0,0.9989547729492188,1,,,,
D3_01166,G_02827,en,FP_promptbench,0,0.9989359974861145,1,,,,
D3_01167,G_02721,en,FP_promptbench,0,0.9986372590065002,1,,,,
D3_01168,G_02825,en,FP_promptbench,0,0.9986035227775574,1,,,,
D3_01169,G_03382,en,FP_promptbench,0,0.9989433884620667,1,,,,
D3_01170,G_03384,en,FP_promptbench,0,0.9985849857330322,1,,,,
D3_01171,G_02725,en,FP_promptbench,0,0.998923122882843,1,,,,
D3_01172,G_02726,en,FP_promptbench,0,0.9985941052436829,1,,,,
D3_01173,G_03387,en,FP_promptbench,0,0.9991027116775513,1,,,,
D3_01174,G_03915,en,FP_promptbench,0,0.9985881447792053,1,,,,
D3_01175,G_02760,en,FP_promptbench,0,0.9988310933113098,1,,,,
D3_01176,G_02730,en,FP_promptbench,0,0.9988905787467957,1,,,,
D3_01177,G_02731,en,FP_promptbench,0,0.9986618757247925,1,,,,
D3_01178,G_02732,en,FP_promptbench,0,0.9989027976989746,1,,,,
D3_01179,G_02733,en,FP_promptbench,0,0.9989261031150818,1,,,,
D3_01180,G_02734,en,FP_promptbench,0,0.9991342425346375,1,,,,
D3_01181,G_02735,en,FP_promptbench,0,0.998717188835144,1,,,,
D3_01182,G_02736,en,FP_promptbench,0,0.9989921450614929,1,,,,
D3_01183,G_02737,en,FP_promptbench,0,0.9990130662918091,1,,,,
D3_01184,G_02738,en,FP_promptbench,0,0.9988760352134705,1,,,,
D3_01185,G_02739,en,FP_promptbench,0,0.9988383650779724,1,,,,
D3_01186,G_02740,en,FP_promptbench,0,0.9989843964576721,1,,,,
D3_01187,G_02741,en,FP_promptbench,0,0.99919193983078,1,,,,
D3_01188,G_02742,en,FP_promptbench,0,0.9990491271018982,1,,,,
D3_01189,G_02743,en,FP_promptbench,0,0.9990984201431274,1,,,,
D3_01190,G_02744,en,FP_promptbench,0,0.9988885521888733,1,,,,
D3_01191,G_02745,en,FP_promptbench,0,0.9991162419319153,1,,,,
D3_01192,G_02746,en,FP_promptbench,0,0.9990496039390564,1,,,,
D3_01193,G_02747,en,FP_promptbench,0,0.9992055296897888,1,,,,
D3_01194,G_02760,en,FP_promptbench,0,0.999083399772644,1,,,,
D3_01195,G_02749,en,FP_promptbench,0,0.9990519881248474,1,,,,
D3_01196,G_02731,en,FP_promptbench,0,0.9991145730018616,1,,,,
D3_01197,G_02751,en,FP_promptbench,0,0.9989476799964905,1,,,,
D3_01198,G_02752,en,FP_promptbench,0,0.9989452958106995,1,,,,
D3_01199,G_02753,en,FP_promptbench,0,0.9991868138313293,1,,,,
D3_01200,G_02730,en,FP_promptbench,0,0.9989569187164307,1,,,,
D3_01201,G_02755,en,FP_promptbench,0,0.9991827607154846,1,,,,
D3_01202,G_02756,en,FP_promptbench,0,0.9990800619125366,1,,,,
D3_01203,G_02757,en,FP_promptbench,0,0.999171257019043,1,,,,
D3_01204,G_02758,en,FP_promptbench,0,0.9992033839225769,1,,,,
D3_01205,G_02759,en,FP_promptbench,0,0.9991413354873657,1,,,,
D3_01206,G_02760,en,FP_promptbench,0,0.9991894364356995,1,,,,
D3_01207,G_02761,en,FP_promptbench,0,0.9991530179977417,1,,,,
D3_01208,G_02762,en,FP_promptbench,0,0.9991670846939087,1,,,,
D3_01209,G_02763,en,FP_promptbench,0,0.9991610050201416,1,,,,
D3_01210,G_02752,en,FP_promptbench,0,0.9990737438201904,1,,,,
D3_01211,G_02765,en,FP_promptbench,0,0.9990426898002625,1,,,,
D3_01212,G_02730,en,FP_promptbench,0,0.9992302656173706,1,,,,
D3_01213,G_02760,en,FP_promptbench,0,0.998891294002533,1,,,,
D3_01214,G_02731,en,FP_promptbench,0,0.999083399772644,1,,,,
D3_01215,G_02769,en,FP_promptbench,0,0.9991146922111511,1,,,,
D3_01216,G_02770,en,FP_promptbench,0,0.9987672567367554,1,,,,
D3_01217,G_02771,en,FP_promptbench,0,0.9992511868476868,1,,,,
D3_01218,G_02772,en,FP_promptbench,0,0.9990127086639404,1,,,,
D3_01219,G_02731,en,FP_promptbench,0,0.9991726279258728,1,,,,
D3_01220,G_02774,en,FP_promptbench,0,0.9991874098777771,1,,,,
D3_01221,G_02775,other,FP_promptbench,0,0.9986774325370789,1,,,,
D3_01222,G_02776,other,FP_promptbench,0,0.9984142780303955,1,,,,
D3_01223,G_02777,other,FP_promptbench,0,0.9989075660705566,1,,,,
D3_01224,G_02778,other,FP_promptbench,0,0.9985859394073486,1,,,,
D3_01225,G_02779,other,FP_promptbench,0,0.998676598072052,1,,,,
D3_01226,G_02780,other,FP_promptbench,0,0.9984509944915771,1,,,,
D3_01227,G_02781,other,FP_promptbench,0,0.9989650249481201,1,,,,
D3_01228,G_02782,other,FP_promptbench,0,0.9988502264022827,1,,,,
D3_01229,G_02783,other,FP_promptbench,0,0.9989006519317627,1,,,,
D3_01230,G_02784,other,FP_promptbench,0,0.998589813709259,1,,,,
D3_01231,G_02785,other,FP_promptbench,0,0.998934805393219,1,,,,
D3_01233,G_02786,other,FP_promptbench,0,0.9990856647491455,1,,,,
D3_01234,G_02787,other,FP_promptbench,0,0.998757004737854,1,,,,
D3_01236,G_02788,other,FP_promptbench,0,0.9983819723129272,1,,,,
D3_01237,G_02789,other,FP_promptbench,0,0.9990567564964294,1,,,,
D3_01238,G_02790,other,FP_promptbench,0,0.9989669322967529,1,,,,
D3_01239,G_02791,other,FP_promptbench,0,0.9990429282188416,1,,,,
D3_01240,G_02792,other,FP_promptbench,0,0.998784601688385,1,,,,
D3_01241,G_02793,other,FP_promptbench,0,0.9989688396453857,1,,,,
D3_01242,G_02780,other,FP_promptbench,0,0.9986043572425842,1,,,,
D3_01243,G_02795,other,FP_promptbench,0,0.9990686774253845,1,,,,
D3_01244,G_02778,other,FP_promptbench,0,0.9985363483428955,1,,,,
D3_01246,G_02797,other,FP_promptbench,0,0.9984875917434692,1,,,,
D3_01247,G_02789,other,FP_promptbench,0,0.9990687966346741,1,,,,
D3_01249,G_02799,other,FP_promptbench,0,0.9989336133003235,1,,,,
D3_01251,G_02800,other,FP_promptbench,0,0.9989932179450989,1,,,,
D3_01253,G_02801,other,FP_promptbench,0,0.9990978240966797,1,,,,
D3_01254,G_02802,other,FP_promptbench,0,0.9990130662918091,1,,,,
D3_01256,G_02803,other,FP_promptbench,0,0.9984990358352661,1,,,,
D3_01257,G_02804,other,FP_promptbench,0,0.9990707039833069,1,,,,
D3_01258,G_02805,other,FP_promptbench,0,0.9989699125289917,1,,,,
D3_01259,G_02806,other,FP_promptbench,0,0.9990687966346741,1,,,,
D3_01261,G_02807,other,FP_promptbench,0,0.9985860586166382,1,,,,
D3_01263,G_02808,other,FP_promptbench,0,0.9989218711853027,1,,,,
D3_01264,G_02809,other,FP_promptbench,0,0.9985707998275757,1,,,,
D3_01266,G_02810,other,FP_promptbench,0,0.9985296726226807,1,,,,
D3_01267,G_02811,other,FP_promptbench,0,0.9989173412322998,1,,,,
D3_01269,G_02812,other,FP_promptbench,0,0.9989733695983887,1,,,,
D3_01270,G_02813,other,FP_promptbench,0,0.9985502362251282,1,,,,
D3_01273,G_02814,other,FP_promptbench,0,0.9988705515861511,1,,,,
D3_01274,G_02815,other,FP_promptbench,0,0.9986054301261902,1,,,,
D3_01276,G_02816,other,FP_promptbench,0,0.9984301924705505,1,,,,
D3_01277,G_02817,other,FP_promptbench,0,0.9989226460456848,1,,,,
D3_01279,G_02818,other,FP_promptbench,0,0.9988917708396912,1,,,,
D3_01301,G_02819,en,FP_promptbench,0,0.998823344707489,1,,,,
D3_01302,G_02820,en,FP_promptbench,0,0.998504638671875,1,,,,
D3_01303,G_02821,en,FP_promptbench,0,0.9991602897644043,1,,,,
D3_01304,G_02822,en,FP_promptbench,0,0.9990774393081665,1,,,,
D3_01305,G_02823,en,FP_promptbench,0,0.9989307522773743,1,,,,
D3_01306,G_02824,en,FP_promptbench,0,0.999129593372345,1,,,,
D3_01307,G_02825,en,FP_promptbench,0,0.9990612864494324,1,,,,
D3_01308,G_03384,en,FP_promptbench,0,0.999026894569397,1,,,,
D3_01309,G_02827,en,FP_promptbench,0,0.9991369843482971,1,,,,
D3_01310,G_02730,en,FP_promptbench,0,0.9991012811660767,1,,,,
D3_01311,G_02733,en,FP_promptbench,0,0.9991488456726074,1,,,,
D3_01312,G_02830,en,FP_promptbench,0,0.9991124272346497,1,,,,
D3_01313,G_02831,en,FP_promptbench,0,0.9992289543151855,1,,,,
D3_01314,G_02832,en,FP_promptbench,0,0.9991543292999268,1,,,,
D3_01315,G_02833,en,FP_promptbench,0,0.9991601705551147,1,,,,
D3_01316,G_02733,en,FP_promptbench,0,0.9990295171737671,1,,,,
D3_01317,G_02835,en,FP_promptbench,0,0.9992247819900513,1,,,,
D3_01318,G_02737,en,FP_promptbench,0,0.999184787273407,1,,,,
D3_01319,G_02837,en,FP_promptbench,0,0.9991921782493591,1,,,,
D3_01320,G_02838,en,FP_promptbench,0,0.9991336464881897,1,,,,
D3_01322,G_04773,en,FP_promptbench,0,0.9992043375968933,1,,,,
D3_01323,G_02733,en,FP_promptbench,0,0.9991829991340637,1,,,,
D3_01324,G_02761,en,FP_promptbench,0,0.9992005228996277,1,,,,
D3_01325,G_02842,en,FP_promptbench,0,0.9991214871406555,1,,,,
D3_01326,G_02843,en,FP_promptbench,0,0.9989184141159058,1,,,,
D3_01327,G_02844,en,FP_promptbench,0,0.9988136291503906,1,,,,
D3_01328,G_02845,en,FP_promptbench,0,0.9990854263305664,1,,,,
D3_01329,G_02846,en,FP_promptbench,0,0.9991846680641174,1,,,,
D3_01330,G_02847,en,FP_promptbench,0,0.9992069602012634,1,,,,
D3_01331,G_02848,en,FP_promptbench,0,0.9990211725234985,1,,,,
D3_01332,G_02849,en,FP_promptbench,0,0.9991433620452881,1,,,,
D3_01333,G_02850,en,FP_promptbench,0,0.999032735824585,1,,,,
D3_01334,G_02851,en,FP_promptbench,0,0.9990522265434265,1,,,,
D3_01335,G_02852,en,FP_promptbench,0,0.99912029504776,1,,,,
D3_01336,G_02853,en,FP_promptbench,0,0.9991658926010132,1,,,,
D3_01397,G_02854,en,FP_promptbench,0,0.9980992674827576,1,,,,
D3_01398,G_02855,en,FP_promptbench,0,0.9986447691917419,1,,,,
D3_01399,G_03470,en,FP_promptbench,0,0.9983447790145874,1,,,,
D3_01400,G_04786,en,FP_promptbench,0,0.998130738735199,1,,,,
D3_01401,G_02858,en,FP_promptbench,0,0.9976029992103577,1,,,,
D3_01402,G_02859,en,FP_promptbench,0,0.9945123195648193,1,,,,
D3_01403,G_02860,en,FP_promptbench,0,0.9984416365623474,1,,,,
D3_01404,G_02861,en,FP_promptbench,0,0.9981400966644287,1,,,,
D3_01405,G_02862,en,FP_promptbench,0,0.998925507068634,1,,,,
D3_01406,G_02863,en,FP_promptbench,0,0.9985097050666809,1,,,,
D3_01407,G_02864,en,FP_promptbench,0,0.9988283514976501,1,,,,
D3_01408,G_02865,en,FP_promptbench,0,0.9990150928497314,1,,,,
D3_01409,G_02866,en,FP_promptbench,0,0.9991307854652405,1,,,,
D3_01410,G_02867,en,FP_promptbench,0,0.9988697171211243,1,,,,
D3_01411,G_02868,en,FP_promptbench,0,0.9989413619041443,1,,,,
D3_01412,G_02869,en,FP_promptbench,0,0.998536229133606,1,,,,
D3_01413,G_03481,en,FP_promptbench,0,0.9985805749893188,1,,,,
D3_01414,G_02871,en,FP_promptbench,0,0.9991210103034973,1,,,,
D3_01415,G_02872,en,FP_promptbench,0,0.9989792704582214,1,,,,
D3_01416,G_02873,en,FP_promptbench,0,0.9987922310829163,1,,,,
D3_01417,G_02874,en,FP_promptbench,0,0.9976081848144531,1,,,,
D3_01418,G_02875,en,FP_promptbench,0,0.9985772371292114,1,,,,
D3_01419,G_02876,en,FP_promptbench,0,0.9987793564796448,1,,,,
D3_01421,G_02877,en,FP_promptbench,0,0.9989765882492065,1,,,,
D3_01422,G_02878,en,FP_promptbench,0,0.9990730285644531,1,,,,
D3_01423,G_02879,en,FP_promptbench,0,0.9991933703422546,1,,,,
D3_01424,G_02880,en,FP_promptbench,0,0.9986245632171631,1,,,,
D3_01425,G_02881,en,FP_promptbench,0,0.998772919178009,1,,,,
D3_01426,G_02882,en,FP_promptbench,0,0.9988549947738647,1,,,,
D3_01427,G_02883,en,FP_promptbench,0,0.9989633560180664,1,,,,
D3_01428,G_02866,en,FP_promptbench,0,0.9991766810417175,1,,,,
D3_01429,G_02885,en,FP_promptbench,0,0.9991563558578491,1,,,,
D3_01430,G_02886,en,FP_promptbench,0,0.9979361295700073,1,,,,
D3_01431,G_02855,en,FP_promptbench,0,0.998945415019989,1,,,,
D3_01432,G_02888,en,FP_promptbench,0,0.9990986585617065,1,,,,
D3_01433,G_02889,en,FP_promptbench,0,0.999010443687439,1,,,,
D3_01434,G_02877,en,FP_promptbench,0,0.9990500807762146,1,,,,
D3_01436,G_02891,en,FP_promptbench,0,0.9991033673286438,1,,,,
D3_01437,G_02892,en,FP_promptbench,0,0.99916672706604,1,,,,
D3_01438,G_02893,en,FP_promptbench,0,0.9991587400436401,1,,,,
D3_01439,G_02894,en,FP_promptbench,0,0.9991225600242615,1,,,,
D3_01440,G_02895,en,FP_promptbench,0,0.9989921450614929,1,,,,
D3_01441,G_02896,en,FP_promptbench,0,0.9992269277572632,1,,,,
D3_01442,G_02855,en,FP_promptbench,0,0.9981796741485596,1,,,,
D3_01444,G_02898,en,FP_promptbench,0,0.9981268048286438,1,,,,
D3_01445,G_02899,en,FP_promptbench,0,0.99857497215271,1,,,,
D3_01446,G_02900,en,FP_promptbench,0,0.998818576335907,1,,,,
D3_01447,G_02901,en,FP_promptbench,0,0.9991558790206909,1,,,,
D3_01448,G_02902,en,FP_promptbench,0,0.9990074038505554,1,,,,
D3_01449,G_02903,en,FP_promptbench,0,0.9942664504051208,1,,,,
D3_01450,G_02904,en,FP_promptbench,0,0.9989690780639648,1,,,,
D3_01451,G_02905,en,FP_promptbench,0,0.9991249442100525,1,,,,
D3_01452,G_02906,en,FP_promptbench,0,0.9988540410995483,1,,,,
D3_01453,G_02907,en,FP_promptbench,0,0.9992324113845825,1,,,,
D3_01454,G_02908,other,FP_promptbench,0,0.997054934501648,1,,,,
D3_01455,G_02909,other,FP_promptbench,0,0.9975951313972473,1,,,,
D3_01456,G_02910,other,FP_promptbench,0,0.996797502040863,1,,,,
D3_01457,G_02911,other,FP_promptbench,0,0.9987494945526123,1,,,,
D3_01458,G_02912,other,FP_promptbench,0,0.9972884654998779,1,,,,
D3_01459,G_02913,other,FP_promptbench,0,0.9866536259651184,1,,,,
D3_01460,G_02914,other,FP_promptbench,0,0.9984667897224426,1,,,,
D3_01461,G_02915,other,FP_promptbench,0,0.9987333416938782,1,,,,
D3_01462,G_02916,other,FP_promptbench,0,0.9984278678894043,1,,,,
D3_01463,G_02917,other,FP_promptbench,0,0.9975709319114685,1,,,,
D3_01464,G_02918,other,FP_promptbench,0,0.9977005124092102,1,,,,
D3_01465,G_02919,other,FP_promptbench,0,0.9972186088562012,1,,,,
D3_01466,G_02920,other,FP_promptbench,0,0.9977424144744873,1,,,,
D3_01468,G_02921,other,FP_promptbench,0,0.9977763295173645,1,,,,
D3_01469,G_02922,other,FP_promptbench,0,0.9979100823402405,1,,,,
D3_01470,G_02923,other,FP_promptbench,0,0.9986806511878967,1,,,,
D3_01471,G_02924,other,FP_promptbench,0,0.9988508224487305,1,,,,
D3_01472,G_02925,other,FP_promptbench,0,0.9977186918258667,1,,,,
D3_01473,G_02926,other,FP_promptbench,0,0.9984103441238403,1,,,,
D3_01474,G_02927,other,FP_promptbench,0,0.9985641837120056,1,,,,
D3_01475,G_02928,other,FP_promptbench,0,0.9972825050354004,1,,,,
D3_01476,G_02929,other,FP_promptbench,0,0.9970752000808716,1,,,,
D3_01478,G_02930,other,FP_promptbench,0,0.9938622713088989,1,,,,
D3_01479,G_02931,other,FP_promptbench,0,0.9932221174240112,1,,,,
D3_01480,G_02932,other,FP_promptbench,0,0.9984055161476135,1,,,,
D3_01481,G_02933,other,FP_promptbench,0,0.9989759922027588,1,,,,
D3_01482,G_02934,other,FP_promptbench,0,0.9943040013313293,1,,,,
D3_01483,G_02926,other,FP_promptbench,0,0.9980224370956421,1,,,,
D3_01484,G_02936,other,FP_promptbench,0,0.9972760081291199,1,,,,
D3_01485,G_02937,other,FP_promptbench,0,0.997812032699585,1,,,,
D3_01487,G_02938,other,FP_promptbench,0,0.9978066086769104,1,,,,
D3_01488,G_02939,other,FP_promptbench,0,0.9954107403755188,1,,,,
D3_01491,G_02940,other,FP_promptbench,0,0.9989615678787231,1,,,,
D3_01493,G_02941,other,FP_promptbench,0,0.998506486415863,1,,,,
D3_01494,G_02942,other,FP_promptbench,0,0.9976257681846619,1,,,,
D3_01496,G_02943,other,FP_promptbench,0,0.9963377714157104,1,,,,
D3_01497,G_02944,other,FP_promptbench,0,0.9987492561340332,1,,,,
D3_01498,G_02945,other,FP_promptbench,0,0.9799598455429077,1,,,,
D3_01499,G_02946,other,FP_promptbench,0,0.9987210631370544,1,,,,
D3_01500,G_02947,other,FP_promptbench,0,0.9985446929931641,1,,,,
D3_01501,G_02948,other,FP_promptbench,0,0.997751772403717,1,,,,
D3_01502,G_02949,other,FP_promptbench,0,0.9972997307777405,1,,,,
D3_01503,G_02950,other,FP_promptbench,0,0.9985033273696899,1,,,,
D3_01504,G_02951,other,FP_promptbench,0,0.9966598749160767,1,,,,
D3_01507,G_02952,other,FP_promptbench,0,0.9966591596603394,1,,,,
D3_01508,G_02953,other,FP_promptbench,0,0.9979161620140076,1,,,,
D3_01509,G_02954,other,FP_promptbench,0,0.9963525533676147,1,,,,
D3_01510,G_02955,other,FP_promptbench,0,0.9979676604270935,1,,,,
D3_01511,G_02956,other,FP_promptbench,0,0.9981227517127991,1,,,,
D3_01512,G_02957,other,FP_promptbench,0,0.9980314373970032,1,,,,
D3_01513,G_02958,other,FP_promptbench,0,0.998063862323761,1,,,,
D3_01514,G_02959,en,FP_promptbench,0,0.9980003237724304,1,,,,
D3_01515,G_01671,en,FP_promptbench,0,0.9979889392852783,1,,,,
D3_01516,G_01664,en,FP_promptbench,0,0.9984036087989807,1,,,,
D3_01517,G_01669,en,FP_promptbench,0,0.9980425834655762,1,,,,
D3_01518,G_01663,en,FP_promptbench,0,0.9990977048873901,1,,,,
D3_01519,G_01667,en,FP_promptbench,0,0.9991315007209778,1,,,,
D3_01520,G_01668,en,FP_promptbench,0,0.9990139007568359,1,,,,
D3_01521,G_01662,en,FP_promptbench,0,0.9977113008499146,1,,,,
D3_01522,G_01666,en,FP_promptbench,0,0.9962009787559509,1,,,,
D3_01523,G_02968,en,FP_promptbench,0,0.9988526105880737,1,,,,
D3_01524,G_01691,en,FP_promptbench,0,0.9988157749176025,1,,,,
D3_01525,G_01698,en,FP_promptbench,0,0.9985483288764954,1,,,,
D3_01526,G_02971,en,FP_promptbench,0,0.9989905953407288,1,,,,
D3_01527,G_01677,en,FP_promptbench,0,0.9985108971595764,1,,,,
D3_01528,G_01678,en,FP_promptbench,0,0.999001681804657,1,,,,
D3_01529,G_01705,en,FP_promptbench,0,0.998994767665863,1,,,,
D3_01530,G_01679,en,FP_promptbench,0,0.9990923404693604,1,,,,
D3_01531,G_01680,en,FP_promptbench,0,0.9986172914505005,1,,,,
D3_01532,G_02977,en,FP_promptbench,0,0.9988478422164917,1,,,,
D3_01533,G_01676,en,FP_promptbench,0,0.9989925026893616,1,,,,
D3_01534,G_02979,en,FP_promptbench,0,0.9991143345832825,1,,,,
D3_01535,G_02980,en,FP_promptbench,0,0.9988645315170288,1,,,,
D3_01536,G_02981,en,FP_promptbench,0,0.9985373020172119,1,,,,
D3_01537,G_02982,en,FP_promptbench,0,0.9987566471099854,1,,,,
D3_01538,G_02983,en,FP_promptbench,0,0.9991695880889893,1,,,,
D3_01539,G_02984,en,FP_promptbench,0,0.999169111251831,1,,,,
D3_01540,G_02959,en,FP_promptbench,0,0.9990987777709961,1,,,,
D3_01541,G_01671,en,FP_promptbench,0,0.9991193413734436,1,,,,
D3_01542,G_01664,en,FP_promptbench,0,0.9990736246109009,1,,,,
D3_01543,G_01698,en,FP_promptbench,0,0.9991486072540283,1,,,,
D3_01544,G_02971,en,FP_promptbench,0,0.9992345571517944,1,,,,
D3_01545,G_01691,en,FP_promptbench,0,0.9992699027061462,1,,,,
D3_01546,G_02959,en,FP_promptbench,0,0.9967141151428223,1,,,,
D3_01547,G_01671,en,FP_promptbench,0,0.9988753199577332,1,,,,
D3_01548,G_02993,en,FP_promptbench,0,0.9987468719482422,1,,,,
D3_01549,G_02994,en,FP_promptbench,0,0.9992550015449524,1,,,,
D3_01550,G_02995,en,FP_promptbench,0,0.9992002844810486,1,,,,
D3_01551,G_02971,en,FP_promptbench,0,0.9991581439971924,1,,,,
D3_01552,G_02997,en,FP_promptbench,0,0.9991986155509949,1,,,,
D3_01553,G_01671,en,FP_promptbench,0,0.9990772008895874,1,,,,
D3_01554,G_02999,en,FP_promptbench,0,0.9991527795791626,1,,,,
D3_01555,G_01691,en,FP_promptbench,0,0.9991734623908997,1,,,,
D3_01556,G_01698,en,FP_promptbench,0,0.9992232322692871,1,,,,
D3_01557,G_03002,en,FP_promptbench,0,0.9991764426231384,1,,,,
D3_01558,G_03003,en,FP_promptbench,0,0.9978482723236084,1,,,,
D3_01559,G_03004,en,FP_promptbench,0,0.9990234375,1,,,,
D3_01560,G_03005,en,FP_promptbench,0,0.9992269277572632,1,,,,
D3_01561,G_03006,en,FP_promptbench,0,0.9992086291313171,1,,,,
D3_01562,G_03007,en,FP_promptbench,0,0.998928964138031,1,,,,
D3_01563,G_03008,en,FP_promptbench,0,0.9992063641548157,1,,,,
D3_01564,G_03009,en,FP_promptbench,0,0.9985806941986084,1,,,,
D3_01565,G_03010,en,FP_promptbench,0,0.9978267550468445,1,,,,
D3_01566,G_03011,en,FP_promptbench,0,0.9987213015556335,1,,,,
D3_01567,G_03012,en,FP_promptbench,0,0.9988768696784973,1,,,,
D3_01568,G_03013,en,FP_promptbench,0,0.9992251396179199,1,,,,
D3_01569,G_03014,en,FP_promptbench,0,0.9991158843040466,1,,,,
D3_01630,G_01803,en,FP_promptbench,0,0.9988909363746643,1,,,,
D3_01631,G_01784,en,FP_promptbench,0,0.9987321496009827,1,,,,
D3_01632,G_03017,en,FP_promptbench,0,0.9986230134963989,1,,,,
D3_01633,G_01816,en,FP_promptbench,0,0.9991270899772644,1,,,,
D3_01634,G_01780,en,FP_promptbench,0,0.998840868473053,1,,,,
D3_01635,G_03579,en,FP_promptbench,0,0.9991876482963562,1,,,,
D3_01636,G_01785,en,FP_promptbench,0,0.9989342093467712,1,,,,
D3_01637,G_01802,en,FP_promptbench,0,0.9987812638282776,1,,,,
D3_01638,G_03023,en,FP_promptbench,0,0.999138355255127,1,,,,
D3_01639,G_01783,en,FP_promptbench,0,0.9990604519844055,1,,,,
D3_01640,G_01811,en,FP_promptbench,0,0.9989312291145325,1,,,,
D3_01641,G_01789,en,FP_promptbench,0,0.9989420771598816,1,,,,
D3_01642,G_03045,en,FP_promptbench,0,0.999081015586853,1,,,,
D3_01643,G_01818,en,FP_promptbench,0,0.9988322854042053,1,,,,
D3_01644,G_03029,en,FP_promptbench,0,0.998924195766449,1,,,,
D3_01645,G_01793,en,FP_promptbench,0,0.9989349246025085,1,,,,
D3_01646,G_01790,en,FP_promptbench,0,0.9990008473396301,1,,,,
D3_01647,G_01819,en,FP_promptbench,0,0.9992055296897888,1,,,,
D3_01648,G_01794,en,FP_promptbench,0,0.9992054104804993,1,,,,
D3_01649,G_01795,en,FP_promptbench,0,0.9989134073257446,1,,,,
D3_01650,G_03035,en,FP_promptbench,0,0.9990605711936951,1,,,,
D3_01651,G_03036,en,FP_promptbench,0,0.9991198182106018,1,,,,
D3_01652,G_03037,en,FP_promptbench,0,0.9990100860595703,1,,,,
D3_01653,G_03038,en,FP_promptbench,0,0.998606264591217,1,,,,
D3_01654,G_03039,en,FP_promptbench,0,0.9990686774253845,1,,,,
D3_01655,G_03040,en,FP_promptbench,0,0.9991477727890015,1,,,,
D3_01656,G_01794,en,FP_promptbench,0,0.9992825388908386,1,,,,
D3_01657,G_01784,en,FP_promptbench,0,0.998991072177887,1,,,,
D3_01658,G_03017,en,FP_promptbench,0,0.9990046620368958,1,,,,
D3_01659,G_01811,en,FP_promptbench,0,0.9992411136627197,1,,,,
D3_01660,G_03045,en,FP_promptbench,0,0.9991255402565002,1,,,,
D3_01661,G_01789,en,FP_promptbench,0,0.9991416931152344,1,,,,
D3_01662,G_03047,en,FP_promptbench,0,0.9990425705909729,1,,,,
D3_01663,G_03048,en,FP_promptbench,0,0.9990910291671753,1,,,,
D3_01664,G_03049,en,FP_promptbench,0,0.9991449117660522,1,,,,
D3_01665,G_03050,en,FP_promptbench,0,0.9991750121116638,1,,,,
D3_01666,G_03045,en,FP_promptbench,0,0.999154806137085,1,,,,
D3_01667,G_01789,en,FP_promptbench,0,0.9990898370742798,1,,,,
D3_01668,G_03053,en,FP_promptbench,0,0.999122679233551,1,,,,
D3_01669,G_01815,en,FP_promptbench,0,0.9991723299026489,1,,,,
D3_01670,G_03055,en,FP_promptbench,0,0.9991605281829834,1,,,,
D3_01671,G_01811,en,FP_promptbench,0,0.9992017149925232,1,,,,
D3_01672,G_03057,en,FP_promptbench,0,0.9991552829742432,1,,,,
D3_01673,G_03058,en,FP_promptbench,0,0.9991102814674377,1,,,,
D3_01674,G_01784,en,FP_promptbench,0,0.9989383816719055,1,,,,
D3_01675,G_03060,en,FP_promptbench,0,0.9990504384040833,1,,,,
D3_01676,G_03061,en,FP_promptbench,0,0.9988802075386047,1,,,,
D3_01677,G_03062,en,FP_promptbench,0,0.9991829991340637,1,,,,
D3_01678,G_03063,en,FP_promptbench,0,0.9987422823905945,1,,,,
D3_01679,G_03064,en,FP_promptbench,0,0.9991787075996399,1,,,,
D3_01680,G_03065,en,FP_promptbench,0,0.9989950060844421,1,,,,
D3_01681,G_03066,en,FP_promptbench,0,0.9987342953681946,1,,,,
D3_01682,G_03067,en,FP_promptbench,0,0.9990648627281189,1,,,,
D3_01683,G_03068,en,FP_promptbench,0,0.9990108013153076,1,,,,
D3_01684,G_03069,en,FP_promptbench,0,0.9991368651390076,1,,,,
D3_01685,G_03070,en,FP_promptbench,0,0.9992430210113525,1,,,,
D3_01766,G_03071,en,FP_promptbench,0,0.9990224838256836,1,,,,
D3_01767,G_03072,en,FP_promptbench,0,0.9991815686225891,1,,,,
D3_01768,G_03073,en,FP_promptbench,0,0.9988922476768494,1,,,,
D3_01769,G_03074,en,FP_promptbench,0,0.9989703893661499,1,,,,
D3_01770,G_03075,en,FP_promptbench,0,0.9991114735603333,1,,,,
D3_01771,G_03076,en,FP_promptbench,0,0.9990028738975525,1,,,,
D3_01772,G_03601,en,FP_promptbench,0,0.9991707801818848,1,,,,
D3_01773,G_01892,en,FP_promptbench,0,0.9990678429603577,1,,,,
D3_01774,G_01898,en,FP_promptbench,0,0.9988793730735779,1,,,,
D3_01775,G_01909,en,FP_promptbench,0,0.998968243598938,1,,,,
D3_01776,G_01903,en,FP_promptbench,0,0.9990671277046204,1,,,,
D3_01777,G_01931,en,FP_promptbench,0,0.9988258481025696,1,,,,
D3_01778,G_03601,en,FP_promptbench,0,0.999150276184082,1,,,,
D3_01779,G_01892,en,FP_promptbench,0,0.9991369843482971,1,,,,
D3_01780,G_01898,en,FP_promptbench,0,0.9990760087966919,1,,,,
D3_01781,G_03086,en,FP_promptbench,0,0.9992577433586121,1,,,,
D3_01782,G_03087,en,FP_promptbench,0,0.9992355108261108,1,,,,
D3_01783,G_03088,en,FP_promptbench,0,0.9989702701568604,1,,,,
D3_01784,G_03089,en,FP_promptbench,0,0.99925297498703,1,,,,
D3_01785,G_01892,en,FP_promptbench,0,0.999079704284668,1,,,,
D3_01786,G_01898,en,FP_promptbench,0,0.9991224408149719,1,,,,
D3_01787,G_01903,en,FP_promptbench,0,0.9991278052330017,1,,,,
D3_01788,G_01909,en,FP_promptbench,0,0.9991377592086792,1,,,,
D3_01789,G_01931,en,FP_promptbench,0,0.9990418553352356,1,,,,
D3_01790,G_03095,en,FP_promptbench,0,0.999231219291687,1,,,,
D3_01791,G_03096,en,FP_promptbench,0,0.9991338849067688,1,,,,
D3_01792,G_03097,en,FP_promptbench,0,0.9992541670799255,1,,,,
D3_01793,G_03098,en,FP_promptbench,0,0.9989091157913208,1,,,,
D3_01794,G_03099,en,FP_promptbench,0,0.9989858269691467,1,,,,
D3_01795,G_03100,en,FP_promptbench,0,0.9990923404693604,1,,,,
D3_01796,G_03101,en,FP_promptbench,0,0.9992110729217529,1,,,,
D3_01797,G_03102,en,FP_promptbench,0,0.9987830519676208,1,,,,
D3_01798,G_03103,en,FP_promptbench,0,0.9987176656723022,1,,,,
D3_01799,G_03104,en,FP_promptbench,0,0.9992319345474243,1,,,,
D3_01800,G_03105,en,FP_promptbench,0,0.9989149570465088,1,,,,
D3_01801,G_03106,en,FP_promptbench,0,0.9989810585975647,1,,,,
D3_01882,G_03107,en,FP_promptbench,0,0.9990523457527161,1,,,,
D3_01883,G_03108,en,FP_promptbench,0,0.9990670084953308,1,,,,
D3_01884,G_03109,en,FP_promptbench,0,0.99918133020401,1,,,,
D3_01885,G_03110,en,FP_promptbench,0,0.9991416931152344,1,,,,
D3_01886,G_03111,en,FP_promptbench,0,0.9991375207901001,1,,,,
D3_01887,G_03112,en,FP_promptbench,0,0.9991458654403687,1,,,,
D3_01888,G_02011,en,FP_promptbench,0,0.999099850654602,1,,,,
D3_01889,G_02009,en,FP_promptbench,0,0.9990295171737671,1,,,,
D3_01890,G_02032,en,FP_promptbench,0,0.9991350769996643,1,,,,
D3_01891,G_03116,en,FP_promptbench,0,0.9990573525428772,1,,,,
D3_01892,G_02019,en,FP_promptbench,0,0.9991747736930847,1,,,,
D3_01893,G_02016,en,FP_promptbench,0,0.9990708827972412,1,,,,
D3_01894,G_02009,en,FP_promptbench,0,0.9990798234939575,1,,,,
D3_01895,G_03120,en,FP_promptbench,0,0.999219536781311,1,,,,
D3_01896,G_03121,en,FP_promptbench,0,0.999243974685669,1,,,,
D3_01897,G_03122,en,FP_promptbench,0,0.9992399215698242,1,,,,
D3_01898,G_03123,en,FP_promptbench,0,0.999264657497406,1,,,,
D3_01899,G_03124,en,FP_promptbench,0,0.9992850422859192,1,,,,
D3_01900,G_02009,en,FP_promptbench,0,0.9991361498832703,1,,,,
D3_01901,G_03126,en,FP_promptbench,0,0.9991856217384338,1,,,,
D3_01902,G_02043,en,FP_promptbench,0,0.9992043375968933,1,,,,
D3_01903,G_02016,en,FP_promptbench,0,0.9991900324821472,1,,,,
D3_01904,G_02019,en,FP_promptbench,0,0.9992507100105286,1,,,,
D3_01905,G_03116,en,FP_promptbench,0,0.9992020726203918,1,,,,
D3_01906,G_03131,en,FP_promptbench,0,0.9991492033004761,1,,,,
D3_01907,G_03132,en,FP_promptbench,0,0.9992311000823975,1,,,,
D3_01908,G_03133,en,FP_promptbench,0,0.9992007613182068,1,,,,
D3_01909,G_03134,en,FP_promptbench,0,0.9992044568061829,1,,,,
D3_01910,G_03135,en,FP_promptbench,0,0.9992081522941589,1,,,,
D3_01911,G_02016,en,FP_promptbench,0,0.9992247819900513,1,,,,
D3_01912,G_03137,en,FP_promptbench,0,0.9991449117660522,1,,,,
D3_01913,G_03138,en,FP_promptbench,0,0.9991152882575989,1,,,,
D3_01914,G_03139,en,FP_promptbench,0,0.9991834759712219,1,,,,
D3_01915,G_03140,en,FP_promptbench,0,0.9991806149482727,1,,,,
D3_01916,G_03141,en,FP_promptbench,0,0.9991821646690369,1,,,,
D3_01917,G_03142,en,FP_promptbench,0,0.9992332458496094,1,,,,
D3_01999,G_03143,en,FP_promptbench,0,0.9990587830543518,1,,,,
D3_02000,G_03144,en,FP_promptbench,0,0.9987767338752747,1,,,,
D3_02001,G_03145,en,FP_promptbench,0,0.9988600015640259,1,,,,
D3_02002,G_03146,en,FP_promptbench,0,0.9991368651390076,1,,,,
D3_02003,G_03147,en,FP_promptbench,0,0.9992126226425171,1,,,,
D3_02004,G_03148,en,FP_promptbench,0,0.9991651773452759,1,,,,
D3_02005,G_02119,en,FP_promptbench,0,0.9990266561508179,1,,,,
D3_02006,G_03150,en,FP_promptbench,0,0.9988467693328857,1,,,,
D3_02007,G_02154,en,FP_promptbench,0,0.9990360736846924,1,,,,
D3_02009,G_04542,en,FP_promptbench,0,0.9990577101707458,1,,,,
D3_02010,G_03168,en,FP_promptbench,0,0.9991366267204285,1,,,,
D3_02011,G_03154,en,FP_promptbench,0,0.9991673231124878,1,,,,
D3_02012,G_03155,en,FP_promptbench,0,0.9992238283157349,1,,,,
D3_02014,G_02150,en,FP_promptbench,0,0.9991876482963562,1,,,,
D3_02015,G_04542,en,FP_promptbench,0,0.9990701079368591,1,,,,
D3_02017,G_02119,en,FP_promptbench,0,0.9991059899330139,1,,,,
D3_02018,G_03159,en,FP_promptbench,0,0.9990807771682739,1,,,,
D3_02020,G_03160,en,FP_promptbench,0,0.9991726279258728,1,,,,
D3_02021,G_03161,en,FP_promptbench,0,0.9992356300354004,1,,,,
D3_02022,G_03168,en,FP_promptbench,0,0.9991495609283447,1,,,,
D3_02023,G_03163,en,FP_promptbench,0,0.9988524913787842,1,,,,
D3_02024,G_03164,en,FP_promptbench,0,0.9991834759712219,1,,,,
D3_02025,G_02154,en,FP_promptbench,0,0.9990355968475342,1,,,,
D3_02026,G_03166,en,FP_promptbench,0,0.9992545247077942,1,,,,
D3_02027,G_03167,en,FP_promptbench,0,0.9990322589874268,1,,,,
D3_02028,G_03168,en,FP_promptbench,0,0.9991891980171204,1,,,,
D3_02029,G_03169,en,FP_promptbench,0,0.9990808963775635,1,,,,
D3_02030,G_03170,en,FP_promptbench,0,0.9986404776573181,1,,,,
D3_02031,G_03171,en,FP_promptbench,0,0.9991644620895386,1,,,,
D3_02032,G_03172,en,FP_promptbench,0,0.999160647392273,1,,,,
D3_02033,G_03173,en,FP_promptbench,0,0.9989700317382812,1,,,,
D3_02034,G_03168,en,FP_promptbench,0,0.9990862607955933,1,,,,
D3_02106,G_03281,en,FP_promptbench,0,0.9992063641548157,1,,,,
D3_02107,G_02252,en,FP_promptbench,0,0.9991567134857178,1,,,,
D3_02108,G_04642,en,FP_promptbench,0,0.9991770386695862,1,,,,
D3_02109,G_03178,en,FP_promptbench,0,0.9990841150283813,1,,,,
D3_02110,G_02278,en,FP_promptbench,0,0.9988672733306885,1,,,,
D3_02111,G_03717,en,FP_promptbench,0,0.9988194108009338,1,,,,
D3_02112,G_02468,en,FP_promptbench,0,0.9989864230155945,1,,,,
D3_02113,G_02249,en,FP_promptbench,0,0.9988194108009338,1,,,,
D3_02114,G_03183,en,FP_promptbench,0,0.9989359974861145,1,,,,
D3_02115,G_02277,en,FP_promptbench,0,0.998976469039917,1,,,,
D3_02116,G_03185,en,FP_promptbench,0,0.9992074370384216,1,,,,
D3_02117,G_03186,en,FP_promptbench,0,0.9991711378097534,1,,,,
D3_02118,G_03187,en,FP_promptbench,0,0.9991762042045593,1,,,,
D3_02119,G_03188,en,FP_promptbench,0,0.9992141723632812,1,,,,
D3_02120,G_03189,en,FP_promptbench,0,0.9992511868476868,1,,,,
D3_02121,G_03190,en,FP_promptbench,0,0.9992092847824097,1,,,,
D3_02123,G_02239,en,FP_promptbench,0,0.9992855191230774,1,,,,
D3_02124,G_02243,en,FP_promptbench,0,0.9992808699607849,1,,,,
D3_02125,G_03281,en,FP_promptbench,0,0.999242901802063,1,,,,
D3_02126,G_02252,en,FP_promptbench,0,0.9992239475250244,1,,,,
D3_02127,G_04642,en,FP_promptbench,0,0.9992296695709229,1,,,,
D3_02128,G_03196,en,FP_promptbench,0,0.9992534518241882,1,,,,
D3_02129,G_02238,en,FP_promptbench,0,0.9992558360099792,1,,,,
D3_02130,G_02243,en,FP_promptbench,0,0.9992250204086304,1,,,,
D3_02131,G_03281,en,FP_promptbench,0,0.9992177486419678,1,,,,
D3_02133,G_02252,en,FP_promptbench,0,0.9992759823799133,1,,,,
D3_02134,G_03201,en,FP_promptbench,0,0.9992200136184692,1,,,,
D3_02135,G_03202,en,FP_promptbench,0,0.9993267059326172,1,,,,
D3_02136,G_02243,en,FP_promptbench,0,0.9992245435714722,1,,,,
D3_02137,G_03281,en,FP_promptbench,0,0.9992503523826599,1,,,,
D3_02138,G_04642,en,FP_promptbench,0,0.9991517066955566,1,,,,
D3_02139,G_02252,en,FP_promptbench,0,0.9991959929466248,1,,,,
D3_02140,G_03207,en,FP_promptbench,0,0.9990653395652771,1,,,,
D3_02141,G_02238,en,FP_promptbench,0,0.9992254972457886,1,,,,
D3_02142,G_03209,en,FP_promptbench,0,0.999134361743927,1,,,,
D3_02143,G_03210,en,FP_promptbench,0,0.99928879737854,1,,,,
D3_02144,G_03211,en,FP_promptbench,0,0.999211311340332,1,,,,
D3_02145,G_03212,en,FP_promptbench,0,0.9991726279258728,1,,,,
D3_02146,G_03213,en,FP_promptbench,0,0.9992727637290955,1,,,,
D3_02147,G_03214,en,FP_promptbench,0,0.9991834759712219,1,,,,
D3_02148,G_03215,en,FP_promptbench,0,0.9992357492446899,1,,,,
D3_02149,G_03216,en,FP_promptbench,0,0.9992135763168335,1,,,,
D3_02150,G_03217,en,FP_promptbench,0,0.999220609664917,1,,,,
D3_02151,G_03218,en,FP_promptbench,0,0.9992819428443909,1,,,,
D3_02212,G_03219,en,FP_promptbench,0,0.998458981513977,1,,,,
D3_02213,G_02355,en,FP_promptbench,0,0.9981866478919983,1,,,,
D3_02214,G_02354,en,FP_promptbench,0,0.9977943897247314,1,,,,
D3_02215,G_02353,en,FP_promptbench,0,0.9986481070518494,1,,,,
D3_02217,G_04180,en,FP_promptbench,0,0.9982995390892029,1,,,,
D3_02218,G_02358,en,FP_promptbench,0,0.9971103668212891,1,,,,
D3_02219,G_02372,en,FP_promptbench,0,0.9987917542457581,1,,,,
D3_02220,G_02357,en,FP_promptbench,0,0.9981620907783508,1,,,,
D3_02222,G_02390,en,FP_promptbench,0,0.9991538524627686,1,,,,
D3_02223,G_03228,en,FP_promptbench,0,0.998829185962677,1,,,,
D3_02224,G_02367,en,FP_promptbench,0,0.9987419247627258,1,,,,
D3_02225,G_03230,en,FP_promptbench,0,0.9990612864494324,1,,,,
D3_02226,G_02364,en,FP_promptbench,0,0.9988967180252075,1,,,,
D3_02227,G_02363,en,FP_promptbench,0,0.9990437626838684,1,,,,
D3_02228,G_02366,en,FP_promptbench,0,0.9989016056060791,1,,,,
D3_02229,G_02360,en,FP_promptbench,0,0.9990712404251099,1,,,,
D3_02230,G_02368,en,FP_promptbench,0,0.9990313053131104,1,,,,
D3_02231,G_02369,en,FP_promptbench,0,0.9987469911575317,1,,,,
D3_02232,G_03237,en,FP_promptbench,0,0.9988018274307251,1,,,,
D3_02233,G_03238,en,FP_promptbench,0,0.9977596998214722,1,,,,
D3_02234,G_03239,en,FP_promptbench,0,0.9981260895729065,1,,,,
D3_02235,G_03240,en,FP_promptbench,0,0.9988600015640259,1,,,,
D3_02236,G_03241,en,FP_promptbench,0,0.9991641044616699,1,,,,
D3_02237,G_03242,en,FP_promptbench,0,0.9986934065818787,1,,,,
D3_02238,G_03219,en,FP_promptbench,0,0.9989896416664124,1,,,,
D3_02239,G_02355,en,FP_promptbench,0,0.9990859031677246,1,,,,
D3_02240,G_02354,en,FP_promptbench,0,0.9987615346908569,1,,,,
D3_02241,G_02390,en,FP_promptbench,0,0.9992781281471252,1,,,,
D3_02242,G_02367,en,FP_promptbench,0,0.9991278052330017,1,,,,
D3_02243,G_03228,en,FP_promptbench,0,0.9990222454071045,1,,,,
D3_02244,G_03249,en,FP_promptbench,0,0.9991582632064819,1,,,,
D3_02245,G_03250,en,FP_promptbench,0,0.9989967942237854,1,,,,
D3_02247,G_03251,en,FP_promptbench,0,0.9992689490318298,1,,,,
D3_02248,G_03252,en,FP_promptbench,0,0.9991150498390198,1,,,,
D3_02249,G_03253,en,FP_promptbench,0,0.9992792010307312,1,,,,
D3_02250,G_03254,en,FP_promptbench,0,0.9992458820343018,1,,,,
D3_02251,G_03255,en,FP_promptbench,0,0.9991405010223389,1,,,,
D3_02252,G_02354,en,FP_promptbench,0,0.9991468191146851,1,,,,
D3_02253,G_03257,en,FP_promptbench,0,0.9992148876190186,1,,,,
D3_02254,G_02390,en,FP_promptbench,0,0.9992766976356506,1,,,,
D3_02255,G_03259,en,FP_promptbench,0,0.9992031455039978,1,,,,
D3_02256,G_03260,en,FP_promptbench,0,0.9983853101730347,1,,,,
D3_02257,G_03261,en,FP_promptbench,0,0.999016523361206,1,,,,
D3_02258,G_03262,en,FP_promptbench,0,0.9924672245979309,1,,,,
D3_02259,G_03263,en,FP_promptbench,0,0.9992038607597351,1,,,,
D3_02260,G_03264,en,FP_promptbench,0,0.9991039633750916,1,,,,
D3_02261,G_03265,en,FP_promptbench,0,0.9992184638977051,1,,,,
D3_02262,G_03266,en,FP_promptbench,0,0.9989916682243347,1,,,,
D3_02263,G_03267,en,FP_promptbench,0,0.998508870601654,1,,,,
D3_02264,G_03268,en,FP_promptbench,0,0.9986705780029297,1,,,,
D3_02265,G_03269,en,FP_promptbench,0,0.999222993850708,1,,,,
D3_02266,G_03270,en,FP_promptbench,0,0.9986215829849243,1,,,,
D3_02267,G_03271,en,FP_promptbench,0,0.9989637136459351,1,,,,
D3_02349,G_03272,en,FP_promptbench,0,0.9991224408149719,1,,,,
D3_02350,G_03273,en,FP_promptbench,0,0.9991790652275085,1,,,,
D3_02351,G_03274,en,FP_promptbench,0,0.9991984963417053,1,,,,
D3_02352,G_03275,en,FP_promptbench,0,0.9991415739059448,1,,,,
D3_02353,G_03276,en,FP_promptbench,0,0.999147891998291,1,,,,
D3_02354,G_03277,en,FP_promptbench,0,0.9991286396980286,1,,,,
D3_02355,G_02239,en,FP_promptbench,0,0.999264657497406,1,,,,
D3_02356,G_03279,en,FP_promptbench,0,0.9992762207984924,1,,,,
D3_02357,G_02245,en,FP_promptbench,0,0.9992793202400208,1,,,,
D3_02358,G_03281,en,FP_promptbench,0,0.999215841293335,1,,,,
D3_02359,G_03178,en,FP_promptbench,0,0.999158501625061,1,,,,
D3_02360,G_04642,en,FP_promptbench,0,0.9992214441299438,1,,,,
D3_02361,G_03284,en,FP_promptbench,0,0.9992515444755554,1,,,,
D3_02362,G_03285,en,FP_promptbench,0,0.9992725253105164,1,,,,
D3_02363,G_02238,en,FP_promptbench,0,0.9991959929466248,1,,,,
D3_02364,G_03287,en,FP_promptbench,0,0.9992614388465881,1,,,,
D3_02365,G_03178,en,FP_promptbench,0,0.9992664456367493,1,,,,
D3_02368,G_03289,en,FP_promptbench,0,0.9992495179176331,1,,,,
D3_02371,G_03178,en,FP_promptbench,0,0.9991125464439392,1,,,,
D3_02372,G_04642,en,FP_promptbench,0,0.9991771578788757,1,,,,
D3_02373,G_03292,en,FP_promptbench,0,0.9992289543151855,1,,,,
D3_02374,G_03293,en,FP_promptbench,0,0.9992414712905884,1,,,,
D3_02376,G_03281,en,FP_promptbench,0,0.999235987663269,1,,,,
D3_02377,G_03295,en,FP_promptbench,0,0.9992812275886536,1,,,,
D3_02378,G_03296,en,FP_promptbench,0,0.9992196559906006,1,,,,
D3_02379,G_03297,en,FP_promptbench,0,0.9992244243621826,1,,,,
D3_02381,G_02245,en,FP_promptbench,0,0.9990673661231995,1,,,,
D3_02382,G_03299,en,FP_promptbench,0,0.999201238155365,1,,,,
D3_02383,G_03178,en,FP_promptbench,0,0.9992057681083679,1,,,,
D3_02384,G_03301,en,FP_promptbench,0,0.9992383718490601,1,,,,
D3_02465,G_03302,en,FP_promptbench,0,0.9991402626037598,1,,,,
D3_02466,G_03303,en,FP_promptbench,0,0.9990617632865906,1,,,,
D3_02467,G_03304,en,FP_promptbench,0,0.999083399772644,1,,,,
D3_02468,G_03305,en,FP_promptbench,0,0.9991421699523926,1,,,,
D3_02469,G_03306,en,FP_promptbench,0,0.9991851449012756,1,,,,
D3_02470,G_03307,en,FP_promptbench,0,0.999171257019043,1,,,,
D3_02471,G_02521,en,FP_promptbench,0,0.9991139769554138,1,,,,
D3_02472,G_02519,en,FP_promptbench,0,0.9991474151611328,1,,,,
D3_02473,G_03310,en,FP_promptbench,0,0.9990702271461487,1,,,,
D3_02474,G_02504,en,FP_promptbench,0,0.9991410970687866,1,,,,
D3_02475,G_02511,en,FP_promptbench,0,0.9992467164993286,1,,,,
D3_02476,G_02512,en,FP_promptbench,0,0.9992708563804626,1,,,,
D3_02477,G_02521,en,FP_promptbench,0,0.9992067217826843,1,,,,
D3_02478,G_02519,en,FP_promptbench,0,0.9991005659103394,1,,,,
D3_02479,G_03316,en,FP_promptbench,0,0.9991724491119385,1,,,,
D3_02481,G_02504,en,FP_promptbench,0,0.99913090467453,1,,,,
D3_02482,G_02512,en,FP_promptbench,0,0.9991361498832703,1,,,,
D3_02483,G_03319,en,FP_promptbench,0,0.9992387294769287,1,,,,
D3_02484,G_02519,en,FP_promptbench,0,0.9991995692253113,1,,,,
D3_02485,G_03321,en,FP_promptbench,0,0.9991247057914734,1,,,,
D3_02487,G_03322,en,FP_promptbench,0,0.9992324113845825,1,,,,
D3_02488,G_03323,en,FP_promptbench,0,0.9993090629577637,1,,,,
D3_02489,G_03324,en,FP_promptbench,0,0.999136745929718,1,,,,
D3_02490,G_03325,en,FP_promptbench,0,0.9991089701652527,1,,,,
D3_02491,G_03326,en,FP_promptbench,0,0.9990357160568237,1,,,,
D3_02492,G_03327,en,FP_promptbench,0,0.9992475509643555,1,,,,
D3_02493,G_03328,en,FP_promptbench,0,0.9991425275802612,1,,,,
D3_02494,G_02512,en,FP_promptbench,0,0.9991719722747803,1,,,,
D3_02495,G_03330,en,FP_promptbench,0,0.9991682767868042,1,,,,
D3_02496,G_03331,en,FP_promptbench,0,0.9991003274917603,1,,,,
D3_02497,G_03332,en,FP_promptbench,0,0.9990401864051819,1,,,,
D3_02498,G_03333,en,FP_promptbench,0,0.9990112781524658,1,,,,
D3_02499,G_03334,en,FP_promptbench,0,0.9990823268890381,1,,,,
D3_02500,G_03335,en,FP_promptbench,0,0.9992062449455261,1,,,,
D3_02561,G_03336,en,FP_promptbench,0,0.9992120265960693,1,,,,
D3_02562,G_03337,en,FP_promptbench,0,0.999118983745575,1,,,,
D3_02563,G_03338,en,FP_promptbench,0,0.9990988969802856,1,,,,
D3_02564,G_03339,en,FP_promptbench,0,0.9992259740829468,1,,,,
D3_02565,G_03340,en,FP_promptbench,0,0.9991175532341003,1,,,,
D3_02569,G_02610,en,FP_promptbench,0,0.9990035891532898,1,,,,
D3_02570,G_03342,en,FP_promptbench,0,0.9991135001182556,1,,,,
D3_02581,G_03343,en,FP_promptbench,0,0.9992362260818481,1,,,,
D3_02582,G_03344,en,FP_promptbench,0,0.9990389347076416,1,,,,
D3_02583,G_03345,en,FP_promptbench,0,0.9991675615310669,1,,,,
D3_02584,G_03346,en,FP_promptbench,0,0.9992702603340149,1,,,,
D3_02585,G_03347,en,FP_promptbench,0,0.9991951584815979,1,,,,
D3_02586,G_03348,en,FP_promptbench,0,0.9991635084152222,1,,,,
D3_02587,G_03336,en,FP_promptbench,0,0.9992464780807495,1,,,,
D3_02588,G_03337,en,FP_promptbench,0,0.9992421865463257,1,,,,
D3_02589,G_03338,en,FP_promptbench,0,0.9992696642875671,1,,,,
D3_02590,G_02616,en,FP_promptbench,0,0.9991466999053955,1,,,,
D3_02591,G_02620,en,FP_promptbench,0,0.9992460012435913,1,,,,
D3_02592,G_02617,en,FP_promptbench,0,0.9992541670799255,1,,,,
D3_02593,G_03355,en,FP_promptbench,0,0.9992848038673401,1,,,,
D3_02594,G_03356,en,FP_promptbench,0,0.9992616772651672,1,,,,
D3_02595,G_03357,en,FP_promptbench,0,0.9991647005081177,1,,,,
D3_02596,G_03358,en,FP_promptbench,0,0.9992726445198059,1,,,,
D3_02597,G_03359,en,FP_promptbench,0,0.9992395639419556,1,,,,
D3_02598,G_03360,en,FP_promptbench,0,0.9993428587913513,1,,,,
D3_02599,G_03361,en,FP_promptbench,0,0.9993206262588501,1,,,,
D3_02600,G_03362,en,FP_promptbench,0,0.9992535710334778,1,,,,
D3_02601,G_03338,en,FP_promptbench,0,0.9992578625679016,1,,,,
D3_02602,G_02616,en,FP_promptbench,0,0.9992263317108154,1,,,,
D3_02603,G_02620,en,FP_promptbench,0,0.9993060827255249,1,,,,
D3_02604,G_03366,en,FP_promptbench,0,0.9992756247520447,1,,,,
D3_02605,G_03367,en,FP_promptbench,0,0.999285876750946,1,,,,
D3_02606,G_03368,en,FP_promptbench,0,0.9991275668144226,1,,,,
D3_02607,G_03369,en,FP_promptbench,0,0.9992799162864685,1,,,,
D3_02608,G_03370,en,FP_promptbench,0,0.9993150234222412,1,,,,
D3_02609,G_03371,en,FP_promptbench,0,0.9992903470993042,1,,,,
D3_02610,G_03372,en,FP_promptbench,0,0.999256432056427,1,,,,
D3_02611,G_03373,en,FP_promptbench,0,0.9992799162864685,1,,,,
D3_02612,G_03374,en,FP_promptbench,0,0.9992289543151855,1,,,,
D3_02613,G_03375,en,FP_promptbench,0,0.9992734789848328,1,,,,
D3_02614,G_03376,en,FP_promptbench,0,0.9993157386779785,1,,,,
D3_02615,G_03377,en,FP_promptbench,0,0.999273955821991,1,,,,
D3_02616,G_03378,en,FP_promptbench,0,0.9993135929107666,1,,,,
D3_02677,G_02726,en,FP_promptbench,0,0.9985756874084473,1,,,,
D3_02678,G_03915,en,FP_promptbench,0,0.9987421631813049,1,,,,
D3_02679,G_02752,en,FP_promptbench,0,0.9988059997558594,1,,,,
D3_02680,G_03382,en,FP_promptbench,0,0.9988645315170288,1,,,,
D3_02681,G_02725,en,FP_promptbench,0,0.9989694356918335,1,,,,
D3_02682,G_03384,en,FP_promptbench,0,0.998616099357605,1,,,,
D3_02683,G_02825,en,FP_promptbench,0,0.9984971284866333,1,,,,
D3_02684,G_02721,en,FP_promptbench,0,0.9983710646629333,1,,,,
D3_02685,G_03387,en,FP_promptbench,0,0.9991318583488464,1,,,,
D3_02686,G_02827,en,FP_promptbench,0,0.9987689852714539,1,,,,
D3_02687,G_02738,en,FP_promptbench,0,0.998823344707489,1,,,,
D3_02688,G_02731,en,FP_promptbench,0,0.9987242817878723,1,,,,
D3_02689,G_02733,en,FP_promptbench,0,0.9988577365875244,1,,,,
D3_02690,G_02735,en,FP_promptbench,0,0.9986382126808167,1,,,,
D3_02691,G_02732,en,FP_promptbench,0,0.998654842376709,1,,,,
D3_02692,G_02760,en,FP_promptbench,0,0.9988065958023071,1,,,,
D3_02693,G_02730,en,FP_promptbench,0,0.9988290667533875,1,,,,
D3_02694,G_02737,en,FP_promptbench,0,0.9988300204277039,1,,,,
D3_02695,G_02734,en,FP_promptbench,0,0.9990686774253845,1,,,,
D3_02696,G_02736,en,FP_promptbench,0,0.9988372921943665,1,,,,
D3_02697,G_03399,en,FP_promptbench,0,0.9989116191864014,1,,,,
D3_02698,G_03400,en,FP_promptbench,0,0.9990983009338379,1,,,,
D3_02699,G_03401,en,FP_promptbench,0,0.9990901947021484,1,,,,
D3_02700,G_03402,en,FP_promptbench,0,0.9988020658493042,1,,,,
D3_02701,G_03403,en,FP_promptbench,0,0.9988462924957275,1,,,,
D3_02702,G_03404,en,FP_promptbench,0,0.9990725517272949,1,,,,
D3_02703,G_02726,en,FP_promptbench,0,0.9990649819374084,1,,,,
D3_02704,G_03915,en,FP_promptbench,0,0.9991214871406555,1,,,,
D3_02705,G_03407,en,FP_promptbench,0,0.9991849064826965,1,,,,
D3_02706,G_02738,en,FP_promptbench,0,0.9991476535797119,1,,,,
D3_02707,G_02731,en,FP_promptbench,0,0.9991297125816345,1,,,,
D3_02708,G_02733,en,FP_promptbench,0,0.9991687536239624,1,,,,
D3_02709,G_03411,en,FP_promptbench,0,0.9991014003753662,1,,,,
D3_02710,G_03412,en,FP_promptbench,0,0.999264657497406,1,,,,
D3_02711,G_03413,en,FP_promptbench,0,0.9991958737373352,1,,,,
D3_02712,G_03414,en,FP_promptbench,0,0.9990530610084534,1,,,,
D3_02713,G_03415,en,FP_promptbench,0,0.9991826415061951,1,,,,
D3_02714,G_02733,en,FP_promptbench,0,0.9991274476051331,1,,,,
D3_02715,G_03417,en,FP_promptbench,0,0.9992340803146362,1,,,,
D3_02716,G_03418,en,FP_promptbench,0,0.999126136302948,1,,,,
D3_02717,G_02757,en,FP_promptbench,0,0.9991844296455383,1,,,,
D3_02718,G_03420,en,FP_promptbench,0,0.9992096424102783,1,,,,
D3_02719,G_02762,en,FP_promptbench,0,0.9991542100906372,1,,,,
D3_02720,G_02733,en,FP_promptbench,0,0.9991796612739563,1,,,,
D3_02721,G_03423,en,FP_promptbench,0,0.9989473223686218,1,,,,
D3_02722,G_03424,en,FP_promptbench,0,0.999144434928894,1,,,,
D3_02723,G_03425,en,FP_promptbench,0,0.9989614486694336,1,,,,
D3_02724,G_03426,en,FP_promptbench,0,0.9987592697143555,1,,,,
D3_02725,G_03427,en,FP_promptbench,0,0.9990381002426147,1,,,,
D3_02726,G_03428,en,FP_promptbench,0,0.9991312623023987,1,,,,
D3_02727,G_03429,en,FP_promptbench,0,0.9992544054985046,1,,,,
D3_02728,G_03430,en,FP_promptbench,0,0.9988235831260681,1,,,,
D3_02729,G_03431,en,FP_promptbench,0,0.9991932511329651,1,,,,
D3_02730,G_03432,en,FP_promptbench,0,0.9988055229187012,1,,,,
D3_02731,G_03433,en,FP_promptbench,0,0.9991154074668884,1,,,,
D3_02732,G_03434,en,FP_promptbench,0,0.9990398287773132,1,,,,
D3_02813,G_03435,en,FP_promptbench,0,0.999021053314209,1,,,,
D3_02814,G_03436,en,FP_promptbench,0,0.9987701773643494,1,,,,
D3_02815,G_03437,en,FP_promptbench,0,0.9989414811134338,1,,,,
D3_02816,G_03438,en,FP_promptbench,0,0.9991797804832458,1,,,,
D3_02817,G_03439,en,FP_promptbench,0,0.9991357922554016,1,,,,
D3_02818,G_03440,en,FP_promptbench,0,0.9988723397254944,1,,,,
D3_02819,G_03441,en,FP_promptbench,0,0.999122679233551,1,,,,
D3_02820,G_03384,en,FP_promptbench,0,0.9990580677986145,1,,,,
D3_02821,G_03382,en,FP_promptbench,0,0.9991071820259094,1,,,,
D3_02822,G_03444,en,FP_promptbench,0,0.9991998076438904,1,,,,
D3_02823,G_02760,en,FP_promptbench,0,0.9990444779396057,1,,,,
D3_02824,G_03446,en,FP_promptbench,0,0.999147891998291,1,,,,
D3_02825,G_02825,en,FP_promptbench,0,0.9990150928497314,1,,,,
D3_02827,G_03382,en,FP_promptbench,0,0.9990792274475098,1,,,,
D3_02828,G_03449,en,FP_promptbench,0,0.9991305470466614,1,,,,
D3_02829,G_03450,en,FP_promptbench,0,0.9992436170578003,1,,,,
D3_02830,G_03451,en,FP_promptbench,0,0.9990226030349731,1,,,,
D3_02831,G_03452,en,FP_promptbench,0,0.9991421699523926,1,,,,
D3_02832,G_02837,en,FP_promptbench,0,0.999198853969574,1,,,,
D3_02833,G_03454,en,FP_promptbench,0,0.9992058873176575,1,,,,
D3_02834,G_03455,en,FP_promptbench,0,0.9992369413375854,1,,,,
D3_02835,G_03456,en,FP_promptbench,0,0.9992019534111023,1,,,,
D3_02836,G_02760,en,FP_promptbench,0,0.9991883635520935,1,,,,
D3_02837,G_03458,en,FP_promptbench,0,0.9986118078231812,1,,,,
D3_02838,G_03459,en,FP_promptbench,0,0.9990233182907104,1,,,,
D3_02839,G_03460,en,FP_promptbench,0,0.9991014003753662,1,,,,
D3_02840,G_03461,en,FP_promptbench,0,0.9991652965545654,1,,,,
D3_02841,G_03462,en,FP_promptbench,0,0.9989354014396667,1,,,,
D3_02842,G_03463,en,FP_promptbench,0,0.9991993308067322,1,,,,
D3_02843,G_03464,en,FP_promptbench,0,0.9991785883903503,1,,,,
D3_02844,G_03465,en,FP_promptbench,0,0.9988675117492676,1,,,,
D3_02845,G_03466,en,FP_promptbench,0,0.9989830851554871,1,,,,
D3_02846,G_03467,en,FP_promptbench,0,0.9988213181495667,1,,,,
D3_02847,G_03468,en,FP_promptbench,0,0.9990270137786865,1,,,,
D3_02848,G_03469,en,FP_promptbench,0,0.9988927245140076,1,,,,
D3_02909,G_03470,en,FP_promptbench,0,0.9981865286827087,1,,,,
D3_02910,G_02855,en,FP_promptbench,0,0.9985470175743103,1,,,,
D3_02911,G_02861,en,FP_promptbench,0,0.9972535967826843,1,,,,
D3_02912,G_04786,en,FP_promptbench,0,0.9977861642837524,1,,,,
D3_02913,G_02854,en,FP_promptbench,0,0.9978386759757996,1,,,,
D3_02914,G_02860,en,FP_promptbench,0,0.9982901215553284,1,,,,
D3_02915,G_02858,en,FP_promptbench,0,0.9976397752761841,1,,,,
D3_02916,G_02863,en,FP_promptbench,0,0.9981405735015869,1,,,,
D3_02917,G_02859,en,FP_promptbench,0,0.9962154030799866,1,,,,
D3_02918,G_02862,en,FP_promptbench,0,0.9987198114395142,1,,,,
D3_02919,G_02864,en,FP_promptbench,0,0.9984151124954224,1,,,,
D3_02920,G_03481,en,FP_promptbench,0,0.9987537860870361,1,,,,
D3_02921,G_02866,en,FP_promptbench,0,0.9989652633666992,1,,,,
D3_02922,G_02871,en,FP_promptbench,0,0.9989713430404663,1,,,,
D3_02923,G_02865,en,FP_promptbench,0,0.9988844990730286,1,,,,
D3_02924,G_02872,en,FP_promptbench,0,0.9988492727279663,1,,,,
D3_02925,G_02873,en,FP_promptbench,0,0.9985118508338928,1,,,,
D3_02926,G_02867,en,FP_promptbench,0,0.9985571503639221,1,,,,
D3_02927,G_02869,en,FP_promptbench,0,0.998824417591095,1,,,,
D3_02928,G_02868,en,FP_promptbench,0,0.9989750385284424,1,,,,
D3_02929,G_03490,en,FP_promptbench,0,0.996498703956604,1,,,,
D3_02930,G_03491,en,FP_promptbench,0,0.9983763694763184,1,,,,
D3_02931,G_03492,en,FP_promptbench,0,0.9987744688987732,1,,,,
D3_02932,G_03493,en,FP_promptbench,0,0.9986296892166138,1,,,,
D3_02933,G_03494,en,FP_promptbench,0,0.9986979961395264,1,,,,
D3_02934,G_03495,en,FP_promptbench,0,0.9988431930541992,1,,,,
D3_02935,G_03496,en,FP_promptbench,0,0.9987685084342957,1,,,,
D3_02936,G_03497,en,FP_promptbench,0,0.9987667798995972,1,,,,
D3_02937,G_03498,en,FP_promptbench,0,0.9983536005020142,1,,,,
D3_02938,G_03499,en,FP_promptbench,0,0.9989058971405029,1,,,,
D3_02939,G_02864,en,FP_promptbench,0,0.9984424710273743,1,,,,
D3_02940,G_02866,en,FP_promptbench,0,0.9990642666816711,1,,,,
D3_02941,G_03470,en,FP_promptbench,0,0.9986918568611145,1,,,,
D3_02942,G_03503,en,FP_promptbench,0,0.9989123344421387,1,,,,
D3_02943,G_03504,en,FP_promptbench,0,0.9989694356918335,1,,,,
D3_02944,G_03505,en,FP_promptbench,0,0.9990069270133972,1,,,,
D3_02945,G_03506,en,FP_promptbench,0,0.9991145730018616,1,,,,
D3_02946,G_03507,en,FP_promptbench,0,0.9991346001625061,1,,,,
D3_02947,G_03508,en,FP_promptbench,0,0.9989836812019348,1,,,,
D3_02948,G_02893,en,FP_promptbench,0,0.9990456700325012,1,,,,
D3_02949,G_03510,en,FP_promptbench,0,0.9990334510803223,1,,,,
D3_02950,G_03511,en,FP_promptbench,0,0.9990637898445129,1,,,,
D3_02951,G_03512,en,FP_promptbench,0,0.999123752117157,1,,,,
D3_02952,G_02896,en,FP_promptbench,0,0.9990952014923096,1,,,,
D3_02953,G_03470,en,FP_promptbench,0,0.9988238215446472,1,,,,
D3_02954,G_03515,en,FP_promptbench,0,0.9989006519317627,1,,,,
D3_02955,G_03516,en,FP_promptbench,0,0.9986188411712646,1,,,,
D3_02956,G_03517,en,FP_promptbench,0,0.9990140199661255,1,,,,
D3_02957,G_03518,en,FP_promptbench,0,0.9991714954376221,1,,,,
D3_02958,G_03519,en,FP_promptbench,0,0.9990717172622681,1,,,,
D3_02959,G_03520,en,FP_promptbench,0,0.9987189769744873,1,,,,
D3_02960,G_03521,en,FP_promptbench,0,0.9967586398124695,1,,,,
D3_02961,G_03522,en,FP_promptbench,0,0.9988954067230225,1,,,,
D3_02962,G_03523,en,FP_promptbench,0,0.9988752007484436,1,,,,
D3_02963,G_03524,en,FP_promptbench,0,0.9989423155784607,1,,,,
D3_02964,G_03525,en,FP_promptbench,0,0.9989458918571472,1,,,,
D3_03045,G_03526,en,FP_promptbench,0,0.9992202520370483,1,,,,
D3_03046,G_03527,en,FP_promptbench,0,0.9992353916168213,1,,,,
D3_03047,G_03528,en,FP_promptbench,0,0.9990977048873901,1,,,,
D3_03048,G_03529,en,FP_promptbench,0,0.9990228414535522,1,,,,
D3_03049,G_03530,en,FP_promptbench,0,0.9991693496704102,1,,,,
D3_03050,G_03531,en,FP_promptbench,0,0.999213457107544,1,,,,
D3_03051,G_01667,en,FP_promptbench,0,0.999295711517334,1,,,,
D3_03052,G_01663,en,FP_promptbench,0,0.9993021488189697,1,,,,
D3_03053,G_02968,en,FP_promptbench,0,0.9991681575775146,1,,,,
D3_03054,G_02971,en,FP_promptbench,0,0.9991588592529297,1,,,,
D3_03055,G_01679,en,FP_promptbench,0,0.9992039799690247,1,,,,
D3_03056,G_01698,en,FP_promptbench,0,0.9991058707237244,1,,,,
D3_03057,G_03538,en,FP_promptbench,0,0.9992321729660034,1,,,,
D3_03058,G_03539,en,FP_promptbench,0,0.9991737008094788,1,,,,
D3_03059,G_03540,en,FP_promptbench,0,0.998974084854126,1,,,,
D3_03060,G_03541,en,FP_promptbench,0,0.9990967512130737,1,,,,
D3_03061,G_03542,en,FP_promptbench,0,0.9991913437843323,1,,,,
D3_03062,G_03543,en,FP_promptbench,0,0.9992008805274963,1,,,,
D3_03063,G_03544,en,FP_promptbench,0,0.999225378036499,1,,,,
D3_03064,G_01663,en,FP_promptbench,0,0.9993084669113159,1,,,,
D3_03065,G_03546,en,FP_promptbench,0,0.999258816242218,1,,,,
D3_03066,G_03002,en,FP_promptbench,0,0.9991657733917236,1,,,,
D3_03067,G_03548,en,FP_promptbench,0,0.9992523789405823,1,,,,
D3_03069,G_03549,en,FP_promptbench,0,0.9992278814315796,1,,,,
D3_03070,G_03550,en,FP_promptbench,0,0.9989435076713562,1,,,,
D3_03071,G_03551,en,FP_promptbench,0,0.9992086291313171,1,,,,
D3_03072,G_03552,en,FP_promptbench,0,0.9991493225097656,1,,,,
D3_03073,G_03553,en,FP_promptbench,0,0.9991631507873535,1,,,,
D3_03074,G_03554,en,FP_promptbench,0,0.999077558517456,1,,,,
D3_03075,G_03555,en,FP_promptbench,0,0.9989544153213501,1,,,,
D3_03076,G_03556,en,FP_promptbench,0,0.9991117119789124,1,,,,
D3_03077,G_03557,en,FP_promptbench,0,0.9990967512130737,1,,,,
D3_03078,G_03558,en,FP_promptbench,0,0.998941957950592,1,,,,
D3_03079,G_03559,en,FP_promptbench,0,0.9991888403892517,1,,,,
D3_03080,G_03560,en,FP_promptbench,0,0.9991125464439392,1,,,,
D3_03161,G_03561,en,FP_promptbench,0,0.9992215633392334,1,,,,
D3_03162,G_03562,en,FP_promptbench,0,0.9991650581359863,1,,,,
D3_03163,G_03563,en,FP_promptbench,0,0.9992127418518066,1,,,,
D3_03164,G_03564,en,FP_promptbench,0,0.9992201328277588,1,,,,
D3_03165,G_03565,en,FP_promptbench,0,0.9992287158966064,1,,,,
D3_03166,G_03566,en,FP_promptbench,0,0.9990963935852051,1,,,,
D3_03167,G_03023,en,FP_promptbench,0,0.9992378950119019,1,,,,
D3_03168,G_03579,en,FP_promptbench,0,0.9992552399635315,1,,,,
D3_03169,G_01816,en,FP_promptbench,0,0.999230146408081,1,,,,
D3_03170,G_01819,en,FP_promptbench,0,0.999285876750946,1,,,,
D3_03171,G_01794,en,FP_promptbench,0,0.9992697834968567,1,,,,
D3_03172,G_03045,en,FP_promptbench,0,0.9990678429603577,1,,,,
D3_03173,G_03573,en,FP_promptbench,0,0.9993195533752441,1,,,,
D3_03174,G_03574,en,FP_promptbench,0,0.999313235282898,1,,,,
D3_03175,G_03575,en,FP_promptbench,0,0.9993150234222412,1,,,,
D3_03176,G_03576,en,FP_promptbench,0,0.9992538094520569,1,,,,
D3_03177,G_03577,en,FP_promptbench,0,0.9992921352386475,1,,,,
D3_03179,G_03578,en,FP_promptbench,0,0.9992107152938843,1,,,,
D3_03180,G_03579,en,FP_promptbench,0,0.9992613196372986,1,,,,
D3_03181,G_01816,en,FP_promptbench,0,0.9992669224739075,1,,,,
D3_03183,G_03581,en,FP_promptbench,0,0.9991649389266968,1,,,,
D3_03184,G_03058,en,FP_promptbench,0,0.9991057515144348,1,,,,
D3_03185,G_03583,en,FP_promptbench,0,0.9992203712463379,1,,,,
D3_03186,G_03584,en,FP_promptbench,0,0.9993304014205933,1,,,,
D3_03187,G_03585,en,FP_promptbench,0,0.999221920967102,1,,,,
D3_03188,G_03586,en,FP_promptbench,0,0.9992695450782776,1,,,,
D3_03189,G_03587,en,FP_promptbench,0,0.9992955923080444,1,,,,
D3_03191,G_03588,en,FP_promptbench,0,0.999151349067688,1,,,,
D3_03192,G_03589,en,FP_promptbench,0,0.999257504940033,1,,,,
D3_03193,G_03590,en,FP_promptbench,0,0.9992777705192566,1,,,,
D3_03194,G_03591,en,FP_promptbench,0,0.999243974685669,1,,,,
D3_03195,G_03592,en,FP_promptbench,0,0.9992214441299438,1,,,,
D3_03277,G_03593,en,FP_promptbench,0,0.9987305998802185,1,,,,
D3_03278,G_01897,en,FP_promptbench,0,0.9990943670272827,1,,,,
D3_03279,G_03595,en,FP_promptbench,0,0.999004065990448,1,,,,
D3_03280,G_03596,en,FP_promptbench,0,0.9988130331039429,1,,,,
D3_03281,G_03597,en,FP_promptbench,0,0.9989690780639648,1,,,,
D3_03282,G_03598,en,FP_promptbench,0,0.9989489912986755,1,,,,
D3_03283,G_03599,en,FP_promptbench,0,0.9988192915916443,1,,,,
D3_03284,G_01897,en,FP_promptbench,0,0.9990866184234619,1,,,,
D3_03285,G_03601,en,FP_promptbench,0,0.9992498755455017,1,,,,
D3_03286,G_01907,en,FP_promptbench,0,0.9989350438117981,1,,,,
D3_03287,G_03603,en,FP_promptbench,0,0.9990783929824829,1,,,,
D3_03288,G_01906,en,FP_promptbench,0,0.9991434812545776,1,,,,
D3_03289,G_03605,en,FP_promptbench,0,0.9989180564880371,1,,,,
D3_03290,G_03606,en,FP_promptbench,0,0.9991735816001892,1,,,,
D3_03291,G_03601,en,FP_promptbench,0,0.9990299940109253,1,,,,
D3_03292,G_03608,en,FP_promptbench,0,0.9991996884346008,1,,,,
D3_03294,G_03609,en,FP_promptbench,0,0.999198853969574,1,,,,
D3_03295,G_01898,en,FP_promptbench,0,0.9990757703781128,1,,,,
D3_03296,G_01897,en,FP_promptbench,0,0.9992269277572632,1,,,,
D3_03297,G_03601,en,FP_promptbench,0,0.9992504715919495,1,,,,
D3_03298,G_01907,en,FP_promptbench,0,0.9990561604499817,1,,,,
D3_03299,G_03603,en,FP_promptbench,0,0.999140739440918,1,,,,
D3_03300,G_01906,en,FP_promptbench,0,0.9991542100906372,1,,,,
D3_03301,G_03616,en,FP_promptbench,0,0.9990022778511047,1,,,,
D3_03302,G_03617,en,FP_promptbench,0,0.9991587400436401,1,,,,
D3_03303,G_03601,en,FP_promptbench,0,0.9990764856338501,1,,,,
D3_03304,G_03619,en,FP_promptbench,0,0.9991592168807983,1,,,,
D3_03305,G_03603,en,FP_promptbench,0,0.999160647392273,1,,,,
D3_03306,G_03621,en,FP_promptbench,0,0.9990283250808716,1,,,,
D3_03307,G_03622,en,FP_promptbench,0,0.9989884495735168,1,,,,
D3_03308,G_03623,en,FP_promptbench,0,0.998932421207428,1,,,,
D3_03309,G_03624,en,FP_promptbench,0,0.998803973197937,1,,,,
D3_03310,G_03625,en,FP_promptbench,0,0.9989303946495056,1,,,,
D3_03311,G_03626,en,FP_promptbench,0,0.999047577381134,1,,,,
D3_03312,G_03627,en,FP_promptbench,0,0.9989724159240723,1,,,,
D3_03393,G_03628,en,FP_promptbench,0,0.9992007613182068,1,,,,
D3_03394,G_03629,en,FP_promptbench,0,0.9992197751998901,1,,,,
D3_03395,G_03630,en,FP_promptbench,0,0.9991607666015625,1,,,,
D3_03396,G_03631,en,FP_promptbench,0,0.9992132186889648,1,,,,
D3_03397,G_03632,en,FP_promptbench,0,0.9991583824157715,1,,,,
D3_03398,G_03633,en,FP_promptbench,0,0.9991990923881531,1,,,,
D3_03399,G_03634,en,FP_promptbench,0,0.9991469383239746,1,,,,
D3_03400,G_02011,en,FP_promptbench,0,0.9990355968475342,1,,,,
D3_03401,G_02008,en,FP_promptbench,0,0.9990687966346741,1,,,,
D3_03402,G_02018,en,FP_promptbench,0,0.9992457628250122,1,,,,
D3_03403,G_02015,en,FP_promptbench,0,0.9992257356643677,1,,,,
D3_03404,G_03639,en,FP_promptbench,0,0.9992175102233887,1,,,,
D3_03405,G_03640,en,FP_promptbench,0,0.9992302656173706,1,,,,
D3_03406,G_03641,en,FP_promptbench,0,0.9991544485092163,1,,,,
D3_03407,G_03642,en,FP_promptbench,0,0.9992645382881165,1,,,,
D3_03408,G_03643,en,FP_promptbench,0,0.9991787075996399,1,,,,
D3_03409,G_03644,en,FP_promptbench,0,0.9992634654045105,1,,,,
D3_03410,G_03645,en,FP_promptbench,0,0.9992382526397705,1,,,,
D3_03411,G_03634,en,FP_promptbench,0,0.9992108345031738,1,,,,
D3_03413,G_03647,en,FP_promptbench,0,0.9992144107818604,1,,,,
D3_03414,G_02018,en,FP_promptbench,0,0.9992344379425049,1,,,,
D3_03416,G_03639,en,FP_promptbench,0,0.9992018342018127,1,,,,
D3_03417,G_03650,en,FP_promptbench,0,0.9992673993110657,1,,,,
D3_03418,G_03651,en,FP_promptbench,0,0.9992333650588989,1,,,,
D3_03419,G_03652,en,FP_promptbench,0,0.9992832541465759,1,,,,
D3_03420,G_03653,en,FP_promptbench,0,0.9992044568061829,1,,,,
D3_03421,G_03654,en,FP_promptbench,0,0.9992081522941589,1,,,,
D3_03422,G_03655,en,FP_promptbench,0,0.9992163181304932,1,,,,
D3_03423,G_03656,en,FP_promptbench,0,0.9992762207984924,1,,,,
D3_03424,G_03657,en,FP_promptbench,0,0.9991750121116638,1,,,,
D3_03425,G_03658,en,FP_promptbench,0,0.9992153644561768,1,,,,
D3_03426,G_03659,en,FP_promptbench,0,0.9992257356643677,1,,,,
D3_03427,G_03660,en,FP_promptbench,0,0.9991968274116516,1,,,,
D3_03428,G_03661,en,FP_promptbench,0,0.9992276430130005,1,,,,
D3_03510,G_03662,en,FP_promptbench,0,0.999078631401062,1,,,,
D3_03511,G_03663,en,FP_promptbench,0,0.9988774657249451,1,,,,
D3_03512,G_03664,en,FP_promptbench,0,0.9989941716194153,1,,,,
D3_03513,G_03665,en,FP_promptbench,0,0.9990910291671753,1,,,,
D3_03514,G_03666,en,FP_promptbench,0,0.9990704655647278,1,,,,
D3_03515,G_03667,en,FP_promptbench,0,0.9991686344146729,1,,,,
D3_03516,G_02120,en,FP_promptbench,0,0.999201238155365,1,,,,
D3_03517,G_02125,en,FP_promptbench,0,0.9991430044174194,1,,,,
D3_03518,G_02154,en,FP_promptbench,0,0.9990818500518799,1,,,,
D3_03519,G_02133,en,FP_promptbench,0,0.9992163181304932,1,,,,
D3_03520,G_02150,en,FP_promptbench,0,0.9991732239723206,1,,,,
D3_03521,G_03685,en,FP_promptbench,0,0.9990983009338379,1,,,,
D3_03522,G_03674,en,FP_promptbench,0,0.9991496801376343,1,,,,
D3_03523,G_03675,en,FP_promptbench,0,0.9991045594215393,1,,,,
D3_03524,G_02154,en,FP_promptbench,0,0.999127209186554,1,,,,
D3_03525,G_03677,en,FP_promptbench,0,0.9992515444755554,1,,,,
D3_03526,G_03678,en,FP_promptbench,0,0.9992432594299316,1,,,,
D3_03527,G_03679,en,FP_promptbench,0,0.9992066025733948,1,,,,
D3_03528,G_03680,en,FP_promptbench,0,0.9992200136184692,1,,,,
D3_03529,G_03681,en,FP_promptbench,0,0.999196469783783,1,,,,
D3_03530,G_02154,en,FP_promptbench,0,0.9991694688796997,1,,,,
D3_03531,G_03683,en,FP_promptbench,0,0.9992033839225769,1,,,,
D3_03532,G_02150,en,FP_promptbench,0,0.9992210865020752,1,,,,
D3_03533,G_03685,en,FP_promptbench,0,0.9991449117660522,1,,,,
D3_03534,G_03686,en,FP_promptbench,0,0.9990923404693604,1,,,,
D3_03535,G_03687,en,FP_promptbench,0,0.9990392923355103,1,,,,
D3_03536,G_03688,en,FP_promptbench,0,0.999049961566925,1,,,,
D3_03537,G_03689,en,FP_promptbench,0,0.9992064833641052,1,,,,
D3_03538,G_03690,en,FP_promptbench,0,0.9992314577102661,1,,,,
D3_03539,G_03691,en,FP_promptbench,0,0.9991862177848816,1,,,,
D3_03540,G_03692,en,FP_promptbench,0,0.9986244440078735,1,,,,
D3_03541,G_03693,en,FP_promptbench,0,0.9990543723106384,1,,,,
D3_03542,G_03694,en,FP_promptbench,0,0.9991944432258606,1,,,,
D3_03543,G_03695,en,FP_promptbench,0,0.9991735816001892,1,,,,
D3_03544,G_03696,en,FP_promptbench,0,0.9991706609725952,1,,,,
D3_03626,G_03697,en,FP_promptbench,0,0.9992502331733704,1,,,,
D3_03627,G_03698,en,FP_promptbench,0,0.9992620348930359,1,,,,
D3_03628,G_03699,en,FP_promptbench,0,0.9989305138587952,1,,,,
D3_03629,G_03700,en,FP_promptbench,0,0.9991287589073181,1,,,,
D3_03630,G_03701,en,FP_promptbench,0,0.9990227222442627,1,,,,
D3_03631,G_03702,en,FP_promptbench,0,0.9992347955703735,1,,,,
D3_03632,G_02238,en,FP_promptbench,0,0.9992775321006775,1,,,,
D3_03634,G_02264,en,FP_promptbench,0,0.999040424823761,1,,,,
D3_03635,G_03281,en,FP_promptbench,0,0.9992870688438416,1,,,,
D3_03636,G_03717,en,FP_promptbench,0,0.9991099238395691,1,,,,
D3_03637,G_02252,en,FP_promptbench,0,0.9991973042488098,1,,,,
D3_03638,G_03708,en,FP_promptbench,0,0.9992701411247253,1,,,,
D3_03639,G_02239,en,FP_promptbench,0,0.9992746710777283,1,,,,
D3_03640,G_03710,en,FP_promptbench,0,0.9991909861564636,1,,,,
D3_03641,G_03281,en,FP_promptbench,0,0.9992738366127014,1,,,,
D3_03642,G_03717,en,FP_promptbench,0,0.9991239905357361,1,,,,
D3_03643,G_02252,en,FP_promptbench,0,0.999208390712738,1,,,,
D3_03645,G_02239,en,FP_promptbench,0,0.9991992115974426,1,,,,
D3_03646,G_03715,en,FP_promptbench,0,0.9991668462753296,1,,,,
D3_03647,G_03281,en,FP_promptbench,0,0.999213695526123,1,,,,
D3_03648,G_03717,en,FP_promptbench,0,0.9991766810417175,1,,,,
D3_03649,G_02252,en,FP_promptbench,0,0.9991934895515442,1,,,,
D3_03650,G_02238,en,FP_promptbench,0,0.9992786049842834,1,,,,
D3_03651,G_03720,en,FP_promptbench,0,0.9992843270301819,1,,,,
D3_03652,G_03721,en,FP_promptbench,0,0.9991225600242615,1,,,,
D3_03653,G_03281,en,FP_promptbench,0,0.9993313550949097,1,,,,
D3_03654,G_03723,en,FP_promptbench,0,0.9991033673286438,1,,,,
D3_03655,G_03724,en,FP_promptbench,0,0.999273955821991,1,,,,
D3_03656,G_03725,en,FP_promptbench,0,0.9992303848266602,1,,,,
D3_03657,G_03726,en,FP_promptbench,0,0.9991975426673889,1,,,,
D3_03658,G_03727,en,FP_promptbench,0,0.9989990592002869,1,,,,
D3_03659,G_03728,en,FP_promptbench,0,0.9992426633834839,1,,,,
D3_03660,G_03729,en,FP_promptbench,0,0.9990406632423401,1,,,,
D3_03661,G_03730,en,FP_promptbench,0,0.9991639852523804,1,,,,
D3_03742,G_03731,en,FP_promptbench,0,0.9979243278503418,1,,,,
D3_03743,G_03732,en,FP_promptbench,0,0.9625610709190369,1,,,,
D3_03744,G_03733,en,FP_promptbench,0,0.9988061189651489,1,,,,
D3_03745,G_03734,en,FP_promptbench,0,0.999160647392273,1,,,,
D3_03746,G_03735,en,FP_promptbench,0,0.9985182881355286,1,,,,
D3_03747,G_03736,en,FP_promptbench,0,0.9983851909637451,1,,,,
D3_03748,G_02359,en,FP_promptbench,0,0.9983003735542297,1,,,,
D3_03749,G_02354,en,FP_promptbench,0,0.9986782670021057,1,,,,
D3_03750,G_02353,en,FP_promptbench,0,0.9990347623825073,1,,,,
D3_03751,G_02363,en,FP_promptbench,0,0.9991409778594971,1,,,,
D3_03752,G_03741,en,FP_promptbench,0,0.9986640214920044,1,,,,
D3_03753,G_03742,en,FP_promptbench,0,0.9988422989845276,1,,,,
D3_03754,G_03743,en,FP_promptbench,0,0.9944072961807251,1,,,,
D3_03755,G_03744,en,FP_promptbench,0,0.9966683983802795,1,,,,
D3_03756,G_02353,en,FP_promptbench,0,0.9990932941436768,1,,,,
D3_03757,G_02363,en,FP_promptbench,0,0.9990355968475342,1,,,,
D3_03758,G_03747,en,FP_promptbench,0,0.9991253018379211,1,,,,
D3_03759,G_03748,en,FP_promptbench,0,0.9991365075111389,1,,,,
D3_03760,G_03749,en,FP_promptbench,0,0.9987630844116211,1,,,,
D3_03761,G_03750,en,FP_promptbench,0,0.999024510383606,1,,,,
D3_03762,G_03751,en,FP_promptbench,0,0.9991508722305298,1,,,,
D3_03763,G_02363,en,FP_promptbench,0,0.999183714389801,1,,,,
D3_03764,G_03753,en,FP_promptbench,0,0.9989709854125977,1,,,,
D3_03765,G_03754,en,FP_promptbench,0,0.9989407658576965,1,,,,
D3_03766,G_03755,en,FP_promptbench,0,0.9913336634635925,1,,,,
D3_03767,G_03756,en,FP_promptbench,0,0.19755631685256958,0,,,,
D3_03768,G_03757,en,FP_promptbench,0,0.99905925989151,1,,,,
D3_03769,G_03758,en,FP_promptbench,0,0.9992490410804749,1,,,,
D3_03770,G_03759,en,FP_promptbench,0,0.9992038607597351,1,,,,
D3_03771,G_03760,en,FP_promptbench,0,0.9984824061393738,1,,,,
D3_03772,G_03761,en,FP_promptbench,0,0.9980593323707581,1,,,,
D3_03773,G_03762,en,FP_promptbench,0,0.19639852643013,0,,,,
D3_03774,G_03763,en,FP_promptbench,0,0.9989585876464844,1,,,,
D3_03775,G_03764,en,FP_promptbench,0,0.999053418636322,1,,,,
D3_03776,G_03765,en,FP_promptbench,0,0.9989646673202515,1,,,,
D3_03777,G_03766,en,FP_promptbench,0,0.9982870221138,1,,,,
D3_03859,G_03767,en,FP_promptbench,0,0.999237060546875,1,,,,
D3_03860,G_03768,en,FP_promptbench,0,0.9986603260040283,1,,,,
D3_03861,G_03769,en,FP_promptbench,0,0.9988917708396912,1,,,,
D3_03862,G_03770,en,FP_promptbench,0,0.9990278482437134,1,,,,
D3_03863,G_03771,en,FP_promptbench,0,0.9990886449813843,1,,,,
D3_03864,G_03772,en,FP_promptbench,0,0.9991104006767273,1,,,,
D3_03866,G_03773,en,FP_promptbench,0,0.9989896416664124,1,,,,
D3_03867,G_04639,en,FP_promptbench,0,0.999125063419342,1,,,,
D3_03868,G_02277,en,FP_promptbench,0,0.9990782737731934,1,,,,
D3_03869,G_03776,en,FP_promptbench,0,0.999049961566925,1,,,,
D3_03870,G_03717,en,FP_promptbench,0,0.9990932941436768,1,,,,
D3_03871,G_02238,en,FP_promptbench,0,0.9992037415504456,1,,,,
D3_03872,G_03779,en,FP_promptbench,0,0.9990882873535156,1,,,,
D3_03873,G_03780,en,FP_promptbench,0,0.9991369843482971,1,,,,
D3_03874,G_03781,en,FP_promptbench,0,0.999202311038971,1,,,,
D3_03875,G_03782,en,FP_promptbench,0,0.9991940855979919,1,,,,
D3_03876,G_03783,en,FP_promptbench,0,0.9992470741271973,1,,,,
D3_03878,G_03784,en,FP_promptbench,0,0.9991204142570496,1,,,,
D3_03883,G_02238,en,FP_promptbench,0,0.9992495179176331,1,,,,
D3_03884,G_03786,en,FP_promptbench,0,0.9989136457443237,1,,,,
D3_03885,G_03787,en,FP_promptbench,0,0.9989230036735535,1,,,,
D3_03886,G_03788,en,FP_promptbench,0,0.999142050743103,1,,,,
D3_03887,G_03789,en,FP_promptbench,0,0.9989987015724182,1,,,,
D3_03888,G_03790,en,FP_promptbench,0,0.9990978240966797,1,,,,
D3_03889,G_02238,en,FP_promptbench,0,0.9992026686668396,1,,,,
D3_03890,G_03792,en,FP_promptbench,0,0.9988631010055542,1,,,,
D3_03891,G_03793,en,FP_promptbench,0,0.9989368319511414,1,,,,
D3_03892,G_03794,en,FP_promptbench,0,0.9990466237068176,1,,,,
D3_03893,G_03795,en,FP_promptbench,0,0.9990313053131104,1,,,,
D3_03894,G_03796,en,FP_promptbench,0,0.9989112615585327,1,,,,
D3_03975,G_03797,en,FP_promptbench,0,0.9991433620452881,1,,,,
D3_03976,G_03798,en,FP_promptbench,0,0.9991573095321655,1,,,,
D3_03977,G_03799,en,FP_promptbench,0,0.9991174340248108,1,,,,
D3_03978,G_03800,en,FP_promptbench,0,0.9989473223686218,1,,,,
D3_03979,G_03801,en,FP_promptbench,0,0.9991697072982788,1,,,,
D3_03980,G_03802,en,FP_promptbench,0,0.9992254972457886,1,,,,
D3_03981,G_02521,en,FP_promptbench,0,0.9991804957389832,1,,,,
D3_03982,G_03310,en,FP_promptbench,0,0.9989593029022217,1,,,,
D3_03983,G_02500,en,FP_promptbench,0,0.998963475227356,1,,,,
D3_03984,G_03806,en,FP_promptbench,0,0.9991901516914368,1,,,,
D3_03985,G_02503,en,FP_promptbench,0,0.999188244342804,1,,,,
D3_03986,G_03808,en,FP_promptbench,0,0.9992026686668396,1,,,,
D3_03987,G_03809,en,FP_promptbench,0,0.999148964881897,1,,,,
D3_03988,G_03810,en,FP_promptbench,0,0.9992246627807617,1,,,,
D3_03989,G_03811,en,FP_promptbench,0,0.999182403087616,1,,,,
D3_03990,G_03812,en,FP_promptbench,0,0.9991729855537415,1,,,,
D3_03991,G_03813,en,FP_promptbench,0,0.9992338418960571,1,,,,
D3_03992,G_03814,en,FP_promptbench,0,0.9991759657859802,1,,,,
D3_03994,G_03815,en,FP_promptbench,0,0.9990993738174438,1,,,,
D3_03995,G_03816,en,FP_promptbench,0,0.9990779161453247,1,,,,
D3_03996,G_03817,en,FP_promptbench,0,0.9991870522499084,1,,,,
D3_03997,G_03818,en,FP_promptbench,0,0.9992874264717102,1,,,,
D3_03999,G_03819,en,FP_promptbench,0,0.9991658926010132,1,,,,
D3_04000,G_03820,en,FP_promptbench,0,0.999184787273407,1,,,,
D3_04001,G_03821,en,FP_promptbench,0,0.998968243598938,1,,,,
D3_04002,G_03806,en,FP_promptbench,0,0.999170184135437,1,,,,
D3_04003,G_03823,en,FP_promptbench,0,0.9991389513015747,1,,,,
D3_04004,G_03824,en,FP_promptbench,0,0.9992254972457886,1,,,,
D3_04005,G_03825,en,FP_promptbench,0,0.9992079138755798,1,,,,
D3_04006,G_03826,en,FP_promptbench,0,0.999222993850708,1,,,,
D3_04007,G_03827,en,FP_promptbench,0,0.9990425705909729,1,,,,
D3_04008,G_03828,en,FP_promptbench,0,0.9990003705024719,1,,,,
D3_04009,G_03829,en,FP_promptbench,0,0.9992163181304932,1,,,,
D3_04010,G_03830,en,FP_promptbench,0,0.9991758465766907,1,,,,
D3_04091,G_03831,en,FP_promptbench,0,0.9992393255233765,1,,,,
D3_04092,G_03832,en,FP_promptbench,0,0.9990723133087158,1,,,,
D3_04093,G_03833,en,FP_promptbench,0,0.9991863369941711,1,,,,
D3_04094,G_02615,en,FP_promptbench,0,0.999076247215271,1,,,,
D3_04095,G_03835,en,FP_promptbench,0,0.9992707371711731,1,,,,
D3_04096,G_03836,en,FP_promptbench,0,0.9992539286613464,1,,,,
D3_04097,G_02612,en,FP_promptbench,0,0.9992544054985046,1,,,,
D3_04098,G_02610,en,FP_promptbench,0,0.9991559982299805,1,,,,
D3_04099,G_02608,en,FP_promptbench,0,0.9992313385009766,1,,,,
D3_04100,G_02615,en,FP_promptbench,0,0.9992239475250244,1,,,,
D3_04101,G_04699,en,FP_promptbench,0,0.9991713762283325,1,,,,
D3_04102,G_02614,en,FP_promptbench,0,0.9992687106132507,1,,,,
D3_04103,G_02612,en,FP_promptbench,0,0.9991446733474731,1,,,,
D3_04105,G_02608,en,FP_promptbench,0,0.9991933703422546,1,,,,
D3_04106,G_02615,en,FP_promptbench,0,0.9991070628166199,1,,,,
D3_04107,G_04699,en,FP_promptbench,0,0.9989294409751892,1,,,,
D3_04108,G_03847,en,FP_promptbench,0,0.9992164373397827,1,,,,
D3_04109,G_03848,en,FP_promptbench,0,0.9992926120758057,1,,,,
D3_04110,G_04281,en,FP_promptbench,0,0.9992251396179199,1,,,,
D3_04111,G_03850,en,FP_promptbench,0,0.9993133544921875,1,,,,
D3_04112,G_03851,en,FP_promptbench,0,0.9992396831512451,1,,,,
D3_04113,G_03852,en,FP_promptbench,0,0.9992156028747559,1,,,,
D3_04114,G_02614,en,FP_promptbench,0,0.9992918968200684,1,,,,
D3_04115,G_02612,en,FP_promptbench,0,0.9991968274116516,1,,,,
D3_04117,G_03855,en,FP_promptbench,0,0.9992509484291077,1,,,,
D3_04118,G_03856,en,FP_promptbench,0,0.9992384910583496,1,,,,
D3_04119,G_03857,en,FP_promptbench,0,0.9988960027694702,1,,,,
D3_04120,G_03858,en,FP_promptbench,0,0.9993119239807129,1,,,,
D3_04121,G_03859,en,FP_promptbench,0,0.9992063641548157,1,,,,
D3_04122,G_02610,en,FP_promptbench,0,0.9990239143371582,1,,,,
D3_04123,G_03861,en,FP_promptbench,0,0.9992507100105286,1,,,,
D3_04124,G_03862,en,FP_promptbench,0,0.999139666557312,1,,,,
D3_04125,G_03863,en,FP_promptbench,0,0.9989463686943054,1,,,,
D3_04126,G_02614,en,FP_promptbench,0,0.999184787273407,1,,,,
D3_04207,G_03865,en,FP_promptbench,0,0.9990942478179932,1,,,,
D3_04208,G_03866,en,FP_promptbench,0,0.998870313167572,1,,,,
D3_04209,G_03867,en,FP_promptbench,0,0.9990021586418152,1,,,,
D3_04210,G_03868,en,FP_promptbench,0,0.9991428852081299,1,,,,
D3_04211,G_03869,en,FP_promptbench,0,0.9990416169166565,1,,,,
D3_04212,G_03870,en,FP_promptbench,0,0.9989500641822815,1,,,,
D3_04213,G_03871,en,FP_promptbench,0,0.9990870952606201,1,,,,
D3_04214,G_02726,en,FP_promptbench,0,0.9990748167037964,1,,,,
D3_04215,G_03873,en,FP_promptbench,0,0.9991974234580994,1,,,,
D3_04216,G_03874,en,FP_promptbench,0,0.9991244673728943,1,,,,
D3_04218,G_03875,en,FP_promptbench,0,0.9990947246551514,1,,,,
D3_04219,G_02752,en,FP_promptbench,0,0.9989557266235352,1,,,,
D3_04220,G_03877,en,FP_promptbench,0,0.9991361498832703,1,,,,
D3_04221,G_02827,en,FP_promptbench,0,0.9990795850753784,1,,,,
D3_04222,G_03879,en,FP_promptbench,0,0.9991269707679749,1,,,,
D3_04223,G_03880,en,FP_promptbench,0,0.9991018772125244,1,,,,
D3_04224,G_02738,en,FP_promptbench,0,0.9989564418792725,1,,,,
D3_04225,G_03882,en,FP_promptbench,0,0.9991301894187927,1,,,,
D3_04226,G_03418,en,FP_promptbench,0,0.9991361498832703,1,,,,
D3_04230,G_03456,en,FP_promptbench,0,0.9992004036903381,1,,,,
D3_04231,G_03885,en,FP_promptbench,0,0.9992400407791138,1,,,,
D3_04232,G_03886,en,FP_promptbench,0,0.9990770816802979,1,,,,
D3_04233,G_03887,en,FP_promptbench,0,0.9990935325622559,1,,,,
D3_04234,G_03888,en,FP_promptbench,0,0.9991832375526428,1,,,,
D3_04235,G_03889,en,FP_promptbench,0,0.999190628528595,1,,,,
D3_04236,G_03890,en,FP_promptbench,0,0.9990647435188293,1,,,,
D3_04237,G_03891,en,FP_promptbench,0,0.9990630745887756,1,,,,
D3_04238,G_03892,en,FP_promptbench,0,0.9989481568336487,1,,,,
D3_04239,G_03893,en,FP_promptbench,0,0.9992510676383972,1,,,,
D3_04240,G_03894,en,FP_promptbench,0,0.9990917444229126,1,,,,
D3_04241,G_03895,en,FP_promptbench,0,0.9989728927612305,1,,,,
D3_04242,G_03896,en,FP_promptbench,0,0.9991036057472229,1,,,,
D3_04323,G_03897,en,FP_promptbench,0,0.9987607002258301,1,,,,
D3_04324,G_03898,en,FP_promptbench,0,0.9989199638366699,1,,,,
D3_04325,G_03899,en,FP_promptbench,0,0.9989737272262573,1,,,,
D3_04326,G_03900,en,FP_promptbench,0,0.9990478157997131,1,,,,
D3_04327,G_03901,en,FP_promptbench,0,0.9990409016609192,1,,,,
D3_04328,G_03902,en,FP_promptbench,0,0.9990255832672119,1,,,,
D3_04329,G_03915,en,FP_promptbench,0,0.9990342855453491,1,,,,
D3_04330,G_03904,en,FP_promptbench,0,0.9991169571876526,1,,,,
D3_04331,G_03905,en,FP_promptbench,0,0.9991133809089661,1,,,,
D3_04332,G_03906,en,FP_promptbench,0,0.9991590976715088,1,,,,
D3_04333,G_02738,en,FP_promptbench,0,0.9991059899330139,1,,,,
D3_04334,G_02731,en,FP_promptbench,0,0.9991067051887512,1,,,,
D3_04335,G_03909,en,FP_promptbench,0,0.9991727471351624,1,,,,
D3_04336,G_02752,en,FP_promptbench,0,0.9991102814674377,1,,,,
D3_04337,G_03911,en,FP_promptbench,0,0.9990874528884888,1,,,,
D3_04338,G_03912,en,FP_promptbench,0,0.9992524981498718,1,,,,
D3_04339,G_02738,en,FP_promptbench,0,0.9989948868751526,1,,,,
D3_04340,G_03914,en,FP_promptbench,0,0.9991350769996643,1,,,,
D3_04341,G_03915,en,FP_promptbench,0,0.9991772770881653,1,,,,
D3_04344,G_02733,en,FP_promptbench,0,0.9991501569747925,1,,,,
D3_04347,G_03917,en,FP_promptbench,0,0.998934805393219,1,,,,
D3_04348,G_03918,en,FP_promptbench,0,0.999005138874054,1,,,,
D3_04349,G_03919,en,FP_promptbench,0,0.9991546869277954,1,,,,
D3_04350,G_03920,en,FP_promptbench,0,0.9988535642623901,1,,,,
D3_04351,G_03921,en,FP_promptbench,0,0.9990949630737305,1,,,,
D3_04352,G_03922,en,FP_promptbench,0,0.9991436004638672,1,,,,
D3_04353,G_03923,en,FP_promptbench,0,0.999174177646637,1,,,,
D3_04354,G_03924,en,FP_promptbench,0,0.9985758066177368,1,,,,
D3_04355,G_03925,en,FP_promptbench,0,0.9990929365158081,1,,,,
D3_04356,G_03926,en,FP_promptbench,0,0.999137282371521,1,,,,
D3_04357,G_03927,en,FP_promptbench,0,0.9991119503974915,1,,,,
D3_04358,G_03928,en,FP_promptbench,0,0.9991443157196045,1,,,,
D3_04439,G_03929,en,FP_promptbench,0,0.9982298016548157,1,,,,
D3_04440,G_03930,en,FP_promptbench,0,0.9974870681762695,1,,,,
D3_04441,G_03931,en,FP_promptbench,0,0.9987484216690063,1,,,,
D3_04442,G_03932,en,FP_promptbench,0,0.9992058873176575,1,,,,
D3_04443,G_03933,en,FP_promptbench,0,0.9989332556724548,1,,,,
D3_04444,G_03934,en,FP_promptbench,0,0.9991611242294312,1,,,,
D3_04445,G_03935,en,FP_promptbench,0,0.967524528503418,1,,,,
D3_04446,G_03936,en,FP_promptbench,0,0.998647153377533,1,,,,
D3_04447,G_03937,en,FP_promptbench,0,0.9987209439277649,1,,,,
D3_04448,G_02866,en,FP_promptbench,0,0.998970627784729,1,,,,
D3_04449,G_03939,en,FP_promptbench,0,0.998439371585846,1,,,,
D3_04450,G_02865,en,FP_promptbench,0,0.998978853225708,1,,,,
D3_04451,G_03941,en,FP_promptbench,0,0.9988957643508911,1,,,,
D3_04452,G_02855,en,FP_promptbench,0,0.9987699389457703,1,,,,
D3_04453,G_03943,en,FP_promptbench,0,0.9989539384841919,1,,,,
D3_04454,G_02866,en,FP_promptbench,0,0.9991793036460876,1,,,,
D3_04455,G_03945,en,FP_promptbench,0,0.9991768002510071,1,,,,
D3_04457,G_03946,en,FP_promptbench,0,0.9990717172622681,1,,,,
D3_04458,G_03947,en,FP_promptbench,0,0.9991480112075806,1,,,,
D3_04459,G_03948,en,FP_promptbench,0,0.9991051554679871,1,,,,
D3_04460,G_03949,en,FP_promptbench,0,0.999174177646637,1,,,,
D3_04462,G_03950,en,FP_promptbench,0,0.9991680383682251,1,,,,
D3_04463,G_03951,en,FP_promptbench,0,0.9977166652679443,1,,,,
D3_04464,G_03952,en,FP_promptbench,0,0.998298704624176,1,,,,
D3_04465,G_03953,en,FP_promptbench,0,0.9985587000846863,1,,,,
D3_04466,G_03954,en,FP_promptbench,0,0.9992089867591858,1,,,,
D3_04467,G_03955,en,FP_promptbench,0,0.9987218976020813,1,,,,
D3_04468,G_02865,en,FP_promptbench,0,0.9991306662559509,1,,,,
D3_04469,G_03957,en,FP_promptbench,0,0.9948961138725281,1,,,,
D3_04470,G_03958,en,FP_promptbench,0,0.9990209341049194,1,,,,
D3_04471,G_03959,en,FP_promptbench,0,0.9985129237174988,1,,,,
D3_04472,G_03960,en,FP_promptbench,0,0.9992146492004395,1,,,,
D3_04473,G_03961,en,FP_promptbench,0,0.9985155463218689,1,,,,
D3_04474,G_03962,en,FP_promptbench,0,0.9990254640579224,1,,,,
D3_04555,G_03963,en,FP_promptbench,0,0.9991791844367981,1,,,,
D3_04556,G_03964,en,FP_promptbench,0,0.9992228746414185,1,,,,
D3_04557,G_03965,en,FP_promptbench,0,0.9960111379623413,1,,,,
D3_04558,G_03966,en,FP_promptbench,0,0.9990271329879761,1,,,,
D3_04559,G_03967,en,FP_promptbench,0,0.9992096424102783,1,,,,
D3_04560,G_03968,en,FP_promptbench,0,0.9991587400436401,1,,,,
D3_04561,G_01667,en,FP_promptbench,0,0.9992660880088806,1,,,,
D3_04562,G_01663,en,FP_promptbench,0,0.9993146657943726,1,,,,
D3_04563,G_01666,en,FP_promptbench,0,0.9990799427032471,1,,,,
D3_04564,G_01691,en,FP_promptbench,0,0.9992076754570007,1,,,,
D3_04565,G_01679,en,FP_promptbench,0,0.999293327331543,1,,,,
D3_04566,G_02971,en,FP_promptbench,0,0.9991699457168579,1,,,,
D3_04567,G_03975,en,FP_promptbench,0,0.9991797804832458,1,,,,
D3_04568,G_03976,en,FP_promptbench,0,0.9991720914840698,1,,,,
D3_04569,G_03977,en,FP_promptbench,0,0.9989981055259705,1,,,,
D3_04570,G_03978,en,FP_promptbench,0,0.9991167187690735,1,,,,
D3_04571,G_03979,en,FP_promptbench,0,0.9992239475250244,1,,,,
D3_04572,G_03980,en,FP_promptbench,0,0.9992128610610962,1,,,,
D3_04573,G_03544,en,FP_promptbench,0,0.9992654919624329,1,,,,
D3_04574,G_01663,en,FP_promptbench,0,0.9993128776550293,1,,,,
D3_04575,G_03983,en,FP_promptbench,0,0.9990373849868774,1,,,,
D3_04576,G_01691,en,FP_promptbench,0,0.9991785883903503,1,,,,
D3_04577,G_01679,en,FP_promptbench,0,0.9992464780807495,1,,,,
D3_04578,G_02971,en,FP_promptbench,0,0.9991917014122009,1,,,,
D3_04579,G_03987,en,FP_promptbench,0,0.9991878867149353,1,,,,
D3_04580,G_03988,en,FP_promptbench,0,0.9992721676826477,1,,,,
D3_04581,G_03989,en,FP_promptbench,0,0.9988222718238831,1,,,,
D3_04582,G_03990,en,FP_promptbench,0,0.9991521835327148,1,,,,
D3_04583,G_03991,en,FP_promptbench,0,0.9991087317466736,1,,,,
D3_04584,G_03992,en,FP_promptbench,0,0.9992233514785767,1,,,,
D3_04585,G_03993,en,FP_promptbench,0,0.9990039467811584,1,,,,
D3_04586,G_03994,en,FP_promptbench,0,0.9990585446357727,1,,,,
D3_04587,G_03995,en,FP_promptbench,0,0.9987226128578186,1,,,,
D3_04588,G_03996,en,FP_promptbench,0,0.9989458918571472,1,,,,
D3_04589,G_03997,en,FP_promptbench,0,0.9991883635520935,1,,,,
D3_04590,G_03998,en,FP_promptbench,0,0.9991794228553772,1,,,,
D3_04671,G_03999,en,FP_promptbench,0,0.9991759657859802,1,,,,
D3_04672,G_04000,en,FP_promptbench,0,0.9991905093193054,1,,,,
D3_04673,G_04001,en,FP_promptbench,0,0.9991891980171204,1,,,,
D3_04674,G_04002,en,FP_promptbench,0,0.9992226362228394,1,,,,
D3_04675,G_04003,en,FP_promptbench,0,0.9992570281028748,1,,,,
D3_04676,G_04004,en,FP_promptbench,0,0.999114453792572,1,,,,
D3_04677,G_01816,en,FP_promptbench,0,0.9992613196372986,1,,,,
D3_04678,G_03023,en,FP_promptbench,0,0.9991393089294434,1,,,,
D3_04679,G_03579,en,FP_promptbench,0,0.9992448091506958,1,,,,
D3_04680,G_01819,en,FP_promptbench,0,0.9992501139640808,1,,,,
D3_04681,G_01794,en,FP_promptbench,0,0.9993125200271606,1,,,,
D3_04682,G_03045,en,FP_promptbench,0,0.9991193413734436,1,,,,
D3_04683,G_04011,en,FP_promptbench,0,0.9992347955703735,1,,,,
D3_04684,G_04012,en,FP_promptbench,0,0.9992899894714355,1,,,,
D3_04685,G_03579,en,FP_promptbench,0,0.9992462396621704,1,,,,
D3_04686,G_04014,en,FP_promptbench,0,0.999212384223938,1,,,,
D3_04687,G_04015,en,FP_promptbench,0,0.9992577433586121,1,,,,
D3_04689,G_01816,en,FP_promptbench,0,0.9992278814315796,1,,,,
D3_04690,G_03578,en,FP_promptbench,0,0.9991998076438904,1,,,,
D3_04691,G_03579,en,FP_promptbench,0,0.9991887211799622,1,,,,
D3_04692,G_01819,en,FP_promptbench,0,0.9992128610610962,1,,,,
D3_04693,G_03581,en,FP_promptbench,0,0.9991437196731567,1,,,,
D3_04695,G_04021,en,FP_promptbench,0,0.9992489218711853,1,,,,
D3_04696,G_03023,en,FP_promptbench,0,0.999295711517334,1,,,,
D3_04697,G_03579,en,FP_promptbench,0,0.9992156028747559,1,,,,
D3_04698,G_04024,en,FP_promptbench,0,0.9992485642433167,1,,,,
D3_04699,G_04025,en,FP_promptbench,0,0.9992228746414185,1,,,,
D3_04701,G_04026,en,FP_promptbench,0,0.9992398023605347,1,,,,
D3_04702,G_04027,en,FP_promptbench,0,0.9992988109588623,1,,,,
D3_04703,G_04028,en,FP_promptbench,0,0.9992169141769409,1,,,,
D3_04704,G_04029,en,FP_promptbench,0,0.9992733597755432,1,,,,
D3_04705,G_04030,en,FP_promptbench,0,0.9992281198501587,1,,,,
D3_04706,G_04031,en,FP_promptbench,0,0.9991087317466736,1,,,,
D3_04787,G_04032,en,FP_promptbench,0,0.998863697052002,1,,,,
D3_04788,G_04033,en,FP_promptbench,0,0.9988441467285156,1,,,,
D3_04789,G_04034,en,FP_promptbench,0,0.9990825653076172,1,,,,
D3_04790,G_04035,en,FP_promptbench,0,0.9989863038063049,1,,,,
D3_04791,G_04036,en,FP_promptbench,0,0.9991082549095154,1,,,,
D3_04792,G_04037,en,FP_promptbench,0,0.9991121888160706,1,,,,
D3_04793,G_01890,en,FP_promptbench,0,0.999028205871582,1,,,,
D3_04794,G_01896,en,FP_promptbench,0,0.999125063419342,1,,,,
D3_04795,G_01899,en,FP_promptbench,0,0.9992535710334778,1,,,,
D3_04796,G_01907,en,FP_promptbench,0,0.9990992546081543,1,,,,
D3_04797,G_01902,en,FP_promptbench,0,0.9992212057113647,1,,,,
D3_04798,G_03603,en,FP_promptbench,0,0.9990766048431396,1,,,,
D3_04799,G_04044,en,FP_promptbench,0,0.999229907989502,1,,,,
D3_04800,G_04045,en,FP_promptbench,0,0.9991625547409058,1,,,,
D3_04801,G_04046,en,FP_promptbench,0,0.9992341995239258,1,,,,
D3_04802,G_04047,en,FP_promptbench,0,0.9989668130874634,1,,,,
D3_04803,G_04048,en,FP_promptbench,0,0.999206006526947,1,,,,
D3_04804,G_04049,en,FP_promptbench,0,0.9991714954376221,1,,,,
D3_04806,G_01896,en,FP_promptbench,0,0.999138355255127,1,,,,
D3_04807,G_01899,en,FP_promptbench,0,0.9992363452911377,1,,,,
D3_04809,G_01902,en,FP_promptbench,0,0.9991658926010132,1,,,,
D3_04811,G_04053,en,FP_promptbench,0,0.9990954399108887,1,,,,
D3_04812,G_04054,en,FP_promptbench,0,0.9989633560180664,1,,,,
D3_04813,G_04055,en,FP_promptbench,0,0.9991833567619324,1,,,,
D3_04814,G_04056,en,FP_promptbench,0,0.9987244009971619,1,,,,
D3_04815,G_04057,en,FP_promptbench,0,0.9989315867424011,1,,,,
D3_04816,G_04058,en,FP_promptbench,0,0.9992662072181702,1,,,,
D3_04817,G_04059,en,FP_promptbench,0,0.9986196756362915,1,,,,
D3_04818,G_04060,en,FP_promptbench,0,0.9989351630210876,1,,,,
D3_04819,G_04061,en,FP_promptbench,0,0.9991287589073181,1,,,,
D3_04820,G_04062,en,FP_promptbench,0,0.9987698197364807,1,,,,
D3_04821,G_04063,en,FP_promptbench,0,0.9991590976715088,1,,,,
D3_04822,G_04064,en,FP_promptbench,0,0.9992052912712097,1,,,,
D3_04903,G_04065,en,FP_promptbench,0,0.9992191791534424,1,,,,
D3_04905,G_04066,en,FP_promptbench,0,0.9991984963417053,1,,,,
D3_04906,G_04067,en,FP_promptbench,0,0.9992266893386841,1,,,,
D3_04907,G_04068,en,FP_promptbench,0,0.9992097616195679,1,,,,
D3_04908,G_04069,en,FP_promptbench,0,0.9991934895515442,1,,,,
D3_04909,G_02011,en,FP_promptbench,0,0.9991057515144348,1,,,,
D3_04910,G_02008,en,FP_promptbench,0,0.9991004467010498,1,,,,
D3_04911,G_03634,en,FP_promptbench,0,0.9991481304168701,1,,,,
D3_04912,G_02020,en,FP_promptbench,0,0.999213457107544,1,,,,
D3_04913,G_04084,en,FP_promptbench,0,0.9992260932922363,1,,,,
D3_04914,G_02015,en,FP_promptbench,0,0.9991803765296936,1,,,,
D3_04915,G_04076,en,FP_promptbench,0,0.999225378036499,1,,,,
D3_04916,G_04077,en,FP_promptbench,0,0.9992604851722717,1,,,,
D3_04917,G_04078,en,FP_promptbench,0,0.999188244342804,1,,,,
D3_04918,G_04079,en,FP_promptbench,0,0.9992390871047974,1,,,,
D3_04919,G_04080,en,FP_promptbench,0,0.9992832541465759,1,,,,
D3_04920,G_04081,en,FP_promptbench,0,0.9992254972457886,1,,,,
D3_04921,G_03126,en,FP_promptbench,0,0.99915611743927,1,,,,
D3_04924,G_02020,en,FP_promptbench,0,0.9992425441741943,1,,,,
D3_04925,G_04084,en,FP_promptbench,0,0.999233603477478,1,,,,
D3_04927,G_04085,en,FP_promptbench,0,0.9992764592170715,1,,,,
D3_04928,G_04086,en,FP_promptbench,0,0.9992497563362122,1,,,,
D3_04929,G_04087,en,FP_promptbench,0,0.9991901516914368,1,,,,
D3_04930,G_04088,en,FP_promptbench,0,0.9993122816085815,1,,,,
D3_04931,G_04089,en,FP_promptbench,0,0.9993017911911011,1,,,,
D3_04932,G_04090,en,FP_promptbench,0,0.999272882938385,1,,,,
D3_04933,G_04091,en,FP_promptbench,0,0.9991641044616699,1,,,,
D3_04934,G_04092,en,FP_promptbench,0,0.9992294311523438,1,,,,
D3_04935,G_04093,en,FP_promptbench,0,0.9992030262947083,1,,,,
D3_04936,G_04094,en,FP_promptbench,0,0.9992502331733704,1,,,,
D3_04937,G_04095,en,FP_promptbench,0,0.9991161227226257,1,,,,
D3_04938,G_04096,en,FP_promptbench,0,0.9991769194602966,1,,,,
D3_05020,G_04097,en,FP_promptbench,0,0.9990884065628052,1,,,,
D3_05021,G_04098,en,FP_promptbench,0,0.9989181756973267,1,,,,
D3_05022,G_04099,en,FP_promptbench,0,0.9990359544754028,1,,,,
D3_05023,G_04100,en,FP_promptbench,0,0.9991089701652527,1,,,,
D3_05024,G_04101,en,FP_promptbench,0,0.999231219291687,1,,,,
D3_05025,G_04102,en,FP_promptbench,0,0.9991682767868042,1,,,,
D3_05026,G_02120,en,FP_promptbench,0,0.9992227554321289,1,,,,
D3_05027,G_02154,en,FP_promptbench,0,0.9991078972816467,1,,,,
D3_05028,G_02119,en,FP_promptbench,0,0.9989420771598816,1,,,,
D3_05029,G_04106,en,FP_promptbench,0,0.999180257320404,1,,,,
D3_05030,G_02133,en,FP_promptbench,0,0.9991182684898376,1,,,,
D3_05031,G_03168,en,FP_promptbench,0,0.9990990161895752,1,,,,
D3_05032,G_04109,en,FP_promptbench,0,0.9992600083351135,1,,,,
D3_05033,G_04110,en,FP_promptbench,0,0.9991242289543152,1,,,,
D3_05034,G_04111,en,FP_promptbench,0,0.9992130994796753,1,,,,
D3_05035,G_04112,en,FP_promptbench,0,0.9991928935050964,1,,,,
D3_05036,G_02133,en,FP_promptbench,0,0.9991160035133362,1,,,,
D3_05037,G_04114,en,FP_promptbench,0,0.9992345571517944,1,,,,
D3_05040,G_03159,en,FP_promptbench,0,0.9990968704223633,1,,,,
D3_05041,G_04106,en,FP_promptbench,0,0.999190628528595,1,,,,
D3_05044,G_04117,en,FP_promptbench,0,0.9990431666374207,1,,,,
D3_05045,G_04118,en,FP_promptbench,0,0.9990978240966797,1,,,,
D3_05046,G_04119,en,FP_promptbench,0,0.9991559982299805,1,,,,
D3_05047,G_04120,en,FP_promptbench,0,0.9991794228553772,1,,,,
D3_05048,G_02133,en,FP_promptbench,0,0.999184787273407,1,,,,
D3_05049,G_04122,en,FP_promptbench,0,0.9991335272789001,1,,,,
D3_05050,G_04123,en,FP_promptbench,0,0.9991205334663391,1,,,,
D3_05051,G_04124,en,FP_promptbench,0,0.99908447265625,1,,,,
D3_05052,G_04125,en,FP_promptbench,0,0.9986485838890076,1,,,,
D3_05053,G_04126,en,FP_promptbench,0,0.9991670846939087,1,,,,
D3_05054,G_04127,en,FP_promptbench,0,0.9991458654403687,1,,,,
D3_05055,G_04128,en,FP_promptbench,0,0.9991875290870667,1,,,,
D3_05137,G_04129,en,FP_promptbench,0,0.9992445707321167,1,,,,
D3_05138,G_04130,en,FP_promptbench,0,0.9990606904029846,1,,,,
D3_05139,G_04131,en,FP_promptbench,0,0.9987169504165649,1,,,,
D3_05140,G_04132,en,FP_promptbench,0,0.9992920160293579,1,,,,
D3_05141,G_04133,en,FP_promptbench,0,0.9989380240440369,1,,,,
D3_05142,G_03717,en,FP_promptbench,0,0.998931348323822,1,,,,
D3_05143,G_02238,en,FP_promptbench,0,0.9992719292640686,1,,,,
D3_05144,G_02241,en,FP_promptbench,0,0.9991581439971924,1,,,,
D3_05145,G_02242,en,FP_promptbench,0,0.9991217255592346,1,,,,
D3_05146,G_02252,en,FP_promptbench,0,0.9992488026618958,1,,,,
D3_05147,G_02278,en,FP_promptbench,0,0.99909508228302,1,,,,
D3_05148,G_03717,en,FP_promptbench,0,0.9991210103034973,1,,,,
D3_05149,G_04141,en,FP_promptbench,0,0.9992853999137878,1,,,,
D3_05150,G_04142,en,FP_promptbench,0,0.9992111921310425,1,,,,
D3_05151,G_04143,en,FP_promptbench,0,0.9990166425704956,1,,,,
D3_05152,G_02252,en,FP_promptbench,0,0.9992114305496216,1,,,,
D3_05153,G_04145,en,FP_promptbench,0,0.9990969896316528,1,,,,
D3_05154,G_03717,en,FP_promptbench,0,0.9991459846496582,1,,,,
D3_05155,G_03202,en,FP_promptbench,0,0.9992863535881042,1,,,,
D3_05159,G_02278,en,FP_promptbench,0,0.9991927742958069,1,,,,
D3_05160,G_03717,en,FP_promptbench,0,0.9991549253463745,1,,,,
D3_05161,G_04150,en,FP_promptbench,0,0.9992026686668396,1,,,,
D3_05162,G_04151,en,FP_promptbench,0,0.9990148544311523,1,,,,
D3_05163,G_04152,en,FP_promptbench,0,0.9990019202232361,1,,,,
D3_05164,G_02252,en,FP_promptbench,0,0.9992196559906006,1,,,,
D3_05165,G_04154,en,FP_promptbench,0,0.9991875290870667,1,,,,
D3_05166,G_03790,en,FP_promptbench,0,0.9989752769470215,1,,,,
D3_05167,G_04156,en,FP_promptbench,0,0.9992478489875793,1,,,,
D3_05168,G_04157,en,FP_promptbench,0,0.99895179271698,1,,,,
D3_05169,G_04158,en,FP_promptbench,0,0.9991067051887512,1,,,,
D3_05170,G_04159,en,FP_promptbench,0,0.9991894364356995,1,,,,
D3_05171,G_04160,en,FP_promptbench,0,0.9990155696868896,1,,,,
D3_05172,G_04161,en,FP_promptbench,0,0.9989670515060425,1,,,,
D3_05253,G_04162,en,FP_promptbench,0,0.9990711212158203,1,,,,
D3_05254,G_04163,en,FP_promptbench,0,0.9984018206596375,1,,,,
D3_05255,G_04164,en,FP_promptbench,0,0.9984789490699768,1,,,,
D3_05256,G_04165,en,FP_promptbench,0,0.9990440011024475,1,,,,
D3_05257,G_04166,en,FP_promptbench,0,0.9990196228027344,1,,,,
D3_05258,G_04167,en,FP_promptbench,0,0.9988903403282166,1,,,,
D3_05259,G_04180,en,FP_promptbench,0,0.9989668130874634,1,,,,
D3_05260,G_02357,en,FP_promptbench,0,0.9991047978401184,1,,,,
D3_05261,G_02353,en,FP_promptbench,0,0.9991095662117004,1,,,,
D3_05262,G_02363,en,FP_promptbench,0,0.9992256164550781,1,,,,
D3_05263,G_03228,en,FP_promptbench,0,0.9991705417633057,1,,,,
D3_05264,G_02366,en,FP_promptbench,0,0.9990965127944946,1,,,,
D3_05265,G_04180,en,FP_promptbench,0,0.9989352822303772,1,,,,
D3_05266,G_04175,en,FP_promptbench,0,0.999143123626709,1,,,,
D3_05267,G_04176,en,FP_promptbench,0,0.9990008473396301,1,,,,
D3_05268,G_04177,en,FP_promptbench,0,0.999193012714386,1,,,,
D3_05269,G_04178,en,FP_promptbench,0,0.9990635514259338,1,,,,
D3_05270,G_04179,en,FP_promptbench,0,0.9991897940635681,1,,,,
D3_05271,G_04180,en,FP_promptbench,0,0.9991075396537781,1,,,,
D3_05272,G_04181,en,FP_promptbench,0,0.9991681575775146,1,,,,
D3_05273,G_02353,en,FP_promptbench,0,0.9991353154182434,1,,,,
D3_05274,G_04183,en,FP_promptbench,0,0.9991533756256104,1,,,,
D3_05276,G_04184,en,FP_promptbench,0,0.9992475509643555,1,,,,
D3_05277,G_04185,en,FP_promptbench,0,0.9985442161560059,1,,,,
D3_05278,G_04186,en,FP_promptbench,0,0.9989767074584961,1,,,,
D3_05279,G_04187,en,FP_promptbench,0,0.9986627101898193,1,,,,
D3_05280,G_04188,en,FP_promptbench,0,0.9991865754127502,1,,,,
D3_05281,G_04189,en,FP_promptbench,0,0.9992295503616333,1,,,,
D3_05282,G_04190,en,FP_promptbench,0,0.9987139701843262,1,,,,
D3_05283,G_04191,en,FP_promptbench,0,0.9986128807067871,1,,,,
D3_05284,G_04192,en,FP_promptbench,0,0.9988921284675598,1,,,,
D3_05285,G_04193,en,FP_promptbench,0,0.9988511800765991,1,,,,
D3_05286,G_04194,en,FP_promptbench,0,0.9990291595458984,1,,,,
D3_05287,G_04195,en,FP_promptbench,0,0.9989414811134338,1,,,,
D3_05288,G_04196,en,FP_promptbench,0,0.9988266825675964,1,,,,
D3_05370,G_04197,en,FP_promptbench,0,0.9991981387138367,1,,,,
D3_05371,G_04198,en,FP_promptbench,0,0.9988681077957153,1,,,,
D3_05372,G_04199,en,FP_promptbench,0,0.9989014863967896,1,,,,
D3_05373,G_04200,en,FP_promptbench,0,0.999024510383606,1,,,,
D3_05374,G_04201,en,FP_promptbench,0,0.9990159273147583,1,,,,
D3_05375,G_04202,en,FP_promptbench,0,0.9992075562477112,1,,,,
D3_05377,G_02241,en,FP_promptbench,0,0.9990444779396057,1,,,,
D3_05378,G_04204,en,FP_promptbench,0,0.9989798665046692,1,,,,
D3_05379,G_02277,en,FP_promptbench,0,0.9991769194602966,1,,,,
D3_05380,G_03717,en,FP_promptbench,0,0.9991150498390198,1,,,,
D3_05381,G_02252,en,FP_promptbench,0,0.9992280006408691,1,,,,
D3_05382,G_04208,en,FP_promptbench,0,0.9992662072181702,1,,,,
D3_05383,G_04209,en,FP_promptbench,0,0.9991527795791626,1,,,,
D3_05384,G_02242,en,FP_promptbench,0,0.9988530874252319,1,,,,
D3_05385,G_04211,en,FP_promptbench,0,0.9992450475692749,1,,,,
D3_05386,G_04212,en,FP_promptbench,0,0.9992119073867798,1,,,,
D3_05387,G_02252,en,FP_promptbench,0,0.9991286396980286,1,,,,
D3_05391,G_02277,en,FP_promptbench,0,0.9991648197174072,1,,,,
D3_05393,G_02252,en,FP_promptbench,0,0.9992287158966064,1,,,,
D3_05394,G_02238,en,FP_promptbench,0,0.9992616772651672,1,,,,
D3_05395,G_04217,en,FP_promptbench,0,0.9991176724433899,1,,,,
D3_05396,G_04218,en,FP_promptbench,0,0.9988213181495667,1,,,,
D3_05397,G_04219,en,FP_promptbench,0,0.9990234375,1,,,,
D3_05398,G_03717,en,FP_promptbench,0,0.9991201758384705,1,,,,
D3_05399,G_04221,en,FP_promptbench,0,0.9992395639419556,1,,,,
D3_05400,G_04222,en,FP_promptbench,0,0.9992383718490601,1,,,,
D3_05401,G_04223,en,FP_promptbench,0,0.998906135559082,1,,,,
D3_05402,G_04224,en,FP_promptbench,0,0.9987714886665344,1,,,,
D3_05403,G_04225,en,FP_promptbench,0,0.9989492297172546,1,,,,
D3_05404,G_04226,en,FP_promptbench,0,0.9989983439445496,1,,,,
D3_05405,G_04227,en,FP_promptbench,0,0.9991862177848816,1,,,,
D3_05486,G_04228,en,FP_promptbench,0,0.9988685846328735,1,,,,
D3_05487,G_04229,en,FP_promptbench,0,0.9990280866622925,1,,,,
D3_05488,G_04230,en,FP_promptbench,0,0.9990763664245605,1,,,,
D3_05489,G_04231,en,FP_promptbench,0,0.9992040991783142,1,,,,
D3_05490,G_04232,en,FP_promptbench,0,0.9991564750671387,1,,,,
D3_05491,G_04233,en,FP_promptbench,0,0.9991037249565125,1,,,,
D3_05492,G_03310,en,FP_promptbench,0,0.9991004467010498,1,,,,
D3_05493,G_02501,en,FP_promptbench,0,0.9990654587745667,1,,,,
D3_05494,G_02493,en,FP_promptbench,0,0.9991450309753418,1,,,,
D3_05495,G_03808,en,FP_promptbench,0,0.9991989731788635,1,,,,
D3_05496,G_02507,en,FP_promptbench,0,0.9991231560707092,1,,,,
D3_05497,G_02510,en,FP_promptbench,0,0.9991939663887024,1,,,,
D3_05498,G_04240,en,FP_promptbench,0,0.999182403087616,1,,,,
D3_05499,G_04241,en,FP_promptbench,0,0.9991459846496582,1,,,,
D3_05500,G_02493,en,FP_promptbench,0,0.9991687536239624,1,,,,
D3_05501,G_04243,en,FP_promptbench,0,0.9992559552192688,1,,,,
D3_05502,G_04244,en,FP_promptbench,0,0.9991783499717712,1,,,,
D3_05503,G_04245,en,FP_promptbench,0,0.9991618394851685,1,,,,
D3_05505,G_04246,en,FP_promptbench,0,0.9992117881774902,1,,,,
D3_05506,G_04247,en,FP_promptbench,0,0.9992300271987915,1,,,,
D3_05507,G_04248,en,FP_promptbench,0,0.9992832541465759,1,,,,
D3_05508,G_04249,en,FP_promptbench,0,0.9991962313652039,1,,,,
D3_05509,G_04250,en,FP_promptbench,0,0.9992971420288086,1,,,,
D3_05510,G_04251,en,FP_promptbench,0,0.9991683959960938,1,,,,
D3_05511,G_04252,en,FP_promptbench,0,0.9991376399993896,1,,,,
D3_05512,G_04253,en,FP_promptbench,0,0.999159574508667,1,,,,
D3_05513,G_04254,en,FP_promptbench,0,0.9991575479507446,1,,,,
D3_05514,G_04255,en,FP_promptbench,0,0.9992051720619202,1,,,,
D3_05515,G_04256,en,FP_promptbench,0,0.9992448091506958,1,,,,
D3_05516,G_04257,en,FP_promptbench,0,0.9992461204528809,1,,,,
D3_05517,G_04258,en,FP_promptbench,0,0.9991969466209412,1,,,,
D3_05518,G_04259,en,FP_promptbench,0,0.9991348385810852,1,,,,
D3_05519,G_04260,en,FP_promptbench,0,0.9991361498832703,1,,,,
D3_05520,G_04261,en,FP_promptbench,0,0.9991080164909363,1,,,,
D3_05521,G_04262,en,FP_promptbench,0,0.9991931319236755,1,,,,
D3_05602,G_04263,en,FP_promptbench,0,0.9992689490318298,1,,,,
D3_05603,G_04264,en,FP_promptbench,0,0.9991990923881531,1,,,,
D3_05604,G_04265,en,FP_promptbench,0,0.9991795420646667,1,,,,
D3_05605,G_04266,en,FP_promptbench,0,0.9991652965545654,1,,,,
D3_05606,G_04267,en,FP_promptbench,0,0.9991896748542786,1,,,,
D3_05607,G_04268,en,FP_promptbench,0,0.9991927742958069,1,,,,
D3_05608,G_04269,en,FP_promptbench,0,0.9991282820701599,1,,,,
D3_05609,G_03339,en,FP_promptbench,0,0.9992910623550415,1,,,,
D3_05610,G_04271,en,FP_promptbench,0,0.9992627501487732,1,,,,
D3_05611,G_02615,en,FP_promptbench,0,0.9992809891700745,1,,,,
D3_05612,G_02621,en,FP_promptbench,0,0.9992757439613342,1,,,,
D3_05613,G_02617,en,FP_promptbench,0,0.9992519021034241,1,,,,
D3_05614,G_02610,en,FP_promptbench,0,0.9991945624351501,1,,,,
D3_05615,G_03339,en,FP_promptbench,0,0.9992458820343018,1,,,,
D3_05616,G_04277,en,FP_promptbench,0,0.9992979764938354,1,,,,
D3_05617,G_04278,en,FP_promptbench,0,0.9992964267730713,1,,,,
D3_05618,G_02621,en,FP_promptbench,0,0.999336302280426,1,,,,
D3_05619,G_02617,en,FP_promptbench,0,0.999300479888916,1,,,,
D3_05620,G_04281,en,FP_promptbench,0,0.9992367029190063,1,,,,
D3_05621,G_02641,en,FP_promptbench,0,0.9993064403533936,1,,,,
D3_05622,G_04283,en,FP_promptbench,0,0.9993225336074829,1,,,,
D3_05624,G_04284,en,FP_promptbench,0,0.9992749094963074,1,,,,
D3_05625,G_03366,en,FP_promptbench,0,0.9992774128913879,1,,,,
D3_05626,G_04286,en,FP_promptbench,0,0.999174177646637,1,,,,
D3_05627,G_04287,en,FP_promptbench,0,0.9992567896842957,1,,,,
D3_05628,G_04288,en,FP_promptbench,0,0.9993274211883545,1,,,,
D3_05629,G_04289,en,FP_promptbench,0,0.9992114305496216,1,,,,
D3_05630,G_04290,en,FP_promptbench,0,0.9993358254432678,1,,,,
D3_05631,G_04291,en,FP_promptbench,0,0.9993003606796265,1,,,,
D3_05632,G_04292,en,FP_promptbench,0,0.9991371035575867,1,,,,
D3_05633,G_04293,en,FP_promptbench,0,0.9993101358413696,1,,,,
D3_05634,G_04294,en,FP_promptbench,0,0.9992202520370483,1,,,,
D3_05635,G_04295,en,FP_promptbench,0,0.9990367889404297,1,,,,
D3_05636,G_04296,en,FP_promptbench,0,0.9992696642875671,1,,,,
D3_05637,G_04297,en,FP_promptbench,0,0.9992920160293579,1,,,,
D3_05718,G_04298,en,FP_promptbench,0,0.9988473653793335,1,,,,
D3_05719,G_04299,en,FP_promptbench,0,0.9989084005355835,1,,,,
D3_05720,G_04300,en,FP_promptbench,0,0.9989570379257202,1,,,,
D3_05721,G_04301,en,FP_promptbench,0,0.9990088939666748,1,,,,
D3_05722,G_04302,en,FP_promptbench,0,0.9990518689155579,1,,,,
D3_05723,G_04303,en,FP_promptbench,0,0.9988933205604553,1,,,,
D3_05724,G_04304,en,FP_promptbench,0,0.9991102814674377,1,,,,
D3_05725,G_03384,en,FP_promptbench,0,0.9990952014923096,1,,,,
D3_05726,G_03382,en,FP_promptbench,0,0.9991694688796997,1,,,,
D3_05727,G_02760,en,FP_promptbench,0,0.9991724491119385,1,,,,
D3_05728,G_04308,en,FP_promptbench,0,0.9991758465766907,1,,,,
D3_05729,G_04309,en,FP_promptbench,0,0.9991523027420044,1,,,,
D3_05730,G_04310,en,FP_promptbench,0,0.9990106821060181,1,,,,
D3_05731,G_04311,en,FP_promptbench,0,0.9990867376327515,1,,,,
D3_05732,G_04312,en,FP_promptbench,0,0.9990547299385071,1,,,,
D3_05733,G_04313,en,FP_promptbench,0,0.9991971850395203,1,,,,
D3_05734,G_04314,en,FP_promptbench,0,0.999212384223938,1,,,,
D3_05735,G_04315,en,FP_promptbench,0,0.9991782307624817,1,,,,
D3_05736,G_02758,en,FP_promptbench,0,0.9991859793663025,1,,,,
D3_05737,G_04317,en,FP_promptbench,0,0.9991129040718079,1,,,,
D3_05738,G_04318,en,FP_promptbench,0,0.9991438388824463,1,,,,
D3_05739,G_02760,en,FP_promptbench,0,0.9991351962089539,1,,,,
D3_05740,G_04320,en,FP_promptbench,0,0.9991777539253235,1,,,,
D3_05742,G_04321,en,FP_promptbench,0,0.9991509914398193,1,,,,
D3_05743,G_04322,en,FP_promptbench,0,0.9982970356941223,1,,,,
D3_05744,G_04323,en,FP_promptbench,0,0.9991405010223389,1,,,,
D3_05745,G_04324,en,FP_promptbench,0,0.9990529417991638,1,,,,
D3_05746,G_04325,en,FP_promptbench,0,0.999211311340332,1,,,,
D3_05747,G_04326,en,FP_promptbench,0,0.9990454316139221,1,,,,
D3_05748,G_04327,en,FP_promptbench,0,0.9989725351333618,1,,,,
D3_05749,G_04328,en,FP_promptbench,0,0.9991531372070312,1,,,,
D3_05750,G_04329,en,FP_promptbench,0,0.998931348323822,1,,,,
D3_05751,G_04330,en,FP_promptbench,0,0.9990776777267456,1,,,,
D3_05752,G_04331,en,FP_promptbench,0,0.9991305470466614,1,,,,
D3_05753,G_04332,en,FP_promptbench,0,0.999110758304596,1,,,,
D3_05834,G_04333,en,FP_promptbench,0,0.9991076588630676,1,,,,
D3_05835,G_04334,en,FP_promptbench,0,0.9992594122886658,1,,,,
D3_05836,G_04335,en,FP_promptbench,0,0.9985719919204712,1,,,,
D3_05837,G_04336,en,FP_promptbench,0,0.9991737008094788,1,,,,
D3_05838,G_04337,en,FP_promptbench,0,0.9991676807403564,1,,,,
D3_05839,G_04338,en,FP_promptbench,0,0.9988044500350952,1,,,,
D3_05840,G_04339,en,FP_promptbench,0,0.9991477727890015,1,,,,
D3_05841,G_04340,en,FP_promptbench,0,0.9992501139640808,1,,,,
D3_05842,G_04341,en,FP_promptbench,0,0.9990419745445251,1,,,,
D3_05843,G_02735,en,FP_promptbench,0,0.9990633130073547,1,,,,
D3_05844,G_04343,en,FP_promptbench,0,0.9991771578788757,1,,,,
D3_05845,G_02760,en,FP_promptbench,0,0.9991318583488464,1,,,,
D3_05846,G_04345,en,FP_promptbench,0,0.9991739392280579,1,,,,
D3_05847,G_04346,en,FP_promptbench,0,0.9992690682411194,1,,,,
D3_05848,G_04347,en,FP_promptbench,0,0.9991883635520935,1,,,,
D3_05849,G_04348,en,FP_promptbench,0,0.999269425868988,1,,,,
D3_05850,G_04349,en,FP_promptbench,0,0.9992830157279968,1,,,,
D3_05851,G_04350,en,FP_promptbench,0,0.999129593372345,1,,,,
D3_05852,G_03882,en,FP_promptbench,0,0.9990804195404053,1,,,,
D3_05853,G_04352,en,FP_promptbench,0,0.9992471933364868,1,,,,
D3_05854,G_04353,en,FP_promptbench,0,0.9991877675056458,1,,,,
D3_05855,G_04354,en,FP_promptbench,0,0.9991762042045593,1,,,,
D3_05858,G_04355,en,FP_promptbench,0,0.9991012811660767,1,,,,
D3_05859,G_04356,en,FP_promptbench,0,0.9991992115974426,1,,,,
D3_05860,G_04357,en,FP_promptbench,0,0.9991685152053833,1,,,,
D3_05861,G_04358,en,FP_promptbench,0,0.9992139339447021,1,,,,
D3_05862,G_04359,en,FP_promptbench,0,0.9991692304611206,1,,,,
D3_05863,G_04360,en,FP_promptbench,0,0.9991574287414551,1,,,,
D3_05864,G_04361,en,FP_promptbench,0,0.9992105960845947,1,,,,
D3_05865,G_04362,en,FP_promptbench,0,0.9992331266403198,1,,,,
D3_05866,G_04363,en,FP_promptbench,0,0.9991087317466736,1,,,,
D3_05867,G_04364,en,FP_promptbench,0,0.9991512298583984,1,,,,
D3_05868,G_04365,en,FP_promptbench,0,0.9989832043647766,1,,,,
D3_05869,G_04366,en,FP_promptbench,0,0.9990713596343994,1,,,,
D3_05950,G_04367,en,FP_promptbench,0,0.9987829327583313,1,,,,
D3_05951,G_04368,en,FP_promptbench,0,0.9968721270561218,1,,,,
D3_05952,G_04369,en,FP_promptbench,0,0.9975565671920776,1,,,,
D3_05953,G_04370,en,FP_promptbench,0,0.9990659356117249,1,,,,
D3_05954,G_04371,en,FP_promptbench,0,0.9990046620368958,1,,,,
D3_05955,G_04372,en,FP_promptbench,0,0.9984071850776672,1,,,,
D3_05956,G_04373,en,FP_promptbench,0,0.9989657402038574,1,,,,
D3_05957,G_04374,en,FP_promptbench,0,0.9986591339111328,1,,,,
D3_05958,G_04375,en,FP_promptbench,0,0.9983232617378235,1,,,,
D3_05959,G_04376,en,FP_promptbench,0,0.9990361928939819,1,,,,
D3_05960,G_04377,en,FP_promptbench,0,0.9989217519760132,1,,,,
D3_05961,G_04378,en,FP_promptbench,0,0.9988272786140442,1,,,,
D3_05962,G_04379,en,FP_promptbench,0,0.999195396900177,1,,,,
D3_05963,G_04380,en,FP_promptbench,0,0.9988946318626404,1,,,,
D3_05964,G_04381,en,FP_promptbench,0,0.9992170333862305,1,,,,
D3_05965,G_03481,en,FP_promptbench,0,0.999092698097229,1,,,,
D3_05966,G_04383,en,FP_promptbench,0,0.9990819692611694,1,,,,
D3_05967,G_04384,en,FP_promptbench,0,0.9988011121749878,1,,,,
D3_05968,G_04385,en,FP_promptbench,0,0.9990966320037842,1,,,,
D3_05969,G_04386,en,FP_promptbench,0,0.9990648627281189,1,,,,
D3_05970,G_04387,en,FP_promptbench,0,0.9989816546440125,1,,,,
D3_05972,G_04388,en,FP_promptbench,0,0.9991127848625183,1,,,,
D3_05973,G_02894,en,FP_promptbench,0,0.9990077614784241,1,,,,
D3_05974,G_02862,en,FP_promptbench,0,0.9988763928413391,1,,,,
D3_05975,G_04391,en,FP_promptbench,0,0.9986562728881836,1,,,,
D3_05976,G_04392,en,FP_promptbench,0,0.9990932941436768,1,,,,
D3_05977,G_04393,en,FP_promptbench,0,0.9992145299911499,1,,,,
D3_05978,G_04394,en,FP_promptbench,0,0.9990895986557007,1,,,,
D3_05979,G_04395,en,FP_promptbench,0,0.9988977909088135,1,,,,
D3_05980,G_04396,en,FP_promptbench,0,0.9986544847488403,1,,,,
D3_05981,G_04397,en,FP_promptbench,0,0.9987035989761353,1,,,,
D3_05982,G_04398,en,FP_promptbench,0,0.9967922568321228,1,,,,
D3_05983,G_04399,en,FP_promptbench,0,0.9989940524101257,1,,,,
D3_05984,G_04400,en,FP_promptbench,0,0.9987120628356934,1,,,,
D3_05985,G_04401,en,FP_promptbench,0,0.9981393814086914,1,,,,
D3_06066,G_04402,en,FP_promptbench,0,0.998830258846283,1,,,,
D3_06067,G_04403,en,FP_promptbench,0,0.9988195300102234,1,,,,
D3_06068,G_04404,en,FP_promptbench,0,0.9987373948097229,1,,,,
D3_06069,G_04405,en,FP_promptbench,0,0.9991157650947571,1,,,,
D3_06070,G_04406,en,FP_promptbench,0,0.999186098575592,1,,,,
D3_06071,G_04407,en,FP_promptbench,0,0.9990491271018982,1,,,,
D3_06072,G_01667,en,FP_promptbench,0,0.9992356300354004,1,,,,
D3_06073,G_02959,en,FP_promptbench,0,0.9987353682518005,1,,,,
D3_06074,G_04410,en,FP_promptbench,0,0.9988340735435486,1,,,,
D3_06075,G_02977,en,FP_promptbench,0,0.9990944862365723,1,,,,
D3_06076,G_01676,en,FP_promptbench,0,0.9991503953933716,1,,,,
D3_06077,G_01698,en,FP_promptbench,0,0.9990432858467102,1,,,,
D3_06078,G_04414,en,FP_promptbench,0,0.9991739392280579,1,,,,
D3_06079,G_04415,en,FP_promptbench,0,0.9991563558578491,1,,,,
D3_06080,G_04416,en,FP_promptbench,0,0.9992172718048096,1,,,,
D3_06081,G_04417,en,FP_promptbench,0,0.9991331696510315,1,,,,
D3_06082,G_01676,en,FP_promptbench,0,0.9991903901100159,1,,,,
D3_06083,G_04419,en,FP_promptbench,0,0.9991912245750427,1,,,,
D3_06084,G_01667,en,FP_promptbench,0,0.9992223978042603,1,,,,
D3_06085,G_02997,en,FP_promptbench,0,0.9991519451141357,1,,,,
D3_06086,G_01669,en,FP_promptbench,0,0.9991586208343506,1,,,,
D3_06087,G_02977,en,FP_promptbench,0,0.9991462230682373,1,,,,
D3_06088,G_01676,en,FP_promptbench,0,0.9992114305496216,1,,,,
D3_06089,G_01698,en,FP_promptbench,0,0.9992399215698242,1,,,,
D3_06090,G_04426,en,FP_promptbench,0,0.9989810585975647,1,,,,
D3_06091,G_04427,en,FP_promptbench,0,0.9992420673370361,1,,,,
D3_06092,G_04428,en,FP_promptbench,0,0.9987965822219849,1,,,,
D3_06093,G_04429,en,FP_promptbench,0,0.9989442229270935,1,,,,
D3_06094,G_04430,en,FP_promptbench,0,0.9989868998527527,1,,,,
D3_06095,G_04431,en,FP_promptbench,0,0.9987284541130066,1,,,,
D3_06096,G_04432,en,FP_promptbench,0,0.9989333748817444,1,,,,
D3_06097,G_04433,en,FP_promptbench,0,0.9991430044174194,1,,,,
D3_06098,G_04434,en,FP_promptbench,0,0.9991459846496582,1,,,,
D3_06099,G_04435,en,FP_promptbench,0,0.9989243149757385,1,,,,
D3_06100,G_04436,en,FP_promptbench,0,0.9990737438201904,1,,,,
D3_06101,G_04437,en,FP_promptbench,0,0.9988536834716797,1,,,,
D3_06182,G_04438,en,FP_promptbench,0,0.9991695880889893,1,,,,
D3_06183,G_04439,en,FP_promptbench,0,0.9991323351860046,1,,,,
D3_06184,G_04440,en,FP_promptbench,0,0.9992169141769409,1,,,,
D3_06185,G_04441,en,FP_promptbench,0,0.9991087317466736,1,,,,
D3_06186,G_04442,en,FP_promptbench,0,0.9992393255233765,1,,,,
D3_06187,G_04443,en,FP_promptbench,0,0.9992241859436035,1,,,,
D3_06188,G_01783,en,FP_promptbench,0,0.9991499185562134,1,,,,
D3_06189,G_03579,en,FP_promptbench,0,0.9992555975914001,1,,,,
D3_06190,G_01816,en,FP_promptbench,0,0.9992178678512573,1,,,,
D3_06191,G_03045,en,FP_promptbench,0,0.9992508292198181,1,,,,
D3_06192,G_01819,en,FP_promptbench,0,0.9992690682411194,1,,,,
D3_06194,G_01783,en,FP_promptbench,0,0.9991287589073181,1,,,,
D3_06197,G_04450,en,FP_promptbench,0,0.9992637038230896,1,,,,
D3_06199,G_04451,en,FP_promptbench,0,0.9993237257003784,1,,,,
D3_06200,G_01783,en,FP_promptbench,0,0.9992515444755554,1,,,,
D3_06203,G_03058,en,FP_promptbench,0,0.9991965889930725,1,,,,
D3_06204,G_01819,en,FP_promptbench,0,0.9992994070053101,1,,,,
D3_06205,G_03581,en,FP_promptbench,0,0.9992871880531311,1,,,,
D3_06206,G_04456,en,FP_promptbench,0,0.9990943670272827,1,,,,
D3_06207,G_04457,en,FP_promptbench,0,0.9992979764938354,1,,,,
D3_06208,G_04458,en,FP_promptbench,0,0.9992958307266235,1,,,,
D3_06209,G_03045,en,FP_promptbench,0,0.9992772936820984,1,,,,
D3_06211,G_04460,en,FP_promptbench,0,0.9992826581001282,1,,,,
D3_06212,G_04461,en,FP_promptbench,0,0.9991932511329651,1,,,,
D3_06213,G_04462,en,FP_promptbench,0,0.9991956353187561,1,,,,
D3_06215,G_04463,en,FP_promptbench,0,0.9991527795791626,1,,,,
D3_06217,G_04464,en,FP_promptbench,0,0.9992069602012634,1,,,,
D3_06298,G_04465,en,FP_promptbench,0,0.999144434928894,1,,,,
D3_06299,G_04466,en,FP_promptbench,0,0.998991072177887,1,,,,
D3_06300,G_04467,en,FP_promptbench,0,0.998999297618866,1,,,,
D3_06301,G_04468,en,FP_promptbench,0,0.9991697072982788,1,,,,
D3_06302,G_04469,en,FP_promptbench,0,0.9987719655036926,1,,,,
D3_06303,G_04470,en,FP_promptbench,0,0.9989224672317505,1,,,,
D3_06304,G_03601,en,FP_promptbench,0,0.9991971850395203,1,,,,
D3_06305,G_01890,en,FP_promptbench,0,0.9991326928138733,1,,,,
D3_06306,G_01896,en,FP_promptbench,0,0.9990952014923096,1,,,,
D3_06307,G_01903,en,FP_promptbench,0,0.9990272521972656,1,,,,
D3_06308,G_04475,en,FP_promptbench,0,0.9990455508232117,1,,,,
D3_06309,G_04476,en,FP_promptbench,0,0.9988988637924194,1,,,,
D3_06310,G_03601,en,FP_promptbench,0,0.9990736246109009,1,,,,
D3_06311,G_01890,en,FP_promptbench,0,0.999127209186554,1,,,,
D3_06312,G_01896,en,FP_promptbench,0,0.9988792538642883,1,,,,
D3_06313,G_04480,en,FP_promptbench,0,0.9992167949676514,1,,,,
D3_06315,G_04476,en,FP_promptbench,0,0.9990384578704834,1,,,,
D3_06317,G_04482,en,FP_promptbench,0,0.9990822076797485,1,,,,
D3_06318,G_04483,en,FP_promptbench,0,0.9991756081581116,1,,,,
D3_06319,G_01903,en,FP_promptbench,0,0.9990823268890381,1,,,,
D3_06320,G_04485,en,FP_promptbench,0,0.9991876482963562,1,,,,
D3_06321,G_04476,en,FP_promptbench,0,0.9991405010223389,1,,,,
D3_06322,G_04487,en,FP_promptbench,0,0.9990941286087036,1,,,,
D3_06323,G_04488,en,FP_promptbench,0,0.9990172386169434,1,,,,
D3_06324,G_04489,en,FP_promptbench,0,0.998977541923523,1,,,,
D3_06325,G_04490,en,FP_promptbench,0,0.999186098575592,1,,,,
D3_06326,G_04491,en,FP_promptbench,0,0.9991841912269592,1,,,,
D3_06327,G_04492,en,FP_promptbench,0,0.9991612434387207,1,,,,
D3_06328,G_04493,en,FP_promptbench,0,0.9990794658660889,1,,,,
D3_06329,G_04494,en,FP_promptbench,0,0.9990367889404297,1,,,,
D3_06330,G_04495,en,FP_promptbench,0,0.998955249786377,1,,,,
D3_06331,G_04496,en,FP_promptbench,0,0.9987878203392029,1,,,,
D3_06333,G_04497,en,FP_promptbench,0,0.9990431666374207,1,,,,
D3_06414,G_04498,en,FP_promptbench,0,0.9991999268531799,1,,,,
D3_06415,G_04499,en,FP_promptbench,0,0.9991227984428406,1,,,,
D3_06416,G_04500,en,FP_promptbench,0,0.9991105198860168,1,,,,
D3_06417,G_04501,en,FP_promptbench,0,0.9991594552993774,1,,,,
D3_06418,G_04502,en,FP_promptbench,0,0.9991937279701233,1,,,,
D3_06419,G_04503,en,FP_promptbench,0,0.9991368651390076,1,,,,
D3_06420,G_03634,en,FP_promptbench,0,0.9991500377655029,1,,,,
D3_06421,G_02013,en,FP_promptbench,0,0.9991156458854675,1,,,,
D3_06422,G_02007,en,FP_promptbench,0,0.9991070628166199,1,,,,
D3_06423,G_02016,en,FP_promptbench,0,0.9991971850395203,1,,,,
D3_06424,G_03639,en,FP_promptbench,0,0.9991775155067444,1,,,,
D3_06425,G_04084,en,FP_promptbench,0,0.9991962313652039,1,,,,
D3_06426,G_04510,en,FP_promptbench,0,0.9992386102676392,1,,,,
D3_06428,G_04511,en,FP_promptbench,0,0.9992666840553284,1,,,,
D3_06429,G_04512,en,FP_promptbench,0,0.9992794394493103,1,,,,
D3_06430,G_03639,en,FP_promptbench,0,0.9991336464881897,1,,,,
D3_06431,G_04084,en,FP_promptbench,0,0.9992607235908508,1,,,,
D3_06432,G_03634,en,FP_promptbench,0,0.999208390712738,1,,,,
D3_06433,G_02013,en,FP_promptbench,0,0.9991518259048462,1,,,,
D3_06434,G_02007,en,FP_promptbench,0,0.9991784691810608,1,,,,
D3_06435,G_02016,en,FP_promptbench,0,0.9991695880889893,1,,,,
D3_06437,G_04084,en,FP_promptbench,0,0.9992296695709229,1,,,,
D3_06438,G_04520,en,FP_promptbench,0,0.999200165271759,1,,,,
D3_06439,G_02013,en,FP_promptbench,0,0.9990202188491821,1,,,,
D3_06440,G_04522,en,FP_promptbench,0,0.9993060827255249,1,,,,
D3_06441,G_04523,en,FP_promptbench,0,0.999281108379364,1,,,,
D3_06442,G_04524,en,FP_promptbench,0,0.9992583394050598,1,,,,
D3_06443,G_04525,en,FP_promptbench,0,0.999218225479126,1,,,,
D3_06444,G_04526,en,FP_promptbench,0,0.9991703033447266,1,,,,
D3_06445,G_04527,en,FP_promptbench,0,0.9990831613540649,1,,,,
D3_06446,G_04528,en,FP_promptbench,0,0.9992307424545288,1,,,,
D3_06447,G_04529,en,FP_promptbench,0,0.9992645382881165,1,,,,
D3_06448,G_04530,en,FP_promptbench,0,0.9991564750671387,1,,,,
D3_06449,G_04531,en,FP_promptbench,0,0.9991400241851807,1,,,,
D3_06531,G_04532,en,FP_promptbench,0,0.9987494945526123,1,,,,
D3_06532,G_04533,en,FP_promptbench,0,0.9988656044006348,1,,,,
D3_06533,G_04534,en,FP_promptbench,0,0.9990862607955933,1,,,,
D3_06534,G_04535,en,FP_promptbench,0,0.9992434978485107,1,,,,
D3_06535,G_04536,en,FP_promptbench,0,0.9990276098251343,1,,,,
D3_06536,G_04537,en,FP_promptbench,0,0.9990766048431396,1,,,,
D3_06537,G_02119,en,FP_promptbench,0,0.9991112351417542,1,,,,
D3_06538,G_02126,en,FP_promptbench,0,0.9991102814674377,1,,,,
D3_06539,G_04540,en,FP_promptbench,0,0.9992300271987915,1,,,,
D3_06540,G_04541,en,FP_promptbench,0,0.9990108013153076,1,,,,
D3_06541,G_04542,en,FP_promptbench,0,0.999126136302948,1,,,,
D3_06542,G_03168,en,FP_promptbench,0,0.9991424083709717,1,,,,
D3_06543,G_04544,en,FP_promptbench,0,0.9991294741630554,1,,,,
D3_06544,G_04545,en,FP_promptbench,0,0.9991580247879028,1,,,,
D3_06546,G_02135,en,FP_promptbench,0,0.9990941286087036,1,,,,
D3_06547,G_04542,en,FP_promptbench,0,0.998934805393219,1,,,,
D3_06548,G_04548,en,FP_promptbench,0,0.9991962313652039,1,,,,
D3_06550,G_04549,en,FP_promptbench,0,0.9991812109947205,1,,,,
D3_06552,G_02135,en,FP_promptbench,0,0.9991711378097534,1,,,,
D3_06553,G_04542,en,FP_promptbench,0,0.9992203712463379,1,,,,
D3_06554,G_04552,en,FP_promptbench,0,0.9991874098777771,1,,,,
D3_06555,G_04553,en,FP_promptbench,0,0.9988898634910583,1,,,,
D3_06556,G_02126,en,FP_promptbench,0,0.9989114999771118,1,,,,
D3_06558,G_04555,en,FP_promptbench,0,0.9989332556724548,1,,,,
D3_06559,G_04556,en,FP_promptbench,0,0.9988613128662109,1,,,,
D3_06560,G_04557,en,FP_promptbench,0,0.9992503523826599,1,,,,
D3_06561,G_04558,en,FP_promptbench,0,0.9990572333335876,1,,,,
D3_06562,G_04559,en,FP_promptbench,0,0.9990594983100891,1,,,,
D3_06563,G_04560,en,FP_promptbench,0,0.9991129040718079,1,,,,
D3_06564,G_04561,en,FP_promptbench,0,0.9991130232810974,1,,,,
D3_06565,G_04562,en,FP_promptbench,0,0.9990668892860413,1,,,,
D3_06566,G_04563,en,FP_promptbench,0,0.9989491105079651,1,,,,
D3_06648,G_04564,en,FP_promptbench,0,0.9992218017578125,1,,,,
D3_06649,G_04565,en,FP_promptbench,0,0.9992339611053467,1,,,,
D3_06650,G_04566,en,FP_promptbench,0,0.9992473125457764,1,,,,
D3_06651,G_04567,en,FP_promptbench,0,0.9992177486419678,1,,,,
D3_06652,G_04568,en,FP_promptbench,0,0.9992207288742065,1,,,,
D3_06653,G_04569,en,FP_promptbench,0,0.9990848302841187,1,,,,
D3_06654,G_02235,en,FP_promptbench,0,0.9991389513015747,1,,,,
D3_06655,G_02239,en,FP_promptbench,0,0.9992734789848328,1,,,,
D3_06656,G_02243,en,FP_promptbench,0,0.999224066734314,1,,,,
D3_06657,G_04642,en,FP_promptbench,0,0.9992628693580627,1,,,,
D3_06658,G_03281,en,FP_promptbench,0,0.9993264675140381,1,,,,
D3_06659,G_02249,en,FP_promptbench,0,0.9990288019180298,1,,,,
D3_06660,G_02235,en,FP_promptbench,0,0.999250590801239,1,,,,
D3_06661,G_02239,en,FP_promptbench,0,0.9992730021476746,1,,,,
D3_06662,G_04578,en,FP_promptbench,0,0.9991864562034607,1,,,,
D3_06663,G_04579,en,FP_promptbench,0,0.9993047714233398,1,,,,
D3_06665,G_02249,en,FP_promptbench,0,0.9991173148155212,1,,,,
D3_06666,G_04581,en,FP_promptbench,0,0.9992303848266602,1,,,,
D3_06669,G_04642,en,FP_promptbench,0,0.9991674423217773,1,,,,
D3_06671,G_02249,en,FP_promptbench,0,0.999160647392273,1,,,,
D3_06672,G_04584,en,FP_promptbench,0,0.9992167949676514,1,,,,
D3_06673,G_04585,en,FP_promptbench,0,0.9991185069084167,1,,,,
D3_06674,G_02243,en,FP_promptbench,0,0.9991231560707092,1,,,,
D3_06675,G_04587,en,FP_promptbench,0,0.9992882609367371,1,,,,
D3_06676,G_03281,en,FP_promptbench,0,0.9992693066596985,1,,,,
D3_06677,G_04589,en,FP_promptbench,0,0.9990824460983276,1,,,,
D3_06678,G_04590,en,FP_promptbench,0,0.9991397857666016,1,,,,
D3_06679,G_04591,en,FP_promptbench,0,0.9990060925483704,1,,,,
D3_06680,G_04592,en,FP_promptbench,0,0.9991812109947205,1,,,,
D3_06681,G_04593,en,FP_promptbench,0,0.9992102384567261,1,,,,
D3_06682,G_03281,en,FP_promptbench,0,0.9992477893829346,1,,,,
D3_06683,G_04595,en,FP_promptbench,0,0.9990878105163574,1,,,,
D3_06764,G_04596,en,FP_promptbench,0,0.9986498951911926,1,,,,
D3_06765,G_04597,en,FP_promptbench,0,0.9983503818511963,1,,,,
D3_06766,G_04598,en,FP_promptbench,0,0.9988879561424255,1,,,,
D3_06767,G_04599,en,FP_promptbench,0,0.9985925555229187,1,,,,
D3_06768,G_04600,en,FP_promptbench,0,0.9987680315971375,1,,,,
D3_06769,G_04601,en,FP_promptbench,0,0.9989140033721924,1,,,,
D3_06770,G_04180,en,FP_promptbench,0,0.9989375472068787,1,,,,
D3_06771,G_02355,en,FP_promptbench,0,0.9990092515945435,1,,,,
D3_06772,G_03219,en,FP_promptbench,0,0.9989057779312134,1,,,,
D3_06773,G_04605,en,FP_promptbench,0,0.9990140199661255,1,,,,
D3_06774,G_03230,en,FP_promptbench,0,0.9988503456115723,1,,,,
D3_06775,G_02363,en,FP_promptbench,0,0.9990969896316528,1,,,,
D3_06776,G_04180,en,FP_promptbench,0,0.9985135197639465,1,,,,
D3_06777,G_02355,en,FP_promptbench,0,0.9988852143287659,1,,,,
D3_06779,G_04610,en,FP_promptbench,0,0.9986752867698669,1,,,,
D3_06780,G_03230,en,FP_promptbench,0,0.9987175464630127,1,,,,
D3_06782,G_04612,en,FP_promptbench,0,0.9990971088409424,1,,,,
D3_06783,G_03255,en,FP_promptbench,0,0.9991434812545776,1,,,,
D3_06785,G_02364,en,FP_promptbench,0,0.999060332775116,1,,,,
D3_06787,G_02363,en,FP_promptbench,0,0.9992197751998901,1,,,,
D3_06788,G_04180,en,FP_promptbench,0,0.999052107334137,1,,,,
D3_06789,G_04617,en,FP_promptbench,0,0.9983704686164856,1,,,,
D3_06790,G_03219,en,FP_promptbench,0,0.9989520311355591,1,,,,
D3_06791,G_04619,en,FP_promptbench,0,0.9986253976821899,1,,,,
D3_06792,G_04620,en,FP_promptbench,0,0.9989575147628784,1,,,,
D3_06793,G_04621,en,FP_promptbench,0,0.9987242817878723,1,,,,
D3_06794,G_04622,en,FP_promptbench,0,0.9987431168556213,1,,,,
D3_06795,G_04623,en,FP_promptbench,0,0.9985483288764954,1,,,,
D3_06796,G_04624,en,FP_promptbench,0,0.9989303946495056,1,,,,
D3_06797,G_04625,en,FP_promptbench,0,0.994236409664154,1,,,,
D3_06798,G_04626,en,FP_promptbench,0,0.9988263249397278,1,,,,
D3_06799,G_04627,en,FP_promptbench,0,0.9979846477508545,1,,,,
D3_06881,G_04628,en,FP_promptbench,0,0.9992225170135498,1,,,,
D3_06882,G_04629,en,FP_promptbench,0,0.998985230922699,1,,,,
D3_06883,G_04630,en,FP_promptbench,0,0.9987972974777222,1,,,,
D3_06884,G_04631,en,FP_promptbench,0,0.9993066787719727,1,,,,
D3_06885,G_04632,en,FP_promptbench,0,0.9990063309669495,1,,,,
D3_06886,G_04633,en,FP_promptbench,0,0.9990779161453247,1,,,,
D3_06887,G_04639,en,FP_promptbench,0,0.9990772008895874,1,,,,
D3_06888,G_04635,en,FP_promptbench,0,0.999121367931366,1,,,,
D3_06889,G_04636,en,FP_promptbench,0,0.9990079998970032,1,,,,
D3_06890,G_04637,en,FP_promptbench,0,0.9992838501930237,1,,,,
D3_06891,G_02468,en,FP_promptbench,0,0.9991023540496826,1,,,,
D3_06893,G_04639,en,FP_promptbench,0,0.9989637136459351,1,,,,
D3_06894,G_04635,en,FP_promptbench,0,0.9989664554595947,1,,,,
D3_06895,G_02242,en,FP_promptbench,0,0.9988489151000977,1,,,,
D3_06896,G_04642,en,FP_promptbench,0,0.9992730021476746,1,,,,
D3_06899,G_04643,en,FP_promptbench,0,0.9992119073867798,1,,,,
D3_06900,G_04644,en,FP_promptbench,0,0.9992347955703735,1,,,,
D3_06901,G_04645,en,FP_promptbench,0,0.9990966320037842,1,,,,
D3_06902,G_04642,en,FP_promptbench,0,0.9992148876190186,1,,,,
D3_06903,G_04647,en,FP_promptbench,0,0.9991769194602966,1,,,,
D3_06905,G_04639,en,FP_promptbench,0,0.9990515112876892,1,,,,
D3_06906,G_04635,en,FP_promptbench,0,0.9988313317298889,1,,,,
D3_06907,G_02242,en,FP_promptbench,0,0.9989144802093506,1,,,,
D3_06908,G_04651,en,FP_promptbench,0,0.9992665648460388,1,,,,
D3_06909,G_04652,en,FP_promptbench,0,0.9987366795539856,1,,,,
D3_06911,G_04653,en,FP_promptbench,0,0.9991142153739929,1,,,,
D3_06912,G_04654,en,FP_promptbench,0,0.9986392855644226,1,,,,
D3_06913,G_04655,en,FP_promptbench,0,0.9988095760345459,1,,,,
D3_06914,G_04656,en,FP_promptbench,0,0.9992287158966064,1,,,,
D3_06915,G_02468,en,FP_promptbench,0,0.999057948589325,1,,,,
D3_06997,G_04658,en,FP_promptbench,0,0.9991797804832458,1,,,,
D3_06998,G_04659,en,FP_promptbench,0,0.9992092847824097,1,,,,
D3_06999,G_04660,en,FP_promptbench,0,0.9990978240966797,1,,,,
D3_07000,G_04661,en,FP_promptbench,0,0.9991074204444885,1,,,,
D3_07001,G_04662,en,FP_promptbench,0,0.9991430044174194,1,,,,
D3_07002,G_04663,en,FP_promptbench,0,0.9990702271461487,1,,,,
D3_07003,G_02501,en,FP_promptbench,0,0.999136745929718,1,,,,
D3_07004,G_02497,en,FP_promptbench,0,0.9992269277572632,1,,,,
D3_07005,G_02519,en,FP_promptbench,0,0.9991216063499451,1,,,,
D3_07006,G_02503,en,FP_promptbench,0,0.9991539716720581,1,,,,
D3_07007,G_03806,en,FP_promptbench,0,0.9991257786750793,1,,,,
D3_07008,G_02509,en,FP_promptbench,0,0.9992427825927734,1,,,,
D3_07009,G_02501,en,FP_promptbench,0,0.9992388486862183,1,,,,
D3_07010,G_04671,en,FP_promptbench,0,0.9992462396621704,1,,,,
D3_07011,G_04672,en,FP_promptbench,0,0.9992265701293945,1,,,,
D3_07012,G_04673,en,FP_promptbench,0,0.9992338418960571,1,,,,
D3_07013,G_04674,en,FP_promptbench,0,0.9992426633834839,1,,,,
D3_07014,G_02509,en,FP_promptbench,0,0.9991818070411682,1,,,,
D3_07015,G_04676,en,FP_promptbench,0,0.9991974234580994,1,,,,
D3_07016,G_04677,en,FP_promptbench,0,0.9991931319236755,1,,,,
D3_07020,G_04678,en,FP_promptbench,0,0.9993003606796265,1,,,,
D3_07021,G_02501,en,FP_promptbench,0,0.9990479350090027,1,,,,
D3_07022,G_04680,en,FP_promptbench,0,0.9993183612823486,1,,,,
D3_07023,G_02519,en,FP_promptbench,0,0.9992198944091797,1,,,,
D3_07024,G_04682,en,FP_promptbench,0,0.9991061091423035,1,,,,
D3_07025,G_03806,en,FP_promptbench,0,0.9991034865379333,1,,,,
D3_07027,G_04684,en,FP_promptbench,0,0.9992021918296814,1,,,,
D3_07028,G_04685,en,FP_promptbench,0,0.9991440773010254,1,,,,
D3_07029,G_04686,en,FP_promptbench,0,0.9991673231124878,1,,,,
D3_07030,G_02503,en,FP_promptbench,0,0.9991785883903503,1,,,,
D3_07031,G_04688,en,FP_promptbench,0,0.9990459084510803,1,,,,
D3_07032,G_04689,en,FP_promptbench,0,0.999157190322876,1,,,,
D3_07113,G_04690,en,FP_promptbench,0,0.9992194175720215,1,,,,
D3_07114,G_04691,en,FP_promptbench,0,0.9992213249206543,1,,,,
D3_07115,G_04692,en,FP_promptbench,0,0.9992368221282959,1,,,,
D3_07116,G_02613,en,FP_promptbench,0,0.9993001222610474,1,,,,
D3_07117,G_04694,en,FP_promptbench,0,0.9991903901100159,1,,,,
D3_07118,G_04695,en,FP_promptbench,0,0.999321460723877,1,,,,
D3_07119,G_02607,en,FP_promptbench,0,0.9991994500160217,1,,,,
D3_07120,G_02603,en,FP_promptbench,0,0.999208390712738,1,,,,
D3_07121,G_02610,en,FP_promptbench,0,0.9992190599441528,1,,,,
D3_07122,G_04699,en,FP_promptbench,0,0.999148964881897,1,,,,
D3_07123,G_02613,en,FP_promptbench,0,0.9992294311523438,1,,,,
D3_07124,G_02621,en,FP_promptbench,0,0.9992708563804626,1,,,,
D3_07125,G_04702,en,FP_promptbench,0,0.9991645812988281,1,,,,
D3_07126,G_04703,en,FP_promptbench,0,0.9992484450340271,1,,,,
D3_07127,G_04704,en,FP_promptbench,0,0.9991779923439026,1,,,,
D3_07128,G_04699,en,FP_promptbench,0,0.9992602467536926,1,,,,
D3_07129,G_04706,en,FP_promptbench,0,0.9992813467979431,1,,,,
D3_07131,G_04707,en,FP_promptbench,0,0.9992761015892029,1,,,,
D3_07132,G_04708,en,FP_promptbench,0,0.9992685914039612,1,,,,
D3_07133,G_02610,en,FP_promptbench,0,0.9992600083351135,1,,,,
D3_07135,G_02613,en,FP_promptbench,0,0.9992783665657043,1,,,,
D3_07137,G_04711,en,FP_promptbench,0,0.9991720914840698,1,,,,
D3_07138,G_02603,en,FP_promptbench,0,0.999277651309967,1,,,,
D3_07139,G_04713,en,FP_promptbench,0,0.9992653727531433,1,,,,
D3_07140,G_04714,en,FP_promptbench,0,0.9989657402038574,1,,,,
D3_07141,G_04715,en,FP_promptbench,0,0.9993163347244263,1,,,,
D3_07142,G_04716,en,FP_promptbench,0,0.9991958737373352,1,,,,
D3_07143,G_04717,en,FP_promptbench,0,0.9991852641105652,1,,,,
D3_07144,G_04718,en,FP_promptbench,0,0.9991593360900879,1,,,,
D3_07145,G_04719,en,FP_promptbench,0,0.9992542862892151,1,,,,
D3_07146,G_04720,en,FP_promptbench,0,0.9990070462226868,1,,,,
D3_07147,G_04721,en,FP_promptbench,0,0.9992596507072449,1,,,,
D3_07148,G_04722,en,FP_promptbench,0,0.9991931319236755,1,,,,
D3_07229,G_04723,en,FP_promptbench,0,0.9991111159324646,1,,,,
D3_07231,G_04724,en,FP_promptbench,0,0.9986226558685303,1,,,,
D3_07232,G_04725,en,FP_promptbench,0,0.9983684420585632,1,,,,
D3_07233,G_04726,en,FP_promptbench,0,0.999025821685791,1,,,,
D3_07234,G_04727,en,FP_promptbench,0,0.9990078806877136,1,,,,
D3_07235,G_03387,en,FP_promptbench,0,0.999225378036499,1,,,,
D3_07236,G_04729,en,FP_promptbench,0,0.9991674423217773,1,,,,
D3_07237,G_03384,en,FP_promptbench,0,0.99883633852005,1,,,,
D3_07238,G_04731,en,FP_promptbench,0,0.9991102814674377,1,,,,
D3_07239,G_04732,en,FP_promptbench,0,0.9991093277931213,1,,,,
D3_07240,G_02732,en,FP_promptbench,0,0.9989763498306274,1,,,,
D3_07241,G_04734,en,FP_promptbench,0,0.9992142915725708,1,,,,
D3_07243,G_04735,en,FP_promptbench,0,0.9991449117660522,1,,,,
D3_07244,G_04736,en,FP_promptbench,0,0.9991408586502075,1,,,,
D3_07245,G_04737,en,FP_promptbench,0,0.9992365837097168,1,,,,
D3_07246,G_04738,en,FP_promptbench,0,0.999248206615448,1,,,,
D3_07247,G_04352,en,FP_promptbench,0,0.9992538094520569,1,,,,
D3_07249,G_04317,en,FP_promptbench,0,0.999104917049408,1,,,,
D3_07252,G_04741,en,FP_promptbench,0,0.9990098476409912,1,,,,
D3_07253,G_04742,en,FP_promptbench,0,0.9991544485092163,1,,,,
D3_07255,G_04743,en,FP_promptbench,0,0.9990204572677612,1,,,,
D3_07256,G_04744,en,FP_promptbench,0,0.9991740584373474,1,,,,
D3_07257,G_02730,en,FP_promptbench,0,0.9991655349731445,1,,,,
D3_07258,G_04746,en,FP_promptbench,0,0.9991139769554138,1,,,,
D3_07259,G_04747,en,FP_promptbench,0,0.999235987663269,1,,,,
D3_07261,G_04748,en,FP_promptbench,0,0.9988189339637756,1,,,,
D3_07262,G_04749,en,FP_promptbench,0,0.9989379048347473,1,,,,
D3_07263,G_04750,en,FP_promptbench,0,0.9991090893745422,1,,,,
D3_07264,G_04751,en,FP_promptbench,0,0.9991457462310791,1,,,,
D3_07345,G_04752,en,FP_promptbench,0,0.9989582300186157,1,,,,
D3_07346,G_04753,en,FP_promptbench,0,0.9988598823547363,1,,,,
D3_07347,G_04754,en,FP_promptbench,0,0.9991005659103394,1,,,,
D3_07348,G_04755,en,FP_promptbench,0,0.9991137385368347,1,,,,
D3_07349,G_04756,en,FP_promptbench,0,0.9990135431289673,1,,,,
D3_07350,G_04757,en,FP_promptbench,0,0.9990083575248718,1,,,,
D3_07351,G_03384,en,FP_promptbench,0,0.9989180564880371,1,,,,
D3_07352,G_04759,en,FP_promptbench,0,0.9990559220314026,1,,,,
D3_07353,G_04760,en,FP_promptbench,0,0.9991239905357361,1,,,,
D3_07354,G_04761,en,FP_promptbench,0,0.9991645812988281,1,,,,
D3_07355,G_04309,en,FP_promptbench,0,0.9991425275802612,1,,,,
D3_07356,G_04763,en,FP_promptbench,0,0.9991133809089661,1,,,,
D3_07357,G_04764,en,FP_promptbench,0,0.9991362690925598,1,,,,
D3_07358,G_02721,en,FP_promptbench,0,0.9990491271018982,1,,,,
D3_07359,G_04766,en,FP_promptbench,0,0.9991163611412048,1,,,,
D3_07360,G_04767,en,FP_promptbench,0,0.9989551305770874,1,,,,
D3_07361,G_04768,en,FP_promptbench,0,0.9990997314453125,1,,,,
D3_07362,G_04769,en,FP_promptbench,0,0.9991363883018494,1,,,,
D3_07364,G_02759,en,FP_promptbench,0,0.9991962313652039,1,,,,
D3_07365,G_04771,en,FP_promptbench,0,0.9991569519042969,1,,,,
D3_07366,G_04772,en,FP_promptbench,0,0.9991957545280457,1,,,,
D3_07368,G_04773,en,FP_promptbench,0,0.9991543292999268,1,,,,
D3_07369,G_04774,en,FP_promptbench,0,0.9988425970077515,1,,,,
D3_07370,G_04775,en,FP_promptbench,0,0.9989702701568604,1,,,,
D3_07371,G_04776,en,FP_promptbench,0,0.9990503191947937,1,,,,
D3_07372,G_04777,en,FP_promptbench,0,0.9989263415336609,1,,,,
D3_07373,G_02738,en,FP_promptbench,0,0.9988779425621033,1,,,,
D3_07374,G_02737,en,FP_promptbench,0,0.9991224408149719,1,,,,
D3_07375,G_04780,en,FP_promptbench,0,0.9989863038063049,1,,,,
D3_07376,G_04781,en,FP_promptbench,0,0.9990137815475464,1,,,,
D3_07377,G_04782,en,FP_promptbench,0,0.998935878276825,1,,,,
D3_07378,G_04783,en,FP_promptbench,0,0.9987353682518005,1,,,,
D3_07379,G_04784,en,FP_promptbench,0,0.9988080263137817,1,,,,
D3_07380,G_04785,en,FP_promptbench,0,0.9991369843482971,1,,,,
D3_07462,G_04786,en,FP_promptbench,0,0.9978378415107727,1,,,,
D3_07463,G_04787,en,FP_promptbench,0,0.9986993074417114,1,,,,
D3_07464,G_04788,en,FP_promptbench,0,0.999152421951294,1,,,,
D3_07465,G_04789,en,FP_promptbench,0,0.9991579055786133,1,,,,
D3_07466,G_04790,en,FP_promptbench,0,0.9989851117134094,1,,,,
D3_07467,G_04791,en,FP_promptbench,0,0.9986332058906555,1,,,,
D3_07468,G_04792,en,FP_promptbench,0,0.9988435506820679,1,,,,
D3_07470,G_04793,en,FP_promptbench,0,0.9990346431732178,1,,,,
D3_07471,G_04794,en,FP_promptbench,0,0.9988991022109985,1,,,,
D3_07472,G_04795,en,FP_promptbench,0,0.9988024234771729,1,,,,
D3_07473,G_04796,en,FP_promptbench,0,0.9991508722305298,1,,,,
D3_07475,G_03470,en,FP_promptbench,0,0.9990108013153076,1,,,,
D3_07476,G_04798,en,FP_promptbench,0,0.9992550015449524,1,,,,
D3_07477,G_02872,en,FP_promptbench,0,0.9989045858383179,1,,,,
D3_07478,G_02867,en,FP_promptbench,0,0.9990772008895874,1,,,,
D3_07480,G_04801,en,FP_promptbench,0,0.9991528987884521,1,,,,
D3_07481,G_03508,en,FP_promptbench,0,0.9990792274475098,1,,,,
D3_07482,G_04803,en,FP_promptbench,0,0.99921715259552,1,,,,
D3_07483,G_04804,en,FP_promptbench,0,0.999086856842041,1,,,,
D3_07484,G_04805,en,FP_promptbench,0,0.9992018342018127,1,,,,
D3_07485,G_02863,en,FP_promptbench,0,0.9989859461784363,1,,,,
D3_07486,G_04786,en,FP_promptbench,0,0.9980962872505188,1,,,,
D3_07487,G_04808,en,FP_promptbench,0,0.9988967180252075,1,,,,
D3_07488,G_04809,en,FP_promptbench,0,0.9991902709007263,1,,,,
D3_07490,G_04810,en,FP_promptbench,0,0.99909508228302,1,,,,
D3_07491,G_04811,en,FP_promptbench,0,0.9986435770988464,1,,,,
D3_07493,G_04812,en,FP_promptbench,0,0.998945415019989,1,,,,
D3_07494,G_02868,en,FP_promptbench,0,0.9990957975387573,1,,,,
D3_07495,G_04814,en,FP_promptbench,0,0.9986873269081116,1,,,,
D3_07576,G_04815,en,FP_promptbench,0,0.9991318583488464,1,,,,
D3_07577,G_04816,en,FP_promptbench,0,0.999137282371521,1,,,,
D3_07578,G_04817,en,FP_promptbench,0,0.9992534518241882,1,,,,
D3_07579,G_04818,en,FP_promptbench,0,0.9991714954376221,1,,,,
D3_07580,G_04819,en,FP_promptbench,0,0.9991064667701721,1,,,,
D3_07581,G_04820,en,FP_promptbench,0,0.9992088675498962,1,,,,
D3_07582,G_01667,en,FP_promptbench,0,0.9991932511329651,1,,,,
D3_07583,G_01663,en,FP_promptbench,0,0.9992460012435913,1,,,,
D3_07584,G_01666,en,FP_promptbench,0,0.9988455772399902,1,,,,
D3_07585,G_01679,en,FP_promptbench,0,0.9992658495903015,1,,,,
D3_07586,G_01680,en,FP_promptbench,0,0.9991636276245117,1,,,,
D3_07587,G_01676,en,FP_promptbench,0,0.9992006421089172,1,,,,
D3_07588,G_04827,en,FP_promptbench,0,0.999195396900177,1,,,,
D3_07589,G_04828,en,FP_promptbench,0,0.9992212057113647,1,,,,
D3_07590,G_04829,en,FP_promptbench,0,0.9988976716995239,1,,,,
D3_07591,G_04830,en,FP_promptbench,0,0.9992014765739441,1,,,,
D3_07592,G_04831,en,FP_promptbench,0,0.9990449547767639,1,,,,
D3_07593,G_01676,en,FP_promptbench,0,0.9991705417633057,1,,,,
D3_07594,G_01667,en,FP_promptbench,0,0.9991484880447388,1,,,,
D3_07595,G_01663,en,FP_promptbench,0,0.9993016719818115,1,,,,
D3_07596,G_04835,en,FP_promptbench,0,0.9989811778068542,1,,,,
D3_07598,G_01680,en,FP_promptbench,0,0.9991318583488464,1,,,,
D3_07599,G_01676,en,FP_promptbench,0,0.9992324113845825,1,,,,
D3_07600,G_04838,en,FP_promptbench,0,0.9991171956062317,1,,,,
D3_07601,G_04839,en,FP_promptbench,0,0.9990726709365845,1,,,,
D3_07602,G_04840,en,FP_promptbench,0,0.9989972710609436,1,,,,
D3_07603,G_04841,en,FP_promptbench,0,0.9991080164909363,1,,,,
D3_07604,G_04842,en,FP_promptbench,0,0.9992484450340271,1,,,,
D3_07605,G_04843,en,FP_promptbench,0,0.9992693066596985,1,,,,
D3_07606,G_04844,en,FP_promptbench,0,0.9989861845970154,1,,,,
D3_07607,G_04845,en,FP_promptbench,0,0.9987806677818298,1,,,,
D3_07608,G_04846,en,FP_promptbench,0,0.9990077614784241,1,,,,
D3_07609,G_04847,en,FP_promptbench,0,0.9991012811660767,1,,,,
D3_07610,G_04848,en,FP_promptbench,0,0.9990928173065186,1,,,,
D3_07611,G_04849,en,FP_promptbench,0,0.999190628528595,1,,,,
D3_07692,G_04850,en,FP_promptbench,0,0.9991531372070312,1,,,,
D3_07693,G_04851,en,FP_promptbench,0,0.999173104763031,1,,,,
D3_07694,G_04852,en,FP_promptbench,0,0.999224066734314,1,,,,
D3_07695,G_04853,en,FP_promptbench,0,0.9991481304168701,1,,,,
D3_07696,G_04854,en,FP_promptbench,0,0.9992904663085938,1,,,,
D3_07697,G_04855,en,FP_promptbench,0,0.9992688298225403,1,,,,
D3_07698,G_01783,en,FP_promptbench,0,0.999219536781311,1,,,,
D3_07699,G_03579,en,FP_promptbench,0,0.9992619156837463,1,,,,
D3_07700,G_01816,en,FP_promptbench,0,0.9992626309394836,1,,,,
D3_07701,G_03045,en,FP_promptbench,0,0.9991727471351624,1,,,,
D3_07702,G_01819,en,FP_promptbench,0,0.9993305206298828,1,,,,
D3_07703,G_01794,en,FP_promptbench,0,0.9993083477020264,1,,,,
D3_07704,G_04862,en,FP_promptbench,0,0.9992203712463379,1,,,,
D3_07706,G_04863,en,FP_promptbench,0,0.9992867112159729,1,,,,
D3_07707,G_04864,en,FP_promptbench,0,0.9992501139640808,1,,,,
D3_07709,G_04865,en,FP_promptbench,0,0.9992936849594116,1,,,,
D3_07710,G_01783,en,FP_promptbench,0,0.9992471933364868,1,,,,
D3_07711,G_04867,en,FP_promptbench,0,0.999285876750946,1,,,,
D3_07713,G_03045,en,FP_promptbench,0,0.9991865754127502,1,,,,
D3_07714,G_01819,en,FP_promptbench,0,0.9993007183074951,1,,,,
D3_07715,G_03581,en,FP_promptbench,0,0.9992530941963196,1,,,,
D3_07716,G_04871,en,FP_promptbench,0,0.9990977048873901,1,,,,
D3_07718,G_04872,en,FP_promptbench,0,0.9993054866790771,1,,,,
D3_07719,G_04873,en,FP_promptbench,0,0.9992029070854187,1,,,,
D3_07721,G_04874,en,FP_promptbench,0,0.9992927312850952,1,,,,
D3_07722,G_04875,en,FP_promptbench,0,0.9991955161094666,1,,,,
D3_07724,G_04876,en,FP_promptbench,0,0.9992409944534302,1,,,,
D3_07725,G_04877,en,FP_promptbench,0,0.9992172718048096,1,,,,
D3_07727,G_04878,en,FP_promptbench,0,0.999273955821991,1,,,,
D3_07809,G_04879,en,FP_promptbench,0,0.9989029169082642,1,,,,
D3_07810,G_04880,en,FP_promptbench,0,0.999066174030304,1,,,,
D3_07811,G_04881,en,FP_promptbench,0,0.999198853969574,1,,,,
D3_07812,G_04882,en,FP_promptbench,0,0.9990346431732178,1,,,,
D3_07813,G_04883,en,FP_promptbench,0,0.9991387128829956,1,,,,
D3_07814,G_04884,en,FP_promptbench,0,0.9991661310195923,1,,,,
D3_07815,G_01893,en,FP_promptbench,0,0.9990431666374207,1,,,,
D3_07816,G_03601,en,FP_promptbench,0,0.9992436170578003,1,,,,
D3_07817,G_01897,en,FP_promptbench,0,0.9991707801818848,1,,,,
D3_07818,G_01903,en,FP_promptbench,0,0.999042809009552,1,,,,
D3_07819,G_04475,en,FP_promptbench,0,0.999083399772644,1,,,,
D3_07820,G_04476,en,FP_promptbench,0,0.99898761510849,1,,,,
D3_07821,G_04891,en,FP_promptbench,0,0.9991163611412048,1,,,,
D3_07822,G_04892,en,FP_promptbench,0,0.9992314577102661,1,,,,
D3_07823,G_04893,en,FP_promptbench,0,0.9989787340164185,1,,,,
D3_07824,G_04894,en,FP_promptbench,0,0.9992352724075317,1,,,,
D3_07825,G_04895,en,FP_promptbench,0,0.9991496801376343,1,,,,
D3_07826,G_04476,en,FP_promptbench,0,0.9992438554763794,1,,,,
D3_07827,G_04897,en,FP_promptbench,0,0.9991539716720581,1,,,,
D3_07829,G_04898,en,FP_promptbench,0,0.9992200136184692,1,,,,
D3_07830,G_04899,en,FP_promptbench,0,0.9991223216056824,1,,,,
D3_07833,G_04900,en,FP_promptbench,0,0.9991982579231262,1,,,,
D3_07834,G_04901,en,FP_promptbench,0,0.9992257356643677,1,,,,
D3_07835,G_04902,en,FP_promptbench,0,0.9992002844810486,1,,,,
D3_07836,G_01903,en,FP_promptbench,0,0.9991201758384705,1,,,,
D3_07837,G_04904,en,FP_promptbench,0,0.9990467429161072,1,,,,
D3_07838,G_04905,en,FP_promptbench,0,0.9988412261009216,1,,,,
D3_07839,G_04906,en,FP_promptbench,0,0.9989835619926453,1,,,,
D3_07840,G_04907,en,FP_promptbench,0,0.9990400671958923,1,,,,
D3_07841,G_04908,en,FP_promptbench,0,0.9990857839584351,1,,,,
D3_07842,G_04909,en,FP_promptbench,0,0.9987661838531494,1,,,,
D3_07843,G_04910,en,FP_promptbench,0,0.9990195035934448,1,,,,
D3_07844,G_04911,en,FP_promptbench,0,0.9990001320838928,1,,,,
D3_07925,G_04912,en,FP_promptbench,0,0.9992121458053589,1,,,,
D3_07926,G_04913,en,FP_promptbench,0,0.9992184638977051,1,,,,
D3_07927,G_04914,en,FP_promptbench,0,0.9991251826286316,1,,,,
D3_07928,G_04915,en,FP_promptbench,0,0.9992402791976929,1,,,,
D3_07929,G_04916,en,FP_promptbench,0,0.9992274045944214,1,,,,
D3_07930,G_04917,en,FP_promptbench,0,0.9991676807403564,1,,,,
D3_07932,G_02011,en,FP_promptbench,0,0.9990344047546387,1,,,,
D3_07933,G_02014,en,FP_promptbench,0,0.9991183876991272,1,,,,
D3_07934,G_02016,en,FP_promptbench,0,0.9991470575332642,1,,,,
D3_07935,G_02020,en,FP_promptbench,0,0.9992259740829468,1,,,,
D3_07936,G_03639,en,FP_promptbench,0,0.9991949200630188,1,,,,
D3_07937,G_04923,en,FP_promptbench,0,0.9992245435714722,1,,,,
D3_07939,G_02014,en,FP_promptbench,0,0.9987928867340088,1,,,,
D3_07940,G_04925,en,FP_promptbench,0,0.999295711517334,1,,,,
D3_07941,G_02020,en,FP_promptbench,0,0.9993033409118652,1,,,,
D3_07942,G_03639,en,FP_promptbench,0,0.9991199374198914,1,,,,
D3_07943,G_03634,en,FP_promptbench,0,0.9991891980171204,1,,,,
D3_07945,G_02014,en,FP_promptbench,0,0.9991409778594971,1,,,,
D3_07948,G_03639,en,FP_promptbench,0,0.9992212057113647,1,,,,
D3_07949,G_04931,en,FP_promptbench,0,0.9992687106132507,1,,,,
D3_07950,G_04932,en,FP_promptbench,0,0.9992257356643677,1,,,,
D3_07951,G_04933,en,FP_promptbench,0,0.9990392923355103,1,,,,
D3_07952,G_04934,en,FP_promptbench,0,0.9992628693580627,1,,,,
D3_07953,G_04935,en,FP_promptbench,0,0.9991669654846191,1,,,,
D3_07954,G_04936,en,FP_promptbench,0,0.9991967082023621,1,,,,
D3_07955,G_04937,en,FP_promptbench,0,0.9991304278373718,1,,,,
D3_07956,G_04938,en,FP_promptbench,0,0.9991074204444885,1,,,,
D3_07957,G_04939,en,FP_promptbench,0,0.9992306232452393,1,,,,
D3_07958,G_04940,en,FP_promptbench,0,0.9992258548736572,1,,,,
D3_07959,G_04941,en,FP_promptbench,0,0.9992290735244751,1,,,,
D3_07960,G_04942,en,FP_promptbench,0,0.9992413520812988,1,,,,
D3_08042,G_04943,en,FP_promptbench,0,0.9990137815475464,1,,,,
D3_08043,G_04944,en,FP_promptbench,0,0.9989486336708069,1,,,,
D3_08044,G_04945,en,FP_promptbench,0,0.9989916682243347,1,,,,
D3_08045,G_04946,en,FP_promptbench,0,0.9988866448402405,1,,,,
D3_08046,G_04947,en,FP_promptbench,0,0.9991949200630188,1,,,,
D3_08047,G_04948,en,FP_promptbench,0,0.9991889595985413,1,,,,
D3_08048,G_02119,en,FP_promptbench,0,0.9990284442901611,1,,,,
D3_08049,G_02128,en,FP_promptbench,0,0.9991499185562134,1,,,,
D3_08050,G_04962,en,FP_promptbench,0,0.9991652965545654,1,,,,
D3_08051,G_04542,en,FP_promptbench,0,0.9991139769554138,1,,,,
D3_08052,G_02135,en,FP_promptbench,0,0.9990507960319519,1,,,,
D3_08053,G_02150,en,FP_promptbench,0,0.999180257320404,1,,,,
D3_08054,G_04955,en,FP_promptbench,0,0.9990708827972412,1,,,,
D3_08055,G_04956,en,FP_promptbench,0,0.9989572763442993,1,,,,
D3_08056,G_04957,en,FP_promptbench,0,0.999206006526947,1,,,,
D3_08057,G_04958,en,FP_promptbench,0,0.9991487264633179,1,,,,
D3_08058,G_04959,en,FP_promptbench,0,0.9992225170135498,1,,,,
D3_08059,G_02150,en,FP_promptbench,0,0.999210000038147,1,,,,
D3_08061,G_04961,en,FP_promptbench,0,0.9992061257362366,1,,,,
D3_08062,G_04962,en,FP_promptbench,0,0.9991856217384338,1,,,,
D3_08064,G_02135,en,FP_promptbench,0,0.9991340041160583,1,,,,
D3_08066,G_04964,en,FP_promptbench,0,0.9989043474197388,1,,,,
D3_08067,G_04965,en,FP_promptbench,0,0.998945415019989,1,,,,
D3_08068,G_04966,en,FP_promptbench,0,0.9990430474281311,1,,,,
D3_08069,G_04967,en,FP_promptbench,0,0.9990707635879517,1,,,,
D3_08070,G_04968,en,FP_promptbench,0,0.9990990161895752,1,,,,
D3_08071,G_04969,en,FP_promptbench,0,0.9991323351860046,1,,,,
D3_08072,G_04970,en,FP_promptbench,0,0.9989522695541382,1,,,,
D3_08073,G_04971,en,FP_promptbench,0,0.9989192485809326,1,,,,
D3_08074,G_04972,en,FP_promptbench,0,0.9987634420394897,1,,,,
D3_08075,G_04973,en,FP_promptbench,0,0.9991376399993896,1,,,,
D3_08076,G_04974,en,FP_promptbench,0,0.9992185831069946,1,,,,
D3_08077,G_04975,en,FP_promptbench,0,0.9990103244781494,1,,,,
D3_08159,G_04976,en,FP_promptbench,0,0.999276340007782,1,,,,
D3_08160,G_04977,en,FP_promptbench,0,0.99919193983078,1,,,,
D3_08161,G_04978,en,FP_promptbench,0,0.9992426633834839,1,,,,
D3_08162,G_04979,en,FP_promptbench,0,0.9992468357086182,1,,,,
D3_08163,G_04980,en,FP_promptbench,0,0.9992052912712097,1,,,,
D3_08164,G_04981,en,FP_promptbench,0,0.9992440938949585,1,,,,
D3_08165,G_02238,en,FP_promptbench,0,0.9992699027061462,1,,,,
D3_08166,G_02245,en,FP_promptbench,0,0.999288022518158,1,,,,
D3_08167,G_04984,en,FP_promptbench,0,0.9992508292198181,1,,,,
D3_08168,G_04642,en,FP_promptbench,0,0.9992245435714722,1,,,,
D3_08169,G_03281,en,FP_promptbench,0,0.9992164373397827,1,,,,
D3_08171,G_02238,en,FP_promptbench,0,0.999268114566803,1,,,,
D3_08172,G_04988,en,FP_promptbench,0,0.9993189573287964,1,,,,
D3_08173,G_02239,en,FP_promptbench,0,0.9991808533668518,1,,,,
D3_08174,G_04642,en,FP_promptbench,0,0.9991443157196045,1,,,,
D3_08176,G_02252,en,FP_promptbench,0,0.9993016719818115,1,,,,
D3_08178,G_02245,en,FP_promptbench,0,0.9992038607597351,1,,,,
D3_08181,G_04993,en,FP_promptbench,0,0.9992479681968689,1,,,,
D3_08183,G_04994,en,FP_promptbench,0,0.999160885810852,1,,,,
D3_08184,G_02245,en,FP_promptbench,0,0.9991057515144348,1,,,,
D3_08185,G_02239,en,FP_promptbench,0,0.9991863369941711,1,,,,
D3_08186,G_04651,en,FP_promptbench,0,0.9992928504943848,1,,,,
D3_08187,G_04998,en,FP_promptbench,0,0.9989280104637146,1,,,,
D3_08188,G_03281,en,FP_promptbench,0,0.9992693066596985,1,,,,
D3_08189,G_05000,en,FP_promptbench,0,0.9992596507072449,1,,,,
D3_08190,G_05001,en,FP_promptbench,0,0.9992285966873169,1,,,,
D3_08191,G_05002,en,FP_promptbench,0,0.9991482496261597,1,,,,
D3_08192,G_05003,en,FP_promptbench,0,0.9991771578788757,1,,,,
D3_08193,G_05004,en,FP_promptbench,0,0.9990381002426147,1,,,,
D3_08194,G_05005,en,FP_promptbench,0,0.9991523027420044,1,,,,
D3_08275,G_05006,en,FP_promptbench,0,0.9988860487937927,1,,,,
D3_08276,G_05007,en,FP_promptbench,0,0.9990918636322021,1,,,,
D3_08277,G_05008,en,FP_promptbench,0,0.9982144832611084,1,,,,
D3_08278,G_05009,en,FP_promptbench,0,0.9991113543510437,1,,,,
D3_08279,G_05010,en,FP_promptbench,0,0.9992450475692749,1,,,,
D3_08280,G_05011,en,FP_promptbench,0,0.9988129138946533,1,,,,
D3_08282,G_03219,en,FP_promptbench,0,0.9990705847740173,1,,,,
D3_08283,G_05013,en,FP_promptbench,0,0.9988258481025696,1,,,,
D3_08284,G_02363,en,FP_promptbench,0,0.9991656541824341,1,,,,
D3_08285,G_05015,en,FP_promptbench,0,0.9991503953933716,1,,,,
D3_08286,G_02364,en,FP_promptbench,0,0.9991457462310791,1,,,,
D3_08287,G_05017,en,FP_promptbench,0,0.9991403818130493,1,,,,
D3_08289,G_02354,en,FP_promptbench,0,0.9985660910606384,1,,,,
D3_08290,G_05019,en,FP_promptbench,0,0.9991942048072815,1,,,,
D3_08291,G_03230,en,FP_promptbench,0,0.9992315769195557,1,,,,
D3_08292,G_05021,en,FP_promptbench,0,0.9991551637649536,1,,,,
D3_08293,G_03751,en,FP_promptbench,0,0.9991545677185059,1,,,,
D3_08295,G_03750,en,FP_promptbench,0,0.9991216063499451,1,,,,
D3_08297,G_02391,en,FP_promptbench,0,0.999261200428009,1,,,,
D3_08298,G_02364,en,FP_promptbench,0,0.999257504940033,1,,,,
D3_08299,G_05026,en,FP_promptbench,0,0.999104917049408,1,,,,
D3_08300,G_05027,en,FP_promptbench,0,0.999085545539856,1,,,,
D3_08301,G_05028,en,FP_promptbench,0,0.9983834028244019,1,,,,
D3_08302,G_05029,en,FP_promptbench,0,0.9991714954376221,1,,,,
D3_08303,G_05030,en,FP_promptbench,0,0.9993005990982056,1,,,,
D3_08304,G_05031,en,FP_promptbench,0,0.9992675185203552,1,,,,
D3_08305,G_05032,en,FP_promptbench,0,0.9988260865211487,1,,,,
D3_08306,G_05033,en,FP_promptbench,0,0.9988273978233337,1,,,,
D3_08307,G_05034,en,FP_promptbench,0,0.9984795451164246,1,,,,
D3_08308,G_05035,en,FP_promptbench,0,0.9991807341575623,1,,,,
D3_08309,G_05036,en,FP_promptbench,0,0.999067485332489,1,,,,
D3_08310,G_05037,en,FP_promptbench,0,0.9991520643234253,1,,,,
D3_08392,G_05038,en,FP_promptbench,0,0.9991717338562012,1,,,,
D3_08393,G_05039,en,FP_promptbench,0,0.9991636276245117,1,,,,
D3_08394,G_05040,en,FP_promptbench,0,0.9991970658302307,1,,,,
D3_08395,G_05041,en,FP_promptbench,0,0.9991089701652527,1,,,,
D3_08396,G_05042,en,FP_promptbench,0,0.9989364743232727,1,,,,
D3_08397,G_05043,en,FP_promptbench,0,0.9991921782493591,1,,,,
D3_08398,G_04639,en,FP_promptbench,0,0.9991130232810974,1,,,,
D3_08400,G_02235,en,FP_promptbench,0,0.9991903901100159,1,,,,
D3_08402,G_03183,en,FP_promptbench,0,0.99913090467453,1,,,,
D3_08403,G_04642,en,FP_promptbench,0,0.9992402791976929,1,,,,
D3_08404,G_04639,en,FP_promptbench,0,0.9992318153381348,1,,,,
D3_08405,G_02238,en,FP_promptbench,0,0.999261200428009,1,,,,
D3_08407,G_02277,en,FP_promptbench,0,0.9991244673728943,1,,,,
D3_08408,G_05051,en,FP_promptbench,0,0.9991729855537415,1,,,,
D3_08409,G_04642,en,FP_promptbench,0,0.9993007183074951,1,,,,
D3_08414,G_05053,en,FP_promptbench,0,0.9991499185562134,1,,,,
D3_08416,G_04639,en,FP_promptbench,0,0.9990376234054565,1,,,,
D3_08417,G_05055,en,FP_promptbench,0,0.999254047870636,1,,,,
D3_08419,G_05056,en,FP_promptbench,0,0.9990704655647278,1,,,,
D3_08420,G_05057,en,FP_promptbench,0,0.9992330074310303,1,,,,
D3_08421,G_02468,en,FP_promptbench,0,0.9989922642707825,1,,,,
D3_08422,G_05059,en,FP_promptbench,0,0.9987597465515137,1,,,,
D3_08423,G_05060,en,FP_promptbench,0,0.999220609664917,1,,,,
D3_08424,G_02235,en,FP_promptbench,0,0.9991410970687866,1,,,,
D3_08425,G_05062,en,FP_promptbench,0,0.9991368651390076,1,,,,
D3_08426,G_05063,en,FP_promptbench,0,0.9989833235740662,1,,,,
D3_08427,G_05064,en,FP_promptbench,0,0.9988657236099243,1,,,,
D3_08508,G_05065,en,FP_promptbench,0,0.9992004036903381,1,,,,
D3_08509,G_05066,en,FP_promptbench,0,0.9990528225898743,1,,,,
D3_08510,G_05067,en,FP_promptbench,0,0.9988893866539001,1,,,,
D3_08511,G_03806,en,FP_promptbench,0,0.9992313385009766,1,,,,
D3_08512,G_05069,en,FP_promptbench,0,0.999247670173645,1,,,,
D3_08513,G_05070,en,FP_promptbench,0,0.9992128610610962,1,,,,
D3_08514,G_02501,en,FP_promptbench,0,0.9990906715393066,1,,,,
D3_08515,G_02493,en,FP_promptbench,0,0.9990156888961792,1,,,,
D3_08516,G_02502,en,FP_promptbench,0,0.9991934895515442,1,,,,
D3_08517,G_03806,en,FP_promptbench,0,0.9992628693580627,1,,,,
D3_08518,G_02508,en,FP_promptbench,0,0.9991876482963562,1,,,,
D3_08519,G_02509,en,FP_promptbench,0,0.9991412162780762,1,,,,
D3_08520,G_02501,en,FP_promptbench,0,0.999167799949646,1,,,,
D3_08521,G_02493,en,FP_promptbench,0,0.9991052746772766,1,,,,
D3_08522,G_02502,en,FP_promptbench,0,0.9989643096923828,1,,,,
D3_08523,G_03806,en,FP_promptbench,0,0.9990160465240479,1,,,,
D3_08524,G_02508,en,FP_promptbench,0,0.9993033409118652,1,,,,
D3_08525,G_05082,en,FP_promptbench,0,0.9991911053657532,1,,,,
D3_08528,G_05083,en,FP_promptbench,0,0.999174177646637,1,,,,
D3_08529,G_05084,en,FP_promptbench,0,0.999201238155365,1,,,,
D3_08530,G_05085,en,FP_promptbench,0,0.9992223978042603,1,,,,
D3_08532,G_05086,en,FP_promptbench,0,0.9990313053131104,1,,,,
D3_08533,G_02493,en,FP_promptbench,0,0.9990997314453125,1,,,,
D3_08534,G_05088,en,FP_promptbench,0,0.9989755153656006,1,,,,
D3_08535,G_03806,en,FP_promptbench,0,0.9991806149482727,1,,,,
D3_08536,G_05090,en,FP_promptbench,0,0.999244213104248,1,,,,
D3_08537,G_02509,en,FP_promptbench,0,0.999212384223938,1,,,,
D3_08538,G_05092,en,FP_promptbench,0,0.9992102384567261,1,,,,
D3_08539,G_05093,en,FP_promptbench,0,0.9990085959434509,1,,,,
D3_08540,G_05094,en,FP_promptbench,0,0.9991801381111145,1,,,,
D3_08541,G_05095,en,FP_promptbench,0,0.9990725517272949,1,,,,
D3_08542,G_05096,en,FP_promptbench,0,0.9991241097450256,1,,,,
D3_08543,G_05097,en,FP_promptbench,0,0.9992043375968933,1,,,,
D3_08624,G_05098,en,FP_promptbench,0,0.9990342855453491,1,,,,
D3_08625,G_05099,en,FP_promptbench,0,0.9991425275802612,1,,,,
D3_08626,G_05100,en,FP_promptbench,0,0.9992386102676392,1,,,,
D3_08627,G_05101,en,FP_promptbench,0,0.9991588592529297,1,,,,
D3_08628,G_05102,en,FP_promptbench,0,0.999232292175293,1,,,,
D3_08629,G_05103,en,FP_promptbench,0,0.9992938041687012,1,,,,
D3_08630,G_03339,en,FP_promptbench,0,0.9993137121200562,1,,,,
D3_08631,G_02610,en,FP_promptbench,0,0.9992356300354004,1,,,,
D3_08632,G_04271,en,FP_promptbench,0,0.999259889125824,1,,,,
D3_08633,G_02622,en,FP_promptbench,0,0.9992892742156982,1,,,,
D3_08634,G_02619,en,FP_promptbench,0,0.9992765784263611,1,,,,
D3_08635,G_05109,en,FP_promptbench,0,0.999218225479126,1,,,,
D3_08636,G_05110,en,FP_promptbench,0,0.9992693066596985,1,,,,
D3_08637,G_05111,en,FP_promptbench,0,0.9992092251777649,1,,,,
D3_08638,G_04271,en,FP_promptbench,0,0.9992340803146362,1,,,,
D3_08639,G_05113,en,FP_promptbench,0,0.9993079900741577,1,,,,
D3_08640,G_02619,en,FP_promptbench,0,0.9992479681968689,1,,,,
D3_08641,G_02615,en,FP_promptbench,0,0.999306321144104,1,,,,
D3_08642,G_04708,en,FP_promptbench,0,0.9993005990982056,1,,,,
D3_08643,G_04281,en,FP_promptbench,0,0.9992585778236389,1,,,,
D3_08644,G_04271,en,FP_promptbench,0,0.9993182420730591,1,,,,
D3_08645,G_05119,en,FP_promptbench,0,0.9992979764938354,1,,,,
D3_08646,G_05120,en,FP_promptbench,0,0.9993047714233398,1,,,,
D3_08647,G_03851,en,FP_promptbench,0,0.9992838501930237,1,,,,
D3_08648,G_05122,en,FP_promptbench,0,0.9991833567619324,1,,,,
D3_08649,G_05123,en,FP_promptbench,0,0.9991375207901001,1,,,,
D3_08650,G_03339,en,FP_promptbench,0,0.999330997467041,1,,,,
D3_08651,G_05125,en,FP_promptbench,0,0.9992527365684509,1,,,,
D3_08652,G_02619,en,FP_promptbench,0,0.9993137121200562,1,,,,
D3_08653,G_02615,en,FP_promptbench,0,0.9992275238037109,1,,,,
D3_08654,G_05128,en,FP_promptbench,0,0.9991397857666016,1,,,,
D3_08655,G_05129,en,FP_promptbench,0,0.9992522597312927,1,,,,
D3_08656,G_05130,en,FP_promptbench,0,0.9992337226867676,1,,,,
D3_08657,G_05131,en,FP_promptbench,0,0.9991826415061951,1,,,,
D3_08658,G_05132,en,FP_promptbench,0,0.9992579817771912,1,,,,
D3_08659,G_05133,en,FP_promptbench,0,0.9992952346801758,1,,,,
D3_08740,G_05134,en,FP_promptbench,0,0.9989678859710693,1,,,,
D3_08741,G_05135,en,FP_promptbench,0,0.9991074204444885,1,,,,
D3_08742,G_05136,en,FP_promptbench,0,0.9988238215446472,1,,,,
D3_08743,G_05137,en,FP_promptbench,0,0.9991558790206909,1,,,,
D3_08744,G_05138,en,FP_promptbench,0,0.9992220401763916,1,,,,
D3_08745,G_05139,en,FP_promptbench,0,0.9991600513458252,1,,,,
D3_08746,G_03387,en,FP_promptbench,0,0.9992465972900391,1,,,,
D3_08747,G_03384,en,FP_promptbench,0,0.9990108013153076,1,,,,
D3_08748,G_05142,en,FP_promptbench,0,0.9991328120231628,1,,,,
D3_08749,G_02760,en,FP_promptbench,0,0.9991887211799622,1,,,,
D3_08750,G_05144,en,FP_promptbench,0,0.9991025924682617,1,,,,
D3_08751,G_05145,en,FP_promptbench,0,0.9991016387939453,1,,,,
D3_08752,G_05146,en,FP_promptbench,0,0.9992203712463379,1,,,,
D3_08753,G_03384,en,FP_promptbench,0,0.9988794922828674,1,,,,
D3_08754,G_05148,en,FP_promptbench,0,0.9992365837097168,1,,,,
D3_08755,G_05149,en,FP_promptbench,0,0.9992606043815613,1,,,,
D3_08756,G_05150,en,FP_promptbench,0,0.9992569088935852,1,,,,
D3_08757,G_05151,en,FP_promptbench,0,0.9991338849067688,1,,,,
D3_08762,G_05152,en,FP_promptbench,0,0.9991149306297302,1,,,,
D3_08763,G_04773,en,FP_promptbench,0,0.9991673231124878,1,,,,
D3_08764,G_05154,en,FP_promptbench,0,0.9992417097091675,1,,,,
D3_08765,G_05155,en,FP_promptbench,0,0.9990150928497314,1,,,,
D3_08766,G_05156,en,FP_promptbench,0,0.9991232752799988,1,,,,
D3_08767,G_05157,en,FP_promptbench,0,0.9990377426147461,1,,,,
D3_08768,G_02735,en,FP_promptbench,0,0.9989805817604065,1,,,,
D3_08769,G_05159,en,FP_promptbench,0,0.9988441467285156,1,,,,
D3_08770,G_05160,en,FP_promptbench,0,0.9990442395210266,1,,,,
D3_08771,G_05161,en,FP_promptbench,0,0.9990237951278687,1,,,,
D3_08772,G_05162,en,FP_promptbench,0,0.9987975358963013,1,,,,
D3_08773,G_05163,en,FP_promptbench,0,0.9992352724075317,1,,,,
D3_08774,G_05164,en,FP_promptbench,0,0.9991987347602844,1,,,,
D3_08775,G_05165,en,FP_promptbench,0,0.9991620779037476,1,,,,
D3_08856,G_05166,en,FP_promptbench,0,0.999106228351593,1,,,,
D3_08857,G_05167,en,FP_promptbench,0,0.9990917444229126,1,,,,
D3_08858,G_02726,en,FP_promptbench,0,0.9986483454704285,1,,,,
D3_08859,G_05169,en,FP_promptbench,0,0.9989967942237854,1,,,,
D3_08860,G_05170,en,FP_promptbench,0,0.9991863369941711,1,,,,
D3_08861,G_05171,en,FP_promptbench,0,0.9989042282104492,1,,,,
D3_08862,G_02827,en,FP_promptbench,0,0.9991706609725952,1,,,,
D3_08863,G_05173,en,FP_promptbench,0,0.9991710186004639,1,,,,
D3_08864,G_05174,en,FP_promptbench,0,0.9989295601844788,1,,,,
D3_08865,G_02732,en,FP_promptbench,0,0.9991536140441895,1,,,,
D3_08866,G_02730,en,FP_promptbench,0,0.9991565942764282,1,,,,
D3_08867,G_05177,en,FP_promptbench,0,0.9991533756256104,1,,,,
D3_08868,G_02827,en,FP_promptbench,0,0.9990237951278687,1,,,,
D3_08869,G_03915,en,FP_promptbench,0,0.9991589784622192,1,,,,
D3_08870,G_05180,en,FP_promptbench,0,0.9992333650588989,1,,,,
D3_08871,G_05181,en,FP_promptbench,0,0.9993100166320801,1,,,,
D3_08872,G_05182,en,FP_promptbench,0,0.9992128610610962,1,,,,
D3_08873,G_02738,en,FP_promptbench,0,0.9991399049758911,1,,,,
D3_08875,G_03915,en,FP_promptbench,0,0.9991695880889893,1,,,,
D3_08876,G_05185,en,FP_promptbench,0,0.9991125464439392,1,,,,
D3_08877,G_04741,en,FP_promptbench,0,0.9990527033805847,1,,,,
D3_08878,G_02761,en,FP_promptbench,0,0.9991681575775146,1,,,,
D3_08880,G_05188,en,FP_promptbench,0,0.998936116695404,1,,,,
D3_08881,G_05189,en,FP_promptbench,0,0.9991760849952698,1,,,,
D3_08882,G_05190,en,FP_promptbench,0,0.9989413619041443,1,,,,
D3_08883,G_05191,en,FP_promptbench,0,0.9991957545280457,1,,,,
D3_08884,G_05192,en,FP_promptbench,0,0.9991821646690369,1,,,,
D3_08885,G_05193,en,FP_promptbench,0,0.9990819692611694,1,,,,
D3_08886,G_05194,en,FP_promptbench,0,0.9991555213928223,1,,,,
D3_08887,G_05195,en,FP_promptbench,0,0.9988131523132324,1,,,,
D3_08888,G_05196,en,FP_promptbench,0,0.9988976716995239,1,,,,
D3_08889,G_05197,en,FP_promptbench,0,0.999085545539856,1,,,,
D3_08890,G_05198,en,FP_promptbench,0,0.9992364645004272,1,,,,
D3_08891,G_05199,en,FP_promptbench,0,0.9988576173782349,1,,,,
D3_08972,G_05200,en,FP_promptbench,0,0.9981891512870789,1,,,,
D3_08973,G_05201,en,FP_promptbench,0,0.9985089898109436,1,,,,
D3_08974,G_05202,en,FP_promptbench,0,0.9983305335044861,1,,,,
D3_08975,G_05203,en,FP_promptbench,0,0.9987951517105103,1,,,,
D3_08976,G_05204,en,FP_promptbench,0,0.9987021684646606,1,,,,
D3_08977,G_05205,en,FP_promptbench,0,0.999032735824585,1,,,,
D3_08978,G_05206,en,FP_promptbench,0,0.9990777969360352,1,,,,
D3_08979,G_05207,en,FP_promptbench,0,0.9990358352661133,1,,,,
D3_08980,G_05208,en,FP_promptbench,0,0.9989573955535889,1,,,,
D3_08981,G_05209,en,FP_promptbench,0,0.9991484880447388,1,,,,
D3_08982,G_05210,en,FP_promptbench,0,0.9988420605659485,1,,,,
D3_08983,G_02871,en,FP_promptbench,0,0.9991814494132996,1,,,,
D3_08984,G_05212,en,FP_promptbench,0,0.9990664124488831,1,,,,
D3_08985,G_05213,en,FP_promptbench,0,0.9977280497550964,1,,,,
D3_08986,G_03470,en,FP_promptbench,0,0.9985095858573914,1,,,,
D3_08987,G_02872,en,FP_promptbench,0,0.9989728927612305,1,,,,
D3_08988,G_02864,en,FP_promptbench,0,0.9986532926559448,1,,,,
D3_08989,G_05217,en,FP_promptbench,0,0.9990680813789368,1,,,,
D3_08990,G_05218,en,FP_promptbench,0,0.9991208910942078,1,,,,
D3_08991,G_05219,en,FP_promptbench,0,0.9990623593330383,1,,,,
D3_08993,G_05220,en,FP_promptbench,0,0.9990541338920593,1,,,,
D3_08995,G_05221,en,FP_promptbench,0,0.9991915822029114,1,,,,
D3_08996,G_05222,en,FP_promptbench,0,0.9985609650611877,1,,,,
D3_08997,G_05223,en,FP_promptbench,0,0.9972100853919983,1,,,,
D3_08998,G_05224,en,FP_promptbench,0,0.998897910118103,1,,,,
D3_08999,G_05225,en,FP_promptbench,0,0.9990434050559998,1,,,,
D3_09000,G_05226,en,FP_promptbench,0,0.9987109899520874,1,,,,
D3_09001,G_05227,en,FP_promptbench,0,0.9991037249565125,1,,,,
D3_09002,G_05228,en,FP_promptbench,0,0.9979503750801086,1,,,,
D3_09003,G_05229,en,FP_promptbench,0,0.998884379863739,1,,,,
D3_09004,G_05230,en,FP_promptbench,0,0.9984227418899536,1,,,,
D3_09005,G_05231,en,FP_promptbench,0,0.9989742040634155,1,,,,
D3_09006,G_05232,en,FP_promptbench,0,0.9989283680915833,1,,,,
D3_09007,G_05233,en,FP_promptbench,0,0.9991229176521301,1,,,,
D3_09088,G_05234,en,FP_promptbench,0,0.9949794411659241,1,,,,
D3_09089,G_05235,en,FP_promptbench,0,0.9984214305877686,1,,,,
D3_09090,G_05236,en,FP_promptbench,0,0.9970659613609314,1,,,,
D3_09091,G_05237,en,FP_promptbench,0,0.9992291927337646,1,,,,
D3_09092,G_05238,en,FP_promptbench,0,0.9991384744644165,1,,,,
D3_09093,G_05239,en,FP_promptbench,0,0.9990116357803345,1,,,,
D3_09094,G_01666,en,FP_promptbench,0,0.9986873269081116,1,,,,
D3_09095,G_01671,en,FP_promptbench,0,0.9988850951194763,1,,,,
D3_09096,G_01662,en,FP_promptbench,0,0.9988892674446106,1,,,,
D3_09097,G_01677,en,FP_promptbench,0,0.9989049434661865,1,,,,
D3_09098,G_01698,en,FP_promptbench,0,0.9990648627281189,1,,,,
D3_09099,G_01678,en,FP_promptbench,0,0.9991492033004761,1,,,,
D3_09100,G_05246,en,FP_promptbench,0,0.9991452693939209,1,,,,
D3_09101,G_05247,en,FP_promptbench,0,0.9986704587936401,1,,,,
D3_09102,G_05248,en,FP_promptbench,0,0.9991162419319153,1,,,,
D3_09103,G_05249,en,FP_promptbench,0,0.9992139339447021,1,,,,
D3_09104,G_05250,en,FP_promptbench,0,0.9991747736930847,1,,,,
D3_09105,G_05251,en,FP_promptbench,0,0.9992161989212036,1,,,,
D3_09106,G_03983,en,FP_promptbench,0,0.9989795088768005,1,,,,
D3_09107,G_01671,en,FP_promptbench,0,0.999072790145874,1,,,,
D3_09109,G_01677,en,FP_promptbench,0,0.9991477727890015,1,,,,
D3_09110,G_01698,en,FP_promptbench,0,0.9992031455039978,1,,,,
D3_09111,G_01678,en,FP_promptbench,0,0.9992056488990784,1,,,,
D3_09112,G_05257,en,FP_promptbench,0,0.9988877177238464,1,,,,
D3_09113,G_05258,en,FP_promptbench,0,0.9992108345031738,1,,,,
D3_09114,G_05259,en,FP_promptbench,0,0.9697870016098022,1,,,,
D3_09115,G_05260,en,FP_promptbench,0,0.9991844296455383,1,,,,
D3_09116,G_05261,en,FP_promptbench,0,0.9991999268531799,1,,,,
D3_09117,G_01678,en,FP_promptbench,0,0.9990445971488953,1,,,,
D3_09118,G_05263,en,FP_promptbench,0,0.9979246854782104,1,,,,
D3_09119,G_05264,en,FP_promptbench,0,0.9985694885253906,1,,,,
D3_09120,G_05265,en,FP_promptbench,0,0.9960030913352966,1,,,,
D3_09121,G_05266,en,FP_promptbench,0,0.9991154074668884,1,,,,
D3_09122,G_05267,en,FP_promptbench,0,0.999064028263092,1,,,,
D3_09123,G_05268,en,FP_promptbench,0,0.9989664554595947,1,,,,
D3_09203,G_05269,en,FP_promptbench,0,0.9987727999687195,1,,,,
D3_09204,G_05270,en,FP_promptbench,0,0.998936116695404,1,,,,
D3_09206,G_05271,en,FP_promptbench,0,0.9989866614341736,1,,,,
D3_09207,G_05272,en,FP_promptbench,0,0.9991247057914734,1,,,,
D3_09208,G_05273,en,FP_promptbench,0,0.9992859959602356,1,,,,
D3_09209,G_01803,en,FP_promptbench,0,0.9990805387496948,1,,,,
D3_09210,G_01785,en,FP_promptbench,0,0.9991305470466614,1,,,,
D3_09211,G_01780,en,FP_promptbench,0,0.999128520488739,1,,,,
D3_09212,G_01793,en,FP_promptbench,0,0.9991063475608826,1,,,,
D3_09213,G_01790,en,FP_promptbench,0,0.9991723299026489,1,,,,
D3_09214,G_03045,en,FP_promptbench,0,0.9992303848266602,1,,,,
D3_09215,G_01815,en,FP_promptbench,0,0.9991948008537292,1,,,,
D3_09216,G_05281,en,FP_promptbench,0,0.9992716908454895,1,,,,
D3_09217,G_05282,en,FP_promptbench,0,0.9991142153739929,1,,,,
D3_09218,G_05283,en,FP_promptbench,0,0.9991481304168701,1,,,,
D3_09219,G_05284,en,FP_promptbench,0,0.9991853833198547,1,,,,
D3_09221,G_05285,en,FP_promptbench,0,0.9989438652992249,1,,,,
D3_09222,G_05286,en,FP_promptbench,0,0.9991412162780762,1,,,,
D3_09224,G_05287,en,FP_promptbench,0,0.9991421699523926,1,,,,
D3_09225,G_05288,en,FP_promptbench,0,0.9991698265075684,1,,,,
D3_09226,G_05289,en,FP_promptbench,0,0.9992432594299316,1,,,,
D3_09227,G_05290,en,FP_promptbench,0,0.9986322522163391,1,,,,
D3_09228,G_05291,en,FP_promptbench,0,0.9983054399490356,1,,,,
D3_09230,G_05292,en,FP_promptbench,0,0.9991575479507446,1,,,,
D3_09231,G_05293,en,FP_promptbench,0,0.9990134239196777,1,,,,
D3_09232,G_05294,en,FP_promptbench,0,0.9992156028747559,1,,,,
D3_09253,G_05295,en,FP_promptbench,0,0.9989050626754761,1,,,,
D3_09254,G_05296,en,FP_promptbench,0,0.9986827969551086,1,,,,
D3_09255,G_05297,en,FP_promptbench,0,0.9990180730819702,1,,,,
D3_09256,G_05298,en,FP_promptbench,0,0.9990286827087402,1,,,,
D3_09257,G_05299,en,FP_promptbench,0,0.9990550875663757,1,,,,
D3_09258,G_05300,en,FP_promptbench,0,0.999178946018219,1,,,,
D3_09259,G_01895,en,FP_promptbench,0,0.9989653825759888,1,,,,
D3_09260,G_05302,en,FP_promptbench,0,0.9989007711410522,1,,,,
D3_09261,G_01899,en,FP_promptbench,0,0.9991975426673889,1,,,,
D3_09262,G_01909,en,FP_promptbench,0,0.9990580677986145,1,,,,
D3_09263,G_05305,en,FP_promptbench,0,0.9990150928497314,1,,,,
D3_09264,G_01906,en,FP_promptbench,0,0.9990791082382202,1,,,,
D3_09265,G_05307,en,FP_promptbench,0,0.999213457107544,1,,,,
D3_09266,G_05308,en,FP_promptbench,0,0.9991111159324646,1,,,,
D3_09267,G_05309,en,FP_promptbench,0,0.9993026256561279,1,,,,
D3_09268,G_05310,en,FP_promptbench,0,0.9993175268173218,1,,,,
D3_09269,G_05311,en,FP_promptbench,0,0.9992135763168335,1,,,,
D3_09270,G_05312,en,FP_promptbench,0,0.9993013143539429,1,,,,
D3_09271,G_01895,en,FP_promptbench,0,0.9990602135658264,1,,,,
D3_09273,G_05314,en,FP_promptbench,0,0.9992623925209045,1,,,,
D3_09274,G_01909,en,FP_promptbench,0,0.9991136193275452,1,,,,
D3_09275,G_05316,en,FP_promptbench,0,0.9990639090538025,1,,,,
D3_09276,G_05317,en,FP_promptbench,0,0.9991316199302673,1,,,,
D3_09277,G_05318,en,FP_promptbench,0,0.9992009997367859,1,,,,
D3_09278,G_05319,en,FP_promptbench,0,0.9991795420646667,1,,,,
D3_09279,G_05320,en,FP_promptbench,0,0.9992889165878296,1,,,,
D3_09280,G_01909,en,FP_promptbench,0,0.9990496039390564,1,,,,
D3_09281,G_05322,en,FP_promptbench,0,0.9991822838783264,1,,,,
D3_09282,G_05323,en,FP_promptbench,0,0.999251663684845,1,,,,
D3_09283,G_05324,en,FP_promptbench,0,0.9989904761314392,1,,,,
D3_09284,G_05325,en,FP_promptbench,0,0.9989228844642639,1,,,,
D3_09285,G_05326,en,FP_promptbench,0,0.9992507100105286,1,,,,
D3_09286,G_05327,en,FP_promptbench,0,0.9991381168365479,1,,,,
D3_09287,G_05328,en,FP_promptbench,0,0.9988414645195007,1,,,,
D3_09288,G_05329,en,FP_promptbench,0,0.999154806137085,1,,,,
D3_09369,G_05330,en,FP_promptbench,0,0.9992305040359497,1,,,,
D3_09370,G_05331,en,FP_promptbench,0,0.9992175102233887,1,,,,
D3_09371,G_05332,en,FP_promptbench,0,0.9991686344146729,1,,,,
D3_09372,G_05333,en,FP_promptbench,0,0.9991036057472229,1,,,,
D3_09373,G_05334,en,FP_promptbench,0,0.9991512298583984,1,,,,
D3_09374,G_05335,en,FP_promptbench,0,0.9991914629936218,1,,,,
D3_09375,G_02007,en,FP_promptbench,0,0.9990277290344238,1,,,,
D3_09376,G_02008,en,FP_promptbench,0,0.999115526676178,1,,,,
D3_09377,G_02013,en,FP_promptbench,0,0.9991468191146851,1,,,,
D3_09378,G_02023,en,FP_promptbench,0,0.9992130994796753,1,,,,
D3_09379,G_02016,en,FP_promptbench,0,0.9991028308868408,1,,,,
D3_09380,G_03116,en,FP_promptbench,0,0.9990718364715576,1,,,,
D3_09381,G_05342,en,FP_promptbench,0,0.9992499947547913,1,,,,
D3_09382,G_05343,en,FP_promptbench,0,0.9992546439170837,1,,,,
D3_09383,G_05344,en,FP_promptbench,0,0.9992650151252747,1,,,,
D3_09384,G_02023,en,FP_promptbench,0,0.9992747902870178,1,,,,
D3_09385,G_05346,en,FP_promptbench,0,0.9992573857307434,1,,,,
D3_09386,G_05347,en,FP_promptbench,0,0.9992851614952087,1,,,,
D3_09390,G_02023,en,FP_promptbench,0,0.999244213104248,1,,,,
D3_09393,G_05349,en,FP_promptbench,0,0.999176561832428,1,,,,
D3_09394,G_05350,en,FP_promptbench,0,0.9990867376327515,1,,,,
D3_09395,G_05351,en,FP_promptbench,0,0.9992396831512451,1,,,,
D3_09396,G_05352,en,FP_promptbench,0,0.9991570711135864,1,,,,
D3_09397,G_05353,en,FP_promptbench,0,0.999122679233551,1,,,,
D3_09398,G_05354,en,FP_promptbench,0,0.9991090893745422,1,,,,
D3_09399,G_05355,en,FP_promptbench,0,0.9991494417190552,1,,,,
D3_09400,G_05356,en,FP_promptbench,0,0.9990845918655396,1,,,,
D3_09401,G_05357,en,FP_promptbench,0,0.9991488456726074,1,,,,
D3_09402,G_05358,en,FP_promptbench,0,0.9991376399993896,1,,,,
D3_09403,G_05359,en,FP_promptbench,0,0.9990962743759155,1,,,,
D3_09404,G_05360,en,FP_promptbench,0,0.9990633130073547,1,,,,
D3_09486,G_05361,en,FP_promptbench,0,0.9992303848266602,1,,,,
D3_09487,G_05362,en,FP_promptbench,0,0.9990476965904236,1,,,,
D3_09488,G_05363,en,FP_promptbench,0,0.9990479350090027,1,,,,
D3_09489,G_05364,en,FP_promptbench,0,0.9990875720977783,1,,,,
D3_09490,G_05365,en,FP_promptbench,0,0.9988865256309509,1,,,,
D3_09491,G_05366,en,FP_promptbench,0,0.9991217255592346,1,,,,
D3_09492,G_02123,en,FP_promptbench,0,0.999119222164154,1,,,,
D3_09493,G_03150,en,FP_promptbench,0,0.998976469039917,1,,,,
D3_09494,G_02126,en,FP_promptbench,0,0.9991050362586975,1,,,,
D3_09495,G_02130,en,FP_promptbench,0,0.9991706609725952,1,,,,
D3_09496,G_02137,en,FP_promptbench,0,0.9991005659103394,1,,,,
D3_09497,G_02136,en,FP_promptbench,0,0.9991737008094788,1,,,,
D3_09498,G_05373,en,FP_promptbench,0,0.9992831349372864,1,,,,
D3_09499,G_05374,en,FP_promptbench,0,0.9991235136985779,1,,,,
D3_09500,G_05375,en,FP_promptbench,0,0.9991864562034607,1,,,,
D3_09501,G_05376,en,FP_promptbench,0,0.999186098575592,1,,,,
D3_09502,G_05377,en,FP_promptbench,0,0.9992762207984924,1,,,,
D3_09503,G_05378,en,FP_promptbench,0,0.9991337656974792,1,,,,
D3_09504,G_05379,en,FP_promptbench,0,0.9992018342018127,1,,,,
D3_09506,G_02126,en,FP_promptbench,0,0.9991832375526428,1,,,,
D3_09507,G_02130,en,FP_promptbench,0,0.9991658926010132,1,,,,
D3_09508,G_02137,en,FP_promptbench,0,0.999159574508667,1,,,,
D3_09510,G_05383,en,FP_promptbench,0,0.9991723299026489,1,,,,
D3_09511,G_03150,en,FP_promptbench,0,0.9987881779670715,1,,,,
D3_09512,G_05385,en,FP_promptbench,0,0.9991317391395569,1,,,,
D3_09513,G_05386,en,FP_promptbench,0,0.9991323351860046,1,,,,
D3_09514,G_05387,en,FP_promptbench,0,0.999133288860321,1,,,,
D3_09515,G_05388,en,FP_promptbench,0,0.9991587400436401,1,,,,
D3_09516,G_05389,en,FP_promptbench,0,0.9991976618766785,1,,,,
D3_09517,G_05390,en,FP_promptbench,0,0.998969316482544,1,,,,
D3_09518,G_05391,en,FP_promptbench,0,0.999117910861969,1,,,,
D3_09519,G_05392,en,FP_promptbench,0,0.9992050528526306,1,,,,
D3_09520,G_05393,en,FP_promptbench,0,0.9990838766098022,1,,,,
D3_09521,G_05394,en,FP_promptbench,0,0.9991620779037476,1,,,,
D3_09603,G_05395,en,FP_promptbench,0,0.9992251396179199,1,,,,
D3_09604,G_05396,en,FP_promptbench,0,0.9989109039306641,1,,,,
D3_09605,G_05397,en,FP_promptbench,0,0.999039351940155,1,,,,
D3_09606,G_05398,en,FP_promptbench,0,0.9990498423576355,1,,,,
D3_09607,G_05399,en,FP_promptbench,0,0.9990466237068176,1,,,,
D3_09608,G_05400,en,FP_promptbench,0,0.9992218017578125,1,,,,
D3_09609,G_02238,en,FP_promptbench,0,0.9992535710334778,1,,,,
D3_09610,G_02235,en,FP_promptbench,0,0.9991408586502075,1,,,,
D3_09611,G_02264,en,FP_promptbench,0,0.9991051554679871,1,,,,
D3_09612,G_02468,en,FP_promptbench,0,0.9991298317909241,1,,,,
D3_09613,G_02277,en,FP_promptbench,0,0.999100923538208,1,,,,
D3_09614,G_03178,en,FP_promptbench,0,0.9992558360099792,1,,,,
D3_09615,G_02238,en,FP_promptbench,0,0.9992808699607849,1,,,,
D3_09616,G_02235,en,FP_promptbench,0,0.999187171459198,1,,,,
D3_09617,G_05409,en,FP_promptbench,0,0.9992287158966064,1,,,,
D3_09618,G_05410,en,FP_promptbench,0,0.9992592930793762,1,,,,
D3_09619,G_05411,en,FP_promptbench,0,0.9991569519042969,1,,,,
D3_09620,G_05412,en,FP_promptbench,0,0.9992289543151855,1,,,,
D3_09625,G_02277,en,FP_promptbench,0,0.9991926550865173,1,,,,
D3_09627,G_05414,en,FP_promptbench,0,0.9992577433586121,1,,,,
D3_09628,G_05702,en,FP_promptbench,0,0.9990066885948181,1,,,,
D3_09629,G_05416,en,FP_promptbench,0,0.9990806579589844,1,,,,
D3_09630,G_05417,en,FP_promptbench,0,0.9992302656173706,1,,,,
D3_09631,G_05418,en,FP_promptbench,0,0.9992068409919739,1,,,,
D3_09632,G_05419,en,FP_promptbench,0,0.9992513060569763,1,,,,
D3_09633,G_05420,en,FP_promptbench,0,0.999238133430481,1,,,,
D3_09634,G_05421,en,FP_promptbench,0,0.9990701079368591,1,,,,
D3_09635,G_05397,en,FP_promptbench,0,0.9990381002426147,1,,,,
D3_09636,G_05423,en,FP_promptbench,0,0.9992234706878662,1,,,,
D3_09637,G_05424,en,FP_promptbench,0,0.9991389513015747,1,,,,
D3_09638,G_05425,en,FP_promptbench,0,0.9992129802703857,1,,,,
D3_09719,G_05426,en,FP_promptbench,0,0.9987745881080627,1,,,,
D3_09720,G_05427,en,FP_promptbench,0,0.9977149963378906,1,,,,
D3_09721,G_05428,en,FP_promptbench,0,0.9989159107208252,1,,,,
D3_09722,G_05429,en,FP_promptbench,0,0.9990935325622559,1,,,,
D3_09723,G_05430,en,FP_promptbench,0,0.9991193413734436,1,,,,
D3_09724,G_05431,en,FP_promptbench,0,0.9991752505302429,1,,,,
D3_09725,G_04180,en,FP_promptbench,0,0.9988921284675598,1,,,,
D3_09726,G_02354,en,FP_promptbench,0,0.9990930557250977,1,,,,
D3_09727,G_02372,en,FP_promptbench,0,0.9991016387939453,1,,,,
D3_09728,G_02368,en,FP_promptbench,0,0.999009370803833,1,,,,
D3_09729,G_02390,en,FP_promptbench,0,0.9990941286087036,1,,,,
D3_09730,G_02363,en,FP_promptbench,0,0.9991058707237244,1,,,,
D3_09731,G_05438,en,FP_promptbench,0,0.9991821646690369,1,,,,
D3_09732,G_05439,en,FP_promptbench,0,0.9977980852127075,1,,,,
D3_09733,G_05440,en,FP_promptbench,0,0.9991616010665894,1,,,,
D3_09734,G_05441,en,FP_promptbench,0,0.9989606142044067,1,,,,
D3_09735,G_05442,en,FP_promptbench,0,0.9992571473121643,1,,,,
D3_09736,G_05443,en,FP_promptbench,0,0.9991353154182434,1,,,,
D3_09737,G_04180,en,FP_promptbench,0,0.99906986951828,1,,,,
D3_09738,G_02354,en,FP_promptbench,0,0.9991205334663391,1,,,,
D3_09740,G_05446,en,FP_promptbench,0,0.9990862607955933,1,,,,
D3_09741,G_02390,en,FP_promptbench,0,0.9992358684539795,1,,,,
D3_09743,G_05448,en,FP_promptbench,0,0.9990711212158203,1,,,,
D3_09744,G_05449,en,FP_promptbench,0,0.9978354573249817,1,,,,
D3_09745,G_05450,en,FP_promptbench,0,0.998932421207428,1,,,,
D3_09746,G_05451,en,FP_promptbench,0,0.9989499449729919,1,,,,
D3_09747,G_05452,en,FP_promptbench,0,0.9988974332809448,1,,,,
D3_09748,G_05453,en,FP_promptbench,0,0.999004065990448,1,,,,
D3_09749,G_05454,en,FP_promptbench,0,0.9976314306259155,1,,,,
D3_09750,G_05455,en,FP_promptbench,0,0.9976517558097839,1,,,,
D3_09751,G_05456,en,FP_promptbench,0,0.9990710020065308,1,,,,
D3_09752,G_05457,en,FP_promptbench,0,0.9989445805549622,1,,,,
D3_09753,G_05458,en,FP_promptbench,0,0.9991507530212402,1,,,,
D3_09754,G_05459,en,FP_promptbench,0,0.9989271759986877,1,,,,
D3_09836,G_05460,en,FP_promptbench,0,0.9991999268531799,1,,,,
D3_09837,G_04635,en,FP_promptbench,0,0.9990249872207642,1,,,,
D3_09838,G_02235,en,FP_promptbench,0,0.9989659786224365,1,,,,
D3_09839,G_02468,en,FP_promptbench,0,0.999219536781311,1,,,,
D3_09840,G_05464,en,FP_promptbench,0,0.9991614818572998,1,,,,
D3_09841,G_05465,en,FP_promptbench,0,0.9989848732948303,1,,,,
D3_09842,G_02238,en,FP_promptbench,0,0.9992762207984924,1,,,,
D3_09843,G_04635,en,FP_promptbench,0,0.9991360306739807,1,,,,
D3_09844,G_02235,en,FP_promptbench,0,0.9992403984069824,1,,,,
D3_09845,G_02468,en,FP_promptbench,0,0.9991305470466614,1,,,,
D3_09846,G_02277,en,FP_promptbench,0,0.9991183876991272,1,,,,
D3_09847,G_03183,en,FP_promptbench,0,0.9991393089294434,1,,,,
D3_09848,G_05472,en,FP_promptbench,0,0.9992614388465881,1,,,,
D3_09849,G_05473,en,FP_promptbench,0,0.9988491535186768,1,,,,
D3_09850,G_02235,en,FP_promptbench,0,0.9992917776107788,1,,,,
D3_09851,G_05475,en,FP_promptbench,0,0.9992907047271729,1,,,,
D3_09852,G_02277,en,FP_promptbench,0,0.9991779923439026,1,,,,
D3_09853,G_03183,en,FP_promptbench,0,0.999021053314209,1,,,,
D3_09855,G_04635,en,FP_promptbench,0,0.9992653727531433,1,,,,
D3_09858,G_02277,en,FP_promptbench,0,0.9991551637649536,1,,,,
D3_09860,G_02238,en,FP_promptbench,0,0.9992806315422058,1,,,,
D3_09861,G_04635,en,FP_promptbench,0,0.9990537762641907,1,,,,
D3_09862,G_05482,en,FP_promptbench,0,0.9992764592170715,1,,,,
D3_09863,G_05483,en,FP_promptbench,0,0.9990682005882263,1,,,,
D3_09864,G_05484,en,FP_promptbench,0,0.9992146492004395,1,,,,
D3_09865,G_03183,en,FP_promptbench,0,0.999075174331665,1,,,,
D3_09866,G_05486,en,FP_promptbench,0,0.999261200428009,1,,,,
D3_09867,G_05487,en,FP_promptbench,0,0.9991456270217896,1,,,,
D3_09868,G_05488,en,FP_promptbench,0,0.9991784691810608,1,,,,
D3_09869,G_05489,en,FP_promptbench,0,0.9991886019706726,1,,,,
D3_09870,G_05490,en,FP_promptbench,0,0.9991590976715088,1,,,,
D3_09952,G_05491,en,FP_promptbench,0,0.999015212059021,1,,,,
D3_09953,G_05492,en,FP_promptbench,0,0.9992508292198181,1,,,,
D3_09954,G_05493,en,FP_promptbench,0,0.9992307424545288,1,,,,
D3_09955,G_05494,en,FP_promptbench,0,0.9992039799690247,1,,,,
D3_09956,G_05495,en,FP_promptbench,0,0.9991555213928223,1,,,,
D3_09957,G_05496,en,FP_promptbench,0,0.9990930557250977,1,,,,
D3_09958,G_02499,en,FP_promptbench,0,0.9991588592529297,1,,,,
D3_09959,G_02500,en,FP_promptbench,0,0.9991140961647034,1,,,,
D3_09960,G_02504,en,FP_promptbench,0,0.9992189407348633,1,,,,
D3_09961,G_02510,en,FP_promptbench,0,0.999249279499054,1,,,,
D3_09962,G_03808,en,FP_promptbench,0,0.999214768409729,1,,,,
D3_09963,G_02499,en,FP_promptbench,0,0.9992309808731079,1,,,,
D3_09964,G_05503,en,FP_promptbench,0,0.9992343187332153,1,,,,
D3_09965,G_05504,en,FP_promptbench,0,0.9990930557250977,1,,,,
D3_09966,G_05505,en,FP_promptbench,0,0.999211311340332,1,,,,
D3_09967,G_02510,en,FP_promptbench,0,0.9991738200187683,1,,,,
D3_09968,G_03808,en,FP_promptbench,0,0.9992714524269104,1,,,,
D3_09969,G_05508,en,FP_promptbench,0,0.9991359114646912,1,,,,
D3_09970,G_03319,en,FP_promptbench,0,0.9992554783821106,1,,,,
D3_09971,G_05510,en,FP_promptbench,0,0.9990973472595215,1,,,,
D3_09972,G_05511,en,FP_promptbench,0,0.9992662072181702,1,,,,
D3_09973,G_05512,en,FP_promptbench,0,0.9992777705192566,1,,,,
D3_09975,G_05513,en,FP_promptbench,0,0.9991611242294312,1,,,,
D3_09976,G_05514,en,FP_promptbench,0,0.9992037415504456,1,,,,
D3_09977,G_05515,en,FP_promptbench,0,0.9991694688796997,1,,,,
D3_09978,G_05516,en,FP_promptbench,0,0.9992270469665527,1,,,,
D3_09979,G_05517,en,FP_promptbench,0,0.999272882938385,1,,,,
D3_09980,G_05518,en,FP_promptbench,0,0.9991877675056458,1,,,,
D3_09981,G_05519,en,FP_promptbench,0,0.9989483952522278,1,,,,
D3_09982,G_05520,en,FP_promptbench,0,0.9991756081581116,1,,,,
D3_09983,G_05521,en,FP_promptbench,0,0.9989864230155945,1,,,,
D3_09984,G_05522,en,FP_promptbench,0,0.9991337656974792,1,,,,
D3_09985,G_05523,en,FP_promptbench,0,0.9991834759712219,1,,,,
D3_09986,G_05524,en,FP_promptbench,0,0.9990074038505554,1,,,,
D3_10067,G_05525,en,FP_promptbench,0,0.9992050528526306,1,,,,
D3_10068,G_05526,en,FP_promptbench,0,0.9989161491394043,1,,,,
D3_10069,G_05527,en,FP_promptbench,0,0.9987295269966125,1,,,,
D3_10070,G_05528,en,FP_promptbench,0,0.9990555644035339,1,,,,
D3_10071,G_05529,en,FP_promptbench,0,0.9991163611412048,1,,,,
D3_10072,G_05530,en,FP_promptbench,0,0.9992241859436035,1,,,,
D3_10073,G_01667,en,FP_promptbench,0,0.9992222785949707,1,,,,
D3_10074,G_01664,en,FP_promptbench,0,0.9989084005355835,1,,,,
D3_10075,G_02968,en,FP_promptbench,0,0.9991083741188049,1,,,,
D3_10076,G_01691,en,FP_promptbench,0,0.9992160797119141,1,,,,
D3_10077,G_01677,en,FP_promptbench,0,0.9991931319236755,1,,,,
D3_10078,G_01705,en,FP_promptbench,0,0.9991914629936218,1,,,,
D3_10079,G_05537,en,FP_promptbench,0,0.9991825222969055,1,,,,
D3_10081,G_05538,en,FP_promptbench,0,0.9991279244422913,1,,,,
D3_10082,G_05539,en,FP_promptbench,0,0.9991474151611328,1,,,,
D3_10083,G_05540,en,FP_promptbench,0,0.9992765784263611,1,,,,
D3_10084,G_01705,en,FP_promptbench,0,0.9992212057113647,1,,,,
D3_10086,G_01664,en,FP_promptbench,0,0.9991410970687866,1,,,,
D3_10087,G_03546,en,FP_promptbench,0,0.9992337226867676,1,,,,
D3_10089,G_05544,en,FP_promptbench,0,0.9991193413734436,1,,,,
D3_10090,G_01705,en,FP_promptbench,0,0.9991986155509949,1,,,,
D3_10091,G_05546,en,FP_promptbench,0,0.9991748929023743,1,,,,
D3_10092,G_01664,en,FP_promptbench,0,0.99907386302948,1,,,,
D3_10093,G_02968,en,FP_promptbench,0,0.9991866946220398,1,,,,
D3_10094,G_05549,en,FP_promptbench,0,0.9990853071212769,1,,,,
D3_10095,G_05550,en,FP_promptbench,0,0.9988735318183899,1,,,,
D3_10096,G_01705,en,FP_promptbench,0,0.9990718364715576,1,,,,
D3_10097,G_05552,en,FP_promptbench,0,0.9991913437843323,1,,,,
D3_10098,G_05553,en,FP_promptbench,0,0.9990209341049194,1,,,,
D3_10099,G_05554,en,FP_promptbench,0,0.9988608360290527,1,,,,
D3_10100,G_05555,en,FP_promptbench,0,0.9991405010223389,1,,,,
D3_10101,G_05556,en,FP_promptbench,0,0.9992014765739441,1,,,,
D3_10102,G_05557,en,FP_promptbench,0,0.9992173910140991,1,,,,
D3_10183,G_05558,en,FP_promptbench,0,0.9987875819206238,1,,,,
D3_10184,G_05559,en,FP_promptbench,0,0.9988148212432861,1,,,,
D3_10185,G_05560,en,FP_promptbench,0,0.9987154006958008,1,,,,
D3_10186,G_05561,en,FP_promptbench,0,0.9989560842514038,1,,,,
D3_10187,G_05562,en,FP_promptbench,0,0.999065101146698,1,,,,
D3_10188,G_05563,en,FP_promptbench,0,0.9992232322692871,1,,,,
D3_10189,G_01803,en,FP_promptbench,0,0.9991337656974792,1,,,,
D3_10190,G_05565,en,FP_promptbench,0,0.9992092847824097,1,,,,
D3_10191,G_01802,en,FP_promptbench,0,0.9991694688796997,1,,,,
D3_10192,G_03029,en,FP_promptbench,0,0.9992547631263733,1,,,,
D3_10193,G_01790,en,FP_promptbench,0,0.999151349067688,1,,,,
D3_10194,G_01794,en,FP_promptbench,0,0.9993226528167725,1,,,,
D3_10195,G_01815,en,FP_promptbench,0,0.9991583824157715,1,,,,
D3_10196,G_05571,en,FP_promptbench,0,0.9992386102676392,1,,,,
D3_10197,G_05572,en,FP_promptbench,0,0.9991118311882019,1,,,,
D3_10198,G_05573,en,FP_promptbench,0,0.9991474151611328,1,,,,
D3_10199,G_05284,en,FP_promptbench,0,0.9991946816444397,1,,,,
D3_10201,G_05575,en,FP_promptbench,0,0.9988400340080261,1,,,,
D3_10202,G_01785,en,FP_promptbench,0,0.9986298084259033,1,,,,
D3_10203,G_01802,en,FP_promptbench,0,0.9988479614257812,1,,,,
D3_10204,G_03029,en,FP_promptbench,0,0.9989151954650879,1,,,,
D3_10205,G_05579,en,FP_promptbench,0,0.9992214441299438,1,,,,
D3_10206,G_01794,en,FP_promptbench,0,0.9992464780807495,1,,,,
D3_10207,G_05581,en,FP_promptbench,0,0.9987180233001709,1,,,,
D3_10208,G_05582,en,FP_promptbench,0,0.9986617565155029,1,,,,
D3_10209,G_05583,en,FP_promptbench,0,0.9991304278373718,1,,,,
D3_10210,G_05584,en,FP_promptbench,0,0.9989469647407532,1,,,,
D3_10211,G_05585,en,FP_promptbench,0,0.9991573095321655,1,,,,
D3_10212,G_05586,en,FP_promptbench,0,0.9992473125457764,1,,,,
D3_10233,G_05587,en,FP_promptbench,0,0.9988678693771362,1,,,,
D3_10234,G_05588,en,FP_promptbench,0,0.9988880753517151,1,,,,
D3_10235,G_05589,en,FP_promptbench,0,0.9989295601844788,1,,,,
D3_10236,G_05590,en,FP_promptbench,0,0.9991402626037598,1,,,,
D3_10237,G_01902,en,FP_promptbench,0,0.9992135763168335,1,,,,
D3_10238,G_05592,en,FP_promptbench,0,0.9991065859794617,1,,,,
D3_10239,G_01893,en,FP_promptbench,0,0.9991549253463745,1,,,,
D3_10240,G_01890,en,FP_promptbench,0,0.999129593372345,1,,,,
D3_10241,G_01896,en,FP_promptbench,0,0.9991963505744934,1,,,,
D3_10242,G_01906,en,FP_promptbench,0,0.9990352392196655,1,,,,
D3_10243,G_01902,en,FP_promptbench,0,0.999180018901825,1,,,,
D3_10244,G_01901,en,FP_promptbench,0,0.9991490840911865,1,,,,
D3_10245,G_05599,en,FP_promptbench,0,0.9992172718048096,1,,,,
D3_10246,G_05600,en,FP_promptbench,0,0.9991971850395203,1,,,,
D3_10247,G_05601,en,FP_promptbench,0,0.9992885589599609,1,,,,
D3_10248,G_05602,en,FP_promptbench,0,0.9992190599441528,1,,,,
D3_10249,G_05603,en,FP_promptbench,0,0.9992635846138,1,,,,
D3_10250,G_05604,en,FP_promptbench,0,0.9992056488990784,1,,,,
D3_10251,G_01893,en,FP_promptbench,0,0.999138593673706,1,,,,
D3_10256,G_01901,en,FP_promptbench,0,0.9991826415061951,1,,,,
D3_10257,G_04900,en,FP_promptbench,0,0.9990264177322388,1,,,,
D3_10258,G_05608,en,FP_promptbench,0,0.9990679621696472,1,,,,
D3_10259,G_05609,en,FP_promptbench,0,0.9982991814613342,1,,,,
D3_10260,G_01906,en,FP_promptbench,0,0.9991239905357361,1,,,,
D3_10261,G_01902,en,FP_promptbench,0,0.9992095232009888,1,,,,
D3_10262,G_01901,en,FP_promptbench,0,0.9992203712463379,1,,,,
D3_10263,G_05613,en,FP_promptbench,0,0.998792290687561,1,,,,
D3_10264,G_05614,en,FP_promptbench,0,0.998848557472229,1,,,,
D3_10265,G_05615,en,FP_promptbench,0,0.9987927675247192,1,,,,
D3_10266,G_05616,en,FP_promptbench,0,0.999143123626709,1,,,,
D3_10267,G_05617,en,FP_promptbench,0,0.9991565942764282,1,,,,
D3_10268,G_05618,en,FP_promptbench,0,0.9991719722747803,1,,,,
D3_10349,G_05619,en,FP_promptbench,0,0.9990993738174438,1,,,,
D3_10350,G_05620,en,FP_promptbench,0,0.9991891980171204,1,,,,
D3_10351,G_05621,en,FP_promptbench,0,0.9990763664245605,1,,,,
D3_10352,G_05622,en,FP_promptbench,0,0.9992092251777649,1,,,,
D3_10353,G_05623,en,FP_promptbench,0,0.9992214441299438,1,,,,
D3_10354,G_05624,en,FP_promptbench,0,0.9991834759712219,1,,,,
D3_10355,G_02011,en,FP_promptbench,0,0.9990841150283813,1,,,,
D3_10356,G_03634,en,FP_promptbench,0,0.9991421699523926,1,,,,
D3_10357,G_02007,en,FP_promptbench,0,0.9990609288215637,1,,,,
D3_10358,G_03116,en,FP_promptbench,0,0.999133288860321,1,,,,
D3_10359,G_02020,en,FP_promptbench,0,0.9992177486419678,1,,,,
D3_10360,G_02021,en,FP_promptbench,0,0.9992141723632812,1,,,,
D3_10361,G_05631,en,FP_promptbench,0,0.9991071820259094,1,,,,
D3_10362,G_05632,en,FP_promptbench,0,0.9992056488990784,1,,,,
D3_10363,G_05633,en,FP_promptbench,0,0.999275267124176,1,,,,
D3_10364,G_05634,en,FP_promptbench,0,0.9993089437484741,1,,,,
D3_10365,G_05635,en,FP_promptbench,0,0.9992823004722595,1,,,,
D3_10366,G_05636,en,FP_promptbench,0,0.999195396900177,1,,,,
D3_10371,G_02020,en,FP_promptbench,0,0.9992489218711853,1,,,,
D3_10372,G_02021,en,FP_promptbench,0,0.9991948008537292,1,,,,
D3_10373,G_02011,en,FP_promptbench,0,0.9992362260818481,1,,,,
D3_10374,G_05640,en,FP_promptbench,0,0.9991037249565125,1,,,,
D3_10375,G_05641,en,FP_promptbench,0,0.9992192983627319,1,,,,
D3_10376,G_05642,en,FP_promptbench,0,0.9992719292640686,1,,,,
D3_10377,G_05643,en,FP_promptbench,0,0.9992384910583496,1,,,,
D3_10378,G_05644,en,FP_promptbench,0,0.9992031455039978,1,,,,
D3_10379,G_05645,en,FP_promptbench,0,0.9991204142570496,1,,,,
D3_10380,G_05646,en,FP_promptbench,0,0.9991170763969421,1,,,,
D3_10381,G_05647,en,FP_promptbench,0,0.9991461038589478,1,,,,
D3_10382,G_05648,en,FP_promptbench,0,0.9992450475692749,1,,,,
D3_10383,G_05649,en,FP_promptbench,0,0.9992222785949707,1,,,,
D3_10384,G_05650,en,FP_promptbench,0,0.9991187453269958,1,,,,
D3_10466,G_05651,en,FP_promptbench,0,0.9991356730461121,1,,,,
D3_10467,G_05652,en,FP_promptbench,0,0.9989296793937683,1,,,,
D3_10468,G_05653,en,FP_promptbench,0,0.9989025592803955,1,,,,
D3_10469,G_04962,en,FP_promptbench,0,0.9991409778594971,1,,,,
D3_10470,G_02129,en,FP_promptbench,0,0.998975396156311,1,,,,
D3_10471,G_05656,en,FP_promptbench,0,0.9990589022636414,1,,,,
D3_10472,G_02150,en,FP_promptbench,0,0.999160647392273,1,,,,
D3_10473,G_03685,en,FP_promptbench,0,0.999188244342804,1,,,,
D3_10474,G_04106,en,FP_promptbench,0,0.9991416931152344,1,,,,
D3_10475,G_05660,en,FP_promptbench,0,0.9992423057556152,1,,,,
D3_10476,G_05661,en,FP_promptbench,0,0.9992302656173706,1,,,,
D3_10477,G_05662,en,FP_promptbench,0,0.9991856217384338,1,,,,
D3_10478,G_05663,en,FP_promptbench,0,0.9992215633392334,1,,,,
D3_10479,G_05664,en,FP_promptbench,0,0.999107301235199,1,,,,
D3_10480,G_04106,en,FP_promptbench,0,0.9990410208702087,1,,,,
D3_10481,G_04962,en,FP_promptbench,0,0.9992388486862183,1,,,,
D3_10482,G_05667,en,FP_promptbench,0,0.9991532564163208,1,,,,
D3_10487,G_05668,en,FP_promptbench,0,0.9989781379699707,1,,,,
D3_10488,G_05669,en,FP_promptbench,0,0.9991718530654907,1,,,,
D3_10489,G_05670,en,FP_promptbench,0,0.9990481734275818,1,,,,
D3_10490,G_05671,en,FP_promptbench,0,0.999143123626709,1,,,,
D3_10491,G_03685,en,FP_promptbench,0,0.9988744854927063,1,,,,
D3_10492,G_05673,en,FP_promptbench,0,0.9991931319236755,1,,,,
D3_10493,G_05674,en,FP_promptbench,0,0.9991211295127869,1,,,,
D3_10494,G_05675,en,FP_promptbench,0,0.9989334940910339,1,,,,
D3_10495,G_05676,en,FP_promptbench,0,0.9990789890289307,1,,,,
D3_10496,G_05677,en,FP_promptbench,0,0.9987917542457581,1,,,,
D3_10497,G_05678,en,FP_promptbench,0,0.9991658926010132,1,,,,
D3_10498,G_05679,en,FP_promptbench,0,0.9990696310997009,1,,,,
D3_10580,G_05680,en,FP_promptbench,0,0.9989895224571228,1,,,,
D3_10581,G_05702,en,FP_promptbench,0,0.9991826415061951,1,,,,
D3_10582,G_05682,en,FP_promptbench,0,0.9992768168449402,1,,,,
D3_10583,G_05683,en,FP_promptbench,0,0.999208390712738,1,,,,
D3_10584,G_05684,en,FP_promptbench,0,0.9992850422859192,1,,,,
D3_10585,G_05685,en,FP_promptbench,0,0.9990531802177429,1,,,,
D3_10586,G_04635,en,FP_promptbench,0,0.9991768002510071,1,,,,
D3_10587,G_02235,en,FP_promptbench,0,0.9991621971130371,1,,,,
D3_10588,G_02243,en,FP_promptbench,0,0.9993201494216919,1,,,,
D3_10589,G_03178,en,FP_promptbench,0,0.999211311340332,1,,,,
D3_10590,G_04642,en,FP_promptbench,0,0.9992907047271729,1,,,,
D3_10591,G_02277,en,FP_promptbench,0,0.9992061257362366,1,,,,
D3_10592,G_05692,en,FP_promptbench,0,0.9987937211990356,1,,,,
D3_10593,G_05693,en,FP_promptbench,0,0.9992755055427551,1,,,,
D3_10594,G_05694,en,FP_promptbench,0,0.9992051720619202,1,,,,
D3_10595,G_05695,en,FP_promptbench,0,0.9992163181304932,1,,,,
D3_10596,G_05696,en,FP_promptbench,0,0.9992491602897644,1,,,,
D3_10597,G_05697,en,FP_promptbench,0,0.999239444732666,1,,,,
D3_10600,G_05698,en,FP_promptbench,0,0.9992396831512451,1,,,,
D3_10601,G_03178,en,FP_promptbench,0,0.9991658926010132,1,,,,
D3_10603,G_02277,en,FP_promptbench,0,0.9991853833198547,1,,,,
D3_10604,G_04635,en,FP_promptbench,0,0.9990791082382202,1,,,,
D3_10605,G_05702,en,FP_promptbench,0,0.9991925358772278,1,,,,
D3_10606,G_05703,en,FP_promptbench,0,0.9992039799690247,1,,,,
D3_10607,G_05704,en,FP_promptbench,0,0.9992388486862183,1,,,,
D3_10608,G_05705,en,FP_promptbench,0,0.9992772936820984,1,,,,
D3_10609,G_02277,en,FP_promptbench,0,0.9991245865821838,1,,,,
D3_10610,G_05707,en,FP_promptbench,0,0.9989854693412781,1,,,,
D3_10611,G_05702,en,FP_promptbench,0,0.9990686774253845,1,,,,
D3_10612,G_05709,en,FP_promptbench,0,0.9993016719818115,1,,,,
D3_10613,G_05710,en,FP_promptbench,0,0.999309778213501,1,,,,
D3_10614,G_05711,en,FP_promptbench,0,0.9992252588272095,1,,,,
D3_10615,G_05712,en,FP_promptbench,0,0.9992160797119141,1,,,,
D3_10696,G_05713,en,FP_promptbench,0,0.995793342590332,1,,,,
D3_10697,G_05714,en,FP_promptbench,0,0.9987205862998962,1,,,,
D3_10698,G_05715,en,FP_promptbench,0,0.9985747337341309,1,,,,
D3_10699,G_05716,en,FP_promptbench,0,0.9988295435905457,1,,,,
D3_10700,G_05717,en,FP_promptbench,0,0.9987847208976746,1,,,,
D3_10701,G_05718,en,FP_promptbench,0,0.9989122152328491,1,,,,
D3_10702,G_02356,en,FP_promptbench,0,0.9987775683403015,1,,,,
D3_10703,G_02372,en,FP_promptbench,0,0.9991668462753296,1,,,,
D3_10704,G_02353,en,FP_promptbench,0,0.9990938901901245,1,,,,
D3_10705,G_02364,en,FP_promptbench,0,0.999169111251831,1,,,,
D3_10706,G_03228,en,FP_promptbench,0,0.9990378618240356,1,,,,
D3_10707,G_02369,en,FP_promptbench,0,0.9991149306297302,1,,,,
D3_10708,G_05725,en,FP_promptbench,0,0.9990971088409424,1,,,,
D3_10709,G_05726,en,FP_promptbench,0,0.9989226460456848,1,,,,
D3_10710,G_05727,en,FP_promptbench,0,0.9992104768753052,1,,,,
D3_10711,G_02364,en,FP_promptbench,0,0.9992142915725708,1,,,,
D3_10712,G_05729,en,FP_promptbench,0,0.9992357492446899,1,,,,
D3_10713,G_05730,en,FP_promptbench,0,0.9992215633392334,1,,,,
D3_10714,G_05731,en,FP_promptbench,0,0.9992069602012634,1,,,,
D3_10715,G_05732,en,FP_promptbench,0,0.9991592168807983,1,,,,
D3_10719,G_02369,en,FP_promptbench,0,0.9992115497589111,1,,,,
D3_10720,G_05734,en,FP_promptbench,0,0.9988007545471191,1,,,,
D3_10721,G_05735,en,FP_promptbench,0,0.9988804459571838,1,,,,
D3_10722,G_02372,en,FP_promptbench,0,0.9988922476768494,1,,,,
D3_10723,G_05737,en,FP_promptbench,0,0.998986542224884,1,,,,
D3_10724,G_05738,en,FP_promptbench,0,0.9990988969802856,1,,,,
D3_10725,G_05739,en,FP_promptbench,0,0.9991680383682251,1,,,,
D3_10726,G_05740,en,FP_promptbench,0,0.9982587695121765,1,,,,
D3_10727,G_05741,en,FP_promptbench,0,0.9990567564964294,1,,,,
D3_10728,G_05742,en,FP_promptbench,0,0.9985289573669434,1,,,,
D3_10729,G_02364,en,FP_promptbench,0,0.9986671209335327,1,,,,
D3_10730,G_05744,en,FP_promptbench,0,0.9989938139915466,1,,,,
D3_10731,G_05745,en,FP_promptbench,0,0.9986457228660583,1,,,,
D3_10813,G_05746,en,FP_promptbench,0,0.9992412328720093,1,,,,
D3_10814,G_05747,en,FP_promptbench,0,0.999164342880249,1,,,,
D3_10815,G_05748,en,FP_promptbench,0,0.9989073276519775,1,,,,
D3_10816,G_05749,en,FP_promptbench,0,0.9991127848625183,1,,,,
D3_10817,G_05750,en,FP_promptbench,0,0.999139666557312,1,,,,
D3_10818,G_05751,en,FP_promptbench,0,0.9990226030349731,1,,,,
D3_10819,G_02235,en,FP_promptbench,0,0.9991759657859802,1,,,,
D3_10820,G_02243,en,FP_promptbench,0,0.9992596507072449,1,,,,
D3_10821,G_04639,en,FP_promptbench,0,0.9991679191589355,1,,,,
D3_10822,G_02468,en,FP_promptbench,0,0.9992546439170837,1,,,,
D3_10823,G_02277,en,FP_promptbench,0,0.9991803765296936,1,,,,
D3_10824,G_03183,en,FP_promptbench,0,0.9992035031318665,1,,,,
D3_10825,G_05758,en,FP_promptbench,0,0.999298095703125,1,,,,
D3_10826,G_05759,en,FP_promptbench,0,0.9992796778678894,1,,,,
D3_10827,G_05760,en,FP_promptbench,0,0.9990378618240356,1,,,,
D3_10828,G_05761,en,FP_promptbench,0,0.9992579817771912,1,,,,
D3_10829,G_05762,en,FP_promptbench,0,0.9992765784263611,1,,,,
D3_10830,G_05763,en,FP_promptbench,0,0.9992325305938721,1,,,,
D3_10833,G_02275,en,FP_promptbench,0,0.9991738200187683,1,,,,
D3_10834,G_02276,en,FP_promptbench,0,0.9991652965545654,1,,,,
D3_10836,G_02475,en,FP_promptbench,0,0.9991279244422913,1,,,,
D3_10837,G_05702,en,FP_promptbench,0,0.9992423057556152,1,,,,
D3_10838,G_05768,en,FP_promptbench,0,0.9992570281028748,1,,,,
D3_10839,G_04639,en,FP_promptbench,0,0.9991200566291809,1,,,,
D3_10840,G_05770,en,FP_promptbench,0,0.9990692734718323,1,,,,
D3_10841,G_05771,en,FP_promptbench,0,0.9991735816001892,1,,,,
D3_10842,G_03183,en,FP_promptbench,0,0.9989978671073914,1,,,,
D3_10843,G_05773,en,FP_promptbench,0,0.9991264939308167,1,,,,
D3_10844,G_05774,en,FP_promptbench,0,0.9991484880447388,1,,,,
D3_10845,G_05775,en,FP_promptbench,0,0.9990021586418152,1,,,,
D3_10846,G_05776,en,FP_promptbench,0,0.9991795420646667,1,,,,
D3_10847,G_05777,en,FP_promptbench,0,0.9991557598114014,1,,,,
D3_10848,G_05778,en,FP_promptbench,0,0.9990806579589844,1,,,,
D3_10929,G_05779,en,FP_promptbench,0,0.999152660369873,1,,,,
D3_10930,G_05780,en,FP_promptbench,0,0.9991450309753418,1,,,,
D3_10931,G_05781,en,FP_promptbench,0,0.9991453886032104,1,,,,
D3_10932,G_05782,en,FP_promptbench,0,0.9992119073867798,1,,,,
D3_10933,G_05783,en,FP_promptbench,0,0.9991432428359985,1,,,,
D3_10934,G_05784,en,FP_promptbench,0,0.999232292175293,1,,,,
D3_10935,G_03310,en,FP_promptbench,0,0.9990119934082031,1,,,,
D3_10936,G_02502,en,FP_promptbench,0,0.998889148235321,1,,,,
D3_10937,G_02500,en,FP_promptbench,0,0.998822033405304,1,,,,
D3_10938,G_02508,en,FP_promptbench,0,0.9991624355316162,1,,,,
D3_10939,G_03806,en,FP_promptbench,0,0.9991169571876526,1,,,,
D3_10940,G_02504,en,FP_promptbench,0,0.9991378784179688,1,,,,
D3_10941,G_05791,en,FP_promptbench,0,0.9992270469665527,1,,,,
D3_10942,G_05792,en,FP_promptbench,0,0.9991257786750793,1,,,,
D3_10943,G_02500,en,FP_promptbench,0,0.9990660548210144,1,,,,
D3_10944,G_05794,en,FP_promptbench,0,0.9992567896842957,1,,,,
D3_10945,G_05795,en,FP_promptbench,0,0.999193012714386,1,,,,
D3_10946,G_05796,en,FP_promptbench,0,0.9992005228996277,1,,,,
D3_10947,G_03321,en,FP_promptbench,0,0.9991880059242249,1,,,,
D3_10948,G_05798,en,FP_promptbench,0,0.9991494417190552,1,,,,
D3_10951,G_05084,en,FP_promptbench,0,0.9991944432258606,1,,,,
D3_10953,G_05800,en,FP_promptbench,0,0.9991083741188049,1,,,,
D3_10954,G_02502,en,FP_promptbench,0,0.9988365769386292,1,,,,
D3_10955,G_05802,en,FP_promptbench,0,0.9990070462226868,1,,,,
D3_10956,G_05803,en,FP_promptbench,0,0.9992759823799133,1,,,,
D3_10957,G_05804,en,FP_promptbench,0,0.9991770386695862,1,,,,
D3_10958,G_05805,en,FP_promptbench,0,0.9991549253463745,1,,,,
D3_10959,G_05806,en,FP_promptbench,0,0.9990056157112122,1,,,,
D3_10960,G_05807,en,FP_promptbench,0,0.9990825653076172,1,,,,
D3_10961,G_05808,en,FP_promptbench,0,0.9988813996315002,1,,,,
D3_10962,G_05809,en,FP_promptbench,0,0.9991850256919861,1,,,,
D3_10963,G_05810,en,FP_promptbench,0,0.9991204142570496,1,,,,
D3_10964,G_05811,en,FP_promptbench,0,0.9992156028747559,1,,,,
D2_00001,G_00662,en,E5x_pooled,1,0.999099612236023,1,,,,
D2_00002,G_00663,en,E5x_pooled,1,0.9991311430931091,1,,,,
D2_00003,G_00664,en,E5x_pooled,1,0.9991493225097656,1,,,,
D2_00004,G_00665,en,E5x_pooled,1,0.9874125719070435,1,,,,
D2_00005,G_00666,en,E5x_pooled,1,0.9982556700706482,1,,,,
D2_00006,G_00667,en,E5x_pooled,1,0.9982609152793884,1,,,,
D2_00007,G_00668,en,E5x_pooled,1,0.9988369345664978,1,,,,
D2_00008,G_00669,en,E5x_pooled,1,0.9991973042488098,1,,,,
D2_00009,G_00670,en,E5x_pooled,1,0.9984133243560791,1,,,,
D2_00010,G_00671,en,E5x_pooled,1,0.9991932511329651,1,,,,
D2_00011,G_00672,en,E5x_pooled,1,0.99918133020401,1,,,,
D2_00012,G_00673,en,E5x_pooled,1,0.9992089867591858,1,,,,
D2_00013,G_00674,en,E5x_pooled,1,0.9992941617965698,1,,,,
D2_00014,G_00675,en,E5x_pooled,1,0.9993476271629333,1,,,,
D2_00015,G_00676,en,E5x_pooled,1,0.999323844909668,1,,,,
D2_00016,G_00677,en,E5x_pooled,1,0.9989369511604309,1,,,,
D2_00017,G_00678,en,E5x_pooled,1,0.9991142153739929,1,,,,
D2_00018,G_00679,en,E5x_pooled,1,0.9992179870605469,1,,,,
D2_00019,G_00680,en,E5x_pooled,1,0.9991449117660522,1,,,,
D2_00020,G_00681,en,E5x_pooled,1,0.9990376234054565,1,,,,
D2_00021,G_00682,en,E5x_pooled,1,0.0007188302115537226,0,,,,
D2_00022,G_00683,en,E5x_pooled,1,0.9992690682411194,1,,,,
D2_00023,G_00684,en,E5x_pooled,1,0.9988765120506287,1,,,,
D2_00024,G_00685,en,E5x_pooled,1,0.9976155757904053,1,,,,
D2_00025,G_00686,en,E5x_pooled,1,0.9989402890205383,1,,,,
D2_00026,G_00687,en,E5x_pooled,1,0.9991248250007629,1,,,,
D2_00027,G_00688,en,E5x_pooled,1,0.9990888833999634,1,,,,
D2_00028,G_00689,en,E5x_pooled,1,0.9987741112709045,1,,,,
D2_00029,G_00690,en,E5x_pooled,1,0.9991307854652405,1,,,,
D2_00030,G_00691,en,E5x_pooled,1,0.9992777705192566,1,,,,
D2_00031,G_00692,en,E5x_pooled,1,0.9827073216438293,1,,,,
D2_00032,G_00693,en,E5x_pooled,1,0.9992465972900391,1,,,,
D2_00033,G_00694,en,E5x_pooled,1,0.9987947940826416,1,,,,
D2_00034,G_00695,en,E5x_pooled,1,0.999053418636322,1,,,,
D2_00035,G_00696,en,E5x_pooled,1,0.9991366267204285,1,,,,
D2_00036,G_00697,en,E5x_pooled,1,0.9991554021835327,1,,,,
D2_00037,G_00698,en,E5x_pooled,1,0.999140739440918,1,,,,
D2_00038,G_00699,en,E5x_pooled,1,0.9991865754127502,1,,,,
D2_00039,G_00700,en,E5x_pooled,1,0.9926839470863342,1,,,,
D2_00040,G_00701,en,E5x_pooled,1,0.007367254700511694,0,,,,
D2_00041,G_00702,en,E5x_pooled,1,0.9505271315574646,1,,,,
D2_00042,G_00703,en,E5x_pooled,1,0.9989281296730042,1,,,,
D2_00043,G_00704,en,E5x_pooled,1,0.9993249177932739,1,,,,
D2_00044,G_00705,en,E5x_pooled,1,0.9987095594406128,1,,,,
D2_00045,G_00706,en,E5x_pooled,1,0.0008828191785141826,0,,,,
D2_00046,G_00707,en,E5x_pooled,1,0.9992863535881042,1,,,,
D2_00047,G_00708,en,E5x_pooled,1,0.9878484010696411,1,,,,
D2_00048,G_00709,en,E5x_pooled,1,0.958312451839447,1,,,,
D2_00049,G_00710,en,E5x_pooled,1,0.0004592431359924376,0,,,,
D2_00050,G_00711,en,E5x_pooled,1,0.998930037021637,1,,,,
D2_00051,G_00712,en,E5x_pooled,1,0.9992817044258118,1,,,,
D2_00052,G_00713,en,E5x_pooled,1,0.9989731311798096,1,,,,
D2_00053,G_00714,en,E5x_pooled,1,0.9992145299911499,1,,,,
D2_00054,G_00715,en,E5x_pooled,1,0.000865286507178098,0,,,,
D2_00055,G_00716,en,E5x_pooled,1,0.9992362260818481,1,,,,
D2_00056,G_00717,en,E5x_pooled,1,0.9991769194602966,1,,,,
D2_00057,G_00718,en,E5x_pooled,1,0.9978079199790955,1,,,,
D2_00058,G_00719,en,E5x_pooled,1,0.9989725351333618,1,,,,
D2_00059,G_00720,en,E5x_pooled,1,0.9978387951850891,1,,,,
D2_00060,G_00721,en,E5x_pooled,1,0.9830259680747986,1,,,,
D2_00061,G_00722,en,E5x_pooled,1,0.9984152317047119,1,,,,
D2_00062,G_00723,en,E5x_pooled,1,0.9992191791534424,1,,,,
D2_00063,G_00724,en,E5x_pooled,1,0.9991713762283325,1,,,,
D2_00064,G_00725,en,E5x_pooled,1,0.9985436201095581,1,,,,
D2_00065,G_00726,en,E5x_pooled,1,0.9992105960845947,1,,,,
D2_00066,G_00727,en,E5x_pooled,1,0.9991241097450256,1,,,,
D2_00067,G_00728,en,E5x_pooled,1,0.9989708662033081,1,,,,
D2_00068,G_00729,en,E5x_pooled,1,0.9992019534111023,1,,,,
D2_00069,G_00730,en,E5x_pooled,1,0.9990849494934082,1,,,,
D2_00070,G_00731,en,E5x_pooled,1,0.9990014433860779,1,,,,
D2_00071,G_00732,en,E5x_pooled,1,0.9991846680641174,1,,,,
D2_00072,G_00733,en,E5x_pooled,1,0.9987409710884094,1,,,,
D2_00073,G_00734,en,E5x_pooled,1,0.9990971088409424,1,,,,
D2_00074,G_00735,en,E5x_pooled,1,0.9989271759986877,1,,,,
D2_00075,G_00736,en,E5x_pooled,1,0.9990875720977783,1,,,,
D2_00076,G_00737,en,E5x_pooled,1,0.9977542757987976,1,,,,
D2_00077,G_00738,en,E5x_pooled,1,0.9980930685997009,1,,,,
D2_00078,G_00739,en,E5x_pooled,1,0.983319103717804,1,,,,
D2_00079,G_00740,en,E5x_pooled,1,0.999100923538208,1,,,,
D2_00080,G_00741,en,E5x_pooled,1,0.9990780353546143,1,,,,
D2_00081,G_00742,en,E5x_pooled,1,0.9992961883544922,1,,,,
D2_00082,G_00743,en,E5x_pooled,1,0.0005768086411990225,0,,,,
D2_00083,G_00744,en,E5x_pooled,1,0.9990745782852173,1,,,,
D2_00084,G_00745,en,E5x_pooled,1,0.9989562034606934,1,,,,
D2_00085,G_00746,en,E5x_pooled,1,0.9989684820175171,1,,,,
D2_00086,G_00747,en,E5x_pooled,1,0.9966534972190857,1,,,,
D2_00087,G_00748,en,E5x_pooled,1,0.9989137649536133,1,,,,
D2_00088,G_00749,en,E5x_pooled,1,0.9992309808731079,1,,,,
D2_00089,G_00750,en,E5x_pooled,1,0.9989650249481201,1,,,,
D2_00090,G_00751,en,E5x_pooled,1,0.9988295435905457,1,,,,
D2_00091,G_00752,en,E5x_pooled,1,0.999314546585083,1,,,,
D2_00092,G_00753,en,E5x_pooled,1,0.9991214871406555,1,,,,
D2_00093,G_00754,en,E5x_pooled,1,0.9992939233779907,1,,,,
D2_00094,G_00755,en,E5x_pooled,1,0.9991999268531799,1,,,,
D2_00095,G_00756,en,E5x_pooled,1,0.9986431002616882,1,,,,
D2_00096,G_00757,en,E5x_pooled,1,0.8781259655952454,1,,,,
D2_00097,G_00758,en,E5x_pooled,1,0.9992169141769409,1,,,,
D2_00098,G_00759,en,E5x_pooled,1,0.9989864230155945,1,,,,
D2_00099,G_00760,en,E5x_pooled,1,0.9984444975852966,1,,,,
D2_00100,G_00761,en,E5x_pooled,1,0.9985365867614746,1,,,,
D2_00101,G_00762,en,E5x_pooled,1,0.9987024068832397,1,,,,
D2_00102,G_00763,en,E5x_pooled,1,0.9992384910583496,1,,,,
D2_00103,G_00764,en,E5x_pooled,1,0.99871826171875,1,,,,
D2_00104,G_00765,en,E5x_pooled,1,0.9988977909088135,1,,,,
D2_00105,G_00766,en,E5x_pooled,1,0.9992066025733948,1,,,,
D2_00106,G_00767,en,E5x_pooled,1,0.9989960789680481,1,,,,
D2_00107,G_00768,en,E5x_pooled,1,0.9988251328468323,1,,,,
D2_00108,G_00769,en,E5x_pooled,1,0.9964893460273743,1,,,,
D2_00109,G_00770,en,E5x_pooled,1,0.9990563988685608,1,,,,
D2_00110,G_00771,en,E5x_pooled,1,0.9979320764541626,1,,,,
D2_00111,G_00772,en,E5x_pooled,1,0.99905925989151,1,,,,
D2_00112,G_00773,en,E5x_pooled,1,0.9988777041435242,1,,,,
D2_00113,G_00774,en,E5x_pooled,1,0.9990121126174927,1,,,,
D2_00114,G_00775,en,E5x_pooled,1,0.9990826845169067,1,,,,
D2_00115,G_00776,en,E5x_pooled,1,0.9988263249397278,1,,,,
D2_00116,G_00777,en,E5x_pooled,1,0.9990800619125366,1,,,,
D2_00117,G_00778,en,E5x_pooled,1,0.9992747902870178,1,,,,
D2_00118,G_00779,en,E5x_pooled,1,0.9991463422775269,1,,,,
D2_00119,G_00780,en,E5x_pooled,1,0.9984461665153503,1,,,,
D2_00120,G_00781,en,E5x_pooled,1,0.9986599683761597,1,,,,
D2_00121,G_00782,en,E5x_pooled,1,0.9977618455886841,1,,,,
D2_00122,G_00783,en,E5x_pooled,1,0.16928696632385254,0,,,,
D2_00123,G_00784,en,E5x_pooled,1,0.9988778233528137,1,,,,
D2_00124,G_00785,en,E5x_pooled,1,0.999144434928894,1,,,,
D2_00125,G_00786,en,E5x_pooled,1,0.00046567560639232397,0,,,,
D2_00126,G_00787,en,E5x_pooled,1,0.9988638162612915,1,,,,
D2_00127,G_00788,en,E5x_pooled,1,0.9986096620559692,1,,,,
D2_00128,G_00789,en,E5x_pooled,1,0.9990204572677612,1,,,,
D2_00129,G_00790,en,E5x_pooled,1,0.997995138168335,1,,,,
D2_00130,G_00791,en,E5x_pooled,1,0.9984586238861084,1,,,,
D2_00131,G_00792,en,E5x_pooled,1,0.9993487000465393,1,,,,
D2_00132,G_00793,en,E5x_pooled,1,0.9990053772926331,1,,,,
D2_00133,G_00794,en,E5x_pooled,1,0.9991500377655029,1,,,,
D2_00134,G_00795,en,E5x_pooled,1,0.9991980195045471,1,,,,
D2_00135,G_00796,en,E5x_pooled,1,0.9988075494766235,1,,,,
D2_00136,G_00797,en,E5x_pooled,1,0.9991850256919861,1,,,,
D2_00137,G_00798,en,E5x_pooled,1,0.9991067051887512,1,,,,
D2_00138,G_00799,en,E5x_pooled,1,0.9987961053848267,1,,,,
D2_00139,G_00800,en,E5x_pooled,1,0.9990099668502808,1,,,,
D2_00140,G_00801,en,E5x_pooled,1,0.999273955821991,1,,,,
D2_00141,G_00802,en,E5x_pooled,1,0.9992497563362122,1,,,,
D2_00142,G_00803,en,E5x_pooled,1,0.9985150694847107,1,,,,
D2_00143,G_00804,en,E5x_pooled,1,0.9991594552993774,1,,,,
D2_00144,G_00805,en,E5x_pooled,1,0.9991549253463745,1,,,,
D2_00145,G_00806,en,E5x_pooled,1,0.00044439834891818464,0,,,,
D2_00146,G_00807,en,E5x_pooled,1,0.9991397857666016,1,,,,
D2_00147,G_00808,en,E5x_pooled,1,0.9992830157279968,1,,,,
D2_00148,G_00809,en,E5x_pooled,1,0.9987447261810303,1,,,,
D2_00149,G_00810,en,E5x_pooled,1,0.999114453792572,1,,,,
D2_00150,G_00811,en,E5x_pooled,1,0.0005301529308781028,0,,,,
D2_00151,G_00812,en,E5x_pooled,1,0.9991993308067322,1,,,,
D2_00152,G_00813,en,E5x_pooled,1,0.9987471103668213,1,,,,
D2_00153,G_00814,en,E5x_pooled,1,0.9987205266952515,1,,,,
D2_00154,G_00815,en,E5x_pooled,1,0.9991784691810608,1,,,,
D2_00155,G_00816,en,E5x_pooled,1,0.9991074204444885,1,,,,
D2_00156,G_00817,en,E5x_pooled,1,0.0010581405367702246,0,,,,
D2_00157,G_00818,en,E5x_pooled,1,0.9990115165710449,1,,,,
D2_00158,G_00819,en,E5x_pooled,1,0.9992890357971191,1,,,,
D2_00159,G_00820,en,E5x_pooled,1,0.9989694356918335,1,,,,
D2_00160,G_00821,en,E5x_pooled,1,0.9936586022377014,1,,,,
D2_00161,G_00822,en,E5x_pooled,1,0.9989043474197388,1,,,,
D2_00162,G_00823,en,E5x_pooled,1,0.9989309906959534,1,,,,
D2_00163,G_00824,en,E5x_pooled,1,0.9924222826957703,1,,,,
D2_00164,G_00825,en,E5x_pooled,1,0.0007706122705712914,0,,,,
D2_00165,G_00826,en,E5x_pooled,1,0.9989728927612305,1,,,,
D2_00166,G_00827,en,E5x_pooled,1,0.00046710314927622676,0,,,,
D2_00167,G_00828,en,E5x_pooled,1,0.4191431403160095,1,,,,
D2_00168,G_00829,en,E5x_pooled,1,0.9990397095680237,1,,,,
D2_00169,G_00830,en,E5x_pooled,1,0.9989402890205383,1,,,,
D2_00170,G_00831,en,E5x_pooled,1,0.9991810917854309,1,,,,
D2_00171,G_00832,en,E5x_pooled,1,0.9991907477378845,1,,,,
D2_00172,G_00833,en,E5x_pooled,1,0.999123752117157,1,,,,
D2_00173,G_00834,en,E5x_pooled,1,0.9993318915367126,1,,,,
D2_00174,G_00835,en,E5x_pooled,1,0.9991160035133362,1,,,,
D2_00175,G_00836,en,E5x_pooled,1,0.9992390871047974,1,,,,
D2_00176,G_00837,en,E5x_pooled,1,0.9990358352661133,1,,,,
D2_00177,G_00838,en,E5x_pooled,1,0.9989803433418274,1,,,,
D2_00178,G_00839,en,E5x_pooled,1,0.9991993308067322,1,,,,
D2_00179,G_00840,en,E5x_pooled,1,0.9990271329879761,1,,,,
D2_00180,G_00841,en,E5x_pooled,1,0.999142050743103,1,,,,
D2_00181,G_00842,en,E5x_pooled,1,0.9966603517532349,1,,,,
D2_00182,G_00843,en,E5x_pooled,1,0.9978985786437988,1,,,,
D2_00183,G_00844,en,E5x_pooled,1,0.9989494681358337,1,,,,
D2_00184,G_00790,en,E5x_pooled,1,0.9977537989616394,1,,,,
D2_00185,G_00846,en,E5x_pooled,1,0.9992135763168335,1,,,,
D2_00186,G_00847,en,E5x_pooled,1,0.9992188215255737,1,,,,
D2_00187,G_00848,en,E5x_pooled,1,0.9991975426673889,1,,,,
D2_00188,G_00849,en,E5x_pooled,1,0.9993208646774292,1,,,,
D2_00189,G_00850,en,E5x_pooled,1,0.9982495903968811,1,,,,
D2_00190,G_00851,en,E5x_pooled,1,0.9989948868751526,1,,,,
D2_00191,G_00852,en,E5x_pooled,1,0.9990512728691101,1,,,,
D2_00192,G_00853,en,E5x_pooled,1,0.9421206116676331,1,,,,
D2_00193,G_00854,en,E5x_pooled,1,0.9991137385368347,1,,,,
D2_00194,G_00855,en,E5x_pooled,1,0.999268114566803,1,,,,
D2_00195,G_00856,en,E5x_pooled,1,0.999077320098877,1,,,,
D2_00196,G_00857,en,E5x_pooled,1,0.9977104663848877,1,,,,
D2_00197,G_00858,en,E5x_pooled,1,0.9991493225097656,1,,,,
D2_00198,G_00859,en,E5x_pooled,1,0.9993200302124023,1,,,,
D2_00199,G_00860,en,E5x_pooled,1,0.9991782307624817,1,,,,
D2_00200,G_00861,en,E5x_pooled,1,0.9992326498031616,1,,,,
D2_00201,G_00862,en,E5x_pooled,1,0.9441297650337219,1,,,,
D2_00202,G_00863,en,E5x_pooled,1,0.9964063763618469,1,,,,
D2_00203,G_00864,en,E5x_pooled,1,0.9991176724433899,1,,,,
D2_00204,G_00865,en,E5x_pooled,1,0.5311076641082764,1,,,,
D2_00205,G_00866,en,E5x_pooled,1,0.9990087151527405,1,,,,
D2_00206,G_00867,en,E5x_pooled,1,0.9989211559295654,1,,,,
D2_00207,G_00868,en,E5x_pooled,1,0.998358428478241,1,,,,
D2_00208,G_00869,en,E5x_pooled,1,0.9990837574005127,1,,,,
D2_00209,G_00870,en,E5x_pooled,1,0.999011754989624,1,,,,
D2_00210,G_00871,en,E5x_pooled,1,0.991685688495636,1,,,,
D2_00211,G_00872,en,E5x_pooled,1,0.9975748658180237,1,,,,
D2_00212,G_00873,en,E5x_pooled,1,0.9992092251777649,1,,,,
D2_00213,G_00874,en,E5x_pooled,1,0.9980608820915222,1,,,,
D2_00214,G_00875,en,E5x_pooled,1,0.998908519744873,1,,,,
D2_00215,G_00876,en,E5x_pooled,1,0.9992623925209045,1,,,,
D2_00216,G_00877,en,E5x_pooled,1,0.999263346195221,1,,,,
D2_00217,G_00878,en,E5x_pooled,1,0.9993090629577637,1,,,,
D2_00218,G_00879,en,E5x_pooled,1,0.9984551668167114,1,,,,
D2_00219,G_00880,en,E5x_pooled,1,0.9992721676826477,1,,,,
D2_00220,G_00881,en,E5x_pooled,1,0.9991934895515442,1,,,,
D2_00221,G_00882,en,E5x_pooled,1,0.9976767897605896,1,,,,
D2_00222,G_00883,en,E5x_pooled,1,0.9992436170578003,1,,,,
D2_00223,G_00884,en,E5x_pooled,1,0.9992351531982422,1,,,,
D2_00224,G_00885,en,E5x_pooled,1,0.9981051683425903,1,,,,
D2_00225,G_00886,en,E5x_pooled,1,0.9992928504943848,1,,,,
D2_00226,G_00887,en,E5x_pooled,1,0.9989851117134094,1,,,,
D2_00227,G_00888,en,E5x_pooled,1,0.999250590801239,1,,,,
D2_00228,G_00889,en,E5x_pooled,1,0.9988478422164917,1,,,,
D2_00229,G_00890,en,E5x_pooled,1,0.999180018901825,1,,,,
D2_00230,G_00891,en,E5x_pooled,1,0.9991472959518433,1,,,,
D2_00231,G_00892,en,E5x_pooled,1,0.9990251064300537,1,,,,
D2_00232,G_00893,en,E5x_pooled,1,0.9990277290344238,1,,,,
D2_00233,G_00894,en,E5x_pooled,1,0.999045193195343,1,,,,
D2_00234,G_00895,en,E5x_pooled,1,0.9964575171470642,1,,,,
D2_00235,G_00896,en,E5x_pooled,1,0.9990058541297913,1,,,,
D2_00236,G_00897,en,E5x_pooled,1,0.999351441860199,1,,,,
D2_00237,G_00898,en,E5x_pooled,1,0.9983072280883789,1,,,,
D2_00238,G_00899,en,E5x_pooled,1,0.9990529417991638,1,,,,
D2_00239,G_00900,en,E5x_pooled,1,0.99894779920578,1,,,,
D2_00240,G_00901,en,E5x_pooled,1,0.9984130859375,1,,,,
D2_00241,G_00902,en,E5x_pooled,1,0.999099850654602,1,,,,
D2_00242,G_00903,en,E5x_pooled,1,0.9693705439567566,1,,,,
D2_00243,G_00904,en,E5x_pooled,1,0.9993195533752441,1,,,,
D2_00244,G_00905,en,E5x_pooled,1,0.9991816878318787,1,,,,
D2_00245,G_00906,en,E5x_pooled,1,0.9991611242294312,1,,,,
D2_00246,G_00907,en,E5x_pooled,1,0.0004889600095339119,0,,,,
D2_00247,G_00908,en,E5x_pooled,1,0.9872532486915588,1,,,,
D2_00248,G_00909,en,E5x_pooled,1,0.999267041683197,1,,,,
D2_00249,G_00910,en,E5x_pooled,1,0.9992167949676514,1,,,,
D2_00250,G_00911,en,E5x_pooled,1,0.998534083366394,1,,,,
D2_00251,G_00912,en,E5x_pooled,1,0.9992807507514954,1,,,,
D2_00252,G_00913,en,E5x_pooled,1,0.998703122138977,1,,,,
D2_00253,G_00914,en,E5x_pooled,1,0.9986687898635864,1,,,,
D2_00254,G_00915,en,E5x_pooled,1,0.9987136125564575,1,,,,
D2_00255,G_00916,en,E5x_pooled,1,0.0008271454134956002,0,,,,
D2_00256,G_00917,en,E5x_pooled,1,0.9986074566841125,1,,,,
D2_00257,G_00918,en,E5x_pooled,1,0.9986987113952637,1,,,,
D2_00258,G_00919,en,E5x_pooled,1,0.9972586631774902,1,,,,
D2_00259,G_00920,en,E5x_pooled,1,0.9992601275444031,1,,,,
D2_00260,G_00921,en,E5x_pooled,1,0.9992407560348511,1,,,,
D2_00261,G_00922,en,E5x_pooled,1,0.9984164237976074,1,,,,
D2_00262,G_00923,en,E5x_pooled,1,0.9992757439613342,1,,,,
D2_00263,G_00924,en,E5x_pooled,1,0.9932969212532043,1,,,,
D2_00264,G_00925,en,E5x_pooled,1,0.9989211559295654,1,,,,
D2_00265,G_00926,en,E5x_pooled,1,0.9985979199409485,1,,,,
D2_00266,G_00927,en,E5x_pooled,1,0.9991275668144226,1,,,,
D2_00267,G_00928,en,E5x_pooled,1,0.9992638230323792,1,,,,
D2_00268,G_00929,en,E5x_pooled,1,0.9961128234863281,1,,,,
D2_00269,G_00930,en,E5x_pooled,1,0.999186098575592,1,,,,
D2_00270,G_00931,en,E5x_pooled,1,0.0005749034462496638,0,,,,
D2_00271,G_00932,en,E5x_pooled,1,0.9992190599441528,1,,,,
D2_00272,G_00933,en,E5x_pooled,1,0.9989792108535767,1,,,,
D2_00273,G_00934,en,E5x_pooled,1,0.9988297820091248,1,,,,
D2_00274,G_00935,en,E5x_pooled,1,0.0008403239189647138,0,,,,
D2_00275,G_00936,en,E5x_pooled,1,0.9986429810523987,1,,,,
D2_00276,G_00937,en,E5x_pooled,1,0.999242901802063,1,,,,
D2_00277,G_00938,en,E5x_pooled,1,0.9988117218017578,1,,,,
D2_00278,G_00939,en,E5x_pooled,1,0.9993340373039246,1,,,,
D2_00279,G_00940,en,E5x_pooled,1,0.9992071986198425,1,,,,
D2_00280,G_00941,en,E5x_pooled,1,0.9993125200271606,1,,,,
D2_00281,G_00942,en,E5x_pooled,1,0.9988704323768616,1,,,,
D2_00282,G_00943,en,E5x_pooled,1,0.9992727637290955,1,,,,
D2_00283,G_00944,en,E5x_pooled,1,0.9974778294563293,1,,,,
D2_00284,G_00945,en,E5x_pooled,1,0.9991631507873535,1,,,,
D2_00285,G_00946,en,E5x_pooled,1,0.9987071752548218,1,,,,
D2_00286,G_00947,en,E5x_pooled,1,0.9990127086639404,1,,,,
D2_00287,G_00948,en,E5x_pooled,1,0.9988658428192139,1,,,,
D2_00288,G_00949,en,E5x_pooled,1,0.999152660369873,1,,,,
D2_00289,G_00950,en,E5x_pooled,1,0.9983186721801758,1,,,,
D2_00290,G_00951,en,E5x_pooled,1,0.9987140893936157,1,,,,
D2_00291,G_00952,en,E5x_pooled,1,0.998904824256897,1,,,,
D2_00292,G_00953,en,E5x_pooled,1,0.9987770915031433,1,,,,
D2_00293,G_00954,en,E5x_pooled,1,0.9992375373840332,1,,,,
D2_00294,G_00955,en,E5x_pooled,1,0.9992403984069824,1,,,,
D2_00295,G_00956,en,E5x_pooled,1,0.9966843724250793,1,,,,
D2_00296,G_00957,en,E5x_pooled,1,0.9990411400794983,1,,,,
D2_00297,G_00958,en,E5x_pooled,1,0.0004610875912476331,0,,,,
D2_00298,G_00959,en,E5x_pooled,1,0.9992793202400208,1,,,,
D2_00299,G_00960,en,E5x_pooled,1,0.9982452392578125,1,,,,
D2_00300,G_00961,en,E5x_pooled,1,0.9993093013763428,1,,,,
D2_00301,G_00962,en,E5x_pooled,1,0.00044310817611403763,0,,,,
D2_00302,G_00963,en,E5x_pooled,1,0.9986374974250793,1,,,,
D2_00303,G_00964,en,E5x_pooled,1,0.9992965459823608,1,,,,
D2_00304,G_00965,en,E5x_pooled,1,0.9990822076797485,1,,,,
D2_00305,G_00966,en,E5x_pooled,1,0.9991687536239624,1,,,,
D2_00306,G_00967,en,E5x_pooled,1,0.028756607323884964,0,,,,
D2_00307,G_00968,en,E5x_pooled,1,0.9991982579231262,1,,,,
D2_00308,G_00969,en,E5x_pooled,1,0.9943351149559021,1,,,,
D2_00309,G_00970,en,E5x_pooled,1,0.0004561075766105205,0,,,,
D2_00310,G_00971,en,E5x_pooled,1,0.9991138577461243,1,,,,
D2_00311,G_00972,en,E5x_pooled,1,0.9992559552192688,1,,,,
D2_00312,G_00973,en,E5x_pooled,1,0.9991047978401184,1,,,,
D2_00313,G_00974,en,E5x_pooled,1,0.999259889125824,1,,,,
D2_00314,G_00975,en,E5x_pooled,1,0.9992972612380981,1,,,,
D2_00315,G_00976,en,E5x_pooled,1,0.9990847110748291,1,,,,
D2_00316,G_00977,en,E5x_pooled,1,0.9814733862876892,1,,,,
D2_00317,G_00978,en,E5x_pooled,1,0.9990819692611694,1,,,,
D2_00318,G_00979,en,E5x_pooled,1,0.9991316199302673,1,,,,
D2_00319,G_00980,en,E5x_pooled,1,0.9992438554763794,1,,,,
D2_00320,G_00981,en,E5x_pooled,1,0.9991642236709595,1,,,,
D2_00321,G_00982,en,E5x_pooled,1,0.9990076422691345,1,,,,
D2_00322,G_00983,en,E5x_pooled,1,0.9988780617713928,1,,,,
D2_00323,G_00984,en,E5x_pooled,1,0.9988736510276794,1,,,,
D2_00324,G_00985,en,E5x_pooled,1,0.9991315007209778,1,,,,
D2_00325,G_00986,en,E5x_pooled,1,0.9984073042869568,1,,,,
D2_00326,G_00987,en,E5x_pooled,1,0.9991911053657532,1,,,,
D2_00327,G_00988,en,E5x_pooled,1,0.9989902377128601,1,,,,
D2_00328,G_00989,en,E5x_pooled,1,0.9992706179618835,1,,,,
D2_00329,G_00990,en,E5x_pooled,1,0.9982390403747559,1,,,,
D2_00330,G_00991,en,E5x_pooled,1,0.9989410042762756,1,,,,
D2_00331,G_00992,en,E5x_pooled,1,0.9984318614006042,1,,,,
D2_00332,G_00993,en,E5x_pooled,1,0.9992745518684387,1,,,,
D2_00333,G_00994,en,E5x_pooled,1,0.9948322772979736,1,,,,
D2_00334,G_00995,en,E5x_pooled,1,0.99921715259552,1,,,,
D2_00335,G_00996,en,E5x_pooled,1,0.9988143444061279,1,,,,
D2_00336,G_00997,en,E5x_pooled,1,0.9990218877792358,1,,,,
D2_00337,G_00998,en,E5x_pooled,1,0.9990149736404419,1,,,,
D2_00338,G_00999,en,E5x_pooled,1,0.99887615442276,1,,,,
D2_00339,G_01000,en,E5x_pooled,1,0.9985798597335815,1,,,,
D2_00340,G_01001,en,E5x_pooled,1,0.9983456134796143,1,,,,
D2_00341,G_01002,en,E5x_pooled,1,0.9992511868476868,1,,,,
D2_00342,G_01003,en,E5x_pooled,1,0.9992244243621826,1,,,,
D2_00343,G_01004,en,E5x_pooled,1,0.9916338920593262,1,,,,
D2_00344,G_01005,en,E5x_pooled,1,0.9990277290344238,1,,,,
D2_00345,G_01006,en,E5x_pooled,1,0.9992951154708862,1,,,,
D2_00346,G_01007,en,E5x_pooled,1,0.9990838766098022,1,,,,
D2_00347,G_01008,en,E5x_pooled,1,0.9991402626037598,1,,,,
D2_00348,G_01009,en,E5x_pooled,1,0.9989219903945923,1,,,,
D2_00349,G_01010,en,E5x_pooled,1,0.9991487264633179,1,,,,
D2_00350,G_01011,en,E5x_pooled,1,0.9988440275192261,1,,,,
D2_00351,G_01012,en,E5x_pooled,1,0.9993215799331665,1,,,,
D2_00352,G_01013,en,E5x_pooled,1,0.9989544153213501,1,,,,
D2_00353,G_01014,en,E5x_pooled,1,0.9991025924682617,1,,,,
D2_00354,G_01015,en,E5x_pooled,1,0.9990836381912231,1,,,,
D2_00355,G_01016,en,E5x_pooled,1,0.998818576335907,1,,,,
D2_00356,G_01017,en,E5x_pooled,1,0.9777740240097046,1,,,,
D2_00357,G_01018,en,E5x_pooled,1,0.9970287680625916,1,,,,
D2_00358,G_01019,en,E5x_pooled,1,0.0006234834436327219,0,,,,
D2_00359,G_01020,en,E5x_pooled,1,0.999116837978363,1,,,,
D2_00360,G_01021,en,E5x_pooled,1,0.9888284206390381,1,,,,
D2_00361,G_01022,en,E5x_pooled,1,0.9990488886833191,1,,,,
D2_00362,G_01023,en,E5x_pooled,1,0.9993032217025757,1,,,,
D2_00363,G_01024,en,E5x_pooled,1,0.9987425208091736,1,,,,
D2_00364,G_01025,en,E5x_pooled,1,0.001228907029144466,0,,,,
D2_00365,G_01026,en,E5x_pooled,1,0.9990623593330383,1,,,,
D2_00366,G_01027,en,E5x_pooled,1,0.9989402890205383,1,,,,
D2_00367,G_01028,en,E5x_pooled,1,0.9990847110748291,1,,,,
D2_00368,G_01029,en,E5x_pooled,1,0.998836100101471,1,,,,
D2_00369,G_01030,en,E5x_pooled,1,0.9992150068283081,1,,,,
D2_00370,G_01031,en,E5x_pooled,1,0.9962393045425415,1,,,,
D2_00371,G_01032,en,E5x_pooled,1,0.999277651309967,1,,,,
D2_00372,G_01033,en,E5x_pooled,1,0.9984183311462402,1,,,,
D2_00373,G_01034,en,E5x_pooled,1,0.9991047978401184,1,,,,
D2_00374,G_01035,en,E5x_pooled,1,0.00044894832535646856,0,,,,
D2_00375,G_01036,en,E5x_pooled,1,0.9989192485809326,1,,,,
D2_00376,G_01037,en,E5x_pooled,1,0.9991983771324158,1,,,,
D2_00377,G_01038,en,E5x_pooled,1,0.9989126920700073,1,,,,
D2_00378,G_01039,en,E5x_pooled,1,0.9956141710281372,1,,,,
D2_00379,G_01040,en,E5x_pooled,1,0.9990768432617188,1,,,,
D2_00380,G_01041,en,E5x_pooled,1,0.9992245435714722,1,,,,
D2_00381,G_01042,en,E5x_pooled,1,0.9978446960449219,1,,,,
D2_00382,G_01043,en,E5x_pooled,1,0.9992795586585999,1,,,,
D2_00383,G_01044,en,E5x_pooled,1,0.00045637483708560467,0,,,,
D2_00384,G_01045,en,E5x_pooled,1,0.9989344477653503,1,,,,
D2_00385,G_01046,en,E5x_pooled,1,0.00044302226160652936,0,,,,
D2_00386,G_01047,en,E5x_pooled,1,0.0004574981867335737,0,,,,
D2_00387,G_01048,en,E5x_pooled,1,0.9991639852523804,1,,,,
D2_00388,G_01049,en,E5x_pooled,1,0.9991744160652161,1,,,,
D2_00389,G_01050,en,E5x_pooled,1,0.999288022518158,1,,,,
D2_00390,G_01051,en,E5x_pooled,1,0.9990860223770142,1,,,,
D2_00391,G_01052,en,E5x_pooled,1,0.9990399479866028,1,,,,
D2_00392,G_01053,en,E5x_pooled,1,0.9991446733474731,1,,,,
D2_00393,G_01054,en,E5x_pooled,1,0.9992178678512573,1,,,,
D2_00394,G_01055,en,E5x_pooled,1,0.9993487000465393,1,,,,
D2_00395,G_01056,en,E5x_pooled,1,0.00044144998537376523,0,,,,
D2_00396,G_01057,en,E5x_pooled,1,0.9992050528526306,1,,,,
D2_00397,G_01058,en,E5x_pooled,1,0.9986129999160767,1,,,,
D2_00398,G_01059,en,E5x_pooled,1,0.9988981485366821,1,,,,
D2_00399,G_01060,en,E5x_pooled,1,0.9989120960235596,1,,,,
D2_00400,G_01061,en,E5x_pooled,1,0.9987295269966125,1,,,,
D2_00401,G_01062,en,E5x_pooled,1,0.9942060708999634,1,,,,
D2_00402,G_01063,en,E5x_pooled,1,0.0005639266455546021,0,,,,
D2_00403,G_01064,en,E5x_pooled,1,0.9400613307952881,1,,,,
D2_00404,G_01065,en,E5x_pooled,1,0.9985162615776062,1,,,,
D2_00405,G_01066,en,E5x_pooled,1,0.9987820982933044,1,,,,
D2_00406,G_01067,en,E5x_pooled,1,0.9948549270629883,1,,,,
D2_00407,G_01068,en,E5x_pooled,1,0.9992793202400208,1,,,,
D2_00408,G_01069,en,E5x_pooled,1,0.9976339340209961,1,,,,
D2_00409,G_01070,en,E5x_pooled,1,0.9987635612487793,1,,,,
D2_00410,G_01071,en,E5x_pooled,1,0.9992185831069946,1,,,,
D2_00411,G_01072,en,E5x_pooled,1,0.9992672801017761,1,,,,
D2_00412,G_01073,en,E5x_pooled,1,0.9985249638557434,1,,,,
D2_00413,G_01074,en,E5x_pooled,1,0.9992647767066956,1,,,,
D2_00414,G_01075,en,E5x_pooled,1,0.0193929523229599,0,,,,
D2_00415,G_01076,en,E5x_pooled,1,0.9985918402671814,1,,,,
D2_00416,G_00711,en,E5x_pooled,1,0.9988804459571838,1,,,,
D2_00417,G_01078,en,E5x_pooled,1,0.9988394379615784,1,,,,
D2_00418,G_01079,en,E5x_pooled,1,0.9993199110031128,1,,,,
D2_00419,G_01080,en,E5x_pooled,1,0.9851256608963013,1,,,,
D2_00420,G_01081,en,E5x_pooled,1,0.0004420479526743293,0,,,,
D2_00421,G_01082,en,E5x_pooled,1,0.9988699555397034,1,,,,
D2_00422,G_01083,en,E5x_pooled,1,0.9991746544837952,1,,,,
D2_00423,G_01084,en,E5x_pooled,1,0.998842179775238,1,,,,
D2_00424,G_01085,en,E5x_pooled,1,0.0008376277983188629,0,,,,
D2_00425,G_01086,en,E5x_pooled,1,0.9933499693870544,1,,,,
D2_00426,G_01087,en,E5x_pooled,1,0.9990872144699097,1,,,,
D2_00427,G_01088,en,E5x_pooled,1,0.997044026851654,1,,,,
D2_00428,G_01089,en,E5x_pooled,1,0.9645663499832153,1,,,,
D2_00429,G_01090,en,E5x_pooled,1,0.9938783049583435,1,,,,
D2_00430,G_01091,en,E5x_pooled,1,0.9991356730461121,1,,,,
D2_00431,G_01092,en,E5x_pooled,1,0.9991031885147095,1,,,,
D2_00432,G_01093,en,E5x_pooled,1,0.9992037415504456,1,,,,
D2_00433,G_01094,en,E5x_pooled,1,0.9989917874336243,1,,,,
D2_00434,G_01095,en,E5x_pooled,1,0.9956101775169373,1,,,,
D2_00435,G_01096,en,E5x_pooled,1,0.0009486484923399985,0,,,,
D2_00436,G_01097,en,E5x_pooled,1,0.9986352324485779,1,,,,
D2_00437,G_01098,en,E5x_pooled,1,0.9829460382461548,1,,,,
D2_00438,G_01099,en,E5x_pooled,1,0.9992413520812988,1,,,,
D2_00439,G_01100,en,E5x_pooled,1,0.9990729093551636,1,,,,
D2_00440,G_01101,en,E5x_pooled,1,0.9990823268890381,1,,,,
D2_00441,G_01102,en,E5x_pooled,1,0.9989519119262695,1,,,,
D2_00442,G_01103,en,E5x_pooled,1,0.9988341927528381,1,,,,
D2_00443,G_01104,en,E5x_pooled,1,0.9827749133110046,1,,,,
D2_00444,G_01105,en,E5x_pooled,1,0.9990580677986145,1,,,,
D2_00445,G_01106,en,E5x_pooled,1,0.9990849494934082,1,,,,
D2_00446,G_01107,en,E5x_pooled,1,0.9966114163398743,1,,,,
D2_00447,G_01108,en,E5x_pooled,1,0.998566210269928,1,,,,
D2_00448,G_01109,en,E5x_pooled,1,0.9973721504211426,1,,,,
D2_00449,G_01110,en,E5x_pooled,1,0.9990824460983276,1,,,,
D2_00450,G_01111,en,E5x_pooled,1,0.9982142448425293,1,,,,
D2_00451,G_01112,en,E5x_pooled,1,0.9989379048347473,1,,,,
D2_00452,G_01113,en,E5x_pooled,1,0.9991359114646912,1,,,,
D2_00453,G_01114,en,E5x_pooled,1,0.9828959703445435,1,,,,
D2_00454,G_01115,en,E5x_pooled,1,0.9991850256919861,1,,,,
D2_00455,G_01116,en,E5x_pooled,1,0.998855710029602,1,,,,
D2_00456,G_01117,en,E5x_pooled,1,0.9975918531417847,1,,,,
D2_00457,G_01118,en,E5x_pooled,1,0.9976443648338318,1,,,,
D2_00458,G_01119,en,E5x_pooled,1,0.9989176988601685,1,,,,
D2_00459,G_01120,en,E5x_pooled,1,0.9992159605026245,1,,,,
D2_00460,G_01121,en,E5x_pooled,1,0.9991657733917236,1,,,,
D2_00461,G_01122,en,E5x_pooled,1,0.9993095397949219,1,,,,
D2_00462,G_01123,en,E5x_pooled,1,0.9990012049674988,1,,,,
D2_00463,G_01124,en,E5x_pooled,1,0.9984436631202698,1,,,,
D2_00464,G_01125,en,E5x_pooled,1,0.9980756044387817,1,,,,
D2_00465,G_01126,en,E5x_pooled,1,0.9990052580833435,1,,,,
D2_00466,G_01127,en,E5x_pooled,1,0.9992583394050598,1,,,,
D2_00467,G_01128,en,E5x_pooled,1,0.9990829229354858,1,,,,
D2_00468,G_01129,en,E5x_pooled,1,0.9991170763969421,1,,,,
D2_00469,G_01130,en,E5x_pooled,1,0.999114453792572,1,,,,
D2_00470,G_01131,en,E5x_pooled,1,0.9992961883544922,1,,,,
D2_00471,G_01132,en,E5x_pooled,1,0.00043548812391236424,0,,,,
D2_00472,G_01133,en,E5x_pooled,1,0.9979986548423767,1,,,,
D2_00473,G_01134,en,E5x_pooled,1,0.00046408738126046956,0,,,,
D2_00474,G_01135,en,E5x_pooled,1,0.9992939233779907,1,,,,
D2_00475,G_01136,en,E5x_pooled,1,0.9991324543952942,1,,,,
D2_00476,G_01137,en,E5x_pooled,1,0.9991371035575867,1,,,,
D2_00477,G_01138,en,E5x_pooled,1,0.999234676361084,1,,,,
D2_00478,G_01139,en,E5x_pooled,1,0.9992338418960571,1,,,,
D2_00479,G_01140,en,E5x_pooled,1,0.9992327690124512,1,,,,
D2_00480,G_01141,en,E5x_pooled,1,0.9991207718849182,1,,,,
D2_00481,G_01142,en,E5x_pooled,1,0.9990235567092896,1,,,,
D2_00482,G_01143,en,E5x_pooled,1,0.9990823268890381,1,,,,
D2_00483,G_01144,en,E5x_pooled,1,0.9992766976356506,1,,,,
D2_00484,G_01145,en,E5x_pooled,1,0.9990611672401428,1,,,,
D2_00485,G_01146,en,E5x_pooled,1,0.9821808338165283,1,,,,
D2_00486,G_01147,en,E5x_pooled,1,0.997931718826294,1,,,,
D2_00487,G_01148,en,E5x_pooled,1,0.998360812664032,1,,,,
D2_00488,G_01149,en,E5x_pooled,1,0.999201238155365,1,,,,
D2_00489,G_01150,en,E5x_pooled,1,0.9993607401847839,1,,,,
D2_00490,G_01151,en,E5x_pooled,1,0.09436207264661789,0,,,,
D2_00491,G_01152,en,E5x_pooled,1,0.9992324113845825,1,,,,
D2_00492,G_01153,en,E5x_pooled,1,0.999244213104248,1,,,,
D2_00493,G_01154,en,E5x_pooled,1,0.9989975094795227,1,,,,
D2_00494,G_01155,en,E5x_pooled,1,0.998593270778656,1,,,,
D2_00495,G_01156,en,E5x_pooled,1,0.999041736125946,1,,,,
D2_00496,G_01157,en,E5x_pooled,1,0.9992017149925232,1,,,,
D2_00497,G_01158,en,E5x_pooled,1,0.99930739402771,1,,,,
D2_00498,G_01159,en,E5x_pooled,1,0.9990027546882629,1,,,,
D2_00499,G_01160,en,E5x_pooled,1,0.9990618824958801,1,,,,
D2_00500,G_01161,en,E5x_pooled,1,0.99076908826828,1,,,,
D2_00501,G_01162,en,E5x_pooled,1,0.9990116357803345,1,,,,
D2_00502,G_01163,en,E5x_pooled,1,0.998975396156311,1,,,,
D2_00503,G_01164,en,E5x_pooled,1,0.999277651309967,1,,,,
D2_00504,G_01165,en,E5x_pooled,1,0.9979737401008606,1,,,,
D2_00505,G_01166,en,E5x_pooled,1,0.9993151426315308,1,,,,
D2_00506,G_01167,en,E5x_pooled,1,0.0007591118919663131,0,,,,
D2_00507,G_01168,en,E5x_pooled,1,0.9982438087463379,1,,,,
D2_00508,G_01169,en,E5x_pooled,1,0.999173104763031,1,,,,
D2_00509,G_01170,en,E5x_pooled,1,0.9993441700935364,1,,,,
D2_00510,G_01171,en,E5x_pooled,1,0.9990885257720947,1,,,,
D2_00511,G_01172,en,E5x_pooled,1,0.9985419511795044,1,,,,
D2_00512,G_01173,en,E5x_pooled,1,0.9993100166320801,1,,,,
D2_00513,G_01174,en,E5x_pooled,1,0.9993078708648682,1,,,,
D2_00514,G_01175,en,E5x_pooled,1,0.9989633560180664,1,,,,
D2_00515,G_01176,en,E5x_pooled,1,0.9984747767448425,1,,,,
D2_00516,G_01177,en,E5x_pooled,1,0.999131977558136,1,,,,
D2_00517,G_01178,en,E5x_pooled,1,0.9991974234580994,1,,,,
D2_00518,G_01179,en,E5x_pooled,1,0.9986795783042908,1,,,,
D2_00519,G_01180,en,E5x_pooled,1,0.999278724193573,1,,,,
D2_00520,G_01181,en,E5x_pooled,1,0.9990056157112122,1,,,,
D2_00521,G_01182,en,E5x_pooled,1,0.9991545677185059,1,,,,
D2_00522,G_01183,en,E5x_pooled,1,0.9988872408866882,1,,,,
D2_00523,G_01184,en,E5x_pooled,1,0.996088981628418,1,,,,
D2_00524,G_01185,en,E5x_pooled,1,0.9992493987083435,1,,,,
D2_00525,G_01186,en,E5x_pooled,1,0.9988716244697571,1,,,,
D2_00526,G_01187,en,E5x_pooled,1,0.9991844296455383,1,,,,
D2_00527,G_01188,en,E5x_pooled,1,0.9982590079307556,1,,,,
D2_00528,G_01189,en,E5x_pooled,1,0.9991528987884521,1,,,,
D2_00529,G_01190,en,E5x_pooled,1,0.9915174841880798,1,,,,
D2_00530,G_01191,en,E5x_pooled,1,0.9989619255065918,1,,,,
D2_00531,G_01192,en,E5x_pooled,1,0.9989736080169678,1,,,,
D2_00532,G_01193,en,E5x_pooled,1,0.9982357025146484,1,,,,
D2_00533,G_01194,en,E5x_pooled,1,0.9989456534385681,1,,,,
D2_00534,G_01195,en,E5x_pooled,1,0.9988294243812561,1,,,,
D2_00535,G_01196,en,E5x_pooled,1,0.9987803101539612,1,,,,
D2_00536,G_01197,en,E5x_pooled,1,0.9992375373840332,1,,,,
D2_00537,G_01198,en,E5x_pooled,1,0.9984539747238159,1,,,,
D2_00538,G_01199,en,E5x_pooled,1,0.9991891980171204,1,,,,
D2_00539,G_01200,en,E5x_pooled,1,0.9991638660430908,1,,,,
D2_00540,G_01201,en,E5x_pooled,1,0.0006568991811946034,0,,,,
D2_00541,G_01202,en,E5x_pooled,1,0.9992623925209045,1,,,,
D2_00542,G_01203,en,E5x_pooled,1,0.9986559152603149,1,,,,
D2_00543,G_01204,en,E5x_pooled,1,0.9982339143753052,1,,,,
D2_00544,G_01205,en,E5x_pooled,1,0.9993113279342651,1,,,,
D2_00545,G_01206,en,E5x_pooled,1,0.0004956393968313932,0,,,,
D2_00546,G_01207,en,E5x_pooled,1,0.9991752505302429,1,,,,
D2_00547,G_01208,en,E5x_pooled,1,0.9983899593353271,1,,,,
D2_00548,G_01209,en,E5x_pooled,1,0.9991528987884521,1,,,,
D2_00549,G_01210,en,E5x_pooled,1,0.9992374181747437,1,,,,
D2_00550,G_01211,en,E5x_pooled,1,0.0009151999838650227,0,,,,
D2_00551,G_01212,en,E5x_pooled,1,0.9991728663444519,1,,,,
D2_00552,G_01213,en,E5x_pooled,1,0.0029989515896886587,0,,,,
D2_00553,G_01214,en,E5x_pooled,1,0.9992770552635193,1,,,,
D2_00554,G_01215,en,E5x_pooled,1,0.9990262985229492,1,,,,
D2_00555,G_01216,en,E5x_pooled,1,0.9992434978485107,1,,,,
D2_00556,G_01217,en,E5x_pooled,1,0.9988481998443604,1,,,,
D2_00557,G_01218,en,E5x_pooled,1,0.9988195300102234,1,,,,
D2_00558,G_01219,en,E5x_pooled,1,0.9991137385368347,1,,,,
D2_00559,G_01220,en,E5x_pooled,1,0.9992780089378357,1,,,,
D2_00560,G_01221,en,E5x_pooled,1,0.998621940612793,1,,,,
D2_00561,G_01222,en,E5x_pooled,1,0.9971478581428528,1,,,,
D2_00562,G_01223,en,E5x_pooled,1,0.9992313385009766,1,,,,
D2_00563,G_01224,en,E5x_pooled,1,0.9973670840263367,1,,,,
D2_00564,G_01225,en,E5x_pooled,1,0.998955249786377,1,,,,
D2_00565,G_01226,en,E5x_pooled,1,0.9987899661064148,1,,,,
D2_00566,G_01227,en,E5x_pooled,1,0.9990059733390808,1,,,,
D2_00567,G_01228,en,E5x_pooled,1,0.9992002844810486,1,,,,
D2_00568,G_01229,en,E5x_pooled,1,0.9988757967948914,1,,,,
D2_00569,G_01230,en,E5x_pooled,1,0.999144434928894,1,,,,
D2_00570,G_01231,en,E5x_pooled,1,0.999201238155365,1,,,,
D2_00571,G_01232,en,E5x_pooled,1,0.0008406790439039469,0,,,,
D2_00572,G_01233,en,E5x_pooled,1,0.9989010095596313,1,,,,
D2_00573,G_01234,en,E5x_pooled,1,0.9991699457168579,1,,,,
D2_00574,G_01235,en,E5x_pooled,1,0.9993139505386353,1,,,,
D2_00575,G_01236,en,E5x_pooled,1,0.9991660118103027,1,,,,
D2_00576,G_01237,en,E5x_pooled,1,0.998349666595459,1,,,,
D2_00577,G_01238,en,E5x_pooled,1,0.9950439929962158,1,,,,
D2_00578,G_01239,en,E5x_pooled,1,0.9993202686309814,1,,,,
D2_00579,G_01240,en,E5x_pooled,1,0.9991950392723083,1,,,,
D2_00580,G_01241,en,E5x_pooled,1,0.9989044666290283,1,,,,
D2_00581,G_01242,en,E5x_pooled,1,0.9989219903945923,1,,,,
D2_00582,G_01243,en,E5x_pooled,1,0.9992522597312927,1,,,,
D2_00583,G_01244,en,E5x_pooled,1,0.9990783929824829,1,,,,
D2_00584,G_01245,en,E5x_pooled,1,0.9989264607429504,1,,,,
D2_00585,G_01246,en,E5x_pooled,1,0.9992560744285583,1,,,,
D2_00586,G_01247,en,E5x_pooled,1,0.9955384135246277,1,,,,
D2_00587,G_01248,en,E5x_pooled,1,0.9992169141769409,1,,,,
D2_00588,G_01249,en,E5x_pooled,1,0.9990884065628052,1,,,,
D2_00589,G_01250,en,E5x_pooled,1,0.999258816242218,1,,,,
D2_00590,G_01251,en,E5x_pooled,1,0.999244213104248,1,,,,
D2_00591,G_01252,en,E5x_pooled,1,0.9949387311935425,1,,,,
D2_00592,G_01253,en,E5x_pooled,1,0.9924863576889038,1,,,,
D2_00593,G_01254,en,E5x_pooled,1,0.9991152882575989,1,,,,
D2_00594,G_01255,en,E5x_pooled,1,0.9992800354957581,1,,,,
D2_00595,G_01256,en,E5x_pooled,1,0.9979494214057922,1,,,,
D2_00596,G_01257,en,E5x_pooled,1,0.9991193413734436,1,,,,
D2_00597,G_01258,en,E5x_pooled,1,0.9990997314453125,1,,,,
D2_00598,G_01259,en,E5x_pooled,1,0.9990642666816711,1,,,,
D2_00599,G_01260,en,E5x_pooled,1,0.9991562366485596,1,,,,
D2_00600,G_01261,en,E5x_pooled,1,0.9990383386611938,1,,,,
D2_00601,G_01262,en,E5x_pooled,1,0.9988264441490173,1,,,,
D2_00602,G_01263,en,E5x_pooled,1,0.9990680813789368,1,,,,
D2_00603,G_01264,en,E5x_pooled,1,0.9990334510803223,1,,,,
D2_00604,G_01265,en,E5x_pooled,1,0.9992626309394836,1,,,,
D2_00605,G_01266,en,E5x_pooled,1,0.9991341233253479,1,,,,
D2_00606,G_01267,en,E5x_pooled,1,0.9992079138755798,1,,,,
D2_00607,G_01268,en,E5x_pooled,1,0.9990957975387573,1,,,,
D2_00608,G_01269,en,E5x_pooled,1,0.00046375926467590034,0,,,,
D2_00609,G_01270,en,E5x_pooled,1,0.0004889679257757962,0,,,,
D2_00610,G_01271,en,E5x_pooled,1,0.9992944002151489,1,,,,
D2_00611,G_01272,en,E5x_pooled,1,0.9949449896812439,1,,,,
D2_00612,G_01273,en,E5x_pooled,1,0.0004554159822873771,0,,,,
D2_00613,G_00870,en,E5x_pooled,1,0.9987257122993469,1,,,,
D2_00614,G_01275,en,E5x_pooled,1,0.9990904331207275,1,,,,
D2_00615,G_01276,en,E5x_pooled,1,0.9988586902618408,1,,,,
D2_00616,G_01277,en,E5x_pooled,1,0.998197615146637,1,,,,
D2_00617,G_01278,en,E5x_pooled,1,0.9993367791175842,1,,,,
D2_00618,G_01279,en,E5x_pooled,1,0.9992239475250244,1,,,,
D2_00619,G_01280,en,E5x_pooled,1,0.0007190192118287086,0,,,,
D2_00620,G_01281,en,E5x_pooled,1,0.999152421951294,1,,,,
D2_00621,G_01282,en,E5x_pooled,1,0.9980189800262451,1,,,,
D2_00622,G_01283,en,E5x_pooled,1,0.997554361820221,1,,,,
D2_00623,G_01284,en,E5x_pooled,1,0.9991050362586975,1,,,,
D2_00624,G_01285,en,E5x_pooled,1,0.9990429282188416,1,,,,
D2_00625,G_01286,en,E5x_pooled,1,0.9991148114204407,1,,,,
D2_00626,G_01287,en,E5x_pooled,1,0.9992930889129639,1,,,,
D2_00627,G_01288,en,E5x_pooled,1,0.9988215565681458,1,,,,
D2_00628,G_01289,en,E5x_pooled,1,0.9989808201789856,1,,,,
D2_00629,G_01290,en,E5x_pooled,1,0.9990862607955933,1,,,,
D2_00630,G_01291,en,E5x_pooled,1,0.9993126392364502,1,,,,
D2_00631,G_01292,en,E5x_pooled,1,0.9988207221031189,1,,,,
D2_00632,G_01293,en,E5x_pooled,1,0.9986169338226318,1,,,,
D2_00633,G_01294,en,E5x_pooled,1,0.9983788728713989,1,,,,
D2_00634,G_01295,en,E5x_pooled,1,0.9988409876823425,1,,,,
D2_00635,G_01296,en,E5x_pooled,1,0.0004577215586323291,0,,,,
D2_00636,G_01297,en,E5x_pooled,1,0.9990345239639282,1,,,,
D2_00637,G_01298,en,E5x_pooled,1,0.0005159498541615903,0,,,,
D2_00638,G_01299,en,E5x_pooled,1,0.9992486834526062,1,,,,
D2_00639,G_01300,en,E5x_pooled,1,0.9987183809280396,1,,,,
D2_00640,G_01301,en,E5x_pooled,1,0.9990530610084534,1,,,,
D2_00641,G_01302,en,E5x_pooled,1,0.9993348717689514,1,,,,
D2_00642,G_01303,en,E5x_pooled,1,0.9991525411605835,1,,,,
D2_00643,G_01304,en,E5x_pooled,1,0.9990505576133728,1,,,,
D2_00644,G_01305,en,E5x_pooled,1,0.999220609664917,1,,,,
D2_00645,G_01306,en,E5x_pooled,1,0.9993060827255249,1,,,,
D2_00646,G_01307,en,E5x_pooled,1,0.9377216100692749,1,,,,
D2_00647,G_01308,en,E5x_pooled,1,0.9984728693962097,1,,,,
D2_00648,G_01309,en,E5x_pooled,1,0.9992374181747437,1,,,,
D2_00649,G_01310,en,E5x_pooled,1,0.9993150234222412,1,,,,
D2_00650,G_01311,en,E5x_pooled,1,0.9992565512657166,1,,,,
D2_00651,G_01312,en,E5x_pooled,1,0.9992479681968689,1,,,,
D2_00652,G_01313,en,E5x_pooled,1,0.999177873134613,1,,,,
D2_00653,G_01314,en,E5x_pooled,1,0.9992985725402832,1,,,,
D2_00654,G_01315,en,E5x_pooled,1,0.9983332753181458,1,,,,
D2_00655,G_01316,en,E5x_pooled,1,0.9992538094520569,1,,,,
D2_00656,G_01317,en,E5x_pooled,1,0.9988822340965271,1,,,,
D2_00657,G_01318,en,E5x_pooled,1,0.9968786239624023,1,,,,
D2_00658,G_01319,en,E5x_pooled,1,0.9973258972167969,1,,,,
D2_00659,G_01320,en,E5x_pooled,1,0.9218870401382446,1,,,,
D2_00660,G_01321,en,E5x_pooled,1,0.3707186281681061,1,,,,
D2_00661,G_01322,en,E5x_pooled,1,0.9980236291885376,1,,,,
D2_00662,G_01323,en,E5x_pooled,1,0.9987646341323853,1,,,,
D2_00663,G_01324,en,E5x_pooled,1,0.998863697052002,1,,,,
D2_00664,G_01325,en,E5x_pooled,1,0.9992673993110657,1,,,,
D2_00665,G_01326,en,E5x_pooled,1,0.9991641044616699,1,,,,
D2_00666,G_01327,en,E5x_pooled,1,0.9992969036102295,1,,,,
D2_00667,G_01328,en,E5x_pooled,1,0.999175488948822,1,,,,
D2_00668,G_01329,en,E5x_pooled,1,0.9984448552131653,1,,,,
D2_00669,G_01330,en,E5x_pooled,1,0.9990776777267456,1,,,,
D2_00670,G_01331,en,E5x_pooled,1,0.9944726824760437,1,,,,
D2_00671,G_01332,en,E5x_pooled,1,0.9981525540351868,1,,,,
D2_00672,G_01333,en,E5x_pooled,1,0.9991466999053955,1,,,,
D2_00673,G_01334,en,E5x_pooled,1,0.9986881613731384,1,,,,
D2_00674,G_01335,en,E5x_pooled,1,0.8330894112586975,1,,,,
D2_00675,G_01336,en,E5x_pooled,1,0.9991974234580994,1,,,,
D2_00676,G_01337,en,E5x_pooled,1,0.9966993927955627,1,,,,
D2_00677,G_01338,en,E5x_pooled,1,0.9992833733558655,1,,,,
D2_00678,G_01339,en,E5x_pooled,1,0.9985356330871582,1,,,,
D2_00679,G_01340,en,E5x_pooled,1,0.9991618394851685,1,,,,
D2_00680,G_01341,en,E5x_pooled,1,0.9992836117744446,1,,,,
D2_00681,G_01342,en,E5x_pooled,1,0.9985643029212952,1,,,,
D2_00682,G_01343,en,E5x_pooled,1,0.9943388104438782,1,,,,
D2_00683,G_01344,en,E5x_pooled,1,0.9992484450340271,1,,,,
D2_00684,G_01345,en,E5x_pooled,1,0.985194742679596,1,,,,
D2_00685,G_01346,en,E5x_pooled,1,0.9990172386169434,1,,,,
D2_00686,G_01347,en,E5x_pooled,1,0.9985225796699524,1,,,,
D2_00687,G_01348,en,E5x_pooled,1,0.9989713430404663,1,,,,
D2_00688,G_01349,en,E5x_pooled,1,0.9989354014396667,1,,,,
D2_00689,G_01350,en,E5x_pooled,1,0.9978498220443726,1,,,,
D2_00690,G_01351,en,E5x_pooled,1,0.0004450822016224265,0,,,,
D2_00691,G_01352,en,E5x_pooled,1,0.9986469149589539,1,,,,
D2_00692,G_01353,en,E5x_pooled,1,0.9988019466400146,1,,,,
D2_00693,G_01354,en,E5x_pooled,1,0.9989911913871765,1,,,,
D2_00694,G_01355,en,E5x_pooled,1,0.998561441898346,1,,,,
D2_00695,G_01356,en,E5x_pooled,1,0.9992068409919739,1,,,,
D2_00696,G_01357,en,E5x_pooled,1,0.9982221722602844,1,,,,
D2_00697,G_01358,en,E5x_pooled,1,0.9990932941436768,1,,,,
D2_00698,G_01359,en,E5x_pooled,1,0.9895169138908386,1,,,,
D2_00699,G_01360,en,E5x_pooled,1,0.9988628625869751,1,,,,
D2_00700,G_01361,en,E5x_pooled,1,0.9989767074584961,1,,,,
D2_00701,G_01362,en,E5x_pooled,1,0.0004499165515881032,0,,,,
D2_00702,G_01363,en,E5x_pooled,1,0.9989005327224731,1,,,,
D2_00703,G_01364,en,E5x_pooled,1,0.9967753291130066,1,,,,
D2_00704,G_01365,en,E5x_pooled,1,0.9981101751327515,1,,,,
D2_00705,G_01366,en,E5x_pooled,1,0.9981881976127625,1,,,,
D2_00706,G_01367,en,E5x_pooled,1,0.9989736080169678,1,,,,
D2_00707,G_01368,en,E5x_pooled,1,0.9992857575416565,1,,,,
D2_00708,G_01369,en,E5x_pooled,1,0.0009808195754885674,0,,,,
D2_00709,G_01370,en,E5x_pooled,1,0.994691789150238,1,,,,
D2_00710,G_01371,en,E5x_pooled,1,0.9988334774971008,1,,,,
D2_00711,G_01372,en,E5x_pooled,1,0.9991003274917603,1,,,,
D2_00712,G_01373,en,E5x_pooled,1,0.9961199760437012,1,,,,
D2_00713,G_01374,en,E5x_pooled,1,0.998802661895752,1,,,,
D2_00714,G_01375,en,E5x_pooled,1,0.9927669763565063,1,,,,
D2_00715,G_01376,en,E5x_pooled,1,0.9989714622497559,1,,,,
D2_00716,G_01377,en,E5x_pooled,1,0.9982686042785645,1,,,,
D2_00717,G_01378,en,E5x_pooled,1,0.9990522265434265,1,,,,
D2_00718,G_01379,en,E5x_pooled,1,0.9991376399993896,1,,,,
D2_00719,G_01380,en,E5x_pooled,1,0.9992571473121643,1,,,,
D2_00720,G_01381,en,E5x_pooled,1,0.9993010759353638,1,,,,
D2_00721,G_01382,en,E5x_pooled,1,0.9983763694763184,1,,,,
D2_00722,G_01383,en,E5x_pooled,1,0.9989307522773743,1,,,,
D2_00723,G_01384,en,E5x_pooled,1,0.9983439445495605,1,,,,
D2_00724,G_01385,en,E5x_pooled,1,0.0006543095805682242,0,,,,
D2_00725,G_01386,en,E5x_pooled,1,0.0016455280128866434,0,,,,
D2_00726,G_01387,en,E5x_pooled,1,0.9988790154457092,1,,,,
D2_00727,G_01388,en,E5x_pooled,1,0.9992051720619202,1,,,,
D2_00728,G_01389,en,E5x_pooled,1,0.9988306164741516,1,,,,
D2_00729,G_01390,en,E5x_pooled,1,0.9991899132728577,1,,,,
D2_00730,G_01391,en,E5x_pooled,1,0.998731791973114,1,,,,
D2_00731,G_01392,en,E5x_pooled,1,0.99918133020401,1,,,,
D2_00732,G_01393,en,E5x_pooled,1,0.9981998205184937,1,,,,
D2_00733,G_01394,en,E5x_pooled,1,0.9986300468444824,1,,,,
D2_00734,G_01395,en,E5x_pooled,1,0.999175488948822,1,,,,
D2_00735,G_01396,en,E5x_pooled,1,0.9990691542625427,1,,,,
D2_00736,G_01397,en,E5x_pooled,1,0.9990671277046204,1,,,,
D2_00737,G_01398,en,E5x_pooled,1,0.9991924166679382,1,,,,
D2_00738,G_01399,en,E5x_pooled,1,0.9991726279258728,1,,,,
D2_00739,G_01400,en,E5x_pooled,1,0.9991387128829956,1,,,,
D2_00740,G_01401,en,E5x_pooled,1,0.9990605711936951,1,,,,
D2_00741,G_01402,en,E5x_pooled,1,0.9979085922241211,1,,,,
D2_00742,G_01403,en,E5x_pooled,1,0.9992223978042603,1,,,,
D2_00743,G_01404,en,E5x_pooled,1,0.999104917049408,1,,,,
D2_00744,G_01405,en,E5x_pooled,1,0.9990379810333252,1,,,,
D2_00745,G_01406,en,E5x_pooled,1,0.9719180464744568,1,,,,
D2_00746,G_01407,en,E5x_pooled,1,0.9957996010780334,1,,,,
D2_00747,G_01408,en,E5x_pooled,1,0.9989026784896851,1,,,,
D2_00748,G_01409,en,E5x_pooled,1,0.9989445805549622,1,,,,
D2_00749,G_01410,en,E5x_pooled,1,0.9992895126342773,1,,,,
D2_00750,G_01411,en,E5x_pooled,1,0.9992771744728088,1,,,,
D2_00751,G_01412,en,E5x_pooled,1,0.9992088675498962,1,,,,
D2_00752,G_01413,en,E5x_pooled,1,0.00045128891360946,0,,,,
D2_00753,G_01414,en,E5x_pooled,1,0.9992628693580627,1,,,,
D2_00754,G_01415,en,E5x_pooled,1,0.9973214268684387,1,,,,
D2_00755,G_01416,en,E5x_pooled,1,0.999222993850708,1,,,,
D2_00756,G_01417,en,E5x_pooled,1,0.9993065595626831,1,,,,
D2_00757,G_01418,en,E5x_pooled,1,0.999152421951294,1,,,,
D2_00758,G_01419,en,E5x_pooled,1,0.999114453792572,1,,,,
D2_00759,G_01420,en,E5x_pooled,1,0.9991495609283447,1,,,,
D2_00760,G_01421,en,E5x_pooled,1,0.0010543832322582603,0,,,,
D2_00761,G_01422,en,E5x_pooled,1,0.99894779920578,1,,,,
D2_00762,G_01423,en,E5x_pooled,1,0.00044513310422189534,0,,,,
D2_00763,G_01424,en,E5x_pooled,1,0.9984708428382874,1,,,,
D2_00764,G_01425,en,E5x_pooled,1,0.9987648725509644,1,,,,
D2_00765,G_01426,en,E5x_pooled,1,0.9990860223770142,1,,,,
D2_00766,G_01427,en,E5x_pooled,1,0.9990532994270325,1,,,,
D2_00767,G_01428,en,E5x_pooled,1,0.9937337040901184,1,,,,
D2_00768,G_01429,en,E5x_pooled,1,0.00045420852256938815,0,,,,
D2_00769,G_01430,en,E5x_pooled,1,0.9992907047271729,1,,,,
D2_00770,G_01431,en,E5x_pooled,1,0.0009029984357766807,0,,,,
D2_00771,G_01432,en,E5x_pooled,1,0.9985098242759705,1,,,,
D2_00772,G_01433,en,E5x_pooled,1,0.9993295669555664,1,,,,
D2_00773,G_01434,en,E5x_pooled,1,0.9993419051170349,1,,,,
D2_00774,G_01435,en,E5x_pooled,1,0.9991872906684875,1,,,,
D2_00775,G_01436,en,E5x_pooled,1,0.9992477893829346,1,,,,
D2_00776,G_01437,en,E5x_pooled,1,0.9981570839881897,1,,,,
D2_00777,G_01438,en,E5x_pooled,1,0.999214768409729,1,,,,
D2_00778,G_01439,en,E5x_pooled,1,0.9975757002830505,1,,,,
D2_00779,G_01440,en,E5x_pooled,1,0.9989047050476074,1,,,,
D2_00780,G_01441,en,E5x_pooled,1,0.9993081092834473,1,,,,
D2_00781,G_01442,en,E5x_pooled,1,0.9992982149124146,1,,,,
D2_00782,G_01443,en,E5x_pooled,1,0.9993294477462769,1,,,,
D2_00783,G_01444,en,E5x_pooled,1,0.0006200963398441672,0,,,,
D2_00784,G_01445,en,E5x_pooled,1,0.9986566305160522,1,,,,
D2_00785,G_01446,en,E5x_pooled,1,0.9980044960975647,1,,,,
D2_00786,G_01447,en,E5x_pooled,1,0.9991342425346375,1,,,,
D2_00787,G_01448,en,E5x_pooled,1,0.9978200197219849,1,,,,
D2_00788,G_01449,en,E5x_pooled,1,0.9963384866714478,1,,,,
D2_00789,G_01450,en,E5x_pooled,1,0.9987367987632751,1,,,,
D2_00790,G_01451,en,E5x_pooled,1,0.9991089701652527,1,,,,
D2_00791,G_01452,en,E5x_pooled,1,0.9990887641906738,1,,,,
D2_00792,G_01453,en,E5x_pooled,1,0.9990924596786499,1,,,,
D2_00793,G_01454,en,E5x_pooled,1,0.9993072748184204,1,,,,
D2_00794,G_01455,en,E5x_pooled,1,0.8638704419136047,1,,,,
D2_00795,G_01456,en,E5x_pooled,1,0.9992270469665527,1,,,,
D2_00796,G_01457,en,E5x_pooled,1,0.9989081621170044,1,,,,
D2_00797,G_01458,en,E5x_pooled,1,0.9989759922027588,1,,,,
D2_00798,G_01459,en,E5x_pooled,1,0.9989498257637024,1,,,,
D2_00799,G_01460,en,E5x_pooled,1,0.9991256594657898,1,,,,
D2_00800,G_01461,en,E5x_pooled,1,0.9990853071212769,1,,,,
D2_00801,G_01462,en,E5x_pooled,1,0.9992700219154358,1,,,,
D2_00802,G_01463,en,E5x_pooled,1,0.9992063641548157,1,,,,
D2_00803,G_01464,en,E5x_pooled,1,0.9992092847824097,1,,,,
D2_00804,G_01465,en,E5x_pooled,1,0.998746395111084,1,,,,
D2_00805,G_01466,en,E5x_pooled,1,0.9992526173591614,1,,,,
D2_00806,G_01467,en,E5x_pooled,1,0.9976087808609009,1,,,,
D2_00807,G_01468,en,E5x_pooled,1,0.9991700649261475,1,,,,
D2_00808,G_01469,en,E5x_pooled,1,0.9991064667701721,1,,,,
D2_00809,G_01470,en,E5x_pooled,1,0.9989902377128601,1,,,,
D2_00810,G_01471,en,E5x_pooled,1,0.9991236329078674,1,,,,
D2_00811,G_01472,en,E5x_pooled,1,0.9980741739273071,1,,,,
D2_00812,G_01473,en,E5x_pooled,1,0.9991617202758789,1,,,,
D2_00813,G_01474,en,E5x_pooled,1,0.9989327788352966,1,,,,
D2_00814,G_01475,en,E5x_pooled,1,0.9991256594657898,1,,,,
D2_00815,G_01476,en,E5x_pooled,1,0.8331265449523926,1,,,,
D2_00816,G_01477,en,E5x_pooled,1,0.9980965256690979,1,,,,
D2_00817,G_01478,en,E5x_pooled,1,0.998802661895752,1,,,,
D2_00818,G_01479,en,E5x_pooled,1,0.9992965459823608,1,,,,
D2_00819,G_01480,en,E5x_pooled,1,0.9990609288215637,1,,,,
D2_00820,G_01481,en,E5x_pooled,1,0.9990977048873901,1,,,,
D2_00821,G_01482,en,E5x_pooled,1,0.9992274045944214,1,,,,
D2_00822,G_01483,en,E5x_pooled,1,0.9991790652275085,1,,,,
D2_00823,G_01484,en,E5x_pooled,1,0.9991697072982788,1,,,,
D2_00824,G_01485,en,E5x_pooled,1,0.9989641904830933,1,,,,
D2_00825,G_01486,en,E5x_pooled,1,0.9885095953941345,1,,,,
D2_00826,G_01487,en,E5x_pooled,1,0.997819185256958,1,,,,
D2_00827,G_01488,en,E5x_pooled,1,0.9992538094520569,1,,,,
D2_00828,G_01489,en,E5x_pooled,1,0.9969862103462219,1,,,,
D2_00829,G_01490,en,E5x_pooled,1,0.9989984631538391,1,,,,
D2_00830,G_01491,en,E5x_pooled,1,0.002302190288901329,0,,,,
D2_00831,G_01492,en,E5x_pooled,1,0.9989053010940552,1,,,,
D2_00832,G_01493,en,E5x_pooled,1,0.9988473653793335,1,,,,
D2_00833,G_01494,en,E5x_pooled,1,0.9989612102508545,1,,,,
D2_00834,G_01495,en,E5x_pooled,1,0.990580141544342,1,,,,
D2_00835,G_01496,en,E5x_pooled,1,0.9986833930015564,1,,,,
D2_00836,G_01497,en,E5x_pooled,1,0.9993101358413696,1,,,,
D2_00837,G_01498,en,E5x_pooled,1,0.9991756081581116,1,,,,
D2_00838,G_01499,en,E5x_pooled,1,0.008985653519630432,0,,,,
D2_00839,G_01500,en,E5x_pooled,1,0.9990262985229492,1,,,,
D2_00840,G_00868,en,E5x_pooled,1,0.9984115362167358,1,,,,
D2_00841,G_01502,en,E5x_pooled,1,0.9507737159729004,1,,,,
D2_00842,G_01503,en,E5x_pooled,1,0.9992648959159851,1,,,,
D2_00843,G_01504,en,E5x_pooled,1,0.998986542224884,1,,,,
D2_00844,G_01505,en,E5x_pooled,1,0.9990766048431396,1,,,,
D2_00845,G_01506,en,E5x_pooled,1,0.9989748001098633,1,,,,
D2_00846,G_01507,en,E5x_pooled,1,0.9991559982299805,1,,,,
D2_00847,G_01508,en,E5x_pooled,1,0.9992602467536926,1,,,,
D2_00848,G_01509,en,E5x_pooled,1,0.998846173286438,1,,,,
D2_00849,G_01510,en,E5x_pooled,1,0.999165415763855,1,,,,
D2_00850,G_01511,en,E5x_pooled,1,0.9984173774719238,1,,,,
D2_00851,G_01512,en,E5x_pooled,1,0.9978960752487183,1,,,,
D2_00852,G_01513,en,E5x_pooled,1,0.9991593360900879,1,,,,
D2_00853,G_01514,en,E5x_pooled,1,0.0004679211415350437,0,,,,
D2_00854,G_01515,en,E5x_pooled,1,0.000577965343836695,0,,,,
D2_00855,G_01516,en,E5x_pooled,1,0.9991150498390198,1,,,,
D2_00856,G_01517,en,E5x_pooled,1,0.9990007281303406,1,,,,
D2_00857,G_01518,en,E5x_pooled,1,0.9993222951889038,1,,,,
D2_00858,G_01519,en,E5x_pooled,1,0.00048517712275497615,0,,,,
D2_00859,G_01520,en,E5x_pooled,1,0.9990634322166443,1,,,,
D2_00860,G_01521,en,E5x_pooled,1,0.9977320432662964,1,,,,
D2_00861,G_01522,en,E5x_pooled,1,0.9980946183204651,1,,,,
D2_00862,G_01523,en,E5x_pooled,1,0.9991379976272583,1,,,,
D2_00863,G_01524,en,E5x_pooled,1,0.0006953139090910554,0,,,,
D2_00864,G_01525,en,E5x_pooled,1,0.998650848865509,1,,,,
D2_00865,G_01526,en,E5x_pooled,1,0.9991864562034607,1,,,,
D2_00866,G_01527,en,E5x_pooled,1,0.9991638660430908,1,,,,
D2_00867,G_01528,en,E5x_pooled,1,0.998992383480072,1,,,,
D2_00868,G_01529,en,E5x_pooled,1,0.9973834156990051,1,,,,
D2_00869,G_01530,en,E5x_pooled,1,0.998420238494873,1,,,,
D2_00870,G_01531,en,E5x_pooled,1,0.997465968132019,1,,,,
D2_00871,G_01532,en,E5x_pooled,1,0.999203622341156,1,,,,
D2_00872,G_01533,en,E5x_pooled,1,0.9989732503890991,1,,,,
D2_00873,G_01534,en,E5x_pooled,1,0.9992154836654663,1,,,,
D2_00874,G_01535,en,E5x_pooled,1,0.9988987445831299,1,,,,
D2_00875,G_01536,en,E5x_pooled,1,0.9992658495903015,1,,,,
D2_00876,G_01537,en,E5x_pooled,1,0.9990645051002502,1,,,,
D2_00877,G_01538,en,E5x_pooled,1,0.9992102384567261,1,,,,
D2_00878,G_01539,en,E5x_pooled,1,0.9991685152053833,1,,,,
D2_00879,G_01540,en,E5x_pooled,1,0.9989792704582214,1,,,,
D2_00880,G_01541,en,E5x_pooled,1,0.9991057515144348,1,,,,
D2_00881,G_01542,en,E5x_pooled,1,0.99901282787323,1,,,,
D2_00882,G_01543,en,E5x_pooled,1,0.9981877207756042,1,,,,
D2_00883,G_01544,en,E5x_pooled,1,0.0005013071349821985,0,,,,
D2_00884,G_01545,en,E5x_pooled,1,0.9991944432258606,1,,,,
D2_00885,G_01546,en,E5x_pooled,1,0.9990580677986145,1,,,,
D2_00886,G_01547,en,E5x_pooled,1,0.9981204867362976,1,,,,
D2_00887,G_01548,en,E5x_pooled,1,0.9991310238838196,1,,,,
D2_00888,G_01549,en,E5x_pooled,1,0.9977381229400635,1,,,,
D2_00889,G_01550,en,E5x_pooled,1,0.9991312623023987,1,,,,
D2_00890,G_01551,en,E5x_pooled,1,0.9992635846138,1,,,,
D2_00891,G_01552,en,E5x_pooled,1,0.9991575479507446,1,,,,
D2_00892,G_01553,en,E5x_pooled,1,0.9990857839584351,1,,,,
D2_00893,G_01554,en,E5x_pooled,1,0.9991135001182556,1,,,,
D2_00894,G_01555,en,E5x_pooled,1,0.999240517616272,1,,,,
D2_00895,G_01556,en,E5x_pooled,1,0.9992491602897644,1,,,,
D2_00896,G_01557,en,E5x_pooled,1,0.9987143278121948,1,,,,
D2_00897,G_01558,en,E5x_pooled,1,0.9986962676048279,1,,,,
D2_00898,G_01559,en,E5x_pooled,1,0.9981575608253479,1,,,,
D2_00899,G_01560,en,E5x_pooled,1,0.9990806579589844,1,,,,
D2_00900,G_01561,en,E5x_pooled,1,0.99913090467453,1,,,,
D2_00901,G_01562,en,E5x_pooled,1,0.999182403087616,1,,,,
D2_00902,G_01563,en,E5x_pooled,1,0.998999297618866,1,,,,
D2_00903,G_01564,en,E5x_pooled,1,0.9991826415061951,1,,,,
D2_00904,G_01565,en,E5x_pooled,1,0.9990272521972656,1,,,,
D2_00905,G_01566,en,E5x_pooled,1,0.9990548491477966,1,,,,
D2_00906,G_01567,en,E5x_pooled,1,0.9987550973892212,1,,,,
D2_00907,G_01568,en,E5x_pooled,1,0.9989363551139832,1,,,,
D2_00908,G_01569,en,E5x_pooled,1,0.9991360306739807,1,,,,
D2_00909,G_01570,en,E5x_pooled,1,0.9993374943733215,1,,,,
D2_00910,G_01571,en,E5x_pooled,1,0.9988044500350952,1,,,,
D2_00911,G_01572,en,E5x_pooled,1,0.0005798092461191118,0,,,,
D2_00912,G_01573,en,E5x_pooled,1,0.9982642531394958,1,,,,
D2_00913,G_01574,en,E5x_pooled,1,0.9990837574005127,1,,,,
D2_00914,G_01575,en,E5x_pooled,1,0.999129593372345,1,,,,
D2_00915,G_01576,en,E5x_pooled,1,0.9992257356643677,1,,,,
D2_00916,G_01577,en,E5x_pooled,1,0.9992496371269226,1,,,,
D2_00917,G_01578,en,E5x_pooled,1,0.9987335801124573,1,,,,
D2_00918,G_01579,en,E5x_pooled,1,0.9982455968856812,1,,,,
D2_00919,G_01580,en,E5x_pooled,1,0.9988313317298889,1,,,,
D2_00920,G_01581,en,E5x_pooled,1,0.9992209672927856,1,,,,
D2_00921,G_01582,en,E5x_pooled,1,0.9991661310195923,1,,,,
D2_00922,G_01583,en,E5x_pooled,1,0.998927652835846,1,,,,
D2_00923,G_01584,en,E5x_pooled,1,0.9989905953407288,1,,,,
D2_00924,G_01585,en,E5x_pooled,1,0.9989996552467346,1,,,,
D2_00925,G_01586,en,E5x_pooled,1,0.9992061257362366,1,,,,
D2_00926,G_01587,en,E5x_pooled,1,0.000942873302847147,0,,,,
D2_00927,G_01588,en,E5x_pooled,1,0.999006450176239,1,,,,
D2_00928,G_01589,en,E5x_pooled,1,0.9991439580917358,1,,,,
D2_00929,G_01590,en,E5x_pooled,1,0.9991175532341003,1,,,,
D2_00930,G_01591,en,E5x_pooled,1,0.9992203712463379,1,,,,
D2_00931,G_01592,en,E5x_pooled,1,0.9991233944892883,1,,,,
D2_00932,G_01593,en,E5x_pooled,1,0.9993407130241394,1,,,,
D2_00933,G_01594,en,E5x_pooled,1,0.9990248680114746,1,,,,
D2_00934,G_01595,en,E5x_pooled,1,0.9942210912704468,1,,,,
D2_00935,G_01596,en,E5x_pooled,1,0.9990266561508179,1,,,,
D2_00936,G_01597,en,E5x_pooled,1,0.9989669322967529,1,,,,
D2_00937,G_01598,en,E5x_pooled,1,0.9991500377655029,1,,,,
D2_00938,G_01599,en,E5x_pooled,1,0.997800886631012,1,,,,
D2_00939,G_01600,en,E5x_pooled,1,0.9990729093551636,1,,,,
D2_00940,G_01601,en,E5x_pooled,1,0.9972291588783264,1,,,,
D2_00941,G_01602,en,E5x_pooled,1,0.0004356513381935656,0,,,,
D2_00942,G_01603,en,E5x_pooled,1,0.9055826663970947,1,,,,
D2_00943,G_01604,en,E5x_pooled,1,0.0005353589658625424,0,,,,
D2_00944,G_01605,en,E5x_pooled,1,0.9993191957473755,1,,,,
D2_00945,G_01606,en,E5x_pooled,1,0.9992234706878662,1,,,,
D2_00946,G_01607,en,E5x_pooled,1,0.9980980753898621,1,,,,
D2_00947,G_01608,en,E5x_pooled,1,0.9990235567092896,1,,,,
D2_00948,G_01609,en,E5x_pooled,1,0.9989920258522034,1,,,,
D2_00949,G_01610,en,E5x_pooled,1,0.9989616870880127,1,,,,
D2_00950,G_01611,en,E5x_pooled,1,0.9972174167633057,1,,,,
D2_00951,G_01612,en,E5x_pooled,1,0.9992721676826477,1,,,,
D2_00952,G_01613,en,E5x_pooled,1,0.998977780342102,1,,,,
D2_00953,G_01614,en,E5x_pooled,1,0.9985878467559814,1,,,,
D2_00954,G_01615,en,E5x_pooled,1,0.9992796778678894,1,,,,
D2_00955,G_01616,en,E5x_pooled,1,0.9991180300712585,1,,,,
D2_00956,G_01617,en,E5x_pooled,1,0.9990929365158081,1,,,,
D2_00957,G_01618,en,E5x_pooled,1,0.9985948204994202,1,,,,
D2_00958,G_01619,en,E5x_pooled,1,0.9992021918296814,1,,,,
D2_00959,G_01620,en,E5x_pooled,1,0.002544586081057787,0,,,,
D2_00960,G_01621,en,E5x_pooled,1,0.9985731840133667,1,,,,
D2_00961,G_01622,en,E5x_pooled,1,0.9991083741188049,1,,,,
D2_00962,G_01623,en,E5x_pooled,1,0.9989539384841919,1,,,,
D2_00963,G_01624,en,E5x_pooled,1,0.999099850654602,1,,,,
D2_00964,G_01625,en,E5x_pooled,1,0.9993323683738708,1,,,,
D2_00965,G_01626,en,E5x_pooled,1,0.9855598211288452,1,,,,
D2_00966,G_01627,en,E5x_pooled,1,0.0005289387772791088,0,,,,
D2_00967,G_01628,en,E5x_pooled,1,0.9991821646690369,1,,,,
D2_00968,G_01629,en,E5x_pooled,1,0.9964555501937866,1,,,,
D2_00969,G_01630,en,E5x_pooled,1,0.9990952014923096,1,,,,
D2_00970,G_01631,en,E5x_pooled,1,0.9992027878761292,1,,,,
D2_00971,G_01632,en,E5x_pooled,1,0.9987724423408508,1,,,,
D2_00972,G_01633,en,E5x_pooled,1,0.998499870300293,1,,,,
D2_00973,G_01634,en,E5x_pooled,1,0.00044187947059981525,0,,,,
D2_00974,G_01635,en,E5x_pooled,1,0.0004658425459638238,0,,,,
D2_00975,G_01636,en,E5x_pooled,1,0.9981492757797241,1,,,,
D2_00976,G_01637,en,E5x_pooled,1,0.9993027448654175,1,,,,
D2_00977,G_01638,en,E5x_pooled,1,0.9979293346405029,1,,,,
D2_00978,G_01639,en,E5x_pooled,1,0.9991165995597839,1,,,,
D2_00979,G_01640,en,E5x_pooled,1,0.9965873956680298,1,,,,
D2_00980,G_01641,en,E5x_pooled,1,0.9993270635604858,1,,,,
D2_00981,G_01642,en,E5x_pooled,1,0.9981548190116882,1,,,,
D2_00982,G_01643,en,E5x_pooled,1,0.9991191029548645,1,,,,
D2_00983,G_01644,en,E5x_pooled,1,0.0004814695566892624,0,,,,
D2_00984,G_01645,en,E5x_pooled,1,0.9991989731788635,1,,,,
D2_00985,G_01646,en,E5x_pooled,1,0.9992208480834961,1,,,,
D2_00986,G_01647,en,E5x_pooled,1,0.9992948770523071,1,,,,
D2_00987,G_01648,en,E5x_pooled,1,0.9993165731430054,1,,,,
D2_00988,G_01649,en,E5x_pooled,1,0.9992701411247253,1,,,,
D2_00989,G_01650,en,E5x_pooled,1,0.9990617632865906,1,,,,
D2_00990,G_01651,en,E5x_pooled,1,0.9991335272789001,1,,,,
D2_00991,G_01652,en,E5x_pooled,1,0.999197781085968,1,,,,
D2_00992,G_01653,en,E5x_pooled,1,0.9992087483406067,1,,,,
D2_00993,G_01654,en,E5x_pooled,1,0.9992309808731079,1,,,,
D2_00994,G_01655,en,E5x_pooled,1,0.9989639520645142,1,,,,
D2_00995,G_01656,en,E5x_pooled,1,0.12116573750972748,0,,,,
D2_00996,G_01657,en,E5x_pooled,1,0.9989513158798218,1,,,,
D2_00997,G_01658,en,E5x_pooled,1,0.9990993738174438,1,,,,
D2_00998,G_01659,en,E5x_pooled,1,0.005137505475431681,0,,,,
D2_00999,G_01660,en,E5x_pooled,1,0.9992362260818481,1,,,,
D2_01000,G_01661,en,E5x_pooled,1,0.9991084933280945,1,,,,
D3_00001,G_01662,en,E5x_pooled,0,0.9962952733039856,1,,,,
D3_00002,G_01663,en,E5x_pooled,0,0.9990430474281311,1,,,,
D3_00003,G_01664,en,E5x_pooled,0,0.9982206225395203,1,,,,
D3_00004,G_02959,en,E5x_pooled,0,0.9973905682563782,1,,,,
D3_00005,G_01666,en,E5x_pooled,0,0.9903976917266846,1,,,,
D3_00006,G_01667,en,E5x_pooled,0,0.999057948589325,1,,,,
D3_00007,G_01668,en,E5x_pooled,0,0.9990359544754028,1,,,,
D3_00008,G_01669,en,E5x_pooled,0,0.9978445768356323,1,,,,
D3_00009,G_02968,en,E5x_pooled,0,0.9987781643867493,1,,,,
D3_00010,G_01671,en,E5x_pooled,0,0.9978235960006714,1,,,,
D3_00011,G_01691,en,E5x_pooled,0,0.9987697005271912,1,,,,
D3_00012,G_01698,en,E5x_pooled,0,0.9982787370681763,1,,,,
D3_00013,G_01705,en,E5x_pooled,0,0.998830258846283,1,,,,
D3_00014,G_02971,en,E5x_pooled,0,0.9988812804222107,1,,,,
D3_00015,G_01676,en,E5x_pooled,0,0.9989093542098999,1,,,,
D3_00016,G_01677,en,E5x_pooled,0,0.9985352754592896,1,,,,
D3_00017,G_01678,en,E5x_pooled,0,0.9988592863082886,1,,,,
D3_00018,G_01679,en,E5x_pooled,0,0.9990014433860779,1,,,,
D3_00019,G_01680,en,E5x_pooled,0,0.9982580542564392,1,,,,
D3_00020,G_02977,en,E5x_pooled,0,0.9988460540771484,1,,,,
D3_00021,G_01682,en,E5x_pooled,0,0.9980631470680237,1,,,,
D3_00022,G_01683,en,E5x_pooled,0,0.997665286064148,1,,,,
D3_00023,G_01684,en,E5x_pooled,0,0.9990825653076172,1,,,,
D3_00024,G_01685,en,E5x_pooled,0,0.9988152980804443,1,,,,
D3_00025,G_01686,en,E5x_pooled,0,0.9987200498580933,1,,,,
D3_00026,G_01687,en,E5x_pooled,0,0.9990618824958801,1,,,,
D3_00027,G_01664,en,E5x_pooled,0,0.9990276098251343,1,,,,
D3_00028,G_01689,en,E5x_pooled,0,0.9981332421302795,1,,,,
D3_00029,G_01663,en,E5x_pooled,0,0.9991666078567505,1,,,,
D3_00030,G_01691,en,E5x_pooled,0,0.9989826083183289,1,,,,
D3_00031,G_01698,en,E5x_pooled,0,0.9992013573646545,1,,,,
D3_00032,G_01705,en,E5x_pooled,0,0.9990498423576355,1,,,,
D3_00033,G_01664,en,E5x_pooled,0,0.9988470077514648,1,,,,
D3_00034,G_01662,en,E5x_pooled,0,0.9972246885299683,1,,,,
D3_00035,G_01663,en,E5x_pooled,0,0.9991583824157715,1,,,,
D3_00036,G_01691,en,E5x_pooled,0,0.9991642236709595,1,,,,
D3_00037,G_01698,en,E5x_pooled,0,0.9990311861038208,1,,,,
D3_00038,G_01705,en,E5x_pooled,0,0.9989318251609802,1,,,,
D3_00039,G_01664,en,E5x_pooled,0,0.9991781115531921,1,,,,
D3_00040,G_01701,en,E5x_pooled,0,0.999108612537384,1,,,,
D3_00041,G_01663,en,E5x_pooled,0,0.9992716908454895,1,,,,
D3_00042,G_01691,en,E5x_pooled,0,0.9991703033447266,1,,,,
D3_00043,G_01698,en,E5x_pooled,0,0.9992071986198425,1,,,,
D3_00044,G_01705,en,E5x_pooled,0,0.9991770386695862,1,,,,
D3_00045,G_01706,en,E5x_pooled,0,0.999122679233551,1,,,,
D3_00046,G_01662,en,E5x_pooled,0,0.9987724423408508,1,,,,
D3_00047,G_01708,en,E5x_pooled,0,0.9992526173591614,1,,,,
D3_00048,G_01691,en,E5x_pooled,0,0.9991125464439392,1,,,,
D3_00049,G_01710,en,E5x_pooled,0,0.9992039799690247,1,,,,
D3_00050,G_01705,en,E5x_pooled,0,0.9989759922027588,1,,,,
D3_00051,G_01712,en,E5x_pooled,0,0.9984239339828491,1,,,,
D3_00052,G_01713,en,E5x_pooled,0,0.9984163045883179,1,,,,
D3_00053,G_01714,en,E5x_pooled,0,0.9990247488021851,1,,,,
D3_00055,G_01715,en,E5x_pooled,0,0.9990629553794861,1,,,,
D3_00056,G_01716,en,E5x_pooled,0,0.9987797141075134,1,,,,
D3_00057,G_01717,en,E5x_pooled,0,0.9990957975387573,1,,,,
D3_00058,G_01718,other,E5x_pooled,0,0.9985094666481018,1,,,,
D3_00059,G_01719,other,E5x_pooled,0,0.9980880618095398,1,,,,
D3_00060,G_01720,other,E5x_pooled,0,0.9987492561340332,1,,,,
D3_00061,G_01721,other,E5x_pooled,0,0.9965207576751709,1,,,,
D3_00062,G_01722,other,E5x_pooled,0,0.9958885312080383,1,,,,
D3_00063,G_01723,other,E5x_pooled,0,0.9981517195701599,1,,,,
D3_00064,G_01724,other,E5x_pooled,0,0.9981645941734314,1,,,,
D3_00065,G_01723,other,E5x_pooled,0,0.9978487491607666,1,,,,
D3_00066,G_01726,other,E5x_pooled,0,0.996407687664032,1,,,,
D3_00068,G_01727,other,E5x_pooled,0,0.9965618252754211,1,,,,
D3_00069,G_01728,other,E5x_pooled,0,0.9943304061889648,1,,,,
D3_00070,G_01729,other,E5x_pooled,0,0.99724280834198,1,,,,
D3_00071,G_01730,other,E5x_pooled,0,0.997191846370697,1,,,,
D3_00072,G_01731,other,E5x_pooled,0,0.9966263771057129,1,,,,
D3_00073,G_01732,other,E5x_pooled,0,0.9934533834457397,1,,,,
D3_00074,G_01733,other,E5x_pooled,0,0.9984299540519714,1,,,,
D3_00075,G_01734,other,E5x_pooled,0,0.9982727766036987,1,,,,
D3_00076,G_01735,other,E5x_pooled,0,0.9888773560523987,1,,,,
D3_00077,G_01736,other,E5x_pooled,0,0.9975703358650208,1,,,,
D3_00078,G_01737,other,E5x_pooled,0,0.9986129999160767,1,,,,
D3_00079,G_01738,other,E5x_pooled,0,0.9972060322761536,1,,,,
D3_00080,G_01739,other,E5x_pooled,0,0.9975360631942749,1,,,,
D3_00081,G_01740,other,E5x_pooled,0,0.9982099533081055,1,,,,
D3_00082,G_01741,other,E5x_pooled,0,0.9979776740074158,1,,,,
D3_00083,G_01742,other,E5x_pooled,0,0.9981629252433777,1,,,,
D3_00084,G_01743,other,E5x_pooled,0,0.997585654258728,1,,,,
D3_00085,G_01744,other,E5x_pooled,0,0.9979559183120728,1,,,,
D3_00086,G_01745,other,E5x_pooled,0,0.9973580241203308,1,,,,
D3_00087,G_01746,other,E5x_pooled,0,0.998271107673645,1,,,,
D3_00088,G_01747,other,E5x_pooled,0,0.998691976070404,1,,,,
D3_00089,G_01738,other,E5x_pooled,0,0.9972196817398071,1,,,,
D3_00090,G_01749,other,E5x_pooled,0,0.9982520937919617,1,,,,
D3_00091,G_01750,other,E5x_pooled,0,0.9984506368637085,1,,,,
D3_00092,G_01751,other,E5x_pooled,0,0.9965968728065491,1,,,,
D3_00093,G_01752,other,E5x_pooled,0,0.9975678324699402,1,,,,
D3_00094,G_01753,other,E5x_pooled,0,0.9899431467056274,1,,,,
D3_00095,G_01754,other,E5x_pooled,0,0.9983341097831726,1,,,,
D3_00096,G_01755,other,E5x_pooled,0,0.9985709190368652,1,,,,
D3_00097,G_01756,other,E5x_pooled,0,0.9980296492576599,1,,,,
D3_00098,G_01757,other,E5x_pooled,0,0.9981492757797241,1,,,,
D3_00099,G_01758,other,E5x_pooled,0,0.9986042380332947,1,,,,
D3_00100,G_01759,other,E5x_pooled,0,0.9966727495193481,1,,,,
D3_00101,G_01760,other,E5x_pooled,0,0.9969362020492554,1,,,,
D3_00102,G_01761,other,E5x_pooled,0,0.9929008483886719,1,,,,
D3_00103,G_01762,other,E5x_pooled,0,0.9963518381118774,1,,,,
D3_00104,G_01763,other,E5x_pooled,0,0.816963791847229,1,,,,
D3_00105,G_01764,other,E5x_pooled,0,0.9967271089553833,1,,,,
D3_00106,G_01762,other,E5x_pooled,0,0.9957876801490784,1,,,,
D3_00107,G_01766,other,E5x_pooled,0,0.9649954438209534,1,,,,
D3_00108,G_01767,other,E5x_pooled,0,0.9986283779144287,1,,,,
D3_00109,G_01768,other,E5x_pooled,0,0.9988258481025696,1,,,,
D3_00110,G_01769,other,E5x_pooled,0,0.9980295300483704,1,,,,
D3_00111,G_01770,other,E5x_pooled,0,0.9979640245437622,1,,,,
D3_00112,G_01771,other,E5x_pooled,0,0.9980841875076294,1,,,,
D3_00113,G_01772,other,E5x_pooled,0,0.9967808723449707,1,,,,
D3_00114,G_01773,other,E5x_pooled,0,0.9978386759757996,1,,,,
D3_00115,G_01774,other,E5x_pooled,0,0.9973104000091553,1,,,,
D3_00117,G_01775,other,E5x_pooled,0,0.9898563623428345,1,,,,
D3_00118,G_01803,en,E5x_pooled,0,0.9989089965820312,1,,,,
D3_00119,G_01802,en,E5x_pooled,0,0.9987350106239319,1,,,,
D3_00120,G_01816,en,E5x_pooled,0,0.999082088470459,1,,,,
D3_00121,G_03017,en,E5x_pooled,0,0.9985421895980835,1,,,,
D3_00122,G_01780,en,E5x_pooled,0,0.9988069534301758,1,,,,
D3_00123,G_03023,en,E5x_pooled,0,0.9991378784179688,1,,,,
D3_00124,G_03579,en,E5x_pooled,0,0.9991586208343506,1,,,,
D3_00125,G_01783,en,E5x_pooled,0,0.9990673661231995,1,,,,
D3_00126,G_01784,en,E5x_pooled,0,0.9987213015556335,1,,,,
D3_00127,G_01785,en,E5x_pooled,0,0.9988995790481567,1,,,,
D3_00128,G_01811,en,E5x_pooled,0,0.9989595413208008,1,,,,
D3_00129,G_01819,en,E5x_pooled,0,0.9992031455039978,1,,,,
D3_00130,G_01818,en,E5x_pooled,0,0.9988985061645508,1,,,,
D3_00131,G_01789,en,E5x_pooled,0,0.998934805393219,1,,,,
D3_00132,G_01790,en,E5x_pooled,0,0.9990021586418152,1,,,,
D3_00133,G_03045,en,E5x_pooled,0,0.9991150498390198,1,,,,
D3_00134,G_03029,en,E5x_pooled,0,0.9989365935325623,1,,,,
D3_00135,G_01793,en,E5x_pooled,0,0.9989311099052429,1,,,,
D3_00136,G_01794,en,E5x_pooled,0,0.9992002844810486,1,,,,
D3_00137,G_01795,en,E5x_pooled,0,0.9989374279975891,1,,,,
D3_00138,G_01796,en,E5x_pooled,0,0.9990084767341614,1,,,,
D3_00139,G_01797,en,E5x_pooled,0,0.9988865256309509,1,,,,
D3_00140,G_01798,en,E5x_pooled,0,0.9992522597312927,1,,,,
D3_00141,G_01799,en,E5x_pooled,0,0.9989185333251953,1,,,,
D3_00142,G_01800,en,E5x_pooled,0,0.9993211030960083,1,,,,
D3_00143,G_01801,en,E5x_pooled,0,0.9991649389266968,1,,,,
D3_00144,G_01802,en,E5x_pooled,0,0.9990400671958923,1,,,,
D3_00145,G_01803,en,E5x_pooled,0,0.9991340041160583,1,,,,
D3_00146,G_01816,en,E5x_pooled,0,0.9992139339447021,1,,,,
D3_00147,G_01811,en,E5x_pooled,0,0.9991963505744934,1,,,,
D3_00148,G_01818,en,E5x_pooled,0,0.9990272521972656,1,,,,
D3_00149,G_01819,en,E5x_pooled,0,0.9992759823799133,1,,,,
D3_00150,G_01808,en,E5x_pooled,0,0.9988037347793579,1,,,,
D3_00151,G_01809,en,E5x_pooled,0,0.9992700219154358,1,,,,
D3_00152,G_01810,en,E5x_pooled,0,0.9991384744644165,1,,,,
D3_00153,G_01811,en,E5x_pooled,0,0.9992052912712097,1,,,,
D3_00154,G_01812,en,E5x_pooled,0,0.999248206615448,1,,,,
D3_00155,G_01819,en,E5x_pooled,0,0.9993267059326172,1,,,,
D3_00156,G_01814,en,E5x_pooled,0,0.9991706609725952,1,,,,
D3_00157,G_01815,en,E5x_pooled,0,0.9991586208343506,1,,,,
D3_00158,G_01816,en,E5x_pooled,0,0.99928218126297,1,,,,
D3_00159,G_01811,en,E5x_pooled,0,0.999187171459198,1,,,,
D3_00160,G_01818,en,E5x_pooled,0,0.9991605281829834,1,,,,
D3_00161,G_01819,en,E5x_pooled,0,0.9992978572845459,1,,,,
D3_00162,G_01816,en,E5x_pooled,0,0.9991459846496582,1,,,,
D3_00163,G_01821,en,E5x_pooled,0,0.9987671375274658,1,,,,
D3_00164,G_01822,en,E5x_pooled,0,0.9990424513816833,1,,,,
D3_00165,G_01823,en,E5x_pooled,0,0.9989981055259705,1,,,,
D3_00166,G_01824,en,E5x_pooled,0,0.9992620348930359,1,,,,
D3_00167,G_01825,en,E5x_pooled,0,0.999123752117157,1,,,,
D3_00168,G_01826,en,E5x_pooled,0,0.9990167617797852,1,,,,
D3_00169,G_01827,en,E5x_pooled,0,0.9991003274917603,1,,,,
D3_00170,G_01828,en,E5x_pooled,0,0.9987995624542236,1,,,,
D3_00171,G_01829,en,E5x_pooled,0,0.9991186261177063,1,,,,
D3_00172,G_01830,en,E5x_pooled,0,0.9992581009864807,1,,,,
D3_00173,G_01831,en,E5x_pooled,0,0.9988283514976501,1,,,,
D3_00174,G_01832,other,E5x_pooled,0,0.998745322227478,1,,,,
D3_00175,G_01833,other,E5x_pooled,0,0.9986883997917175,1,,,,
D3_00176,G_01842,other,E5x_pooled,0,0.9989387392997742,1,,,,
D3_00177,G_01835,other,E5x_pooled,0,0.9989721775054932,1,,,,
D3_00178,G_01842,other,E5x_pooled,0,0.998792290687561,1,,,,
D3_00179,G_01837,other,E5x_pooled,0,0.999037504196167,1,,,,
D3_00180,G_01838,other,E5x_pooled,0,0.9989897608757019,1,,,,
D3_00182,G_01839,other,E5x_pooled,0,0.9986704587936401,1,,,,
D3_00183,G_01838,other,E5x_pooled,0,0.9990105628967285,1,,,,
D3_00184,G_01841,other,E5x_pooled,0,0.9990053772926331,1,,,,
D3_00185,G_01842,other,E5x_pooled,0,0.9988901019096375,1,,,,
D3_00186,G_01843,other,E5x_pooled,0,0.998722493648529,1,,,,
D3_00187,G_01844,other,E5x_pooled,0,0.9989155530929565,1,,,,
D3_00188,G_01842,other,E5x_pooled,0,0.9988096952438354,1,,,,
D3_00189,G_01844,other,E5x_pooled,0,0.9988480806350708,1,,,,
D3_00190,G_01847,other,E5x_pooled,0,0.9984026551246643,1,,,,
D3_00191,G_01842,other,E5x_pooled,0,0.9989620447158813,1,,,,
D3_00192,G_01849,other,E5x_pooled,0,0.9989129304885864,1,,,,
D3_00193,G_01850,other,E5x_pooled,0,0.998601496219635,1,,,,
D3_00194,G_01851,other,E5x_pooled,0,0.9989319443702698,1,,,,
D3_00195,G_01833,other,E5x_pooled,0,0.9988812804222107,1,,,,
D3_00196,G_01853,other,E5x_pooled,0,0.9986398816108704,1,,,,
D3_00197,G_01854,other,E5x_pooled,0,0.999029278755188,1,,,,
D3_00199,G_01855,other,E5x_pooled,0,0.9990077614784241,1,,,,
D3_00200,G_01856,other,E5x_pooled,0,0.9986081719398499,1,,,,
D3_00201,G_01842,other,E5x_pooled,0,0.998957633972168,1,,,,
D3_00202,G_01858,other,E5x_pooled,0,0.999042809009552,1,,,,
D3_00203,G_01859,other,E5x_pooled,0,0.9981841444969177,1,,,,
D3_00204,G_01860,other,E5x_pooled,0,0.9989641904830933,1,,,,
D3_00205,G_01861,other,E5x_pooled,0,0.9986806511878967,1,,,,
D3_00206,G_01862,other,E5x_pooled,0,0.9988780617713928,1,,,,
D3_00207,G_01863,other,E5x_pooled,0,0.9988176226615906,1,,,,
D3_00208,G_01864,other,E5x_pooled,0,0.9989050626754761,1,,,,
D3_00209,G_01865,other,E5x_pooled,0,0.9984311461448669,1,,,,
D3_00210,G_01863,other,E5x_pooled,0,0.9986914992332458,1,,,,
D3_00211,G_01867,other,E5x_pooled,0,0.9987340569496155,1,,,,
D3_00212,G_01862,other,E5x_pooled,0,0.9988800883293152,1,,,,
D3_00213,G_01869,other,E5x_pooled,0,0.9989314675331116,1,,,,
D3_00214,G_01870,other,E5x_pooled,0,0.9990226030349731,1,,,,
D3_00215,G_01870,other,E5x_pooled,0,0.9989223480224609,1,,,,
D3_00216,G_01872,other,E5x_pooled,0,0.9984678626060486,1,,,,
D3_00217,G_01873,other,E5x_pooled,0,0.9989374279975891,1,,,,
D3_00218,G_01874,other,E5x_pooled,0,0.9989827275276184,1,,,,
D3_00219,G_01874,other,E5x_pooled,0,0.9990137815475464,1,,,,
D3_00220,G_01873,other,E5x_pooled,0,0.9990897178649902,1,,,,
D3_00221,G_01874,other,E5x_pooled,0,0.9988055229187012,1,,,,
D3_00222,G_01878,other,E5x_pooled,0,0.9991440773010254,1,,,,
D3_00223,G_01879,other,E5x_pooled,0,0.9991565942764282,1,,,,
D3_00224,G_01833,other,E5x_pooled,0,0.9985836744308472,1,,,,
D3_00225,G_01881,other,E5x_pooled,0,0.9986934065818787,1,,,,
D3_00226,G_01882,other,E5x_pooled,0,0.9989080429077148,1,,,,
D3_00227,G_01833,other,E5x_pooled,0,0.9990381002426147,1,,,,
D3_00228,G_01884,other,E5x_pooled,0,0.9987836480140686,1,,,,
D3_00229,G_01885,other,E5x_pooled,0,0.9984690546989441,1,,,,
D3_00230,G_01833,other,E5x_pooled,0,0.9988355040550232,1,,,,
D3_00231,G_01887,other,E5x_pooled,0,0.9986082911491394,1,,,,
D3_00232,G_01888,other,E5x_pooled,0,0.9988864064216614,1,,,,
D3_00233,G_01889,other,E5x_pooled,0,0.9987673759460449,1,,,,
D3_00234,G_01890,en,E5x_pooled,0,0.9987674951553345,1,,,,
D3_00235,G_01891,en,E5x_pooled,0,0.9983879327774048,1,,,,
D3_00236,G_01892,en,E5x_pooled,0,0.9988824725151062,1,,,,
D3_00237,G_01893,en,E5x_pooled,0,0.9988951086997986,1,,,,
D3_00238,G_03601,en,E5x_pooled,0,0.9989861845970154,1,,,,
D3_00239,G_01895,en,E5x_pooled,0,0.9985474944114685,1,,,,
D3_00240,G_01896,en,E5x_pooled,0,0.998956561088562,1,,,,
D3_00241,G_01897,en,E5x_pooled,0,0.999062716960907,1,,,,
D3_00242,G_01898,en,E5x_pooled,0,0.9986134767532349,1,,,,
D3_00243,G_01899,en,E5x_pooled,0,0.9991151690483093,1,,,,
D3_00244,G_01931,en,E5x_pooled,0,0.9986599683761597,1,,,,
D3_00245,G_01901,en,E5x_pooled,0,0.9989851117134094,1,,,,
D3_00246,G_01902,en,E5x_pooled,0,0.9989734888076782,1,,,,
D3_00247,G_01903,en,E5x_pooled,0,0.9988453388214111,1,,,,
D3_00248,G_04476,en,E5x_pooled,0,0.998727023601532,1,,,,
D3_00249,G_03603,en,E5x_pooled,0,0.9989439845085144,1,,,,
D3_00250,G_01906,en,E5x_pooled,0,0.9988916516304016,1,,,,
D3_00251,G_01907,en,E5x_pooled,0,0.9987810254096985,1,,,,
D3_00252,G_04475,en,E5x_pooled,0,0.9987958669662476,1,,,,
D3_00253,G_01909,en,E5x_pooled,0,0.9988229870796204,1,,,,
D3_00254,G_01910,en,E5x_pooled,0,0.9989789724349976,1,,,,
D3_00255,G_01911,en,E5x_pooled,0,0.998995840549469,1,,,,
D3_00256,G_01912,en,E5x_pooled,0,0.998950719833374,1,,,,
D3_00257,G_01913,en,E5x_pooled,0,0.9990824460983276,1,,,,
D3_00258,G_01914,en,E5x_pooled,0,0.9992184638977051,1,,,,
D3_00259,G_01915,en,E5x_pooled,0,0.9990812540054321,1,,,,
D3_00260,G_01890,en,E5x_pooled,0,0.9988996982574463,1,,,,
D3_00261,G_01892,en,E5x_pooled,0,0.9991251826286316,1,,,,
D3_00262,G_01891,en,E5x_pooled,0,0.9989171028137207,1,,,,
D3_00263,G_01931,en,E5x_pooled,0,0.9989873766899109,1,,,,
D3_00264,G_01902,en,E5x_pooled,0,0.9990894794464111,1,,,,
D3_00265,G_01901,en,E5x_pooled,0,0.9991714954376221,1,,,,
D3_00266,G_01922,en,E5x_pooled,0,0.99895179271698,1,,,,
D3_00267,G_01923,en,E5x_pooled,0,0.9989816546440125,1,,,,
D3_00268,G_01924,en,E5x_pooled,0,0.9992183446884155,1,,,,
D3_00269,G_01925,en,E5x_pooled,0,0.9989872574806213,1,,,,
D3_00270,G_01926,en,E5x_pooled,0,0.9992284774780273,1,,,,
D3_00271,G_01901,en,E5x_pooled,0,0.9992417097091675,1,,,,
D3_00272,G_01890,en,E5x_pooled,0,0.999113142490387,1,,,,
D3_00273,G_01929,en,E5x_pooled,0,0.9991021156311035,1,,,,
D3_00274,G_01891,en,E5x_pooled,0,0.9990370273590088,1,,,,
D3_00275,G_01931,en,E5x_pooled,0,0.9991106390953064,1,,,,
D3_00276,G_01902,en,E5x_pooled,0,0.9991826415061951,1,,,,
D3_00277,G_01901,en,E5x_pooled,0,0.9991959929466248,1,,,,
D3_00278,G_01890,en,E5x_pooled,0,0.9991175532341003,1,,,,
D3_00279,G_01935,en,E5x_pooled,0,0.9988725781440735,1,,,,
D3_00280,G_01891,en,E5x_pooled,0,0.9984850287437439,1,,,,
D3_00281,G_01937,en,E5x_pooled,0,0.9988628625869751,1,,,,
D3_00282,G_01938,en,E5x_pooled,0,0.9992085099220276,1,,,,
D3_00283,G_01939,en,E5x_pooled,0,0.9991921782493591,1,,,,
D3_00284,G_01940,en,E5x_pooled,0,0.9988382458686829,1,,,,
D3_00285,G_01941,en,E5x_pooled,0,0.9989389777183533,1,,,,
D3_00286,G_01942,en,E5x_pooled,0,0.9990680813789368,1,,,,
D3_00287,G_01943,en,E5x_pooled,0,0.9987370371818542,1,,,,
D3_00288,G_01944,en,E5x_pooled,0,0.9991291165351868,1,,,,
D3_00289,G_01945,en,E5x_pooled,0,0.9991711378097534,1,,,,
D3_00290,G_01946,other,E5x_pooled,0,0.9980556964874268,1,,,,
D3_00291,G_01947,other,E5x_pooled,0,0.9987055063247681,1,,,,
D3_00292,G_01948,other,E5x_pooled,0,0.9987286925315857,1,,,,
D3_00293,G_01949,other,E5x_pooled,0,0.9988428354263306,1,,,,
D3_00294,G_01950,other,E5x_pooled,0,0.9988536834716797,1,,,,
D3_00295,G_01951,other,E5x_pooled,0,0.998590886592865,1,,,,
D3_00296,G_01952,other,E5x_pooled,0,0.9989174604415894,1,,,,
D3_00297,G_01953,other,E5x_pooled,0,0.9988837838172913,1,,,,
D3_00298,G_01951,other,E5x_pooled,0,0.9984967708587646,1,,,,
D3_00299,G_01955,other,E5x_pooled,0,0.9984517097473145,1,,,,
D3_00300,G_01956,other,E5x_pooled,0,0.9987058639526367,1,,,,
D3_00301,G_01957,other,E5x_pooled,0,0.9965618252754211,1,,,,
D3_00302,G_01951,other,E5x_pooled,0,0.998482882976532,1,,,,
D3_00303,G_01959,other,E5x_pooled,0,0.9985966086387634,1,,,,
D3_00304,G_01960,other,E5x_pooled,0,0.9919471144676208,1,,,,
D3_00305,G_01961,other,E5x_pooled,0,0.998927652835846,1,,,,
D3_00306,G_01962,other,E5x_pooled,0,0.9965167045593262,1,,,,
D3_00307,G_01963,other,E5x_pooled,0,0.9985540509223938,1,,,,
D3_00308,G_01951,other,E5x_pooled,0,0.9975495934486389,1,,,,
D3_00309,G_01965,other,E5x_pooled,0,0.9988142251968384,1,,,,
D3_00310,G_01946,other,E5x_pooled,0,0.9986907839775085,1,,,,
D3_00311,G_01967,other,E5x_pooled,0,0.9987508058547974,1,,,,
D3_00312,G_01968,other,E5x_pooled,0,0.9988930821418762,1,,,,
D3_00313,G_01969,other,E5x_pooled,0,0.9989203214645386,1,,,,
D3_00314,G_01970,other,E5x_pooled,0,0.9990341663360596,1,,,,
D3_00315,G_01967,other,E5x_pooled,0,0.9986453652381897,1,,,,
D3_00316,G_01972,other,E5x_pooled,0,0.9985872507095337,1,,,,
D3_00317,G_01973,other,E5x_pooled,0,0.9986968636512756,1,,,,
D3_00318,G_01974,other,E5x_pooled,0,0.9989012479782104,1,,,,
D3_00319,G_01975,other,E5x_pooled,0,0.9978206157684326,1,,,,
D3_00320,G_01976,other,E5x_pooled,0,0.9987478256225586,1,,,,
D3_00322,G_01977,other,E5x_pooled,0,0.9988454580307007,1,,,,
D3_00323,G_01978,other,E5x_pooled,0,0.9988985061645508,1,,,,
D3_00324,G_01979,other,E5x_pooled,0,0.9984778761863708,1,,,,
D3_00325,G_01980,other,E5x_pooled,0,0.9989375472068787,1,,,,
D3_00326,G_01981,other,E5x_pooled,0,0.9988986253738403,1,,,,
D3_00327,G_01982,other,E5x_pooled,0,0.9984026551246643,1,,,,
D3_00328,G_01983,other,E5x_pooled,0,0.9988998174667358,1,,,,
D3_00329,G_01984,other,E5x_pooled,0,0.9986287355422974,1,,,,
D3_00330,G_01985,other,E5x_pooled,0,0.9974344372749329,1,,,,
D3_00331,G_01986,other,E5x_pooled,0,0.9976357221603394,1,,,,
D3_00332,G_01987,other,E5x_pooled,0,0.9978172779083252,1,,,,
D3_00333,G_01988,other,E5x_pooled,0,0.9987200498580933,1,,,,
D3_00334,G_01989,other,E5x_pooled,0,0.9983670115470886,1,,,,
D3_00335,G_01990,other,E5x_pooled,0,0.9987284541130066,1,,,,
D3_00336,G_01991,other,E5x_pooled,0,0.9981100559234619,1,,,,
D3_00337,G_01992,other,E5x_pooled,0,0.9980055689811707,1,,,,
D3_00338,G_01993,other,E5x_pooled,0,0.9988371729850769,1,,,,
D3_00339,G_01994,other,E5x_pooled,0,0.9887630343437195,1,,,,
D3_00340,G_01995,other,E5x_pooled,0,0.9987879395484924,1,,,,
D3_00341,G_01996,other,E5x_pooled,0,0.9990363121032715,1,,,,
D3_00342,G_01997,other,E5x_pooled,0,0.9980742931365967,1,,,,
D3_00343,G_01998,other,E5x_pooled,0,0.9985665678977966,1,,,,
D3_00344,G_01999,other,E5x_pooled,0,0.9989756345748901,1,,,,
D3_00345,G_02000,other,E5x_pooled,0,0.9982023239135742,1,,,,
D3_00346,G_02001,other,E5x_pooled,0,0.9987574815750122,1,,,,
D3_00347,G_02002,other,E5x_pooled,0,0.9956492781639099,1,,,,
D3_00348,G_02003,other,E5x_pooled,0,0.9983711838722229,1,,,,
D3_00349,G_02004,other,E5x_pooled,0,0.9990712404251099,1,,,,
D3_00350,G_02005,en,E5x_pooled,0,0.9989973902702332,1,,,,
D3_00351,G_02032,en,E5x_pooled,0,0.9990946054458618,1,,,,
D3_00352,G_02007,en,E5x_pooled,0,0.9989311099052429,1,,,,
D3_00353,G_02008,en,E5x_pooled,0,0.9990423321723938,1,,,,
D3_00354,G_02009,en,E5x_pooled,0,0.998941957950592,1,,,,
D3_00355,G_03634,en,E5x_pooled,0,0.9990947246551514,1,,,,
D3_00356,G_02011,en,E5x_pooled,0,0.9989526271820068,1,,,,
D3_00357,G_02012,en,E5x_pooled,0,0.9989355206489563,1,,,,
D3_00358,G_02013,en,E5x_pooled,0,0.9990338087081909,1,,,,
D3_00359,G_02014,en,E5x_pooled,0,0.9990161657333374,1,,,,
D3_00360,G_02015,en,E5x_pooled,0,0.9991579055786133,1,,,,
D3_00361,G_02016,en,E5x_pooled,0,0.9989410042762756,1,,,,
D3_00362,G_03116,en,E5x_pooled,0,0.9989516735076904,1,,,,
D3_00363,G_02018,en,E5x_pooled,0,0.9991256594657898,1,,,,
D3_00364,G_02019,en,E5x_pooled,0,0.9991173148155212,1,,,,
D3_00365,G_02020,en,E5x_pooled,0,0.9991750121116638,1,,,,
D3_00366,G_02021,en,E5x_pooled,0,0.9990923404693604,1,,,,
D3_00367,G_04084,en,E5x_pooled,0,0.9991440773010254,1,,,,
D3_00368,G_02023,en,E5x_pooled,0,0.999133288860321,1,,,,
D3_00369,G_03639,en,E5x_pooled,0,0.9991229176521301,1,,,,
D3_00370,G_02025,en,E5x_pooled,0,0.9990419745445251,1,,,,
D3_00371,G_02026,en,E5x_pooled,0,0.9991983771324158,1,,,,
D3_00372,G_02027,en,E5x_pooled,0,0.9992110729217529,1,,,,
D3_00373,G_02028,en,E5x_pooled,0,0.9991686344146729,1,,,,
D3_00374,G_02029,en,E5x_pooled,0,0.999180018901825,1,,,,
D3_00375,G_02030,en,E5x_pooled,0,0.9990338087081909,1,,,,
D3_00376,G_02005,en,E5x_pooled,0,0.9989940524101257,1,,,,
D3_00377,G_02032,en,E5x_pooled,0,0.9991322159767151,1,,,,
D3_00378,G_02007,en,E5x_pooled,0,0.9989904761314392,1,,,,
D3_00379,G_02015,en,E5x_pooled,0,0.9991946816444397,1,,,,
D3_00380,G_02016,en,E5x_pooled,0,0.9990967512130737,1,,,,
D3_00381,G_03116,en,E5x_pooled,0,0.9991164803504944,1,,,,
D3_00382,G_02005,en,E5x_pooled,0,0.9992152452468872,1,,,,
D3_00383,G_02032,en,E5x_pooled,0,0.9991461038589478,1,,,,
D3_00384,G_02039,en,E5x_pooled,0,0.9993317723274231,1,,,,
D3_00385,G_02040,en,E5x_pooled,0,0.9992672801017761,1,,,,
D3_00387,G_02041,en,E5x_pooled,0,0.9992502331733704,1,,,,
D3_00388,G_02005,en,E5x_pooled,0,0.9991351962089539,1,,,,
D3_00389,G_02043,en,E5x_pooled,0,0.9991483688354492,1,,,,
D3_00390,G_02007,en,E5x_pooled,0,0.9991645812988281,1,,,,
D3_00391,G_02015,en,E5x_pooled,0,0.999229907989502,1,,,,
D3_00392,G_02016,en,E5x_pooled,0,0.9991877675056458,1,,,,
D3_00393,G_03116,en,E5x_pooled,0,0.9991705417633057,1,,,,
D3_00394,G_02048,en,E5x_pooled,0,0.9991662502288818,1,,,,
D3_00395,G_02049,en,E5x_pooled,0,0.9991982579231262,1,,,,
D3_00397,G_02050,en,E5x_pooled,0,0.9992833733558655,1,,,,
D3_00398,G_02051,en,E5x_pooled,0,0.999242901802063,1,,,,
D3_00399,G_03116,en,E5x_pooled,0,0.9991366267204285,1,,,,
D3_00400,G_02053,en,E5x_pooled,0,0.9992161989212036,1,,,,
D3_00401,G_02054,en,E5x_pooled,0,0.9991223216056824,1,,,,
D3_00402,G_02055,en,E5x_pooled,0,0.9991666078567505,1,,,,
D3_00403,G_02056,en,E5x_pooled,0,0.9992291927337646,1,,,,
D3_00404,G_02057,en,E5x_pooled,0,0.9990836381912231,1,,,,
D3_00405,G_02058,en,E5x_pooled,0,0.9991084933280945,1,,,,
D3_00406,G_02059,other,E5x_pooled,0,0.9991282820701599,1,,,,
D3_00407,G_02060,other,E5x_pooled,0,0.999038577079773,1,,,,
D3_00408,G_02061,other,E5x_pooled,0,0.9990105628967285,1,,,,
D3_00409,G_02062,other,E5x_pooled,0,0.9991187453269958,1,,,,
D3_00410,G_02063,other,E5x_pooled,0,0.9990397095680237,1,,,,
D3_00411,G_02064,other,E5x_pooled,0,0.9991148114204407,1,,,,
D3_00412,G_02065,other,E5x_pooled,0,0.9992014765739441,1,,,,
D3_00413,G_02066,other,E5x_pooled,0,0.9990460276603699,1,,,,
D3_00414,G_02067,other,E5x_pooled,0,0.9990079998970032,1,,,,
D3_00415,G_02068,other,E5x_pooled,0,0.9991532564163208,1,,,,
D3_00416,G_02069,other,E5x_pooled,0,0.999089241027832,1,,,,
D3_00417,G_02070,other,E5x_pooled,0,0.999134361743927,1,,,,
D3_00418,G_02071,other,E5x_pooled,0,0.999121367931366,1,,,,
D3_00419,G_02072,other,E5x_pooled,0,0.9991218447685242,1,,,,
D3_00420,G_02073,other,E5x_pooled,0,0.9989432692527771,1,,,,
D3_00421,G_02074,other,E5x_pooled,0,0.9991269707679749,1,,,,
D3_00422,G_02075,other,E5x_pooled,0,0.9990033507347107,1,,,,
D3_00423,G_02076,other,E5x_pooled,0,0.9990633130073547,1,,,,
D3_00424,G_02077,other,E5x_pooled,0,0.9991812109947205,1,,,,
D3_00425,G_02072,other,E5x_pooled,0,0.9991227984428406,1,,,,
D3_00426,G_02079,other,E5x_pooled,0,0.9990572333335876,1,,,,
D3_00427,G_02080,other,E5x_pooled,0,0.9988203644752502,1,,,,
D3_00428,G_02081,other,E5x_pooled,0,0.9992102384567261,1,,,,
D3_00429,G_02082,other,E5x_pooled,0,0.999004065990448,1,,,,
D3_00430,G_02083,other,E5x_pooled,0,0.9990940093994141,1,,,,
D3_00431,G_02084,other,E5x_pooled,0,0.999126136302948,1,,,,
D3_00432,G_02085,other,E5x_pooled,0,0.9989823698997498,1,,,,
D3_00433,G_02086,other,E5x_pooled,0,0.9989749193191528,1,,,,
D3_00434,G_02087,other,E5x_pooled,0,0.999170184135437,1,,,,
D3_00435,G_02088,other,E5x_pooled,0,0.9990087151527405,1,,,,
D3_00436,G_02089,other,E5x_pooled,0,0.9991616010665894,1,,,,
D3_00437,G_02090,other,E5x_pooled,0,0.9991310238838196,1,,,,
D3_00438,G_02091,other,E5x_pooled,0,0.9990411400794983,1,,,,
D3_00439,G_02092,other,E5x_pooled,0,0.9991331696510315,1,,,,
D3_00440,G_02093,other,E5x_pooled,0,0.9988656044006348,1,,,,
D3_00441,G_02094,other,E5x_pooled,0,0.9991092085838318,1,,,,
D3_00442,G_02095,other,E5x_pooled,0,0.999091625213623,1,,,,
D3_00443,G_02096,other,E5x_pooled,0,0.9990342855453491,1,,,,
D3_00444,G_02097,other,E5x_pooled,0,0.9991751313209534,1,,,,
D3_00445,G_02098,other,E5x_pooled,0,0.9991496801376343,1,,,,
D3_00446,G_02099,other,E5x_pooled,0,0.9991497993469238,1,,,,
D3_00447,G_02100,other,E5x_pooled,0,0.9990546107292175,1,,,,
D3_00448,G_02099,other,E5x_pooled,0,0.9990633130073547,1,,,,
D3_00449,G_02102,other,E5x_pooled,0,0.9990906715393066,1,,,,
D3_00450,G_02103,other,E5x_pooled,0,0.9991162419319153,1,,,,
D3_00451,G_02104,other,E5x_pooled,0,0.9991586208343506,1,,,,
D3_00452,G_02105,other,E5x_pooled,0,0.9989368319511414,1,,,,
D3_00453,G_02105,other,E5x_pooled,0,0.9988828301429749,1,,,,
D3_00454,G_02103,other,E5x_pooled,0,0.9990917444229126,1,,,,
D3_00455,G_02108,other,E5x_pooled,0,0.9990237951278687,1,,,,
D3_00456,G_02109,other,E5x_pooled,0,0.9990605711936951,1,,,,
D3_00457,G_02110,other,E5x_pooled,0,0.999036431312561,1,,,,
D3_00458,G_02111,other,E5x_pooled,0,0.9991949200630188,1,,,,
D3_00459,G_02112,other,E5x_pooled,0,0.9991818070411682,1,,,,
D3_00460,G_02113,other,E5x_pooled,0,0.9989342093467712,1,,,,
D3_00461,G_02114,other,E5x_pooled,0,0.9991191029548645,1,,,,
D3_00462,G_02115,other,E5x_pooled,0,0.9991453886032104,1,,,,
D3_00463,G_02116,other,E5x_pooled,0,0.9991068243980408,1,,,,
D3_00464,G_02117,other,E5x_pooled,0,0.9991312623023987,1,,,,
D3_00465,G_02118,other,E5x_pooled,0,0.9991959929466248,1,,,,
D3_00466,G_02119,en,E5x_pooled,0,0.9988077878952026,1,,,,
D3_00467,G_02120,en,E5x_pooled,0,0.9990426898002625,1,,,,
D3_00468,G_02154,en,E5x_pooled,0,0.9989012479782104,1,,,,
D3_00469,G_04962,en,E5x_pooled,0,0.9989503026008606,1,,,,
D3_00470,G_02123,en,E5x_pooled,0,0.9988190531730652,1,,,,
D3_00471,G_03150,en,E5x_pooled,0,0.9988287091255188,1,,,,
D3_00472,G_02125,en,E5x_pooled,0,0.9989331364631653,1,,,,
D3_00473,G_02126,en,E5x_pooled,0,0.9990304708480835,1,,,,
D3_00474,G_02127,en,E5x_pooled,0,0.9988148212432861,1,,,,
D3_00475,G_02128,en,E5x_pooled,0,0.9989834427833557,1,,,,
D3_00476,G_02129,en,E5x_pooled,0,0.9988850951194763,1,,,,
D3_00477,G_02130,en,E5x_pooled,0,0.9990754127502441,1,,,,
D3_00478,G_02150,en,E5x_pooled,0,0.9991587400436401,1,,,,
D3_00479,G_04106,en,E5x_pooled,0,0.9990414977073669,1,,,,
D3_00480,G_02133,en,E5x_pooled,0,0.999057948589325,1,,,,
D3_00481,G_03168,en,E5x_pooled,0,0.999042809009552,1,,,,
D3_00482,G_02135,en,E5x_pooled,0,0.9988563060760498,1,,,,
D3_00483,G_02136,en,E5x_pooled,0,0.9990273714065552,1,,,,
D3_00484,G_02137,en,E5x_pooled,0,0.9988732933998108,1,,,,
D3_00485,G_04542,en,E5x_pooled,0,0.9987427592277527,1,,,,
D3_00486,G_03685,en,E5x_pooled,0,0.998954176902771,1,,,,
D3_00487,G_02140,en,E5x_pooled,0,0.9987665414810181,1,,,,
D3_00488,G_02141,en,E5x_pooled,0,0.9991795420646667,1,,,,
D3_00489,G_02142,en,E5x_pooled,0,0.9987789988517761,1,,,,
D3_00490,G_02143,en,E5x_pooled,0,0.9990522265434265,1,,,,
D3_00491,G_04106,en,E5x_pooled,0,0.9990830421447754,1,,,,
D3_00492,G_02145,en,E5x_pooled,0,0.9991618394851685,1,,,,
D3_00493,G_02119,en,E5x_pooled,0,0.9990088939666748,1,,,,
D3_00494,G_02120,en,E5x_pooled,0,0.9992560744285583,1,,,,
D3_00495,G_02154,en,E5x_pooled,0,0.9991187453269958,1,,,,
D3_00496,G_04106,en,E5x_pooled,0,0.9991575479507446,1,,,,
D3_00497,G_02150,en,E5x_pooled,0,0.9991834759712219,1,,,,
D3_00498,G_02130,en,E5x_pooled,0,0.999114453792572,1,,,,
D3_00499,G_02152,en,E5x_pooled,0,0.9990463852882385,1,,,,
D3_00500,G_02153,en,E5x_pooled,0,0.9991481304168701,1,,,,
D3_00501,G_02154,en,E5x_pooled,0,0.999024510383606,1,,,,
D3_00502,G_04106,en,E5x_pooled,0,0.9991770386695862,1,,,,
D3_00504,G_02150,en,E5x_pooled,0,0.9992606043815613,1,,,,
D3_00505,G_02120,en,E5x_pooled,0,0.9992179870605469,1,,,,
D3_00506,G_02119,en,E5x_pooled,0,0.9991102814674377,1,,,,
D3_00507,G_02159,en,E5x_pooled,0,0.9991360306739807,1,,,,
D3_00508,G_04106,en,E5x_pooled,0,0.9991662502288818,1,,,,
D3_00509,G_02150,en,E5x_pooled,0,0.9992270469665527,1,,,,
D3_00510,G_02162,en,E5x_pooled,0,0.9992097616195679,1,,,,
D3_00511,G_02163,en,E5x_pooled,0,0.9990129470825195,1,,,,
D3_00512,G_02164,en,E5x_pooled,0,0.99904865026474,1,,,,
D3_00513,G_02154,en,E5x_pooled,0,0.9991258978843689,1,,,,
D3_00514,G_02166,en,E5x_pooled,0,0.999257504940033,1,,,,
D3_00515,G_02150,en,E5x_pooled,0,0.9991519451141357,1,,,,
D3_00516,G_04106,en,E5x_pooled,0,0.999116837978363,1,,,,
D3_00517,G_02169,en,E5x_pooled,0,0.9990004897117615,1,,,,
D3_00518,G_02170,en,E5x_pooled,0,0.9989688396453857,1,,,,
D3_00519,G_02171,en,E5x_pooled,0,0.9988634586334229,1,,,,
D3_00520,G_02172,en,E5x_pooled,0,0.9990863800048828,1,,,,
D3_00521,G_02173,en,E5x_pooled,0,0.9991768002510071,1,,,,
D3_00522,G_02174,en,E5x_pooled,0,0.9990754127502441,1,,,,
D3_00523,G_02175,other,E5x_pooled,0,0.9971016049385071,1,,,,
D3_00524,G_02176,other,E5x_pooled,0,0.9990655779838562,1,,,,
D3_00525,G_02177,other,E5x_pooled,0,0.9972007274627686,1,,,,
D3_00526,G_02178,other,E5x_pooled,0,0.9979698061943054,1,,,,
D3_00527,G_02179,other,E5x_pooled,0,0.9975548386573792,1,,,,
D3_00528,G_02180,other,E5x_pooled,0,0.9984890222549438,1,,,,
D3_00529,G_02181,other,E5x_pooled,0,0.998175859451294,1,,,,
D3_00530,G_02182,other,E5x_pooled,0,0.9968929290771484,1,,,,
D3_00531,G_02183,other,E5x_pooled,0,0.9941375255584717,1,,,,
D3_00532,G_02184,other,E5x_pooled,0,0.9979986548423767,1,,,,
D3_00533,G_02185,other,E5x_pooled,0,0.998842179775238,1,,,,
D3_00534,G_02186,other,E5x_pooled,0,0.9989895224571228,1,,,,
D3_00535,G_02187,other,E5x_pooled,0,0.9988627433776855,1,,,,
D3_00536,G_02188,other,E5x_pooled,0,0.9983248114585876,1,,,,
D3_00537,G_02189,other,E5x_pooled,0,0.9984723925590515,1,,,,
D3_00538,G_02190,other,E5x_pooled,0,0.9986255168914795,1,,,,
D3_00539,G_02191,other,E5x_pooled,0,0.9989532232284546,1,,,,
D3_00540,G_02192,other,E5x_pooled,0,0.9977924823760986,1,,,,
D3_00541,G_02193,other,E5x_pooled,0,0.9933652281761169,1,,,,
D3_00542,G_02194,other,E5x_pooled,0,0.9984160661697388,1,,,,
D3_00543,G_02195,other,E5x_pooled,0,0.9989758729934692,1,,,,
D3_00544,G_02196,other,E5x_pooled,0,0.9988480806350708,1,,,,
D3_00545,G_02197,other,E5x_pooled,0,0.998935878276825,1,,,,
D3_00546,G_02198,other,E5x_pooled,0,0.9984569549560547,1,,,,
D3_00547,G_02199,other,E5x_pooled,0,0.9973255395889282,1,,,,
D3_00548,G_02200,other,E5x_pooled,0,0.9990057349205017,1,,,,
D3_00549,G_02201,other,E5x_pooled,0,0.9937871694564819,1,,,,
D3_00550,G_02202,other,E5x_pooled,0,0.998559296131134,1,,,,
D3_00551,G_02203,other,E5x_pooled,0,0.9988631010055542,1,,,,
D3_00552,G_02204,other,E5x_pooled,0,0.9984655380249023,1,,,,
D3_00553,G_02205,other,E5x_pooled,0,0.9986574649810791,1,,,,
D3_00554,G_02206,other,E5x_pooled,0,0.9986975193023682,1,,,,
D3_00555,G_02207,other,E5x_pooled,0,0.9966968297958374,1,,,,
D3_00556,G_02208,other,E5x_pooled,0,0.9986782670021057,1,,,,
D3_00557,G_02209,other,E5x_pooled,0,0.9975787997245789,1,,,,
D3_00558,G_02210,other,E5x_pooled,0,0.9987572431564331,1,,,,
D3_00559,G_02206,other,E5x_pooled,0,0.9985883831977844,1,,,,
D3_00560,G_02212,other,E5x_pooled,0,0.9984391331672668,1,,,,
D3_00561,G_02213,other,E5x_pooled,0,0.9987912774085999,1,,,,
D3_00562,G_02214,other,E5x_pooled,0,0.998581051826477,1,,,,
D3_00563,G_02215,other,E5x_pooled,0,0.9988086223602295,1,,,,
D3_00564,G_02216,other,E5x_pooled,0,0.9980827569961548,1,,,,
D3_00565,G_02217,other,E5x_pooled,0,0.9985663294792175,1,,,,
D3_00566,G_02218,other,E5x_pooled,0,0.9986513257026672,1,,,,
D3_00567,G_02219,other,E5x_pooled,0,0.998525083065033,1,,,,
D3_00568,G_02217,other,E5x_pooled,0,0.9980035424232483,1,,,,
D3_00569,G_02221,other,E5x_pooled,0,0.999017596244812,1,,,,
D3_00570,G_02222,other,E5x_pooled,0,0.9969732761383057,1,,,,
D3_00571,G_02223,other,E5x_pooled,0,0.9989718198776245,1,,,,
D3_00572,G_02224,other,E5x_pooled,0,0.998954176902771,1,,,,
D3_00573,G_02225,other,E5x_pooled,0,0.9986143112182617,1,,,,
D3_00574,G_02226,other,E5x_pooled,0,0.9982938170433044,1,,,,
D3_00575,G_02227,other,E5x_pooled,0,0.9982910752296448,1,,,,
D3_00576,G_02228,other,E5x_pooled,0,0.9985907673835754,1,,,,
D3_00577,G_02229,other,E5x_pooled,0,0.9986901879310608,1,,,,
D3_00578,G_02230,other,E5x_pooled,0,0.9978418350219727,1,,,,
D3_00579,G_02231,other,E5x_pooled,0,0.9986525177955627,1,,,,
D3_00580,G_02229,other,E5x_pooled,0,0.9987854361534119,1,,,,
D3_00581,G_02233,other,E5x_pooled,0,0.9990249872207642,1,,,,
D3_00582,G_02234,other,E5x_pooled,0,0.9987784028053284,1,,,,
D3_00583,G_02235,en,E5x_pooled,0,0.9991357922554016,1,,,,
D3_00584,G_02264,en,E5x_pooled,0,0.9989198446273804,1,,,,
D3_00585,G_04639,en,E5x_pooled,0,0.9989719390869141,1,,,,
D3_00586,G_02238,en,E5x_pooled,0,0.9991992115974426,1,,,,
D3_00587,G_02239,en,E5x_pooled,0,0.9991045594215393,1,,,,
D3_00588,G_04635,en,E5x_pooled,0,0.9988355040550232,1,,,,
D3_00589,G_02241,en,E5x_pooled,0,0.998705267906189,1,,,,
D3_00590,G_02242,en,E5x_pooled,0,0.9987562894821167,1,,,,
D3_00591,G_02243,en,E5x_pooled,0,0.9991194605827332,1,,,,
D3_00592,G_02244,en,E5x_pooled,0,0.9987499713897705,1,,,,
D3_00593,G_02245,en,E5x_pooled,0,0.9991326928138733,1,,,,
D3_00594,G_02468,en,E5x_pooled,0,0.9989678859710693,1,,,,
D3_00595,G_02278,en,E5x_pooled,0,0.9989110231399536,1,,,,
D3_00596,G_02277,en,E5x_pooled,0,0.9990054965019226,1,,,,
D3_00597,G_02249,en,E5x_pooled,0,0.9989132881164551,1,,,,
D3_00598,G_03717,en,E5x_pooled,0,0.9988982677459717,1,,,,
D3_00599,G_03281,en,E5x_pooled,0,0.9992243051528931,1,,,,
D3_00600,G_02252,en,E5x_pooled,0,0.9991517066955566,1,,,,
D3_00601,G_03178,en,E5x_pooled,0,0.9990591406822205,1,,,,
D3_00602,G_03183,en,E5x_pooled,0,0.9989381432533264,1,,,,
D3_00603,G_04642,en,E5x_pooled,0,0.9992203712463379,1,,,,
D3_00604,G_02256,en,E5x_pooled,0,0.9990056157112122,1,,,,
D3_00605,G_02257,en,E5x_pooled,0,0.9991713762283325,1,,,,
D3_00606,G_02258,en,E5x_pooled,0,0.9991771578788757,1,,,,
D3_00607,G_02259,en,E5x_pooled,0,0.998985230922699,1,,,,
D3_00608,G_02260,en,E5x_pooled,0,0.9990172386169434,1,,,,
D3_00609,G_02261,en,E5x_pooled,0,0.9990260601043701,1,,,,
D3_00610,G_02262,en,E5x_pooled,0,0.9991722106933594,1,,,,
D3_00611,G_04639,en,E5x_pooled,0,0.9991536140441895,1,,,,
D3_00612,G_02264,en,E5x_pooled,0,0.9990643858909607,1,,,,
D3_00613,G_02468,en,E5x_pooled,0,0.9991481304168701,1,,,,
D3_00614,G_02277,en,E5x_pooled,0,0.9991003274917603,1,,,,
D3_00615,G_02278,en,E5x_pooled,0,0.9991207718849182,1,,,,
D3_00616,G_02235,en,E5x_pooled,0,0.9992713332176208,1,,,,
D3_00617,G_02269,en,E5x_pooled,0,0.9992861151695251,1,,,,
D3_00618,G_04639,en,E5x_pooled,0,0.9991152882575989,1,,,,
D3_00619,G_02271,en,E5x_pooled,0,0.9992139339447021,1,,,,
D3_00621,G_02272,en,E5x_pooled,0,0.9992089867591858,1,,,,
D3_00622,G_02273,en,E5x_pooled,0,0.9992497563362122,1,,,,
D3_00623,G_02274,en,E5x_pooled,0,0.9991579055786133,1,,,,
D3_00624,G_02275,en,E5x_pooled,0,0.9992055296897888,1,,,,
D3_00625,G_02276,en,E5x_pooled,0,0.999139666557312,1,,,,
D3_00626,G_02277,en,E5x_pooled,0,0.9991859793663025,1,,,,
D3_00627,G_02278,en,E5x_pooled,0,0.999202311038971,1,,,,
D3_00628,G_02279,en,E5x_pooled,0,0.9992786049842834,1,,,,
D3_00629,G_02280,en,E5x_pooled,0,0.9991357922554016,1,,,,
D3_00630,G_02281,en,E5x_pooled,0,0.9988571405410767,1,,,,
D3_00631,G_02468,en,E5x_pooled,0,0.9990144968032837,1,,,,
D3_00632,G_02283,en,E5x_pooled,0,0.9992061257362366,1,,,,
D3_00633,G_02277,en,E5x_pooled,0,0.9991555213928223,1,,,,
D3_00634,G_02285,en,E5x_pooled,0,0.9992642998695374,1,,,,
D3_00635,G_02286,en,E5x_pooled,0,0.9989244341850281,1,,,,
D3_00636,G_02287,en,E5x_pooled,0,0.9989897608757019,1,,,,
D3_00637,G_02288,en,E5x_pooled,0,0.9990708827972412,1,,,,
D3_00638,G_02289,en,E5x_pooled,0,0.9989526271820068,1,,,,
D3_00639,G_02290,en,E5x_pooled,0,0.9989694356918335,1,,,,
D3_00640,G_02291,other,E5x_pooled,0,0.9990691542625427,1,,,,
D3_00641,G_02292,other,E5x_pooled,0,0.9990020394325256,1,,,,
D3_00642,G_02293,other,E5x_pooled,0,0.9989448189735413,1,,,,
D3_00643,G_02294,other,E5x_pooled,0,0.9991461038589478,1,,,,
D3_00644,G_02295,other,E5x_pooled,0,0.9989257454872131,1,,,,
D3_00645,G_02296,other,E5x_pooled,0,0.9990092515945435,1,,,,
D3_00646,G_02297,other,E5x_pooled,0,0.998963475227356,1,,,,
D3_00647,G_02298,other,E5x_pooled,0,0.9988623857498169,1,,,,
D3_00648,G_02299,other,E5x_pooled,0,0.9991798996925354,1,,,,
D3_00649,G_02300,other,E5x_pooled,0,0.9990559220314026,1,,,,
D3_00650,G_02301,other,E5x_pooled,0,0.998989999294281,1,,,,
D3_00651,G_02302,other,E5x_pooled,0,0.9991425275802612,1,,,,
D3_00652,G_02303,other,E5x_pooled,0,0.9990841150283813,1,,,,
D3_00653,G_02304,other,E5x_pooled,0,0.9990254640579224,1,,,,
D3_00654,G_02305,other,E5x_pooled,0,0.9991175532341003,1,,,,
D3_00655,G_02306,other,E5x_pooled,0,0.9989118576049805,1,,,,
D3_00656,G_02307,other,E5x_pooled,0,0.9989926218986511,1,,,,
D3_00657,G_02308,other,E5x_pooled,0,0.9990683197975159,1,,,,
D3_00658,G_02309,other,E5x_pooled,0,0.9989578723907471,1,,,,
D3_00659,G_02310,other,E5x_pooled,0,0.998855710029602,1,,,,
D3_00660,G_02311,other,E5x_pooled,0,0.9990299940109253,1,,,,
D3_00661,G_02312,other,E5x_pooled,0,0.9989675283432007,1,,,,
D3_00662,G_02313,other,E5x_pooled,0,0.998943030834198,1,,,,
D3_00663,G_02314,other,E5x_pooled,0,0.9990804195404053,1,,,,
D3_00664,G_02315,other,E5x_pooled,0,0.9989781379699707,1,,,,
D3_00665,G_02316,other,E5x_pooled,0,0.9990224838256836,1,,,,
D3_00666,G_02317,other,E5x_pooled,0,0.9991518259048462,1,,,,
D3_00667,G_02318,other,E5x_pooled,0,0.9990912675857544,1,,,,
D3_00668,G_02319,other,E5x_pooled,0,0.9990770816802979,1,,,,
D3_00669,G_02320,other,E5x_pooled,0,0.9990267753601074,1,,,,
D3_00670,G_02321,other,E5x_pooled,0,0.9990411400794983,1,,,,
D3_00671,G_02322,other,E5x_pooled,0,0.9990947246551514,1,,,,
D3_00672,G_02323,other,E5x_pooled,0,0.9988498687744141,1,,,,
D3_00673,G_02324,other,E5x_pooled,0,0.9991855025291443,1,,,,
D3_00674,G_02325,other,E5x_pooled,0,0.9991607666015625,1,,,,
D3_00675,G_02326,other,E5x_pooled,0,0.9989204406738281,1,,,,
D3_00676,G_02327,other,E5x_pooled,0,0.9991117119789124,1,,,,
D3_00677,G_02328,other,E5x_pooled,0,0.9991733431816101,1,,,,
D3_00678,G_02329,other,E5x_pooled,0,0.9989074468612671,1,,,,
D3_00679,G_02330,other,E5x_pooled,0,0.9990593791007996,1,,,,
D3_00680,G_02331,other,E5x_pooled,0,0.9988449811935425,1,,,,
D3_00681,G_02332,other,E5x_pooled,0,0.998775064945221,1,,,,
D3_00682,G_02333,other,E5x_pooled,0,0.9990034699440002,1,,,,
D3_00683,G_02334,other,E5x_pooled,0,0.9989534616470337,1,,,,
D3_00684,G_02335,other,E5x_pooled,0,0.9989435076713562,1,,,,
D3_00685,G_02336,other,E5x_pooled,0,0.9989497065544128,1,,,,
D3_00686,G_02337,other,E5x_pooled,0,0.9988357424736023,1,,,,
D3_00687,G_02338,other,E5x_pooled,0,0.9988853335380554,1,,,,
D3_00689,G_02339,other,E5x_pooled,0,0.9988369345664978,1,,,,
D3_00690,G_02340,other,E5x_pooled,0,0.9991230368614197,1,,,,
D3_00691,G_02341,other,E5x_pooled,0,0.9987843632698059,1,,,,
D3_00692,G_02342,other,E5x_pooled,0,0.9989545345306396,1,,,,
D3_00693,G_02343,other,E5x_pooled,0,0.9990386962890625,1,,,,
D3_00694,G_02344,other,E5x_pooled,0,0.9990662932395935,1,,,,
D3_00695,G_02345,other,E5x_pooled,0,0.9990695118904114,1,,,,
D3_00696,G_02346,other,E5x_pooled,0,0.9990330934524536,1,,,,
D3_00697,G_02347,other,E5x_pooled,0,0.9988670349121094,1,,,,
D3_00698,G_02348,other,E5x_pooled,0,0.9989219903945923,1,,,,
D3_00699,G_02349,other,E5x_pooled,0,0.9988910555839539,1,,,,
D3_00700,G_04180,en,E5x_pooled,0,0.9979524612426758,1,,,,
D3_00701,G_02372,en,E5x_pooled,0,0.9988805651664734,1,,,,
D3_00702,G_03219,en,E5x_pooled,0,0.9984350800514221,1,,,,
D3_00703,G_02353,en,E5x_pooled,0,0.9985774755477905,1,,,,
D3_00704,G_02354,en,E5x_pooled,0,0.9937286376953125,1,,,,
D3_00705,G_02355,en,E5x_pooled,0,0.9982509016990662,1,,,,
D3_00706,G_02356,en,E5x_pooled,0,0.8714001178741455,1,,,,
D3_00707,G_02357,en,E5x_pooled,0,0.9983004927635193,1,,,,
D3_00708,G_02358,en,E5x_pooled,0,0.9974626302719116,1,,,,
D3_00709,G_02359,en,E5x_pooled,0,0.32436493039131165,1,,,,
D3_00710,G_02360,en,E5x_pooled,0,0.998457670211792,1,,,,
D3_00711,G_02390,en,E5x_pooled,0,0.9988834261894226,1,,,,
D3_00712,G_03230,en,E5x_pooled,0,0.9983510971069336,1,,,,
D3_00713,G_02363,en,E5x_pooled,0,0.9989191293716431,1,,,,
D3_00714,G_02364,en,E5x_pooled,0,0.9977567791938782,1,,,,
D3_00715,G_03228,en,E5x_pooled,0,0.9972021579742432,1,,,,
D3_00716,G_02366,en,E5x_pooled,0,0.9969135522842407,1,,,,
D3_00717,G_02367,en,E5x_pooled,0,0.9952470660209656,1,,,,
D3_00718,G_02368,en,E5x_pooled,0,0.9986481070518494,1,,,,
D3_00719,G_02369,en,E5x_pooled,0,0.995881199836731,1,,,,
D3_00720,G_02370,en,E5x_pooled,0,0.9988651275634766,1,,,,
D3_00721,G_02371,en,E5x_pooled,0,0.998755931854248,1,,,,
D3_00722,G_02372,en,E5x_pooled,0,0.9990410208702087,1,,,,
D3_00723,G_02360,en,E5x_pooled,0,0.9988164901733398,1,,,,
D3_00724,G_02390,en,E5x_pooled,0,0.9991286396980286,1,,,,
D3_00725,G_03230,en,E5x_pooled,0,0.9989343285560608,1,,,,
D3_00726,G_02376,en,E5x_pooled,0,0.9990554451942444,1,,,,
D3_00727,G_02377,en,E5x_pooled,0,0.9988971948623657,1,,,,
D3_00728,G_02378,en,E5x_pooled,0,0.998802661895752,1,,,,
D3_00729,G_02379,en,E5x_pooled,0,0.9989209175109863,1,,,,
D3_00730,G_02380,en,E5x_pooled,0,0.9990721940994263,1,,,,
D3_00731,G_02381,en,E5x_pooled,0,0.9990837574005127,1,,,,
D3_00732,G_02382,en,E5x_pooled,0,0.9988859295845032,1,,,,
D3_00735,G_02383,en,E5x_pooled,0,0.9988262057304382,1,,,,
D3_00736,G_02390,en,E5x_pooled,0,0.9991106390953064,1,,,,
D3_00737,G_02385,en,E5x_pooled,0,0.9992339611053467,1,,,,
D3_00738,G_04180,en,E5x_pooled,0,0.9991084933280945,1,,,,
D3_00739,G_03219,en,E5x_pooled,0,0.9992327690124512,1,,,,
D3_00740,G_02372,en,E5x_pooled,0,0.9991963505744934,1,,,,
D3_00741,G_02389,en,E5x_pooled,0,0.9989755153656006,1,,,,
D3_00742,G_02390,en,E5x_pooled,0,0.9991517066955566,1,,,,
D3_00743,G_02391,en,E5x_pooled,0,0.9990039467811584,1,,,,
D3_00744,G_02392,en,E5x_pooled,0,0.9990789890289307,1,,,,
D3_00745,G_02393,en,E5x_pooled,0,0.998343825340271,1,,,,
D3_00746,G_02394,en,E5x_pooled,0,0.9988800883293152,1,,,,
D3_00747,G_02395,en,E5x_pooled,0,0.99903404712677,1,,,,
D3_00748,G_02396,en,E5x_pooled,0,0.9990330934524536,1,,,,
D3_00749,G_02397,en,E5x_pooled,0,0.9989504814147949,1,,,,
D3_00750,G_02398,en,E5x_pooled,0,0.9971178770065308,1,,,,
D3_00751,G_02399,en,E5x_pooled,0,0.9988371729850769,1,,,,
D3_00752,G_02400,en,E5x_pooled,0,0.9989213943481445,1,,,,
D3_00753,G_02401,en,E5x_pooled,0,0.9986095428466797,1,,,,
D3_00754,G_02402,en,E5x_pooled,0,0.9985835552215576,1,,,,
D3_00755,G_02403,en,E5x_pooled,0,0.9978775978088379,1,,,,
D3_00756,G_02404,other,E5x_pooled,0,0.9973516464233398,1,,,,
D3_00757,G_02405,other,E5x_pooled,0,0.9924869537353516,1,,,,
D3_00758,G_02406,other,E5x_pooled,0,0.9976314306259155,1,,,,
D3_00759,G_02407,other,E5x_pooled,0,0.9961565136909485,1,,,,
D3_00760,G_02408,other,E5x_pooled,0,0.9985989928245544,1,,,,
D3_00761,G_02409,other,E5x_pooled,0,0.9976751208305359,1,,,,
D3_00762,G_02410,other,E5x_pooled,0,0.9990363121032715,1,,,,
D3_00763,G_02411,other,E5x_pooled,0,0.997500479221344,1,,,,
D3_00764,G_02412,other,E5x_pooled,0,0.9911206364631653,1,,,,
D3_00765,G_02413,other,E5x_pooled,0,0.9979230761528015,1,,,,
D3_00766,G_02414,other,E5x_pooled,0,0.9989134073257446,1,,,,
D3_00767,G_02415,other,E5x_pooled,0,0.9839177131652832,1,,,,
D3_00768,G_02416,other,E5x_pooled,0,0.9983053207397461,1,,,,
D3_00769,G_02417,other,E5x_pooled,0,0.9923918843269348,1,,,,
D3_00770,G_02418,other,E5x_pooled,0,0.9963433146476746,1,,,,
D3_00771,G_02419,other,E5x_pooled,0,0.9953244924545288,1,,,,
D3_00772,G_02420,other,E5x_pooled,0,0.9977922439575195,1,,,,
D3_00773,G_02421,other,E5x_pooled,0,0.9972633123397827,1,,,,
D3_00774,G_02422,other,E5x_pooled,0,0.9974583983421326,1,,,,
D3_00776,G_02423,other,E5x_pooled,0,0.9990185499191284,1,,,,
D3_00777,G_02424,other,E5x_pooled,0,0.0005071377381682396,0,,,,
D3_00778,G_02425,other,E5x_pooled,0,0.0005568999331444502,0,,,,
D3_00779,G_02426,other,E5x_pooled,0,0.0004733194364234805,0,,,,
D3_00780,G_02427,other,E5x_pooled,0,0.0005697707529179752,0,,,,
D3_00781,G_02428,other,E5x_pooled,0,0.0010618020314723253,0,,,,
D3_00782,G_02429,other,E5x_pooled,0,0.0004940385697409511,0,,,,
D3_00783,G_02430,other,E5x_pooled,0,0.0009328692685812712,0,,,,
D3_00784,G_02429,other,E5x_pooled,0,0.00048015257925726473,0,,,,
D3_00785,G_02432,other,E5x_pooled,0,0.005297961179167032,0,,,,
D3_00786,G_02433,other,E5x_pooled,0,0.9980301260948181,1,,,,
D3_00787,G_02434,other,E5x_pooled,0,0.2091146856546402,0,,,,
D3_00788,G_02435,other,E5x_pooled,0,0.9966756105422974,1,,,,
D3_00789,G_02436,other,E5x_pooled,0,0.9179901480674744,1,,,,
D3_00790,G_02437,other,E5x_pooled,0,0.6621300578117371,1,,,,
D3_00791,G_02438,other,E5x_pooled,0,0.9987063407897949,1,,,,
D3_00792,G_02439,other,E5x_pooled,0,0.9975599050521851,1,,,,
D3_00793,G_02440,other,E5x_pooled,0,0.002333423588424921,0,,,,
D3_00794,G_02441,other,E5x_pooled,0,0.0022575154434889555,0,,,,
D3_00795,G_02442,other,E5x_pooled,0,0.9676101207733154,1,,,,
D3_00796,G_02443,other,E5x_pooled,0,0.9990280866622925,1,,,,
D3_00797,G_02444,other,E5x_pooled,0,0.09192022681236267,0,,,,
D3_00798,G_02445,other,E5x_pooled,0,0.9927535653114319,1,,,,
D3_00799,G_02446,other,E5x_pooled,0,0.9970123767852783,1,,,,
D3_00800,G_02447,other,E5x_pooled,0,0.9984118938446045,1,,,,
D3_00801,G_02448,other,E5x_pooled,0,0.998333752155304,1,,,,
D3_00802,G_02445,other,E5x_pooled,0,0.9985407590866089,1,,,,
D3_00803,G_02450,other,E5x_pooled,0,0.9964569211006165,1,,,,
D3_00804,G_02451,other,E5x_pooled,0,0.9985225796699524,1,,,,
D3_00805,G_02445,other,E5x_pooled,0,0.9960619807243347,1,,,,
D3_00806,G_02453,other,E5x_pooled,0,0.9986557960510254,1,,,,
D3_00807,G_02454,other,E5x_pooled,0,0.9987770915031433,1,,,,
D3_00808,G_02455,other,E5x_pooled,0,0.9970255494117737,1,,,,
D3_00809,G_02456,other,E5x_pooled,0,0.9988178610801697,1,,,,
D3_00810,G_02457,other,E5x_pooled,0,0.998524010181427,1,,,,
D3_00811,G_02458,other,E5x_pooled,0,0.9988094568252563,1,,,,
D3_00812,G_02459,other,E5x_pooled,0,0.9987053871154785,1,,,,
D3_00813,G_02460,other,E5x_pooled,0,0.9983475208282471,1,,,,
D3_00814,G_02461,other,E5x_pooled,0,0.998075008392334,1,,,,
D3_00815,G_02462,other,E5x_pooled,0,0.9986960291862488,1,,,,
D3_00837,G_02463,en,E5x_pooled,0,0.9992347955703735,1,,,,
D3_00838,G_02464,en,E5x_pooled,0,0.998910665512085,1,,,,
D3_00839,G_02465,en,E5x_pooled,0,0.9987782835960388,1,,,,
D3_00840,G_02466,en,E5x_pooled,0,0.9990672469139099,1,,,,
D3_00841,G_02467,en,E5x_pooled,0,0.999092698097229,1,,,,
D3_00842,G_02468,en,E5x_pooled,0,0.9992258548736572,1,,,,
D3_00843,G_02238,en,E5x_pooled,0,0.9992501139640808,1,,,,
D3_00845,G_02470,en,E5x_pooled,0,0.9989097118377686,1,,,,
D3_00847,G_03178,en,E5x_pooled,0,0.9990839958190918,1,,,,
D3_00848,G_02472,en,E5x_pooled,0,0.9991638660430908,1,,,,
D3_00849,G_02473,en,E5x_pooled,0,0.9993215799331665,1,,,,
D3_00851,G_02242,en,E5x_pooled,0,0.9991475343704224,1,,,,
D3_00852,G_02475,en,E5x_pooled,0,0.9991174340248108,1,,,,
D3_00853,G_03178,en,E5x_pooled,0,0.9991031885147095,1,,,,
D3_00855,G_02477,en,E5x_pooled,0,0.9992125034332275,1,,,,
D3_00857,G_02478,en,E5x_pooled,0,0.9986245632171631,1,,,,
D3_00858,G_03183,en,E5x_pooled,0,0.9990594983100891,1,,,,
D3_00859,G_02480,en,E5x_pooled,0,0.9990506768226624,1,,,,
D3_00860,G_02468,en,E5x_pooled,0,0.9988712668418884,1,,,,
D3_00861,G_02238,en,E5x_pooled,0,0.9992619156837463,1,,,,
D3_00863,G_02242,en,E5x_pooled,0,0.9990298748016357,1,,,,
D3_00864,G_02484,en,E5x_pooled,0,0.9991349577903748,1,,,,
D3_00865,G_02468,en,E5x_pooled,0,0.9991682767868042,1,,,,
D3_00866,G_03178,en,E5x_pooled,0,0.9992665648460388,1,,,,
D3_00867,G_02487,en,E5x_pooled,0,0.999203622341156,1,,,,
D3_00868,G_02488,en,E5x_pooled,0,0.9988627433776855,1,,,,
D3_00869,G_02489,en,E5x_pooled,0,0.9987059831619263,1,,,,
D3_00870,G_02490,en,E5x_pooled,0,0.9987228512763977,1,,,,
D3_00871,G_02491,en,E5x_pooled,0,0.9990516304969788,1,,,,
D3_00872,G_02492,en,E5x_pooled,0,0.9985653758049011,1,,,,
D3_00933,G_02493,en,E5x_pooled,0,0.9988346695899963,1,,,,
D3_00934,G_02521,en,E5x_pooled,0,0.9990196228027344,1,,,,
D3_00935,G_02519,en,E5x_pooled,0,0.9990398287773132,1,,,,
D3_00936,G_03310,en,E5x_pooled,0,0.9989412426948547,1,,,,
D3_00937,G_02497,en,E5x_pooled,0,0.9989776611328125,1,,,,
D3_00938,G_02498,en,E5x_pooled,0,0.9988749623298645,1,,,,
D3_00939,G_02499,en,E5x_pooled,0,0.9988271594047546,1,,,,
D3_00940,G_02500,en,E5x_pooled,0,0.9987941980361938,1,,,,
D3_00941,G_02501,en,E5x_pooled,0,0.9989467263221741,1,,,,
D3_00942,G_02502,en,E5x_pooled,0,0.9988535642623901,1,,,,
D3_00943,G_02503,en,E5x_pooled,0,0.999140739440918,1,,,,
D3_00944,G_02504,en,E5x_pooled,0,0.9991249442100525,1,,,,
D3_00945,G_03808,en,E5x_pooled,0,0.9991377592086792,1,,,,
D3_00946,G_03806,en,E5x_pooled,0,0.9990848302841187,1,,,,
D3_00947,G_02507,en,E5x_pooled,0,0.999016523361206,1,,,,
D3_00948,G_02508,en,E5x_pooled,0,0.999138593673706,1,,,,
D3_00949,G_02509,en,E5x_pooled,0,0.9991151690483093,1,,,,
D3_00950,G_02510,en,E5x_pooled,0,0.9991625547409058,1,,,,
D3_00951,G_02511,en,E5x_pooled,0,0.999051034450531,1,,,,
D3_00952,G_02512,en,E5x_pooled,0,0.9991449117660522,1,,,,
D3_00953,G_02513,en,E5x_pooled,0,0.9990308284759521,1,,,,
D3_00954,G_02514,en,E5x_pooled,0,0.99908447265625,1,,,,
D3_00955,G_02515,en,E5x_pooled,0,0.9991045594215393,1,,,,
D3_00956,G_02516,en,E5x_pooled,0,0.9991896748542786,1,,,,
D3_00957,G_02517,en,E5x_pooled,0,0.9990872144699097,1,,,,
D3_00958,G_02518,en,E5x_pooled,0,0.999049723148346,1,,,,
D3_00959,G_02519,en,E5x_pooled,0,0.9991482496261597,1,,,,
D3_00960,G_02520,en,E5x_pooled,0,0.9990505576133728,1,,,,
D3_00961,G_02521,en,E5x_pooled,0,0.999193012714386,1,,,,
D3_00962,G_03808,en,E5x_pooled,0,0.9991569519042969,1,,,,
D3_00963,G_02503,en,E5x_pooled,0,0.9992269277572632,1,,,,
D3_00964,G_02504,en,E5x_pooled,0,0.9992145299911499,1,,,,
D3_00965,G_02493,en,E5x_pooled,0,0.9990492463111877,1,,,,
D3_00966,G_02526,en,E5x_pooled,0,0.9992243051528931,1,,,,
D3_00967,G_02519,en,E5x_pooled,0,0.9991855025291443,1,,,,
D3_00968,G_03808,en,E5x_pooled,0,0.9991205334663391,1,,,,
D3_00969,G_02503,en,E5x_pooled,0,0.9990647435188293,1,,,,
D3_00970,G_02504,en,E5x_pooled,0,0.9991982579231262,1,,,,
D3_00971,G_02531,en,E5x_pooled,0,0.9992218017578125,1,,,,
D3_00972,G_02532,en,E5x_pooled,0,0.9992150068283081,1,,,,
D3_00973,G_02533,en,E5x_pooled,0,0.9991734623908997,1,,,,
D3_00974,G_02534,en,E5x_pooled,0,0.9992629885673523,1,,,,
D3_00975,G_02535,en,E5x_pooled,0,0.9992547631263733,1,,,,
D3_00976,G_02536,en,E5x_pooled,0,0.9992552399635315,1,,,,
D3_00977,G_02537,en,E5x_pooled,0,0.9991082549095154,1,,,,
D3_00978,G_02538,en,E5x_pooled,0,0.9991959929466248,1,,,,
D3_00979,G_02539,en,E5x_pooled,0,0.9990367889404297,1,,,,
D3_00980,G_02503,en,E5x_pooled,0,0.9991574287414551,1,,,,
D3_00981,G_02541,en,E5x_pooled,0,0.9992488026618958,1,,,,
D3_00982,G_02542,en,E5x_pooled,0,0.9992172718048096,1,,,,
D3_00983,G_02543,en,E5x_pooled,0,0.9989909529685974,1,,,,
D3_00984,G_02544,en,E5x_pooled,0,0.999113142490387,1,,,,
D3_00985,G_02545,en,E5x_pooled,0,0.999015212059021,1,,,,
D3_00986,G_02546,en,E5x_pooled,0,0.999157190322876,1,,,,
D3_00987,G_02547,en,E5x_pooled,0,0.9990906715393066,1,,,,
D3_00988,G_02548,en,E5x_pooled,0,0.9991657733917236,1,,,,
D3_00989,G_02549,other,E5x_pooled,0,0.9989797472953796,1,,,,
D3_00990,G_02550,other,E5x_pooled,0,0.9983842372894287,1,,,,
D3_00991,G_02550,other,E5x_pooled,0,0.998073935508728,1,,,,
D3_00992,G_02552,other,E5x_pooled,0,0.9987654685974121,1,,,,
D3_00993,G_02553,other,E5x_pooled,0,0.9979826211929321,1,,,,
D3_00994,G_02554,other,E5x_pooled,0,0.9987911581993103,1,,,,
D3_00995,G_02550,other,E5x_pooled,0,0.9975409507751465,1,,,,
D3_00997,G_02550,other,E5x_pooled,0,0.9988154172897339,1,,,,
D3_00999,G_02557,other,E5x_pooled,0,0.9989607334136963,1,,,,
D3_01000,G_02558,other,E5x_pooled,0,0.9983634352684021,1,,,,
D3_01001,G_02559,other,E5x_pooled,0,0.9989504218101501,1,,,,
D3_01002,G_02560,other,E5x_pooled,0,0.9990880489349365,1,,,,
D3_01003,G_02561,other,E5x_pooled,0,0.9986913800239563,1,,,,
D3_01004,G_02562,other,E5x_pooled,0,0.9990580677986145,1,,,,
D3_01005,G_02563,other,E5x_pooled,0,0.9986774325370789,1,,,,
D3_01006,G_02564,other,E5x_pooled,0,0.9987779259681702,1,,,,
D3_01007,G_02565,other,E5x_pooled,0,0.9982557892799377,1,,,,
D3_01008,G_02566,other,E5x_pooled,0,0.9987912774085999,1,,,,
D3_01009,G_02567,other,E5x_pooled,0,0.9988822340965271,1,,,,
D3_01010,G_02567,other,E5x_pooled,0,0.9989044666290283,1,,,,
D3_01011,G_02567,other,E5x_pooled,0,0.9989790916442871,1,,,,
D3_01012,G_02570,other,E5x_pooled,0,0.9988715052604675,1,,,,
D3_01013,G_02567,other,E5x_pooled,0,0.9988325238227844,1,,,,
D3_01014,G_02572,other,E5x_pooled,0,0.9982092380523682,1,,,,
D3_01015,G_02573,other,E5x_pooled,0,0.9987993240356445,1,,,,
D3_01016,G_02574,other,E5x_pooled,0,0.9987468719482422,1,,,,
D3_01017,G_02575,other,E5x_pooled,0,0.9988040924072266,1,,,,
D3_01019,G_02576,other,E5x_pooled,0,0.998964786529541,1,,,,
D3_01020,G_02577,other,E5x_pooled,0,0.9989401698112488,1,,,,
D3_01022,G_02578,other,E5x_pooled,0,0.9990347623825073,1,,,,
D3_01023,G_02579,other,E5x_pooled,0,0.9990838766098022,1,,,,
D3_01024,G_02580,other,E5x_pooled,0,0.9990701079368591,1,,,,
D3_01025,G_02581,other,E5x_pooled,0,0.999026894569397,1,,,,
D3_01026,G_02582,other,E5x_pooled,0,0.9990887641906738,1,,,,
D3_01027,G_02583,other,E5x_pooled,0,0.9989581108093262,1,,,,
D3_01028,G_02584,other,E5x_pooled,0,0.9991508722305298,1,,,,
D3_01029,G_02585,other,E5x_pooled,0,0.9976627826690674,1,,,,
D3_01030,G_02586,other,E5x_pooled,0,0.9986289739608765,1,,,,
D3_01031,G_02576,other,E5x_pooled,0,0.9989915490150452,1,,,,
D3_01032,G_02588,other,E5x_pooled,0,0.9986086487770081,1,,,,
D3_01033,G_02589,other,E5x_pooled,0,0.9984912872314453,1,,,,
D3_01034,G_02588,other,E5x_pooled,0,0.9987874627113342,1,,,,
D3_01036,G_02586,other,E5x_pooled,0,0.9988982677459717,1,,,,
D3_01038,G_02592,other,E5x_pooled,0,0.997975766658783,1,,,,
D3_01039,G_02593,other,E5x_pooled,0,0.9989894032478333,1,,,,
D3_01040,G_02594,other,E5x_pooled,0,0.9989534616470337,1,,,,
D3_01041,G_02595,other,E5x_pooled,0,0.9988678693771362,1,,,,
D3_01042,G_02596,other,E5x_pooled,0,0.9987634420394897,1,,,,
D3_01043,G_02596,other,E5x_pooled,0,0.9988964796066284,1,,,,
D3_01044,G_02598,other,E5x_pooled,0,0.9990087747573853,1,,,,
D3_01045,G_02599,other,E5x_pooled,0,0.9991087317466736,1,,,,
D3_01046,G_02600,other,E5x_pooled,0,0.9990787506103516,1,,,,
D3_01047,G_02601,other,E5x_pooled,0,0.9990346431732178,1,,,,
D3_01048,G_02602,other,E5x_pooled,0,0.9991418123245239,1,,,,
D3_01049,G_02603,en,E5x_pooled,0,0.9991067051887512,1,,,,
D3_01050,G_02604,en,E5x_pooled,0,0.9990463852882385,1,,,,
D3_01051,G_03338,en,E5x_pooled,0,0.9991070628166199,1,,,,
D3_01052,G_02606,en,E5x_pooled,0,0.9991241097450256,1,,,,
D3_01053,G_02607,en,E5x_pooled,0,0.9991251826286316,1,,,,
D3_01054,G_02608,en,E5x_pooled,0,0.9991293549537659,1,,,,
D3_01055,G_04271,en,E5x_pooled,0,0.9991469383239746,1,,,,
D3_01056,G_02610,en,E5x_pooled,0,0.9990148544311523,1,,,,
D3_01057,G_02611,en,E5x_pooled,0,0.9990686774253845,1,,,,
D3_01058,G_02612,en,E5x_pooled,0,0.9991544485092163,1,,,,
D3_01059,G_02613,en,E5x_pooled,0,0.9991807341575623,1,,,,
D3_01060,G_02614,en,E5x_pooled,0,0.9992007613182068,1,,,,
D3_01061,G_02615,en,E5x_pooled,0,0.9991084933280945,1,,,,
D3_01062,G_02616,en,E5x_pooled,0,0.99898761510849,1,,,,
D3_01063,G_02617,en,E5x_pooled,0,0.9991912245750427,1,,,,
D3_01064,G_04699,en,E5x_pooled,0,0.9989896416664124,1,,,,
D3_01065,G_02619,en,E5x_pooled,0,0.9991962313652039,1,,,,
D3_01066,G_02620,en,E5x_pooled,0,0.9991455078125,1,,,,
D3_01067,G_02621,en,E5x_pooled,0,0.9992150068283081,1,,,,
D3_01068,G_02622,en,E5x_pooled,0,0.9991883635520935,1,,,,
D3_01069,G_02623,en,E5x_pooled,0,0.9992089867591858,1,,,,
D3_01070,G_02624,en,E5x_pooled,0,0.9992652535438538,1,,,,
D3_01071,G_02625,en,E5x_pooled,0,0.9992239475250244,1,,,,
D3_01072,G_02626,en,E5x_pooled,0,0.9991917014122009,1,,,,
D3_01073,G_02627,en,E5x_pooled,0,0.9991890788078308,1,,,,
D3_01074,G_02628,en,E5x_pooled,0,0.9992726445198059,1,,,,
D3_01075,G_02603,en,E5x_pooled,0,0.9991793036460876,1,,,,
D3_01076,G_02604,en,E5x_pooled,0,0.9991173148155212,1,,,,
D3_01077,G_03338,en,E5x_pooled,0,0.9992781281471252,1,,,,
D3_01078,G_02614,en,E5x_pooled,0,0.9992566704750061,1,,,,
D3_01079,G_02613,en,E5x_pooled,0,0.9992596507072449,1,,,,
D3_01080,G_02615,en,E5x_pooled,0,0.999214768409729,1,,,,
D3_01081,G_02635,en,E5x_pooled,0,0.9992548823356628,1,,,,
D3_01082,G_03338,en,E5x_pooled,0,0.9993125200271606,1,,,,
D3_01083,G_02637,en,E5x_pooled,0,0.999309778213501,1,,,,
D3_01084,G_02613,en,E5x_pooled,0,0.9992964267730713,1,,,,
D3_01085,G_02639,en,E5x_pooled,0,0.9992637038230896,1,,,,
D3_01086,G_02640,en,E5x_pooled,0,0.999302864074707,1,,,,
D3_01087,G_02641,en,E5x_pooled,0,0.9992762207984924,1,,,,
D3_01088,G_03338,en,E5x_pooled,0,0.9992721676826477,1,,,,
D3_01089,G_02643,en,E5x_pooled,0,0.9992474317550659,1,,,,
D3_01090,G_02644,en,E5x_pooled,0,0.9992988109588623,1,,,,
D3_01091,G_02614,en,E5x_pooled,0,0.9992558360099792,1,,,,
D3_01092,G_02615,en,E5x_pooled,0,0.999290943145752,1,,,,
D3_01093,G_02647,en,E5x_pooled,0,0.9992708563804626,1,,,,
D3_01094,G_02648,en,E5x_pooled,0,0.9993119239807129,1,,,,
D3_01095,G_03338,en,E5x_pooled,0,0.9992662072181702,1,,,,
D3_01096,G_02650,en,E5x_pooled,0,0.9992513060569763,1,,,,
D3_01097,G_02651,en,E5x_pooled,0,0.9993131160736084,1,,,,
D3_01098,G_02652,en,E5x_pooled,0,0.9993062019348145,1,,,,
D3_01099,G_02653,en,E5x_pooled,0,0.9991902709007263,1,,,,
D3_01100,G_02654,en,E5x_pooled,0,0.9991388320922852,1,,,,
D3_01101,G_02655,en,E5x_pooled,0,0.9992861151695251,1,,,,
D3_01102,G_02656,en,E5x_pooled,0,0.9992944002151489,1,,,,
D3_01103,G_02657,en,E5x_pooled,0,0.9992185831069946,1,,,,
D3_01104,G_02658,en,E5x_pooled,0,0.9992885589599609,1,,,,
D3_01105,G_02659,other,E5x_pooled,0,0.9991918206214905,1,,,,
D3_01106,G_02660,other,E5x_pooled,0,0.9991021156311035,1,,,,
D3_01107,G_02660,other,E5x_pooled,0,0.9991574287414551,1,,,,
D3_01108,G_02660,other,E5x_pooled,0,0.9991330504417419,1,,,,
D3_01109,G_02660,other,E5x_pooled,0,0.9990856647491455,1,,,,
D3_01110,G_02664,other,E5x_pooled,0,0.9991996884346008,1,,,,
D3_01111,G_02660,other,E5x_pooled,0,0.9991880059242249,1,,,,
D3_01112,G_02666,other,E5x_pooled,0,0.9990455508232117,1,,,,
D3_01113,G_02666,other,E5x_pooled,0,0.999128520488739,1,,,,
D3_01114,G_02668,other,E5x_pooled,0,0.9991057515144348,1,,,,
D3_01115,G_02669,other,E5x_pooled,0,0.9992081522941589,1,,,,
D3_01116,G_02670,other,E5x_pooled,0,0.9991986155509949,1,,,,
D3_01117,G_02669,other,E5x_pooled,0,0.9992096424102783,1,,,,
D3_01118,G_02672,other,E5x_pooled,0,0.9992069602012634,1,,,,
D3_01119,G_02669,other,E5x_pooled,0,0.9991534948348999,1,,,,
D3_01120,G_02674,other,E5x_pooled,0,0.9991695880889893,1,,,,
D3_01121,G_02675,other,E5x_pooled,0,0.9992077946662903,1,,,,
D3_01122,G_02670,other,E5x_pooled,0,0.9991471767425537,1,,,,
D3_01123,G_02677,other,E5x_pooled,0,0.999195396900177,1,,,,
D3_01124,G_02678,other,E5x_pooled,0,0.999187171459198,1,,,,
D3_01125,G_02679,other,E5x_pooled,0,0.9992327690124512,1,,,,
D3_01126,G_02680,other,E5x_pooled,0,0.99921715259552,1,,,,
D3_01127,G_02681,other,E5x_pooled,0,0.9990975856781006,1,,,,
D3_01128,G_02682,other,E5x_pooled,0,0.9992489218711853,1,,,,
D3_01129,G_02683,other,E5x_pooled,0,0.9991768002510071,1,,,,
D3_01130,G_02684,other,E5x_pooled,0,0.9991300702095032,1,,,,
D3_01131,G_02685,other,E5x_pooled,0,0.9992071986198425,1,,,,
D3_01132,G_02686,other,E5x_pooled,0,0.9991676807403564,1,,,,
D3_01133,G_02687,other,E5x_pooled,0,0.9992257356643677,1,,,,
D3_01134,G_02688,other,E5x_pooled,0,0.9991505146026611,1,,,,
D3_01135,G_02689,other,E5x_pooled,0,0.9991834759712219,1,,,,
D3_01136,G_02690,other,E5x_pooled,0,0.9991563558578491,1,,,,
D3_01137,G_02691,other,E5x_pooled,0,0.9990185499191284,1,,,,
D3_01138,G_02692,other,E5x_pooled,0,0.9992637038230896,1,,,,
D3_01139,G_02693,other,E5x_pooled,0,0.9991233944892883,1,,,,
D3_01140,G_02694,other,E5x_pooled,0,0.9990878105163574,1,,,,
D3_01141,G_02695,other,E5x_pooled,0,0.9992621541023254,1,,,,
D3_01142,G_02696,other,E5x_pooled,0,0.9990667700767517,1,,,,
D3_01143,G_02697,other,E5x_pooled,0,0.9991294741630554,1,,,,
D3_01144,G_02698,other,E5x_pooled,0,0.9992461204528809,1,,,,
D3_01145,G_02699,other,E5x_pooled,0,0.9991996884346008,1,,,,
D3_01146,G_02700,other,E5x_pooled,0,0.9992403984069824,1,,,,
D3_01147,G_02701,other,E5x_pooled,0,0.9992596507072449,1,,,,
D3_01148,G_02702,other,E5x_pooled,0,0.9992114305496216,1,,,,
D3_01149,G_02703,other,E5x_pooled,0,0.9992517828941345,1,,,,
D3_01150,G_02704,other,E5x_pooled,0,0.9991772770881653,1,,,,
D3_01151,G_02705,other,E5x_pooled,0,0.9993082284927368,1,,,,
D3_01152,G_02706,other,E5x_pooled,0,0.9992590546607971,1,,,,
D3_01153,G_02707,other,E5x_pooled,0,0.9992170333862305,1,,,,
D3_01154,G_02702,other,E5x_pooled,0,0.999232292175293,1,,,,
D3_01155,G_02709,other,E5x_pooled,0,0.9991365075111389,1,,,,
D3_01156,G_02710,other,E5x_pooled,0,0.999153733253479,1,,,,
D3_01157,G_02711,other,E5x_pooled,0,0.999112069606781,1,,,,
D3_01158,G_02712,other,E5x_pooled,0,0.9991791844367981,1,,,,
D3_01159,G_02713,other,E5x_pooled,0,0.9991931319236755,1,,,,
D3_01160,G_02714,other,E5x_pooled,0,0.9992590546607971,1,,,,
D3_01161,G_02715,other,E5x_pooled,0,0.9990972280502319,1,,,,
D3_01162,G_02716,other,E5x_pooled,0,0.9992333650588989,1,,,,
D3_01163,G_02717,other,E5x_pooled,0,0.9991415739059448,1,,,,
D3_01164,G_02718,other,E5x_pooled,0,0.9991718530654907,1,,,,
D3_01165,G_02752,en,E5x_pooled,0,0.9989547729492188,1,,,,
D3_01166,G_02827,en,E5x_pooled,0,0.9989359974861145,1,,,,
D3_01167,G_02721,en,E5x_pooled,0,0.9986372590065002,1,,,,
D3_01168,G_02825,en,E5x_pooled,0,0.9986035227775574,1,,,,
D3_01169,G_03382,en,E5x_pooled,0,0.9989433884620667,1,,,,
D3_01170,G_03384,en,E5x_pooled,0,0.9985849857330322,1,,,,
D3_01171,G_02725,en,E5x_pooled,0,0.998923122882843,1,,,,
D3_01172,G_02726,en,E5x_pooled,0,0.9985941052436829,1,,,,
D3_01173,G_03387,en,E5x_pooled,0,0.9991027116775513,1,,,,
D3_01174,G_03915,en,E5x_pooled,0,0.9985881447792053,1,,,,
D3_01175,G_02760,en,E5x_pooled,0,0.9988310933113098,1,,,,
D3_01176,G_02730,en,E5x_pooled,0,0.9988905787467957,1,,,,
D3_01177,G_02731,en,E5x_pooled,0,0.9986618757247925,1,,,,
D3_01178,G_02732,en,E5x_pooled,0,0.9989027976989746,1,,,,
D3_01179,G_02733,en,E5x_pooled,0,0.9989261031150818,1,,,,
D3_01180,G_02734,en,E5x_pooled,0,0.9991342425346375,1,,,,
D3_01181,G_02735,en,E5x_pooled,0,0.998717188835144,1,,,,
D3_01182,G_02736,en,E5x_pooled,0,0.9989921450614929,1,,,,
D3_01183,G_02737,en,E5x_pooled,0,0.9990130662918091,1,,,,
D3_01184,G_02738,en,E5x_pooled,0,0.9988760352134705,1,,,,
D3_01185,G_02739,en,E5x_pooled,0,0.9988383650779724,1,,,,
D3_01186,G_02740,en,E5x_pooled,0,0.9989843964576721,1,,,,
D3_01187,G_02741,en,E5x_pooled,0,0.99919193983078,1,,,,
D3_01188,G_02742,en,E5x_pooled,0,0.9990491271018982,1,,,,
D3_01189,G_02743,en,E5x_pooled,0,0.9990984201431274,1,,,,
D3_01190,G_02744,en,E5x_pooled,0,0.9988885521888733,1,,,,
D3_01191,G_02745,en,E5x_pooled,0,0.9991162419319153,1,,,,
D3_01192,G_02746,en,E5x_pooled,0,0.9990496039390564,1,,,,
D3_01193,G_02747,en,E5x_pooled,0,0.9992055296897888,1,,,,
D3_01194,G_02760,en,E5x_pooled,0,0.999083399772644,1,,,,
D3_01195,G_02749,en,E5x_pooled,0,0.9990519881248474,1,,,,
D3_01196,G_02731,en,E5x_pooled,0,0.9991145730018616,1,,,,
D3_01197,G_02751,en,E5x_pooled,0,0.9989476799964905,1,,,,
D3_01198,G_02752,en,E5x_pooled,0,0.9989452958106995,1,,,,
D3_01199,G_02753,en,E5x_pooled,0,0.9991868138313293,1,,,,
D3_01200,G_02730,en,E5x_pooled,0,0.9989569187164307,1,,,,
D3_01201,G_02755,en,E5x_pooled,0,0.9991827607154846,1,,,,
D3_01202,G_02756,en,E5x_pooled,0,0.9990800619125366,1,,,,
D3_01203,G_02757,en,E5x_pooled,0,0.999171257019043,1,,,,
D3_01204,G_02758,en,E5x_pooled,0,0.9992033839225769,1,,,,
D3_01205,G_02759,en,E5x_pooled,0,0.9991413354873657,1,,,,
D3_01206,G_02760,en,E5x_pooled,0,0.9991894364356995,1,,,,
D3_01207,G_02761,en,E5x_pooled,0,0.9991530179977417,1,,,,
D3_01208,G_02762,en,E5x_pooled,0,0.9991670846939087,1,,,,
D3_01209,G_02763,en,E5x_pooled,0,0.9991610050201416,1,,,,
D3_01210,G_02752,en,E5x_pooled,0,0.9990737438201904,1,,,,
D3_01211,G_02765,en,E5x_pooled,0,0.9990426898002625,1,,,,
D3_01212,G_02730,en,E5x_pooled,0,0.9992302656173706,1,,,,
D3_01213,G_02760,en,E5x_pooled,0,0.998891294002533,1,,,,
D3_01214,G_02731,en,E5x_pooled,0,0.999083399772644,1,,,,
D3_01215,G_02769,en,E5x_pooled,0,0.9991146922111511,1,,,,
D3_01216,G_02770,en,E5x_pooled,0,0.9987672567367554,1,,,,
D3_01217,G_02771,en,E5x_pooled,0,0.9992511868476868,1,,,,
D3_01218,G_02772,en,E5x_pooled,0,0.9990127086639404,1,,,,
D3_01219,G_02731,en,E5x_pooled,0,0.9991726279258728,1,,,,
D3_01220,G_02774,en,E5x_pooled,0,0.9991874098777771,1,,,,
D3_01221,G_02775,other,E5x_pooled,0,0.9986774325370789,1,,,,
D3_01222,G_02776,other,E5x_pooled,0,0.9984142780303955,1,,,,
D3_01223,G_02777,other,E5x_pooled,0,0.9989075660705566,1,,,,
D3_01224,G_02778,other,E5x_pooled,0,0.9985859394073486,1,,,,
D3_01225,G_02779,other,E5x_pooled,0,0.998676598072052,1,,,,
D3_01226,G_02780,other,E5x_pooled,0,0.9984509944915771,1,,,,
D3_01227,G_02781,other,E5x_pooled,0,0.9989650249481201,1,,,,
D3_01228,G_02782,other,E5x_pooled,0,0.9988502264022827,1,,,,
D3_01229,G_02783,other,E5x_pooled,0,0.9989006519317627,1,,,,
D3_01230,G_02784,other,E5x_pooled,0,0.998589813709259,1,,,,
D3_01231,G_02785,other,E5x_pooled,0,0.998934805393219,1,,,,
D3_01233,G_02786,other,E5x_pooled,0,0.9990856647491455,1,,,,
D3_01234,G_02787,other,E5x_pooled,0,0.998757004737854,1,,,,
D3_01236,G_02788,other,E5x_pooled,0,0.9983819723129272,1,,,,
D3_01237,G_02789,other,E5x_pooled,0,0.9990567564964294,1,,,,
D3_01238,G_02790,other,E5x_pooled,0,0.9989669322967529,1,,,,
D3_01239,G_02791,other,E5x_pooled,0,0.9990429282188416,1,,,,
D3_01240,G_02792,other,E5x_pooled,0,0.998784601688385,1,,,,
D3_01241,G_02793,other,E5x_pooled,0,0.9989688396453857,1,,,,
D3_01242,G_02780,other,E5x_pooled,0,0.9986043572425842,1,,,,
D3_01243,G_02795,other,E5x_pooled,0,0.9990686774253845,1,,,,
D3_01244,G_02778,other,E5x_pooled,0,0.9985363483428955,1,,,,
D3_01246,G_02797,other,E5x_pooled,0,0.9984875917434692,1,,,,
D3_01247,G_02789,other,E5x_pooled,0,0.9990687966346741,1,,,,
D3_01249,G_02799,other,E5x_pooled,0,0.9989336133003235,1,,,,
D3_01251,G_02800,other,E5x_pooled,0,0.9989932179450989,1,,,,
D3_01253,G_02801,other,E5x_pooled,0,0.9990978240966797,1,,,,
D3_01254,G_02802,other,E5x_pooled,0,0.9990130662918091,1,,,,
D3_01256,G_02803,other,E5x_pooled,0,0.9984990358352661,1,,,,
D3_01257,G_02804,other,E5x_pooled,0,0.9990707039833069,1,,,,
D3_01258,G_02805,other,E5x_pooled,0,0.9989699125289917,1,,,,
D3_01259,G_02806,other,E5x_pooled,0,0.9990687966346741,1,,,,
D3_01261,G_02807,other,E5x_pooled,0,0.9985860586166382,1,,,,
D3_01263,G_02808,other,E5x_pooled,0,0.9989218711853027,1,,,,
D3_01264,G_02809,other,E5x_pooled,0,0.9985707998275757,1,,,,
D3_01266,G_02810,other,E5x_pooled,0,0.9985296726226807,1,,,,
D3_01267,G_02811,other,E5x_pooled,0,0.9989173412322998,1,,,,
D3_01269,G_02812,other,E5x_pooled,0,0.9989733695983887,1,,,,
D3_01270,G_02813,other,E5x_pooled,0,0.9985502362251282,1,,,,
D3_01273,G_02814,other,E5x_pooled,0,0.9988705515861511,1,,,,
D3_01274,G_02815,other,E5x_pooled,0,0.9986054301261902,1,,,,
D3_01276,G_02816,other,E5x_pooled,0,0.9984301924705505,1,,,,
D3_01277,G_02817,other,E5x_pooled,0,0.9989226460456848,1,,,,
D3_01279,G_02818,other,E5x_pooled,0,0.9988917708396912,1,,,,
D3_01301,G_02819,en,E5x_pooled,0,0.998823344707489,1,,,,
D3_01302,G_02820,en,E5x_pooled,0,0.998504638671875,1,,,,
D3_01303,G_02821,en,E5x_pooled,0,0.9991602897644043,1,,,,
D3_01304,G_02822,en,E5x_pooled,0,0.9990774393081665,1,,,,
D3_01305,G_02823,en,E5x_pooled,0,0.9989307522773743,1,,,,
D3_01306,G_02824,en,E5x_pooled,0,0.999129593372345,1,,,,
D3_01307,G_02825,en,E5x_pooled,0,0.9990612864494324,1,,,,
D3_01308,G_03384,en,E5x_pooled,0,0.999026894569397,1,,,,
D3_01309,G_02827,en,E5x_pooled,0,0.9991369843482971,1,,,,
D3_01310,G_02730,en,E5x_pooled,0,0.9991012811660767,1,,,,
D3_01311,G_02733,en,E5x_pooled,0,0.9991488456726074,1,,,,
D3_01312,G_02830,en,E5x_pooled,0,0.9991124272346497,1,,,,
D3_01313,G_02831,en,E5x_pooled,0,0.9992289543151855,1,,,,
D3_01314,G_02832,en,E5x_pooled,0,0.9991543292999268,1,,,,
D3_01315,G_02833,en,E5x_pooled,0,0.9991601705551147,1,,,,
D3_01316,G_02733,en,E5x_pooled,0,0.9990295171737671,1,,,,
D3_01317,G_02835,en,E5x_pooled,0,0.9992247819900513,1,,,,
D3_01318,G_02737,en,E5x_pooled,0,0.999184787273407,1,,,,
D3_01319,G_02837,en,E5x_pooled,0,0.9991921782493591,1,,,,
D3_01320,G_02838,en,E5x_pooled,0,0.9991336464881897,1,,,,
D3_01322,G_04773,en,E5x_pooled,0,0.9992043375968933,1,,,,
D3_01323,G_02733,en,E5x_pooled,0,0.9991829991340637,1,,,,
D3_01324,G_02761,en,E5x_pooled,0,0.9992005228996277,1,,,,
D3_01325,G_02842,en,E5x_pooled,0,0.9991214871406555,1,,,,
D3_01326,G_02843,en,E5x_pooled,0,0.9989184141159058,1,,,,
D3_01327,G_02844,en,E5x_pooled,0,0.9988136291503906,1,,,,
D3_01328,G_02845,en,E5x_pooled,0,0.9990854263305664,1,,,,
D3_01329,G_02846,en,E5x_pooled,0,0.9991846680641174,1,,,,
D3_01330,G_02847,en,E5x_pooled,0,0.9992069602012634,1,,,,
D3_01331,G_02848,en,E5x_pooled,0,0.9990211725234985,1,,,,
D3_01332,G_02849,en,E5x_pooled,0,0.9991433620452881,1,,,,
D3_01333,G_02850,en,E5x_pooled,0,0.999032735824585,1,,,,
D3_01334,G_02851,en,E5x_pooled,0,0.9990522265434265,1,,,,
D3_01335,G_02852,en,E5x_pooled,0,0.99912029504776,1,,,,
D3_01336,G_02853,en,E5x_pooled,0,0.9991658926010132,1,,,,
D3_01397,G_02854,en,E5x_pooled,0,0.9980992674827576,1,,,,
D3_01398,G_02855,en,E5x_pooled,0,0.9986447691917419,1,,,,
D3_01399,G_03470,en,E5x_pooled,0,0.9983447790145874,1,,,,
D3_01400,G_04786,en,E5x_pooled,0,0.998130738735199,1,,,,
D3_01401,G_02858,en,E5x_pooled,0,0.9976029992103577,1,,,,
D3_01402,G_02859,en,E5x_pooled,0,0.9945123195648193,1,,,,
D3_01403,G_02860,en,E5x_pooled,0,0.9984416365623474,1,,,,
D3_01404,G_02861,en,E5x_pooled,0,0.9981400966644287,1,,,,
D3_01405,G_02862,en,E5x_pooled,0,0.998925507068634,1,,,,
D3_01406,G_02863,en,E5x_pooled,0,0.9985097050666809,1,,,,
D3_01407,G_02864,en,E5x_pooled,0,0.9988283514976501,1,,,,
D3_01408,G_02865,en,E5x_pooled,0,0.9990150928497314,1,,,,
D3_01409,G_02866,en,E5x_pooled,0,0.9991307854652405,1,,,,
D3_01410,G_02867,en,E5x_pooled,0,0.9988697171211243,1,,,,
D3_01411,G_02868,en,E5x_pooled,0,0.9989413619041443,1,,,,
D3_01412,G_02869,en,E5x_pooled,0,0.998536229133606,1,,,,
D3_01413,G_03481,en,E5x_pooled,0,0.9985805749893188,1,,,,
D3_01414,G_02871,en,E5x_pooled,0,0.9991210103034973,1,,,,
D3_01415,G_02872,en,E5x_pooled,0,0.9989792704582214,1,,,,
D3_01416,G_02873,en,E5x_pooled,0,0.9987922310829163,1,,,,
D3_01417,G_02874,en,E5x_pooled,0,0.9976081848144531,1,,,,
D3_01418,G_02875,en,E5x_pooled,0,0.9985772371292114,1,,,,
D3_01419,G_02876,en,E5x_pooled,0,0.9987793564796448,1,,,,
D3_01421,G_02877,en,E5x_pooled,0,0.9989765882492065,1,,,,
D3_01422,G_02878,en,E5x_pooled,0,0.9990730285644531,1,,,,
D3_01423,G_02879,en,E5x_pooled,0,0.9991933703422546,1,,,,
D3_01424,G_02880,en,E5x_pooled,0,0.9986245632171631,1,,,,
D3_01425,G_02881,en,E5x_pooled,0,0.998772919178009,1,,,,
D3_01426,G_02882,en,E5x_pooled,0,0.9988549947738647,1,,,,
D3_01427,G_02883,en,E5x_pooled,0,0.9989633560180664,1,,,,
D3_01428,G_02866,en,E5x_pooled,0,0.9991766810417175,1,,,,
D3_01429,G_02885,en,E5x_pooled,0,0.9991563558578491,1,,,,
D3_01430,G_02886,en,E5x_pooled,0,0.9979361295700073,1,,,,
D3_01431,G_02855,en,E5x_pooled,0,0.998945415019989,1,,,,
D3_01432,G_02888,en,E5x_pooled,0,0.9990986585617065,1,,,,
D3_01433,G_02889,en,E5x_pooled,0,0.999010443687439,1,,,,
D3_01434,G_02877,en,E5x_pooled,0,0.9990500807762146,1,,,,
D3_01436,G_02891,en,E5x_pooled,0,0.9991033673286438,1,,,,
D3_01437,G_02892,en,E5x_pooled,0,0.99916672706604,1,,,,
D3_01438,G_02893,en,E5x_pooled,0,0.9991587400436401,1,,,,
D3_01439,G_02894,en,E5x_pooled,0,0.9991225600242615,1,,,,
D3_01440,G_02895,en,E5x_pooled,0,0.9989921450614929,1,,,,
D3_01441,G_02896,en,E5x_pooled,0,0.9992269277572632,1,,,,
D3_01442,G_02855,en,E5x_pooled,0,0.9981796741485596,1,,,,
D3_01444,G_02898,en,E5x_pooled,0,0.9981268048286438,1,,,,
D3_01445,G_02899,en,E5x_pooled,0,0.99857497215271,1,,,,
D3_01446,G_02900,en,E5x_pooled,0,0.998818576335907,1,,,,
D3_01447,G_02901,en,E5x_pooled,0,0.9991558790206909,1,,,,
D3_01448,G_02902,en,E5x_pooled,0,0.9990074038505554,1,,,,
D3_01449,G_02903,en,E5x_pooled,0,0.9942664504051208,1,,,,
D3_01450,G_02904,en,E5x_pooled,0,0.9989690780639648,1,,,,
D3_01451,G_02905,en,E5x_pooled,0,0.9991249442100525,1,,,,
D3_01452,G_02906,en,E5x_pooled,0,0.9988540410995483,1,,,,
D3_01453,G_02907,en,E5x_pooled,0,0.9992324113845825,1,,,,
D3_01454,G_02908,other,E5x_pooled,0,0.997054934501648,1,,,,
D3_01455,G_02909,other,E5x_pooled,0,0.9975951313972473,1,,,,
D3_01456,G_02910,other,E5x_pooled,0,0.996797502040863,1,,,,
D3_01457,G_02911,other,E5x_pooled,0,0.9987494945526123,1,,,,
D3_01458,G_02912,other,E5x_pooled,0,0.9972884654998779,1,,,,
D3_01459,G_02913,other,E5x_pooled,0,0.9866536259651184,1,,,,
D3_01460,G_02914,other,E5x_pooled,0,0.9984667897224426,1,,,,
D3_01461,G_02915,other,E5x_pooled,0,0.9987333416938782,1,,,,
D3_01462,G_02916,other,E5x_pooled,0,0.9984278678894043,1,,,,
D3_01463,G_02917,other,E5x_pooled,0,0.9975709319114685,1,,,,
D3_01464,G_02918,other,E5x_pooled,0,0.9977005124092102,1,,,,
D3_01465,G_02919,other,E5x_pooled,0,0.9972186088562012,1,,,,
D3_01466,G_02920,other,E5x_pooled,0,0.9977424144744873,1,,,,
D3_01468,G_02921,other,E5x_pooled,0,0.9977763295173645,1,,,,
D3_01469,G_02922,other,E5x_pooled,0,0.9979100823402405,1,,,,
D3_01470,G_02923,other,E5x_pooled,0,0.9986806511878967,1,,,,
D3_01471,G_02924,other,E5x_pooled,0,0.9988508224487305,1,,,,
D3_01472,G_02925,other,E5x_pooled,0,0.9977186918258667,1,,,,
D3_01473,G_02926,other,E5x_pooled,0,0.9984103441238403,1,,,,
D3_01474,G_02927,other,E5x_pooled,0,0.9985641837120056,1,,,,
D3_01475,G_02928,other,E5x_pooled,0,0.9972825050354004,1,,,,
D3_01476,G_02929,other,E5x_pooled,0,0.9970752000808716,1,,,,
D3_01478,G_02930,other,E5x_pooled,0,0.9938622713088989,1,,,,
D3_01479,G_02931,other,E5x_pooled,0,0.9932221174240112,1,,,,
D3_01480,G_02932,other,E5x_pooled,0,0.9984055161476135,1,,,,
D3_01481,G_02933,other,E5x_pooled,0,0.9989759922027588,1,,,,
D3_01482,G_02934,other,E5x_pooled,0,0.9943040013313293,1,,,,
D3_01483,G_02926,other,E5x_pooled,0,0.9980224370956421,1,,,,
D3_01484,G_02936,other,E5x_pooled,0,0.9972760081291199,1,,,,
D3_01485,G_02937,other,E5x_pooled,0,0.997812032699585,1,,,,
D3_01487,G_02938,other,E5x_pooled,0,0.9978066086769104,1,,,,
D3_01488,G_02939,other,E5x_pooled,0,0.9954107403755188,1,,,,
D3_01491,G_02940,other,E5x_pooled,0,0.9989615678787231,1,,,,
D3_01493,G_02941,other,E5x_pooled,0,0.998506486415863,1,,,,
D3_01494,G_02942,other,E5x_pooled,0,0.9976257681846619,1,,,,
D3_01496,G_02943,other,E5x_pooled,0,0.9963377714157104,1,,,,
D3_01497,G_02944,other,E5x_pooled,0,0.9987492561340332,1,,,,
D3_01498,G_02945,other,E5x_pooled,0,0.9799598455429077,1,,,,
D3_01499,G_02946,other,E5x_pooled,0,0.9987210631370544,1,,,,
D3_01500,G_02947,other,E5x_pooled,0,0.9985446929931641,1,,,,
D3_01501,G_02948,other,E5x_pooled,0,0.997751772403717,1,,,,
D3_01502,G_02949,other,E5x_pooled,0,0.9972997307777405,1,,,,
D3_01503,G_02950,other,E5x_pooled,0,0.9985033273696899,1,,,,
D3_01504,G_02951,other,E5x_pooled,0,0.9966598749160767,1,,,,
D3_01507,G_02952,other,E5x_pooled,0,0.9966591596603394,1,,,,
D3_01508,G_02953,other,E5x_pooled,0,0.9979161620140076,1,,,,
D3_01509,G_02954,other,E5x_pooled,0,0.9963525533676147,1,,,,
D3_01510,G_02955,other,E5x_pooled,0,0.9979676604270935,1,,,,
D3_01511,G_02956,other,E5x_pooled,0,0.9981227517127991,1,,,,
D3_01512,G_02957,other,E5x_pooled,0,0.9980314373970032,1,,,,
D3_01513,G_02958,other,E5x_pooled,0,0.998063862323761,1,,,,
D3_01514,G_02959,en,E5x_pooled,0,0.9980003237724304,1,,,,
D3_01515,G_01671,en,E5x_pooled,0,0.9979889392852783,1,,,,
D3_01516,G_01664,en,E5x_pooled,0,0.9984036087989807,1,,,,
D3_01517,G_01669,en,E5x_pooled,0,0.9980425834655762,1,,,,
D3_01518,G_01663,en,E5x_pooled,0,0.9990977048873901,1,,,,
D3_01519,G_01667,en,E5x_pooled,0,0.9991315007209778,1,,,,
D3_01520,G_01668,en,E5x_pooled,0,0.9990139007568359,1,,,,
D3_01521,G_01662,en,E5x_pooled,0,0.9977113008499146,1,,,,
D3_01522,G_01666,en,E5x_pooled,0,0.9962009787559509,1,,,,
D3_01523,G_02968,en,E5x_pooled,0,0.9988526105880737,1,,,,
D3_01524,G_01691,en,E5x_pooled,0,0.9988157749176025,1,,,,
D3_01525,G_01698,en,E5x_pooled,0,0.9985483288764954,1,,,,
D3_01526,G_02971,en,E5x_pooled,0,0.9989905953407288,1,,,,
D3_01527,G_01677,en,E5x_pooled,0,0.9985108971595764,1,,,,
D3_01528,G_01678,en,E5x_pooled,0,0.999001681804657,1,,,,
D3_01529,G_01705,en,E5x_pooled,0,0.998994767665863,1,,,,
D3_01530,G_01679,en,E5x_pooled,0,0.9990923404693604,1,,,,
D3_01531,G_01680,en,E5x_pooled,0,0.9986172914505005,1,,,,
D3_01532,G_02977,en,E5x_pooled,0,0.9988478422164917,1,,,,
D3_01533,G_01676,en,E5x_pooled,0,0.9989925026893616,1,,,,
D3_01534,G_02979,en,E5x_pooled,0,0.9991143345832825,1,,,,
D3_01535,G_02980,en,E5x_pooled,0,0.9988645315170288,1,,,,
D3_01536,G_02981,en,E5x_pooled,0,0.9985373020172119,1,,,,
D3_01537,G_02982,en,E5x_pooled,0,0.9987566471099854,1,,,,
D3_01538,G_02983,en,E5x_pooled,0,0.9991695880889893,1,,,,
D3_01539,G_02984,en,E5x_pooled,0,0.999169111251831,1,,,,
D3_01540,G_02959,en,E5x_pooled,0,0.9990987777709961,1,,,,
D3_01541,G_01671,en,E5x_pooled,0,0.9991193413734436,1,,,,
D3_01542,G_01664,en,E5x_pooled,0,0.9990736246109009,1,,,,
D3_01543,G_01698,en,E5x_pooled,0,0.9991486072540283,1,,,,
D3_01544,G_02971,en,E5x_pooled,0,0.9992345571517944,1,,,,
D3_01545,G_01691,en,E5x_pooled,0,0.9992699027061462,1,,,,
D3_01546,G_02959,en,E5x_pooled,0,0.9967141151428223,1,,,,
D3_01547,G_01671,en,E5x_pooled,0,0.9988753199577332,1,,,,
D3_01548,G_02993,en,E5x_pooled,0,0.9987468719482422,1,,,,
D3_01549,G_02994,en,E5x_pooled,0,0.9992550015449524,1,,,,
D3_01550,G_02995,en,E5x_pooled,0,0.9992002844810486,1,,,,
D3_01551,G_02971,en,E5x_pooled,0,0.9991581439971924,1,,,,
D3_01552,G_02997,en,E5x_pooled,0,0.9991986155509949,1,,,,
D3_01553,G_01671,en,E5x_pooled,0,0.9990772008895874,1,,,,
D3_01554,G_02999,en,E5x_pooled,0,0.9991527795791626,1,,,,
D3_01555,G_01691,en,E5x_pooled,0,0.9991734623908997,1,,,,
D3_01556,G_01698,en,E5x_pooled,0,0.9992232322692871,1,,,,
D3_01557,G_03002,en,E5x_pooled,0,0.9991764426231384,1,,,,
D3_01558,G_03003,en,E5x_pooled,0,0.9978482723236084,1,,,,
D3_01559,G_03004,en,E5x_pooled,0,0.9990234375,1,,,,
D3_01560,G_03005,en,E5x_pooled,0,0.9992269277572632,1,,,,
D3_01561,G_03006,en,E5x_pooled,0,0.9992086291313171,1,,,,
D3_01562,G_03007,en,E5x_pooled,0,0.998928964138031,1,,,,
D3_01563,G_03008,en,E5x_pooled,0,0.9992063641548157,1,,,,
D3_01564,G_03009,en,E5x_pooled,0,0.9985806941986084,1,,,,
D3_01565,G_03010,en,E5x_pooled,0,0.9978267550468445,1,,,,
D3_01566,G_03011,en,E5x_pooled,0,0.9987213015556335,1,,,,
D3_01567,G_03012,en,E5x_pooled,0,0.9988768696784973,1,,,,
D3_01568,G_03013,en,E5x_pooled,0,0.9992251396179199,1,,,,
D3_01569,G_03014,en,E5x_pooled,0,0.9991158843040466,1,,,,
D3_01630,G_01803,en,E5x_pooled,0,0.9988909363746643,1,,,,
D3_01631,G_01784,en,E5x_pooled,0,0.9987321496009827,1,,,,
D3_01632,G_03017,en,E5x_pooled,0,0.9986230134963989,1,,,,
D3_01633,G_01816,en,E5x_pooled,0,0.9991270899772644,1,,,,
D3_01634,G_01780,en,E5x_pooled,0,0.998840868473053,1,,,,
D3_01635,G_03579,en,E5x_pooled,0,0.9991876482963562,1,,,,
D3_01636,G_01785,en,E5x_pooled,0,0.9989342093467712,1,,,,
D3_01637,G_01802,en,E5x_pooled,0,0.9987812638282776,1,,,,
D3_01638,G_03023,en,E5x_pooled,0,0.999138355255127,1,,,,
D3_01639,G_01783,en,E5x_pooled,0,0.9990604519844055,1,,,,
D3_01640,G_01811,en,E5x_pooled,0,0.9989312291145325,1,,,,
D3_01641,G_01789,en,E5x_pooled,0,0.9989420771598816,1,,,,
D3_01642,G_03045,en,E5x_pooled,0,0.999081015586853,1,,,,
D3_01643,G_01818,en,E5x_pooled,0,0.9988322854042053,1,,,,
D3_01644,G_03029,en,E5x_pooled,0,0.998924195766449,1,,,,
D3_01645,G_01793,en,E5x_pooled,0,0.9989349246025085,1,,,,
D3_01646,G_01790,en,E5x_pooled,0,0.9990008473396301,1,,,,
D3_01647,G_01819,en,E5x_pooled,0,0.9992055296897888,1,,,,
D3_01648,G_01794,en,E5x_pooled,0,0.9992054104804993,1,,,,
D3_01649,G_01795,en,E5x_pooled,0,0.9989134073257446,1,,,,
D3_01650,G_03035,en,E5x_pooled,0,0.9990605711936951,1,,,,
D3_01651,G_03036,en,E5x_pooled,0,0.9991198182106018,1,,,,
D3_01652,G_03037,en,E5x_pooled,0,0.9990100860595703,1,,,,
D3_01653,G_03038,en,E5x_pooled,0,0.998606264591217,1,,,,
D3_01654,G_03039,en,E5x_pooled,0,0.9990686774253845,1,,,,
D3_01655,G_03040,en,E5x_pooled,0,0.9991477727890015,1,,,,
D3_01656,G_01794,en,E5x_pooled,0,0.9992825388908386,1,,,,
D3_01657,G_01784,en,E5x_pooled,0,0.998991072177887,1,,,,
D3_01658,G_03017,en,E5x_pooled,0,0.9990046620368958,1,,,,
D3_01659,G_01811,en,E5x_pooled,0,0.9992411136627197,1,,,,
D3_01660,G_03045,en,E5x_pooled,0,0.9991255402565002,1,,,,
D3_01661,G_01789,en,E5x_pooled,0,0.9991416931152344,1,,,,
D3_01662,G_03047,en,E5x_pooled,0,0.9990425705909729,1,,,,
D3_01663,G_03048,en,E5x_pooled,0,0.9990910291671753,1,,,,
D3_01664,G_03049,en,E5x_pooled,0,0.9991449117660522,1,,,,
D3_01665,G_03050,en,E5x_pooled,0,0.9991750121116638,1,,,,
D3_01666,G_03045,en,E5x_pooled,0,0.999154806137085,1,,,,
D3_01667,G_01789,en,E5x_pooled,0,0.9990898370742798,1,,,,
D3_01668,G_03053,en,E5x_pooled,0,0.999122679233551,1,,,,
D3_01669,G_01815,en,E5x_pooled,0,0.9991723299026489,1,,,,
D3_01670,G_03055,en,E5x_pooled,0,0.9991605281829834,1,,,,
D3_01671,G_01811,en,E5x_pooled,0,0.9992017149925232,1,,,,
D3_01672,G_03057,en,E5x_pooled,0,0.9991552829742432,1,,,,
D3_01673,G_03058,en,E5x_pooled,0,0.9991102814674377,1,,,,
D3_01674,G_01784,en,E5x_pooled,0,0.9989383816719055,1,,,,
D3_01675,G_03060,en,E5x_pooled,0,0.9990504384040833,1,,,,
D3_01676,G_03061,en,E5x_pooled,0,0.9988802075386047,1,,,,
D3_01677,G_03062,en,E5x_pooled,0,0.9991829991340637,1,,,,
D3_01678,G_03063,en,E5x_pooled,0,0.9987422823905945,1,,,,
D3_01679,G_03064,en,E5x_pooled,0,0.9991787075996399,1,,,,
D3_01680,G_03065,en,E5x_pooled,0,0.9989950060844421,1,,,,
D3_01681,G_03066,en,E5x_pooled,0,0.9987342953681946,1,,,,
D3_01682,G_03067,en,E5x_pooled,0,0.9990648627281189,1,,,,
D3_01683,G_03068,en,E5x_pooled,0,0.9990108013153076,1,,,,
D3_01684,G_03069,en,E5x_pooled,0,0.9991368651390076,1,,,,
D3_01685,G_03070,en,E5x_pooled,0,0.9992430210113525,1,,,,
D3_01766,G_03071,en,E5x_pooled,0,0.9990224838256836,1,,,,
D3_01767,G_03072,en,E5x_pooled,0,0.9991815686225891,1,,,,
D3_01768,G_03073,en,E5x_pooled,0,0.9988922476768494,1,,,,
D3_01769,G_03074,en,E5x_pooled,0,0.9989703893661499,1,,,,
D3_01770,G_03075,en,E5x_pooled,0,0.9991114735603333,1,,,,
D3_01771,G_03076,en,E5x_pooled,0,0.9990028738975525,1,,,,
D3_01772,G_03601,en,E5x_pooled,0,0.9991707801818848,1,,,,
D3_01773,G_01892,en,E5x_pooled,0,0.9990678429603577,1,,,,
D3_01774,G_01898,en,E5x_pooled,0,0.9988793730735779,1,,,,
D3_01775,G_01909,en,E5x_pooled,0,0.998968243598938,1,,,,
D3_01776,G_01903,en,E5x_pooled,0,0.9990671277046204,1,,,,
D3_01777,G_01931,en,E5x_pooled,0,0.9988258481025696,1,,,,
D3_01778,G_03601,en,E5x_pooled,0,0.999150276184082,1,,,,
D3_01779,G_01892,en,E5x_pooled,0,0.9991369843482971,1,,,,
D3_01780,G_01898,en,E5x_pooled,0,0.9990760087966919,1,,,,
D3_01781,G_03086,en,E5x_pooled,0,0.9992577433586121,1,,,,
D3_01782,G_03087,en,E5x_pooled,0,0.9992355108261108,1,,,,
D3_01783,G_03088,en,E5x_pooled,0,0.9989702701568604,1,,,,
D3_01784,G_03089,en,E5x_pooled,0,0.99925297498703,1,,,,
D3_01785,G_01892,en,E5x_pooled,0,0.999079704284668,1,,,,
D3_01786,G_01898,en,E5x_pooled,0,0.9991224408149719,1,,,,
D3_01787,G_01903,en,E5x_pooled,0,0.9991278052330017,1,,,,
D3_01788,G_01909,en,E5x_pooled,0,0.9991377592086792,1,,,,
D3_01789,G_01931,en,E5x_pooled,0,0.9990418553352356,1,,,,
D3_01790,G_03095,en,E5x_pooled,0,0.999231219291687,1,,,,
D3_01791,G_03096,en,E5x_pooled,0,0.9991338849067688,1,,,,
D3_01792,G_03097,en,E5x_pooled,0,0.9992541670799255,1,,,,
D3_01793,G_03098,en,E5x_pooled,0,0.9989091157913208,1,,,,
D3_01794,G_03099,en,E5x_pooled,0,0.9989858269691467,1,,,,
D3_01795,G_03100,en,E5x_pooled,0,0.9990923404693604,1,,,,
D3_01796,G_03101,en,E5x_pooled,0,0.9992110729217529,1,,,,
D3_01797,G_03102,en,E5x_pooled,0,0.9987830519676208,1,,,,
D3_01798,G_03103,en,E5x_pooled,0,0.9987176656723022,1,,,,
D3_01799,G_03104,en,E5x_pooled,0,0.9992319345474243,1,,,,
D3_01800,G_03105,en,E5x_pooled,0,0.9989149570465088,1,,,,
D3_01801,G_03106,en,E5x_pooled,0,0.9989810585975647,1,,,,
D3_01882,G_03107,en,E5x_pooled,0,0.9990523457527161,1,,,,
D3_01883,G_03108,en,E5x_pooled,0,0.9990670084953308,1,,,,
D3_01884,G_03109,en,E5x_pooled,0,0.99918133020401,1,,,,
D3_01885,G_03110,en,E5x_pooled,0,0.9991416931152344,1,,,,
D3_01886,G_03111,en,E5x_pooled,0,0.9991375207901001,1,,,,
D3_01887,G_03112,en,E5x_pooled,0,0.9991458654403687,1,,,,
D3_01888,G_02011,en,E5x_pooled,0,0.999099850654602,1,,,,
D3_01889,G_02009,en,E5x_pooled,0,0.9990295171737671,1,,,,
D3_01890,G_02032,en,E5x_pooled,0,0.9991350769996643,1,,,,
D3_01891,G_03116,en,E5x_pooled,0,0.9990573525428772,1,,,,
D3_01892,G_02019,en,E5x_pooled,0,0.9991747736930847,1,,,,
D3_01893,G_02016,en,E5x_pooled,0,0.9990708827972412,1,,,,
D3_01894,G_02009,en,E5x_pooled,0,0.9990798234939575,1,,,,
D3_01895,G_03120,en,E5x_pooled,0,0.999219536781311,1,,,,
D3_01896,G_03121,en,E5x_pooled,0,0.999243974685669,1,,,,
D3_01897,G_03122,en,E5x_pooled,0,0.9992399215698242,1,,,,
D3_01898,G_03123,en,E5x_pooled,0,0.999264657497406,1,,,,
D3_01899,G_03124,en,E5x_pooled,0,0.9992850422859192,1,,,,
D3_01900,G_02009,en,E5x_pooled,0,0.9991361498832703,1,,,,
D3_01901,G_03126,en,E5x_pooled,0,0.9991856217384338,1,,,,
D3_01902,G_02043,en,E5x_pooled,0,0.9992043375968933,1,,,,
D3_01903,G_02016,en,E5x_pooled,0,0.9991900324821472,1,,,,
D3_01904,G_02019,en,E5x_pooled,0,0.9992507100105286,1,,,,
D3_01905,G_03116,en,E5x_pooled,0,0.9992020726203918,1,,,,
D3_01906,G_03131,en,E5x_pooled,0,0.9991492033004761,1,,,,
D3_01907,G_03132,en,E5x_pooled,0,0.9992311000823975,1,,,,
D3_01908,G_03133,en,E5x_pooled,0,0.9992007613182068,1,,,,
D3_01909,G_03134,en,E5x_pooled,0,0.9992044568061829,1,,,,
D3_01910,G_03135,en,E5x_pooled,0,0.9992081522941589,1,,,,
D3_01911,G_02016,en,E5x_pooled,0,0.9992247819900513,1,,,,
D3_01912,G_03137,en,E5x_pooled,0,0.9991449117660522,1,,,,
D3_01913,G_03138,en,E5x_pooled,0,0.9991152882575989,1,,,,
D3_01914,G_03139,en,E5x_pooled,0,0.9991834759712219,1,,,,
D3_01915,G_03140,en,E5x_pooled,0,0.9991806149482727,1,,,,
D3_01916,G_03141,en,E5x_pooled,0,0.9991821646690369,1,,,,
D3_01917,G_03142,en,E5x_pooled,0,0.9992332458496094,1,,,,
D3_01999,G_03143,en,E5x_pooled,0,0.9990587830543518,1,,,,
D3_02000,G_03144,en,E5x_pooled,0,0.9987767338752747,1,,,,
D3_02001,G_03145,en,E5x_pooled,0,0.9988600015640259,1,,,,
D3_02002,G_03146,en,E5x_pooled,0,0.9991368651390076,1,,,,
D3_02003,G_03147,en,E5x_pooled,0,0.9992126226425171,1,,,,
D3_02004,G_03148,en,E5x_pooled,0,0.9991651773452759,1,,,,
D3_02005,G_02119,en,E5x_pooled,0,0.9990266561508179,1,,,,
D3_02006,G_03150,en,E5x_pooled,0,0.9988467693328857,1,,,,
D3_02007,G_02154,en,E5x_pooled,0,0.9990360736846924,1,,,,
D3_02009,G_04542,en,E5x_pooled,0,0.9990577101707458,1,,,,
D3_02010,G_03168,en,E5x_pooled,0,0.9991366267204285,1,,,,
D3_02011,G_03154,en,E5x_pooled,0,0.9991673231124878,1,,,,
D3_02012,G_03155,en,E5x_pooled,0,0.9992238283157349,1,,,,
D3_02014,G_02150,en,E5x_pooled,0,0.9991876482963562,1,,,,
D3_02015,G_04542,en,E5x_pooled,0,0.9990701079368591,1,,,,
D3_02017,G_02119,en,E5x_pooled,0,0.9991059899330139,1,,,,
D3_02018,G_03159,en,E5x_pooled,0,0.9990807771682739,1,,,,
D3_02020,G_03160,en,E5x_pooled,0,0.9991726279258728,1,,,,
D3_02021,G_03161,en,E5x_pooled,0,0.9992356300354004,1,,,,
D3_02022,G_03168,en,E5x_pooled,0,0.9991495609283447,1,,,,
D3_02023,G_03163,en,E5x_pooled,0,0.9988524913787842,1,,,,
D3_02024,G_03164,en,E5x_pooled,0,0.9991834759712219,1,,,,
D3_02025,G_02154,en,E5x_pooled,0,0.9990355968475342,1,,,,
D3_02026,G_03166,en,E5x_pooled,0,0.9992545247077942,1,,,,
D3_02027,G_03167,en,E5x_pooled,0,0.9990322589874268,1,,,,
D3_02028,G_03168,en,E5x_pooled,0,0.9991891980171204,1,,,,
D3_02029,G_03169,en,E5x_pooled,0,0.9990808963775635,1,,,,
D3_02030,G_03170,en,E5x_pooled,0,0.9986404776573181,1,,,,
D3_02031,G_03171,en,E5x_pooled,0,0.9991644620895386,1,,,,
D3_02032,G_03172,en,E5x_pooled,0,0.999160647392273,1,,,,
D3_02033,G_03173,en,E5x_pooled,0,0.9989700317382812,1,,,,
D3_02034,G_03168,en,E5x_pooled,0,0.9990862607955933,1,,,,
D3_02106,G_03281,en,E5x_pooled,0,0.9992063641548157,1,,,,
D3_02107,G_02252,en,E5x_pooled,0,0.9991567134857178,1,,,,
D3_02108,G_04642,en,E5x_pooled,0,0.9991770386695862,1,,,,
D3_02109,G_03178,en,E5x_pooled,0,0.9990841150283813,1,,,,
D3_02110,G_02278,en,E5x_pooled,0,0.9988672733306885,1,,,,
D3_02111,G_03717,en,E5x_pooled,0,0.9988194108009338,1,,,,
D3_02112,G_02468,en,E5x_pooled,0,0.9989864230155945,1,,,,
D3_02113,G_02249,en,E5x_pooled,0,0.9988194108009338,1,,,,
D3_02114,G_03183,en,E5x_pooled,0,0.9989359974861145,1,,,,
D3_02115,G_02277,en,E5x_pooled,0,0.998976469039917,1,,,,
D3_02116,G_03185,en,E5x_pooled,0,0.9992074370384216,1,,,,
D3_02117,G_03186,en,E5x_pooled,0,0.9991711378097534,1,,,,
D3_02118,G_03187,en,E5x_pooled,0,0.9991762042045593,1,,,,
D3_02119,G_03188,en,E5x_pooled,0,0.9992141723632812,1,,,,
D3_02120,G_03189,en,E5x_pooled,0,0.9992511868476868,1,,,,
D3_02121,G_03190,en,E5x_pooled,0,0.9992092847824097,1,,,,
D3_02123,G_02239,en,E5x_pooled,0,0.9992855191230774,1,,,,
D3_02124,G_02243,en,E5x_pooled,0,0.9992808699607849,1,,,,
D3_02125,G_03281,en,E5x_pooled,0,0.999242901802063,1,,,,
D3_02126,G_02252,en,E5x_pooled,0,0.9992239475250244,1,,,,
D3_02127,G_04642,en,E5x_pooled,0,0.9992296695709229,1,,,,
D3_02128,G_03196,en,E5x_pooled,0,0.9992534518241882,1,,,,
D3_02129,G_02238,en,E5x_pooled,0,0.9992558360099792,1,,,,
D3_02130,G_02243,en,E5x_pooled,0,0.9992250204086304,1,,,,
D3_02131,G_03281,en,E5x_pooled,0,0.9992177486419678,1,,,,
D3_02133,G_02252,en,E5x_pooled,0,0.9992759823799133,1,,,,
D3_02134,G_03201,en,E5x_pooled,0,0.9992200136184692,1,,,,
D3_02135,G_03202,en,E5x_pooled,0,0.9993267059326172,1,,,,
D3_02136,G_02243,en,E5x_pooled,0,0.9992245435714722,1,,,,
D3_02137,G_03281,en,E5x_pooled,0,0.9992503523826599,1,,,,
D3_02138,G_04642,en,E5x_pooled,0,0.9991517066955566,1,,,,
D3_02139,G_02252,en,E5x_pooled,0,0.9991959929466248,1,,,,
D3_02140,G_03207,en,E5x_pooled,0,0.9990653395652771,1,,,,
D3_02141,G_02238,en,E5x_pooled,0,0.9992254972457886,1,,,,
D3_02142,G_03209,en,E5x_pooled,0,0.999134361743927,1,,,,
D3_02143,G_03210,en,E5x_pooled,0,0.99928879737854,1,,,,
D3_02144,G_03211,en,E5x_pooled,0,0.999211311340332,1,,,,
D3_02145,G_03212,en,E5x_pooled,0,0.9991726279258728,1,,,,
D3_02146,G_03213,en,E5x_pooled,0,0.9992727637290955,1,,,,
D3_02147,G_03214,en,E5x_pooled,0,0.9991834759712219,1,,,,
D3_02148,G_03215,en,E5x_pooled,0,0.9992357492446899,1,,,,
D3_02149,G_03216,en,E5x_pooled,0,0.9992135763168335,1,,,,
D3_02150,G_03217,en,E5x_pooled,0,0.999220609664917,1,,,,
D3_02151,G_03218,en,E5x_pooled,0,0.9992819428443909,1,,,,
D3_02212,G_03219,en,E5x_pooled,0,0.998458981513977,1,,,,
D3_02213,G_02355,en,E5x_pooled,0,0.9981866478919983,1,,,,
D3_02214,G_02354,en,E5x_pooled,0,0.9977943897247314,1,,,,
D3_02215,G_02353,en,E5x_pooled,0,0.9986481070518494,1,,,,
D3_02217,G_04180,en,E5x_pooled,0,0.9982995390892029,1,,,,
D3_02218,G_02358,en,E5x_pooled,0,0.9971103668212891,1,,,,
D3_02219,G_02372,en,E5x_pooled,0,0.9987917542457581,1,,,,
D3_02220,G_02357,en,E5x_pooled,0,0.9981620907783508,1,,,,
D3_02222,G_02390,en,E5x_pooled,0,0.9991538524627686,1,,,,
D3_02223,G_03228,en,E5x_pooled,0,0.998829185962677,1,,,,
D3_02224,G_02367,en,E5x_pooled,0,0.9987419247627258,1,,,,
D3_02225,G_03230,en,E5x_pooled,0,0.9990612864494324,1,,,,
D3_02226,G_02364,en,E5x_pooled,0,0.9988967180252075,1,,,,
D3_02227,G_02363,en,E5x_pooled,0,0.9990437626838684,1,,,,
D3_02228,G_02366,en,E5x_pooled,0,0.9989016056060791,1,,,,
D3_02229,G_02360,en,E5x_pooled,0,0.9990712404251099,1,,,,
D3_02230,G_02368,en,E5x_pooled,0,0.9990313053131104,1,,,,
D3_02231,G_02369,en,E5x_pooled,0,0.9987469911575317,1,,,,
D3_02232,G_03237,en,E5x_pooled,0,0.9988018274307251,1,,,,
D3_02233,G_03238,en,E5x_pooled,0,0.9977596998214722,1,,,,
D3_02234,G_03239,en,E5x_pooled,0,0.9981260895729065,1,,,,
D3_02235,G_03240,en,E5x_pooled,0,0.9988600015640259,1,,,,
D3_02236,G_03241,en,E5x_pooled,0,0.9991641044616699,1,,,,
D3_02237,G_03242,en,E5x_pooled,0,0.9986934065818787,1,,,,
D3_02238,G_03219,en,E5x_pooled,0,0.9989896416664124,1,,,,
D3_02239,G_02355,en,E5x_pooled,0,0.9990859031677246,1,,,,
D3_02240,G_02354,en,E5x_pooled,0,0.9987615346908569,1,,,,
D3_02241,G_02390,en,E5x_pooled,0,0.9992781281471252,1,,,,
D3_02242,G_02367,en,E5x_pooled,0,0.9991278052330017,1,,,,
D3_02243,G_03228,en,E5x_pooled,0,0.9990222454071045,1,,,,
D3_02244,G_03249,en,E5x_pooled,0,0.9991582632064819,1,,,,
D3_02245,G_03250,en,E5x_pooled,0,0.9989967942237854,1,,,,
D3_02247,G_03251,en,E5x_pooled,0,0.9992689490318298,1,,,,
D3_02248,G_03252,en,E5x_pooled,0,0.9991150498390198,1,,,,
D3_02249,G_03253,en,E5x_pooled,0,0.9992792010307312,1,,,,
D3_02250,G_03254,en,E5x_pooled,0,0.9992458820343018,1,,,,
D3_02251,G_03255,en,E5x_pooled,0,0.9991405010223389,1,,,,
D3_02252,G_02354,en,E5x_pooled,0,0.9991468191146851,1,,,,
D3_02253,G_03257,en,E5x_pooled,0,0.9992148876190186,1,,,,
D3_02254,G_02390,en,E5x_pooled,0,0.9992766976356506,1,,,,
D3_02255,G_03259,en,E5x_pooled,0,0.9992031455039978,1,,,,
D3_02256,G_03260,en,E5x_pooled,0,0.9983853101730347,1,,,,
D3_02257,G_03261,en,E5x_pooled,0,0.999016523361206,1,,,,
D3_02258,G_03262,en,E5x_pooled,0,0.9924672245979309,1,,,,
D3_02259,G_03263,en,E5x_pooled,0,0.9992038607597351,1,,,,
D3_02260,G_03264,en,E5x_pooled,0,0.9991039633750916,1,,,,
D3_02261,G_03265,en,E5x_pooled,0,0.9992184638977051,1,,,,
D3_02262,G_03266,en,E5x_pooled,0,0.9989916682243347,1,,,,
D3_02263,G_03267,en,E5x_pooled,0,0.998508870601654,1,,,,
D3_02264,G_03268,en,E5x_pooled,0,0.9986705780029297,1,,,,
D3_02265,G_03269,en,E5x_pooled,0,0.999222993850708,1,,,,
D3_02266,G_03270,en,E5x_pooled,0,0.9986215829849243,1,,,,
D3_02267,G_03271,en,E5x_pooled,0,0.9989637136459351,1,,,,
D3_02349,G_03272,en,E5x_pooled,0,0.9991224408149719,1,,,,
D3_02350,G_03273,en,E5x_pooled,0,0.9991790652275085,1,,,,
D3_02351,G_03274,en,E5x_pooled,0,0.9991984963417053,1,,,,
D3_02352,G_03275,en,E5x_pooled,0,0.9991415739059448,1,,,,
D3_02353,G_03276,en,E5x_pooled,0,0.999147891998291,1,,,,
D3_02354,G_03277,en,E5x_pooled,0,0.9991286396980286,1,,,,
D3_02355,G_02239,en,E5x_pooled,0,0.999264657497406,1,,,,
D3_02356,G_03279,en,E5x_pooled,0,0.9992762207984924,1,,,,
D3_02357,G_02245,en,E5x_pooled,0,0.9992793202400208,1,,,,
D3_02358,G_03281,en,E5x_pooled,0,0.999215841293335,1,,,,
D3_02359,G_03178,en,E5x_pooled,0,0.999158501625061,1,,,,
D3_02360,G_04642,en,E5x_pooled,0,0.9992214441299438,1,,,,
D3_02361,G_03284,en,E5x_pooled,0,0.9992515444755554,1,,,,
D3_02362,G_03285,en,E5x_pooled,0,0.9992725253105164,1,,,,
D3_02363,G_02238,en,E5x_pooled,0,0.9991959929466248,1,,,,
D3_02364,G_03287,en,E5x_pooled,0,0.9992614388465881,1,,,,
D3_02365,G_03178,en,E5x_pooled,0,0.9992664456367493,1,,,,
D3_02368,G_03289,en,E5x_pooled,0,0.9992495179176331,1,,,,
D3_02371,G_03178,en,E5x_pooled,0,0.9991125464439392,1,,,,
D3_02372,G_04642,en,E5x_pooled,0,0.9991771578788757,1,,,,
D3_02373,G_03292,en,E5x_pooled,0,0.9992289543151855,1,,,,
D3_02374,G_03293,en,E5x_pooled,0,0.9992414712905884,1,,,,
D3_02376,G_03281,en,E5x_pooled,0,0.999235987663269,1,,,,
D3_02377,G_03295,en,E5x_pooled,0,0.9992812275886536,1,,,,
D3_02378,G_03296,en,E5x_pooled,0,0.9992196559906006,1,,,,
D3_02379,G_03297,en,E5x_pooled,0,0.9992244243621826,1,,,,
D3_02381,G_02245,en,E5x_pooled,0,0.9990673661231995,1,,,,
D3_02382,G_03299,en,E5x_pooled,0,0.999201238155365,1,,,,
D3_02383,G_03178,en,E5x_pooled,0,0.9992057681083679,1,,,,
D3_02384,G_03301,en,E5x_pooled,0,0.9992383718490601,1,,,,
D3_02465,G_03302,en,E5x_pooled,0,0.9991402626037598,1,,,,
D3_02466,G_03303,en,E5x_pooled,0,0.9990617632865906,1,,,,
D3_02467,G_03304,en,E5x_pooled,0,0.999083399772644,1,,,,
D3_02468,G_03305,en,E5x_pooled,0,0.9991421699523926,1,,,,
D3_02469,G_03306,en,E5x_pooled,0,0.9991851449012756,1,,,,
D3_02470,G_03307,en,E5x_pooled,0,0.999171257019043,1,,,,
D3_02471,G_02521,en,E5x_pooled,0,0.9991139769554138,1,,,,
D3_02472,G_02519,en,E5x_pooled,0,0.9991474151611328,1,,,,
D3_02473,G_03310,en,E5x_pooled,0,0.9990702271461487,1,,,,
D3_02474,G_02504,en,E5x_pooled,0,0.9991410970687866,1,,,,
D3_02475,G_02511,en,E5x_pooled,0,0.9992467164993286,1,,,,
D3_02476,G_02512,en,E5x_pooled,0,0.9992708563804626,1,,,,
D3_02477,G_02521,en,E5x_pooled,0,0.9992067217826843,1,,,,
D3_02478,G_02519,en,E5x_pooled,0,0.9991005659103394,1,,,,
D3_02479,G_03316,en,E5x_pooled,0,0.9991724491119385,1,,,,
D3_02481,G_02504,en,E5x_pooled,0,0.99913090467453,1,,,,
D3_02482,G_02512,en,E5x_pooled,0,0.9991361498832703,1,,,,
D3_02483,G_03319,en,E5x_pooled,0,0.9992387294769287,1,,,,
D3_02484,G_02519,en,E5x_pooled,0,0.9991995692253113,1,,,,
D3_02485,G_03321,en,E5x_pooled,0,0.9991247057914734,1,,,,
D3_02487,G_03322,en,E5x_pooled,0,0.9992324113845825,1,,,,
D3_02488,G_03323,en,E5x_pooled,0,0.9993090629577637,1,,,,
D3_02489,G_03324,en,E5x_pooled,0,0.999136745929718,1,,,,
D3_02490,G_03325,en,E5x_pooled,0,0.9991089701652527,1,,,,
D3_02491,G_03326,en,E5x_pooled,0,0.9990357160568237,1,,,,
D3_02492,G_03327,en,E5x_pooled,0,0.9992475509643555,1,,,,
D3_02493,G_03328,en,E5x_pooled,0,0.9991425275802612,1,,,,
D3_02494,G_02512,en,E5x_pooled,0,0.9991719722747803,1,,,,
D3_02495,G_03330,en,E5x_pooled,0,0.9991682767868042,1,,,,
D3_02496,G_03331,en,E5x_pooled,0,0.9991003274917603,1,,,,
D3_02497,G_03332,en,E5x_pooled,0,0.9990401864051819,1,,,,
D3_02498,G_03333,en,E5x_pooled,0,0.9990112781524658,1,,,,
D3_02499,G_03334,en,E5x_pooled,0,0.9990823268890381,1,,,,
D3_02500,G_03335,en,E5x_pooled,0,0.9992062449455261,1,,,,
D3_02561,G_03336,en,E5x_pooled,0,0.9992120265960693,1,,,,
D3_02562,G_03337,en,E5x_pooled,0,0.999118983745575,1,,,,
D3_02563,G_03338,en,E5x_pooled,0,0.9990988969802856,1,,,,
D3_02564,G_03339,en,E5x_pooled,0,0.9992259740829468,1,,,,
D3_02565,G_03340,en,E5x_pooled,0,0.9991175532341003,1,,,,
D3_02569,G_02610,en,E5x_pooled,0,0.9990035891532898,1,,,,
D3_02570,G_03342,en,E5x_pooled,0,0.9991135001182556,1,,,,
D3_02581,G_03343,en,E5x_pooled,0,0.9992362260818481,1,,,,
D3_02582,G_03344,en,E5x_pooled,0,0.9990389347076416,1,,,,
D3_02583,G_03345,en,E5x_pooled,0,0.9991675615310669,1,,,,
D3_02584,G_03346,en,E5x_pooled,0,0.9992702603340149,1,,,,
D3_02585,G_03347,en,E5x_pooled,0,0.9991951584815979,1,,,,
D3_02586,G_03348,en,E5x_pooled,0,0.9991635084152222,1,,,,
D3_02587,G_03336,en,E5x_pooled,0,0.9992464780807495,1,,,,
D3_02588,G_03337,en,E5x_pooled,0,0.9992421865463257,1,,,,
D3_02589,G_03338,en,E5x_pooled,0,0.9992696642875671,1,,,,
D3_02590,G_02616,en,E5x_pooled,0,0.9991466999053955,1,,,,
D3_02591,G_02620,en,E5x_pooled,0,0.9992460012435913,1,,,,
D3_02592,G_02617,en,E5x_pooled,0,0.9992541670799255,1,,,,
D3_02593,G_03355,en,E5x_pooled,0,0.9992848038673401,1,,,,
D3_02594,G_03356,en,E5x_pooled,0,0.9992616772651672,1,,,,
D3_02595,G_03357,en,E5x_pooled,0,0.9991647005081177,1,,,,
D3_02596,G_03358,en,E5x_pooled,0,0.9992726445198059,1,,,,
D3_02597,G_03359,en,E5x_pooled,0,0.9992395639419556,1,,,,
D3_02598,G_03360,en,E5x_pooled,0,0.9993428587913513,1,,,,
D3_02599,G_03361,en,E5x_pooled,0,0.9993206262588501,1,,,,
D3_02600,G_03362,en,E5x_pooled,0,0.9992535710334778,1,,,,
D3_02601,G_03338,en,E5x_pooled,0,0.9992578625679016,1,,,,
D3_02602,G_02616,en,E5x_pooled,0,0.9992263317108154,1,,,,
D3_02603,G_02620,en,E5x_pooled,0,0.9993060827255249,1,,,,
D3_02604,G_03366,en,E5x_pooled,0,0.9992756247520447,1,,,,
D3_02605,G_03367,en,E5x_pooled,0,0.999285876750946,1,,,,
D3_02606,G_03368,en,E5x_pooled,0,0.9991275668144226,1,,,,
D3_02607,G_03369,en,E5x_pooled,0,0.9992799162864685,1,,,,
D3_02608,G_03370,en,E5x_pooled,0,0.9993150234222412,1,,,,
D3_02609,G_03371,en,E5x_pooled,0,0.9992903470993042,1,,,,
D3_02610,G_03372,en,E5x_pooled,0,0.999256432056427,1,,,,
D3_02611,G_03373,en,E5x_pooled,0,0.9992799162864685,1,,,,
D3_02612,G_03374,en,E5x_pooled,0,0.9992289543151855,1,,,,
D3_02613,G_03375,en,E5x_pooled,0,0.9992734789848328,1,,,,
D3_02614,G_03376,en,E5x_pooled,0,0.9993157386779785,1,,,,
D3_02615,G_03377,en,E5x_pooled,0,0.999273955821991,1,,,,
D3_02616,G_03378,en,E5x_pooled,0,0.9993135929107666,1,,,,
D3_02677,G_02726,en,E5x_pooled,0,0.9985756874084473,1,,,,
D3_02678,G_03915,en,E5x_pooled,0,0.9987421631813049,1,,,,
D3_02679,G_02752,en,E5x_pooled,0,0.9988059997558594,1,,,,
D3_02680,G_03382,en,E5x_pooled,0,0.9988645315170288,1,,,,
D3_02681,G_02725,en,E5x_pooled,0,0.9989694356918335,1,,,,
D3_02682,G_03384,en,E5x_pooled,0,0.998616099357605,1,,,,
D3_02683,G_02825,en,E5x_pooled,0,0.9984971284866333,1,,,,
D3_02684,G_02721,en,E5x_pooled,0,0.9983710646629333,1,,,,
D3_02685,G_03387,en,E5x_pooled,0,0.9991318583488464,1,,,,
D3_02686,G_02827,en,E5x_pooled,0,0.9987689852714539,1,,,,
D3_02687,G_02738,en,E5x_pooled,0,0.998823344707489,1,,,,
D3_02688,G_02731,en,E5x_pooled,0,0.9987242817878723,1,,,,
D3_02689,G_02733,en,E5x_pooled,0,0.9988577365875244,1,,,,
D3_02690,G_02735,en,E5x_pooled,0,0.9986382126808167,1,,,,
D3_02691,G_02732,en,E5x_pooled,0,0.998654842376709,1,,,,
D3_02692,G_02760,en,E5x_pooled,0,0.9988065958023071,1,,,,
D3_02693,G_02730,en,E5x_pooled,0,0.9988290667533875,1,,,,
D3_02694,G_02737,en,E5x_pooled,0,0.9988300204277039,1,,,,
D3_02695,G_02734,en,E5x_pooled,0,0.9990686774253845,1,,,,
D3_02696,G_02736,en,E5x_pooled,0,0.9988372921943665,1,,,,
D3_02697,G_03399,en,E5x_pooled,0,0.9989116191864014,1,,,,
D3_02698,G_03400,en,E5x_pooled,0,0.9990983009338379,1,,,,
D3_02699,G_03401,en,E5x_pooled,0,0.9990901947021484,1,,,,
D3_02700,G_03402,en,E5x_pooled,0,0.9988020658493042,1,,,,
D3_02701,G_03403,en,E5x_pooled,0,0.9988462924957275,1,,,,
D3_02702,G_03404,en,E5x_pooled,0,0.9990725517272949,1,,,,
D3_02703,G_02726,en,E5x_pooled,0,0.9990649819374084,1,,,,
D3_02704,G_03915,en,E5x_pooled,0,0.9991214871406555,1,,,,
D3_02705,G_03407,en,E5x_pooled,0,0.9991849064826965,1,,,,
D3_02706,G_02738,en,E5x_pooled,0,0.9991476535797119,1,,,,
D3_02707,G_02731,en,E5x_pooled,0,0.9991297125816345,1,,,,
D3_02708,G_02733,en,E5x_pooled,0,0.9991687536239624,1,,,,
D3_02709,G_03411,en,E5x_pooled,0,0.9991014003753662,1,,,,
D3_02710,G_03412,en,E5x_pooled,0,0.999264657497406,1,,,,
D3_02711,G_03413,en,E5x_pooled,0,0.9991958737373352,1,,,,
D3_02712,G_03414,en,E5x_pooled,0,0.9990530610084534,1,,,,
D3_02713,G_03415,en,E5x_pooled,0,0.9991826415061951,1,,,,
D3_02714,G_02733,en,E5x_pooled,0,0.9991274476051331,1,,,,
D3_02715,G_03417,en,E5x_pooled,0,0.9992340803146362,1,,,,
D3_02716,G_03418,en,E5x_pooled,0,0.999126136302948,1,,,,
D3_02717,G_02757,en,E5x_pooled,0,0.9991844296455383,1,,,,
D3_02718,G_03420,en,E5x_pooled,0,0.9992096424102783,1,,,,
D3_02719,G_02762,en,E5x_pooled,0,0.9991542100906372,1,,,,
D3_02720,G_02733,en,E5x_pooled,0,0.9991796612739563,1,,,,
D3_02721,G_03423,en,E5x_pooled,0,0.9989473223686218,1,,,,
D3_02722,G_03424,en,E5x_pooled,0,0.999144434928894,1,,,,
D3_02723,G_03425,en,E5x_pooled,0,0.9989614486694336,1,,,,
D3_02724,G_03426,en,E5x_pooled,0,0.9987592697143555,1,,,,
D3_02725,G_03427,en,E5x_pooled,0,0.9990381002426147,1,,,,
D3_02726,G_03428,en,E5x_pooled,0,0.9991312623023987,1,,,,
D3_02727,G_03429,en,E5x_pooled,0,0.9992544054985046,1,,,,
D3_02728,G_03430,en,E5x_pooled,0,0.9988235831260681,1,,,,
D3_02729,G_03431,en,E5x_pooled,0,0.9991932511329651,1,,,,
D3_02730,G_03432,en,E5x_pooled,0,0.9988055229187012,1,,,,
D3_02731,G_03433,en,E5x_pooled,0,0.9991154074668884,1,,,,
D3_02732,G_03434,en,E5x_pooled,0,0.9990398287773132,1,,,,
D3_02813,G_03435,en,E5x_pooled,0,0.999021053314209,1,,,,
D3_02814,G_03436,en,E5x_pooled,0,0.9987701773643494,1,,,,
D3_02815,G_03437,en,E5x_pooled,0,0.9989414811134338,1,,,,
D3_02816,G_03438,en,E5x_pooled,0,0.9991797804832458,1,,,,
D3_02817,G_03439,en,E5x_pooled,0,0.9991357922554016,1,,,,
D3_02818,G_03440,en,E5x_pooled,0,0.9988723397254944,1,,,,
D3_02819,G_03441,en,E5x_pooled,0,0.999122679233551,1,,,,
D3_02820,G_03384,en,E5x_pooled,0,0.9990580677986145,1,,,,
D3_02821,G_03382,en,E5x_pooled,0,0.9991071820259094,1,,,,
D3_02822,G_03444,en,E5x_pooled,0,0.9991998076438904,1,,,,
D3_02823,G_02760,en,E5x_pooled,0,0.9990444779396057,1,,,,
D3_02824,G_03446,en,E5x_pooled,0,0.999147891998291,1,,,,
D3_02825,G_02825,en,E5x_pooled,0,0.9990150928497314,1,,,,
D3_02827,G_03382,en,E5x_pooled,0,0.9990792274475098,1,,,,
D3_02828,G_03449,en,E5x_pooled,0,0.9991305470466614,1,,,,
D3_02829,G_03450,en,E5x_pooled,0,0.9992436170578003,1,,,,
D3_02830,G_03451,en,E5x_pooled,0,0.9990226030349731,1,,,,
D3_02831,G_03452,en,E5x_pooled,0,0.9991421699523926,1,,,,
D3_02832,G_02837,en,E5x_pooled,0,0.999198853969574,1,,,,
D3_02833,G_03454,en,E5x_pooled,0,0.9992058873176575,1,,,,
D3_02834,G_03455,en,E5x_pooled,0,0.9992369413375854,1,,,,
D3_02835,G_03456,en,E5x_pooled,0,0.9992019534111023,1,,,,
D3_02836,G_02760,en,E5x_pooled,0,0.9991883635520935,1,,,,
D3_02837,G_03458,en,E5x_pooled,0,0.9986118078231812,1,,,,
D3_02838,G_03459,en,E5x_pooled,0,0.9990233182907104,1,,,,
D3_02839,G_03460,en,E5x_pooled,0,0.9991014003753662,1,,,,
D3_02840,G_03461,en,E5x_pooled,0,0.9991652965545654,1,,,,
D3_02841,G_03462,en,E5x_pooled,0,0.9989354014396667,1,,,,
D3_02842,G_03463,en,E5x_pooled,0,0.9991993308067322,1,,,,
D3_02843,G_03464,en,E5x_pooled,0,0.9991785883903503,1,,,,
D3_02844,G_03465,en,E5x_pooled,0,0.9988675117492676,1,,,,
D3_02845,G_03466,en,E5x_pooled,0,0.9989830851554871,1,,,,
D3_02846,G_03467,en,E5x_pooled,0,0.9988213181495667,1,,,,
D3_02847,G_03468,en,E5x_pooled,0,0.9990270137786865,1,,,,
D3_02848,G_03469,en,E5x_pooled,0,0.9988927245140076,1,,,,
D3_02909,G_03470,en,E5x_pooled,0,0.9981865286827087,1,,,,
D3_02910,G_02855,en,E5x_pooled,0,0.9985470175743103,1,,,,
D3_02911,G_02861,en,E5x_pooled,0,0.9972535967826843,1,,,,
D3_02912,G_04786,en,E5x_pooled,0,0.9977861642837524,1,,,,
D3_02913,G_02854,en,E5x_pooled,0,0.9978386759757996,1,,,,
D3_02914,G_02860,en,E5x_pooled,0,0.9982901215553284,1,,,,
D3_02915,G_02858,en,E5x_pooled,0,0.9976397752761841,1,,,,
D3_02916,G_02863,en,E5x_pooled,0,0.9981405735015869,1,,,,
D3_02917,G_02859,en,E5x_pooled,0,0.9962154030799866,1,,,,
D3_02918,G_02862,en,E5x_pooled,0,0.9987198114395142,1,,,,
D3_02919,G_02864,en,E5x_pooled,0,0.9984151124954224,1,,,,
D3_02920,G_03481,en,E5x_pooled,0,0.9987537860870361,1,,,,
D3_02921,G_02866,en,E5x_pooled,0,0.9989652633666992,1,,,,
D3_02922,G_02871,en,E5x_pooled,0,0.9989713430404663,1,,,,
D3_02923,G_02865,en,E5x_pooled,0,0.9988844990730286,1,,,,
D3_02924,G_02872,en,E5x_pooled,0,0.9988492727279663,1,,,,
D3_02925,G_02873,en,E5x_pooled,0,0.9985118508338928,1,,,,
D3_02926,G_02867,en,E5x_pooled,0,0.9985571503639221,1,,,,
D3_02927,G_02869,en,E5x_pooled,0,0.998824417591095,1,,,,
D3_02928,G_02868,en,E5x_pooled,0,0.9989750385284424,1,,,,
D3_02929,G_03490,en,E5x_pooled,0,0.996498703956604,1,,,,
D3_02930,G_03491,en,E5x_pooled,0,0.9983763694763184,1,,,,
D3_02931,G_03492,en,E5x_pooled,0,0.9987744688987732,1,,,,
D3_02932,G_03493,en,E5x_pooled,0,0.9986296892166138,1,,,,
D3_02933,G_03494,en,E5x_pooled,0,0.9986979961395264,1,,,,
D3_02934,G_03495,en,E5x_pooled,0,0.9988431930541992,1,,,,
D3_02935,G_03496,en,E5x_pooled,0,0.9987685084342957,1,,,,
D3_02936,G_03497,en,E5x_pooled,0,0.9987667798995972,1,,,,
D3_02937,G_03498,en,E5x_pooled,0,0.9983536005020142,1,,,,
D3_02938,G_03499,en,E5x_pooled,0,0.9989058971405029,1,,,,
D3_02939,G_02864,en,E5x_pooled,0,0.9984424710273743,1,,,,
D3_02940,G_02866,en,E5x_pooled,0,0.9990642666816711,1,,,,
D3_02941,G_03470,en,E5x_pooled,0,0.9986918568611145,1,,,,
D3_02942,G_03503,en,E5x_pooled,0,0.9989123344421387,1,,,,
D3_02943,G_03504,en,E5x_pooled,0,0.9989694356918335,1,,,,
D3_02944,G_03505,en,E5x_pooled,0,0.9990069270133972,1,,,,
D3_02945,G_03506,en,E5x_pooled,0,0.9991145730018616,1,,,,
D3_02946,G_03507,en,E5x_pooled,0,0.9991346001625061,1,,,,
D3_02947,G_03508,en,E5x_pooled,0,0.9989836812019348,1,,,,
D3_02948,G_02893,en,E5x_pooled,0,0.9990456700325012,1,,,,
D3_02949,G_03510,en,E5x_pooled,0,0.9990334510803223,1,,,,
D3_02950,G_03511,en,E5x_pooled,0,0.9990637898445129,1,,,,
D3_02951,G_03512,en,E5x_pooled,0,0.999123752117157,1,,,,
D3_02952,G_02896,en,E5x_pooled,0,0.9990952014923096,1,,,,
D3_02953,G_03470,en,E5x_pooled,0,0.9988238215446472,1,,,,
D3_02954,G_03515,en,E5x_pooled,0,0.9989006519317627,1,,,,
D3_02955,G_03516,en,E5x_pooled,0,0.9986188411712646,1,,,,
D3_02956,G_03517,en,E5x_pooled,0,0.9990140199661255,1,,,,
D3_02957,G_03518,en,E5x_pooled,0,0.9991714954376221,1,,,,
D3_02958,G_03519,en,E5x_pooled,0,0.9990717172622681,1,,,,
D3_02959,G_03520,en,E5x_pooled,0,0.9987189769744873,1,,,,
D3_02960,G_03521,en,E5x_pooled,0,0.9967586398124695,1,,,,
D3_02961,G_03522,en,E5x_pooled,0,0.9988954067230225,1,,,,
D3_02962,G_03523,en,E5x_pooled,0,0.9988752007484436,1,,,,
D3_02963,G_03524,en,E5x_pooled,0,0.9989423155784607,1,,,,
D3_02964,G_03525,en,E5x_pooled,0,0.9989458918571472,1,,,,
D3_03045,G_03526,en,E5x_pooled,0,0.9992202520370483,1,,,,
D3_03046,G_03527,en,E5x_pooled,0,0.9992353916168213,1,,,,
D3_03047,G_03528,en,E5x_pooled,0,0.9990977048873901,1,,,,
D3_03048,G_03529,en,E5x_pooled,0,0.9990228414535522,1,,,,
D3_03049,G_03530,en,E5x_pooled,0,0.9991693496704102,1,,,,
D3_03050,G_03531,en,E5x_pooled,0,0.999213457107544,1,,,,
D3_03051,G_01667,en,E5x_pooled,0,0.999295711517334,1,,,,
D3_03052,G_01663,en,E5x_pooled,0,0.9993021488189697,1,,,,
D3_03053,G_02968,en,E5x_pooled,0,0.9991681575775146,1,,,,
D3_03054,G_02971,en,E5x_pooled,0,0.9991588592529297,1,,,,
D3_03055,G_01679,en,E5x_pooled,0,0.9992039799690247,1,,,,
D3_03056,G_01698,en,E5x_pooled,0,0.9991058707237244,1,,,,
D3_03057,G_03538,en,E5x_pooled,0,0.9992321729660034,1,,,,
D3_03058,G_03539,en,E5x_pooled,0,0.9991737008094788,1,,,,
D3_03059,G_03540,en,E5x_pooled,0,0.998974084854126,1,,,,
D3_03060,G_03541,en,E5x_pooled,0,0.9990967512130737,1,,,,
D3_03061,G_03542,en,E5x_pooled,0,0.9991913437843323,1,,,,
D3_03062,G_03543,en,E5x_pooled,0,0.9992008805274963,1,,,,
D3_03063,G_03544,en,E5x_pooled,0,0.999225378036499,1,,,,
D3_03064,G_01663,en,E5x_pooled,0,0.9993084669113159,1,,,,
D3_03065,G_03546,en,E5x_pooled,0,0.999258816242218,1,,,,
D3_03066,G_03002,en,E5x_pooled,0,0.9991657733917236,1,,,,
D3_03067,G_03548,en,E5x_pooled,0,0.9992523789405823,1,,,,
D3_03069,G_03549,en,E5x_pooled,0,0.9992278814315796,1,,,,
D3_03070,G_03550,en,E5x_pooled,0,0.9989435076713562,1,,,,
D3_03071,G_03551,en,E5x_pooled,0,0.9992086291313171,1,,,,
D3_03072,G_03552,en,E5x_pooled,0,0.9991493225097656,1,,,,
D3_03073,G_03553,en,E5x_pooled,0,0.9991631507873535,1,,,,
D3_03074,G_03554,en,E5x_pooled,0,0.999077558517456,1,,,,
D3_03075,G_03555,en,E5x_pooled,0,0.9989544153213501,1,,,,
D3_03076,G_03556,en,E5x_pooled,0,0.9991117119789124,1,,,,
D3_03077,G_03557,en,E5x_pooled,0,0.9990967512130737,1,,,,
D3_03078,G_03558,en,E5x_pooled,0,0.998941957950592,1,,,,
D3_03079,G_03559,en,E5x_pooled,0,0.9991888403892517,1,,,,
D3_03080,G_03560,en,E5x_pooled,0,0.9991125464439392,1,,,,
D3_03161,G_03561,en,E5x_pooled,0,0.9992215633392334,1,,,,
D3_03162,G_03562,en,E5x_pooled,0,0.9991650581359863,1,,,,
D3_03163,G_03563,en,E5x_pooled,0,0.9992127418518066,1,,,,
D3_03164,G_03564,en,E5x_pooled,0,0.9992201328277588,1,,,,
D3_03165,G_03565,en,E5x_pooled,0,0.9992287158966064,1,,,,
D3_03166,G_03566,en,E5x_pooled,0,0.9990963935852051,1,,,,
D3_03167,G_03023,en,E5x_pooled,0,0.9992378950119019,1,,,,
D3_03168,G_03579,en,E5x_pooled,0,0.9992552399635315,1,,,,
D3_03169,G_01816,en,E5x_pooled,0,0.999230146408081,1,,,,
D3_03170,G_01819,en,E5x_pooled,0,0.999285876750946,1,,,,
D3_03171,G_01794,en,E5x_pooled,0,0.9992697834968567,1,,,,
D3_03172,G_03045,en,E5x_pooled,0,0.9990678429603577,1,,,,
D3_03173,G_03573,en,E5x_pooled,0,0.9993195533752441,1,,,,
D3_03174,G_03574,en,E5x_pooled,0,0.999313235282898,1,,,,
D3_03175,G_03575,en,E5x_pooled,0,0.9993150234222412,1,,,,
D3_03176,G_03576,en,E5x_pooled,0,0.9992538094520569,1,,,,
D3_03177,G_03577,en,E5x_pooled,0,0.9992921352386475,1,,,,
D3_03179,G_03578,en,E5x_pooled,0,0.9992107152938843,1,,,,
D3_03180,G_03579,en,E5x_pooled,0,0.9992613196372986,1,,,,
D3_03181,G_01816,en,E5x_pooled,0,0.9992669224739075,1,,,,
D3_03183,G_03581,en,E5x_pooled,0,0.9991649389266968,1,,,,
D3_03184,G_03058,en,E5x_pooled,0,0.9991057515144348,1,,,,
D3_03185,G_03583,en,E5x_pooled,0,0.9992203712463379,1,,,,
D3_03186,G_03584,en,E5x_pooled,0,0.9993304014205933,1,,,,
D3_03187,G_03585,en,E5x_pooled,0,0.999221920967102,1,,,,
D3_03188,G_03586,en,E5x_pooled,0,0.9992695450782776,1,,,,
D3_03189,G_03587,en,E5x_pooled,0,0.9992955923080444,1,,,,
D3_03191,G_03588,en,E5x_pooled,0,0.999151349067688,1,,,,
D3_03192,G_03589,en,E5x_pooled,0,0.999257504940033,1,,,,
D3_03193,G_03590,en,E5x_pooled,0,0.9992777705192566,1,,,,
D3_03194,G_03591,en,E5x_pooled,0,0.999243974685669,1,,,,
D3_03195,G_03592,en,E5x_pooled,0,0.9992214441299438,1,,,,
D3_03277,G_03593,en,E5x_pooled,0,0.9987305998802185,1,,,,
D3_03278,G_01897,en,E5x_pooled,0,0.9990943670272827,1,,,,
D3_03279,G_03595,en,E5x_pooled,0,0.999004065990448,1,,,,
D3_03280,G_03596,en,E5x_pooled,0,0.9988130331039429,1,,,,
D3_03281,G_03597,en,E5x_pooled,0,0.9989690780639648,1,,,,
D3_03282,G_03598,en,E5x_pooled,0,0.9989489912986755,1,,,,
D3_03283,G_03599,en,E5x_pooled,0,0.9988192915916443,1,,,,
D3_03284,G_01897,en,E5x_pooled,0,0.9990866184234619,1,,,,
D3_03285,G_03601,en,E5x_pooled,0,0.9992498755455017,1,,,,
D3_03286,G_01907,en,E5x_pooled,0,0.9989350438117981,1,,,,
D3_03287,G_03603,en,E5x_pooled,0,0.9990783929824829,1,,,,
D3_03288,G_01906,en,E5x_pooled,0,0.9991434812545776,1,,,,
D3_03289,G_03605,en,E5x_pooled,0,0.9989180564880371,1,,,,
D3_03290,G_03606,en,E5x_pooled,0,0.9991735816001892,1,,,,
D3_03291,G_03601,en,E5x_pooled,0,0.9990299940109253,1,,,,
D3_03292,G_03608,en,E5x_pooled,0,0.9991996884346008,1,,,,
D3_03294,G_03609,en,E5x_pooled,0,0.999198853969574,1,,,,
D3_03295,G_01898,en,E5x_pooled,0,0.9990757703781128,1,,,,
D3_03296,G_01897,en,E5x_pooled,0,0.9992269277572632,1,,,,
D3_03297,G_03601,en,E5x_pooled,0,0.9992504715919495,1,,,,
D3_03298,G_01907,en,E5x_pooled,0,0.9990561604499817,1,,,,
D3_03299,G_03603,en,E5x_pooled,0,0.999140739440918,1,,,,
D3_03300,G_01906,en,E5x_pooled,0,0.9991542100906372,1,,,,
D3_03301,G_03616,en,E5x_pooled,0,0.9990022778511047,1,,,,
D3_03302,G_03617,en,E5x_pooled,0,0.9991587400436401,1,,,,
D3_03303,G_03601,en,E5x_pooled,0,0.9990764856338501,1,,,,
D3_03304,G_03619,en,E5x_pooled,0,0.9991592168807983,1,,,,
D3_03305,G_03603,en,E5x_pooled,0,0.999160647392273,1,,,,
D3_03306,G_03621,en,E5x_pooled,0,0.9990283250808716,1,,,,
D3_03307,G_03622,en,E5x_pooled,0,0.9989884495735168,1,,,,
D3_03308,G_03623,en,E5x_pooled,0,0.998932421207428,1,,,,
D3_03309,G_03624,en,E5x_pooled,0,0.998803973197937,1,,,,
D3_03310,G_03625,en,E5x_pooled,0,0.9989303946495056,1,,,,
D3_03311,G_03626,en,E5x_pooled,0,0.999047577381134,1,,,,
D3_03312,G_03627,en,E5x_pooled,0,0.9989724159240723,1,,,,
D3_03393,G_03628,en,E5x_pooled,0,0.9992007613182068,1,,,,
D3_03394,G_03629,en,E5x_pooled,0,0.9992197751998901,1,,,,
D3_03395,G_03630,en,E5x_pooled,0,0.9991607666015625,1,,,,
D3_03396,G_03631,en,E5x_pooled,0,0.9992132186889648,1,,,,
D3_03397,G_03632,en,E5x_pooled,0,0.9991583824157715,1,,,,
D3_03398,G_03633,en,E5x_pooled,0,0.9991990923881531,1,,,,
D3_03399,G_03634,en,E5x_pooled,0,0.9991469383239746,1,,,,
D3_03400,G_02011,en,E5x_pooled,0,0.9990355968475342,1,,,,
D3_03401,G_02008,en,E5x_pooled,0,0.9990687966346741,1,,,,
D3_03402,G_02018,en,E5x_pooled,0,0.9992457628250122,1,,,,
D3_03403,G_02015,en,E5x_pooled,0,0.9992257356643677,1,,,,
D3_03404,G_03639,en,E5x_pooled,0,0.9992175102233887,1,,,,
D3_03405,G_03640,en,E5x_pooled,0,0.9992302656173706,1,,,,
D3_03406,G_03641,en,E5x_pooled,0,0.9991544485092163,1,,,,
D3_03407,G_03642,en,E5x_pooled,0,0.9992645382881165,1,,,,
D3_03408,G_03643,en,E5x_pooled,0,0.9991787075996399,1,,,,
D3_03409,G_03644,en,E5x_pooled,0,0.9992634654045105,1,,,,
D3_03410,G_03645,en,E5x_pooled,0,0.9992382526397705,1,,,,
D3_03411,G_03634,en,E5x_pooled,0,0.9992108345031738,1,,,,
D3_03413,G_03647,en,E5x_pooled,0,0.9992144107818604,1,,,,
D3_03414,G_02018,en,E5x_pooled,0,0.9992344379425049,1,,,,
D3_03416,G_03639,en,E5x_pooled,0,0.9992018342018127,1,,,,
D3_03417,G_03650,en,E5x_pooled,0,0.9992673993110657,1,,,,
D3_03418,G_03651,en,E5x_pooled,0,0.9992333650588989,1,,,,
D3_03419,G_03652,en,E5x_pooled,0,0.9992832541465759,1,,,,
D3_03420,G_03653,en,E5x_pooled,0,0.9992044568061829,1,,,,
D3_03421,G_03654,en,E5x_pooled,0,0.9992081522941589,1,,,,
D3_03422,G_03655,en,E5x_pooled,0,0.9992163181304932,1,,,,
D3_03423,G_03656,en,E5x_pooled,0,0.9992762207984924,1,,,,
D3_03424,G_03657,en,E5x_pooled,0,0.9991750121116638,1,,,,
D3_03425,G_03658,en,E5x_pooled,0,0.9992153644561768,1,,,,
D3_03426,G_03659,en,E5x_pooled,0,0.9992257356643677,1,,,,
D3_03427,G_03660,en,E5x_pooled,0,0.9991968274116516,1,,,,
D3_03428,G_03661,en,E5x_pooled,0,0.9992276430130005,1,,,,
D3_03510,G_03662,en,E5x_pooled,0,0.999078631401062,1,,,,
D3_03511,G_03663,en,E5x_pooled,0,0.9988774657249451,1,,,,
D3_03512,G_03664,en,E5x_pooled,0,0.9989941716194153,1,,,,
D3_03513,G_03665,en,E5x_pooled,0,0.9990910291671753,1,,,,
D3_03514,G_03666,en,E5x_pooled,0,0.9990704655647278,1,,,,
D3_03515,G_03667,en,E5x_pooled,0,0.9991686344146729,1,,,,
D3_03516,G_02120,en,E5x_pooled,0,0.999201238155365,1,,,,
D3_03517,G_02125,en,E5x_pooled,0,0.9991430044174194,1,,,,
D3_03518,G_02154,en,E5x_pooled,0,0.9990818500518799,1,,,,
D3_03519,G_02133,en,E5x_pooled,0,0.9992163181304932,1,,,,
D3_03520,G_02150,en,E5x_pooled,0,0.9991732239723206,1,,,,
D3_03521,G_03685,en,E5x_pooled,0,0.9990983009338379,1,,,,
D3_03522,G_03674,en,E5x_pooled,0,0.9991496801376343,1,,,,
D3_03523,G_03675,en,E5x_pooled,0,0.9991045594215393,1,,,,
D3_03524,G_02154,en,E5x_pooled,0,0.999127209186554,1,,,,
D3_03525,G_03677,en,E5x_pooled,0,0.9992515444755554,1,,,,
D3_03526,G_03678,en,E5x_pooled,0,0.9992432594299316,1,,,,
D3_03527,G_03679,en,E5x_pooled,0,0.9992066025733948,1,,,,
D3_03528,G_03680,en,E5x_pooled,0,0.9992200136184692,1,,,,
D3_03529,G_03681,en,E5x_pooled,0,0.999196469783783,1,,,,
D3_03530,G_02154,en,E5x_pooled,0,0.9991694688796997,1,,,,
D3_03531,G_03683,en,E5x_pooled,0,0.9992033839225769,1,,,,
D3_03532,G_02150,en,E5x_pooled,0,0.9992210865020752,1,,,,
D3_03533,G_03685,en,E5x_pooled,0,0.9991449117660522,1,,,,
D3_03534,G_03686,en,E5x_pooled,0,0.9990923404693604,1,,,,
D3_03535,G_03687,en,E5x_pooled,0,0.9990392923355103,1,,,,
D3_03536,G_03688,en,E5x_pooled,0,0.999049961566925,1,,,,
D3_03537,G_03689,en,E5x_pooled,0,0.9992064833641052,1,,,,
D3_03538,G_03690,en,E5x_pooled,0,0.9992314577102661,1,,,,
D3_03539,G_03691,en,E5x_pooled,0,0.9991862177848816,1,,,,
D3_03540,G_03692,en,E5x_pooled,0,0.9986244440078735,1,,,,
D3_03541,G_03693,en,E5x_pooled,0,0.9990543723106384,1,,,,
D3_03542,G_03694,en,E5x_pooled,0,0.9991944432258606,1,,,,
D3_03543,G_03695,en,E5x_pooled,0,0.9991735816001892,1,,,,
D3_03544,G_03696,en,E5x_pooled,0,0.9991706609725952,1,,,,
D3_03626,G_03697,en,E5x_pooled,0,0.9992502331733704,1,,,,
D3_03627,G_03698,en,E5x_pooled,0,0.9992620348930359,1,,,,
D3_03628,G_03699,en,E5x_pooled,0,0.9989305138587952,1,,,,
D3_03629,G_03700,en,E5x_pooled,0,0.9991287589073181,1,,,,
D3_03630,G_03701,en,E5x_pooled,0,0.9990227222442627,1,,,,
D3_03631,G_03702,en,E5x_pooled,0,0.9992347955703735,1,,,,
D3_03632,G_02238,en,E5x_pooled,0,0.9992775321006775,1,,,,
D3_03634,G_02264,en,E5x_pooled,0,0.999040424823761,1,,,,
D3_03635,G_03281,en,E5x_pooled,0,0.9992870688438416,1,,,,
D3_03636,G_03717,en,E5x_pooled,0,0.9991099238395691,1,,,,
D3_03637,G_02252,en,E5x_pooled,0,0.9991973042488098,1,,,,
D3_03638,G_03708,en,E5x_pooled,0,0.9992701411247253,1,,,,
D3_03639,G_02239,en,E5x_pooled,0,0.9992746710777283,1,,,,
D3_03640,G_03710,en,E5x_pooled,0,0.9991909861564636,1,,,,
D3_03641,G_03281,en,E5x_pooled,0,0.9992738366127014,1,,,,
D3_03642,G_03717,en,E5x_pooled,0,0.9991239905357361,1,,,,
D3_03643,G_02252,en,E5x_pooled,0,0.999208390712738,1,,,,
D3_03645,G_02239,en,E5x_pooled,0,0.9991992115974426,1,,,,
D3_03646,G_03715,en,E5x_pooled,0,0.9991668462753296,1,,,,
D3_03647,G_03281,en,E5x_pooled,0,0.999213695526123,1,,,,
D3_03648,G_03717,en,E5x_pooled,0,0.9991766810417175,1,,,,
D3_03649,G_02252,en,E5x_pooled,0,0.9991934895515442,1,,,,
D3_03650,G_02238,en,E5x_pooled,0,0.9992786049842834,1,,,,
D3_03651,G_03720,en,E5x_pooled,0,0.9992843270301819,1,,,,
D3_03652,G_03721,en,E5x_pooled,0,0.9991225600242615,1,,,,
D3_03653,G_03281,en,E5x_pooled,0,0.9993313550949097,1,,,,
D3_03654,G_03723,en,E5x_pooled,0,0.9991033673286438,1,,,,
D3_03655,G_03724,en,E5x_pooled,0,0.999273955821991,1,,,,
D3_03656,G_03725,en,E5x_pooled,0,0.9992303848266602,1,,,,
D3_03657,G_03726,en,E5x_pooled,0,0.9991975426673889,1,,,,
D3_03658,G_03727,en,E5x_pooled,0,0.9989990592002869,1,,,,
D3_03659,G_03728,en,E5x_pooled,0,0.9992426633834839,1,,,,
D3_03660,G_03729,en,E5x_pooled,0,0.9990406632423401,1,,,,
D3_03661,G_03730,en,E5x_pooled,0,0.9991639852523804,1,,,,
D3_03742,G_03731,en,E5x_pooled,0,0.9979243278503418,1,,,,
D3_03743,G_03732,en,E5x_pooled,0,0.9625610709190369,1,,,,
D3_03744,G_03733,en,E5x_pooled,0,0.9988061189651489,1,,,,
D3_03745,G_03734,en,E5x_pooled,0,0.999160647392273,1,,,,
D3_03746,G_03735,en,E5x_pooled,0,0.9985182881355286,1,,,,
D3_03747,G_03736,en,E5x_pooled,0,0.9983851909637451,1,,,,
D3_03748,G_02359,en,E5x_pooled,0,0.9983003735542297,1,,,,
D3_03749,G_02354,en,E5x_pooled,0,0.9986782670021057,1,,,,
D3_03750,G_02353,en,E5x_pooled,0,0.9990347623825073,1,,,,
D3_03751,G_02363,en,E5x_pooled,0,0.9991409778594971,1,,,,
D3_03752,G_03741,en,E5x_pooled,0,0.9986640214920044,1,,,,
D3_03753,G_03742,en,E5x_pooled,0,0.9988422989845276,1,,,,
D3_03754,G_03743,en,E5x_pooled,0,0.9944072961807251,1,,,,
D3_03755,G_03744,en,E5x_pooled,0,0.9966683983802795,1,,,,
D3_03756,G_02353,en,E5x_pooled,0,0.9990932941436768,1,,,,
D3_03757,G_02363,en,E5x_pooled,0,0.9990355968475342,1,,,,
D3_03758,G_03747,en,E5x_pooled,0,0.9991253018379211,1,,,,
D3_03759,G_03748,en,E5x_pooled,0,0.9991365075111389,1,,,,
D3_03760,G_03749,en,E5x_pooled,0,0.9987630844116211,1,,,,
D3_03761,G_03750,en,E5x_pooled,0,0.999024510383606,1,,,,
D3_03762,G_03751,en,E5x_pooled,0,0.9991508722305298,1,,,,
D3_03763,G_02363,en,E5x_pooled,0,0.999183714389801,1,,,,
D3_03764,G_03753,en,E5x_pooled,0,0.9989709854125977,1,,,,
D3_03765,G_03754,en,E5x_pooled,0,0.9989407658576965,1,,,,
D3_03766,G_03755,en,E5x_pooled,0,0.9913336634635925,1,,,,
D3_03767,G_03756,en,E5x_pooled,0,0.19755631685256958,0,,,,
D3_03768,G_03757,en,E5x_pooled,0,0.99905925989151,1,,,,
D3_03769,G_03758,en,E5x_pooled,0,0.9992490410804749,1,,,,
D3_03770,G_03759,en,E5x_pooled,0,0.9992038607597351,1,,,,
D3_03771,G_03760,en,E5x_pooled,0,0.9984824061393738,1,,,,
D3_03772,G_03761,en,E5x_pooled,0,0.9980593323707581,1,,,,
D3_03773,G_03762,en,E5x_pooled,0,0.19639852643013,0,,,,
D3_03774,G_03763,en,E5x_pooled,0,0.9989585876464844,1,,,,
D3_03775,G_03764,en,E5x_pooled,0,0.999053418636322,1,,,,
D3_03776,G_03765,en,E5x_pooled,0,0.9989646673202515,1,,,,
D3_03777,G_03766,en,E5x_pooled,0,0.9982870221138,1,,,,
D3_03859,G_03767,en,E5x_pooled,0,0.999237060546875,1,,,,
D3_03860,G_03768,en,E5x_pooled,0,0.9986603260040283,1,,,,
D3_03861,G_03769,en,E5x_pooled,0,0.9988917708396912,1,,,,
D3_03862,G_03770,en,E5x_pooled,0,0.9990278482437134,1,,,,
D3_03863,G_03771,en,E5x_pooled,0,0.9990886449813843,1,,,,
D3_03864,G_03772,en,E5x_pooled,0,0.9991104006767273,1,,,,
D3_03866,G_03773,en,E5x_pooled,0,0.9989896416664124,1,,,,
D3_03867,G_04639,en,E5x_pooled,0,0.999125063419342,1,,,,
D3_03868,G_02277,en,E5x_pooled,0,0.9990782737731934,1,,,,
D3_03869,G_03776,en,E5x_pooled,0,0.999049961566925,1,,,,
D3_03870,G_03717,en,E5x_pooled,0,0.9990932941436768,1,,,,
D3_03871,G_02238,en,E5x_pooled,0,0.9992037415504456,1,,,,
D3_03872,G_03779,en,E5x_pooled,0,0.9990882873535156,1,,,,
D3_03873,G_03780,en,E5x_pooled,0,0.9991369843482971,1,,,,
D3_03874,G_03781,en,E5x_pooled,0,0.999202311038971,1,,,,
D3_03875,G_03782,en,E5x_pooled,0,0.9991940855979919,1,,,,
D3_03876,G_03783,en,E5x_pooled,0,0.9992470741271973,1,,,,
D3_03878,G_03784,en,E5x_pooled,0,0.9991204142570496,1,,,,
D3_03883,G_02238,en,E5x_pooled,0,0.9992495179176331,1,,,,
D3_03884,G_03786,en,E5x_pooled,0,0.9989136457443237,1,,,,
D3_03885,G_03787,en,E5x_pooled,0,0.9989230036735535,1,,,,
D3_03886,G_03788,en,E5x_pooled,0,0.999142050743103,1,,,,
D3_03887,G_03789,en,E5x_pooled,0,0.9989987015724182,1,,,,
D3_03888,G_03790,en,E5x_pooled,0,0.9990978240966797,1,,,,
D3_03889,G_02238,en,E5x_pooled,0,0.9992026686668396,1,,,,
D3_03890,G_03792,en,E5x_pooled,0,0.9988631010055542,1,,,,
D3_03891,G_03793,en,E5x_pooled,0,0.9989368319511414,1,,,,
D3_03892,G_03794,en,E5x_pooled,0,0.9990466237068176,1,,,,
D3_03893,G_03795,en,E5x_pooled,0,0.9990313053131104,1,,,,
D3_03894,G_03796,en,E5x_pooled,0,0.9989112615585327,1,,,,
D3_03975,G_03797,en,E5x_pooled,0,0.9991433620452881,1,,,,
D3_03976,G_03798,en,E5x_pooled,0,0.9991573095321655,1,,,,
D3_03977,G_03799,en,E5x_pooled,0,0.9991174340248108,1,,,,
D3_03978,G_03800,en,E5x_pooled,0,0.9989473223686218,1,,,,
D3_03979,G_03801,en,E5x_pooled,0,0.9991697072982788,1,,,,
D3_03980,G_03802,en,E5x_pooled,0,0.9992254972457886,1,,,,
D3_03981,G_02521,en,E5x_pooled,0,0.9991804957389832,1,,,,
D3_03982,G_03310,en,E5x_pooled,0,0.9989593029022217,1,,,,
D3_03983,G_02500,en,E5x_pooled,0,0.998963475227356,1,,,,
D3_03984,G_03806,en,E5x_pooled,0,0.9991901516914368,1,,,,
D3_03985,G_02503,en,E5x_pooled,0,0.999188244342804,1,,,,
D3_03986,G_03808,en,E5x_pooled,0,0.9992026686668396,1,,,,
D3_03987,G_03809,en,E5x_pooled,0,0.999148964881897,1,,,,
D3_03988,G_03810,en,E5x_pooled,0,0.9992246627807617,1,,,,
D3_03989,G_03811,en,E5x_pooled,0,0.999182403087616,1,,,,
D3_03990,G_03812,en,E5x_pooled,0,0.9991729855537415,1,,,,
D3_03991,G_03813,en,E5x_pooled,0,0.9992338418960571,1,,,,
D3_03992,G_03814,en,E5x_pooled,0,0.9991759657859802,1,,,,
D3_03994,G_03815,en,E5x_pooled,0,0.9990993738174438,1,,,,
D3_03995,G_03816,en,E5x_pooled,0,0.9990779161453247,1,,,,
D3_03996,G_03817,en,E5x_pooled,0,0.9991870522499084,1,,,,
D3_03997,G_03818,en,E5x_pooled,0,0.9992874264717102,1,,,,
D3_03999,G_03819,en,E5x_pooled,0,0.9991658926010132,1,,,,
D3_04000,G_03820,en,E5x_pooled,0,0.999184787273407,1,,,,
D3_04001,G_03821,en,E5x_pooled,0,0.998968243598938,1,,,,
D3_04002,G_03806,en,E5x_pooled,0,0.999170184135437,1,,,,
D3_04003,G_03823,en,E5x_pooled,0,0.9991389513015747,1,,,,
D3_04004,G_03824,en,E5x_pooled,0,0.9992254972457886,1,,,,
D3_04005,G_03825,en,E5x_pooled,0,0.9992079138755798,1,,,,
D3_04006,G_03826,en,E5x_pooled,0,0.999222993850708,1,,,,
D3_04007,G_03827,en,E5x_pooled,0,0.9990425705909729,1,,,,
D3_04008,G_03828,en,E5x_pooled,0,0.9990003705024719,1,,,,
D3_04009,G_03829,en,E5x_pooled,0,0.9992163181304932,1,,,,
D3_04010,G_03830,en,E5x_pooled,0,0.9991758465766907,1,,,,
D3_04091,G_03831,en,E5x_pooled,0,0.9992393255233765,1,,,,
D3_04092,G_03832,en,E5x_pooled,0,0.9990723133087158,1,,,,
D3_04093,G_03833,en,E5x_pooled,0,0.9991863369941711,1,,,,
D3_04094,G_02615,en,E5x_pooled,0,0.999076247215271,1,,,,
D3_04095,G_03835,en,E5x_pooled,0,0.9992707371711731,1,,,,
D3_04096,G_03836,en,E5x_pooled,0,0.9992539286613464,1,,,,
D3_04097,G_02612,en,E5x_pooled,0,0.9992544054985046,1,,,,
D3_04098,G_02610,en,E5x_pooled,0,0.9991559982299805,1,,,,
D3_04099,G_02608,en,E5x_pooled,0,0.9992313385009766,1,,,,
D3_04100,G_02615,en,E5x_pooled,0,0.9992239475250244,1,,,,
D3_04101,G_04699,en,E5x_pooled,0,0.9991713762283325,1,,,,
D3_04102,G_02614,en,E5x_pooled,0,0.9992687106132507,1,,,,
D3_04103,G_02612,en,E5x_pooled,0,0.9991446733474731,1,,,,
D3_04105,G_02608,en,E5x_pooled,0,0.9991933703422546,1,,,,
D3_04106,G_02615,en,E5x_pooled,0,0.9991070628166199,1,,,,
D3_04107,G_04699,en,E5x_pooled,0,0.9989294409751892,1,,,,
D3_04108,G_03847,en,E5x_pooled,0,0.9992164373397827,1,,,,
D3_04109,G_03848,en,E5x_pooled,0,0.9992926120758057,1,,,,
D3_04110,G_04281,en,E5x_pooled,0,0.9992251396179199,1,,,,
D3_04111,G_03850,en,E5x_pooled,0,0.9993133544921875,1,,,,
D3_04112,G_03851,en,E5x_pooled,0,0.9992396831512451,1,,,,
D3_04113,G_03852,en,E5x_pooled,0,0.9992156028747559,1,,,,
D3_04114,G_02614,en,E5x_pooled,0,0.9992918968200684,1,,,,
D3_04115,G_02612,en,E5x_pooled,0,0.9991968274116516,1,,,,
D3_04117,G_03855,en,E5x_pooled,0,0.9992509484291077,1,,,,
D3_04118,G_03856,en,E5x_pooled,0,0.9992384910583496,1,,,,
D3_04119,G_03857,en,E5x_pooled,0,0.9988960027694702,1,,,,
D3_04120,G_03858,en,E5x_pooled,0,0.9993119239807129,1,,,,
D3_04121,G_03859,en,E5x_pooled,0,0.9992063641548157,1,,,,
D3_04122,G_02610,en,E5x_pooled,0,0.9990239143371582,1,,,,
D3_04123,G_03861,en,E5x_pooled,0,0.9992507100105286,1,,,,
D3_04124,G_03862,en,E5x_pooled,0,0.999139666557312,1,,,,
D3_04125,G_03863,en,E5x_pooled,0,0.9989463686943054,1,,,,
D3_04126,G_02614,en,E5x_pooled,0,0.999184787273407,1,,,,
D3_04207,G_03865,en,E5x_pooled,0,0.9990942478179932,1,,,,
D3_04208,G_03866,en,E5x_pooled,0,0.998870313167572,1,,,,
D3_04209,G_03867,en,E5x_pooled,0,0.9990021586418152,1,,,,
D3_04210,G_03868,en,E5x_pooled,0,0.9991428852081299,1,,,,
D3_04211,G_03869,en,E5x_pooled,0,0.9990416169166565,1,,,,
D3_04212,G_03870,en,E5x_pooled,0,0.9989500641822815,1,,,,
D3_04213,G_03871,en,E5x_pooled,0,0.9990870952606201,1,,,,
D3_04214,G_02726,en,E5x_pooled,0,0.9990748167037964,1,,,,
D3_04215,G_03873,en,E5x_pooled,0,0.9991974234580994,1,,,,
D3_04216,G_03874,en,E5x_pooled,0,0.9991244673728943,1,,,,
D3_04218,G_03875,en,E5x_pooled,0,0.9990947246551514,1,,,,
D3_04219,G_02752,en,E5x_pooled,0,0.9989557266235352,1,,,,
D3_04220,G_03877,en,E5x_pooled,0,0.9991361498832703,1,,,,
D3_04221,G_02827,en,E5x_pooled,0,0.9990795850753784,1,,,,
D3_04222,G_03879,en,E5x_pooled,0,0.9991269707679749,1,,,,
D3_04223,G_03880,en,E5x_pooled,0,0.9991018772125244,1,,,,
D3_04224,G_02738,en,E5x_pooled,0,0.9989564418792725,1,,,,
D3_04225,G_03882,en,E5x_pooled,0,0.9991301894187927,1,,,,
D3_04226,G_03418,en,E5x_pooled,0,0.9991361498832703,1,,,,
D3_04230,G_03456,en,E5x_pooled,0,0.9992004036903381,1,,,,
D3_04231,G_03885,en,E5x_pooled,0,0.9992400407791138,1,,,,
D3_04232,G_03886,en,E5x_pooled,0,0.9990770816802979,1,,,,
D3_04233,G_03887,en,E5x_pooled,0,0.9990935325622559,1,,,,
D3_04234,G_03888,en,E5x_pooled,0,0.9991832375526428,1,,,,
D3_04235,G_03889,en,E5x_pooled,0,0.999190628528595,1,,,,
D3_04236,G_03890,en,E5x_pooled,0,0.9990647435188293,1,,,,
D3_04237,G_03891,en,E5x_pooled,0,0.9990630745887756,1,,,,
D3_04238,G_03892,en,E5x_pooled,0,0.9989481568336487,1,,,,
D3_04239,G_03893,en,E5x_pooled,0,0.9992510676383972,1,,,,
D3_04240,G_03894,en,E5x_pooled,0,0.9990917444229126,1,,,,
D3_04241,G_03895,en,E5x_pooled,0,0.9989728927612305,1,,,,
D3_04242,G_03896,en,E5x_pooled,0,0.9991036057472229,1,,,,
D3_04323,G_03897,en,E5x_pooled,0,0.9987607002258301,1,,,,
D3_04324,G_03898,en,E5x_pooled,0,0.9989199638366699,1,,,,
D3_04325,G_03899,en,E5x_pooled,0,0.9989737272262573,1,,,,
D3_04326,G_03900,en,E5x_pooled,0,0.9990478157997131,1,,,,
D3_04327,G_03901,en,E5x_pooled,0,0.9990409016609192,1,,,,
D3_04328,G_03902,en,E5x_pooled,0,0.9990255832672119,1,,,,
D3_04329,G_03915,en,E5x_pooled,0,0.9990342855453491,1,,,,
D3_04330,G_03904,en,E5x_pooled,0,0.9991169571876526,1,,,,
D3_04331,G_03905,en,E5x_pooled,0,0.9991133809089661,1,,,,
D3_04332,G_03906,en,E5x_pooled,0,0.9991590976715088,1,,,,
D3_04333,G_02738,en,E5x_pooled,0,0.9991059899330139,1,,,,
D3_04334,G_02731,en,E5x_pooled,0,0.9991067051887512,1,,,,
D3_04335,G_03909,en,E5x_pooled,0,0.9991727471351624,1,,,,
D3_04336,G_02752,en,E5x_pooled,0,0.9991102814674377,1,,,,
D3_04337,G_03911,en,E5x_pooled,0,0.9990874528884888,1,,,,
D3_04338,G_03912,en,E5x_pooled,0,0.9992524981498718,1,,,,
D3_04339,G_02738,en,E5x_pooled,0,0.9989948868751526,1,,,,
D3_04340,G_03914,en,E5x_pooled,0,0.9991350769996643,1,,,,
D3_04341,G_03915,en,E5x_pooled,0,0.9991772770881653,1,,,,
D3_04344,G_02733,en,E5x_pooled,0,0.9991501569747925,1,,,,
D3_04347,G_03917,en,E5x_pooled,0,0.998934805393219,1,,,,
D3_04348,G_03918,en,E5x_pooled,0,0.999005138874054,1,,,,
D3_04349,G_03919,en,E5x_pooled,0,0.9991546869277954,1,,,,
D3_04350,G_03920,en,E5x_pooled,0,0.9988535642623901,1,,,,
D3_04351,G_03921,en,E5x_pooled,0,0.9990949630737305,1,,,,
D3_04352,G_03922,en,E5x_pooled,0,0.9991436004638672,1,,,,
D3_04353,G_03923,en,E5x_pooled,0,0.999174177646637,1,,,,
D3_04354,G_03924,en,E5x_pooled,0,0.9985758066177368,1,,,,
D3_04355,G_03925,en,E5x_pooled,0,0.9990929365158081,1,,,,
D3_04356,G_03926,en,E5x_pooled,0,0.999137282371521,1,,,,
D3_04357,G_03927,en,E5x_pooled,0,0.9991119503974915,1,,,,
D3_04358,G_03928,en,E5x_pooled,0,0.9991443157196045,1,,,,
D3_04439,G_03929,en,E5x_pooled,0,0.9982298016548157,1,,,,
D3_04440,G_03930,en,E5x_pooled,0,0.9974870681762695,1,,,,
D3_04441,G_03931,en,E5x_pooled,0,0.9987484216690063,1,,,,
D3_04442,G_03932,en,E5x_pooled,0,0.9992058873176575,1,,,,
D3_04443,G_03933,en,E5x_pooled,0,0.9989332556724548,1,,,,
D3_04444,G_03934,en,E5x_pooled,0,0.9991611242294312,1,,,,
D3_04445,G_03935,en,E5x_pooled,0,0.967524528503418,1,,,,
D3_04446,G_03936,en,E5x_pooled,0,0.998647153377533,1,,,,
D3_04447,G_03937,en,E5x_pooled,0,0.9987209439277649,1,,,,
D3_04448,G_02866,en,E5x_pooled,0,0.998970627784729,1,,,,
D3_04449,G_03939,en,E5x_pooled,0,0.998439371585846,1,,,,
D3_04450,G_02865,en,E5x_pooled,0,0.998978853225708,1,,,,
D3_04451,G_03941,en,E5x_pooled,0,0.9988957643508911,1,,,,
D3_04452,G_02855,en,E5x_pooled,0,0.9987699389457703,1,,,,
D3_04453,G_03943,en,E5x_pooled,0,0.9989539384841919,1,,,,
D3_04454,G_02866,en,E5x_pooled,0,0.9991793036460876,1,,,,
D3_04455,G_03945,en,E5x_pooled,0,0.9991768002510071,1,,,,
D3_04457,G_03946,en,E5x_pooled,0,0.9990717172622681,1,,,,
D3_04458,G_03947,en,E5x_pooled,0,0.9991480112075806,1,,,,
D3_04459,G_03948,en,E5x_pooled,0,0.9991051554679871,1,,,,
D3_04460,G_03949,en,E5x_pooled,0,0.999174177646637,1,,,,
D3_04462,G_03950,en,E5x_pooled,0,0.9991680383682251,1,,,,
D3_04463,G_03951,en,E5x_pooled,0,0.9977166652679443,1,,,,
D3_04464,G_03952,en,E5x_pooled,0,0.998298704624176,1,,,,
D3_04465,G_03953,en,E5x_pooled,0,0.9985587000846863,1,,,,
D3_04466,G_03954,en,E5x_pooled,0,0.9992089867591858,1,,,,
D3_04467,G_03955,en,E5x_pooled,0,0.9987218976020813,1,,,,
D3_04468,G_02865,en,E5x_pooled,0,0.9991306662559509,1,,,,
D3_04469,G_03957,en,E5x_pooled,0,0.9948961138725281,1,,,,
D3_04470,G_03958,en,E5x_pooled,0,0.9990209341049194,1,,,,
D3_04471,G_03959,en,E5x_pooled,0,0.9985129237174988,1,,,,
D3_04472,G_03960,en,E5x_pooled,0,0.9992146492004395,1,,,,
D3_04473,G_03961,en,E5x_pooled,0,0.9985155463218689,1,,,,
D3_04474,G_03962,en,E5x_pooled,0,0.9990254640579224,1,,,,
D3_04555,G_03963,en,E5x_pooled,0,0.9991791844367981,1,,,,
D3_04556,G_03964,en,E5x_pooled,0,0.9992228746414185,1,,,,
D3_04557,G_03965,en,E5x_pooled,0,0.9960111379623413,1,,,,
D3_04558,G_03966,en,E5x_pooled,0,0.9990271329879761,1,,,,
D3_04559,G_03967,en,E5x_pooled,0,0.9992096424102783,1,,,,
D3_04560,G_03968,en,E5x_pooled,0,0.9991587400436401,1,,,,
D3_04561,G_01667,en,E5x_pooled,0,0.9992660880088806,1,,,,
D3_04562,G_01663,en,E5x_pooled,0,0.9993146657943726,1,,,,
D3_04563,G_01666,en,E5x_pooled,0,0.9990799427032471,1,,,,
D3_04564,G_01691,en,E5x_pooled,0,0.9992076754570007,1,,,,
D3_04565,G_01679,en,E5x_pooled,0,0.999293327331543,1,,,,
D3_04566,G_02971,en,E5x_pooled,0,0.9991699457168579,1,,,,
D3_04567,G_03975,en,E5x_pooled,0,0.9991797804832458,1,,,,
D3_04568,G_03976,en,E5x_pooled,0,0.9991720914840698,1,,,,
D3_04569,G_03977,en,E5x_pooled,0,0.9989981055259705,1,,,,
D3_04570,G_03978,en,E5x_pooled,0,0.9991167187690735,1,,,,
D3_04571,G_03979,en,E5x_pooled,0,0.9992239475250244,1,,,,
D3_04572,G_03980,en,E5x_pooled,0,0.9992128610610962,1,,,,
D3_04573,G_03544,en,E5x_pooled,0,0.9992654919624329,1,,,,
D3_04574,G_01663,en,E5x_pooled,0,0.9993128776550293,1,,,,
D3_04575,G_03983,en,E5x_pooled,0,0.9990373849868774,1,,,,
D3_04576,G_01691,en,E5x_pooled,0,0.9991785883903503,1,,,,
D3_04577,G_01679,en,E5x_pooled,0,0.9992464780807495,1,,,,
D3_04578,G_02971,en,E5x_pooled,0,0.9991917014122009,1,,,,
D3_04579,G_03987,en,E5x_pooled,0,0.9991878867149353,1,,,,
D3_04580,G_03988,en,E5x_pooled,0,0.9992721676826477,1,,,,
D3_04581,G_03989,en,E5x_pooled,0,0.9988222718238831,1,,,,
D3_04582,G_03990,en,E5x_pooled,0,0.9991521835327148,1,,,,
D3_04583,G_03991,en,E5x_pooled,0,0.9991087317466736,1,,,,
D3_04584,G_03992,en,E5x_pooled,0,0.9992233514785767,1,,,,
D3_04585,G_03993,en,E5x_pooled,0,0.9990039467811584,1,,,,
D3_04586,G_03994,en,E5x_pooled,0,0.9990585446357727,1,,,,
D3_04587,G_03995,en,E5x_pooled,0,0.9987226128578186,1,,,,
D3_04588,G_03996,en,E5x_pooled,0,0.9989458918571472,1,,,,
D3_04589,G_03997,en,E5x_pooled,0,0.9991883635520935,1,,,,
D3_04590,G_03998,en,E5x_pooled,0,0.9991794228553772,1,,,,
D3_04671,G_03999,en,E5x_pooled,0,0.9991759657859802,1,,,,
D3_04672,G_04000,en,E5x_pooled,0,0.9991905093193054,1,,,,
D3_04673,G_04001,en,E5x_pooled,0,0.9991891980171204,1,,,,
D3_04674,G_04002,en,E5x_pooled,0,0.9992226362228394,1,,,,
D3_04675,G_04003,en,E5x_pooled,0,0.9992570281028748,1,,,,
D3_04676,G_04004,en,E5x_pooled,0,0.999114453792572,1,,,,
D3_04677,G_01816,en,E5x_pooled,0,0.9992613196372986,1,,,,
D3_04678,G_03023,en,E5x_pooled,0,0.9991393089294434,1,,,,
D3_04679,G_03579,en,E5x_pooled,0,0.9992448091506958,1,,,,
D3_04680,G_01819,en,E5x_pooled,0,0.9992501139640808,1,,,,
D3_04681,G_01794,en,E5x_pooled,0,0.9993125200271606,1,,,,
D3_04682,G_03045,en,E5x_pooled,0,0.9991193413734436,1,,,,
D3_04683,G_04011,en,E5x_pooled,0,0.9992347955703735,1,,,,
D3_04684,G_04012,en,E5x_pooled,0,0.9992899894714355,1,,,,
D3_04685,G_03579,en,E5x_pooled,0,0.9992462396621704,1,,,,
D3_04686,G_04014,en,E5x_pooled,0,0.999212384223938,1,,,,
D3_04687,G_04015,en,E5x_pooled,0,0.9992577433586121,1,,,,
D3_04689,G_01816,en,E5x_pooled,0,0.9992278814315796,1,,,,
D3_04690,G_03578,en,E5x_pooled,0,0.9991998076438904,1,,,,
D3_04691,G_03579,en,E5x_pooled,0,0.9991887211799622,1,,,,
D3_04692,G_01819,en,E5x_pooled,0,0.9992128610610962,1,,,,
D3_04693,G_03581,en,E5x_pooled,0,0.9991437196731567,1,,,,
D3_04695,G_04021,en,E5x_pooled,0,0.9992489218711853,1,,,,
D3_04696,G_03023,en,E5x_pooled,0,0.999295711517334,1,,,,
D3_04697,G_03579,en,E5x_pooled,0,0.9992156028747559,1,,,,
D3_04698,G_04024,en,E5x_pooled,0,0.9992485642433167,1,,,,
D3_04699,G_04025,en,E5x_pooled,0,0.9992228746414185,1,,,,
D3_04701,G_04026,en,E5x_pooled,0,0.9992398023605347,1,,,,
D3_04702,G_04027,en,E5x_pooled,0,0.9992988109588623,1,,,,
D3_04703,G_04028,en,E5x_pooled,0,0.9992169141769409,1,,,,
D3_04704,G_04029,en,E5x_pooled,0,0.9992733597755432,1,,,,
D3_04705,G_04030,en,E5x_pooled,0,0.9992281198501587,1,,,,
D3_04706,G_04031,en,E5x_pooled,0,0.9991087317466736,1,,,,
D3_04787,G_04032,en,E5x_pooled,0,0.998863697052002,1,,,,
D3_04788,G_04033,en,E5x_pooled,0,0.9988441467285156,1,,,,
D3_04789,G_04034,en,E5x_pooled,0,0.9990825653076172,1,,,,
D3_04790,G_04035,en,E5x_pooled,0,0.9989863038063049,1,,,,
D3_04791,G_04036,en,E5x_pooled,0,0.9991082549095154,1,,,,
D3_04792,G_04037,en,E5x_pooled,0,0.9991121888160706,1,,,,
D3_04793,G_01890,en,E5x_pooled,0,0.999028205871582,1,,,,
D3_04794,G_01896,en,E5x_pooled,0,0.999125063419342,1,,,,
D3_04795,G_01899,en,E5x_pooled,0,0.9992535710334778,1,,,,
D3_04796,G_01907,en,E5x_pooled,0,0.9990992546081543,1,,,,
D3_04797,G_01902,en,E5x_pooled,0,0.9992212057113647,1,,,,
D3_04798,G_03603,en,E5x_pooled,0,0.9990766048431396,1,,,,
D3_04799,G_04044,en,E5x_pooled,0,0.999229907989502,1,,,,
D3_04800,G_04045,en,E5x_pooled,0,0.9991625547409058,1,,,,
D3_04801,G_04046,en,E5x_pooled,0,0.9992341995239258,1,,,,
D3_04802,G_04047,en,E5x_pooled,0,0.9989668130874634,1,,,,
D3_04803,G_04048,en,E5x_pooled,0,0.999206006526947,1,,,,
D3_04804,G_04049,en,E5x_pooled,0,0.9991714954376221,1,,,,
D3_04806,G_01896,en,E5x_pooled,0,0.999138355255127,1,,,,
D3_04807,G_01899,en,E5x_pooled,0,0.9992363452911377,1,,,,
D3_04809,G_01902,en,E5x_pooled,0,0.9991658926010132,1,,,,
D3_04811,G_04053,en,E5x_pooled,0,0.9990954399108887,1,,,,
D3_04812,G_04054,en,E5x_pooled,0,0.9989633560180664,1,,,,
D3_04813,G_04055,en,E5x_pooled,0,0.9991833567619324,1,,,,
D3_04814,G_04056,en,E5x_pooled,0,0.9987244009971619,1,,,,
D3_04815,G_04057,en,E5x_pooled,0,0.9989315867424011,1,,,,
D3_04816,G_04058,en,E5x_pooled,0,0.9992662072181702,1,,,,
D3_04817,G_04059,en,E5x_pooled,0,0.9986196756362915,1,,,,
D3_04818,G_04060,en,E5x_pooled,0,0.9989351630210876,1,,,,
D3_04819,G_04061,en,E5x_pooled,0,0.9991287589073181,1,,,,
D3_04820,G_04062,en,E5x_pooled,0,0.9987698197364807,1,,,,
D3_04821,G_04063,en,E5x_pooled,0,0.9991590976715088,1,,,,
D3_04822,G_04064,en,E5x_pooled,0,0.9992052912712097,1,,,,
D3_04903,G_04065,en,E5x_pooled,0,0.9992191791534424,1,,,,
D3_04905,G_04066,en,E5x_pooled,0,0.9991984963417053,1,,,,
D3_04906,G_04067,en,E5x_pooled,0,0.9992266893386841,1,,,,
D3_04907,G_04068,en,E5x_pooled,0,0.9992097616195679,1,,,,
D3_04908,G_04069,en,E5x_pooled,0,0.9991934895515442,1,,,,
D3_04909,G_02011,en,E5x_pooled,0,0.9991057515144348,1,,,,
D3_04910,G_02008,en,E5x_pooled,0,0.9991004467010498,1,,,,
D3_04911,G_03634,en,E5x_pooled,0,0.9991481304168701,1,,,,
D3_04912,G_02020,en,E5x_pooled,0,0.999213457107544,1,,,,
D3_04913,G_04084,en,E5x_pooled,0,0.9992260932922363,1,,,,
D3_04914,G_02015,en,E5x_pooled,0,0.9991803765296936,1,,,,
D3_04915,G_04076,en,E5x_pooled,0,0.999225378036499,1,,,,
D3_04916,G_04077,en,E5x_pooled,0,0.9992604851722717,1,,,,
D3_04917,G_04078,en,E5x_pooled,0,0.999188244342804,1,,,,
D3_04918,G_04079,en,E5x_pooled,0,0.9992390871047974,1,,,,
D3_04919,G_04080,en,E5x_pooled,0,0.9992832541465759,1,,,,
D3_04920,G_04081,en,E5x_pooled,0,0.9992254972457886,1,,,,
D3_04921,G_03126,en,E5x_pooled,0,0.99915611743927,1,,,,
D3_04924,G_02020,en,E5x_pooled,0,0.9992425441741943,1,,,,
D3_04925,G_04084,en,E5x_pooled,0,0.999233603477478,1,,,,
D3_04927,G_04085,en,E5x_pooled,0,0.9992764592170715,1,,,,
D3_04928,G_04086,en,E5x_pooled,0,0.9992497563362122,1,,,,
D3_04929,G_04087,en,E5x_pooled,0,0.9991901516914368,1,,,,
D3_04930,G_04088,en,E5x_pooled,0,0.9993122816085815,1,,,,
D3_04931,G_04089,en,E5x_pooled,0,0.9993017911911011,1,,,,
D3_04932,G_04090,en,E5x_pooled,0,0.999272882938385,1,,,,
D3_04933,G_04091,en,E5x_pooled,0,0.9991641044616699,1,,,,
D3_04934,G_04092,en,E5x_pooled,0,0.9992294311523438,1,,,,
D3_04935,G_04093,en,E5x_pooled,0,0.9992030262947083,1,,,,
D3_04936,G_04094,en,E5x_pooled,0,0.9992502331733704,1,,,,
D3_04937,G_04095,en,E5x_pooled,0,0.9991161227226257,1,,,,
D3_04938,G_04096,en,E5x_pooled,0,0.9991769194602966,1,,,,
D3_05020,G_04097,en,E5x_pooled,0,0.9990884065628052,1,,,,
D3_05021,G_04098,en,E5x_pooled,0,0.9989181756973267,1,,,,
D3_05022,G_04099,en,E5x_pooled,0,0.9990359544754028,1,,,,
D3_05023,G_04100,en,E5x_pooled,0,0.9991089701652527,1,,,,
D3_05024,G_04101,en,E5x_pooled,0,0.999231219291687,1,,,,
D3_05025,G_04102,en,E5x_pooled,0,0.9991682767868042,1,,,,
D3_05026,G_02120,en,E5x_pooled,0,0.9992227554321289,1,,,,
D3_05027,G_02154,en,E5x_pooled,0,0.9991078972816467,1,,,,
D3_05028,G_02119,en,E5x_pooled,0,0.9989420771598816,1,,,,
D3_05029,G_04106,en,E5x_pooled,0,0.999180257320404,1,,,,
D3_05030,G_02133,en,E5x_pooled,0,0.9991182684898376,1,,,,
D3_05031,G_03168,en,E5x_pooled,0,0.9990990161895752,1,,,,
D3_05032,G_04109,en,E5x_pooled,0,0.9992600083351135,1,,,,
D3_05033,G_04110,en,E5x_pooled,0,0.9991242289543152,1,,,,
D3_05034,G_04111,en,E5x_pooled,0,0.9992130994796753,1,,,,
D3_05035,G_04112,en,E5x_pooled,0,0.9991928935050964,1,,,,
D3_05036,G_02133,en,E5x_pooled,0,0.9991160035133362,1,,,,
D3_05037,G_04114,en,E5x_pooled,0,0.9992345571517944,1,,,,
D3_05040,G_03159,en,E5x_pooled,0,0.9990968704223633,1,,,,
D3_05041,G_04106,en,E5x_pooled,0,0.999190628528595,1,,,,
D3_05044,G_04117,en,E5x_pooled,0,0.9990431666374207,1,,,,
D3_05045,G_04118,en,E5x_pooled,0,0.9990978240966797,1,,,,
D3_05046,G_04119,en,E5x_pooled,0,0.9991559982299805,1,,,,
D3_05047,G_04120,en,E5x_pooled,0,0.9991794228553772,1,,,,
D3_05048,G_02133,en,E5x_pooled,0,0.999184787273407,1,,,,
D3_05049,G_04122,en,E5x_pooled,0,0.9991335272789001,1,,,,
D3_05050,G_04123,en,E5x_pooled,0,0.9991205334663391,1,,,,
D3_05051,G_04124,en,E5x_pooled,0,0.99908447265625,1,,,,
D3_05052,G_04125,en,E5x_pooled,0,0.9986485838890076,1,,,,
D3_05053,G_04126,en,E5x_pooled,0,0.9991670846939087,1,,,,
D3_05054,G_04127,en,E5x_pooled,0,0.9991458654403687,1,,,,
D3_05055,G_04128,en,E5x_pooled,0,0.9991875290870667,1,,,,
D3_05137,G_04129,en,E5x_pooled,0,0.9992445707321167,1,,,,
D3_05138,G_04130,en,E5x_pooled,0,0.9990606904029846,1,,,,
D3_05139,G_04131,en,E5x_pooled,0,0.9987169504165649,1,,,,
D3_05140,G_04132,en,E5x_pooled,0,0.9992920160293579,1,,,,
D3_05141,G_04133,en,E5x_pooled,0,0.9989380240440369,1,,,,
D3_05142,G_03717,en,E5x_pooled,0,0.998931348323822,1,,,,
D3_05143,G_02238,en,E5x_pooled,0,0.9992719292640686,1,,,,
D3_05144,G_02241,en,E5x_pooled,0,0.9991581439971924,1,,,,
D3_05145,G_02242,en,E5x_pooled,0,0.9991217255592346,1,,,,
D3_05146,G_02252,en,E5x_pooled,0,0.9992488026618958,1,,,,
D3_05147,G_02278,en,E5x_pooled,0,0.99909508228302,1,,,,
D3_05148,G_03717,en,E5x_pooled,0,0.9991210103034973,1,,,,
D3_05149,G_04141,en,E5x_pooled,0,0.9992853999137878,1,,,,
D3_05150,G_04142,en,E5x_pooled,0,0.9992111921310425,1,,,,
D3_05151,G_04143,en,E5x_pooled,0,0.9990166425704956,1,,,,
D3_05152,G_02252,en,E5x_pooled,0,0.9992114305496216,1,,,,
D3_05153,G_04145,en,E5x_pooled,0,0.9990969896316528,1,,,,
D3_05154,G_03717,en,E5x_pooled,0,0.9991459846496582,1,,,,
D3_05155,G_03202,en,E5x_pooled,0,0.9992863535881042,1,,,,
D3_05159,G_02278,en,E5x_pooled,0,0.9991927742958069,1,,,,
D3_05160,G_03717,en,E5x_pooled,0,0.9991549253463745,1,,,,
D3_05161,G_04150,en,E5x_pooled,0,0.9992026686668396,1,,,,
D3_05162,G_04151,en,E5x_pooled,0,0.9990148544311523,1,,,,
D3_05163,G_04152,en,E5x_pooled,0,0.9990019202232361,1,,,,
D3_05164,G_02252,en,E5x_pooled,0,0.9992196559906006,1,,,,
D3_05165,G_04154,en,E5x_pooled,0,0.9991875290870667,1,,,,
D3_05166,G_03790,en,E5x_pooled,0,0.9989752769470215,1,,,,
D3_05167,G_04156,en,E5x_pooled,0,0.9992478489875793,1,,,,
D3_05168,G_04157,en,E5x_pooled,0,0.99895179271698,1,,,,
D3_05169,G_04158,en,E5x_pooled,0,0.9991067051887512,1,,,,
D3_05170,G_04159,en,E5x_pooled,0,0.9991894364356995,1,,,,
D3_05171,G_04160,en,E5x_pooled,0,0.9990155696868896,1,,,,
D3_05172,G_04161,en,E5x_pooled,0,0.9989670515060425,1,,,,
D3_05253,G_04162,en,E5x_pooled,0,0.9990711212158203,1,,,,
D3_05254,G_04163,en,E5x_pooled,0,0.9984018206596375,1,,,,
D3_05255,G_04164,en,E5x_pooled,0,0.9984789490699768,1,,,,
D3_05256,G_04165,en,E5x_pooled,0,0.9990440011024475,1,,,,
D3_05257,G_04166,en,E5x_pooled,0,0.9990196228027344,1,,,,
D3_05258,G_04167,en,E5x_pooled,0,0.9988903403282166,1,,,,
D3_05259,G_04180,en,E5x_pooled,0,0.9989668130874634,1,,,,
D3_05260,G_02357,en,E5x_pooled,0,0.9991047978401184,1,,,,
D3_05261,G_02353,en,E5x_pooled,0,0.9991095662117004,1,,,,
D3_05262,G_02363,en,E5x_pooled,0,0.9992256164550781,1,,,,
D3_05263,G_03228,en,E5x_pooled,0,0.9991705417633057,1,,,,
D3_05264,G_02366,en,E5x_pooled,0,0.9990965127944946,1,,,,
D3_05265,G_04180,en,E5x_pooled,0,0.9989352822303772,1,,,,
D3_05266,G_04175,en,E5x_pooled,0,0.999143123626709,1,,,,
D3_05267,G_04176,en,E5x_pooled,0,0.9990008473396301,1,,,,
D3_05268,G_04177,en,E5x_pooled,0,0.999193012714386,1,,,,
D3_05269,G_04178,en,E5x_pooled,0,0.9990635514259338,1,,,,
D3_05270,G_04179,en,E5x_pooled,0,0.9991897940635681,1,,,,
D3_05271,G_04180,en,E5x_pooled,0,0.9991075396537781,1,,,,
D3_05272,G_04181,en,E5x_pooled,0,0.9991681575775146,1,,,,
D3_05273,G_02353,en,E5x_pooled,0,0.9991353154182434,1,,,,
D3_05274,G_04183,en,E5x_pooled,0,0.9991533756256104,1,,,,
D3_05276,G_04184,en,E5x_pooled,0,0.9992475509643555,1,,,,
D3_05277,G_04185,en,E5x_pooled,0,0.9985442161560059,1,,,,
D3_05278,G_04186,en,E5x_pooled,0,0.9989767074584961,1,,,,
D3_05279,G_04187,en,E5x_pooled,0,0.9986627101898193,1,,,,
D3_05280,G_04188,en,E5x_pooled,0,0.9991865754127502,1,,,,
D3_05281,G_04189,en,E5x_pooled,0,0.9992295503616333,1,,,,
D3_05282,G_04190,en,E5x_pooled,0,0.9987139701843262,1,,,,
D3_05283,G_04191,en,E5x_pooled,0,0.9986128807067871,1,,,,
D3_05284,G_04192,en,E5x_pooled,0,0.9988921284675598,1,,,,
D3_05285,G_04193,en,E5x_pooled,0,0.9988511800765991,1,,,,
D3_05286,G_04194,en,E5x_pooled,0,0.9990291595458984,1,,,,
D3_05287,G_04195,en,E5x_pooled,0,0.9989414811134338,1,,,,
D3_05288,G_04196,en,E5x_pooled,0,0.9988266825675964,1,,,,
D3_05370,G_04197,en,E5x_pooled,0,0.9991981387138367,1,,,,
D3_05371,G_04198,en,E5x_pooled,0,0.9988681077957153,1,,,,
D3_05372,G_04199,en,E5x_pooled,0,0.9989014863967896,1,,,,
D3_05373,G_04200,en,E5x_pooled,0,0.999024510383606,1,,,,
D3_05374,G_04201,en,E5x_pooled,0,0.9990159273147583,1,,,,
D3_05375,G_04202,en,E5x_pooled,0,0.9992075562477112,1,,,,
D3_05377,G_02241,en,E5x_pooled,0,0.9990444779396057,1,,,,
D3_05378,G_04204,en,E5x_pooled,0,0.9989798665046692,1,,,,
D3_05379,G_02277,en,E5x_pooled,0,0.9991769194602966,1,,,,
D3_05380,G_03717,en,E5x_pooled,0,0.9991150498390198,1,,,,
D3_05381,G_02252,en,E5x_pooled,0,0.9992280006408691,1,,,,
D3_05382,G_04208,en,E5x_pooled,0,0.9992662072181702,1,,,,
D3_05383,G_04209,en,E5x_pooled,0,0.9991527795791626,1,,,,
D3_05384,G_02242,en,E5x_pooled,0,0.9988530874252319,1,,,,
D3_05385,G_04211,en,E5x_pooled,0,0.9992450475692749,1,,,,
D3_05386,G_04212,en,E5x_pooled,0,0.9992119073867798,1,,,,
D3_05387,G_02252,en,E5x_pooled,0,0.9991286396980286,1,,,,
D3_05391,G_02277,en,E5x_pooled,0,0.9991648197174072,1,,,,
D3_05393,G_02252,en,E5x_pooled,0,0.9992287158966064,1,,,,
D3_05394,G_02238,en,E5x_pooled,0,0.9992616772651672,1,,,,
D3_05395,G_04217,en,E5x_pooled,0,0.9991176724433899,1,,,,
D3_05396,G_04218,en,E5x_pooled,0,0.9988213181495667,1,,,,
D3_05397,G_04219,en,E5x_pooled,0,0.9990234375,1,,,,
D3_05398,G_03717,en,E5x_pooled,0,0.9991201758384705,1,,,,
D3_05399,G_04221,en,E5x_pooled,0,0.9992395639419556,1,,,,
D3_05400,G_04222,en,E5x_pooled,0,0.9992383718490601,1,,,,
D3_05401,G_04223,en,E5x_pooled,0,0.998906135559082,1,,,,
D3_05402,G_04224,en,E5x_pooled,0,0.9987714886665344,1,,,,
D3_05403,G_04225,en,E5x_pooled,0,0.9989492297172546,1,,,,
D3_05404,G_04226,en,E5x_pooled,0,0.9989983439445496,1,,,,
D3_05405,G_04227,en,E5x_pooled,0,0.9991862177848816,1,,,,
D3_05486,G_04228,en,E5x_pooled,0,0.9988685846328735,1,,,,
D3_05487,G_04229,en,E5x_pooled,0,0.9990280866622925,1,,,,
D3_05488,G_04230,en,E5x_pooled,0,0.9990763664245605,1,,,,
D3_05489,G_04231,en,E5x_pooled,0,0.9992040991783142,1,,,,
D3_05490,G_04232,en,E5x_pooled,0,0.9991564750671387,1,,,,
D3_05491,G_04233,en,E5x_pooled,0,0.9991037249565125,1,,,,
D3_05492,G_03310,en,E5x_pooled,0,0.9991004467010498,1,,,,
D3_05493,G_02501,en,E5x_pooled,0,0.9990654587745667,1,,,,
D3_05494,G_02493,en,E5x_pooled,0,0.9991450309753418,1,,,,
D3_05495,G_03808,en,E5x_pooled,0,0.9991989731788635,1,,,,
D3_05496,G_02507,en,E5x_pooled,0,0.9991231560707092,1,,,,
D3_05497,G_02510,en,E5x_pooled,0,0.9991939663887024,1,,,,
D3_05498,G_04240,en,E5x_pooled,0,0.999182403087616,1,,,,
D3_05499,G_04241,en,E5x_pooled,0,0.9991459846496582,1,,,,
D3_05500,G_02493,en,E5x_pooled,0,0.9991687536239624,1,,,,
D3_05501,G_04243,en,E5x_pooled,0,0.9992559552192688,1,,,,
D3_05502,G_04244,en,E5x_pooled,0,0.9991783499717712,1,,,,
D3_05503,G_04245,en,E5x_pooled,0,0.9991618394851685,1,,,,
D3_05505,G_04246,en,E5x_pooled,0,0.9992117881774902,1,,,,
D3_05506,G_04247,en,E5x_pooled,0,0.9992300271987915,1,,,,
D3_05507,G_04248,en,E5x_pooled,0,0.9992832541465759,1,,,,
D3_05508,G_04249,en,E5x_pooled,0,0.9991962313652039,1,,,,
D3_05509,G_04250,en,E5x_pooled,0,0.9992971420288086,1,,,,
D3_05510,G_04251,en,E5x_pooled,0,0.9991683959960938,1,,,,
D3_05511,G_04252,en,E5x_pooled,0,0.9991376399993896,1,,,,
D3_05512,G_04253,en,E5x_pooled,0,0.999159574508667,1,,,,
D3_05513,G_04254,en,E5x_pooled,0,0.9991575479507446,1,,,,
D3_05514,G_04255,en,E5x_pooled,0,0.9992051720619202,1,,,,
D3_05515,G_04256,en,E5x_pooled,0,0.9992448091506958,1,,,,
D3_05516,G_04257,en,E5x_pooled,0,0.9992461204528809,1,,,,
D3_05517,G_04258,en,E5x_pooled,0,0.9991969466209412,1,,,,
D3_05518,G_04259,en,E5x_pooled,0,0.9991348385810852,1,,,,
D3_05519,G_04260,en,E5x_pooled,0,0.9991361498832703,1,,,,
D3_05520,G_04261,en,E5x_pooled,0,0.9991080164909363,1,,,,
D3_05521,G_04262,en,E5x_pooled,0,0.9991931319236755,1,,,,
D3_05602,G_04263,en,E5x_pooled,0,0.9992689490318298,1,,,,
D3_05603,G_04264,en,E5x_pooled,0,0.9991990923881531,1,,,,
D3_05604,G_04265,en,E5x_pooled,0,0.9991795420646667,1,,,,
D3_05605,G_04266,en,E5x_pooled,0,0.9991652965545654,1,,,,
D3_05606,G_04267,en,E5x_pooled,0,0.9991896748542786,1,,,,
D3_05607,G_04268,en,E5x_pooled,0,0.9991927742958069,1,,,,
D3_05608,G_04269,en,E5x_pooled,0,0.9991282820701599,1,,,,
D3_05609,G_03339,en,E5x_pooled,0,0.9992910623550415,1,,,,
D3_05610,G_04271,en,E5x_pooled,0,0.9992627501487732,1,,,,
D3_05611,G_02615,en,E5x_pooled,0,0.9992809891700745,1,,,,
D3_05612,G_02621,en,E5x_pooled,0,0.9992757439613342,1,,,,
D3_05613,G_02617,en,E5x_pooled,0,0.9992519021034241,1,,,,
D3_05614,G_02610,en,E5x_pooled,0,0.9991945624351501,1,,,,
D3_05615,G_03339,en,E5x_pooled,0,0.9992458820343018,1,,,,
D3_05616,G_04277,en,E5x_pooled,0,0.9992979764938354,1,,,,
D3_05617,G_04278,en,E5x_pooled,0,0.9992964267730713,1,,,,
D3_05618,G_02621,en,E5x_pooled,0,0.999336302280426,1,,,,
D3_05619,G_02617,en,E5x_pooled,0,0.999300479888916,1,,,,
D3_05620,G_04281,en,E5x_pooled,0,0.9992367029190063,1,,,,
D3_05621,G_02641,en,E5x_pooled,0,0.9993064403533936,1,,,,
D3_05622,G_04283,en,E5x_pooled,0,0.9993225336074829,1,,,,
D3_05624,G_04284,en,E5x_pooled,0,0.9992749094963074,1,,,,
D3_05625,G_03366,en,E5x_pooled,0,0.9992774128913879,1,,,,
D3_05626,G_04286,en,E5x_pooled,0,0.999174177646637,1,,,,
D3_05627,G_04287,en,E5x_pooled,0,0.9992567896842957,1,,,,
D3_05628,G_04288,en,E5x_pooled,0,0.9993274211883545,1,,,,
D3_05629,G_04289,en,E5x_pooled,0,0.9992114305496216,1,,,,
D3_05630,G_04290,en,E5x_pooled,0,0.9993358254432678,1,,,,
D3_05631,G_04291,en,E5x_pooled,0,0.9993003606796265,1,,,,
D3_05632,G_04292,en,E5x_pooled,0,0.9991371035575867,1,,,,
D3_05633,G_04293,en,E5x_pooled,0,0.9993101358413696,1,,,,
D3_05634,G_04294,en,E5x_pooled,0,0.9992202520370483,1,,,,
D3_05635,G_04295,en,E5x_pooled,0,0.9990367889404297,1,,,,
D3_05636,G_04296,en,E5x_pooled,0,0.9992696642875671,1,,,,
D3_05637,G_04297,en,E5x_pooled,0,0.9992920160293579,1,,,,
D3_05718,G_04298,en,E5x_pooled,0,0.9988473653793335,1,,,,
D3_05719,G_04299,en,E5x_pooled,0,0.9989084005355835,1,,,,
D3_05720,G_04300,en,E5x_pooled,0,0.9989570379257202,1,,,,
D3_05721,G_04301,en,E5x_pooled,0,0.9990088939666748,1,,,,
D3_05722,G_04302,en,E5x_pooled,0,0.9990518689155579,1,,,,
D3_05723,G_04303,en,E5x_pooled,0,0.9988933205604553,1,,,,
D3_05724,G_04304,en,E5x_pooled,0,0.9991102814674377,1,,,,
D3_05725,G_03384,en,E5x_pooled,0,0.9990952014923096,1,,,,
D3_05726,G_03382,en,E5x_pooled,0,0.9991694688796997,1,,,,
D3_05727,G_02760,en,E5x_pooled,0,0.9991724491119385,1,,,,
D3_05728,G_04308,en,E5x_pooled,0,0.9991758465766907,1,,,,
D3_05729,G_04309,en,E5x_pooled,0,0.9991523027420044,1,,,,
D3_05730,G_04310,en,E5x_pooled,0,0.9990106821060181,1,,,,
D3_05731,G_04311,en,E5x_pooled,0,0.9990867376327515,1,,,,
D3_05732,G_04312,en,E5x_pooled,0,0.9990547299385071,1,,,,
D3_05733,G_04313,en,E5x_pooled,0,0.9991971850395203,1,,,,
D3_05734,G_04314,en,E5x_pooled,0,0.999212384223938,1,,,,
D3_05735,G_04315,en,E5x_pooled,0,0.9991782307624817,1,,,,
D3_05736,G_02758,en,E5x_pooled,0,0.9991859793663025,1,,,,
D3_05737,G_04317,en,E5x_pooled,0,0.9991129040718079,1,,,,
D3_05738,G_04318,en,E5x_pooled,0,0.9991438388824463,1,,,,
D3_05739,G_02760,en,E5x_pooled,0,0.9991351962089539,1,,,,
D3_05740,G_04320,en,E5x_pooled,0,0.9991777539253235,1,,,,
D3_05742,G_04321,en,E5x_pooled,0,0.9991509914398193,1,,,,
D3_05743,G_04322,en,E5x_pooled,0,0.9982970356941223,1,,,,
D3_05744,G_04323,en,E5x_pooled,0,0.9991405010223389,1,,,,
D3_05745,G_04324,en,E5x_pooled,0,0.9990529417991638,1,,,,
D3_05746,G_04325,en,E5x_pooled,0,0.999211311340332,1,,,,
D3_05747,G_04326,en,E5x_pooled,0,0.9990454316139221,1,,,,
D3_05748,G_04327,en,E5x_pooled,0,0.9989725351333618,1,,,,
D3_05749,G_04328,en,E5x_pooled,0,0.9991531372070312,1,,,,
D3_05750,G_04329,en,E5x_pooled,0,0.998931348323822,1,,,,
D3_05751,G_04330,en,E5x_pooled,0,0.9990776777267456,1,,,,
D3_05752,G_04331,en,E5x_pooled,0,0.9991305470466614,1,,,,
D3_05753,G_04332,en,E5x_pooled,0,0.999110758304596,1,,,,
D3_05834,G_04333,en,E5x_pooled,0,0.9991076588630676,1,,,,
D3_05835,G_04334,en,E5x_pooled,0,0.9992594122886658,1,,,,
D3_05836,G_04335,en,E5x_pooled,0,0.9985719919204712,1,,,,
D3_05837,G_04336,en,E5x_pooled,0,0.9991737008094788,1,,,,
D3_05838,G_04337,en,E5x_pooled,0,0.9991676807403564,1,,,,
D3_05839,G_04338,en,E5x_pooled,0,0.9988044500350952,1,,,,
D3_05840,G_04339,en,E5x_pooled,0,0.9991477727890015,1,,,,
D3_05841,G_04340,en,E5x_pooled,0,0.9992501139640808,1,,,,
D3_05842,G_04341,en,E5x_pooled,0,0.9990419745445251,1,,,,
D3_05843,G_02735,en,E5x_pooled,0,0.9990633130073547,1,,,,
D3_05844,G_04343,en,E5x_pooled,0,0.9991771578788757,1,,,,
D3_05845,G_02760,en,E5x_pooled,0,0.9991318583488464,1,,,,
D3_05846,G_04345,en,E5x_pooled,0,0.9991739392280579,1,,,,
D3_05847,G_04346,en,E5x_pooled,0,0.9992690682411194,1,,,,
D3_05848,G_04347,en,E5x_pooled,0,0.9991883635520935,1,,,,
D3_05849,G_04348,en,E5x_pooled,0,0.999269425868988,1,,,,
D3_05850,G_04349,en,E5x_pooled,0,0.9992830157279968,1,,,,
D3_05851,G_04350,en,E5x_pooled,0,0.999129593372345,1,,,,
D3_05852,G_03882,en,E5x_pooled,0,0.9990804195404053,1,,,,
D3_05853,G_04352,en,E5x_pooled,0,0.9992471933364868,1,,,,
D3_05854,G_04353,en,E5x_pooled,0,0.9991877675056458,1,,,,
D3_05855,G_04354,en,E5x_pooled,0,0.9991762042045593,1,,,,
D3_05858,G_04355,en,E5x_pooled,0,0.9991012811660767,1,,,,
D3_05859,G_04356,en,E5x_pooled,0,0.9991992115974426,1,,,,
D3_05860,G_04357,en,E5x_pooled,0,0.9991685152053833,1,,,,
D3_05861,G_04358,en,E5x_pooled,0,0.9992139339447021,1,,,,
D3_05862,G_04359,en,E5x_pooled,0,0.9991692304611206,1,,,,
D3_05863,G_04360,en,E5x_pooled,0,0.9991574287414551,1,,,,
D3_05864,G_04361,en,E5x_pooled,0,0.9992105960845947,1,,,,
D3_05865,G_04362,en,E5x_pooled,0,0.9992331266403198,1,,,,
D3_05866,G_04363,en,E5x_pooled,0,0.9991087317466736,1,,,,
D3_05867,G_04364,en,E5x_pooled,0,0.9991512298583984,1,,,,
D3_05868,G_04365,en,E5x_pooled,0,0.9989832043647766,1,,,,
D3_05869,G_04366,en,E5x_pooled,0,0.9990713596343994,1,,,,
D3_05950,G_04367,en,E5x_pooled,0,0.9987829327583313,1,,,,
D3_05951,G_04368,en,E5x_pooled,0,0.9968721270561218,1,,,,
D3_05952,G_04369,en,E5x_pooled,0,0.9975565671920776,1,,,,
D3_05953,G_04370,en,E5x_pooled,0,0.9990659356117249,1,,,,
D3_05954,G_04371,en,E5x_pooled,0,0.9990046620368958,1,,,,
D3_05955,G_04372,en,E5x_pooled,0,0.9984071850776672,1,,,,
D3_05956,G_04373,en,E5x_pooled,0,0.9989657402038574,1,,,,
D3_05957,G_04374,en,E5x_pooled,0,0.9986591339111328,1,,,,
D3_05958,G_04375,en,E5x_pooled,0,0.9983232617378235,1,,,,
D3_05959,G_04376,en,E5x_pooled,0,0.9990361928939819,1,,,,
D3_05960,G_04377,en,E5x_pooled,0,0.9989217519760132,1,,,,
D3_05961,G_04378,en,E5x_pooled,0,0.9988272786140442,1,,,,
D3_05962,G_04379,en,E5x_pooled,0,0.999195396900177,1,,,,
D3_05963,G_04380,en,E5x_pooled,0,0.9988946318626404,1,,,,
D3_05964,G_04381,en,E5x_pooled,0,0.9992170333862305,1,,,,
D3_05965,G_03481,en,E5x_pooled,0,0.999092698097229,1,,,,
D3_05966,G_04383,en,E5x_pooled,0,0.9990819692611694,1,,,,
D3_05967,G_04384,en,E5x_pooled,0,0.9988011121749878,1,,,,
D3_05968,G_04385,en,E5x_pooled,0,0.9990966320037842,1,,,,
D3_05969,G_04386,en,E5x_pooled,0,0.9990648627281189,1,,,,
D3_05970,G_04387,en,E5x_pooled,0,0.9989816546440125,1,,,,
D3_05972,G_04388,en,E5x_pooled,0,0.9991127848625183,1,,,,
D3_05973,G_02894,en,E5x_pooled,0,0.9990077614784241,1,,,,
D3_05974,G_02862,en,E5x_pooled,0,0.9988763928413391,1,,,,
D3_05975,G_04391,en,E5x_pooled,0,0.9986562728881836,1,,,,
D3_05976,G_04392,en,E5x_pooled,0,0.9990932941436768,1,,,,
D3_05977,G_04393,en,E5x_pooled,0,0.9992145299911499,1,,,,
D3_05978,G_04394,en,E5x_pooled,0,0.9990895986557007,1,,,,
D3_05979,G_04395,en,E5x_pooled,0,0.9988977909088135,1,,,,
D3_05980,G_04396,en,E5x_pooled,0,0.9986544847488403,1,,,,
D3_05981,G_04397,en,E5x_pooled,0,0.9987035989761353,1,,,,
D3_05982,G_04398,en,E5x_pooled,0,0.9967922568321228,1,,,,
D3_05983,G_04399,en,E5x_pooled,0,0.9989940524101257,1,,,,
D3_05984,G_04400,en,E5x_pooled,0,0.9987120628356934,1,,,,
D3_05985,G_04401,en,E5x_pooled,0,0.9981393814086914,1,,,,
D3_06066,G_04402,en,E5x_pooled,0,0.998830258846283,1,,,,
D3_06067,G_04403,en,E5x_pooled,0,0.9988195300102234,1,,,,
D3_06068,G_04404,en,E5x_pooled,0,0.9987373948097229,1,,,,
D3_06069,G_04405,en,E5x_pooled,0,0.9991157650947571,1,,,,
D3_06070,G_04406,en,E5x_pooled,0,0.999186098575592,1,,,,
D3_06071,G_04407,en,E5x_pooled,0,0.9990491271018982,1,,,,
D3_06072,G_01667,en,E5x_pooled,0,0.9992356300354004,1,,,,
D3_06073,G_02959,en,E5x_pooled,0,0.9987353682518005,1,,,,
D3_06074,G_04410,en,E5x_pooled,0,0.9988340735435486,1,,,,
D3_06075,G_02977,en,E5x_pooled,0,0.9990944862365723,1,,,,
D3_06076,G_01676,en,E5x_pooled,0,0.9991503953933716,1,,,,
D3_06077,G_01698,en,E5x_pooled,0,0.9990432858467102,1,,,,
D3_06078,G_04414,en,E5x_pooled,0,0.9991739392280579,1,,,,
D3_06079,G_04415,en,E5x_pooled,0,0.9991563558578491,1,,,,
D3_06080,G_04416,en,E5x_pooled,0,0.9992172718048096,1,,,,
D3_06081,G_04417,en,E5x_pooled,0,0.9991331696510315,1,,,,
D3_06082,G_01676,en,E5x_pooled,0,0.9991903901100159,1,,,,
D3_06083,G_04419,en,E5x_pooled,0,0.9991912245750427,1,,,,
D3_06084,G_01667,en,E5x_pooled,0,0.9992223978042603,1,,,,
D3_06085,G_02997,en,E5x_pooled,0,0.9991519451141357,1,,,,
D3_06086,G_01669,en,E5x_pooled,0,0.9991586208343506,1,,,,
D3_06087,G_02977,en,E5x_pooled,0,0.9991462230682373,1,,,,
D3_06088,G_01676,en,E5x_pooled,0,0.9992114305496216,1,,,,
D3_06089,G_01698,en,E5x_pooled,0,0.9992399215698242,1,,,,
D3_06090,G_04426,en,E5x_pooled,0,0.9989810585975647,1,,,,
D3_06091,G_04427,en,E5x_pooled,0,0.9992420673370361,1,,,,
D3_06092,G_04428,en,E5x_pooled,0,0.9987965822219849,1,,,,
D3_06093,G_04429,en,E5x_pooled,0,0.9989442229270935,1,,,,
D3_06094,G_04430,en,E5x_pooled,0,0.9989868998527527,1,,,,
D3_06095,G_04431,en,E5x_pooled,0,0.9987284541130066,1,,,,
D3_06096,G_04432,en,E5x_pooled,0,0.9989333748817444,1,,,,
D3_06097,G_04433,en,E5x_pooled,0,0.9991430044174194,1,,,,
D3_06098,G_04434,en,E5x_pooled,0,0.9991459846496582,1,,,,
D3_06099,G_04435,en,E5x_pooled,0,0.9989243149757385,1,,,,
D3_06100,G_04436,en,E5x_pooled,0,0.9990737438201904,1,,,,
D3_06101,G_04437,en,E5x_pooled,0,0.9988536834716797,1,,,,
D3_06182,G_04438,en,E5x_pooled,0,0.9991695880889893,1,,,,
D3_06183,G_04439,en,E5x_pooled,0,0.9991323351860046,1,,,,
D3_06184,G_04440,en,E5x_pooled,0,0.9992169141769409,1,,,,
D3_06185,G_04441,en,E5x_pooled,0,0.9991087317466736,1,,,,
D3_06186,G_04442,en,E5x_pooled,0,0.9992393255233765,1,,,,
D3_06187,G_04443,en,E5x_pooled,0,0.9992241859436035,1,,,,
D3_06188,G_01783,en,E5x_pooled,0,0.9991499185562134,1,,,,
D3_06189,G_03579,en,E5x_pooled,0,0.9992555975914001,1,,,,
D3_06190,G_01816,en,E5x_pooled,0,0.9992178678512573,1,,,,
D3_06191,G_03045,en,E5x_pooled,0,0.9992508292198181,1,,,,
D3_06192,G_01819,en,E5x_pooled,0,0.9992690682411194,1,,,,
D3_06194,G_01783,en,E5x_pooled,0,0.9991287589073181,1,,,,
D3_06197,G_04450,en,E5x_pooled,0,0.9992637038230896,1,,,,
D3_06199,G_04451,en,E5x_pooled,0,0.9993237257003784,1,,,,
D3_06200,G_01783,en,E5x_pooled,0,0.9992515444755554,1,,,,
D3_06203,G_03058,en,E5x_pooled,0,0.9991965889930725,1,,,,
D3_06204,G_01819,en,E5x_pooled,0,0.9992994070053101,1,,,,
D3_06205,G_03581,en,E5x_pooled,0,0.9992871880531311,1,,,,
D3_06206,G_04456,en,E5x_pooled,0,0.9990943670272827,1,,,,
D3_06207,G_04457,en,E5x_pooled,0,0.9992979764938354,1,,,,
D3_06208,G_04458,en,E5x_pooled,0,0.9992958307266235,1,,,,
D3_06209,G_03045,en,E5x_pooled,0,0.9992772936820984,1,,,,
D3_06211,G_04460,en,E5x_pooled,0,0.9992826581001282,1,,,,
D3_06212,G_04461,en,E5x_pooled,0,0.9991932511329651,1,,,,
D3_06213,G_04462,en,E5x_pooled,0,0.9991956353187561,1,,,,
D3_06215,G_04463,en,E5x_pooled,0,0.9991527795791626,1,,,,
D3_06217,G_04464,en,E5x_pooled,0,0.9992069602012634,1,,,,
D3_06298,G_04465,en,E5x_pooled,0,0.999144434928894,1,,,,
D3_06299,G_04466,en,E5x_pooled,0,0.998991072177887,1,,,,
D3_06300,G_04467,en,E5x_pooled,0,0.998999297618866,1,,,,
D3_06301,G_04468,en,E5x_pooled,0,0.9991697072982788,1,,,,
D3_06302,G_04469,en,E5x_pooled,0,0.9987719655036926,1,,,,
D3_06303,G_04470,en,E5x_pooled,0,0.9989224672317505,1,,,,
D3_06304,G_03601,en,E5x_pooled,0,0.9991971850395203,1,,,,
D3_06305,G_01890,en,E5x_pooled,0,0.9991326928138733,1,,,,
D3_06306,G_01896,en,E5x_pooled,0,0.9990952014923096,1,,,,
D3_06307,G_01903,en,E5x_pooled,0,0.9990272521972656,1,,,,
D3_06308,G_04475,en,E5x_pooled,0,0.9990455508232117,1,,,,
D3_06309,G_04476,en,E5x_pooled,0,0.9988988637924194,1,,,,
D3_06310,G_03601,en,E5x_pooled,0,0.9990736246109009,1,,,,
D3_06311,G_01890,en,E5x_pooled,0,0.999127209186554,1,,,,
D3_06312,G_01896,en,E5x_pooled,0,0.9988792538642883,1,,,,
D3_06313,G_04480,en,E5x_pooled,0,0.9992167949676514,1,,,,
D3_06315,G_04476,en,E5x_pooled,0,0.9990384578704834,1,,,,
D3_06317,G_04482,en,E5x_pooled,0,0.9990822076797485,1,,,,
D3_06318,G_04483,en,E5x_pooled,0,0.9991756081581116,1,,,,
D3_06319,G_01903,en,E5x_pooled,0,0.9990823268890381,1,,,,
D3_06320,G_04485,en,E5x_pooled,0,0.9991876482963562,1,,,,
D3_06321,G_04476,en,E5x_pooled,0,0.9991405010223389,1,,,,
D3_06322,G_04487,en,E5x_pooled,0,0.9990941286087036,1,,,,
D3_06323,G_04488,en,E5x_pooled,0,0.9990172386169434,1,,,,
D3_06324,G_04489,en,E5x_pooled,0,0.998977541923523,1,,,,
D3_06325,G_04490,en,E5x_pooled,0,0.999186098575592,1,,,,
D3_06326,G_04491,en,E5x_pooled,0,0.9991841912269592,1,,,,
D3_06327,G_04492,en,E5x_pooled,0,0.9991612434387207,1,,,,
D3_06328,G_04493,en,E5x_pooled,0,0.9990794658660889,1,,,,
D3_06329,G_04494,en,E5x_pooled,0,0.9990367889404297,1,,,,
D3_06330,G_04495,en,E5x_pooled,0,0.998955249786377,1,,,,
D3_06331,G_04496,en,E5x_pooled,0,0.9987878203392029,1,,,,
D3_06333,G_04497,en,E5x_pooled,0,0.9990431666374207,1,,,,
D3_06414,G_04498,en,E5x_pooled,0,0.9991999268531799,1,,,,
D3_06415,G_04499,en,E5x_pooled,0,0.9991227984428406,1,,,,
D3_06416,G_04500,en,E5x_pooled,0,0.9991105198860168,1,,,,
D3_06417,G_04501,en,E5x_pooled,0,0.9991594552993774,1,,,,
D3_06418,G_04502,en,E5x_pooled,0,0.9991937279701233,1,,,,
D3_06419,G_04503,en,E5x_pooled,0,0.9991368651390076,1,,,,
D3_06420,G_03634,en,E5x_pooled,0,0.9991500377655029,1,,,,
D3_06421,G_02013,en,E5x_pooled,0,0.9991156458854675,1,,,,
D3_06422,G_02007,en,E5x_pooled,0,0.9991070628166199,1,,,,
D3_06423,G_02016,en,E5x_pooled,0,0.9991971850395203,1,,,,
D3_06424,G_03639,en,E5x_pooled,0,0.9991775155067444,1,,,,
D3_06425,G_04084,en,E5x_pooled,0,0.9991962313652039,1,,,,
D3_06426,G_04510,en,E5x_pooled,0,0.9992386102676392,1,,,,
D3_06428,G_04511,en,E5x_pooled,0,0.9992666840553284,1,,,,
D3_06429,G_04512,en,E5x_pooled,0,0.9992794394493103,1,,,,
D3_06430,G_03639,en,E5x_pooled,0,0.9991336464881897,1,,,,
D3_06431,G_04084,en,E5x_pooled,0,0.9992607235908508,1,,,,
D3_06432,G_03634,en,E5x_pooled,0,0.999208390712738,1,,,,
D3_06433,G_02013,en,E5x_pooled,0,0.9991518259048462,1,,,,
D3_06434,G_02007,en,E5x_pooled,0,0.9991784691810608,1,,,,
D3_06435,G_02016,en,E5x_pooled,0,0.9991695880889893,1,,,,
D3_06437,G_04084,en,E5x_pooled,0,0.9992296695709229,1,,,,
D3_06438,G_04520,en,E5x_pooled,0,0.999200165271759,1,,,,
D3_06439,G_02013,en,E5x_pooled,0,0.9990202188491821,1,,,,
D3_06440,G_04522,en,E5x_pooled,0,0.9993060827255249,1,,,,
D3_06441,G_04523,en,E5x_pooled,0,0.999281108379364,1,,,,
D3_06442,G_04524,en,E5x_pooled,0,0.9992583394050598,1,,,,
D3_06443,G_04525,en,E5x_pooled,0,0.999218225479126,1,,,,
D3_06444,G_04526,en,E5x_pooled,0,0.9991703033447266,1,,,,
D3_06445,G_04527,en,E5x_pooled,0,0.9990831613540649,1,,,,
D3_06446,G_04528,en,E5x_pooled,0,0.9992307424545288,1,,,,
D3_06447,G_04529,en,E5x_pooled,0,0.9992645382881165,1,,,,
D3_06448,G_04530,en,E5x_pooled,0,0.9991564750671387,1,,,,
D3_06449,G_04531,en,E5x_pooled,0,0.9991400241851807,1,,,,
D3_06531,G_04532,en,E5x_pooled,0,0.9987494945526123,1,,,,
D3_06532,G_04533,en,E5x_pooled,0,0.9988656044006348,1,,,,
D3_06533,G_04534,en,E5x_pooled,0,0.9990862607955933,1,,,,
D3_06534,G_04535,en,E5x_pooled,0,0.9992434978485107,1,,,,
D3_06535,G_04536,en,E5x_pooled,0,0.9990276098251343,1,,,,
D3_06536,G_04537,en,E5x_pooled,0,0.9990766048431396,1,,,,
D3_06537,G_02119,en,E5x_pooled,0,0.9991112351417542,1,,,,
D3_06538,G_02126,en,E5x_pooled,0,0.9991102814674377,1,,,,
D3_06539,G_04540,en,E5x_pooled,0,0.9992300271987915,1,,,,
D3_06540,G_04541,en,E5x_pooled,0,0.9990108013153076,1,,,,
D3_06541,G_04542,en,E5x_pooled,0,0.999126136302948,1,,,,
D3_06542,G_03168,en,E5x_pooled,0,0.9991424083709717,1,,,,
D3_06543,G_04544,en,E5x_pooled,0,0.9991294741630554,1,,,,
D3_06544,G_04545,en,E5x_pooled,0,0.9991580247879028,1,,,,
D3_06546,G_02135,en,E5x_pooled,0,0.9990941286087036,1,,,,
D3_06547,G_04542,en,E5x_pooled,0,0.998934805393219,1,,,,
D3_06548,G_04548,en,E5x_pooled,0,0.9991962313652039,1,,,,
D3_06550,G_04549,en,E5x_pooled,0,0.9991812109947205,1,,,,
D3_06552,G_02135,en,E5x_pooled,0,0.9991711378097534,1,,,,
D3_06553,G_04542,en,E5x_pooled,0,0.9992203712463379,1,,,,
D3_06554,G_04552,en,E5x_pooled,0,0.9991874098777771,1,,,,
D3_06555,G_04553,en,E5x_pooled,0,0.9988898634910583,1,,,,
D3_06556,G_02126,en,E5x_pooled,0,0.9989114999771118,1,,,,
D3_06558,G_04555,en,E5x_pooled,0,0.9989332556724548,1,,,,
D3_06559,G_04556,en,E5x_pooled,0,0.9988613128662109,1,,,,
D3_06560,G_04557,en,E5x_pooled,0,0.9992503523826599,1,,,,
D3_06561,G_04558,en,E5x_pooled,0,0.9990572333335876,1,,,,
D3_06562,G_04559,en,E5x_pooled,0,0.9990594983100891,1,,,,
D3_06563,G_04560,en,E5x_pooled,0,0.9991129040718079,1,,,,
D3_06564,G_04561,en,E5x_pooled,0,0.9991130232810974,1,,,,
D3_06565,G_04562,en,E5x_pooled,0,0.9990668892860413,1,,,,
D3_06566,G_04563,en,E5x_pooled,0,0.9989491105079651,1,,,,
D3_06648,G_04564,en,E5x_pooled,0,0.9992218017578125,1,,,,
D3_06649,G_04565,en,E5x_pooled,0,0.9992339611053467,1,,,,
D3_06650,G_04566,en,E5x_pooled,0,0.9992473125457764,1,,,,
D3_06651,G_04567,en,E5x_pooled,0,0.9992177486419678,1,,,,
D3_06652,G_04568,en,E5x_pooled,0,0.9992207288742065,1,,,,
D3_06653,G_04569,en,E5x_pooled,0,0.9990848302841187,1,,,,
D3_06654,G_02235,en,E5x_pooled,0,0.9991389513015747,1,,,,
D3_06655,G_02239,en,E5x_pooled,0,0.9992734789848328,1,,,,
D3_06656,G_02243,en,E5x_pooled,0,0.999224066734314,1,,,,
D3_06657,G_04642,en,E5x_pooled,0,0.9992628693580627,1,,,,
D3_06658,G_03281,en,E5x_pooled,0,0.9993264675140381,1,,,,
D3_06659,G_02249,en,E5x_pooled,0,0.9990288019180298,1,,,,
D3_06660,G_02235,en,E5x_pooled,0,0.999250590801239,1,,,,
D3_06661,G_02239,en,E5x_pooled,0,0.9992730021476746,1,,,,
D3_06662,G_04578,en,E5x_pooled,0,0.9991864562034607,1,,,,
D3_06663,G_04579,en,E5x_pooled,0,0.9993047714233398,1,,,,
D3_06665,G_02249,en,E5x_pooled,0,0.9991173148155212,1,,,,
D3_06666,G_04581,en,E5x_pooled,0,0.9992303848266602,1,,,,
D3_06669,G_04642,en,E5x_pooled,0,0.9991674423217773,1,,,,
D3_06671,G_02249,en,E5x_pooled,0,0.999160647392273,1,,,,
D3_06672,G_04584,en,E5x_pooled,0,0.9992167949676514,1,,,,
D3_06673,G_04585,en,E5x_pooled,0,0.9991185069084167,1,,,,
D3_06674,G_02243,en,E5x_pooled,0,0.9991231560707092,1,,,,
D3_06675,G_04587,en,E5x_pooled,0,0.9992882609367371,1,,,,
D3_06676,G_03281,en,E5x_pooled,0,0.9992693066596985,1,,,,
D3_06677,G_04589,en,E5x_pooled,0,0.9990824460983276,1,,,,
D3_06678,G_04590,en,E5x_pooled,0,0.9991397857666016,1,,,,
D3_06679,G_04591,en,E5x_pooled,0,0.9990060925483704,1,,,,
D3_06680,G_04592,en,E5x_pooled,0,0.9991812109947205,1,,,,
D3_06681,G_04593,en,E5x_pooled,0,0.9992102384567261,1,,,,
D3_06682,G_03281,en,E5x_pooled,0,0.9992477893829346,1,,,,
D3_06683,G_04595,en,E5x_pooled,0,0.9990878105163574,1,,,,
D3_06764,G_04596,en,E5x_pooled,0,0.9986498951911926,1,,,,
D3_06765,G_04597,en,E5x_pooled,0,0.9983503818511963,1,,,,
D3_06766,G_04598,en,E5x_pooled,0,0.9988879561424255,1,,,,
D3_06767,G_04599,en,E5x_pooled,0,0.9985925555229187,1,,,,
D3_06768,G_04600,en,E5x_pooled,0,0.9987680315971375,1,,,,
D3_06769,G_04601,en,E5x_pooled,0,0.9989140033721924,1,,,,
D3_06770,G_04180,en,E5x_pooled,0,0.9989375472068787,1,,,,
D3_06771,G_02355,en,E5x_pooled,0,0.9990092515945435,1,,,,
D3_06772,G_03219,en,E5x_pooled,0,0.9989057779312134,1,,,,
D3_06773,G_04605,en,E5x_pooled,0,0.9990140199661255,1,,,,
D3_06774,G_03230,en,E5x_pooled,0,0.9988503456115723,1,,,,
D3_06775,G_02363,en,E5x_pooled,0,0.9990969896316528,1,,,,
D3_06776,G_04180,en,E5x_pooled,0,0.9985135197639465,1,,,,
D3_06777,G_02355,en,E5x_pooled,0,0.9988852143287659,1,,,,
D3_06779,G_04610,en,E5x_pooled,0,0.9986752867698669,1,,,,
D3_06780,G_03230,en,E5x_pooled,0,0.9987175464630127,1,,,,
D3_06782,G_04612,en,E5x_pooled,0,0.9990971088409424,1,,,,
D3_06783,G_03255,en,E5x_pooled,0,0.9991434812545776,1,,,,
D3_06785,G_02364,en,E5x_pooled,0,0.999060332775116,1,,,,
D3_06787,G_02363,en,E5x_pooled,0,0.9992197751998901,1,,,,
D3_06788,G_04180,en,E5x_pooled,0,0.999052107334137,1,,,,
D3_06789,G_04617,en,E5x_pooled,0,0.9983704686164856,1,,,,
D3_06790,G_03219,en,E5x_pooled,0,0.9989520311355591,1,,,,
D3_06791,G_04619,en,E5x_pooled,0,0.9986253976821899,1,,,,
D3_06792,G_04620,en,E5x_pooled,0,0.9989575147628784,1,,,,
D3_06793,G_04621,en,E5x_pooled,0,0.9987242817878723,1,,,,
D3_06794,G_04622,en,E5x_pooled,0,0.9987431168556213,1,,,,
D3_06795,G_04623,en,E5x_pooled,0,0.9985483288764954,1,,,,
D3_06796,G_04624,en,E5x_pooled,0,0.9989303946495056,1,,,,
D3_06797,G_04625,en,E5x_pooled,0,0.994236409664154,1,,,,
D3_06798,G_04626,en,E5x_pooled,0,0.9988263249397278,1,,,,
D3_06799,G_04627,en,E5x_pooled,0,0.9979846477508545,1,,,,
D3_06881,G_04628,en,E5x_pooled,0,0.9992225170135498,1,,,,
D3_06882,G_04629,en,E5x_pooled,0,0.998985230922699,1,,,,
D3_06883,G_04630,en,E5x_pooled,0,0.9987972974777222,1,,,,
D3_06884,G_04631,en,E5x_pooled,0,0.9993066787719727,1,,,,
D3_06885,G_04632,en,E5x_pooled,0,0.9990063309669495,1,,,,
D3_06886,G_04633,en,E5x_pooled,0,0.9990779161453247,1,,,,
D3_06887,G_04639,en,E5x_pooled,0,0.9990772008895874,1,,,,
D3_06888,G_04635,en,E5x_pooled,0,0.999121367931366,1,,,,
D3_06889,G_04636,en,E5x_pooled,0,0.9990079998970032,1,,,,
D3_06890,G_04637,en,E5x_pooled,0,0.9992838501930237,1,,,,
D3_06891,G_02468,en,E5x_pooled,0,0.9991023540496826,1,,,,
D3_06893,G_04639,en,E5x_pooled,0,0.9989637136459351,1,,,,
D3_06894,G_04635,en,E5x_pooled,0,0.9989664554595947,1,,,,
D3_06895,G_02242,en,E5x_pooled,0,0.9988489151000977,1,,,,
D3_06896,G_04642,en,E5x_pooled,0,0.9992730021476746,1,,,,
D3_06899,G_04643,en,E5x_pooled,0,0.9992119073867798,1,,,,
D3_06900,G_04644,en,E5x_pooled,0,0.9992347955703735,1,,,,
D3_06901,G_04645,en,E5x_pooled,0,0.9990966320037842,1,,,,
D3_06902,G_04642,en,E5x_pooled,0,0.9992148876190186,1,,,,
D3_06903,G_04647,en,E5x_pooled,0,0.9991769194602966,1,,,,
D3_06905,G_04639,en,E5x_pooled,0,0.9990515112876892,1,,,,
D3_06906,G_04635,en,E5x_pooled,0,0.9988313317298889,1,,,,
D3_06907,G_02242,en,E5x_pooled,0,0.9989144802093506,1,,,,
D3_06908,G_04651,en,E5x_pooled,0,0.9992665648460388,1,,,,
D3_06909,G_04652,en,E5x_pooled,0,0.9987366795539856,1,,,,
D3_06911,G_04653,en,E5x_pooled,0,0.9991142153739929,1,,,,
D3_06912,G_04654,en,E5x_pooled,0,0.9986392855644226,1,,,,
D3_06913,G_04655,en,E5x_pooled,0,0.9988095760345459,1,,,,
D3_06914,G_04656,en,E5x_pooled,0,0.9992287158966064,1,,,,
D3_06915,G_02468,en,E5x_pooled,0,0.999057948589325,1,,,,
D3_06997,G_04658,en,E5x_pooled,0,0.9991797804832458,1,,,,
D3_06998,G_04659,en,E5x_pooled,0,0.9992092847824097,1,,,,
D3_06999,G_04660,en,E5x_pooled,0,0.9990978240966797,1,,,,
D3_07000,G_04661,en,E5x_pooled,0,0.9991074204444885,1,,,,
D3_07001,G_04662,en,E5x_pooled,0,0.9991430044174194,1,,,,
D3_07002,G_04663,en,E5x_pooled,0,0.9990702271461487,1,,,,
D3_07003,G_02501,en,E5x_pooled,0,0.999136745929718,1,,,,
D3_07004,G_02497,en,E5x_pooled,0,0.9992269277572632,1,,,,
D3_07005,G_02519,en,E5x_pooled,0,0.9991216063499451,1,,,,
D3_07006,G_02503,en,E5x_pooled,0,0.9991539716720581,1,,,,
D3_07007,G_03806,en,E5x_pooled,0,0.9991257786750793,1,,,,
D3_07008,G_02509,en,E5x_pooled,0,0.9992427825927734,1,,,,
D3_07009,G_02501,en,E5x_pooled,0,0.9992388486862183,1,,,,
D3_07010,G_04671,en,E5x_pooled,0,0.9992462396621704,1,,,,
D3_07011,G_04672,en,E5x_pooled,0,0.9992265701293945,1,,,,
D3_07012,G_04673,en,E5x_pooled,0,0.9992338418960571,1,,,,
D3_07013,G_04674,en,E5x_pooled,0,0.9992426633834839,1,,,,
D3_07014,G_02509,en,E5x_pooled,0,0.9991818070411682,1,,,,
D3_07015,G_04676,en,E5x_pooled,0,0.9991974234580994,1,,,,
D3_07016,G_04677,en,E5x_pooled,0,0.9991931319236755,1,,,,
D3_07020,G_04678,en,E5x_pooled,0,0.9993003606796265,1,,,,
D3_07021,G_02501,en,E5x_pooled,0,0.9990479350090027,1,,,,
D3_07022,G_04680,en,E5x_pooled,0,0.9993183612823486,1,,,,
D3_07023,G_02519,en,E5x_pooled,0,0.9992198944091797,1,,,,
D3_07024,G_04682,en,E5x_pooled,0,0.9991061091423035,1,,,,
D3_07025,G_03806,en,E5x_pooled,0,0.9991034865379333,1,,,,
D3_07027,G_04684,en,E5x_pooled,0,0.9992021918296814,1,,,,
D3_07028,G_04685,en,E5x_pooled,0,0.9991440773010254,1,,,,
D3_07029,G_04686,en,E5x_pooled,0,0.9991673231124878,1,,,,
D3_07030,G_02503,en,E5x_pooled,0,0.9991785883903503,1,,,,
D3_07031,G_04688,en,E5x_pooled,0,0.9990459084510803,1,,,,
D3_07032,G_04689,en,E5x_pooled,0,0.999157190322876,1,,,,
D3_07113,G_04690,en,E5x_pooled,0,0.9992194175720215,1,,,,
D3_07114,G_04691,en,E5x_pooled,0,0.9992213249206543,1,,,,
D3_07115,G_04692,en,E5x_pooled,0,0.9992368221282959,1,,,,
D3_07116,G_02613,en,E5x_pooled,0,0.9993001222610474,1,,,,
D3_07117,G_04694,en,E5x_pooled,0,0.9991903901100159,1,,,,
D3_07118,G_04695,en,E5x_pooled,0,0.999321460723877,1,,,,
D3_07119,G_02607,en,E5x_pooled,0,0.9991994500160217,1,,,,
D3_07120,G_02603,en,E5x_pooled,0,0.999208390712738,1,,,,
D3_07121,G_02610,en,E5x_pooled,0,0.9992190599441528,1,,,,
D3_07122,G_04699,en,E5x_pooled,0,0.999148964881897,1,,,,
D3_07123,G_02613,en,E5x_pooled,0,0.9992294311523438,1,,,,
D3_07124,G_02621,en,E5x_pooled,0,0.9992708563804626,1,,,,
D3_07125,G_04702,en,E5x_pooled,0,0.9991645812988281,1,,,,
D3_07126,G_04703,en,E5x_pooled,0,0.9992484450340271,1,,,,
D3_07127,G_04704,en,E5x_pooled,0,0.9991779923439026,1,,,,
D3_07128,G_04699,en,E5x_pooled,0,0.9992602467536926,1,,,,
D3_07129,G_04706,en,E5x_pooled,0,0.9992813467979431,1,,,,
D3_07131,G_04707,en,E5x_pooled,0,0.9992761015892029,1,,,,
D3_07132,G_04708,en,E5x_pooled,0,0.9992685914039612,1,,,,
D3_07133,G_02610,en,E5x_pooled,0,0.9992600083351135,1,,,,
D3_07135,G_02613,en,E5x_pooled,0,0.9992783665657043,1,,,,
D3_07137,G_04711,en,E5x_pooled,0,0.9991720914840698,1,,,,
D3_07138,G_02603,en,E5x_pooled,0,0.999277651309967,1,,,,
D3_07139,G_04713,en,E5x_pooled,0,0.9992653727531433,1,,,,
D3_07140,G_04714,en,E5x_pooled,0,0.9989657402038574,1,,,,
D3_07141,G_04715,en,E5x_pooled,0,0.9993163347244263,1,,,,
D3_07142,G_04716,en,E5x_pooled,0,0.9991958737373352,1,,,,
D3_07143,G_04717,en,E5x_pooled,0,0.9991852641105652,1,,,,
D3_07144,G_04718,en,E5x_pooled,0,0.9991593360900879,1,,,,
D3_07145,G_04719,en,E5x_pooled,0,0.9992542862892151,1,,,,
D3_07146,G_04720,en,E5x_pooled,0,0.9990070462226868,1,,,,
D3_07147,G_04721,en,E5x_pooled,0,0.9992596507072449,1,,,,
D3_07148,G_04722,en,E5x_pooled,0,0.9991931319236755,1,,,,
D3_07229,G_04723,en,E5x_pooled,0,0.9991111159324646,1,,,,
D3_07231,G_04724,en,E5x_pooled,0,0.9986226558685303,1,,,,
D3_07232,G_04725,en,E5x_pooled,0,0.9983684420585632,1,,,,
D3_07233,G_04726,en,E5x_pooled,0,0.999025821685791,1,,,,
D3_07234,G_04727,en,E5x_pooled,0,0.9990078806877136,1,,,,
D3_07235,G_03387,en,E5x_pooled,0,0.999225378036499,1,,,,
D3_07236,G_04729,en,E5x_pooled,0,0.9991674423217773,1,,,,
D3_07237,G_03384,en,E5x_pooled,0,0.99883633852005,1,,,,
D3_07238,G_04731,en,E5x_pooled,0,0.9991102814674377,1,,,,
D3_07239,G_04732,en,E5x_pooled,0,0.9991093277931213,1,,,,
D3_07240,G_02732,en,E5x_pooled,0,0.9989763498306274,1,,,,
D3_07241,G_04734,en,E5x_pooled,0,0.9992142915725708,1,,,,
D3_07243,G_04735,en,E5x_pooled,0,0.9991449117660522,1,,,,
D3_07244,G_04736,en,E5x_pooled,0,0.9991408586502075,1,,,,
D3_07245,G_04737,en,E5x_pooled,0,0.9992365837097168,1,,,,
D3_07246,G_04738,en,E5x_pooled,0,0.999248206615448,1,,,,
D3_07247,G_04352,en,E5x_pooled,0,0.9992538094520569,1,,,,
D3_07249,G_04317,en,E5x_pooled,0,0.999104917049408,1,,,,
D3_07252,G_04741,en,E5x_pooled,0,0.9990098476409912,1,,,,
D3_07253,G_04742,en,E5x_pooled,0,0.9991544485092163,1,,,,
D3_07255,G_04743,en,E5x_pooled,0,0.9990204572677612,1,,,,
D3_07256,G_04744,en,E5x_pooled,0,0.9991740584373474,1,,,,
D3_07257,G_02730,en,E5x_pooled,0,0.9991655349731445,1,,,,
D3_07258,G_04746,en,E5x_pooled,0,0.9991139769554138,1,,,,
D3_07259,G_04747,en,E5x_pooled,0,0.999235987663269,1,,,,
D3_07261,G_04748,en,E5x_pooled,0,0.9988189339637756,1,,,,
D3_07262,G_04749,en,E5x_pooled,0,0.9989379048347473,1,,,,
D3_07263,G_04750,en,E5x_pooled,0,0.9991090893745422,1,,,,
D3_07264,G_04751,en,E5x_pooled,0,0.9991457462310791,1,,,,
D3_07345,G_04752,en,E5x_pooled,0,0.9989582300186157,1,,,,
D3_07346,G_04753,en,E5x_pooled,0,0.9988598823547363,1,,,,
D3_07347,G_04754,en,E5x_pooled,0,0.9991005659103394,1,,,,
D3_07348,G_04755,en,E5x_pooled,0,0.9991137385368347,1,,,,
D3_07349,G_04756,en,E5x_pooled,0,0.9990135431289673,1,,,,
D3_07350,G_04757,en,E5x_pooled,0,0.9990083575248718,1,,,,
D3_07351,G_03384,en,E5x_pooled,0,0.9989180564880371,1,,,,
D3_07352,G_04759,en,E5x_pooled,0,0.9990559220314026,1,,,,
D3_07353,G_04760,en,E5x_pooled,0,0.9991239905357361,1,,,,
D3_07354,G_04761,en,E5x_pooled,0,0.9991645812988281,1,,,,
D3_07355,G_04309,en,E5x_pooled,0,0.9991425275802612,1,,,,
D3_07356,G_04763,en,E5x_pooled,0,0.9991133809089661,1,,,,
D3_07357,G_04764,en,E5x_pooled,0,0.9991362690925598,1,,,,
D3_07358,G_02721,en,E5x_pooled,0,0.9990491271018982,1,,,,
D3_07359,G_04766,en,E5x_pooled,0,0.9991163611412048,1,,,,
D3_07360,G_04767,en,E5x_pooled,0,0.9989551305770874,1,,,,
D3_07361,G_04768,en,E5x_pooled,0,0.9990997314453125,1,,,,
D3_07362,G_04769,en,E5x_pooled,0,0.9991363883018494,1,,,,
D3_07364,G_02759,en,E5x_pooled,0,0.9991962313652039,1,,,,
D3_07365,G_04771,en,E5x_pooled,0,0.9991569519042969,1,,,,
D3_07366,G_04772,en,E5x_pooled,0,0.9991957545280457,1,,,,
D3_07368,G_04773,en,E5x_pooled,0,0.9991543292999268,1,,,,
D3_07369,G_04774,en,E5x_pooled,0,0.9988425970077515,1,,,,
D3_07370,G_04775,en,E5x_pooled,0,0.9989702701568604,1,,,,
D3_07371,G_04776,en,E5x_pooled,0,0.9990503191947937,1,,,,
D3_07372,G_04777,en,E5x_pooled,0,0.9989263415336609,1,,,,
D3_07373,G_02738,en,E5x_pooled,0,0.9988779425621033,1,,,,
D3_07374,G_02737,en,E5x_pooled,0,0.9991224408149719,1,,,,
D3_07375,G_04780,en,E5x_pooled,0,0.9989863038063049,1,,,,
D3_07376,G_04781,en,E5x_pooled,0,0.9990137815475464,1,,,,
D3_07377,G_04782,en,E5x_pooled,0,0.998935878276825,1,,,,
D3_07378,G_04783,en,E5x_pooled,0,0.9987353682518005,1,,,,
D3_07379,G_04784,en,E5x_pooled,0,0.9988080263137817,1,,,,
D3_07380,G_04785,en,E5x_pooled,0,0.9991369843482971,1,,,,
D3_07462,G_04786,en,E5x_pooled,0,0.9978378415107727,1,,,,
D3_07463,G_04787,en,E5x_pooled,0,0.9986993074417114,1,,,,
D3_07464,G_04788,en,E5x_pooled,0,0.999152421951294,1,,,,
D3_07465,G_04789,en,E5x_pooled,0,0.9991579055786133,1,,,,
D3_07466,G_04790,en,E5x_pooled,0,0.9989851117134094,1,,,,
D3_07467,G_04791,en,E5x_pooled,0,0.9986332058906555,1,,,,
D3_07468,G_04792,en,E5x_pooled,0,0.9988435506820679,1,,,,
D3_07470,G_04793,en,E5x_pooled,0,0.9990346431732178,1,,,,
D3_07471,G_04794,en,E5x_pooled,0,0.9988991022109985,1,,,,
D3_07472,G_04795,en,E5x_pooled,0,0.9988024234771729,1,,,,
D3_07473,G_04796,en,E5x_pooled,0,0.9991508722305298,1,,,,
D3_07475,G_03470,en,E5x_pooled,0,0.9990108013153076,1,,,,
D3_07476,G_04798,en,E5x_pooled,0,0.9992550015449524,1,,,,
D3_07477,G_02872,en,E5x_pooled,0,0.9989045858383179,1,,,,
D3_07478,G_02867,en,E5x_pooled,0,0.9990772008895874,1,,,,
D3_07480,G_04801,en,E5x_pooled,0,0.9991528987884521,1,,,,
D3_07481,G_03508,en,E5x_pooled,0,0.9990792274475098,1,,,,
D3_07482,G_04803,en,E5x_pooled,0,0.99921715259552,1,,,,
D3_07483,G_04804,en,E5x_pooled,0,0.999086856842041,1,,,,
D3_07484,G_04805,en,E5x_pooled,0,0.9992018342018127,1,,,,
D3_07485,G_02863,en,E5x_pooled,0,0.9989859461784363,1,,,,
D3_07486,G_04786,en,E5x_pooled,0,0.9980962872505188,1,,,,
D3_07487,G_04808,en,E5x_pooled,0,0.9988967180252075,1,,,,
D3_07488,G_04809,en,E5x_pooled,0,0.9991902709007263,1,,,,
D3_07490,G_04810,en,E5x_pooled,0,0.99909508228302,1,,,,
D3_07491,G_04811,en,E5x_pooled,0,0.9986435770988464,1,,,,
D3_07493,G_04812,en,E5x_pooled,0,0.998945415019989,1,,,,
D3_07494,G_02868,en,E5x_pooled,0,0.9990957975387573,1,,,,
D3_07495,G_04814,en,E5x_pooled,0,0.9986873269081116,1,,,,
D3_07576,G_04815,en,E5x_pooled,0,0.9991318583488464,1,,,,
D3_07577,G_04816,en,E5x_pooled,0,0.999137282371521,1,,,,
D3_07578,G_04817,en,E5x_pooled,0,0.9992534518241882,1,,,,
D3_07579,G_04818,en,E5x_pooled,0,0.9991714954376221,1,,,,
D3_07580,G_04819,en,E5x_pooled,0,0.9991064667701721,1,,,,
D3_07581,G_04820,en,E5x_pooled,0,0.9992088675498962,1,,,,
D3_07582,G_01667,en,E5x_pooled,0,0.9991932511329651,1,,,,
D3_07583,G_01663,en,E5x_pooled,0,0.9992460012435913,1,,,,
D3_07584,G_01666,en,E5x_pooled,0,0.9988455772399902,1,,,,
D3_07585,G_01679,en,E5x_pooled,0,0.9992658495903015,1,,,,
D3_07586,G_01680,en,E5x_pooled,0,0.9991636276245117,1,,,,
D3_07587,G_01676,en,E5x_pooled,0,0.9992006421089172,1,,,,
D3_07588,G_04827,en,E5x_pooled,0,0.999195396900177,1,,,,
D3_07589,G_04828,en,E5x_pooled,0,0.9992212057113647,1,,,,
D3_07590,G_04829,en,E5x_pooled,0,0.9988976716995239,1,,,,
D3_07591,G_04830,en,E5x_pooled,0,0.9992014765739441,1,,,,
D3_07592,G_04831,en,E5x_pooled,0,0.9990449547767639,1,,,,
D3_07593,G_01676,en,E5x_pooled,0,0.9991705417633057,1,,,,
D3_07594,G_01667,en,E5x_pooled,0,0.9991484880447388,1,,,,
D3_07595,G_01663,en,E5x_pooled,0,0.9993016719818115,1,,,,
D3_07596,G_04835,en,E5x_pooled,0,0.9989811778068542,1,,,,
D3_07598,G_01680,en,E5x_pooled,0,0.9991318583488464,1,,,,
D3_07599,G_01676,en,E5x_pooled,0,0.9992324113845825,1,,,,
D3_07600,G_04838,en,E5x_pooled,0,0.9991171956062317,1,,,,
D3_07601,G_04839,en,E5x_pooled,0,0.9990726709365845,1,,,,
D3_07602,G_04840,en,E5x_pooled,0,0.9989972710609436,1,,,,
D3_07603,G_04841,en,E5x_pooled,0,0.9991080164909363,1,,,,
D3_07604,G_04842,en,E5x_pooled,0,0.9992484450340271,1,,,,
D3_07605,G_04843,en,E5x_pooled,0,0.9992693066596985,1,,,,
D3_07606,G_04844,en,E5x_pooled,0,0.9989861845970154,1,,,,
D3_07607,G_04845,en,E5x_pooled,0,0.9987806677818298,1,,,,
D3_07608,G_04846,en,E5x_pooled,0,0.9990077614784241,1,,,,
D3_07609,G_04847,en,E5x_pooled,0,0.9991012811660767,1,,,,
D3_07610,G_04848,en,E5x_pooled,0,0.9990928173065186,1,,,,
D3_07611,G_04849,en,E5x_pooled,0,0.999190628528595,1,,,,
D3_07692,G_04850,en,E5x_pooled,0,0.9991531372070312,1,,,,
D3_07693,G_04851,en,E5x_pooled,0,0.999173104763031,1,,,,
D3_07694,G_04852,en,E5x_pooled,0,0.999224066734314,1,,,,
D3_07695,G_04853,en,E5x_pooled,0,0.9991481304168701,1,,,,
D3_07696,G_04854,en,E5x_pooled,0,0.9992904663085938,1,,,,
D3_07697,G_04855,en,E5x_pooled,0,0.9992688298225403,1,,,,
D3_07698,G_01783,en,E5x_pooled,0,0.999219536781311,1,,,,
D3_07699,G_03579,en,E5x_pooled,0,0.9992619156837463,1,,,,
D3_07700,G_01816,en,E5x_pooled,0,0.9992626309394836,1,,,,
D3_07701,G_03045,en,E5x_pooled,0,0.9991727471351624,1,,,,
D3_07702,G_01819,en,E5x_pooled,0,0.9993305206298828,1,,,,
D3_07703,G_01794,en,E5x_pooled,0,0.9993083477020264,1,,,,
D3_07704,G_04862,en,E5x_pooled,0,0.9992203712463379,1,,,,
D3_07706,G_04863,en,E5x_pooled,0,0.9992867112159729,1,,,,
D3_07707,G_04864,en,E5x_pooled,0,0.9992501139640808,1,,,,
D3_07709,G_04865,en,E5x_pooled,0,0.9992936849594116,1,,,,
D3_07710,G_01783,en,E5x_pooled,0,0.9992471933364868,1,,,,
D3_07711,G_04867,en,E5x_pooled,0,0.999285876750946,1,,,,
D3_07713,G_03045,en,E5x_pooled,0,0.9991865754127502,1,,,,
D3_07714,G_01819,en,E5x_pooled,0,0.9993007183074951,1,,,,
D3_07715,G_03581,en,E5x_pooled,0,0.9992530941963196,1,,,,
D3_07716,G_04871,en,E5x_pooled,0,0.9990977048873901,1,,,,
D3_07718,G_04872,en,E5x_pooled,0,0.9993054866790771,1,,,,
D3_07719,G_04873,en,E5x_pooled,0,0.9992029070854187,1,,,,
D3_07721,G_04874,en,E5x_pooled,0,0.9992927312850952,1,,,,
D3_07722,G_04875,en,E5x_pooled,0,0.9991955161094666,1,,,,
D3_07724,G_04876,en,E5x_pooled,0,0.9992409944534302,1,,,,
D3_07725,G_04877,en,E5x_pooled,0,0.9992172718048096,1,,,,
D3_07727,G_04878,en,E5x_pooled,0,0.999273955821991,1,,,,
D3_07809,G_04879,en,E5x_pooled,0,0.9989029169082642,1,,,,
D3_07810,G_04880,en,E5x_pooled,0,0.999066174030304,1,,,,
D3_07811,G_04881,en,E5x_pooled,0,0.999198853969574,1,,,,
D3_07812,G_04882,en,E5x_pooled,0,0.9990346431732178,1,,,,
D3_07813,G_04883,en,E5x_pooled,0,0.9991387128829956,1,,,,
D3_07814,G_04884,en,E5x_pooled,0,0.9991661310195923,1,,,,
D3_07815,G_01893,en,E5x_pooled,0,0.9990431666374207,1,,,,
D3_07816,G_03601,en,E5x_pooled,0,0.9992436170578003,1,,,,
D3_07817,G_01897,en,E5x_pooled,0,0.9991707801818848,1,,,,
D3_07818,G_01903,en,E5x_pooled,0,0.999042809009552,1,,,,
D3_07819,G_04475,en,E5x_pooled,0,0.999083399772644,1,,,,
D3_07820,G_04476,en,E5x_pooled,0,0.99898761510849,1,,,,
D3_07821,G_04891,en,E5x_pooled,0,0.9991163611412048,1,,,,
D3_07822,G_04892,en,E5x_pooled,0,0.9992314577102661,1,,,,
D3_07823,G_04893,en,E5x_pooled,0,0.9989787340164185,1,,,,
D3_07824,G_04894,en,E5x_pooled,0,0.9992352724075317,1,,,,
D3_07825,G_04895,en,E5x_pooled,0,0.9991496801376343,1,,,,
D3_07826,G_04476,en,E5x_pooled,0,0.9992438554763794,1,,,,
D3_07827,G_04897,en,E5x_pooled,0,0.9991539716720581,1,,,,
D3_07829,G_04898,en,E5x_pooled,0,0.9992200136184692,1,,,,
D3_07830,G_04899,en,E5x_pooled,0,0.9991223216056824,1,,,,
D3_07833,G_04900,en,E5x_pooled,0,0.9991982579231262,1,,,,
D3_07834,G_04901,en,E5x_pooled,0,0.9992257356643677,1,,,,
D3_07835,G_04902,en,E5x_pooled,0,0.9992002844810486,1,,,,
D3_07836,G_01903,en,E5x_pooled,0,0.9991201758384705,1,,,,
D3_07837,G_04904,en,E5x_pooled,0,0.9990467429161072,1,,,,
D3_07838,G_04905,en,E5x_pooled,0,0.9988412261009216,1,,,,
D3_07839,G_04906,en,E5x_pooled,0,0.9989835619926453,1,,,,
D3_07840,G_04907,en,E5x_pooled,0,0.9990400671958923,1,,,,
D3_07841,G_04908,en,E5x_pooled,0,0.9990857839584351,1,,,,
D3_07842,G_04909,en,E5x_pooled,0,0.9987661838531494,1,,,,
D3_07843,G_04910,en,E5x_pooled,0,0.9990195035934448,1,,,,
D3_07844,G_04911,en,E5x_pooled,0,0.9990001320838928,1,,,,
D3_07925,G_04912,en,E5x_pooled,0,0.9992121458053589,1,,,,
D3_07926,G_04913,en,E5x_pooled,0,0.9992184638977051,1,,,,
D3_07927,G_04914,en,E5x_pooled,0,0.9991251826286316,1,,,,
D3_07928,G_04915,en,E5x_pooled,0,0.9992402791976929,1,,,,
D3_07929,G_04916,en,E5x_pooled,0,0.9992274045944214,1,,,,
D3_07930,G_04917,en,E5x_pooled,0,0.9991676807403564,1,,,,
D3_07932,G_02011,en,E5x_pooled,0,0.9990344047546387,1,,,,
D3_07933,G_02014,en,E5x_pooled,0,0.9991183876991272,1,,,,
D3_07934,G_02016,en,E5x_pooled,0,0.9991470575332642,1,,,,
D3_07935,G_02020,en,E5x_pooled,0,0.9992259740829468,1,,,,
D3_07936,G_03639,en,E5x_pooled,0,0.9991949200630188,1,,,,
D3_07937,G_04923,en,E5x_pooled,0,0.9992245435714722,1,,,,
D3_07939,G_02014,en,E5x_pooled,0,0.9987928867340088,1,,,,
D3_07940,G_04925,en,E5x_pooled,0,0.999295711517334,1,,,,
D3_07941,G_02020,en,E5x_pooled,0,0.9993033409118652,1,,,,
D3_07942,G_03639,en,E5x_pooled,0,0.9991199374198914,1,,,,
D3_07943,G_03634,en,E5x_pooled,0,0.9991891980171204,1,,,,
D3_07945,G_02014,en,E5x_pooled,0,0.9991409778594971,1,,,,
D3_07948,G_03639,en,E5x_pooled,0,0.9992212057113647,1,,,,
D3_07949,G_04931,en,E5x_pooled,0,0.9992687106132507,1,,,,
D3_07950,G_04932,en,E5x_pooled,0,0.9992257356643677,1,,,,
D3_07951,G_04933,en,E5x_pooled,0,0.9990392923355103,1,,,,
D3_07952,G_04934,en,E5x_pooled,0,0.9992628693580627,1,,,,
D3_07953,G_04935,en,E5x_pooled,0,0.9991669654846191,1,,,,
D3_07954,G_04936,en,E5x_pooled,0,0.9991967082023621,1,,,,
D3_07955,G_04937,en,E5x_pooled,0,0.9991304278373718,1,,,,
D3_07956,G_04938,en,E5x_pooled,0,0.9991074204444885,1,,,,
D3_07957,G_04939,en,E5x_pooled,0,0.9992306232452393,1,,,,
D3_07958,G_04940,en,E5x_pooled,0,0.9992258548736572,1,,,,
D3_07959,G_04941,en,E5x_pooled,0,0.9992290735244751,1,,,,
D3_07960,G_04942,en,E5x_pooled,0,0.9992413520812988,1,,,,
D3_08042,G_04943,en,E5x_pooled,0,0.9990137815475464,1,,,,
D3_08043,G_04944,en,E5x_pooled,0,0.9989486336708069,1,,,,
D3_08044,G_04945,en,E5x_pooled,0,0.9989916682243347,1,,,,
D3_08045,G_04946,en,E5x_pooled,0,0.9988866448402405,1,,,,
D3_08046,G_04947,en,E5x_pooled,0,0.9991949200630188,1,,,,
D3_08047,G_04948,en,E5x_pooled,0,0.9991889595985413,1,,,,
D3_08048,G_02119,en,E5x_pooled,0,0.9990284442901611,1,,,,
D3_08049,G_02128,en,E5x_pooled,0,0.9991499185562134,1,,,,
D3_08050,G_04962,en,E5x_pooled,0,0.9991652965545654,1,,,,
D3_08051,G_04542,en,E5x_pooled,0,0.9991139769554138,1,,,,
D3_08052,G_02135,en,E5x_pooled,0,0.9990507960319519,1,,,,
D3_08053,G_02150,en,E5x_pooled,0,0.999180257320404,1,,,,
D3_08054,G_04955,en,E5x_pooled,0,0.9990708827972412,1,,,,
D3_08055,G_04956,en,E5x_pooled,0,0.9989572763442993,1,,,,
D3_08056,G_04957,en,E5x_pooled,0,0.999206006526947,1,,,,
D3_08057,G_04958,en,E5x_pooled,0,0.9991487264633179,1,,,,
D3_08058,G_04959,en,E5x_pooled,0,0.9992225170135498,1,,,,
D3_08059,G_02150,en,E5x_pooled,0,0.999210000038147,1,,,,
D3_08061,G_04961,en,E5x_pooled,0,0.9992061257362366,1,,,,
D3_08062,G_04962,en,E5x_pooled,0,0.9991856217384338,1,,,,
D3_08064,G_02135,en,E5x_pooled,0,0.9991340041160583,1,,,,
D3_08066,G_04964,en,E5x_pooled,0,0.9989043474197388,1,,,,
D3_08067,G_04965,en,E5x_pooled,0,0.998945415019989,1,,,,
D3_08068,G_04966,en,E5x_pooled,0,0.9990430474281311,1,,,,
D3_08069,G_04967,en,E5x_pooled,0,0.9990707635879517,1,,,,
D3_08070,G_04968,en,E5x_pooled,0,0.9990990161895752,1,,,,
D3_08071,G_04969,en,E5x_pooled,0,0.9991323351860046,1,,,,
D3_08072,G_04970,en,E5x_pooled,0,0.9989522695541382,1,,,,
D3_08073,G_04971,en,E5x_pooled,0,0.9989192485809326,1,,,,
D3_08074,G_04972,en,E5x_pooled,0,0.9987634420394897,1,,,,
D3_08075,G_04973,en,E5x_pooled,0,0.9991376399993896,1,,,,
D3_08076,G_04974,en,E5x_pooled,0,0.9992185831069946,1,,,,
D3_08077,G_04975,en,E5x_pooled,0,0.9990103244781494,1,,,,
D3_08159,G_04976,en,E5x_pooled,0,0.999276340007782,1,,,,
D3_08160,G_04977,en,E5x_pooled,0,0.99919193983078,1,,,,
D3_08161,G_04978,en,E5x_pooled,0,0.9992426633834839,1,,,,
D3_08162,G_04979,en,E5x_pooled,0,0.9992468357086182,1,,,,
D3_08163,G_04980,en,E5x_pooled,0,0.9992052912712097,1,,,,
D3_08164,G_04981,en,E5x_pooled,0,0.9992440938949585,1,,,,
D3_08165,G_02238,en,E5x_pooled,0,0.9992699027061462,1,,,,
D3_08166,G_02245,en,E5x_pooled,0,0.999288022518158,1,,,,
D3_08167,G_04984,en,E5x_pooled,0,0.9992508292198181,1,,,,
D3_08168,G_04642,en,E5x_pooled,0,0.9992245435714722,1,,,,
D3_08169,G_03281,en,E5x_pooled,0,0.9992164373397827,1,,,,
D3_08171,G_02238,en,E5x_pooled,0,0.999268114566803,1,,,,
D3_08172,G_04988,en,E5x_pooled,0,0.9993189573287964,1,,,,
D3_08173,G_02239,en,E5x_pooled,0,0.9991808533668518,1,,,,
D3_08174,G_04642,en,E5x_pooled,0,0.9991443157196045,1,,,,
D3_08176,G_02252,en,E5x_pooled,0,0.9993016719818115,1,,,,
D3_08178,G_02245,en,E5x_pooled,0,0.9992038607597351,1,,,,
D3_08181,G_04993,en,E5x_pooled,0,0.9992479681968689,1,,,,
D3_08183,G_04994,en,E5x_pooled,0,0.999160885810852,1,,,,
D3_08184,G_02245,en,E5x_pooled,0,0.9991057515144348,1,,,,
D3_08185,G_02239,en,E5x_pooled,0,0.9991863369941711,1,,,,
D3_08186,G_04651,en,E5x_pooled,0,0.9992928504943848,1,,,,
D3_08187,G_04998,en,E5x_pooled,0,0.9989280104637146,1,,,,
D3_08188,G_03281,en,E5x_pooled,0,0.9992693066596985,1,,,,
D3_08189,G_05000,en,E5x_pooled,0,0.9992596507072449,1,,,,
D3_08190,G_05001,en,E5x_pooled,0,0.9992285966873169,1,,,,
D3_08191,G_05002,en,E5x_pooled,0,0.9991482496261597,1,,,,
D3_08192,G_05003,en,E5x_pooled,0,0.9991771578788757,1,,,,
D3_08193,G_05004,en,E5x_pooled,0,0.9990381002426147,1,,,,
D3_08194,G_05005,en,E5x_pooled,0,0.9991523027420044,1,,,,
D3_08275,G_05006,en,E5x_pooled,0,0.9988860487937927,1,,,,
D3_08276,G_05007,en,E5x_pooled,0,0.9990918636322021,1,,,,
D3_08277,G_05008,en,E5x_pooled,0,0.9982144832611084,1,,,,
D3_08278,G_05009,en,E5x_pooled,0,0.9991113543510437,1,,,,
D3_08279,G_05010,en,E5x_pooled,0,0.9992450475692749,1,,,,
D3_08280,G_05011,en,E5x_pooled,0,0.9988129138946533,1,,,,
D3_08282,G_03219,en,E5x_pooled,0,0.9990705847740173,1,,,,
D3_08283,G_05013,en,E5x_pooled,0,0.9988258481025696,1,,,,
D3_08284,G_02363,en,E5x_pooled,0,0.9991656541824341,1,,,,
D3_08285,G_05015,en,E5x_pooled,0,0.9991503953933716,1,,,,
D3_08286,G_02364,en,E5x_pooled,0,0.9991457462310791,1,,,,
D3_08287,G_05017,en,E5x_pooled,0,0.9991403818130493,1,,,,
D3_08289,G_02354,en,E5x_pooled,0,0.9985660910606384,1,,,,
D3_08290,G_05019,en,E5x_pooled,0,0.9991942048072815,1,,,,
D3_08291,G_03230,en,E5x_pooled,0,0.9992315769195557,1,,,,
D3_08292,G_05021,en,E5x_pooled,0,0.9991551637649536,1,,,,
D3_08293,G_03751,en,E5x_pooled,0,0.9991545677185059,1,,,,
D3_08295,G_03750,en,E5x_pooled,0,0.9991216063499451,1,,,,
D3_08297,G_02391,en,E5x_pooled,0,0.999261200428009,1,,,,
D3_08298,G_02364,en,E5x_pooled,0,0.999257504940033,1,,,,
D3_08299,G_05026,en,E5x_pooled,0,0.999104917049408,1,,,,
D3_08300,G_05027,en,E5x_pooled,0,0.999085545539856,1,,,,
D3_08301,G_05028,en,E5x_pooled,0,0.9983834028244019,1,,,,
D3_08302,G_05029,en,E5x_pooled,0,0.9991714954376221,1,,,,
D3_08303,G_05030,en,E5x_pooled,0,0.9993005990982056,1,,,,
D3_08304,G_05031,en,E5x_pooled,0,0.9992675185203552,1,,,,
D3_08305,G_05032,en,E5x_pooled,0,0.9988260865211487,1,,,,
D3_08306,G_05033,en,E5x_pooled,0,0.9988273978233337,1,,,,
D3_08307,G_05034,en,E5x_pooled,0,0.9984795451164246,1,,,,
D3_08308,G_05035,en,E5x_pooled,0,0.9991807341575623,1,,,,
D3_08309,G_05036,en,E5x_pooled,0,0.999067485332489,1,,,,
D3_08310,G_05037,en,E5x_pooled,0,0.9991520643234253,1,,,,
D3_08392,G_05038,en,E5x_pooled,0,0.9991717338562012,1,,,,
D3_08393,G_05039,en,E5x_pooled,0,0.9991636276245117,1,,,,
D3_08394,G_05040,en,E5x_pooled,0,0.9991970658302307,1,,,,
D3_08395,G_05041,en,E5x_pooled,0,0.9991089701652527,1,,,,
D3_08396,G_05042,en,E5x_pooled,0,0.9989364743232727,1,,,,
D3_08397,G_05043,en,E5x_pooled,0,0.9991921782493591,1,,,,
D3_08398,G_04639,en,E5x_pooled,0,0.9991130232810974,1,,,,
D3_08400,G_02235,en,E5x_pooled,0,0.9991903901100159,1,,,,
D3_08402,G_03183,en,E5x_pooled,0,0.99913090467453,1,,,,
D3_08403,G_04642,en,E5x_pooled,0,0.9992402791976929,1,,,,
D3_08404,G_04639,en,E5x_pooled,0,0.9992318153381348,1,,,,
D3_08405,G_02238,en,E5x_pooled,0,0.999261200428009,1,,,,
D3_08407,G_02277,en,E5x_pooled,0,0.9991244673728943,1,,,,
D3_08408,G_05051,en,E5x_pooled,0,0.9991729855537415,1,,,,
D3_08409,G_04642,en,E5x_pooled,0,0.9993007183074951,1,,,,
D3_08414,G_05053,en,E5x_pooled,0,0.9991499185562134,1,,,,
D3_08416,G_04639,en,E5x_pooled,0,0.9990376234054565,1,,,,
D3_08417,G_05055,en,E5x_pooled,0,0.999254047870636,1,,,,
D3_08419,G_05056,en,E5x_pooled,0,0.9990704655647278,1,,,,
D3_08420,G_05057,en,E5x_pooled,0,0.9992330074310303,1,,,,
D3_08421,G_02468,en,E5x_pooled,0,0.9989922642707825,1,,,,
D3_08422,G_05059,en,E5x_pooled,0,0.9987597465515137,1,,,,
D3_08423,G_05060,en,E5x_pooled,0,0.999220609664917,1,,,,
D3_08424,G_02235,en,E5x_pooled,0,0.9991410970687866,1,,,,
D3_08425,G_05062,en,E5x_pooled,0,0.9991368651390076,1,,,,
D3_08426,G_05063,en,E5x_pooled,0,0.9989833235740662,1,,,,
D3_08427,G_05064,en,E5x_pooled,0,0.9988657236099243,1,,,,
D3_08508,G_05065,en,E5x_pooled,0,0.9992004036903381,1,,,,
D3_08509,G_05066,en,E5x_pooled,0,0.9990528225898743,1,,,,
D3_08510,G_05067,en,E5x_pooled,0,0.9988893866539001,1,,,,
D3_08511,G_03806,en,E5x_pooled,0,0.9992313385009766,1,,,,
D3_08512,G_05069,en,E5x_pooled,0,0.999247670173645,1,,,,
D3_08513,G_05070,en,E5x_pooled,0,0.9992128610610962,1,,,,
D3_08514,G_02501,en,E5x_pooled,0,0.9990906715393066,1,,,,
D3_08515,G_02493,en,E5x_pooled,0,0.9990156888961792,1,,,,
D3_08516,G_02502,en,E5x_pooled,0,0.9991934895515442,1,,,,
D3_08517,G_03806,en,E5x_pooled,0,0.9992628693580627,1,,,,
D3_08518,G_02508,en,E5x_pooled,0,0.9991876482963562,1,,,,
D3_08519,G_02509,en,E5x_pooled,0,0.9991412162780762,1,,,,
D3_08520,G_02501,en,E5x_pooled,0,0.999167799949646,1,,,,
D3_08521,G_02493,en,E5x_pooled,0,0.9991052746772766,1,,,,
D3_08522,G_02502,en,E5x_pooled,0,0.9989643096923828,1,,,,
D3_08523,G_03806,en,E5x_pooled,0,0.9990160465240479,1,,,,
D3_08524,G_02508,en,E5x_pooled,0,0.9993033409118652,1,,,,
D3_08525,G_05082,en,E5x_pooled,0,0.9991911053657532,1,,,,
D3_08528,G_05083,en,E5x_pooled,0,0.999174177646637,1,,,,
D3_08529,G_05084,en,E5x_pooled,0,0.999201238155365,1,,,,
D3_08530,G_05085,en,E5x_pooled,0,0.9992223978042603,1,,,,
D3_08532,G_05086,en,E5x_pooled,0,0.9990313053131104,1,,,,
D3_08533,G_02493,en,E5x_pooled,0,0.9990997314453125,1,,,,
D3_08534,G_05088,en,E5x_pooled,0,0.9989755153656006,1,,,,
D3_08535,G_03806,en,E5x_pooled,0,0.9991806149482727,1,,,,
D3_08536,G_05090,en,E5x_pooled,0,0.999244213104248,1,,,,
D3_08537,G_02509,en,E5x_pooled,0,0.999212384223938,1,,,,
D3_08538,G_05092,en,E5x_pooled,0,0.9992102384567261,1,,,,
D3_08539,G_05093,en,E5x_pooled,0,0.9990085959434509,1,,,,
D3_08540,G_05094,en,E5x_pooled,0,0.9991801381111145,1,,,,
D3_08541,G_05095,en,E5x_pooled,0,0.9990725517272949,1,,,,
D3_08542,G_05096,en,E5x_pooled,0,0.9991241097450256,1,,,,
D3_08543,G_05097,en,E5x_pooled,0,0.9992043375968933,1,,,,
D3_08624,G_05098,en,E5x_pooled,0,0.9990342855453491,1,,,,
D3_08625,G_05099,en,E5x_pooled,0,0.9991425275802612,1,,,,
D3_08626,G_05100,en,E5x_pooled,0,0.9992386102676392,1,,,,
D3_08627,G_05101,en,E5x_pooled,0,0.9991588592529297,1,,,,
D3_08628,G_05102,en,E5x_pooled,0,0.999232292175293,1,,,,
D3_08629,G_05103,en,E5x_pooled,0,0.9992938041687012,1,,,,
D3_08630,G_03339,en,E5x_pooled,0,0.9993137121200562,1,,,,
D3_08631,G_02610,en,E5x_pooled,0,0.9992356300354004,1,,,,
D3_08632,G_04271,en,E5x_pooled,0,0.999259889125824,1,,,,
D3_08633,G_02622,en,E5x_pooled,0,0.9992892742156982,1,,,,
D3_08634,G_02619,en,E5x_pooled,0,0.9992765784263611,1,,,,
D3_08635,G_05109,en,E5x_pooled,0,0.999218225479126,1,,,,
D3_08636,G_05110,en,E5x_pooled,0,0.9992693066596985,1,,,,
D3_08637,G_05111,en,E5x_pooled,0,0.9992092251777649,1,,,,
D3_08638,G_04271,en,E5x_pooled,0,0.9992340803146362,1,,,,
D3_08639,G_05113,en,E5x_pooled,0,0.9993079900741577,1,,,,
D3_08640,G_02619,en,E5x_pooled,0,0.9992479681968689,1,,,,
D3_08641,G_02615,en,E5x_pooled,0,0.999306321144104,1,,,,
D3_08642,G_04708,en,E5x_pooled,0,0.9993005990982056,1,,,,
D3_08643,G_04281,en,E5x_pooled,0,0.9992585778236389,1,,,,
D3_08644,G_04271,en,E5x_pooled,0,0.9993182420730591,1,,,,
D3_08645,G_05119,en,E5x_pooled,0,0.9992979764938354,1,,,,
D3_08646,G_05120,en,E5x_pooled,0,0.9993047714233398,1,,,,
D3_08647,G_03851,en,E5x_pooled,0,0.9992838501930237,1,,,,
D3_08648,G_05122,en,E5x_pooled,0,0.9991833567619324,1,,,,
D3_08649,G_05123,en,E5x_pooled,0,0.9991375207901001,1,,,,
D3_08650,G_03339,en,E5x_pooled,0,0.999330997467041,1,,,,
D3_08651,G_05125,en,E5x_pooled,0,0.9992527365684509,1,,,,
D3_08652,G_02619,en,E5x_pooled,0,0.9993137121200562,1,,,,
D3_08653,G_02615,en,E5x_pooled,0,0.9992275238037109,1,,,,
D3_08654,G_05128,en,E5x_pooled,0,0.9991397857666016,1,,,,
D3_08655,G_05129,en,E5x_pooled,0,0.9992522597312927,1,,,,
D3_08656,G_05130,en,E5x_pooled,0,0.9992337226867676,1,,,,
D3_08657,G_05131,en,E5x_pooled,0,0.9991826415061951,1,,,,
D3_08658,G_05132,en,E5x_pooled,0,0.9992579817771912,1,,,,
D3_08659,G_05133,en,E5x_pooled,0,0.9992952346801758,1,,,,
D3_08740,G_05134,en,E5x_pooled,0,0.9989678859710693,1,,,,
D3_08741,G_05135,en,E5x_pooled,0,0.9991074204444885,1,,,,
D3_08742,G_05136,en,E5x_pooled,0,0.9988238215446472,1,,,,
D3_08743,G_05137,en,E5x_pooled,0,0.9991558790206909,1,,,,
D3_08744,G_05138,en,E5x_pooled,0,0.9992220401763916,1,,,,
D3_08745,G_05139,en,E5x_pooled,0,0.9991600513458252,1,,,,
D3_08746,G_03387,en,E5x_pooled,0,0.9992465972900391,1,,,,
D3_08747,G_03384,en,E5x_pooled,0,0.9990108013153076,1,,,,
D3_08748,G_05142,en,E5x_pooled,0,0.9991328120231628,1,,,,
D3_08749,G_02760,en,E5x_pooled,0,0.9991887211799622,1,,,,
D3_08750,G_05144,en,E5x_pooled,0,0.9991025924682617,1,,,,
D3_08751,G_05145,en,E5x_pooled,0,0.9991016387939453,1,,,,
D3_08752,G_05146,en,E5x_pooled,0,0.9992203712463379,1,,,,
D3_08753,G_03384,en,E5x_pooled,0,0.9988794922828674,1,,,,
D3_08754,G_05148,en,E5x_pooled,0,0.9992365837097168,1,,,,
D3_08755,G_05149,en,E5x_pooled,0,0.9992606043815613,1,,,,
D3_08756,G_05150,en,E5x_pooled,0,0.9992569088935852,1,,,,
D3_08757,G_05151,en,E5x_pooled,0,0.9991338849067688,1,,,,
D3_08762,G_05152,en,E5x_pooled,0,0.9991149306297302,1,,,,
D3_08763,G_04773,en,E5x_pooled,0,0.9991673231124878,1,,,,
D3_08764,G_05154,en,E5x_pooled,0,0.9992417097091675,1,,,,
D3_08765,G_05155,en,E5x_pooled,0,0.9990150928497314,1,,,,
D3_08766,G_05156,en,E5x_pooled,0,0.9991232752799988,1,,,,
D3_08767,G_05157,en,E5x_pooled,0,0.9990377426147461,1,,,,
D3_08768,G_02735,en,E5x_pooled,0,0.9989805817604065,1,,,,
D3_08769,G_05159,en,E5x_pooled,0,0.9988441467285156,1,,,,
D3_08770,G_05160,en,E5x_pooled,0,0.9990442395210266,1,,,,
D3_08771,G_05161,en,E5x_pooled,0,0.9990237951278687,1,,,,
D3_08772,G_05162,en,E5x_pooled,0,0.9987975358963013,1,,,,
D3_08773,G_05163,en,E5x_pooled,0,0.9992352724075317,1,,,,
D3_08774,G_05164,en,E5x_pooled,0,0.9991987347602844,1,,,,
D3_08775,G_05165,en,E5x_pooled,0,0.9991620779037476,1,,,,
D3_08856,G_05166,en,E5x_pooled,0,0.999106228351593,1,,,,
D3_08857,G_05167,en,E5x_pooled,0,0.9990917444229126,1,,,,
D3_08858,G_02726,en,E5x_pooled,0,0.9986483454704285,1,,,,
D3_08859,G_05169,en,E5x_pooled,0,0.9989967942237854,1,,,,
D3_08860,G_05170,en,E5x_pooled,0,0.9991863369941711,1,,,,
D3_08861,G_05171,en,E5x_pooled,0,0.9989042282104492,1,,,,
D3_08862,G_02827,en,E5x_pooled,0,0.9991706609725952,1,,,,
D3_08863,G_05173,en,E5x_pooled,0,0.9991710186004639,1,,,,
D3_08864,G_05174,en,E5x_pooled,0,0.9989295601844788,1,,,,
D3_08865,G_02732,en,E5x_pooled,0,0.9991536140441895,1,,,,
D3_08866,G_02730,en,E5x_pooled,0,0.9991565942764282,1,,,,
D3_08867,G_05177,en,E5x_pooled,0,0.9991533756256104,1,,,,
D3_08868,G_02827,en,E5x_pooled,0,0.9990237951278687,1,,,,
D3_08869,G_03915,en,E5x_pooled,0,0.9991589784622192,1,,,,
D3_08870,G_05180,en,E5x_pooled,0,0.9992333650588989,1,,,,
D3_08871,G_05181,en,E5x_pooled,0,0.9993100166320801,1,,,,
D3_08872,G_05182,en,E5x_pooled,0,0.9992128610610962,1,,,,
D3_08873,G_02738,en,E5x_pooled,0,0.9991399049758911,1,,,,
D3_08875,G_03915,en,E5x_pooled,0,0.9991695880889893,1,,,,
D3_08876,G_05185,en,E5x_pooled,0,0.9991125464439392,1,,,,
D3_08877,G_04741,en,E5x_pooled,0,0.9990527033805847,1,,,,
D3_08878,G_02761,en,E5x_pooled,0,0.9991681575775146,1,,,,
D3_08880,G_05188,en,E5x_pooled,0,0.998936116695404,1,,,,
D3_08881,G_05189,en,E5x_pooled,0,0.9991760849952698,1,,,,
D3_08882,G_05190,en,E5x_pooled,0,0.9989413619041443,1,,,,
D3_08883,G_05191,en,E5x_pooled,0,0.9991957545280457,1,,,,
D3_08884,G_05192,en,E5x_pooled,0,0.9991821646690369,1,,,,
D3_08885,G_05193,en,E5x_pooled,0,0.9990819692611694,1,,,,
D3_08886,G_05194,en,E5x_pooled,0,0.9991555213928223,1,,,,
D3_08887,G_05195,en,E5x_pooled,0,0.9988131523132324,1,,,,
D3_08888,G_05196,en,E5x_pooled,0,0.9988976716995239,1,,,,
D3_08889,G_05197,en,E5x_pooled,0,0.999085545539856,1,,,,
D3_08890,G_05198,en,E5x_pooled,0,0.9992364645004272,1,,,,
D3_08891,G_05199,en,E5x_pooled,0,0.9988576173782349,1,,,,
D3_08972,G_05200,en,E5x_pooled,0,0.9981891512870789,1,,,,
D3_08973,G_05201,en,E5x_pooled,0,0.9985089898109436,1,,,,
D3_08974,G_05202,en,E5x_pooled,0,0.9983305335044861,1,,,,
D3_08975,G_05203,en,E5x_pooled,0,0.9987951517105103,1,,,,
D3_08976,G_05204,en,E5x_pooled,0,0.9987021684646606,1,,,,
D3_08977,G_05205,en,E5x_pooled,0,0.999032735824585,1,,,,
D3_08978,G_05206,en,E5x_pooled,0,0.9990777969360352,1,,,,
D3_08979,G_05207,en,E5x_pooled,0,0.9990358352661133,1,,,,
D3_08980,G_05208,en,E5x_pooled,0,0.9989573955535889,1,,,,
D3_08981,G_05209,en,E5x_pooled,0,0.9991484880447388,1,,,,
D3_08982,G_05210,en,E5x_pooled,0,0.9988420605659485,1,,,,
D3_08983,G_02871,en,E5x_pooled,0,0.9991814494132996,1,,,,
D3_08984,G_05212,en,E5x_pooled,0,0.9990664124488831,1,,,,
D3_08985,G_05213,en,E5x_pooled,0,0.9977280497550964,1,,,,
D3_08986,G_03470,en,E5x_pooled,0,0.9985095858573914,1,,,,
D3_08987,G_02872,en,E5x_pooled,0,0.9989728927612305,1,,,,
D3_08988,G_02864,en,E5x_pooled,0,0.9986532926559448,1,,,,
D3_08989,G_05217,en,E5x_pooled,0,0.9990680813789368,1,,,,
D3_08990,G_05218,en,E5x_pooled,0,0.9991208910942078,1,,,,
D3_08991,G_05219,en,E5x_pooled,0,0.9990623593330383,1,,,,
D3_08993,G_05220,en,E5x_pooled,0,0.9990541338920593,1,,,,
D3_08995,G_05221,en,E5x_pooled,0,0.9991915822029114,1,,,,
D3_08996,G_05222,en,E5x_pooled,0,0.9985609650611877,1,,,,
D3_08997,G_05223,en,E5x_pooled,0,0.9972100853919983,1,,,,
D3_08998,G_05224,en,E5x_pooled,0,0.998897910118103,1,,,,
D3_08999,G_05225,en,E5x_pooled,0,0.9990434050559998,1,,,,
D3_09000,G_05226,en,E5x_pooled,0,0.9987109899520874,1,,,,
D3_09001,G_05227,en,E5x_pooled,0,0.9991037249565125,1,,,,
D3_09002,G_05228,en,E5x_pooled,0,0.9979503750801086,1,,,,
D3_09003,G_05229,en,E5x_pooled,0,0.998884379863739,1,,,,
D3_09004,G_05230,en,E5x_pooled,0,0.9984227418899536,1,,,,
D3_09005,G_05231,en,E5x_pooled,0,0.9989742040634155,1,,,,
D3_09006,G_05232,en,E5x_pooled,0,0.9989283680915833,1,,,,
D3_09007,G_05233,en,E5x_pooled,0,0.9991229176521301,1,,,,
D3_09088,G_05234,en,E5x_pooled,0,0.9949794411659241,1,,,,
D3_09089,G_05235,en,E5x_pooled,0,0.9984214305877686,1,,,,
D3_09090,G_05236,en,E5x_pooled,0,0.9970659613609314,1,,,,
D3_09091,G_05237,en,E5x_pooled,0,0.9992291927337646,1,,,,
D3_09092,G_05238,en,E5x_pooled,0,0.9991384744644165,1,,,,
D3_09093,G_05239,en,E5x_pooled,0,0.9990116357803345,1,,,,
D3_09094,G_01666,en,E5x_pooled,0,0.9986873269081116,1,,,,
D3_09095,G_01671,en,E5x_pooled,0,0.9988850951194763,1,,,,
D3_09096,G_01662,en,E5x_pooled,0,0.9988892674446106,1,,,,
D3_09097,G_01677,en,E5x_pooled,0,0.9989049434661865,1,,,,
D3_09098,G_01698,en,E5x_pooled,0,0.9990648627281189,1,,,,
D3_09099,G_01678,en,E5x_pooled,0,0.9991492033004761,1,,,,
D3_09100,G_05246,en,E5x_pooled,0,0.9991452693939209,1,,,,
D3_09101,G_05247,en,E5x_pooled,0,0.9986704587936401,1,,,,
D3_09102,G_05248,en,E5x_pooled,0,0.9991162419319153,1,,,,
D3_09103,G_05249,en,E5x_pooled,0,0.9992139339447021,1,,,,
D3_09104,G_05250,en,E5x_pooled,0,0.9991747736930847,1,,,,
D3_09105,G_05251,en,E5x_pooled,0,0.9992161989212036,1,,,,
D3_09106,G_03983,en,E5x_pooled,0,0.9989795088768005,1,,,,
D3_09107,G_01671,en,E5x_pooled,0,0.999072790145874,1,,,,
D3_09109,G_01677,en,E5x_pooled,0,0.9991477727890015,1,,,,
D3_09110,G_01698,en,E5x_pooled,0,0.9992031455039978,1,,,,
D3_09111,G_01678,en,E5x_pooled,0,0.9992056488990784,1,,,,
D3_09112,G_05257,en,E5x_pooled,0,0.9988877177238464,1,,,,
D3_09113,G_05258,en,E5x_pooled,0,0.9992108345031738,1,,,,
D3_09114,G_05259,en,E5x_pooled,0,0.9697870016098022,1,,,,
D3_09115,G_05260,en,E5x_pooled,0,0.9991844296455383,1,,,,
D3_09116,G_05261,en,E5x_pooled,0,0.9991999268531799,1,,,,
D3_09117,G_01678,en,E5x_pooled,0,0.9990445971488953,1,,,,
D3_09118,G_05263,en,E5x_pooled,0,0.9979246854782104,1,,,,
D3_09119,G_05264,en,E5x_pooled,0,0.9985694885253906,1,,,,
D3_09120,G_05265,en,E5x_pooled,0,0.9960030913352966,1,,,,
D3_09121,G_05266,en,E5x_pooled,0,0.9991154074668884,1,,,,
D3_09122,G_05267,en,E5x_pooled,0,0.999064028263092,1,,,,
D3_09123,G_05268,en,E5x_pooled,0,0.9989664554595947,1,,,,
D3_09203,G_05269,en,E5x_pooled,0,0.9987727999687195,1,,,,
D3_09204,G_05270,en,E5x_pooled,0,0.998936116695404,1,,,,
D3_09206,G_05271,en,E5x_pooled,0,0.9989866614341736,1,,,,
D3_09207,G_05272,en,E5x_pooled,0,0.9991247057914734,1,,,,
D3_09208,G_05273,en,E5x_pooled,0,0.9992859959602356,1,,,,
D3_09209,G_01803,en,E5x_pooled,0,0.9990805387496948,1,,,,
D3_09210,G_01785,en,E5x_pooled,0,0.9991305470466614,1,,,,
D3_09211,G_01780,en,E5x_pooled,0,0.999128520488739,1,,,,
D3_09212,G_01793,en,E5x_pooled,0,0.9991063475608826,1,,,,
D3_09213,G_01790,en,E5x_pooled,0,0.9991723299026489,1,,,,
D3_09214,G_03045,en,E5x_pooled,0,0.9992303848266602,1,,,,
D3_09215,G_01815,en,E5x_pooled,0,0.9991948008537292,1,,,,
D3_09216,G_05281,en,E5x_pooled,0,0.9992716908454895,1,,,,
D3_09217,G_05282,en,E5x_pooled,0,0.9991142153739929,1,,,,
D3_09218,G_05283,en,E5x_pooled,0,0.9991481304168701,1,,,,
D3_09219,G_05284,en,E5x_pooled,0,0.9991853833198547,1,,,,
D3_09221,G_05285,en,E5x_pooled,0,0.9989438652992249,1,,,,
D3_09222,G_05286,en,E5x_pooled,0,0.9991412162780762,1,,,,
D3_09224,G_05287,en,E5x_pooled,0,0.9991421699523926,1,,,,
D3_09225,G_05288,en,E5x_pooled,0,0.9991698265075684,1,,,,
D3_09226,G_05289,en,E5x_pooled,0,0.9992432594299316,1,,,,
D3_09227,G_05290,en,E5x_pooled,0,0.9986322522163391,1,,,,
D3_09228,G_05291,en,E5x_pooled,0,0.9983054399490356,1,,,,
D3_09230,G_05292,en,E5x_pooled,0,0.9991575479507446,1,,,,
D3_09231,G_05293,en,E5x_pooled,0,0.9990134239196777,1,,,,
D3_09232,G_05294,en,E5x_pooled,0,0.9992156028747559,1,,,,
D3_09253,G_05295,en,E5x_pooled,0,0.9989050626754761,1,,,,
D3_09254,G_05296,en,E5x_pooled,0,0.9986827969551086,1,,,,
D3_09255,G_05297,en,E5x_pooled,0,0.9990180730819702,1,,,,
D3_09256,G_05298,en,E5x_pooled,0,0.9990286827087402,1,,,,
D3_09257,G_05299,en,E5x_pooled,0,0.9990550875663757,1,,,,
D3_09258,G_05300,en,E5x_pooled,0,0.999178946018219,1,,,,
D3_09259,G_01895,en,E5x_pooled,0,0.9989653825759888,1,,,,
D3_09260,G_05302,en,E5x_pooled,0,0.9989007711410522,1,,,,
D3_09261,G_01899,en,E5x_pooled,0,0.9991975426673889,1,,,,
D3_09262,G_01909,en,E5x_pooled,0,0.9990580677986145,1,,,,
D3_09263,G_05305,en,E5x_pooled,0,0.9990150928497314,1,,,,
D3_09264,G_01906,en,E5x_pooled,0,0.9990791082382202,1,,,,
D3_09265,G_05307,en,E5x_pooled,0,0.999213457107544,1,,,,
D3_09266,G_05308,en,E5x_pooled,0,0.9991111159324646,1,,,,
D3_09267,G_05309,en,E5x_pooled,0,0.9993026256561279,1,,,,
D3_09268,G_05310,en,E5x_pooled,0,0.9993175268173218,1,,,,
D3_09269,G_05311,en,E5x_pooled,0,0.9992135763168335,1,,,,
D3_09270,G_05312,en,E5x_pooled,0,0.9993013143539429,1,,,,
D3_09271,G_01895,en,E5x_pooled,0,0.9990602135658264,1,,,,
D3_09273,G_05314,en,E5x_pooled,0,0.9992623925209045,1,,,,
D3_09274,G_01909,en,E5x_pooled,0,0.9991136193275452,1,,,,
D3_09275,G_05316,en,E5x_pooled,0,0.9990639090538025,1,,,,
D3_09276,G_05317,en,E5x_pooled,0,0.9991316199302673,1,,,,
D3_09277,G_05318,en,E5x_pooled,0,0.9992009997367859,1,,,,
D3_09278,G_05319,en,E5x_pooled,0,0.9991795420646667,1,,,,
D3_09279,G_05320,en,E5x_pooled,0,0.9992889165878296,1,,,,
D3_09280,G_01909,en,E5x_pooled,0,0.9990496039390564,1,,,,
D3_09281,G_05322,en,E5x_pooled,0,0.9991822838783264,1,,,,
D3_09282,G_05323,en,E5x_pooled,0,0.999251663684845,1,,,,
D3_09283,G_05324,en,E5x_pooled,0,0.9989904761314392,1,,,,
D3_09284,G_05325,en,E5x_pooled,0,0.9989228844642639,1,,,,
D3_09285,G_05326,en,E5x_pooled,0,0.9992507100105286,1,,,,
D3_09286,G_05327,en,E5x_pooled,0,0.9991381168365479,1,,,,
D3_09287,G_05328,en,E5x_pooled,0,0.9988414645195007,1,,,,
D3_09288,G_05329,en,E5x_pooled,0,0.999154806137085,1,,,,
D3_09369,G_05330,en,E5x_pooled,0,0.9992305040359497,1,,,,
D3_09370,G_05331,en,E5x_pooled,0,0.9992175102233887,1,,,,
D3_09371,G_05332,en,E5x_pooled,0,0.9991686344146729,1,,,,
D3_09372,G_05333,en,E5x_pooled,0,0.9991036057472229,1,,,,
D3_09373,G_05334,en,E5x_pooled,0,0.9991512298583984,1,,,,
D3_09374,G_05335,en,E5x_pooled,0,0.9991914629936218,1,,,,
D3_09375,G_02007,en,E5x_pooled,0,0.9990277290344238,1,,,,
D3_09376,G_02008,en,E5x_pooled,0,0.999115526676178,1,,,,
D3_09377,G_02013,en,E5x_pooled,0,0.9991468191146851,1,,,,
D3_09378,G_02023,en,E5x_pooled,0,0.9992130994796753,1,,,,
D3_09379,G_02016,en,E5x_pooled,0,0.9991028308868408,1,,,,
D3_09380,G_03116,en,E5x_pooled,0,0.9990718364715576,1,,,,
D3_09381,G_05342,en,E5x_pooled,0,0.9992499947547913,1,,,,
D3_09382,G_05343,en,E5x_pooled,0,0.9992546439170837,1,,,,
D3_09383,G_05344,en,E5x_pooled,0,0.9992650151252747,1,,,,
D3_09384,G_02023,en,E5x_pooled,0,0.9992747902870178,1,,,,
D3_09385,G_05346,en,E5x_pooled,0,0.9992573857307434,1,,,,
D3_09386,G_05347,en,E5x_pooled,0,0.9992851614952087,1,,,,
D3_09390,G_02023,en,E5x_pooled,0,0.999244213104248,1,,,,
D3_09393,G_05349,en,E5x_pooled,0,0.999176561832428,1,,,,
D3_09394,G_05350,en,E5x_pooled,0,0.9990867376327515,1,,,,
D3_09395,G_05351,en,E5x_pooled,0,0.9992396831512451,1,,,,
D3_09396,G_05352,en,E5x_pooled,0,0.9991570711135864,1,,,,
D3_09397,G_05353,en,E5x_pooled,0,0.999122679233551,1,,,,
D3_09398,G_05354,en,E5x_pooled,0,0.9991090893745422,1,,,,
D3_09399,G_05355,en,E5x_pooled,0,0.9991494417190552,1,,,,
D3_09400,G_05356,en,E5x_pooled,0,0.9990845918655396,1,,,,
D3_09401,G_05357,en,E5x_pooled,0,0.9991488456726074,1,,,,
D3_09402,G_05358,en,E5x_pooled,0,0.9991376399993896,1,,,,
D3_09403,G_05359,en,E5x_pooled,0,0.9990962743759155,1,,,,
D3_09404,G_05360,en,E5x_pooled,0,0.9990633130073547,1,,,,
D3_09486,G_05361,en,E5x_pooled,0,0.9992303848266602,1,,,,
D3_09487,G_05362,en,E5x_pooled,0,0.9990476965904236,1,,,,
D3_09488,G_05363,en,E5x_pooled,0,0.9990479350090027,1,,,,
D3_09489,G_05364,en,E5x_pooled,0,0.9990875720977783,1,,,,
D3_09490,G_05365,en,E5x_pooled,0,0.9988865256309509,1,,,,
D3_09491,G_05366,en,E5x_pooled,0,0.9991217255592346,1,,,,
D3_09492,G_02123,en,E5x_pooled,0,0.999119222164154,1,,,,
D3_09493,G_03150,en,E5x_pooled,0,0.998976469039917,1,,,,
D3_09494,G_02126,en,E5x_pooled,0,0.9991050362586975,1,,,,
D3_09495,G_02130,en,E5x_pooled,0,0.9991706609725952,1,,,,
D3_09496,G_02137,en,E5x_pooled,0,0.9991005659103394,1,,,,
D3_09497,G_02136,en,E5x_pooled,0,0.9991737008094788,1,,,,
D3_09498,G_05373,en,E5x_pooled,0,0.9992831349372864,1,,,,
D3_09499,G_05374,en,E5x_pooled,0,0.9991235136985779,1,,,,
D3_09500,G_05375,en,E5x_pooled,0,0.9991864562034607,1,,,,
D3_09501,G_05376,en,E5x_pooled,0,0.999186098575592,1,,,,
D3_09502,G_05377,en,E5x_pooled,0,0.9992762207984924,1,,,,
D3_09503,G_05378,en,E5x_pooled,0,0.9991337656974792,1,,,,
D3_09504,G_05379,en,E5x_pooled,0,0.9992018342018127,1,,,,
D3_09506,G_02126,en,E5x_pooled,0,0.9991832375526428,1,,,,
D3_09507,G_02130,en,E5x_pooled,0,0.9991658926010132,1,,,,
D3_09508,G_02137,en,E5x_pooled,0,0.999159574508667,1,,,,
D3_09510,G_05383,en,E5x_pooled,0,0.9991723299026489,1,,,,
D3_09511,G_03150,en,E5x_pooled,0,0.9987881779670715,1,,,,
D3_09512,G_05385,en,E5x_pooled,0,0.9991317391395569,1,,,,
D3_09513,G_05386,en,E5x_pooled,0,0.9991323351860046,1,,,,
D3_09514,G_05387,en,E5x_pooled,0,0.999133288860321,1,,,,
D3_09515,G_05388,en,E5x_pooled,0,0.9991587400436401,1,,,,
D3_09516,G_05389,en,E5x_pooled,0,0.9991976618766785,1,,,,
D3_09517,G_05390,en,E5x_pooled,0,0.998969316482544,1,,,,
D3_09518,G_05391,en,E5x_pooled,0,0.999117910861969,1,,,,
D3_09519,G_05392,en,E5x_pooled,0,0.9992050528526306,1,,,,
D3_09520,G_05393,en,E5x_pooled,0,0.9990838766098022,1,,,,
D3_09521,G_05394,en,E5x_pooled,0,0.9991620779037476,1,,,,
D3_09603,G_05395,en,E5x_pooled,0,0.9992251396179199,1,,,,
D3_09604,G_05396,en,E5x_pooled,0,0.9989109039306641,1,,,,
D3_09605,G_05397,en,E5x_pooled,0,0.999039351940155,1,,,,
D3_09606,G_05398,en,E5x_pooled,0,0.9990498423576355,1,,,,
D3_09607,G_05399,en,E5x_pooled,0,0.9990466237068176,1,,,,
D3_09608,G_05400,en,E5x_pooled,0,0.9992218017578125,1,,,,
D3_09609,G_02238,en,E5x_pooled,0,0.9992535710334778,1,,,,
D3_09610,G_02235,en,E5x_pooled,0,0.9991408586502075,1,,,,
D3_09611,G_02264,en,E5x_pooled,0,0.9991051554679871,1,,,,
D3_09612,G_02468,en,E5x_pooled,0,0.9991298317909241,1,,,,
D3_09613,G_02277,en,E5x_pooled,0,0.999100923538208,1,,,,
D3_09614,G_03178,en,E5x_pooled,0,0.9992558360099792,1,,,,
D3_09615,G_02238,en,E5x_pooled,0,0.9992808699607849,1,,,,
D3_09616,G_02235,en,E5x_pooled,0,0.999187171459198,1,,,,
D3_09617,G_05409,en,E5x_pooled,0,0.9992287158966064,1,,,,
D3_09618,G_05410,en,E5x_pooled,0,0.9992592930793762,1,,,,
D3_09619,G_05411,en,E5x_pooled,0,0.9991569519042969,1,,,,
D3_09620,G_05412,en,E5x_pooled,0,0.9992289543151855,1,,,,
D3_09625,G_02277,en,E5x_pooled,0,0.9991926550865173,1,,,,
D3_09627,G_05414,en,E5x_pooled,0,0.9992577433586121,1,,,,
D3_09628,G_05702,en,E5x_pooled,0,0.9990066885948181,1,,,,
D3_09629,G_05416,en,E5x_pooled,0,0.9990806579589844,1,,,,
D3_09630,G_05417,en,E5x_pooled,0,0.9992302656173706,1,,,,
D3_09631,G_05418,en,E5x_pooled,0,0.9992068409919739,1,,,,
D3_09632,G_05419,en,E5x_pooled,0,0.9992513060569763,1,,,,
D3_09633,G_05420,en,E5x_pooled,0,0.999238133430481,1,,,,
D3_09634,G_05421,en,E5x_pooled,0,0.9990701079368591,1,,,,
D3_09635,G_05397,en,E5x_pooled,0,0.9990381002426147,1,,,,
D3_09636,G_05423,en,E5x_pooled,0,0.9992234706878662,1,,,,
D3_09637,G_05424,en,E5x_pooled,0,0.9991389513015747,1,,,,
D3_09638,G_05425,en,E5x_pooled,0,0.9992129802703857,1,,,,
D3_09719,G_05426,en,E5x_pooled,0,0.9987745881080627,1,,,,
D3_09720,G_05427,en,E5x_pooled,0,0.9977149963378906,1,,,,
D3_09721,G_05428,en,E5x_pooled,0,0.9989159107208252,1,,,,
D3_09722,G_05429,en,E5x_pooled,0,0.9990935325622559,1,,,,
D3_09723,G_05430,en,E5x_pooled,0,0.9991193413734436,1,,,,
D3_09724,G_05431,en,E5x_pooled,0,0.9991752505302429,1,,,,
D3_09725,G_04180,en,E5x_pooled,0,0.9988921284675598,1,,,,
D3_09726,G_02354,en,E5x_pooled,0,0.9990930557250977,1,,,,
D3_09727,G_02372,en,E5x_pooled,0,0.9991016387939453,1,,,,
D3_09728,G_02368,en,E5x_pooled,0,0.999009370803833,1,,,,
D3_09729,G_02390,en,E5x_pooled,0,0.9990941286087036,1,,,,
D3_09730,G_02363,en,E5x_pooled,0,0.9991058707237244,1,,,,
D3_09731,G_05438,en,E5x_pooled,0,0.9991821646690369,1,,,,
D3_09732,G_05439,en,E5x_pooled,0,0.9977980852127075,1,,,,
D3_09733,G_05440,en,E5x_pooled,0,0.9991616010665894,1,,,,
D3_09734,G_05441,en,E5x_pooled,0,0.9989606142044067,1,,,,
D3_09735,G_05442,en,E5x_pooled,0,0.9992571473121643,1,,,,
D3_09736,G_05443,en,E5x_pooled,0,0.9991353154182434,1,,,,
D3_09737,G_04180,en,E5x_pooled,0,0.99906986951828,1,,,,
D3_09738,G_02354,en,E5x_pooled,0,0.9991205334663391,1,,,,
D3_09740,G_05446,en,E5x_pooled,0,0.9990862607955933,1,,,,
D3_09741,G_02390,en,E5x_pooled,0,0.9992358684539795,1,,,,
D3_09743,G_05448,en,E5x_pooled,0,0.9990711212158203,1,,,,
D3_09744,G_05449,en,E5x_pooled,0,0.9978354573249817,1,,,,
D3_09745,G_05450,en,E5x_pooled,0,0.998932421207428,1,,,,
D3_09746,G_05451,en,E5x_pooled,0,0.9989499449729919,1,,,,
D3_09747,G_05452,en,E5x_pooled,0,0.9988974332809448,1,,,,
D3_09748,G_05453,en,E5x_pooled,0,0.999004065990448,1,,,,
D3_09749,G_05454,en,E5x_pooled,0,0.9976314306259155,1,,,,
D3_09750,G_05455,en,E5x_pooled,0,0.9976517558097839,1,,,,
D3_09751,G_05456,en,E5x_pooled,0,0.9990710020065308,1,,,,
D3_09752,G_05457,en,E5x_pooled,0,0.9989445805549622,1,,,,
D3_09753,G_05458,en,E5x_pooled,0,0.9991507530212402,1,,,,
D3_09754,G_05459,en,E5x_pooled,0,0.9989271759986877,1,,,,
D3_09836,G_05460,en,E5x_pooled,0,0.9991999268531799,1,,,,
D3_09837,G_04635,en,E5x_pooled,0,0.9990249872207642,1,,,,
D3_09838,G_02235,en,E5x_pooled,0,0.9989659786224365,1,,,,
D3_09839,G_02468,en,E5x_pooled,0,0.999219536781311,1,,,,
D3_09840,G_05464,en,E5x_pooled,0,0.9991614818572998,1,,,,
D3_09841,G_05465,en,E5x_pooled,0,0.9989848732948303,1,,,,
D3_09842,G_02238,en,E5x_pooled,0,0.9992762207984924,1,,,,
D3_09843,G_04635,en,E5x_pooled,0,0.9991360306739807,1,,,,
D3_09844,G_02235,en,E5x_pooled,0,0.9992403984069824,1,,,,
D3_09845,G_02468,en,E5x_pooled,0,0.9991305470466614,1,,,,
D3_09846,G_02277,en,E5x_pooled,0,0.9991183876991272,1,,,,
D3_09847,G_03183,en,E5x_pooled,0,0.9991393089294434,1,,,,
D3_09848,G_05472,en,E5x_pooled,0,0.9992614388465881,1,,,,
D3_09849,G_05473,en,E5x_pooled,0,0.9988491535186768,1,,,,
D3_09850,G_02235,en,E5x_pooled,0,0.9992917776107788,1,,,,
D3_09851,G_05475,en,E5x_pooled,0,0.9992907047271729,1,,,,
D3_09852,G_02277,en,E5x_pooled,0,0.9991779923439026,1,,,,
D3_09853,G_03183,en,E5x_pooled,0,0.999021053314209,1,,,,
D3_09855,G_04635,en,E5x_pooled,0,0.9992653727531433,1,,,,
D3_09858,G_02277,en,E5x_pooled,0,0.9991551637649536,1,,,,
D3_09860,G_02238,en,E5x_pooled,0,0.9992806315422058,1,,,,
D3_09861,G_04635,en,E5x_pooled,0,0.9990537762641907,1,,,,
D3_09862,G_05482,en,E5x_pooled,0,0.9992764592170715,1,,,,
D3_09863,G_05483,en,E5x_pooled,0,0.9990682005882263,1,,,,
D3_09864,G_05484,en,E5x_pooled,0,0.9992146492004395,1,,,,
D3_09865,G_03183,en,E5x_pooled,0,0.999075174331665,1,,,,
D3_09866,G_05486,en,E5x_pooled,0,0.999261200428009,1,,,,
D3_09867,G_05487,en,E5x_pooled,0,0.9991456270217896,1,,,,
D3_09868,G_05488,en,E5x_pooled,0,0.9991784691810608,1,,,,
D3_09869,G_05489,en,E5x_pooled,0,0.9991886019706726,1,,,,
D3_09870,G_05490,en,E5x_pooled,0,0.9991590976715088,1,,,,
D3_09952,G_05491,en,E5x_pooled,0,0.999015212059021,1,,,,
D3_09953,G_05492,en,E5x_pooled,0,0.9992508292198181,1,,,,
D3_09954,G_05493,en,E5x_pooled,0,0.9992307424545288,1,,,,
D3_09955,G_05494,en,E5x_pooled,0,0.9992039799690247,1,,,,
D3_09956,G_05495,en,E5x_pooled,0,0.9991555213928223,1,,,,
D3_09957,G_05496,en,E5x_pooled,0,0.9990930557250977,1,,,,
D3_09958,G_02499,en,E5x_pooled,0,0.9991588592529297,1,,,,
D3_09959,G_02500,en,E5x_pooled,0,0.9991140961647034,1,,,,
D3_09960,G_02504,en,E5x_pooled,0,0.9992189407348633,1,,,,
D3_09961,G_02510,en,E5x_pooled,0,0.999249279499054,1,,,,
D3_09962,G_03808,en,E5x_pooled,0,0.999214768409729,1,,,,
D3_09963,G_02499,en,E5x_pooled,0,0.9992309808731079,1,,,,
D3_09964,G_05503,en,E5x_pooled,0,0.9992343187332153,1,,,,
D3_09965,G_05504,en,E5x_pooled,0,0.9990930557250977,1,,,,
D3_09966,G_05505,en,E5x_pooled,0,0.999211311340332,1,,,,
D3_09967,G_02510,en,E5x_pooled,0,0.9991738200187683,1,,,,
D3_09968,G_03808,en,E5x_pooled,0,0.9992714524269104,1,,,,
D3_09969,G_05508,en,E5x_pooled,0,0.9991359114646912,1,,,,
D3_09970,G_03319,en,E5x_pooled,0,0.9992554783821106,1,,,,
D3_09971,G_05510,en,E5x_pooled,0,0.9990973472595215,1,,,,
D3_09972,G_05511,en,E5x_pooled,0,0.9992662072181702,1,,,,
D3_09973,G_05512,en,E5x_pooled,0,0.9992777705192566,1,,,,
D3_09975,G_05513,en,E5x_pooled,0,0.9991611242294312,1,,,,
D3_09976,G_05514,en,E5x_pooled,0,0.9992037415504456,1,,,,
D3_09977,G_05515,en,E5x_pooled,0,0.9991694688796997,1,,,,
D3_09978,G_05516,en,E5x_pooled,0,0.9992270469665527,1,,,,
D3_09979,G_05517,en,E5x_pooled,0,0.999272882938385,1,,,,
D3_09980,G_05518,en,E5x_pooled,0,0.9991877675056458,1,,,,
D3_09981,G_05519,en,E5x_pooled,0,0.9989483952522278,1,,,,
D3_09982,G_05520,en,E5x_pooled,0,0.9991756081581116,1,,,,
D3_09983,G_05521,en,E5x_pooled,0,0.9989864230155945,1,,,,
D3_09984,G_05522,en,E5x_pooled,0,0.9991337656974792,1,,,,
D3_09985,G_05523,en,E5x_pooled,0,0.9991834759712219,1,,,,
D3_09986,G_05524,en,E5x_pooled,0,0.9990074038505554,1,,,,
D3_10067,G_05525,en,E5x_pooled,0,0.9992050528526306,1,,,,
D3_10068,G_05526,en,E5x_pooled,0,0.9989161491394043,1,,,,
D3_10069,G_05527,en,E5x_pooled,0,0.9987295269966125,1,,,,
D3_10070,G_05528,en,E5x_pooled,0,0.9990555644035339,1,,,,
D3_10071,G_05529,en,E5x_pooled,0,0.9991163611412048,1,,,,
D3_10072,G_05530,en,E5x_pooled,0,0.9992241859436035,1,,,,
D3_10073,G_01667,en,E5x_pooled,0,0.9992222785949707,1,,,,
D3_10074,G_01664,en,E5x_pooled,0,0.9989084005355835,1,,,,
D3_10075,G_02968,en,E5x_pooled,0,0.9991083741188049,1,,,,
D3_10076,G_01691,en,E5x_pooled,0,0.9992160797119141,1,,,,
D3_10077,G_01677,en,E5x_pooled,0,0.9991931319236755,1,,,,
D3_10078,G_01705,en,E5x_pooled,0,0.9991914629936218,1,,,,
D3_10079,G_05537,en,E5x_pooled,0,0.9991825222969055,1,,,,
D3_10081,G_05538,en,E5x_pooled,0,0.9991279244422913,1,,,,
D3_10082,G_05539,en,E5x_pooled,0,0.9991474151611328,1,,,,
D3_10083,G_05540,en,E5x_pooled,0,0.9992765784263611,1,,,,
D3_10084,G_01705,en,E5x_pooled,0,0.9992212057113647,1,,,,
D3_10086,G_01664,en,E5x_pooled,0,0.9991410970687866,1,,,,
D3_10087,G_03546,en,E5x_pooled,0,0.9992337226867676,1,,,,
D3_10089,G_05544,en,E5x_pooled,0,0.9991193413734436,1,,,,
D3_10090,G_01705,en,E5x_pooled,0,0.9991986155509949,1,,,,
D3_10091,G_05546,en,E5x_pooled,0,0.9991748929023743,1,,,,
D3_10092,G_01664,en,E5x_pooled,0,0.99907386302948,1,,,,
D3_10093,G_02968,en,E5x_pooled,0,0.9991866946220398,1,,,,
D3_10094,G_05549,en,E5x_pooled,0,0.9990853071212769,1,,,,
D3_10095,G_05550,en,E5x_pooled,0,0.9988735318183899,1,,,,
D3_10096,G_01705,en,E5x_pooled,0,0.9990718364715576,1,,,,
D3_10097,G_05552,en,E5x_pooled,0,0.9991913437843323,1,,,,
D3_10098,G_05553,en,E5x_pooled,0,0.9990209341049194,1,,,,
D3_10099,G_05554,en,E5x_pooled,0,0.9988608360290527,1,,,,
D3_10100,G_05555,en,E5x_pooled,0,0.9991405010223389,1,,,,
D3_10101,G_05556,en,E5x_pooled,0,0.9992014765739441,1,,,,
D3_10102,G_05557,en,E5x_pooled,0,0.9992173910140991,1,,,,
D3_10183,G_05558,en,E5x_pooled,0,0.9987875819206238,1,,,,
D3_10184,G_05559,en,E5x_pooled,0,0.9988148212432861,1,,,,
D3_10185,G_05560,en,E5x_pooled,0,0.9987154006958008,1,,,,
D3_10186,G_05561,en,E5x_pooled,0,0.9989560842514038,1,,,,
D3_10187,G_05562,en,E5x_pooled,0,0.999065101146698,1,,,,
D3_10188,G_05563,en,E5x_pooled,0,0.9992232322692871,1,,,,
D3_10189,G_01803,en,E5x_pooled,0,0.9991337656974792,1,,,,
D3_10190,G_05565,en,E5x_pooled,0,0.9992092847824097,1,,,,
D3_10191,G_01802,en,E5x_pooled,0,0.9991694688796997,1,,,,
D3_10192,G_03029,en,E5x_pooled,0,0.9992547631263733,1,,,,
D3_10193,G_01790,en,E5x_pooled,0,0.999151349067688,1,,,,
D3_10194,G_01794,en,E5x_pooled,0,0.9993226528167725,1,,,,
D3_10195,G_01815,en,E5x_pooled,0,0.9991583824157715,1,,,,
D3_10196,G_05571,en,E5x_pooled,0,0.9992386102676392,1,,,,
D3_10197,G_05572,en,E5x_pooled,0,0.9991118311882019,1,,,,
D3_10198,G_05573,en,E5x_pooled,0,0.9991474151611328,1,,,,
D3_10199,G_05284,en,E5x_pooled,0,0.9991946816444397,1,,,,
D3_10201,G_05575,en,E5x_pooled,0,0.9988400340080261,1,,,,
D3_10202,G_01785,en,E5x_pooled,0,0.9986298084259033,1,,,,
D3_10203,G_01802,en,E5x_pooled,0,0.9988479614257812,1,,,,
D3_10204,G_03029,en,E5x_pooled,0,0.9989151954650879,1,,,,
D3_10205,G_05579,en,E5x_pooled,0,0.9992214441299438,1,,,,
D3_10206,G_01794,en,E5x_pooled,0,0.9992464780807495,1,,,,
D3_10207,G_05581,en,E5x_pooled,0,0.9987180233001709,1,,,,
D3_10208,G_05582,en,E5x_pooled,0,0.9986617565155029,1,,,,
D3_10209,G_05583,en,E5x_pooled,0,0.9991304278373718,1,,,,
D3_10210,G_05584,en,E5x_pooled,0,0.9989469647407532,1,,,,
D3_10211,G_05585,en,E5x_pooled,0,0.9991573095321655,1,,,,
D3_10212,G_05586,en,E5x_pooled,0,0.9992473125457764,1,,,,
D3_10233,G_05587,en,E5x_pooled,0,0.9988678693771362,1,,,,
D3_10234,G_05588,en,E5x_pooled,0,0.9988880753517151,1,,,,
D3_10235,G_05589,en,E5x_pooled,0,0.9989295601844788,1,,,,
D3_10236,G_05590,en,E5x_pooled,0,0.9991402626037598,1,,,,
D3_10237,G_01902,en,E5x_pooled,0,0.9992135763168335,1,,,,
D3_10238,G_05592,en,E5x_pooled,0,0.9991065859794617,1,,,,
D3_10239,G_01893,en,E5x_pooled,0,0.9991549253463745,1,,,,
D3_10240,G_01890,en,E5x_pooled,0,0.999129593372345,1,,,,
D3_10241,G_01896,en,E5x_pooled,0,0.9991963505744934,1,,,,
D3_10242,G_01906,en,E5x_pooled,0,0.9990352392196655,1,,,,
D3_10243,G_01902,en,E5x_pooled,0,0.999180018901825,1,,,,
D3_10244,G_01901,en,E5x_pooled,0,0.9991490840911865,1,,,,
D3_10245,G_05599,en,E5x_pooled,0,0.9992172718048096,1,,,,
D3_10246,G_05600,en,E5x_pooled,0,0.9991971850395203,1,,,,
D3_10247,G_05601,en,E5x_pooled,0,0.9992885589599609,1,,,,
D3_10248,G_05602,en,E5x_pooled,0,0.9992190599441528,1,,,,
D3_10249,G_05603,en,E5x_pooled,0,0.9992635846138,1,,,,
D3_10250,G_05604,en,E5x_pooled,0,0.9992056488990784,1,,,,
D3_10251,G_01893,en,E5x_pooled,0,0.999138593673706,1,,,,
D3_10256,G_01901,en,E5x_pooled,0,0.9991826415061951,1,,,,
D3_10257,G_04900,en,E5x_pooled,0,0.9990264177322388,1,,,,
D3_10258,G_05608,en,E5x_pooled,0,0.9990679621696472,1,,,,
D3_10259,G_05609,en,E5x_pooled,0,0.9982991814613342,1,,,,
D3_10260,G_01906,en,E5x_pooled,0,0.9991239905357361,1,,,,
D3_10261,G_01902,en,E5x_pooled,0,0.9992095232009888,1,,,,
D3_10262,G_01901,en,E5x_pooled,0,0.9992203712463379,1,,,,
D3_10263,G_05613,en,E5x_pooled,0,0.998792290687561,1,,,,
D3_10264,G_05614,en,E5x_pooled,0,0.998848557472229,1,,,,
D3_10265,G_05615,en,E5x_pooled,0,0.9987927675247192,1,,,,
D3_10266,G_05616,en,E5x_pooled,0,0.999143123626709,1,,,,
D3_10267,G_05617,en,E5x_pooled,0,0.9991565942764282,1,,,,
D3_10268,G_05618,en,E5x_pooled,0,0.9991719722747803,1,,,,
D3_10349,G_05619,en,E5x_pooled,0,0.9990993738174438,1,,,,
D3_10350,G_05620,en,E5x_pooled,0,0.9991891980171204,1,,,,
D3_10351,G_05621,en,E5x_pooled,0,0.9990763664245605,1,,,,
D3_10352,G_05622,en,E5x_pooled,0,0.9992092251777649,1,,,,
D3_10353,G_05623,en,E5x_pooled,0,0.9992214441299438,1,,,,
D3_10354,G_05624,en,E5x_pooled,0,0.9991834759712219,1,,,,
D3_10355,G_02011,en,E5x_pooled,0,0.9990841150283813,1,,,,
D3_10356,G_03634,en,E5x_pooled,0,0.9991421699523926,1,,,,
D3_10357,G_02007,en,E5x_pooled,0,0.9990609288215637,1,,,,
D3_10358,G_03116,en,E5x_pooled,0,0.999133288860321,1,,,,
D3_10359,G_02020,en,E5x_pooled,0,0.9992177486419678,1,,,,
D3_10360,G_02021,en,E5x_pooled,0,0.9992141723632812,1,,,,
D3_10361,G_05631,en,E5x_pooled,0,0.9991071820259094,1,,,,
D3_10362,G_05632,en,E5x_pooled,0,0.9992056488990784,1,,,,
D3_10363,G_05633,en,E5x_pooled,0,0.999275267124176,1,,,,
D3_10364,G_05634,en,E5x_pooled,0,0.9993089437484741,1,,,,
D3_10365,G_05635,en,E5x_pooled,0,0.9992823004722595,1,,,,
D3_10366,G_05636,en,E5x_pooled,0,0.999195396900177,1,,,,
D3_10371,G_02020,en,E5x_pooled,0,0.9992489218711853,1,,,,
D3_10372,G_02021,en,E5x_pooled,0,0.9991948008537292,1,,,,
D3_10373,G_02011,en,E5x_pooled,0,0.9992362260818481,1,,,,
D3_10374,G_05640,en,E5x_pooled,0,0.9991037249565125,1,,,,
D3_10375,G_05641,en,E5x_pooled,0,0.9992192983627319,1,,,,
D3_10376,G_05642,en,E5x_pooled,0,0.9992719292640686,1,,,,
D3_10377,G_05643,en,E5x_pooled,0,0.9992384910583496,1,,,,
D3_10378,G_05644,en,E5x_pooled,0,0.9992031455039978,1,,,,
D3_10379,G_05645,en,E5x_pooled,0,0.9991204142570496,1,,,,
D3_10380,G_05646,en,E5x_pooled,0,0.9991170763969421,1,,,,
D3_10381,G_05647,en,E5x_pooled,0,0.9991461038589478,1,,,,
D3_10382,G_05648,en,E5x_pooled,0,0.9992450475692749,1,,,,
D3_10383,G_05649,en,E5x_pooled,0,0.9992222785949707,1,,,,
D3_10384,G_05650,en,E5x_pooled,0,0.9991187453269958,1,,,,
D3_10466,G_05651,en,E5x_pooled,0,0.9991356730461121,1,,,,
D3_10467,G_05652,en,E5x_pooled,0,0.9989296793937683,1,,,,
D3_10468,G_05653,en,E5x_pooled,0,0.9989025592803955,1,,,,
D3_10469,G_04962,en,E5x_pooled,0,0.9991409778594971,1,,,,
D3_10470,G_02129,en,E5x_pooled,0,0.998975396156311,1,,,,
D3_10471,G_05656,en,E5x_pooled,0,0.9990589022636414,1,,,,
D3_10472,G_02150,en,E5x_pooled,0,0.999160647392273,1,,,,
D3_10473,G_03685,en,E5x_pooled,0,0.999188244342804,1,,,,
D3_10474,G_04106,en,E5x_pooled,0,0.9991416931152344,1,,,,
D3_10475,G_05660,en,E5x_pooled,0,0.9992423057556152,1,,,,
D3_10476,G_05661,en,E5x_pooled,0,0.9992302656173706,1,,,,
D3_10477,G_05662,en,E5x_pooled,0,0.9991856217384338,1,,,,
D3_10478,G_05663,en,E5x_pooled,0,0.9992215633392334,1,,,,
D3_10479,G_05664,en,E5x_pooled,0,0.999107301235199,1,,,,
D3_10480,G_04106,en,E5x_pooled,0,0.9990410208702087,1,,,,
D3_10481,G_04962,en,E5x_pooled,0,0.9992388486862183,1,,,,
D3_10482,G_05667,en,E5x_pooled,0,0.9991532564163208,1,,,,
D3_10487,G_05668,en,E5x_pooled,0,0.9989781379699707,1,,,,
D3_10488,G_05669,en,E5x_pooled,0,0.9991718530654907,1,,,,
D3_10489,G_05670,en,E5x_pooled,0,0.9990481734275818,1,,,,
D3_10490,G_05671,en,E5x_pooled,0,0.999143123626709,1,,,,
D3_10491,G_03685,en,E5x_pooled,0,0.9988744854927063,1,,,,
D3_10492,G_05673,en,E5x_pooled,0,0.9991931319236755,1,,,,
D3_10493,G_05674,en,E5x_pooled,0,0.9991211295127869,1,,,,
D3_10494,G_05675,en,E5x_pooled,0,0.9989334940910339,1,,,,
D3_10495,G_05676,en,E5x_pooled,0,0.9990789890289307,1,,,,
D3_10496,G_05677,en,E5x_pooled,0,0.9987917542457581,1,,,,
D3_10497,G_05678,en,E5x_pooled,0,0.9991658926010132,1,,,,
D3_10498,G_05679,en,E5x_pooled,0,0.9990696310997009,1,,,,
D3_10580,G_05680,en,E5x_pooled,0,0.9989895224571228,1,,,,
D3_10581,G_05702,en,E5x_pooled,0,0.9991826415061951,1,,,,
D3_10582,G_05682,en,E5x_pooled,0,0.9992768168449402,1,,,,
D3_10583,G_05683,en,E5x_pooled,0,0.999208390712738,1,,,,
D3_10584,G_05684,en,E5x_pooled,0,0.9992850422859192,1,,,,
D3_10585,G_05685,en,E5x_pooled,0,0.9990531802177429,1,,,,
D3_10586,G_04635,en,E5x_pooled,0,0.9991768002510071,1,,,,
D3_10587,G_02235,en,E5x_pooled,0,0.9991621971130371,1,,,,
D3_10588,G_02243,en,E5x_pooled,0,0.9993201494216919,1,,,,
D3_10589,G_03178,en,E5x_pooled,0,0.999211311340332,1,,,,
D3_10590,G_04642,en,E5x_pooled,0,0.9992907047271729,1,,,,
D3_10591,G_02277,en,E5x_pooled,0,0.9992061257362366,1,,,,
D3_10592,G_05692,en,E5x_pooled,0,0.9987937211990356,1,,,,
D3_10593,G_05693,en,E5x_pooled,0,0.9992755055427551,1,,,,
D3_10594,G_05694,en,E5x_pooled,0,0.9992051720619202,1,,,,
D3_10595,G_05695,en,E5x_pooled,0,0.9992163181304932,1,,,,
D3_10596,G_05696,en,E5x_pooled,0,0.9992491602897644,1,,,,
D3_10597,G_05697,en,E5x_pooled,0,0.999239444732666,1,,,,
D3_10600,G_05698,en,E5x_pooled,0,0.9992396831512451,1,,,,
D3_10601,G_03178,en,E5x_pooled,0,0.9991658926010132,1,,,,
D3_10603,G_02277,en,E5x_pooled,0,0.9991853833198547,1,,,,
D3_10604,G_04635,en,E5x_pooled,0,0.9990791082382202,1,,,,
D3_10605,G_05702,en,E5x_pooled,0,0.9991925358772278,1,,,,
D3_10606,G_05703,en,E5x_pooled,0,0.9992039799690247,1,,,,
D3_10607,G_05704,en,E5x_pooled,0,0.9992388486862183,1,,,,
D3_10608,G_05705,en,E5x_pooled,0,0.9992772936820984,1,,,,
D3_10609,G_02277,en,E5x_pooled,0,0.9991245865821838,1,,,,
D3_10610,G_05707,en,E5x_pooled,0,0.9989854693412781,1,,,,
D3_10611,G_05702,en,E5x_pooled,0,0.9990686774253845,1,,,,
D3_10612,G_05709,en,E5x_pooled,0,0.9993016719818115,1,,,,
D3_10613,G_05710,en,E5x_pooled,0,0.999309778213501,1,,,,
D3_10614,G_05711,en,E5x_pooled,0,0.9992252588272095,1,,,,
D3_10615,G_05712,en,E5x_pooled,0,0.9992160797119141,1,,,,
D3_10696,G_05713,en,E5x_pooled,0,0.995793342590332,1,,,,
D3_10697,G_05714,en,E5x_pooled,0,0.9987205862998962,1,,,,
D3_10698,G_05715,en,E5x_pooled,0,0.9985747337341309,1,,,,
D3_10699,G_05716,en,E5x_pooled,0,0.9988295435905457,1,,,,
D3_10700,G_05717,en,E5x_pooled,0,0.9987847208976746,1,,,,
D3_10701,G_05718,en,E5x_pooled,0,0.9989122152328491,1,,,,
D3_10702,G_02356,en,E5x_pooled,0,0.9987775683403015,1,,,,
D3_10703,G_02372,en,E5x_pooled,0,0.9991668462753296,1,,,,
D3_10704,G_02353,en,E5x_pooled,0,0.9990938901901245,1,,,,
D3_10705,G_02364,en,E5x_pooled,0,0.999169111251831,1,,,,
D3_10706,G_03228,en,E5x_pooled,0,0.9990378618240356,1,,,,
D3_10707,G_02369,en,E5x_pooled,0,0.9991149306297302,1,,,,
D3_10708,G_05725,en,E5x_pooled,0,0.9990971088409424,1,,,,
D3_10709,G_05726,en,E5x_pooled,0,0.9989226460456848,1,,,,
D3_10710,G_05727,en,E5x_pooled,0,0.9992104768753052,1,,,,
D3_10711,G_02364,en,E5x_pooled,0,0.9992142915725708,1,,,,
D3_10712,G_05729,en,E5x_pooled,0,0.9992357492446899,1,,,,
D3_10713,G_05730,en,E5x_pooled,0,0.9992215633392334,1,,,,
D3_10714,G_05731,en,E5x_pooled,0,0.9992069602012634,1,,,,
D3_10715,G_05732,en,E5x_pooled,0,0.9991592168807983,1,,,,
D3_10719,G_02369,en,E5x_pooled,0,0.9992115497589111,1,,,,
D3_10720,G_05734,en,E5x_pooled,0,0.9988007545471191,1,,,,
D3_10721,G_05735,en,E5x_pooled,0,0.9988804459571838,1,,,,
D3_10722,G_02372,en,E5x_pooled,0,0.9988922476768494,1,,,,
D3_10723,G_05737,en,E5x_pooled,0,0.998986542224884,1,,,,
D3_10724,G_05738,en,E5x_pooled,0,0.9990988969802856,1,,,,
D3_10725,G_05739,en,E5x_pooled,0,0.9991680383682251,1,,,,
D3_10726,G_05740,en,E5x_pooled,0,0.9982587695121765,1,,,,
D3_10727,G_05741,en,E5x_pooled,0,0.9990567564964294,1,,,,
D3_10728,G_05742,en,E5x_pooled,0,0.9985289573669434,1,,,,
D3_10729,G_02364,en,E5x_pooled,0,0.9986671209335327,1,,,,
D3_10730,G_05744,en,E5x_pooled,0,0.9989938139915466,1,,,,
D3_10731,G_05745,en,E5x_pooled,0,0.9986457228660583,1,,,,
D3_10813,G_05746,en,E5x_pooled,0,0.9992412328720093,1,,,,
D3_10814,G_05747,en,E5x_pooled,0,0.999164342880249,1,,,,
D3_10815,G_05748,en,E5x_pooled,0,0.9989073276519775,1,,,,
D3_10816,G_05749,en,E5x_pooled,0,0.9991127848625183,1,,,,
D3_10817,G_05750,en,E5x_pooled,0,0.999139666557312,1,,,,
D3_10818,G_05751,en,E5x_pooled,0,0.9990226030349731,1,,,,
D3_10819,G_02235,en,E5x_pooled,0,0.9991759657859802,1,,,,
D3_10820,G_02243,en,E5x_pooled,0,0.9992596507072449,1,,,,
D3_10821,G_04639,en,E5x_pooled,0,0.9991679191589355,1,,,,
D3_10822,G_02468,en,E5x_pooled,0,0.9992546439170837,1,,,,
D3_10823,G_02277,en,E5x_pooled,0,0.9991803765296936,1,,,,
D3_10824,G_03183,en,E5x_pooled,0,0.9992035031318665,1,,,,
D3_10825,G_05758,en,E5x_pooled,0,0.999298095703125,1,,,,
D3_10826,G_05759,en,E5x_pooled,0,0.9992796778678894,1,,,,
D3_10827,G_05760,en,E5x_pooled,0,0.9990378618240356,1,,,,
D3_10828,G_05761,en,E5x_pooled,0,0.9992579817771912,1,,,,
D3_10829,G_05762,en,E5x_pooled,0,0.9992765784263611,1,,,,
D3_10830,G_05763,en,E5x_pooled,0,0.9992325305938721,1,,,,
D3_10833,G_02275,en,E5x_pooled,0,0.9991738200187683,1,,,,
D3_10834,G_02276,en,E5x_pooled,0,0.9991652965545654,1,,,,
D3_10836,G_02475,en,E5x_pooled,0,0.9991279244422913,1,,,,
D3_10837,G_05702,en,E5x_pooled,0,0.9992423057556152,1,,,,
D3_10838,G_05768,en,E5x_pooled,0,0.9992570281028748,1,,,,
D3_10839,G_04639,en,E5x_pooled,0,0.9991200566291809,1,,,,
D3_10840,G_05770,en,E5x_pooled,0,0.9990692734718323,1,,,,
D3_10841,G_05771,en,E5x_pooled,0,0.9991735816001892,1,,,,
D3_10842,G_03183,en,E5x_pooled,0,0.9989978671073914,1,,,,
D3_10843,G_05773,en,E5x_pooled,0,0.9991264939308167,1,,,,
D3_10844,G_05774,en,E5x_pooled,0,0.9991484880447388,1,,,,
D3_10845,G_05775,en,E5x_pooled,0,0.9990021586418152,1,,,,
D3_10846,G_05776,en,E5x_pooled,0,0.9991795420646667,1,,,,
D3_10847,G_05777,en,E5x_pooled,0,0.9991557598114014,1,,,,
D3_10848,G_05778,en,E5x_pooled,0,0.9990806579589844,1,,,,
D3_10929,G_05779,en,E5x_pooled,0,0.999152660369873,1,,,,
D3_10930,G_05780,en,E5x_pooled,0,0.9991450309753418,1,,,,
D3_10931,G_05781,en,E5x_pooled,0,0.9991453886032104,1,,,,
D3_10932,G_05782,en,E5x_pooled,0,0.9992119073867798,1,,,,
D3_10933,G_05783,en,E5x_pooled,0,0.9991432428359985,1,,,,
D3_10934,G_05784,en,E5x_pooled,0,0.999232292175293,1,,,,
D3_10935,G_03310,en,E5x_pooled,0,0.9990119934082031,1,,,,
D3_10936,G_02502,en,E5x_pooled,0,0.998889148235321,1,,,,
D3_10937,G_02500,en,E5x_pooled,0,0.998822033405304,1,,,,
D3_10938,G_02508,en,E5x_pooled,0,0.9991624355316162,1,,,,
D3_10939,G_03806,en,E5x_pooled,0,0.9991169571876526,1,,,,
D3_10940,G_02504,en,E5x_pooled,0,0.9991378784179688,1,,,,
D3_10941,G_05791,en,E5x_pooled,0,0.9992270469665527,1,,,,
D3_10942,G_05792,en,E5x_pooled,0,0.9991257786750793,1,,,,
D3_10943,G_02500,en,E5x_pooled,0,0.9990660548210144,1,,,,
D3_10944,G_05794,en,E5x_pooled,0,0.9992567896842957,1,,,,
D3_10945,G_05795,en,E5x_pooled,0,0.999193012714386,1,,,,
D3_10946,G_05796,en,E5x_pooled,0,0.9992005228996277,1,,,,
D3_10947,G_03321,en,E5x_pooled,0,0.9991880059242249,1,,,,
D3_10948,G_05798,en,E5x_pooled,0,0.9991494417190552,1,,,,
D3_10951,G_05084,en,E5x_pooled,0,0.9991944432258606,1,,,,
D3_10953,G_05800,en,E5x_pooled,0,0.9991083741188049,1,,,,
D3_10954,G_02502,en,E5x_pooled,0,0.9988365769386292,1,,,,
D3_10955,G_05802,en,E5x_pooled,0,0.9990070462226868,1,,,,
D3_10956,G_05803,en,E5x_pooled,0,0.9992759823799133,1,,,,
D3_10957,G_05804,en,E5x_pooled,0,0.9991770386695862,1,,,,
D3_10958,G_05805,en,E5x_pooled,0,0.9991549253463745,1,,,,
D3_10959,G_05806,en,E5x_pooled,0,0.9990056157112122,1,,,,
D3_10960,G_05807,en,E5x_pooled,0,0.9990825653076172,1,,,,
D3_10961,G_05808,en,E5x_pooled,0,0.9988813996315002,1,,,,
D3_10962,G_05809,en,E5x_pooled,0,0.9991850256919861,1,,,,
D3_10963,G_05810,en,E5x_pooled,0,0.9991204142570496,1,,,,
D3_10964,G_05811,en,E5x_pooled,0,0.9992156028747559,1,,,,
